8310 8288 8813 7903
8306 8339 8714 7874
8326 8348 8710 7785
8433 8369 8727 7734
8283 8266 8753 7933
8298 8403 8744 7845
8304 8240 8914 7821
8349 8155 8819 7945
8289 8329 8748 7903
8278 8215 8926 7898
8308 8241 8836 7948
8265 8229 8947 7780
8351 8327 8765 7883
8274 8344 8743 7868
8314 8354 8815 7730
8255 8186 8842 7919
8344 8261 8812 7684
8382 8275 8798 7752
8326 8280 8862 7762
8341 8305 8834 7725
8371 8380 8852 7675
8273 8275 8900 7773
8262 8181 8930 7870
8308 8242 8878 7859
8248 8242 8828 7919
8247 8270 8938 7826
8420 8377 8741 7753
8072 8322 8914 7829
8262 8280 8857 7877
8219 8297 8939 7784
8250 8256 8928 7785
8359 8415 8669 7890
8340 8309 8885 7660
8245 8539 8766 7660
8236 8341 8975 7776
8254 7977 8901 7983
8420 8387 8723 7727
8355 8293 8799 7705
8237 8260 8758 7975
8356 8257 8648 8027
8411 8331 8733 7845
8233 8274 8745 7998
8325 8186 8681 8012
8360 8324 8672 7930
8251 8307 8805 7901
8293 8271 8901 7676
8246 8342 8738 7943
8247 8192 8985 7770
8301 8247 8790 7908
8312 8346 8871 7812
8285 8139 8793 8004
8289 8295 8780 7891
8244 8202 8807 8022
8268 8388 8702 7895
8336 8375 8763 7759
8339 8390 8781 7724
8360 8243 8661 8004
8304 8336 8633 7983
8270 8408 8576 8007
8203 8421 8528 7963
8401 8358 8777 7737
8428 8339 8736 7706
8382 8436 8711 7748
8431 8308 8754 7726
8425 8259 8791 7724
8424 8364 8740 7726
8315 8322 8609 7974
8371 8247 8629 8001
8189 8423 8530 7982
8391 8250 8659 7983
8368 8276 8758 7917
8329 8344 8796 7704
8328 8113 8864 7931
8285 8247 8823 7901
8409 8280 8690 7852
8359 8331 8702 7854
8367 8194 8842 7849
8482 8176 8786 7867
8390 8251 8744 7862
8395 8169 8711 7936
8171 8433 8529 8000
8294 8155 8814 7975
8348 8199 8738 7958
8174 8312 8767 7877
8299 8107 8780 7972
8271 8423 8694 7918
8310 8378 8679 7890
8103 8431 8774 7917
8250 8328 8751 7920
8083 8366 8784 7845
8133 8369 8723 7861
8430 8176 8755 7876
8253 8246 8791 7911
8229 8235 8780 7982
8364 8333 8590 7849
8374 8466 8427 7926
8498 8335 8493 7877
8426 8321 8572 7822
8297 8304 8845 7862
8475 8357 8494 7870
8462 8315 8752 7705
8246 8308 8768 7876
8295 8362 8772 7851
8267 8332 8777 7830
8442 8275 8795 7614
8272 8411 8812 7736
8225 8463 8760 7669
8271 8524 8708 7658
8243 8458 8746 7696
8279 8469 8707 7667
8260 8440 8761 7677
8249 8445 8800 7653
8229 8457 8765 7666
8287 8380 8818 7693
8350 8337 8782 7678
8321 8330 8836 7698
8346 8329 8786 7684
8346 8253 8861 7672
8370 8287 8810 7722
8409 8269 8805 7668
8418 8315 8777 7724
8336 8326 8838 7709
8368 8246 8819 7679
8375 8198 8864 7674
8397 8233 8822 7827
8432 8259 8807 7604
8427 8232 8835 7669
8439 8211 8852 7599
8473 8282 8793 7593
8482 8322 8829 7583
8404 8260 8814 7599
8435 8331 8781 7614
8483 8335 8773 7610
8479 8287 8837 7560
8439 8252 8853 7559
8424 8296 8907 7592
8443 8241 8880 7561
8396 8332 8892 7583
8399 8250 8840 7594
8398 8195 8903 7627
8365 8243 8868 7636
8323 8227 8900 7631
8395 8275 8844 7614
8410 8278 8811 7637
8379 8271 8813 7658
8320 8260 8933 7668
8300 8289 8887 7672
8281 8263 8926 7764
8285 8314 8869 7813
8326 8315 8853 7751
8319 8272 8898 7685
8277 8322 8883 7827
8193 8387 8831 7729
8213 8380 8883 7700
8164 8375 8875 7703
8251 8369 8857 7722
8208 8320 8888 7777
8258 8250 8959 7766
8262 8289 8924 7782
8233 8356 8915 7764
8257 8243 8928 7775
8279 8215 8973 7811
8264 8267 8935 7723
8367 8382 8761 7738
8320 8349 8815 7752
8377 8309 8785 7691
8477 8305 8733 7679
8471 8320 8739 7713
8440 8249 8772 7698
8457 8263 8771 7742
8436 8304 8755 7677
8418 8267 8793 7667
8433 8305 8758 7698
8387 8308 8779 7745
8389 8306 8774 7738
8420 8313 8772 7717
8458 8328 8753 7732
8427 8257 8786 7717
8430 8292 8778 7740
8416 8348 8758 7711
8382 8372 8742 7712
8336 8311 8794 7723
8375 8422 8717 7712
8360 8432 8736 7738
8370 8397 8779 7703
8329 8374 8793 7714
8320 8299 8827 7829
8338 8310 8803 7711
8351 8204 8831 7737
8431 8214 8772 7838
8448 8270 8750 7766
8465 8250 8715 7822
8504 8228 8773 7772
8460 8246 8752 7830
8378 8146 8883 7852
8342 8233 8817 7857
8374 8191 8860 7738
8401 8242 8754 7873
8358 8202 8801 7846
8387 8253 8785 7841
8358 8266 8770 7882
8367 8239 8815 7743
8365 8246 8801 7759
8327 8269 8798 7770
8393 8263 8760 7859
8289 8258 8817 7880
8396 8217 8782 7861
8415 8181 8833 7791
8400 8143 8805 7823
8423 8104 8824 7846
8429 8126 8770 7903
8455 8167 8851 7804
8411 8267 8764 7809
8388 8236 8797 7863
8373 8172 8821 7894
8356 8179 8826 7893
8327 8195 8803 7867
8221 8284 8800 7957
8261 8222 8842 7888
8244 8252 8974 7911
8327 8220 8798 7931
8339 8307 8698 7912
8339 8338 8661 7951
8349 8158 8747 7954
8356 8193 8679 7991
8331 8270 8660 7964
8426 8204 8696 7915
8284 8199 8781 7970
8382 8275 8640 7954
8391 8209 8783 7904
8502 8081 8786 7818
8437 8294 8648 7897
8487 8216 8646 7784
8541 8266 8624 7803
8559 8206 8658 7766
8559 8187 8693 7829
8465 8186 8746 7786
8422 8274 8671 7785
8476 8209 8666 7774
8447 8275 8665 7771
8418 8276 8768 7799
8475 8216 8669 7884
8377 8211 8786 7910
8420 8065 8802 7922
8380 8093 8823 7857
8379 8093 8868 7899
8374 7996 8937 7915
8367 8055 8842 7972
8416 8232 8735 7847
8399 8217 8756 7840
8407 8178 8756 7856
8426 8091 8778 7880
8460 8162 8719 7874
8433 8197 8753 7901
8458 8218 8693 7886
8351 8257 8725 7958
8302 8108 8776 8014
8264 8292 8760 7974
8324 8308 8694 7930
8300 8297 8668 7967
8371 8269 8673 7920
8398 8301 8675 7919
8335 8290 8725 7901
8386 8263 8599 7974
8391 8254 8699 7906
8359 8240 8568 8009
8315 8281 8634 7973
8386 8272 8570 8008
8342 8313 8636 7972
8309 8374 8706 7897
8402 8113 8725 7936
8351 8258 8695 7951
8272 8427 8667 7911
8364 8162 8713 7957
8329 8225 8646 8028
8377 8185 8668 7952
8360 8232 8644 8007
8369 8159 8674 7938
8376 8103 8688 7938
8342 8265 8699 7935
8397 8095 8663 7953
8360 8179 8692 7968
8382 8078 8730 7940
8288 8332 8751 7883
8353 8229 8667 7968
8435 8119 8752 7932
8289 8336 8724 7876
8403 8232 8606 7984
8440 8098 8699 7912
8449 8293 8554 7973
8327 8266 8695 7953
8460 8238 8555 7963
8389 8058 8804 7943
8324 8225 8723 7959
8491 8245 8553 7942
8380 8018 8803 7980
8497 8230 8547 7908
8482 8240 8566 7934
8432 8237 8627 7918
8381 8175 8707 7906
8332 8383 8667 7891
8426 8252 8633 7952
8384 8210 8699 7929
8395 8181 8666 7937
8395 8245 8635 7973
8360 8467 8559 7844
8335 8091 8854 7992
8345 8192 8761 7938
8319 8526 8623 7770
8361 8233 8685 7940
8362 8231 8686 7944
8433 8510 8526 7768
8382 8227 8703 7917
8358 8245 8673 7967
8395 8197 8698 7936
8364 8230 8667 7933
8378 8483 8566 7801
8383 8268 8636 7931
8276 8489 8661 7832
8465 8232 8680 7874
8441 8194 8677 7889
8456 8219 8618 7896
8344 8007 8842 8009
8473 8208 8674 7860
8297 8026 8894 7985
8455 8271 8564 7858
8510 8256 8595 7847
8314 8599 8574 7632
8429 8221 8719 7903
8446 8251 8578 7869
8276 8592 8589 7660
8444 8238 8662 7897
8271 8559 8613 7678
8341 7973 8860 7931
8274 8594 8605 7701
8403 8223 8707 7903
8421 8260 8669 7913
8221 8585 8625 7720
8432 8185 8660 7932
8332 8056 8862 7969
8238 8592 8514 7702
8453 8227 8615 7946
8435 8261 8575 7933
8389 8265 8560 7941
8432 8288 8601 7903
8307 8050 8874 7954
8414 8669 8562 7671
8426 8322 8563 7904
8318 8030 8934 7913
8398 8256 8601 7942
8387 8279 8555 7944
8318 8570 8640 7602
8452 8272 8475 7934
8452 8231 8452 7971
8263 8616 8563 7601
8481 8228 8426 7954
8463 8191 8464 7944
8446 8202 8408 7980
8268 8631 8550 7677
8419 8212 8412 7998
8394 8201 8426 8018
8387 8166 8475 7985
8390 8201 8467 8008
8359 8194 8469 8029
8400 8228 8452 7985
8262 8528 8669 7736
8422 8253 8384 7992
8228 8529 8639 7720
8450 8219 8410 7977
8404 8158 8462 7988
8247 8570 8567 7718
8401 8158 8488 8009
8225 8546 8575 7723
8398 8123 8496 7986
8288 8118 8781 7984
8435 8134 8497 7974
8233 8048 8837 8007
8252 8544 8606 7794
8426 8075 8497 7978
8486 8080 8465 7996
8253 8047 8854 8046
8153 8472 8673 7767
8458 8050 8470 7975
8150 8431 8701 7773
8492 8121 8411 7969
8273 8465 8675 7781
8461 8114 8413 7990
8488 8146 8415 7989
8467 8104 8460 7975
8362 8512 8641 7794
8498 8111 8458 7954
8509 8105 8516 7884
8258 8423 8735 7801
8526 8199 8502 7903
8273 8113 8859 7961
8221 8424 8731 7806
8493 8068 8475 7909
8224 8352 8794 7807
8544 8224 8475 7900
8204 8359 8786 7770
8547 8187 8521 7846
8222 8396 8748 7780
8565 8177 8479 7858
8206 8358 8774 7755
8581 8238 8521 7797
8360 8009 8856 7970
8192 8352 8859 7811
8556 8317 8543 7836
8192 8360 8777 7761
8586 8239 8569 7769
8372 8044 8827 7946
8534 8254 8654 7776
8533 8276 8630 7784
8168 8383 8777 7753
8566 8150 8672 7766
8152 8358 8860 7724
8242 8344 8911 7686
8507 8125 8775 7819
8529 8196 8802 7764
8389 7980 8758 7985
8385 7941 8793 7969
8522 8361 8619 7767
8366 8037 8811 8008
8159 8405 8899 7687
8380 8072 8721 7996
8106 8388 8902 7636
8548 8248 8582 7741
8346 8073 8691 7980
8154 8456 8863 7668
8572 8269 8626 7710
8377 8080 8689 7959
8120 8457 8833 7652
8552 8223 8578 7721
8347 8048 8769 7987
8141 8499 8788 7666
8568 8230 8661 7694
8113 8433 8826 7704
8096 8436 8832 7687
8378 8197 8748 7931
8062 8365 8891 7693
8106 8412 8884 7767
8533 8233 8671 7717
8094 8379 8886 7750
8121 8411 8888 7749
8410 8050 8779 7958
8082 8348 8935 7748
8424 8075 8762 7956
8062 8360 8900 7761
8382 8013 8730 7968
8155 8296 8898 7830
8250 8239 8963 7873
8510 8126 8771 7861
8286 8250 8924 7844
8186 8303 8896 7809
8173 8236 8991 7795
8158 8353 8829 7795
8541 8263 8593 7826
8189 8360 8827 7774
8271 8101 8778 8035
8268 8037 8835 8020
8564 8253 8509 7788
8176 8306 8897 7782
8367 8023 8850 8006
8258 8051 8817 8038
8261 8051 8791 8017
8307 8112 8739 8006
8310 8071 8808 8006
8247 8204 8971 7850
8220 8260 8937 7853
8237 8058 8784 8026
8293 8114 8779 7983
8564 8259 8518 7784
8143 8320 8912 7777
8540 8243 8507 7846
8284 8148 8821 7958
8142 8316 8939 7784
8585 8263 8488 7729
8607 8287 8480 7724
8599 8261 8486 7710
8193 8148 8825 8053
8635 8240 8449 7719
8125 8353 8906 7777
8620 8213 8523 7755
8266 8169 8845 7961
8146 8395 8861 7791
8608 8255 8569 7714
8111 8346 8888 7790
8249 8142 8801 7978
8642 8262 8541 7672
8653 8228 8470 7646
8143 8357 8910 7678
8608 8191 8600 7678
8294 8257 8729 7941
8115 8352 8948 7656
8316 8293 8696 7917
8156 8315 8976 7632
8611 8255 8543 7693
8139 8251 9002 7626
8598 8261 8586 7682
8233 8219 8764 8074
8195 8262 8989 7829
8603 8265 8549 7674
8307 8306 8703 7952
8603 8201 8580 7638
8238 8255 8973 7636
8271 8267 8717 7952
8595 8226 8594 7659
8230 8209 8795 8001
8249 8200 8974 7626
8599 8265 8559 7675
8215 8219 8814 8027
8258 8266 8936 7612
8186 8222 8840 8044
8248 8346 8925 7637
8184 8148 8847 8012
8564 8272 8548 7719
8558 8333 8465 7717
8210 8221 8760 8014
8186 8380 8886 7610
8202 8153 8812 8061
8537 8314 8545 7711
8253 8350 8888 7629
8198 8162 8784 8082
8526 8281 8626 7722
8183 8172 8803 8108
8526 8310 8577 7714
8149 8101 8862 8114
8153 8140 8827 8130
8331 8343 8873 7682
8557 8317 8575 7693
8159 8125 8821 8096
8530 8337 8637 7712
8193 8196 8762 8090
8162 8189 8764 8111
8183 8183 8782 8088
8567 8304 8612 7711
8162 8141 8827 8074
8200 8092 8839 8053
8216 8240 8977 7754
8530 8273 8668 7676
8227 8124 8841 8052
8190 8068 8880 8071
8183 8124 8866 8071
8198 8114 8847 8045
8156 8092 8864 8072
8153 8092 8890 8093
8125 8056 8915 8101
8152 8088 8917 8100
8122 8047 8905 8157
8143 8089 8860 8171
8108 8040 8887 8170
8543 8194 8589 7786
8136 8101 8885 8112
8589 8255 8537 7775
8115 8059 8930 8098
8554 8206 8564 7774
8143 8125 8892 8060
8575 8248 8519 7788
8109 8126 8862 8044
8128 8237 8999 7638
8098 8149 8816 8046
8131 8272 8991 7661
8143 8189 8798 8056
8135 8250 8997 7647
8551 8168 8498 7865
8552 8172 8534 7855
8237 8319 8692 7969
8226 8307 8717 7981
8524 8239 8631 7812
8166 8315 8657 8001
8546 8264 8563 7819
8236 8279 8692 8019
8201 8361 8898 7673
8525 8116 8752 7835
8241 8297 8698 7955
8243 8313 8897 7642
8564 8128 8630 7793
8563 8202 8581 7810
8574 8196 8639 7740
8225 8229 8807 7973
8216 8284 8748 7994
8503 8205 8640 7785
8263 8336 8906 7611
8523 8191 8784 7765
8255 8291 8772 7915
8527 8241 8656 7767
8531 8219 8662 7753
8224 8284 8774 7936
8251 8252 8907 7900
8500 8203 8615 7830
8493 8259 8601 7830
8252 8251 8938 7725
8288 8265 8881 7747
8487 8199 8644 7795
8485 8201 8649 7802
8492 8195 8643 7801
8298 8206 8788 7957
8488 8209 8630 7824
8545 8215 8579 7803
8517 8209 8577 7866
8553 8220 8538 7837
8511 8155 8513 7892
8513 8153 8508 7885
8331 8220 8797 7936
8308 8178 8909 7823
8541 8189 8483 7877
8352 8168 8823 7903
8293 8188 8928 7849
8360 8129 8789 7913
8259 8117 8987 7855
8532 8184 8496 7869
8310 8126 8850 7897
8252 8165 8942 7860
8559 8248 8464 7881
8258 8150 8936 7826
8534 8236 8433 7911
8517 8239 8439 7894
8528 8177 8497 7866
8331 8239 8759 7927
8193 8134 8997 7860
8574 8238 8445 7855
8568 8253 8451 7889
8530 8238 8470 7874
8220 8216 8958 7929
8515 8248 8489 7900
8255 8224 8839 7897
8483 8281 8543 7867
8477 8291 8496 7882
8456 8249 8541 7868
8286 8324 8757 7904
8258 8288 8782 7912
8498 8271 8524 7841
8270 8272 8843 7863
8336 8211 8789 7886
8456 8319 8525 7872
8367 8218 8787 7865
8280 8262 8848 7836
8441 8329 8544 7898
8333 8147 8846 7871
8429 8296 8546 7881
8337 8195 8782 7921
8299 8131 8813 7949
8271 8238 8905 7861
8441 8358 8464 7854
8472 8365 8462 7833
8339 8217 8776 7953
8460 8406 8509 7789
8304 8127 8782 7970
8265 8272 8867 7862
8481 8388 8511 7792
8491 8354 8621 7788
8278 8142 8840 7972
8434 8337 8533 7802
8226 8142 8809 7981
8272 8203 8757 7970
8431 8353 8515 7815
8424 8388 8571 7761
8460 8416 8469 7780
8319 8248 8743 7971
8259 8227 8938 7824
8442 8450 8429 7767
8267 8248 8712 7980
8259 8236 8909 7858
8531 8429 8513 7640
8264 8248 8738 8001
8240 8223 8757 7988
8243 8264 8729 7982
8243 8223 8706 8019
8205 8272 8694 8040
8181 8155 8997 7895
8508 8396 8543 7621
8241 8283 8655 8011
8179 8157 9002 7902
8195 8222 8707 8022
8177 8126 9008 7866
8247 8222 8738 8013
8225 8201 8982 7899
8264 8283 8662 7990
8527 8435 8518 7634
8223 8260 8911 7832
8553 8402 8457 7635
8286 8264 8748 7938
8560 8346 8471 7635
8238 8314 8861 7842
8578 8341 8427 7577
8227 8337 8815 7844
8594 8325 8393 7564
8181 8276 8867 7855
8595 8351 8681 7503
8212 8283 8865 7834
8597 8400 8610 7555
8191 8291 8890 7819
8629 8390 8457 7478
8600 8435 8349 7481
8400 8273 8706 7879
8644 8519 8455 7479
8194 8276 8950 7831
8574 8419 8403 7500
8390 8338 8700 7833
8191 8276 8976 7852
8562 8483 8571 7563
8356 8267 8759 7839
8223 8271 8941 7819
8320 8256 8798 7868
8324 8295 8763 7884
8320 8309 8750 7907
8318 8238 8807 7904
8266 8285 8923 7823
8628 8362 8504 7468
8352 8309 8748 7898
8284 8280 8879 7765
8332 8259 8774 7822
8293 8246 8891 7743
8611 8334 8614 7458
8392 8264 8742 7840
8295 8244 8886 7736
8414 8288 8734 7835
8632 8347 8473 7434
8348 8298 8772 7851
8375 8376 8775 7719
8667 8300 8617 7460
8376 8304 8758 7851
8335 8339 8796 7726
8681 8315 8486 7434
8396 8319 8747 7827
8666 8313 8516 7447
8636 8264 8668 7489
8340 8373 8854 7696
8628 8317 8596 7508
8396 8191 8816 7832
8337 8363 8885 7623
8402 8245 8775 7761
8368 8434 8852 7638
8610 8292 8623 7511
8411 8190 8834 7740
8383 8424 8833 7612
8598 8403 8537 7500
8429 8227 8796 7750
8398 8449 8774 7619
8405 8393 8788 7619
8415 8247 8803 7737
8401 8345 8815 7552
8406 8302 8744 7758
8416 8399 8765 7562
8388 8265 8782 7748
8458 8343 8817 7580
8632 8302 8474 7480
8662 8266 8429 7534
8427 8279 8842 7576
8677 8264 8428 7630
8510 8167 8856 7774
8714 8263 8363 7502
8383 8236 8912 7543
8690 8206 8390 7523
8458 8214 8781 7731
8686 8220 8377 7546
8365 8261 8925 7568
8679 8186 8396 7736
8411 8142 8868 7775
8702 8189 8450 7727
8417 8307 8853 7537
8432 8297 8834 7511
8697 8261 8375 7711
8425 8345 8789 7516
8697 8190 8434 7642
8418 8310 8838 7483
8403 8320 8857 7509
8697 8265 8360 7552
8712 8255 8341 7526
8392 8236 8756 7873
8354 8299 8899 7551
8706 8270 8347 7560
8385 8370 8866 7566
8351 8299 8925 7572
8351 8363 8894 7608
8717 8145 8476 7673
8386 8239 8764 7897
8354 8363 8868 7587
8345 8397 8856 7609
8681 8191 8415 7586
8374 8331 8857 7612
8324 8204 8808 7894
8405 8338 8855 7591
8342 8241 8770 7904
8420 8328 8836 7565
8427 8272 8850 7565
8657 8140 8508 7655
8383 8348 8868 7588
8375 8137 8793 7878
8356 8316 8866 7589
8375 8201 8762 7914
8351 8165 8746 7932
8372 8296 8876 7601
8393 8187 8729 7905
8393 8225 8940 7577
8427 8258 8670 7899
8448 8187 8734 7875
8384 8280 8881 7598
8380 8294 8868 7621
8371 8136 8782 7913
8389 8260 8880 7599
8411 8173 8761 7906
8338 8190 8935 7609
8380 8102 8794 7891
8707 8192 8398 7673
8384 8141 8759 7907
8395 8160 8911 7604
8374 8231 8847 7628
8664 8237 8423 7702
8479 8119 8773 7882
8364 8189 8916 7634
8457 8128 8764 7872
8343 8195 8898 7657
8404 8080 8792 7864
8333 8118 8949 7619
8435 8087 8790 7843
8460 8097 8866 7774
8360 8150 8951 7618
8656 8203 8490 7799
8394 8221 8892 7612
8334 8216 8924 7594
8338 8255 8889 7610
8300 8195 8943 7596
8461 8145 8807 7791
8331 8216 8904 7635
8327 8177 8939 7619
8360 8176 8886 7696
8323 8120 8923 7632
8483 8135 8854 7775
8354 8191 8890 7647
8633 8269 8421 7814
8470 8157 8832 7778
8413 8139 8894 7808
8629 8171 8488 7800
8454 8190 8770 7779
8378 8082 8914 7816
8407 8150 8872 7663
8486 8156 8747 7785
8478 8117 8824 7781
8379 8212 8840 7686
8661 8179 8473 7671
8403 8186 8852 7735
8396 8242 8838 7735
8525 8157 8837 7748
8421 8181 8808 7677
8434 8112 8880 7633
8618 8154 8677 7737
8465 8183 8847 7648
8427 8168 8866 7633
8384 8162 8859 7645
8698 8150 8485 7711
8531 8093 8773 7762
8415 8169 8857 7624
8552 8138 8737 7698
8422 8113 8871 7624
8545 8103 8786 7665
8436 8077 8951 7781
8549 8151 8722 7715
8412 8113 8895 7782
8452 8101 8898 7662
8678 8108 8544 7708
8474 8046 8864 7638
8704 8169 8450 7614
8478 8010 8884 7566
8662 8173 8492 7580
8553 8073 8766 7815
8527 8032 8843 7685
8656 8222 8473 7616
8683 8160 8504 7737
8475 7975 8892 7543
8647 8218 8491 7579
8491 8091 8862 7750
8466 7977 8886 7549
8449 8064 8913 7781
8628 8265 8458 7822
8457 7924 8904 7519
8545 8069 8805 7695
8488 7995 8871 7534
8459 7955 8898 7555
8476 8019 8872 7561
8460 8020 8895 7735
8672 8242 8382 7736
8504 8072 8869 7478
8484 8104 8880 7453
8663 8262 8345 7695
8538 8118 8778 7736
8464 8039 8890 7381
8650 8286 8319 7636
8547 8184 8740 7722
8549 8073 8864 7454
8653 8286 8293 7615
8486 8033 8877 7407
8626 8364 8343 7651
8498 8032 8886 7416
8617 8316 8374 7689
8606 8237 8761 7533
8595 8340 8319 7731
8583 8181 8787 7417
8613 8020 8784 7445
8584 8340 8396 7699
8645 8160 8736 7461
8424 8096 8884 7789
8597 8316 8422 7758
8428 8135 8849 7805
8582 7949 8817 7430
8585 7984 8809 7453
8568 8382 8421 7755
8577 8381 8408 7686
8583 8144 8805 7448
8558 8411 8395 7680
8515 8107 8850 7730
8568 8105 8778 7459
8515 8171 8819 7766
8549 8034 8801 7799
8554 8424 8304 7650
8470 8100 8879 7749
8449 8171 8815 7773
8586 8172 8780 7447
8572 8449 8277 7647
8415 8100 8874 7779
8530 8433 8309 7642
8398 8111 8818 7815
8590 8057 8779 7468
8515 8480 8356 7713
8603 8100 8727 7727
8519 8429 8341 7645
8640 8151 8763 7412
8511 8485 8429 7724
8347 8075 8916 7837
8505 8502 8323 7643
8381 8146 8857 7831
8649 8162 8733 7427
8412 8153 8855 7810
8498 8420 8608 7665
8369 8092 8901 7734
8617 8210 8745 7456
8389 8157 8891 7806
8588 8326 8409 7676
8379 8090 8926 7774
8413 8161 8867 7768
8382 8090 8900 7753
8420 8105 8881 7768
8433 8042 8959 7758
8393 8007 8975 7757
8398 7970 8983 7760
8525 8432 8317 7666
8385 8000 8988 7741
8477 8437 8444 7790
8439 8053 8922 7716
8386 8048 8960 7727
8388 8046 8955 7720
8406 8083 8917 7730
8560 8224 8794 7406
8430 8531 8346 7740
8361 8018 8918 7806
8300 8033 8924 7812
8609 8208 8768 7325
8456 8443 8426 7813
8306 8052 8953 7794
8617 8246 8696 7454
8271 8003 8980 7793
8475 8449 8428 7790
8292 8045 8935 7807
8633 8199 8718 7417
8266 7966 8970 7837
8467 8622 8317 7719
8270 8005 8935 7853
8423 8638 8336 7817
8283 7981 8961 7912
8469 8496 8394 7799
8320 8037 8922 7893
8371 8491 8291 7966
8324 8015 8928 7879
8369 8488 8542 7802
8314 7991 8969 7897
8591 8272 8753 7532
8371 7961 8945 7892
8405 8032 8886 7886
8345 8027 8918 7868
8349 8066 8883 7884
8610 8276 8726 7549
8307 8050 8915 7879
8585 8308 8697 7557
8307 8114 8884 7915
8300 8119 8885 7924
8282 8146 8855 7923
8303 8090 8908 7911
8286 8121 8851 7903
8272 8083 8910 7932
8412 8528 8303 7827
8252 8114 8879 7945
8569 8171 8771 7484
8374 8508 8272 7857
8547 8118 8809 7421
8397 8512 8512 7791
8401 8613 8404 7810
8300 8055 8916 7888
8303 8119 8859 7903
8334 8126 8857 7882
8335 8052 8906 7865
8545 8318 8805 7439
8339 8091 8871 7881
8352 8061 8866 7900
8348 8022 8901 7884
8384 8033 8862 7855
8388 8072 8827 7871
8375 8014 8840 7988
8368 8005 8862 7930
8389 7994 8835 7907
8560 8228 8778 7386
8473 8482 8407 7776
8425 8040 8760 7932
8556 8345 8719 7480
8383 8018 8777 7959
8414 8025 8775 7938
8380 7954 8834 7944
8563 8318 8710 7514
8578 8356 8700 7384
8585 8313 8702 7341
8401 8523 8576 7744
8390 8004 8821 7962
8617 8320 8665 7411
8361 8076 8810 7921
8346 8086 8829 7947
8299 8024 8889 7978
8593 8361 8645 7539
8336 7952 8883 7991
8567 8387 8666 7494
8332 7966 8870 8014
8559 8348 8711 7479
8506 8324 8767 7516
8431 8376 8496 7801
8529 8325 8769 7359
8282 8035 8833 8014
8561 8402 8655 7369
8486 8484 8485 7759
8330 8095 8856 7993
8343 8087 8842 7974
8295 8027 8819 7995
8515 8467 8403 7703
8322 8059 8821 7994
8291 8052 8823 8015
8280 8075 8777 8017
8287 8019 8791 8017
8284 8019 8817 8038
8581 8307 8710 7567
8238 7958 8869 8049
8269 7965 8867 8028
8317 7957 8943 7978
8490 8341 8763 7352
8266 7964 8871 7986
8470 8430 8468 7771
8562 8383 8703 7502
8419 8446 8594 7777
8519 8302 8726 7592
8387 8449 8578 7779
8317 7893 8974 7942
8529 8316 8735 7501
8387 8513 8515 7799
8351 7964 8915 7936
8299 7904 8975 7944
8290 7959 8916 7965
8366 8397 8582 7838
8319 7893 8917 7968
8377 8430 8548 7835
8316 7893 8943 7989
8320 7879 8956 7966
8322 7897 8923 7948
8567 8228 8773 7304
8340 7861 8925 7924
8552 8238 8792 7330
8353 8409 8492 7919
8377 7917 8886 7905
8521 8167 8825 7315
8421 7882 8900 7916
8581 8172 8793 7333
8455 7918 8817 7897
8318 8452 8641 7914
8442 7876 8918 7893
8427 7932 8848 7883
8630 8157 8762 7305
8614 8212 8731 7317
8667 8214 8690 7392
8442 7924 8855 7930
8376 8361 8480 7864
8390 7924 8824 7939
8662 8210 8727 7400
8405 8479 8555 7812
8427 7980 8785 7920
8646 8120 8775 7293
8400 8430 8652 7821
8396 7973 8787 7941
8624 8130 8779 7278
8424 8034 8785 7883
8639 8102 8789 7297
8433 8477 8489 7799
8435 7959 8776 7902
8440 7976 8814 7887
8429 8051 8823 7868
8392 7995 8862 7887
8645 8086 8773 7333
8401 8061 8824 7873
8380 8069 8849 7858
8637 8094 8790 7339
8383 8110 8821 7852
8614 8089 8769 7446
8436 8096 8810 7827
8561 8023 8830 7418
8390 8035 8862 7838
8596 8166 8776 7401
8570 8098 8819 7436
8396 8072 8822 7847
8420 8108 8838 7829
8281 8541 8580 7777
8385 8059 8865 7828
8402 8064 8836 7834
8429 8096 8838 7833
8411 8573 8563 7762
8433 8074 8844 7819
8437 8113 8809 7835
8444 8057 8823 7835
8425 8559 8494 7700
8452 8054 8802 7852
8479 8086 8804 7851
8534 8044 8820 7825
8503 8058 8804 7814
8677 8200 8708 7374
8484 8056 8813 7821
8742 8099 8699 7413
8453 7985 8846 7806
8703 8165 8678 7298
8696 8147 8724 7289
8509 8024 8842 7813
8531 8048 8834 7808
8727 8203 8647 7390
8366 8600 8342 7830
8534 8048 8808 7787
8680 8157 8726 7438
8507 8012 8818 7826
8674 8112 8734 7267
8673 8173 8730 7291
8667 8126 8766 7317
8685 8037 8725 7286
8541 8037 8822 7782
8707 8140 8712 7442
8545 8076 8787 7798
8507 8061 8806 7783
8635 8129 8765 7282
8599 8086 8795 7290
8539 8137 8719 7753
8699 8126 8713 7282
8524 8147 8738 7779
8703 8179 8671 7436
8493 8140 8740 7800
8485 8148 8754 7814
8464 8106 8799 7800
8495 8113 8797 7779
8502 8057 8811 7779
8548 8118 8759 7768
8520 8082 8784 7776
8541 8124 8739 7790
8639 8168 8730 7298
8549 8116 8725 7776
8585 8127 8686 7747
8581 8088 8721 7731
8643 8141 8754 7313
8462 8457 8474 7765
8566 8098 8740 7757
8563 8063 8748 7734
8572 8029 8760 7712
8638 8091 8791 7266
8572 8093 8729 7748
8585 8104 8710 7788
8568 8107 8716 7771
8720 8158 8663 7420
8616 8111 8708 7767
8672 8130 8729 7309
8575 8057 8739 7734
8571 8071 8726 7757
8650 8026 8767 7289
8587 7983 8752 7763
8642 8021 8808 7255
8596 8049 8714 7749
8642 8085 8777 7291
8633 8055 8825 7323
8567 7918 8762 7691
8645 8056 8800 7278
8617 7921 8701 7707
8626 8024 8850 7220
8654 7977 8662 7688
8630 8063 8815 7236
8627 7954 8631 7723
8602 8057 8813 7299
8618 7988 8619 7745
8623 8099 8768 7313
8609 7962 8603 7798
8601 8076 8580 7813
8606 8023 8823 7324
8578 7955 8605 7819
8641 8014 8608 7795
8629 7940 8609 7736
8632 8083 8578 7792
8672 8066 8760 7273
8599 7997 8560 7833
8350 8417 8572 7826
8613 7980 8536 7837
8563 7852 8539 7853
8521 7956 8606 7876
8499 7935 8630 7915
8327 8418 8653 7892
8491 7940 8614 7880
8718 8213 8634 7308
8473 7920 8649 7921
8680 8198 8653 7293
8273 8381 8701 7897
8444 7986 8648 7918
8680 8262 8622 7329
8277 8420 8666 7913
8480 8003 8658 7914
8693 8238 8648 7388
8327 8376 8692 7924
8714 8230 8623 7403
8276 8415 8665 7940
8485 7955 8620 7914
8687 8207 8592 7438
8453 7968 8664 7910
8718 8214 8590 7417
8474 8010 8619 7924
8669 8181 8670 7512
8685 8159 8696 7473
8449 7982 8651 7933
8296 8305 8725 7909
8437 7949 8653 7916
8291 8379 8693 7937
8483 8010 8601 7905
8245 8344 8698 7925
8494 7955 8602 7895
8238 8400 8684 7925
8506 7988 8600 7912
8631 8149 8695 7476
8242 8439 8649 7941
8460 7927 8652 7923
8449 7932 8691 7899
8211 8432 8651 7962
8633 8184 8726 7433
8238 8464 8653 7961
8633 8229 8676 7466
8256 8428 8655 7937
8253 8428 8681 7958
8545 7963 8575 7874
8253 8364 8712 7922
8543 7981 8538 7883
8246 8360 8716 7876
8280 8431 8657 7870
8536 7946 8587 7850
8284 8417 8670 7847
8561 7930 8561 7838
8279 8476 8625 7801
8657 8217 8635 7415
8652 8213 8672 7423
8285 8527 8593 7754
8648 8174 8707 7407
8273 8586 8561 7808
8573 7883 8576 7836
8644 8190 8728 7428
8539 7812 8635 7842
8292 8565 8523 7791
8246 8504 8575 7802
8555 7939 8532 7847
8243 8504 8601 7823
8207 8502 8569 7834
8253 8563 8517 7823
8258 8504 8525 7874
8575 8059 8520 7888
8213 8513 8519 7854
8275 8501 8519 7891
8536 7947 8586 7830
8232 8542 8465 7844
8304 8478 8529 7873
8220 8480 8547 7871
8626 7898 8629 7800
8189 8473 8549 7892
8580 7837 8681 7811
8176 8503 8554 7873
8573 7893 8667 7811
8560 8201 8786 7517
8167 8505 8564 7875
8575 7891 8662 7804
8594 8164 8766 7433
8204 8509 8547 7887
8555 8101 8813 7432
8127 8565 8496 7834
8168 8545 8508 7879
8172 8531 8521 7856
8203 8538 8519 7835
8544 8099 8808 7515
8216 8508 8514 7854
8551 7984 8535 7842
8252 8519 8475 7825
8533 7964 8566 7865
8261 8523 8457 7862
8307 8584 8405 7851
8490 7949 8608 7897
8279 8523 8407 7909
8275 8537 8394 7932
8238 8491 8450 7965
8269 8492 8472 7937
8512 7974 8540 7904
8248 8450 8517 7923
8501 7997 8494 7906
8515 7997 8467 7908
8548 8027 8518 7889
8261 8455 8488 7911
8609 8087 8470 7860
8328 8472 8456 7890
8600 7936 8486 7856
8550 7933 8547 7840
8581 8004 8514 7855
8401 8448 8423 7949
8265 8433 8364 7970
8528 7999 8552 7866
8529 7925 8601 7849
8591 8283 8701 7539
8287 8422 8441 8048
8287 8458 8296 7977
8579 8034 8516 7868
8227 8433 8436 8030
8259 8494 8281 7968
8563 8026 8522 7871
8262 8494 8255 7947
8567 8016 8562 7837
8298 8505 8216 7918
8594 8033 8520 7850
8610 8341 8662 7477
8300 8504 8291 7908
8609 8023 8501 7824
8310 8475 8374 7937
8328 8468 8306 7917
8602 8073 8476 7824
8587 8083 8495 7850
8554 8300 8675 7571
8352 8517 8287 7887
8566 8041 8540 7836
8348 8469 8351 7837
8597 8048 8538 7815
8343 8514 8393 7898
8563 7977 8597 7821
8284 8483 8450 7890
8578 8292 8731 7348
8327 8540 8287 7861
8586 7948 8534 7838
8308 8535 8418 7858
8617 7966 8549 7814
8620 8288 8689 7382
8645 8053 8573 7811
8618 8214 8696 7350
8618 8278 8665 7386
8356 8548 8237 7845
8694 8093 8433 7744
8621 8279 8661 7428
8701 8019 8576 7813
8636 8269 8642 7402
8375 8511 8248 7832
8629 8317 8597 7407
8437 8473 8298 7911
8691 8084 8570 7767
8420 8372 8308 7947
8427 8413 8364 7889
8611 8169 8511 7807
8580 8162 8513 7828
8620 8156 8745 7493
8382 8389 8347 7955
8402 8368 8317 7938
8618 8188 8509 7784
8620 8254 8656 7581
8593 8145 8548 7793
8603 8198 8528 7810
8563 8205 8512 7809
8417 8323 8372 7969
8574 8238 8478 7806
8614 8267 8619 7491
8587 8208 8473 7825
8411 8373 8304 7946
8633 8205 8452 7778
8625 8282 8604 7485
8618 8215 8471 7804
8361 8326 8343 7980
8584 8144 8530 7810
8588 8183 8495 7826
8368 8400 8339 7973
8548 8133 8569 7839
8582 8204 8510 7833
8396 8336 8292 7965
8423 8368 8294 7964
8432 8313 8353 7943
8576 8166 8526 7811
8622 8227 8474 7800
8377 8307 8346 7975
8364 8337 8351 7956
8343 8331 8423 7978
8608 8135 8529 7767
8626 8324 8595 7432
8614 8074 8612 7769
8626 8388 8564 7468
8618 8113 8577 7785
8587 8042 8610 7770
8587 8106 8579 7806
8603 8325 8630 7546
8590 8151 8589 7794
8569 8109 8634 7780
8551 8273 8644 7637
8301 8379 8419 8063
8657 7972 8583 7739
8563 8222 8703 7597
8635 8118 8567 7765
8584 8264 8658 7611
8448 8398 8373 7854
8640 8093 8563 7693
8566 8227 8696 7601
8616 8230 8635 7617
8647 8037 8577 7693
8595 8188 8680 7603
8587 8196 8694 7617
8631 8079 8602 7749
8574 8193 8708 7592
8641 8103 8561 7731
8613 8215 8667 7510
8656 8128 8502 7738
8635 8246 8646 7501
8632 8236 8677 7428
8623 8231 8690 7420
8635 8223 8565 7733
8638 8256 8631 7427
8365 8390 8458 7866
8656 8231 8667 7483
8583 8157 8562 7774
8691 8261 8593 7416
8629 8218 8510 7763
8655 8254 8647 7476
8361 8373 8474 7897
8614 8164 8560 7753
8368 8408 8425 7930
8636 8149 8614 7716
8352 8391 8447 7925
8601 8152 8624 7739
8648 8160 8710 7440
8579 8167 8570 7776
8372 8383 8475 7867
8596 8156 8626 7740
8617 8146 8776 7420
8360 8364 8478 7880
8630 8227 8567 7734
8357 8364 8504 7901
8631 8153 8616 7717
8316 8353 8531 7938
8624 8201 8571 7722
8586 8186 8590 7707
8572 8081 8771 7460
8364 8354 8493 7909
8586 8250 8559 7743
8553 8124 8769 7529
8385 8396 8448 7923
8593 8269 8602 7671
8534 8086 8800 7531
8552 8123 8762 7541
8334 8365 8411 8000
8307 8373 8403 7976
8525 8308 8651 7652
8296 8396 8357 7978
8525 8244 8682 7616
8307 8373 8328 8047
8563 8259 8663 7631
8296 8314 8458 8032
8532 8188 8696 7616
8258 8378 8356 8099
8532 8252 8665 7652
8539 8075 8812 7442
8281 8324 8477 8058
8526 8304 8689 7602
8295 8316 8426 8107
8520 8229 8734 7577
8585 8014 8789 7512
8257 8346 8394 8105
8515 8298 8712 7659
8554 7943 8822 7497
8561 8000 8809 7497
8305 8248 8391 8091
8547 8063 8777 7533
8510 8357 8667 7613
8526 8240 8720 7566
8549 8039 8802 7471
8559 8089 8789 7489
8502 8313 8670 7628
8487 8288 8729 7621
8478 8343 8670 7642
8541 8135 8796 7492
8464 8349 8667 7671
8459 8398 8633 7668
8552 8137 8807 7469
8543 8454 8625 7573
8534 8100 8845 7459
8446 8499 8605 7616
8432 8573 8576 7615
8446 8488 8558 7676
8540 8128 8805 7475
8515 8520 8560 7550
8546 8041 8846 7457
8542 8055 8833 7480
8524 8018 8871 7470
8411 8509 8594 7726
8528 8057 8836 7486
8535 8001 8850 7486
8465 8524 8547 7682
8581 8035 8816 7495
8466 8528 8520 7675
8599 7973 8787 7454
8329 8224 8404 8061
8592 8029 8773 7454
8607 8061 8757 7486
8628 8050 8730 7463
8431 8498 8577 7702
8597 8011 8770 7468
8569 8002 8818 7478
8550 7964 8849 7480
8265 8351 8353 8139
8447 8469 8601 7630
8284 8287 8317 8194
8596 8025 8797 7469
8294 8092 8312 8113
8578 7991 8775 7528
8312 8259 8292 8089
8580 7989 8770 7521
8495 8479 8572 7648
8614 8060 8711 7515
8625 8054 8769 7445
8627 8145 8721 7466
8258 8066 8375 8125
8498 8493 8649 7500
8640 8060 8718 7484
8265 8010 8389 8125
8464 8563 8592 7568
8654 8088 8729 7458
8257 8005 8430 8091
8252 8174 8450 8075
8310 8084 8496 8035
8641 8137 8699 7511
8700 8149 8677 7447
8321 8185 8481 8057
8523 8486 8543 7612
8307 8247 8453 8041
8624 8140 8705 7494
8647 8135 8744 7424
8669 8143 8701 7448
8335 8214 8451 8046
8489 8430 8609 7646
8677 8148 8660 7482
8547 8480 8636 7530
8645 8182 8683 7476
8658 8127 8694 7474
8485 8420 8613 7609
8665 8193 8646 7452
8704 8188 8642 7463
8679 8217 8571 7501
8353 8308 8401 8030
8673 8156 8666 7492
8474 8400 8517 7751
8615 8184 8688 7487
8622 8160 8726 7489
8618 8227 8679 7478
8352 8192 8479 8036
8359 8136 8493 8036
8631 8197 8674 7497
8380 8178 8448 8050
8651 8183 8680 7474
8363 8136 8451 8024
8397 8207 8392 8018
8365 8512 8615 7773
8670 8244 8628 7450
8366 8200 8394 8039
8688 8281 8590 7460
8412 8261 8342 8028
8668 8205 8584 7469
8391 8219 8387 8014
8709 8249 8547 7479
8422 8226 8385 7993
8724 8184 8534 7465
8439 8223 8379 8010
8678 8123 8586 7476
8460 8265 8334 8024
8699 8165 8541 7490
8426 8266 8304 8008
8709 8158 8574 7501
8409 8269 8310 7991
8678 8087 8607 7486
8388 8275 8292 8014
8412 8311 8308 7996
8724 8148 8555 7475
8372 8295 8282 8002
8728 8187 8520 7491
8389 8442 8294 7987
8315 8286 8376 8045
8435 8447 8604 7754
8713 8224 8543 7459
8449 8418 8624 7659
8451 8474 8570 7665
8682 8217 8545 7480
8438 8492 8545 7683
8724 8239 8528 7453
8759 8296 8508 7445
8485 8463 8626 7604
8711 8228 8547 7413
8696 8238 8566 7439
8447 8405 8632 7594
8336 8255 8389 8070
8701 8203 8580 7438
8451 8349 8672 7615
8455 8388 8637 7631
8429 8396 8654 7720
8414 8412 8640 7675
8728 8163 8622 7454
8467 8413 8610 7686
8480 8425 8622 7638
8682 8094 8731 7395
8449 8359 8686 7697
8277 8297 8556 8071
8419 8318 8674 7754
8306 8292 8506 8050
8415 8332 8661 7777
8332 8215 8482 8033
8428 8302 8656 7796
8360 8224 8434 8023
8372 8286 8352 7996
8347 8318 8323 8004
8316 8311 8325 8025
8478 8386 8591 7767
8337 8353 8280 8039
8704 8105 8720 7419
8336 8363 8262 8020
8669 8108 8730 7442
8310 8373 8302 8026
8411 8332 8550 7789
8443 8428 8528 7775
8669 8117 8701 7476
8293 8357 8355 8076
8452 8400 8548 7774
8638 8110 8703 7497
8642 8149 8668 7513
8472 8420 8553 7768
8469 8355 8513 7775
8310 8306 8302 8066
8634 8207 8675 7488
8496 8378 8492 7766
8630 8168 8710 7472
8279 8346 8272 8148
8621 8223 8651 7493
8297 8300 8263 8142
8471 8410 8463 7774
8318 8261 8228 8069
8456 8420 8482 7800
8614 8267 8655 7485
8329 8186 8219 8088
8422 8349 8541 7806
8426 8388 8506 7822
8441 8378 8487 7796
8435 8393 8493 7830
8315 8187 8355 8090
8608 8269 8747 7549
8306 8242 8296 8111
8592 8252 8711 7557
8484 8391 8556 7751
8550 8236 8743 7552
8311 8324 8290 8115
8298 8375 8218 8138
8269 8370 8220 8068
8471 8429 8494 7764
8570 8270 8755 7509
8271 8311 8291 8135
8462 8424 8507 7756
8495 8330 8709 7586
8252 8314 8270 8149
8477 8414 8488 7730
8482 8354 8683 7527
8489 8427 8687 7514
8585 8387 8631 7569
8438 8475 8540 7767
8272 8261 8337 8114
8453 8452 8487 7757
8257 8271 8356 8140
8208 8343 8425 8126
8533 8451 8586 7577
8241 8339 8358 8118
8490 8435 8560 7724
8542 8425 8499 7608
8252 8365 8461 8056
8563 8439 8453 7517
8245 8413 8416 8061
8423 8421 8590 7757
8241 8374 8451 8045
8306 8310 8484 8037
8405 8486 8556 7779
8235 8311 8458 8089
8239 8350 8423 8105
8351 8451 8564 7802
8230 8289 8525 8094
8504 8408 8656 7562
8421 8491 8565 7769
8486 8392 8695 7491
8195 8373 8430 8107
8382 8458 8562 7781
8203 8365 8416 8093
8234 8372 8414 8072
8544 8445 8644 7507
8195 8422 8465 8058
8438 8447 8578 7733
8192 8440 8425 8074
8198 8450 8439 8069
8502 8444 8588 7598
8223 8394 8471 8014
8226 8429 8463 8037
8516 8440 8557 7610
8195 8404 8535 8041
8498 8459 8576 7633
8522 8437 8464 7621
8231 8433 8426 8029
8202 8436 8452 8046
8436 8377 8566 7780
8209 8395 8440 8059
8542 8468 8541 7580
8255 8456 8388 8048
8430 8318 8630 7735
8239 8511 8375 8047
8464 8389 8571 7729
8537 8464 8578 7588
8252 8464 8356 8011
8481 8386 8565 7746
8265 8434 8351 8030
8208 8440 8408 8032
8440 8423 8537 7770
8516 8422 8623 7574
8236 8446 8410 7969
8436 8481 8546 7743
8221 8456 8429 7995
8548 8394 8619 7529
8189 8469 8473 7991
8552 8433 8584 7545
8179 8504 8430 8026
8518 8362 8643 7551
8158 8462 8475 8012
8396 8519 8613 7752
8521 8397 8635 7574
8517 8358 8670 7558
8198 8468 8491 7981
8551 8429 8611 7552
8221 8491 8461 7960
8183 8427 8492 7988
8170 8457 8497 7969
8180 8507 8484 7987
8362 8448 8672 7758
8163 8529 8463 7912
8366 8487 8637 7774
8586 8409 8600 7544
8138 8510 8470 7937
8335 8416 8670 7759
8117 8518 8495 7922
8335 8480 8639 7795
8146 8515 8469 7905
8331 8441 8674 7779
8227 8497 8527 7895
8113 8524 8476 7914
8367 8452 8635 7750
8570 8333 8681 7559
8124 8555 8480 7900
8371 8491 8600 7766
8569 8364 8635 7563
8378 8435 8614 7766
8557 8298 8699 7598
8258 8548 8418 7910
8409 8442 8612 7745
8297 8503 8451 7885
8405 8403 8647 7729
8509 8230 8738 7566
8439 8474 8588 7723
8540 8301 8705 7581
8277 8555 8416 7833
8408 8403 8621 7708
8536 8262 8740 7565
8304 8498 8493 7874
8408 8467 8590 7744
8267 8505 8429 7815
8585 8323 8662 7533
8433 8435 8619 7736
8313 8482 8475 7916
8469 8454 8576 7712
8539 8326 8683 7580
8460 8375 8634 7657
8534 8385 8638 7534
8312 8493 8432 7859
8510 8378 8573 7673
8543 8351 8650 7512
8564 8280 8714 7488
8528 8378 8523 7720
8524 8339 8558 7704
8319 8480 8419 7848
8589 8412 8598 7501
8346 8512 8421 7847
8582 8377 8647 7468
8315 8494 8406 7871
8483 8300 8658 7733
8567 8323 8697 7458
8279 8483 8445 7900
8462 8371 8594 7757
8325 8544 8393 7889
8473 8365 8652 7687
8464 8420 8593 7708
8563 8387 8676 7495
8436 8384 8618 7716
8317 8468 8488 7893
8482 8445 8566 7705
8532 8351 8727 7524
8522 8274 8778 7486
8442 8367 8599 7692
8473 8438 8566 7707
8553 8310 8727 7457
8439 8367 8625 7713
8572 8325 8729 7454
8248 8489 8502 7910
8424 8377 8644 7739
8561 8334 8719 7443
8435 8383 8635 7718
8562 8270 8770 7444
8230 8487 8420 7968
8574 8326 8705 7424
8261 8494 8418 7947
8594 8294 8694 7449
8274 8464 8413 7966
8573 8302 8719 7434
8466 8419 8584 7689
8566 8358 8705 7434
8253 8481 8431 7939
8466 8483 8553 7725
8517 8297 8783 7466
8416 8480 8614 7709
8498 8282 8781 7469
8204 8420 8509 7971
8552 8353 8756 7472
8365 8449 8577 7786
8155 8452 8496 7971
8189 8523 8437 7965
8342 8461 8643 7828
8528 8329 8749 7475
8200 8517 8495 7895
8218 8554 8457 7905
8406 8483 8528 7805
8197 8512 8502 7891
8424 8411 8527 7813
8550 8237 8772 7427
8177 8477 8545 7888
8546 8251 8759 7450
8223 8538 8493 7877
8219 8499 8528 7861
8359 8418 8607 7823
8495 8260 8787 7467
8174 8468 8535 7944
8170 8482 8522 7967
8177 8426 8536 7967
8521 8282 8789 7457
8216 8493 8464 7978
8391 8438 8572 7810
8539 8315 8744 7540
8227 8438 8465 7968
8511 8214 8780 7510
8220 8494 8451 7968
8542 8285 8747 7525
8174 8433 8503 7979
8488 8209 8786 7492
8357 8360 8676 7797
8350 8416 8662 7797
8521 8291 8729 7548
8321 8419 8688 7814
8514 8347 8715 7548
8143 8377 8587 7998
8334 8435 8649 7814
8515 8351 8688 7541
8295 8433 8643 7846
8536 8280 8752 7517
8303 8459 8637 7860
8146 8425 8530 7993
8329 8444 8579 7858
8496 8245 8768 7516
8218 8408 8545 8016
8328 8435 8584 7839
8492 8206 8803 7500
8149 8421 8516 8010
8373 8500 8583 7763
8491 8280 8754 7517
8384 8439 8595 7806
8484 8245 8803 7484
8193 8421 8491 7991
8366 8444 8609 7779
8515 8316 8770 7499
8219 8415 8504 8015
8361 8417 8659 7772
8512 8281 8778 7476
8186 8427 8471 8015
8389 8478 8657 7714
8516 8320 8743 7492
8415 8401 8633 7697
8485 8299 8782 7453
8411 8415 8620 7720
8464 8370 8718 7477
8173 8435 8485 8034
8436 8434 8613 7695
8481 8367 8712 7494
8431 8407 8648 7662
8518 8423 8673 7475
8204 8471 8434 8005
8435 8393 8661 7639
8468 8467 8668 7579
8427 8388 8702 7605
8423 8402 8689 7628
8412 8407 8728 7604
8403 8462 8669 7625
8179 8347 8584 7982
8425 8457 8650 7602
8210 8418 8551 7997
8421 8451 8668 7623
8177 8349 8589 7989
8393 8415 8693 7631
8223 8410 8537 7978
8405 8434 8690 7618
8409 8420 8703 7595
8231 8415 8496 8012
8185 8354 8548 8023
8431 8397 8719 7581
8182 8354 8574 8044
8437 8396 8701 7564
8211 8288 8575 8047
8232 8330 8530 8061
8467 8408 8680 7552
8462 8392 8688 7557
8256 8255 8601 8057
8460 8394 8693 7564
8236 8287 8612 8032
8229 8343 8598 8032
8240 8268 8589 8051
8268 8329 8587 7993
8496 8408 8627 7594
8276 8355 8581 8007
8489 8464 8613 7594
8271 8389 8512 7959
8461 8403 8615 7652
8279 8379 8506 7978
8276 8379 8532 7999
8509 8384 8567 7652
8234 8314 8507 8054
8530 8426 8522 7666
8258 8350 8523 8036
8496 8427 8492 7650
8511 8492 8525 7606
8219 8312 8479 8096
8469 8560 8492 7590
8179 8296 8453 8102
8527 8558 8502 7558
8166 8326 8458 8083
8216 8352 8414 8083
8237 8386 8381 8084
8258 8428 8336 8098
8189 8409 8310 8117
8496 8516 8396 7573
8192 8450 8282 8111
8505 8534 8510 7563
8155 8394 8321 8130
8528 8511 8361 7540
8183 8455 8319 8072
8249 8423 8349 8090
8513 8552 8528 7431
8270 8441 8307 8045
8511 8621 8309 7425
8242 8380 8309 8103
8475 8599 8344 7456
8475 8623 8295 7448
8468 8588 8559 7500
8465 8599 8506 7606
8212 8367 8388 8109
8427 8697 8478 7540
8228 8381 8394 8076
8256 8447 8356 8038
8456 8665 8341 7649
8282 8432 8298 8036
8322 8443 8328 7994
8448 8642 8379 7480
8325 8430 8343 7977
8450 8628 8520 7589
8467 8616 8379 7442
8473 8623 8551 7441
8473 8665 8342 7444
8349 8466 8359 7959
8314 8477 8285 7967
8437 8607 8395 7738
8436 8593 8594 7533
8350 8449 8336 7952
8371 8441 8311 7967
8349 8426 8268 7993
8361 8715 8339 7461
8386 8482 8229 7974
8407 8471 8202 7951
8398 8505 8190 7973
8396 8474 8196 7937
8381 8484 8215 7963
8396 8455 8240 7970
8387 8450 8253 7962
8402 8440 8234 7936
8407 8432 8286 7968
8443 8412 8381 7913
8458 8402 8362 7887
8416 8380 8379 7914
8462 8441 8327 7903
8447 8378 8431 7889
8402 8380 8406 7912
8401 8414 8457 7889
8420 8346 8429 7890
8451 8364 8444 7866
8438 8394 8449 7847
8404 8395 8419 7831
8425 8437 8374 7845
8383 8453 8330 7868
8428 8460 8301 7849
8378 8457 8362 7833
8475 8532 8573 7500
8471 8546 8560 7523
8423 8522 8361 7757
8443 8537 8608 7533
8405 8586 8596 7554
8372 8570 8292 7837
8382 8562 8590 7648
8369 8615 8573 7546
8434 8634 8549 7623
8425 8629 8562 7615
8418 8692 8491 7532
8376 8676 8523 7527
8405 8596 8268 7828
8355 8747 8459 7551
8315 8710 8480 7558
8319 8749 8445 7574
8339 8575 8387 7838
8274 8678 8505 7557
8312 8693 8486 7572
8270 8684 8461 7585
8332 8529 8401 7836
8327 8722 8455 7572
8367 8681 8504 7635
8315 8648 8511 7681
8377 8577 8388 7828
8401 8603 8572 7620
8402 8596 8381 7803
8331 8540 8635 7621
8420 8591 8337 7745
8283 8592 8576 7653
8280 8582 8607 7580
8311 8653 8574 7595
8452 8597 8376 7712
8311 8589 8605 7559
8315 8628 8570 7575
8442 8547 8389 7694
8442 8611 8358 7730
8272 8612 8570 7602
8406 8600 8397 7759
8393 8624 8371 7700
8268 8602 8587 7565
8359 8625 8341 7684
8369 8592 8595 7629
8399 8683 8413 7655
8335 8562 8648 7497
8369 8633 8589 7491
8309 8628 8621 7473
8313 8667 8586 7489
8386 8604 8634 7493
8378 8706 8301 7612
8282 8660 8588 7510
8391 8682 8327 7671
8278 8621 8623 7494
8422 8689 8325 7650
8309 8692 8590 7509
8429 8633 8339 7650
8307 8618 8597 7477
8461 8605 8335 7605
8446 8615 8354 7631
8365 8710 8517 7491
8449 8543 8417 7632
8453 8582 8382 7648
8417 8571 8421 7677
8329 8656 8578 7415
8408 8605 8409 7699
8409 8574 8462 7690
8438 8645 8543 7602
8435 8671 8524 7407
8345 8651 8564 7406
8348 8686 8556 7429
8330 8649 8594 7419
8385 8681 8454 7682
8428 8656 8525 7431
8349 8636 8452 7689
8470 8582 8579 7447
8297 8576 8512 7697
8506 8593 8540 7418
8339 8620 8506 7693
8517 8538 8541 7408
8334 8642 8468 7703
8573 8613 8449 7422
8294 8634 8471 7689
8523 8610 8510 7406
8508 8620 8529 7432
8508 8560 8569 7407
8505 8619 8533 7390
8477 8553 8571 7428
8308 8584 8498 7707
8529 8489 8633 7383
8279 8650 8497 7704
8509 8501 8598 7396
8288 8616 8509 7682
8565 8520 8555 7484
8480 8508 8591 7434
8467 8538 8596 7415
8401 8594 8615 7467
8333 8673 8484 7678
8355 8523 8651 7496
8317 8465 8675 7462
8348 8536 8642 7477
8348 8472 8673 7441
8351 8537 8638 7519
8337 8560 8674 7504
8348 8579 8637 7496
8381 8606 8580 7480
8334 8679 8461 7647
8355 8533 8667 7478
8396 8626 8455 7672
8355 8597 8636 7514
8427 8633 8453 7651
8433 8601 8534 7672
8341 8599 8639 7520
8306 8542 8659 7528
8374 8533 8566 7667
8337 8613 8626 7543
8434 8538 8534 7685
8352 8603 8607 7517
8370 8640 8569 7527
8366 8601 8604 7511
8351 8611 8623 7537
8333 8574 8661 7527
8416 8621 8548 7631
8393 8579 8629 7545
8415 8682 8466 7606
8390 8544 8637 7522
8362 8547 8633 7600
8283 8620 8591 7535
8451 8596 8490 7614
8466 8560 8518 7611
8416 8557 8579 7595
8413 8569 8588 7627
8406 8534 8637 7594
8387 8506 8638 7623
8411 8544 8594 7598
8424 8514 8589 7617
8461 8570 8550 7598
8388 8573 8601 7634
8410 8609 8568 7610
8407 8574 8576 7587
8436 8571 8550 7570
8421 8581 8569 7596
8418 8513 8636 7602
8391 8549 8593 7618
8349 8533 8625 7613
8387 8548 8606 7628
8398 8493 8607 7618
8385 8523 8612 7599
8374 8490 8646 7602
8313 8505 8652 7608
8322 8450 8711 7587
8356 8521 8652 7581
8325 8514 8654 7602
8327 8501 8670 7605
8358 8508 8668 7584
8331 8476 8666 7585
8369 8491 8647 7600
8365 8452 8682 7584
8465 8431 8577 7617
8451 8487 8557 7588
8455 8526 8522 7604
8462 8565 8582 7568
8488 8488 8558 7551
8525 8483 8576 7491
8566 8446 8604 7467
8618 8506 8544 7459
8584 8435 8603 7465
8575 8490 8544 7486
8578 8490 8518 7465
8569 8524 8506 7487
8598 8458 8507 7490
8629 8467 8499 7426
8623 8528 8416 7424
8644 8457 8480 7400
8634 8407 8493 7382
8634 8471 8462 7418
8649 8461 8443 7392
8628 8532 8379 7416
8592 8521 8418 7445
8563 8587 8417 7442
8528 8530 8437 7450
8568 8567 8416 7443
8561 8532 8465 7410
8546 8542 8484 7436
8550 8528 8497 7413
8571 8457 8561 7389
8602 8528 8528 7404
8602 8464 8559 7368
8581 8535 8495 7392
8577 8487 8559 7342
8580 8522 8551 7365
8559 8480 8596 7351
8546 8504 8570 7292
8552 8489 8564 7258
8550 8491 8569 7265
8567 8488 8563 7282
8613 8549 8511 7271
8579 8550 8481 7255
8600 8592 8436 7269
8563 8536 8475 7288
8556 8592 8461 7288
8525 8585 8463 7309
8562 8641 8424 7290
8512 8633 8436 7331
8525 8609 8462 7390
8556 8616 8460 7369
8522 8545 8519 7375
8516 8560 8525 7409
8519 8488 8588 7410
8310 8288 8813 7903
8306 8339 8714 7874
8326 8348 8710 7785
8433 8369 8727 7734
8283 8266 8753 7933
8298 8403 8744 7845
8304 8240 8914 7821
8349 8155 8819 7945
8289 8329 8748 7903
8278 8215 8926 7898
8308 8241 8836 7948
8265 8229 8947 7780
8351 8327 8765 7883
8274 8344 8743 7868
8314 8354 8815 7730
8255 8186 8842 7919
8344 8261 8812 7684
8382 8275 8798 7752
8326 8280 8862 7762
8341 8305 8834 7725
8371 8380 8852 7675
8273 8275 8900 7773
8262 8181 8930 7870
8308 8242 8878 7859
8248 8242 8828 7919
8247 8270 8938 7826
8420 8377 8741 7753
8072 8322 8914 7829
8262 8280 8857 7877
8219 8297 8939 7784
8250 8256 8928 7785
8359 8415 8669 7890
8340 8309 8885 7660
8245 8539 8766 7660
8236 8341 8975 7776
8254 7977 8901 7983
8420 8387 8723 7727
8355 8293 8799 7705
8237 8260 8758 7975
8356 8257 8648 8027
8411 8331 8733 7845
8233 8274 8745 7998
8325 8186 8681 8012
8360 8324 8672 7930
8251 8307 8805 7901
8293 8271 8901 7676
8246 8342 8738 7943
8247 8192 8985 7770
8301 8247 8790 7908
8312 8346 8871 7812
8285 8139 8793 8004
8289 8295 8780 7891
8244 8202 8807 8022
8268 8388 8702 7895
8336 8375 8763 7759
8339 8390 8781 7724
8360 8243 8661 8004
8304 8336 8633 7983
8172 8293 8528 7986
8203 8421 8528 7963
8401 8358 8777 7737
8428 8339 8736 7706
8382 8436 8711 7748
8431 8308 8754 7726
8425 8259 8791 7724
8424 8364 8740 7726
8315 8322 8609 7974
8371 8247 8629 8001
8189 8423 8530 7982
8391 8250 8659 7983
8368 8276 8758 7917
8329 8344 8796 7704
8328 8113 8864 7931
8285 8247 8823 7901
8409 8280 8690 7852
8359 8331 8702 7854
8367 8194 8842 7849
8482 8176 8786 7867
8390 8251 8744 7862
8395 8169 8711 7936
8116 8327 8525 7984
8294 8155 8814 7975
8348 8199 8738 7958
8181 8397 8536 7968
8174 8312 8767 7877
8299 8107 8780 7972
8271 8423 8694 7918
8310 8378 8679 7890
8103 8431 8774 7917
8250 8328 8751 7920
8083 8366 8784 7845
8133 8369 8723 7861
8430 8176 8755 7876
8253 8246 8791 7911
8229 8235 8780 7982
8364 8333 8590 7849
8374 8466 8427 7926
8498 8335 8493 7877
8426 8321 8572 7822
8297 8304 8845 7862
8475 8357 8494 7870
8462 8315 8752 7705
8246 8308 8768 7876
8295 8362 8772 7851
8267 8332 8777 7830
8442 8275 8795 7614
8272 8411 8812 7736
8225 8463 8760 7669
8271 8524 8708 7658
8243 8458 8746 7696
8279 8469 8707 7667
8260 8440 8761 7677
8249 8445 8800 7653
8229 8457 8765 7666
8287 8380 8818 7693
8350 8337 8782 7678
8321 8330 8836 7698
8346 8329 8786 7684
8346 8253 8861 7672
8370 8287 8810 7722
8409 8269 8805 7668
8418 8315 8777 7724
8336 8326 8838 7709
8368 8246 8819 7679
8375 8198 8864 7674
8397 8233 8822 7827
8432 8259 8807 7604
8427 8232 8835 7669
8439 8211 8852 7599
8473 8282 8793 7593
8482 8322 8829 7583
8404 8260 8814 7599
8435 8331 8781 7614
8483 8335 8773 7610
8479 8287 8837 7560
8439 8252 8853 7559
8424 8296 8907 7592
8443 8241 8880 7561
8396 8332 8892 7583
8399 8250 8840 7594
8398 8195 8903 7627
8365 8243 8868 7636
8323 8227 8900 7631
8395 8275 8844 7614
8410 8278 8811 7637
8379 8271 8813 7658
8320 8260 8933 7668
8300 8289 8887 7672
8281 8263 8926 7764
8285 8314 8869 7813
8326 8315 8853 7751
8319 8272 8898 7685
8277 8322 8883 7827
8193 8387 8831 7729
8213 8380 8883 7700
8164 8375 8875 7703
8251 8369 8857 7722
8208 8320 8888 7777
8258 8250 8959 7766
8262 8289 8924 7782
8233 8356 8915 7764
8257 8243 8928 7775
8279 8215 8973 7811
8264 8267 8935 7723
8367 8382 8761 7738
8320 8349 8815 7752
8377 8309 8785 7691
8477 8305 8733 7679
8471 8320 8739 7713
8440 8249 8772 7698
8457 8263 8771 7742
8436 8304 8755 7677
8418 8267 8793 7667
8433 8305 8758 7698
8387 8308 8779 7745
8389 8306 8774 7738
8420 8313 8772 7717
8458 8328 8753 7732
8427 8257 8786 7717
8430 8292 8778 7740
8416 8348 8758 7711
8382 8372 8742 7712
8336 8311 8794 7723
8375 8422 8717 7712
8360 8432 8736 7738
8370 8397 8779 7703
8329 8374 8793 7714
8320 8299 8827 7829
8338 8310 8803 7711
8351 8204 8831 7737
8431 8214 8772 7838
8448 8270 8750 7766
8465 8250 8715 7822
8504 8228 8773 7772
8460 8246 8752 7830
8378 8146 8883 7852
8342 8233 8817 7857
8374 8191 8860 7738
8401 8242 8754 7873
8358 8202 8801 7846
8387 8253 8785 7841
8358 8266 8770 7882
8367 8239 8815 7743
8365 8246 8801 7759
8327 8269 8798 7770
8393 8263 8760 7859
8289 8258 8817 7880
8396 8217 8782 7861
8415 8181 8833 7791
8400 8143 8805 7823
8423 8104 8824 7846
8429 8126 8770 7903
8455 8167 8851 7804
8411 8267 8764 7809
8388 8236 8797 7863
8373 8172 8821 7894
8356 8179 8826 7893
8327 8195 8803 7867
8221 8284 8800 7957
8261 8222 8842 7888
8244 8252 8974 7911
8327 8220 8798 7931
8339 8307 8698 7912
8339 8338 8661 7951
8349 8158 8747 7954
8356 8193 8679 7991
8331 8270 8660 7964
8426 8204 8696 7915
8284 8199 8781 7970
8382 8275 8640 7954
8391 8209 8783 7904
8502 8081 8786 7818
8437 8294 8648 7897
8487 8216 8646 7784
8541 8266 8624 7803
8559 8206 8658 7766
8559 8187 8693 7829
8465 8186 8746 7786
8422 8274 8671 7785
8476 8209 8666 7774
8447 8275 8665 7771
8418 8276 8768 7799
8475 8216 8669 7884
8377 8211 8786 7910
8420 8065 8802 7922
8380 8093 8823 7857
8379 8093 8868 7899
8374 7996 8937 7915
8367 8055 8842 7972
8416 8232 8735 7847
8399 8217 8756 7840
8407 8178 8756 7856
8426 8091 8778 7880
8460 8162 8719 7874
8433 8197 8753 7901
8458 8218 8693 7886
8351 8257 8725 7958
8302 8108 8776 8014
8264 8292 8760 7974
8324 8308 8694 7930
8300 8297 8668 7967
8371 8269 8673 7920
8398 8301 8675 7919
8335 8290 8725 7901
8386 8263 8599 7974
8391 8254 8699 7906
8359 8240 8568 8009
8315 8281 8634 7973
8386 8272 8570 8008
8342 8313 8636 7972
8309 8374 8706 7897
8402 8113 8725 7936
8351 8258 8695 7951
8272 8427 8667 7911
8364 8162 8713 7957
8329 8225 8646 8028
8377 8185 8668 7952
8360 8232 8644 8007
8369 8159 8674 7938
8376 8103 8688 7938
8342 8265 8699 7935
8397 8095 8663 7953
8360 8179 8692 7968
8382 8078 8730 7940
8288 8332 8751 7883
8353 8229 8667 7968
8435 8119 8752 7932
8289 8336 8724 7876
8403 8232 8606 7984
8440 8098 8699 7912
8449 8293 8554 7973
8327 8266 8695 7953
8460 8238 8555 7963
8389 8058 8804 7943
8324 8225 8723 7959
8491 8245 8553 7942
8380 8018 8803 7980
8497 8230 8547 7908
8482 8240 8566 7934
8432 8237 8627 7918
8381 8175 8707 7906
8332 8383 8667 7891
8426 8252 8633 7952
8384 8210 8699 7929
8395 8181 8666 7937
8395 8245 8635 7973
8360 8467 8559 7844
8335 8091 8854 7992
8345 8192 8761 7938
8319 8526 8623 7770
8361 8233 8685 7940
8362 8231 8686 7944
8433 8510 8526 7768
8382 8227 8703 7917
8358 8245 8673 7967
8395 8197 8698 7936
8364 8230 8667 7933
8378 8483 8566 7801
8383 8268 8636 7931
8276 8489 8661 7832
8465 8232 8680 7874
8441 8194 8677 7889
8456 8219 8618 7896
8344 8007 8842 8009
8473 8208 8674 7860
8297 8026 8894 7985
8455 8271 8564 7858
8510 8256 8595 7847
8292 8534 8573 7631
8429 8221 8719 7903
8446 8251 8578 7869
8276 8592 8589 7660
8444 8238 8662 7897
8271 8559 8613 7678
8341 7973 8860 7931
8274 8594 8605 7701
8403 8223 8707 7903
8421 8260 8669 7913
8221 8585 8625 7720
8432 8185 8660 7932
8332 8056 8862 7969
8238 8592 8514 7702
8453 8227 8615 7946
8435 8261 8575 7933
8389 8265 8560 7941
8432 8288 8601 7903
8307 8050 8874 7954
8279 8633 8561 7654
8426 8322 8563 7904
8318 8030 8934 7913
8398 8256 8601 7942
8387 8279 8555 7944
8217 8543 8626 7599
8452 8272 8475 7934
8452 8231 8452 7971
8263 8616 8563 7601
8481 8228 8426 7954
8463 8191 8464 7944
8446 8202 8408 7980
8268 8631 8550 7677
8419 8212 8412 7998
8301 8658 8493 7661
8394 8201 8426 8018
8283 8621 8531 7651
8387 8166 8475 7985
8390 8201 8467 8008
8359 8194 8469 8029
8400 8228 8452 7985
8262 8528 8669 7736
8422 8253 8384 7992
8228 8529 8639 7720
8450 8219 8410 7977
8404 8158 8462 7988
8247 8570 8567 7718
8401 8158 8488 8009
8225 8546 8575 7723
8398 8123 8496 7986
8288 8118 8781 7984
8435 8134 8497 7974
8233 8048 8837 8007
8252 8544 8606 7794
8426 8075 8497 7978
8486 8080 8465 7996
8253 8047 8854 8046
8153 8472 8673 7767
8458 8050 8470 7975
8150 8431 8701 7773
8492 8121 8411 7969
8273 8465 8675 7781
8461 8114 8413 7990
8488 8146 8415 7989
8467 8104 8460 7975
8362 8512 8641 7794
8498 8111 8458 7954
8509 8105 8516 7884
8258 8423 8735 7801
8526 8199 8502 7903
8273 8113 8859 7961
8221 8424 8731 7806
8493 8068 8475 7909
8224 8352 8794 7807
8544 8224 8475 7900
8204 8359 8786 7770
8547 8187 8521 7846
8222 8396 8748 7780
8565 8177 8479 7858
8206 8358 8774 7755
8581 8238 8521 7797
8360 8009 8856 7970
8192 8352 8859 7811
8556 8317 8543 7836
8192 8360 8777 7761
8586 8239 8569 7769
8372 8044 8827 7946
8534 8254 8654 7776
8533 8276 8630 7784
8168 8383 8777 7753
8566 8150 8672 7766
8152 8358 8860 7724
8242 8344 8911 7686
8507 8125 8775 7819
8529 8196 8802 7764
8389 7980 8758 7985
8385 7941 8793 7969
8522 8361 8619 7767
8366 8037 8811 8008
8159 8405 8899 7687
8380 8072 8721 7996
8106 8388 8902 7636
8548 8248 8582 7741
8346 8073 8691 7980
8154 8456 8863 7668
8572 8269 8626 7710
8377 8080 8689 7959
8120 8457 8833 7652
8552 8223 8578 7721
8347 8048 8769 7987
8141 8499 8788 7666
8568 8230 8661 7694
8113 8433 8826 7704
8096 8436 8832 7687
8378 8197 8748 7931
8062 8365 8891 7693
8106 8412 8884 7767
8533 8233 8671 7717
8094 8379 8886 7750
8121 8411 8888 7749
8410 8050 8779 7958
8082 8348 8935 7748
8424 8075 8762 7956
8062 8360 8900 7761
8382 8013 8730 7968
8155 8296 8898 7830
8250 8239 8963 7873
8510 8126 8771 7861
8286 8250 8924 7844
8186 8303 8896 7809
8173 8236 8991 7795
8158 8353 8829 7795
8541 8263 8593 7826
8189 8360 8827 7774
8271 8101 8778 8035
8268 8037 8835 8020
8564 8253 8509 7788
8176 8306 8897 7782
8367 8023 8850 8006
8258 8051 8817 8038
8261 8051 8791 8017
8307 8112 8739 8006
8310 8071 8808 8006
8247 8204 8971 7850
8220 8260 8937 7853
8237 8058 8784 8026
8293 8114 8779 7983
8564 8259 8518 7784
8143 8320 8912 7777
8540 8243 8507 7846
8284 8148 8821 7958
8142 8316 8939 7784
8585 8263 8488 7729
8607 8287 8480 7724
8599 8261 8486 7710
8193 8148 8825 8053
8635 8240 8449 7719
8125 8353 8906 7777
8620 8213 8523 7755
8266 8169 8845 7961
8146 8395 8861 7791
8608 8255 8569 7714
8111 8346 8888 7790
8249 8142 8801 7978
8642 8262 8541 7672
8653 8228 8470 7646
8143 8357 8910 7678
8608 8191 8600 7678
8294 8257 8729 7941
8115 8352 8948 7656
8316 8293 8696 7917
8156 8315 8976 7632
8611 8255 8543 7693
8139 8251 9002 7626
8598 8261 8586 7682
8233 8219 8764 8074
8195 8262 8989 7829
8603 8265 8549 7674
8307 8306 8703 7952
8603 8201 8580 7638
8238 8255 8973 7636
8271 8267 8717 7952
8595 8226 8594 7659
8230 8209 8795 8001
8249 8200 8974 7626
8599 8265 8559 7675
8215 8219 8814 8027
8258 8266 8936 7612
8186 8222 8840 8044
8248 8346 8925 7637
8184 8148 8847 8012
8564 8272 8548 7719
8558 8333 8465 7717
8210 8221 8760 8014
8186 8380 8886 7610
8202 8153 8812 8061
8537 8314 8545 7711
8253 8350 8888 7629
8198 8162 8784 8082
8526 8281 8626 7722
8183 8172 8803 8108
8526 8310 8577 7714
8149 8101 8862 8114
8153 8140 8827 8130
8331 8343 8873 7682
8557 8317 8575 7693
8159 8125 8821 8096
8530 8337 8637 7712
8193 8196 8762 8090
8162 8189 8764 8111
8183 8183 8782 8088
8567 8304 8612 7711
8162 8141 8827 8074
8200 8092 8839 8053
8216 8240 8977 7754
8530 8273 8668 7676
8227 8124 8841 8052
8190 8068 8880 8071
8183 8124 8866 8071
8198 8114 8847 8045
8156 8092 8864 8072
8153 8092 8890 8093
8125 8056 8915 8101
8152 8088 8917 8100
8122 8047 8905 8157
8143 8089 8860 8171
8108 8040 8887 8170
8543 8194 8589 7786
8136 8101 8885 8112
8589 8255 8537 7775
8115 8059 8930 8098
8554 8206 8564 7774
8143 8125 8892 8060
8575 8248 8519 7788
8109 8126 8862 8044
8128 8237 8999 7638
8098 8149 8816 8046
8131 8272 8991 7661
8143 8189 8798 8056
8135 8250 8997 7647
8551 8168 8498 7865
8552 8172 8534 7855
8237 8319 8692 7969
8226 8307 8717 7981
8524 8239 8631 7812
8166 8315 8657 8001
8546 8264 8563 7819
8236 8279 8692 8019
8201 8361 8898 7673
8525 8116 8752 7835
8241 8297 8698 7955
8243 8313 8897 7642
8564 8128 8630 7793
8563 8202 8581 7810
8574 8196 8639 7740
8225 8229 8807 7973
8216 8284 8748 7994
8503 8205 8640 7785
8263 8336 8906 7611
8523 8191 8784 7765
8255 8291 8772 7915
8527 8241 8656 7767
8531 8219 8662 7753
8224 8284 8774 7936
8251 8252 8907 7900
8500 8203 8615 7830
8493 8259 8601 7830
8252 8251 8938 7725
8288 8265 8881 7747
8487 8199 8644 7795
8485 8201 8649 7802
8492 8195 8643 7801
8298 8206 8788 7957
8488 8209 8630 7824
8545 8215 8579 7803
8517 8209 8577 7866
8553 8220 8538 7837
8511 8155 8513 7892
8513 8153 8508 7885
8331 8220 8797 7936
8308 8178 8909 7823
8541 8189 8483 7877
8352 8168 8823 7903
8293 8188 8928 7849
8360 8129 8789 7913
8259 8117 8987 7855
8532 8184 8496 7869
8310 8126 8850 7897
8252 8165 8942 7860
8559 8248 8464 7881
8258 8150 8936 7826
8534 8236 8433 7911
8517 8239 8439 7894
8528 8177 8497 7866
8331 8239 8759 7927
8193 8134 8997 7860
8574 8238 8445 7855
8568 8253 8451 7889
8530 8238 8470 7874
8220 8216 8958 7929
8515 8248 8489 7900
8255 8224 8839 7897
8483 8281 8543 7867
8477 8291 8496 7882
8456 8249 8541 7868
8286 8324 8757 7904
8258 8288 8782 7912
8498 8271 8524 7841
8270 8272 8843 7863
8336 8211 8789 7886
8456 8319 8525 7872
8367 8218 8787 7865
8280 8262 8848 7836
8441 8329 8544 7898
8333 8147 8846 7871
8429 8296 8546 7881
8337 8195 8782 7921
8299 8131 8813 7949
8271 8238 8905 7861
8441 8358 8464 7854
8472 8365 8462 7833
8339 8217 8776 7953
8460 8406 8509 7789
8304 8127 8782 7970
8265 8272 8867 7862
8481 8388 8511 7792
8491 8354 8621 7788
8278 8142 8840 7972
8434 8337 8533 7802
8226 8142 8809 7981
8272 8203 8757 7970
8431 8353 8515 7815
8424 8388 8571 7761
8460 8416 8469 7780
8319 8248 8743 7971
8259 8227 8938 7824
8442 8450 8429 7767
8267 8248 8712 7980
8259 8236 8909 7858
8531 8429 8513 7640
8264 8248 8738 8001
8240 8223 8757 7988
8243 8264 8729 7982
8243 8223 8706 8019
8205 8272 8694 8040
8181 8155 8997 7895
8508 8396 8543 7621
8241 8283 8655 8011
8179 8157 9002 7902
8195 8222 8707 8022
8177 8126 9008 7866
8247 8222 8738 8013
8225 8201 8982 7899
8264 8283 8662 7990
8527 8435 8518 7634
8223 8260 8911 7832
8553 8402 8457 7635
8286 8264 8748 7938
8560 8346 8471 7635
8238 8314 8861 7842
8578 8341 8427 7577
8227 8337 8815 7844
8594 8325 8393 7564
8181 8276 8867 7855
8595 8351 8681 7503
8212 8283 8865 7834
8597 8400 8610 7555
8191 8291 8890 7819
8629 8390 8457 7478
8600 8435 8349 7481
8400 8273 8706 7879
8620 8416 8382 7453
8605 8426 8401 7479
8194 8276 8950 7831
8574 8419 8403 7500
8390 8338 8700 7833
8191 8276 8976 7852
8562 8483 8571 7563
8356 8267 8759 7839
8223 8271 8941 7819
8320 8256 8798 7868
8587 8460 8361 7466
8324 8295 8763 7884
8630 8394 8430 7471
8320 8309 8750 7907
8318 8238 8807 7904
8266 8285 8923 7823
8628 8362 8504 7468
8352 8309 8748 7898
8284 8280 8879 7765
8332 8259 8774 7822
8293 8246 8891 7743
8611 8334 8614 7458
8392 8264 8742 7840
8295 8244 8886 7736
8414 8288 8734 7835
8632 8347 8473 7434
8348 8298 8772 7851
8375 8376 8775 7719
8667 8300 8617 7460
8376 8304 8758 7851
8335 8339 8796 7726
8681 8315 8486 7434
8396 8319 8747 7827
8666 8313 8516 7447
8636 8264 8668 7489
8340 8373 8854 7696
8628 8317 8596 7508
8396 8191 8816 7832
8337 8363 8885 7623
8402 8245 8775 7761
8368 8434 8852 7638
8610 8292 8623 7511
8411 8190 8834 7740
8383 8424 8833 7612
8598 8403 8537 7500
8429 8227 8796 7750
8398 8449 8774 7619
8405 8393 8788 7619
8415 8247 8803 7737
8401 8345 8815 7552
8406 8302 8744 7758
8416 8399 8765 7562
8388 8265 8782 7748
8458 8343 8817 7580
8632 8302 8474 7480
8662 8266 8429 7534
8427 8279 8842 7576
8677 8264 8428 7630
8510 8167 8856 7774
8714 8263 8363 7502
8383 8236 8912 7543
8690 8206 8390 7523
8458 8214 8781 7731
8686 8220 8377 7546
8365 8261 8925 7568
8679 8186 8396 7736
8411 8142 8868 7775
8702 8189 8450 7727
8417 8307 8853 7537
8432 8297 8834 7511
8697 8261 8375 7711
8425 8345 8789 7516
8697 8190 8434 7642
8418 8310 8838 7483
8403 8320 8857 7509
8697 8265 8360 7552
8712 8255 8341 7526
8392 8236 8756 7873
8354 8299 8899 7551
8706 8270 8347 7560
8385 8370 8866 7566
8351 8299 8925 7572
8351 8363 8894 7608
8717 8145 8476 7673
8386 8239 8764 7897
8354 8363 8868 7587
8345 8397 8856 7609
8681 8191 8415 7586
8374 8331 8857 7612
8324 8204 8808 7894
8405 8338 8855 7591
8342 8241 8770 7904
8420 8328 8836 7565
8427 8272 8850 7565
8657 8140 8508 7655
8383 8348 8868 7588
8375 8137 8793 7878
8356 8316 8866 7589
8375 8201 8762 7914
8351 8165 8746 7932
8372 8296 8876 7601
8393 8187 8729 7905
8393 8225 8940 7577
8427 8258 8670 7899
8448 8187 8734 7875
8384 8280 8881 7598
8380 8294 8868 7621
8371 8136 8782 7913
8389 8260 8880 7599
8411 8173 8761 7906
8338 8190 8935 7609
8380 8102 8794 7891
8707 8192 8398 7673
8384 8141 8759 7907
8395 8160 8911 7604
8374 8231 8847 7628
8664 8237 8423 7702
8479 8119 8773 7882
8364 8189 8916 7634
8457 8128 8764 7872
8343 8195 8898 7657
8404 8080 8792 7864
8333 8118 8949 7619
8435 8087 8790 7843
8460 8097 8866 7774
8360 8150 8951 7618
8656 8203 8490 7799
8394 8221 8892 7612
8334 8216 8924 7594
8338 8255 8889 7610
8300 8195 8943 7596
8461 8145 8807 7791
8331 8216 8904 7635
8327 8177 8939 7619
8360 8176 8886 7696
8323 8120 8923 7632
8483 8135 8854 7775
8354 8191 8890 7647
8633 8269 8421 7814
8470 8157 8832 7778
8413 8139 8894 7808
8629 8171 8488 7800
8454 8190 8770 7779
8378 8082 8914 7816
8407 8150 8872 7663
8486 8156 8747 7785
8478 8117 8824 7781
8379 8212 8840 7686
8661 8179 8473 7671
8403 8186 8852 7735
8396 8242 8838 7735
8525 8157 8837 7748
8421 8181 8808 7677
8434 8112 8880 7633
8618 8154 8677 7737
8465 8183 8847 7648
8427 8168 8866 7633
8384 8162 8859 7645
8698 8150 8485 7711
8531 8093 8773 7762
8415 8169 8857 7624
8552 8138 8737 7698
8422 8113 8871 7624
8545 8103 8786 7665
8436 8077 8951 7781
8549 8151 8722 7715
8412 8113 8895 7782
8452 8101 8898 7662
8678 8108 8544 7708
8474 8046 8864 7638
8704 8169 8450 7614
8478 8010 8884 7566
8662 8173 8492 7580
8553 8073 8766 7815
8527 8032 8843 7685
8656 8222 8473 7616
8683 8160 8504 7737
8475 7975 8892 7543
8647 8218 8491 7579
8491 8091 8862 7750
8466 7977 8886 7549
8449 8064 8913 7781
8628 8265 8458 7822
8457 7924 8904 7519
8545 8069 8805 7695
8488 7995 8871 7534
8459 7955 8898 7555
8476 8019 8872 7561
8460 8020 8895 7735
8672 8242 8382 7736
8504 8072 8869 7478
8484 8104 8880 7453
8663 8262 8345 7695
8538 8118 8778 7736
8464 8039 8890 7381
8650 8286 8319 7636
8547 8184 8740 7722
8549 8073 8864 7454
8653 8286 8293 7615
8486 8033 8877 7407
8626 8364 8343 7651
8498 8032 8886 7416
8617 8316 8374 7689
8606 8237 8761 7533
8595 8340 8319 7731
8583 8181 8787 7417
8613 8020 8784 7445
8584 8340 8396 7699
8645 8160 8736 7461
8424 8096 8884 7789
8597 8316 8422 7758
8428 8135 8849 7805
8582 7949 8817 7430
8585 7984 8809 7453
8568 8382 8421 7755
8577 8381 8408 7686
8583 8144 8805 7448
8558 8411 8395 7680
8515 8107 8850 7730
8568 8105 8778 7459
8515 8171 8819 7766
8549 8034 8801 7799
8554 8424 8304 7650
8470 8100 8879 7749
8449 8171 8815 7773
8586 8172 8780 7447
8572 8449 8277 7647
8415 8100 8874 7779
8530 8433 8309 7642
8398 8111 8818 7815
8590 8057 8779 7468
8515 8480 8356 7713
8603 8100 8727 7727
8519 8429 8341 7645
8640 8151 8763 7412
8511 8485 8429 7724
8347 8075 8916 7837
8505 8502 8323 7643
8381 8146 8857 7831
8649 8162 8733 7427
8412 8153 8855 7810
8498 8420 8608 7665
8369 8092 8901 7734
8617 8210 8745 7456
8389 8157 8891 7806
8588 8326 8409 7676
8379 8090 8926 7774
8413 8161 8867 7768
8382 8090 8900 7753
8420 8105 8881 7768
8433 8042 8959 7758
8393 8007 8975 7757
8398 7970 8983 7760
8525 8432 8317 7666
8385 8000 8988 7741
8477 8437 8444 7790
8439 8053 8922 7716
8386 8048 8960 7727
8388 8046 8955 7720
8406 8083 8917 7730
8560 8224 8794 7406
8430 8531 8346 7740
8361 8018 8918 7806
8300 8033 8924 7812
8609 8208 8768 7325
8456 8443 8426 7813
8306 8052 8953 7794
8617 8246 8696 7454
8271 8003 8980 7793
8475 8449 8428 7790
8292 8045 8935 7807
8633 8199 8718 7417
8266 7966 8970 7837
8452 8500 8204 7685
8270 8005 8935 7853
8408 8539 8335 7788
8283 7981 8961 7912
8469 8496 8394 7799
8320 8037 8922 7893
8358 8471 8280 7822
8324 8015 8928 7879
8369 8488 8542 7802
8314 7991 8969 7897
8591 8272 8753 7532
8371 7961 8945 7892
8405 8032 8886 7886
8345 8027 8918 7868
8349 8066 8883 7884
8610 8276 8726 7549
8307 8050 8915 7879
8585 8308 8697 7557
8307 8114 8884 7915
8300 8119 8885 7924
8282 8146 8855 7923
8303 8090 8908 7911
8286 8121 8851 7903
8272 8083 8910 7932
8377 8500 8226 7812
8252 8114 8879 7945
8569 8171 8771 7484
8374 8508 8272 7857
8547 8118 8809 7421
8397 8512 8512 7791
8384 8514 8354 7775
8300 8055 8916 7888
8303 8119 8859 7903
8432 8519 8270 7700
8334 8126 8857 7882
8335 8052 8906 7865
8540 8148 8788 7415
8339 8091 8871 7881
8352 8061 8866 7900
8348 8022 8901 7884
8384 8033 8862 7855
8388 8072 8827 7871
8375 8014 8840 7988
8368 8005 8862 7930
8389 7994 8835 7907
8560 8228 8778 7386
8473 8482 8407 7776
8425 8040 8760 7932
8556 8345 8719 7480
8383 8018 8777 7959
8414 8025 8775 7938
8380 7954 8834 7944
8563 8318 8710 7514
8578 8356 8700 7384
8585 8313 8702 7341
8401 8523 8576 7744
8390 8004 8821 7962
8617 8320 8665 7411
8361 8076 8810 7921
8346 8086 8829 7947
8299 8024 8889 7978
8593 8361 8645 7539
8336 7952 8883 7991
8567 8387 8666 7494
8332 7966 8870 8014
8559 8348 8711 7479
8506 8324 8767 7516
8431 8376 8496 7801
8529 8325 8769 7359
8282 8035 8833 8014
8561 8402 8655 7369
8486 8484 8485 7759
8330 8095 8856 7993
8343 8087 8842 7974
8295 8027 8819 7995
8515 8467 8403 7703
8322 8059 8821 7994
8498 8254 8802 7344
8291 8052 8823 8015
8280 8075 8777 8017
8535 8310 8763 7325
8287 8019 8791 8017
8284 8019 8817 8038
8581 8307 8710 7567
8238 7958 8869 8049
8269 7965 8867 8028
8487 8306 8771 7329
8317 7957 8943 7978
8490 8341 8763 7352
8266 7964 8871 7986
8470 8430 8468 7771
8562 8383 8703 7502
8419 8446 8594 7777
8519 8302 8726 7592
8387 8449 8578 7779
8317 7893 8974 7942
8529 8316 8735 7501
8387 8513 8515 7799
8351 7964 8915 7936
8299 7904 8975 7944
8290 7959 8916 7965
8535 8209 8785 7411
8366 8397 8582 7838
8319 7893 8917 7968
8377 8430 8548 7835
8316 7893 8943 7989
8320 7879 8956 7966
8322 7897 8923 7948
8567 8228 8773 7304
8340 7861 8925 7924
8552 8238 8792 7330
8353 8409 8492 7919
8377 7917 8886 7905
8521 8167 8825 7315
8421 7882 8900 7916
8581 8172 8793 7333
8455 7918 8817 7897
8318 8452 8641 7914
8442 7876 8918 7893
8427 7932 8848 7883
8630 8157 8762 7305
8614 8212 8731 7317
8667 8214 8690 7392
8442 7924 8855 7930
8376 8361 8480 7864
8390 7924 8824 7939
8662 8210 8727 7400
8405 8479 8555 7812
8427 7980 8785 7920
8646 8120 8775 7293
8372 8365 8557 7820
8396 7973 8787 7941
8624 8130 8779 7278
8424 8034 8785 7883
8639 8102 8789 7297
8433 8477 8489 7799
8435 7959 8776 7902
8440 7976 8814 7887
8429 8051 8823 7868
8392 7995 8862 7887
8645 8086 8773 7333
8401 8061 8824 7873
8380 8069 8849 7858
8637 8094 8790 7339
8383 8110 8821 7852
8614 8089 8769 7446
8436 8096 8810 7827
8561 8023 8830 7418
8390 8035 8862 7838
8596 8166 8776 7401
8570 8098 8819 7436
8396 8072 8822 7847
8420 8108 8838 7829
8281 8541 8580 7777
8385 8059 8865 7828
8402 8064 8836 7834
8429 8096 8838 7833
8411 8573 8563 7762
8433 8074 8844 7819
8437 8113 8809 7835
8444 8057 8823 7835
8425 8559 8494 7700
8452 8054 8802 7852
8479 8086 8804 7851
8534 8044 8820 7825
8503 8058 8804 7814
8677 8200 8708 7374
8484 8056 8813 7821
8742 8099 8699 7413
8453 7985 8846 7806
8703 8165 8678 7298
8696 8147 8724 7289
8509 8024 8842 7813
8531 8048 8834 7808
8370 8591 8346 7694
8727 8203 8647 7390
8340 8592 8306 7677
8534 8048 8808 7787
8371 8599 8304 7656
8680 8157 8726 7438
8507 8012 8818 7826
8674 8112 8734 7267
8673 8173 8730 7291
8667 8126 8766 7317
8685 8037 8725 7286
8541 8037 8822 7782
8707 8140 8712 7442
8545 8076 8787 7798
8507 8061 8806 7783
8635 8129 8765 7282
8599 8086 8795 7290
8539 8137 8719 7753
8699 8126 8713 7282
8524 8147 8738 7779
8703 8179 8671 7436
8493 8140 8740 7800
8485 8148 8754 7814
8464 8106 8799 7800
8495 8113 8797 7779
8502 8057 8811 7779
8548 8118 8759 7768
8520 8082 8784 7776
8541 8124 8739 7790
8639 8168 8730 7298
8549 8116 8725 7776
8585 8127 8686 7747
8581 8088 8721 7731
8643 8141 8754 7313
8462 8457 8474 7765
8566 8098 8740 7757
8563 8063 8748 7734
8572 8029 8760 7712
8638 8091 8791 7266
8572 8093 8729 7748
8585 8104 8710 7788
8568 8107 8716 7771
8720 8158 8663 7420
8616 8111 8708 7767
8672 8130 8729 7309
8575 8057 8739 7734
8571 8071 8726 7757
8650 8026 8767 7289
8587 7983 8752 7763
8642 8021 8808 7255
8596 8049 8714 7749
8642 8085 8777 7291
8633 8055 8825 7323
8567 7918 8762 7691
8645 8056 8800 7278
8617 7921 8701 7707
8626 8024 8850 7220
8654 7977 8662 7688
8630 8063 8815 7236
8627 7954 8631 7723
8602 8057 8813 7299
8618 7988 8619 7745
8623 8099 8768 7313
8609 7962 8603 7798
8601 8076 8580 7813
8606 8023 8823 7324
8578 7955 8605 7819
8641 8014 8608 7795
8629 7940 8609 7736
8632 8083 8578 7792
8672 8066 8760 7273
8599 7997 8560 7833
8350 8417 8572 7826
8360 8403 8590 7808
8613 7980 8536 7837
8563 7852 8539 7853
8521 7956 8606 7876
8499 7935 8630 7915
8327 8418 8653 7892
8491 7940 8614 7880
8718 8213 8634 7308
8473 7920 8649 7921
8680 8198 8653 7293
8273 8381 8701 7897
8444 7986 8648 7918
8680 8262 8622 7329
8277 8420 8666 7913
8480 8003 8658 7914
8693 8238 8648 7388
8327 8376 8692 7924
8714 8230 8623 7403
8276 8415 8665 7940
8485 7955 8620 7914
8687 8207 8592 7438
8453 7968 8664 7910
8718 8214 8590 7417
8474 8010 8619 7924
8669 8181 8670 7512
8685 8159 8696 7473
8449 7982 8651 7933
8296 8305 8725 7909
8437 7949 8653 7916
8291 8379 8693 7937
8483 8010 8601 7905
8245 8344 8698 7925
8494 7955 8602 7895
8238 8400 8684 7925
8506 7988 8600 7912
8631 8149 8695 7476
8242 8439 8649 7941
8460 7927 8652 7923
8449 7932 8691 7899
8211 8432 8651 7962
8633 8184 8726 7433
8238 8464 8653 7961
8633 8229 8676 7466
8256 8428 8655 7937
8253 8428 8681 7958
8545 7963 8575 7874
8253 8364 8712 7922
8543 7981 8538 7883
8246 8360 8716 7876
8280 8431 8657 7870
8536 7946 8587 7850
8284 8417 8670 7847
8561 7930 8561 7838
8279 8476 8625 7801
8657 8217 8635 7415
8652 8213 8672 7423
8285 8527 8593 7754
8648 8174 8707 7407
8273 8586 8561 7808
8573 7883 8576 7836
8644 8190 8728 7428
8539 7812 8635 7842
8292 8565 8523 7791
8246 8504 8575 7802
8555 7939 8532 7847
8243 8504 8601 7823
8207 8502 8569 7834
8253 8563 8517 7823
8258 8504 8525 7874
8575 8059 8520 7888
8213 8513 8519 7854
8275 8501 8519 7891
8536 7947 8586 7830
8232 8542 8465 7844
8304 8478 8529 7873
8220 8480 8547 7871
8626 7898 8629 7800
8189 8473 8549 7892
8580 7837 8681 7811
8176 8503 8554 7873
8573 7893 8667 7811
8560 8201 8786 7517
8167 8505 8564 7875
8575 7891 8662 7804
8594 8164 8766 7433
8133 8506 8534 7859
8555 8101 8813 7432
8127 8565 8496 7834
8168 8545 8508 7879
8172 8531 8521 7856
8203 8538 8519 7835
8544 8099 8808 7515
8216 8508 8514 7854
8551 7984 8535 7842
8252 8519 8475 7825
8533 7964 8566 7865
8261 8523 8457 7862
8307 8584 8405 7851
8490 7949 8608 7897
8279 8523 8407 7909
8275 8537 8394 7932
8238 8491 8450 7965
8269 8492 8472 7937
8512 7974 8540 7904
8248 8450 8517 7923
8501 7997 8494 7906
8515 7997 8467 7908
8548 8027 8518 7889
8261 8455 8488 7911
8609 8087 8470 7860
8328 8472 8456 7890
8600 7936 8486 7856
8550 7933 8547 7840
8581 8004 8514 7855
8401 8448 8423 7949
8265 8433 8364 7970
8528 7999 8552 7866
8529 7925 8601 7849
8591 8283 8701 7539
8287 8422 8441 8048
8287 8458 8296 7977
8579 8034 8516 7868
8227 8433 8436 8030
8259 8494 8281 7968
8563 8026 8522 7871
8262 8494 8255 7947
8567 8016 8562 7837
8298 8505 8216 7918
8594 8033 8520 7850
8610 8341 8662 7477
8300 8504 8291 7908
8609 8023 8501 7824
8310 8475 8374 7937
8328 8468 8306 7917
8602 8073 8476 7824
8587 8083 8495 7850
8554 8300 8675 7571
8352 8517 8287 7887
8566 8041 8540 7836
8348 8469 8351 7837
8597 8048 8538 7815
8343 8514 8393 7898
8563 7977 8597 7821
8284 8483 8450 7890
8578 8292 8731 7348
8327 8540 8287 7861
8586 7948 8534 7838
8308 8535 8418 7858
8617 7966 8549 7814
8620 8288 8689 7382
8645 8053 8573 7811
8618 8214 8696 7350
8618 8278 8665 7386
8356 8548 8237 7845
8694 8093 8433 7744
8621 8279 8661 7428
8701 8019 8576 7813
8636 8269 8642 7402
8375 8511 8248 7832
8629 8317 8597 7407
8381 8452 8286 7857
8691 8084 8570 7767
8414 8430 8237 7859
8420 8372 8308 7947
8427 8413 8364 7889
8611 8169 8511 7807
8580 8162 8513 7828
8620 8156 8745 7493
8382 8389 8347 7955
8402 8368 8317 7938
8618 8188 8509 7784
8620 8254 8656 7581
8593 8145 8548 7793
8603 8198 8528 7810
8563 8205 8512 7809
8417 8323 8372 7969
8574 8238 8478 7806
8614 8267 8619 7491
8587 8208 8473 7825
8411 8373 8304 7946
8633 8205 8452 7778
8625 8282 8604 7485
8618 8215 8471 7804
8361 8326 8343 7980
8584 8144 8530 7810
8588 8183 8495 7826
8363 8334 8314 7960
8548 8133 8569 7839
8582 8204 8510 7833
8396 8336 8292 7965
8423 8368 8294 7964
8432 8313 8353 7943
8576 8166 8526 7811
8622 8227 8474 7800
8377 8307 8346 7975
8364 8337 8351 7956
8343 8331 8423 7978
8608 8135 8529 7767
8626 8324 8595 7432
8614 8074 8612 7769
8626 8388 8564 7468
8618 8113 8577 7785
8587 8042 8610 7770
8587 8106 8579 7806
8603 8325 8630 7546
8590 8151 8589 7794
8569 8109 8634 7780
8551 8273 8644 7637
8301 8379 8419 8063
8657 7972 8583 7739
8563 8222 8703 7597
8635 8118 8567 7765
8584 8264 8658 7611
8448 8398 8373 7854
8640 8093 8563 7693
8566 8227 8696 7601
8616 8230 8635 7617
8647 8037 8577 7693
8595 8188 8680 7603
8587 8196 8694 7617
8631 8079 8602 7749
8574 8193 8708 7592
8641 8103 8561 7731
8613 8215 8667 7510
8656 8128 8502 7738
8635 8246 8646 7501
8632 8236 8677 7428
8623 8231 8690 7420
8635 8223 8565 7733
8638 8256 8631 7427
8365 8390 8458 7866
8656 8231 8667 7483
8583 8157 8562 7774
8691 8261 8593 7416
8629 8218 8510 7763
8655 8254 8647 7476
8361 8373 8474 7897
8614 8164 8560 7753
8368 8408 8425 7930
8636 8149 8614 7716
8352 8391 8447 7925
8601 8152 8624 7739
8648 8160 8710 7440
8579 8167 8570 7776
8372 8383 8475 7867
8596 8156 8626 7740
8617 8146 8776 7420
8360 8364 8478 7880
8630 8227 8567 7734
8357 8364 8504 7901
8631 8153 8616 7717
8316 8353 8531 7938
8624 8201 8571 7722
8586 8186 8590 7707
8572 8081 8771 7460
8364 8354 8493 7909
8586 8250 8559 7743
8553 8124 8769 7529
8385 8396 8448 7923
8593 8269 8602 7671
8534 8086 8800 7531
8552 8123 8762 7541
8334 8365 8411 8000
8307 8373 8403 7976
8525 8308 8651 7652
8296 8396 8357 7978
8525 8244 8682 7616
8307 8373 8328 8047
8563 8259 8663 7631
8296 8314 8458 8032
8532 8188 8696 7616
8252 8375 8327 8080
8532 8252 8665 7652
8539 8075 8812 7442
8281 8324 8477 8058
8526 8304 8689 7602
8295 8316 8426 8107
8520 8229 8734 7577
8585 8014 8789 7512
8257 8346 8394 8105
8515 8298 8712 7659
8554 7943 8822 7497
8561 8000 8809 7497
8305 8248 8391 8091
8547 8063 8777 7533
8510 8357 8667 7613
8526 8240 8720 7566
8549 8039 8802 7471
8559 8089 8789 7489
8502 8313 8670 7628
8487 8288 8729 7621
8478 8343 8670 7642
8541 8135 8796 7492
8464 8349 8667 7671
8459 8398 8633 7668
8552 8137 8807 7469
8543 8454 8625 7573
8534 8100 8845 7459
8431 8480 8588 7610
8432 8484 8561 7603
8446 8488 8558 7676
8540 8128 8805 7475
8494 8489 8555 7545
8546 8041 8846 7457
8542 8055 8833 7480
8524 8018 8871 7470
8411 8509 8594 7726
8528 8057 8836 7486
8535 8001 8850 7486
8465 8524 8547 7682
8581 8035 8816 7495
8466 8528 8520 7675
8599 7973 8787 7454
8329 8224 8404 8061
8592 8029 8773 7454
8607 8061 8757 7486
8628 8050 8730 7463
8431 8498 8577 7702
8597 8011 8770 7468
8569 8002 8818 7478
8550 7964 8849 7480
8265 8351 8353 8139
8447 8469 8601 7630
8284 8287 8317 8194
8596 8025 8797 7469
8294 8092 8312 8113
8578 7991 8775 7528
8312 8259 8292 8089
8580 7989 8770 7521
8495 8479 8572 7648
8614 8060 8711 7515
8625 8054 8769 7445
8627 8145 8721 7466
8258 8066 8375 8125
8498 8493 8649 7500
8640 8060 8718 7484
8265 8010 8389 8125
8444 8515 8562 7515
8654 8088 8729 7458
8257 8005 8430 8091
8252 8174 8450 8075
8310 8084 8496 8035
8449 8511 8560 7514
8641 8137 8699 7511
8700 8149 8677 7447
8321 8185 8481 8057
8523 8486 8543 7612
8307 8247 8453 8041
8624 8140 8705 7494
8647 8135 8744 7424
8669 8143 8701 7448
8335 8214 8451 8046
8489 8430 8609 7646
8677 8148 8660 7482
8547 8480 8636 7530
8645 8182 8683 7476
8658 8127 8694 7474
8485 8420 8613 7609
8665 8193 8646 7452
8704 8188 8642 7463
8679 8217 8571 7501
8353 8308 8401 8030
8673 8156 8666 7492
8474 8400 8517 7751
8615 8184 8688 7487
8622 8160 8726 7489
8618 8227 8679 7478
8352 8192 8479 8036
8359 8136 8493 8036
8631 8197 8674 7497
8380 8178 8448 8050
8651 8183 8680 7474
8363 8136 8451 8024
8397 8207 8392 8018
8365 8512 8615 7773
8670 8244 8628 7450
8366 8200 8394 8039
8688 8281 8590 7460
8412 8261 8342 8028
8668 8205 8584 7469
8391 8219 8387 8014
8709 8249 8547 7479
8422 8226 8385 7993
8724 8184 8534 7465
8439 8223 8379 8010
8678 8123 8586 7476
8460 8265 8334 8024
8699 8165 8541 7490
8426 8266 8304 8008
8709 8158 8574 7501
8409 8269 8310 7991
8678 8087 8607 7486
8388 8275 8292 8014
8412 8311 8308 7996
8724 8148 8555 7475
8372 8295 8282 8002
8728 8187 8520 7491
8359 8325 8287 7983
8315 8286 8376 8045
8435 8447 8604 7754
8713 8224 8543 7459
8449 8418 8624 7659
8451 8474 8570 7665
8682 8217 8545 7480
8438 8492 8545 7683
8724 8239 8528 7453
8759 8296 8508 7445
8462 8459 8582 7604
8711 8228 8547 7413
8696 8238 8566 7439
8447 8405 8632 7594
8336 8255 8389 8070
8701 8203 8580 7438
8451 8349 8672 7615
8455 8388 8637 7631
8429 8396 8654 7720
8414 8412 8640 7675
8728 8163 8622 7454
8467 8413 8610 7686
8480 8425 8622 7638
8682 8094 8731 7395
8449 8359 8686 7697
8254 8292 8475 8059
8419 8318 8674 7754
8306 8292 8506 8050
8415 8332 8661 7777
8332 8215 8482 8033
8428 8302 8656 7796
8360 8224 8434 8023
8372 8286 8352 7996
8347 8318 8323 8004
8316 8311 8325 8025
8478 8386 8591 7767
8337 8353 8280 8039
8704 8105 8720 7419
8336 8363 8262 8020
8379 8392 8567 7786
8669 8108 8730 7442
8310 8373 8302 8026
8411 8332 8550 7789
8443 8428 8528 7775
8669 8117 8701 7476
8293 8357 8355 8076
8452 8400 8548 7774
8638 8110 8703 7497
8642 8149 8668 7513
8472 8420 8553 7768
8469 8355 8513 7775
8310 8306 8302 8066
8634 8207 8675 7488
8496 8378 8492 7766
8630 8168 8710 7472
8279 8346 8272 8148
8621 8223 8651 7493
8297 8300 8263 8142
8471 8410 8463 7774
8318 8261 8228 8069
8456 8420 8482 7800
8614 8267 8655 7485
8329 8186 8219 8088
8422 8349 8541 7806
8426 8388 8506 7822
8441 8378 8487 7796
8435 8393 8493 7830
8315 8187 8355 8090
8608 8269 8747 7549
8306 8242 8296 8111
8592 8252 8711 7557
8484 8391 8556 7751
8550 8236 8743 7552
8311 8324 8290 8115
8298 8375 8218 8138
8238 8363 8222 8089
8269 8370 8220 8068
8471 8429 8494 7764
8570 8270 8755 7509
8271 8311 8291 8135
8462 8424 8507 7756
8495 8330 8709 7586
8252 8314 8270 8149
8477 8414 8488 7730
8482 8354 8683 7527
8489 8427 8687 7514
8585 8387 8631 7569
8438 8475 8540 7767
8272 8261 8337 8114
8453 8452 8487 7757
8257 8271 8356 8140
8208 8343 8425 8126
8533 8451 8586 7577
8241 8339 8358 8118
8490 8435 8560 7724
8542 8425 8499 7608
8252 8365 8461 8056
8563 8439 8453 7517
8245 8413 8416 8061
8423 8421 8590 7757
8241 8374 8451 8045
8306 8310 8484 8037
8405 8486 8556 7779
8235 8311 8458 8089
8239 8350 8423 8105
8351 8451 8564 7802
8208 8279 8456 8090
8475 8398 8637 7561
8421 8491 8565 7769
8486 8392 8695 7491
8195 8373 8430 8107
8382 8458 8562 7781
8203 8365 8416 8093
8383 8384 8611 7764
8234 8372 8414 8072
8544 8445 8644 7507
8195 8422 8465 8058
8438 8447 8578 7733
8192 8440 8425 8074
8198 8450 8439 8069
8502 8444 8588 7598
8223 8394 8471 8014
8226 8429 8463 8037
8516 8440 8557 7610
8195 8358 8496 8022
8496 8452 8522 7623
8522 8437 8464 7621
8231 8433 8426 8029
8386 8374 8627 7764
8202 8436 8452 8046
8436 8377 8566 7780
8209 8395 8440 8059
8542 8468 8541 7580
8255 8456 8388 8048
8430 8318 8630 7735
8239 8511 8375 8047
8464 8389 8571 7729
8537 8464 8578 7588
8252 8464 8356 8011
8481 8386 8565 7746
8265 8434 8351 8030
8208 8440 8408 8032
8440 8423 8537 7770
8516 8422 8623 7574
8236 8446 8410 7969
8436 8481 8546 7743
8221 8456 8429 7995
8548 8394 8619 7529
8189 8469 8473 7991
8552 8433 8584 7545
8179 8504 8430 8026
8518 8362 8643 7551
8158 8462 8475 8012
8396 8519 8613 7752
8521 8397 8635 7574
8517 8358 8670 7558
8186 8434 8481 7968
8551 8429 8611 7552
8221 8491 8461 7960
8183 8427 8492 7988
8170 8457 8497 7969
8180 8507 8484 7987
8362 8448 8672 7758
8163 8529 8463 7912
8366 8487 8637 7774
8586 8409 8600 7544
8138 8510 8470 7937
8335 8416 8670 7759
8117 8518 8495 7922
8335 8480 8639 7795
8146 8515 8469 7905
8331 8441 8674 7779
8227 8497 8527 7895
8113 8524 8476 7914
8367 8452 8635 7750
8570 8333 8681 7559
8124 8555 8480 7900
8371 8491 8600 7766
8569 8364 8635 7563
8378 8435 8614 7766
8557 8298 8699 7598
8258 8548 8418 7910
8409 8442 8612 7745
8297 8503 8451 7885
8405 8403 8647 7729
8509 8230 8738 7566
8439 8474 8588 7723
8540 8301 8705 7581
8277 8555 8416 7833
8408 8403 8621 7708
8536 8262 8740 7565
8304 8498 8493 7874
8408 8467 8590 7744
8267 8505 8429 7815
8585 8323 8662 7533
8433 8435 8619 7736
8313 8482 8475 7916
8469 8454 8576 7712
8539 8326 8683 7580
8460 8375 8634 7657
8534 8385 8638 7534
8312 8493 8432 7859
8510 8378 8573 7673
8543 8351 8650 7512
8564 8280 8714 7488
8528 8378 8523 7720
8524 8339 8558 7704
8319 8480 8419 7848
8589 8412 8598 7501
8346 8512 8421 7847
8582 8377 8647 7468
8315 8494 8406 7871
8483 8300 8658 7733
8567 8323 8697 7458
8279 8483 8445 7900
8462 8371 8594 7757
8325 8544 8393 7889
8473 8365 8652 7687
8464 8420 8593 7708
8563 8387 8676 7495
8436 8384 8618 7716
8317 8468 8488 7893
8482 8445 8566 7705
8532 8351 8727 7524
8522 8274 8778 7486
8442 8367 8599 7692
8473 8438 8566 7707
8553 8310 8727 7457
8439 8367 8625 7713
8572 8325 8729 7454
8248 8489 8502 7910
8424 8377 8644 7739
8561 8334 8719 7443
8435 8383 8635 7718
8562 8270 8770 7444
8230 8487 8420 7968
8574 8326 8705 7424
8261 8494 8418 7947
8594 8294 8694 7449
8274 8464 8413 7966
8573 8302 8719 7434
8466 8419 8584 7689
8566 8358 8705 7434
8253 8481 8431 7939
8466 8483 8553 7725
8517 8297 8783 7466
8416 8480 8614 7709
8498 8282 8781 7469
8204 8420 8509 7971
8532 8353 8722 7463
8197 8468 8464 7976
8365 8449 8577 7786
8532 8305 8738 7406
8155 8452 8496 7971
8535 8340 8730 7429
8189 8523 8437 7965
8341 8452 8567 7810
8513 8316 8738 7434
8200 8517 8495 7895
8517 8303 8744 7434
8218 8554 8457 7905
8406 8445 8487 7800
8197 8512 8502 7891
8179 8475 8540 7881
8424 8411 8527 7813
8550 8237 8772 7427
8177 8477 8545 7888
8374 8408 8588 7797
8546 8251 8759 7450
8223 8538 8493 7877
8310 8288 8813 7903
8306 8339 8714 7874
8326 8348 8710 7785
8433 8369 8727 7734
8283 8266 8753 7933
8298 8403 8744 7845
8304 8240 8914 7821
8349 8155 8819 7945
8289 8329 8748 7903
8278 8215 8926 7898
8308 8241 8836 7948
8265 8229 8947 7780
8351 8327 8765 7883
8274 8344 8743 7868
8314 8354 8815 7730
8255 8186 8842 7919
8344 8261 8812 7684
8382 8275 8798 7752
8326 8280 8862 7762
8341 8305 8834 7725
8371 8380 8852 7675
8273 8275 8900 7773
8262 8181 8930 7870
8308 8242 8878 7859
8248 8242 8828 7919
8247 8270 8938 7826
8420 8377 8741 7753
8072 8322 8914 7829
8262 8280 8857 7877
8219 8297 8939 7784
8250 8256 8928 7785
8359 8415 8669 7890
8340 8309 8885 7660
8245 8539 8766 7660
8236 8341 8975 7776
8254 7977 8901 7983
8420 8387 8723 7727
8355 8293 8799 7705
8237 8260 8758 7975
8356 8257 8648 8027
8411 8331 8733 7845
8233 8274 8745 7998
8325 8186 8681 8012
8360 8324 8672 7930
8251 8307 8805 7901
8293 8271 8901 7676
8246 8342 8738 7943
8247 8192 8985 7770
8301 8247 8790 7908
8312 8346 8871 7812
8285 8139 8793 8004
8289 8295 8780 7891
8244 8202 8807 8022
8268 8388 8702 7895
8336 8375 8763 7759
8339 8390 8781 7724
8360 8243 8661 8004
8304 8336 8633 7983
8270 8408 8576 8007
8203 8421 8528 7963
8401 8358 8777 7737
8428 8339 8736 7706
8382 8436 8711 7748
8431 8308 8754 7726
8425 8259 8791 7724
8424 8364 8740 7726
8315 8322 8609 7974
8371 8247 8629 8001
8189 8423 8530 7982
8391 8250 8659 7983
8368 8276 8758 7917
8329 8344 8796 7704
8328 8113 8864 7931
8285 8247 8823 7901
8409 8280 8690 7852
8359 8331 8702 7854
8367 8194 8842 7849
8482 8176 8786 7867
8390 8251 8744 7862
8395 8169 8711 7936
8171 8433 8529 8000
8294 8155 8814 7975
8348 8199 8738 7958
8174 8312 8767 7877
8299 8107 8780 7972
8271 8423 8694 7918
8310 8378 8679 7890
8103 8431 8774 7917
8250 8328 8751 7920
8083 8366 8784 7845
8133 8369 8723 7861
8430 8176 8755 7876
8253 8246 8791 7911
8229 8235 8780 7982
8433 8367 8604 7849
8416 8466 8535 7933
8498 8335 8493 7877
8448 8357 8585 7823
8297 8304 8845 7862
8475 8357 8494 7870
8462 8315 8752 7705
8246 8308 8768 7876
8295 8362 8772 7851
8267 8332 8777 7830
8442 8275 8795 7614
8272 8411 8812 7736
8225 8463 8760 7669
8271 8524 8708 7658
8243 8458 8746 7696
8279 8469 8707 7667
8260 8440 8761 7677
8249 8445 8800 7653
8229 8457 8765 7666
8287 8380 8818 7693
8350 8337 8782 7678
8321 8330 8836 7698
8346 8329 8786 7684
8346 8253 8861 7672
8370 8287 8810 7722
8409 8269 8805 7668
8418 8315 8777 7724
8336 8326 8838 7709
8368 8246 8819 7679
8375 8198 8864 7674
8397 8233 8822 7827
8432 8259 8807 7604
8427 8232 8835 7669
8439 8211 8852 7599
8473 8282 8793 7593
8482 8322 8829 7583
8404 8260 8814 7599
8435 8331 8781 7614
8483 8335 8773 7610
8479 8287 8837 7560
8439 8252 8853 7559
8424 8296 8907 7592
8443 8241 8880 7561
8396 8332 8892 7583
8399 8250 8840 7594
8398 8195 8903 7627
8365 8243 8868 7636
8323 8227 8900 7631
8395 8275 8844 7614
8410 8278 8811 7637
8379 8271 8813 7658
8320 8260 8933 7668
8300 8289 8887 7672
8281 8263 8926 7764
8285 8314 8869 7813
8326 8315 8853 7751
8319 8272 8898 7685
8277 8322 8883 7827
8193 8387 8831 7729
8213 8380 8883 7700
8164 8375 8875 7703
8251 8369 8857 7722
8208 8320 8888 7777
8258 8250 8959 7766
8262 8289 8924 7782
8233 8356 8915 7764
8257 8243 8928 7775
8279 8215 8973 7811
8264 8267 8935 7723
8367 8382 8761 7738
8320 8349 8815 7752
8377 8309 8785 7691
8477 8305 8733 7679
8471 8320 8739 7713
8440 8249 8772 7698
8457 8263 8771 7742
8436 8304 8755 7677
8418 8267 8793 7667
8433 8305 8758 7698
8387 8308 8779 7745
8389 8306 8774 7738
8420 8313 8772 7717
8458 8328 8753 7732
8427 8257 8786 7717
8430 8292 8778 7740
8416 8348 8758 7711
8382 8372 8742 7712
8336 8311 8794 7723
8375 8422 8717 7712
8360 8432 8736 7738
8370 8397 8779 7703
8329 8374 8793 7714
8320 8299 8827 7829
8338 8310 8803 7711
8351 8204 8831 7737
8431 8214 8772 7838
8448 8270 8750 7766
8465 8250 8715 7822
8504 8228 8773 7772
8460 8246 8752 7830
8378 8146 8883 7852
8342 8233 8817 7857
8374 8191 8860 7738
8401 8242 8754 7873
8358 8202 8801 7846
8387 8253 8785 7841
8358 8266 8770 7882
8367 8239 8815 7743
8365 8246 8801 7759
8327 8269 8798 7770
8393 8263 8760 7859
8289 8258 8817 7880
8396 8217 8782 7861
8415 8181 8833 7791
8400 8143 8805 7823
8423 8104 8824 7846
8429 8126 8770 7903
8455 8167 8851 7804
8411 8267 8764 7809
8388 8236 8797 7863
8373 8172 8821 7894
8356 8179 8826 7893
8327 8195 8803 7867
8221 8284 8800 7957
8261 8222 8842 7888
8244 8252 8974 7911
8327 8220 8798 7931
8339 8307 8698 7912
8339 8338 8661 7951
8349 8158 8747 7954
8356 8193 8679 7991
8331 8270 8660 7964
8426 8204 8696 7915
8284 8199 8781 7970
8382 8275 8640 7954
8391 8209 8783 7904
8502 8081 8786 7818
8437 8294 8648 7897
8487 8216 8646 7784
8541 8266 8624 7803
8559 8206 8658 7766
8559 8187 8693 7829
8465 8186 8746 7786
8422 8274 8671 7785
8476 8209 8666 7774
8447 8275 8665 7771
8418 8276 8768 7799
8475 8216 8669 7884
8377 8211 8786 7910
8420 8065 8802 7922
8380 8093 8823 7857
8379 8093 8868 7899
8374 7996 8937 7915
8367 8055 8842 7972
8416 8232 8735 7847
8399 8217 8756 7840
8407 8178 8756 7856
8426 8091 8778 7880
8460 8162 8719 7874
8433 8197 8753 7901
8458 8218 8693 7886
8351 8257 8725 7958
8302 8108 8776 8014
8264 8292 8760 7974
8324 8308 8694 7930
8300 8297 8668 7967
8371 8269 8673 7920
8398 8301 8675 7919
8335 8290 8725 7901
8386 8263 8599 7974
8391 8254 8699 7906
8359 8240 8568 8009
8315 8281 8634 7973
8386 8272 8570 8008
8342 8313 8636 7972
8309 8374 8706 7897
8402 8113 8725 7936
8351 8258 8695 7951
8272 8427 8667 7911
8364 8162 8713 7957
8329 8225 8646 8028
8377 8185 8668 7952
8360 8232 8644 8007
8369 8159 8674 7938
8376 8103 8688 7938
8342 8265 8699 7935
8397 8095 8663 7953
8360 8179 8692 7968
8382 8078 8730 7940
8288 8332 8751 7883
8353 8229 8667 7968
8435 8119 8752 7932
8289 8336 8724 7876
8403 8232 8606 7984
8440 8098 8699 7912
8449 8293 8554 7973
8327 8266 8695 7953
8460 8238 8555 7963
8389 8058 8804 7943
8324 8225 8723 7959
8491 8245 8553 7942
8380 8018 8803 7980
8497 8230 8547 7908
8482 8240 8566 7934
8432 8237 8627 7918
8381 8175 8707 7906
8332 8383 8667 7891
8426 8252 8633 7952
8384 8210 8699 7929
8395 8181 8666 7937
8395 8245 8635 7973
8391 8474 8574 7870
8335 8091 8854 7992
8345 8192 8761 7938
8319 8526 8623 7770
8361 8233 8685 7940
8362 8231 8686 7944
8433 8510 8526 7768
8382 8227 8703 7917
8358 8245 8673 7967
8395 8197 8698 7936
8364 8230 8667 7933
8378 8483 8566 7801
8383 8268 8636 7931
8276 8489 8661 7832
8465 8232 8680 7874
8441 8194 8677 7889
8456 8219 8618 7896
8344 8007 8842 8009
8473 8208 8674 7860
8297 8026 8894 7985
8455 8280 8608 7896
8510 8256 8595 7847
8314 8599 8574 7632
8429 8221 8719 7903
8470 8270 8589 7870
8276 8592 8589 7660
8444 8238 8662 7897
8271 8559 8613 7678
8341 7973 8860 7931
8274 8594 8605 7701
8403 8223 8707 7903
8421 8260 8669 7913
8221 8585 8625 7720
8432 8185 8660 7932
8332 8056 8862 7969
8238 8592 8514 7702
8453 8227 8615 7946
8435 8261 8575 7933
8389 8265 8560 7941
8432 8288 8601 7903
8307 8050 8874 7954
8414 8669 8562 7671
8426 8322 8563 7904
8318 8030 8934 7913
8398 8256 8601 7942
8387 8279 8555 7944
8318 8570 8640 7602
8452 8272 8475 7934
8452 8231 8452 7971
8263 8616 8563 7601
8481 8228 8426 7954
8463 8191 8464 7944
8446 8202 8408 7980
8268 8631 8550 7677
8419 8212 8412 7998
8394 8201 8426 8018
8387 8166 8475 7985
8390 8201 8467 8008
8359 8194 8469 8029
8400 8228 8452 7985
8262 8528 8669 7736
8422 8253 8384 7992
8228 8529 8639 7720
8450 8219 8410 7977
8404 8158 8462 7988
8247 8570 8567 7718
8401 8158 8488 8009
8225 8546 8575 7723
8398 8123 8496 7986
8288 8118 8781 7984
8435 8134 8497 7974
8233 8048 8837 8007
8252 8544 8606 7794
8426 8075 8497 7978
8486 8080 8465 7996
8253 8047 8854 8046
8153 8472 8673 7767
8458 8050 8470 7975
8150 8431 8701 7773
8492 8121 8411 7969
8273 8465 8675 7781
8461 8114 8413 7990
8488 8146 8415 7989
8467 8104 8460 7975
8362 8512 8641 7794
8498 8111 8458 7954
8509 8105 8516 7884
8258 8423 8735 7801
8526 8199 8502 7903
8273 8113 8859 7961
8221 8424 8731 7806
8494 8302 8534 7920
8224 8352 8794 7807
8544 8224 8475 7900
8204 8359 8786 7770
8547 8187 8521 7846
8222 8396 8748 7780
8565 8177 8479 7858
8206 8358 8774 7755
8581 8238 8521 7797
8360 8009 8856 7970
8192 8352 8859 7811
8556 8317 8543 7836
8192 8360 8777 7761
8586 8239 8569 7769
8372 8044 8827 7946
8534 8254 8654 7776
8533 8276 8630 7784
8168 8383 8777 7753
8566 8150 8672 7766
8152 8358 8860 7724
8242 8344 8911 7686
8507 8125 8775 7819
8529 8196 8802 7764
8389 7980 8758 7985
8385 7941 8793 7969
8522 8361 8619 7767
8366 8037 8811 8008
8159 8405 8899 7687
8380 8072 8721 7996
8106 8388 8902 7636
8548 8248 8582 7741
8346 8073 8691 7980
8154 8456 8863 7668
8572 8269 8626 7710
8377 8080 8689 7959
8120 8457 8833 7652
8552 8223 8578 7721
8347 8048 8769 7987
8141 8499 8788 7666
8568 8230 8661 7694
8113 8433 8826 7704
8096 8436 8832 7687
8378 8197 8748 7931
8062 8365 8891 7693
8106 8412 8884 7767
8533 8233 8671 7717
8094 8379 8886 7750
8121 8411 8888 7749
8410 8050 8779 7958
8082 8348 8935 7748
8424 8075 8762 7956
8062 8360 8900 7761
8382 8013 8730 7968
8155 8296 8898 7830
8250 8239 8963 7873
8510 8126 8771 7861
8286 8250 8924 7844
8186 8303 8896 7809
8173 8236 8991 7795
8158 8353 8829 7795
8541 8263 8593 7826
8189 8360 8827 7774
8271 8101 8778 8035
8268 8037 8835 8020
8564 8253 8509 7788
8176 8306 8897 7782
8367 8023 8850 8006
8258 8051 8817 8038
8261 8051 8791 8017
8307 8112 8739 8006
8310 8071 8808 8006
8247 8204 8971 7850
8220 8260 8937 7853
8237 8058 8784 8026
8293 8114 8779 7983
8564 8259 8518 7784
8143 8320 8912 7777
8540 8243 8507 7846
8284 8148 8821 7958
8142 8316 8939 7784
8585 8263 8488 7729
8607 8287 8480 7724
8599 8261 8486 7710
8193 8148 8825 8053
8635 8240 8449 7719
8125 8353 8906 7777
8620 8213 8523 7755
8266 8169 8845 7961
8146 8395 8861 7791
8608 8255 8569 7714
8111 8346 8888 7790
8249 8142 8801 7978
8642 8262 8541 7672
8661 8351 8483 7657
8143 8357 8910 7678
8608 8191 8600 7678
8294 8257 8729 7941
8115 8352 8948 7656
8316 8293 8696 7917
8156 8315 8976 7632
8611 8255 8543 7693
8139 8251 9002 7626
8598 8261 8586 7682
8233 8219 8764 8074
8195 8262 8989 7829
8603 8265 8549 7674
8307 8306 8703 7952
8603 8201 8580 7638
8238 8255 8973 7636
8271 8267 8717 7952
8595 8226 8594 7659
8230 8209 8795 8001
8249 8200 8974 7626
8599 8265 8559 7675
8215 8219 8814 8027
8258 8266 8936 7612
8186 8222 8840 8044
8248 8346 8925 7637
8184 8148 8847 8012
8564 8272 8548 7719
8558 8333 8465 7717
8210 8221 8760 8014
8186 8380 8886 7610
8202 8153 8812 8061
8537 8314 8545 7711
8253 8350 8888 7629
8198 8162 8784 8082
8526 8281 8626 7722
8183 8172 8803 8108
8526 8310 8577 7714
8149 8101 8862 8114
8153 8140 8827 8130
8331 8343 8873 7682
8557 8317 8575 7693
8159 8125 8821 8096
8530 8337 8637 7712
8193 8196 8762 8090
8162 8189 8764 8111
8183 8183 8782 8088
8567 8304 8612 7711
8162 8141 8827 8074
8200 8092 8839 8053
8216 8240 8977 7754
8530 8273 8668 7676
8227 8124 8841 8052
8190 8068 8880 8071
8183 8124 8866 8071
8198 8114 8847 8045
8156 8092 8864 8072
8153 8092 8890 8093
8125 8056 8915 8101
8152 8088 8917 8100
8122 8047 8905 8157
8143 8089 8860 8171
8108 8040 8887 8170
8543 8194 8589 7786
8136 8101 8885 8112
8589 8255 8537 7775
8115 8059 8930 8098
8554 8206 8564 7774
8143 8125 8892 8060
8575 8248 8519 7788
8109 8126 8862 8044
8128 8237 8999 7638
8098 8149 8816 8046
8131 8272 8991 7661
8143 8189 8798 8056
8135 8250 8997 7647
8551 8168 8498 7865
8552 8172 8534 7855
8237 8319 8692 7969
8226 8307 8717 7981
8524 8239 8631 7812
8166 8315 8657 8001
8546 8264 8563 7819
8236 8279 8692 8019
8201 8361 8898 7673
8525 8116 8752 7835
8241 8297 8698 7955
8243 8313 8897 7642
8564 8128 8630 7793
8563 8202 8581 7810
8574 8196 8639 7740
8225 8229 8807 7973
8216 8284 8748 7994
8503 8205 8640 7785
8263 8336 8906 7611
8523 8191 8784 7765
8255 8291 8772 7915
8527 8241 8656 7767
8531 8219 8662 7753
8224 8284 8774 7936
8251 8252 8907 7900
8500 8203 8615 7830
8493 8259 8601 7830
8252 8251 8938 7725
8288 8265 8881 7747
8487 8199 8644 7795
8485 8201 8649 7802
8492 8195 8643 7801
8298 8206 8788 7957
8488 8209 8630 7824
8545 8215 8579 7803
8517 8209 8577 7866
8553 8220 8538 7837
8511 8155 8513 7892
8513 8153 8508 7885
8331 8220 8797 7936
8308 8178 8909 7823
8541 8189 8483 7877
8352 8168 8823 7903
8293 8188 8928 7849
8360 8129 8789 7913
8259 8117 8987 7855
8532 8305 8545 7873
8310 8126 8850 7897
8252 8165 8942 7860
8559 8248 8464 7881
8258 8150 8936 7826
8534 8236 8433 7911
8517 8239 8439 7894
8331 8239 8759 7927
8193 8134 8997 7860
8574 8238 8445 7855
8568 8253 8451 7889
8530 8238 8470 7874
8220 8216 8958 7929
8515 8248 8489 7900
8255 8224 8839 7897
8501 8298 8547 7894
8286 8324 8757 7904
8258 8288 8782 7912
8506 8434 8529 7847
8270 8272 8843 7863
8336 8211 8789 7886
8456 8319 8525 7872
8367 8218 8787 7865
8280 8262 8848 7836
8446 8417 8544 7908
8333 8147 8846 7871
8450 8403 8557 7885
8337 8195 8782 7921
8299 8131 8813 7949
8271 8238 8905 7861
8475 8427 8531 7868
8339 8217 8776 7953
8501 8459 8514 7801
8304 8127 8782 7970
8265 8272 8867 7862
8491 8354 8621 7788
8278 8142 8840 7972
8226 8142 8809 7981
8272 8203 8757 7970
8438 8390 8592 7837
8510 8464 8501 7809
8319 8248 8743 7971
8259 8227 8938 7824
8472 8525 8465 7777
8267 8248 8712 7980
8259 8236 8909 7858
8552 8453 8524 7734
8264 8248 8738 8001
8240 8223 8757 7988
8243 8264 8729 7982
8243 8223 8706 8019
8205 8272 8694 8040
8181 8155 8997 7895
8516 8416 8660 7626
8241 8283 8655 8011
8179 8157 9002 7902
8195 8222 8707 8022
8177 8126 9008 7866
8247 8222 8738 8013
8225 8201 8982 7899
8264 8283 8662 7990
8223 8260 8911 7832
8569 8489 8468 7714
8286 8264 8748 7938
8584 8380 8490 7648
8238 8314 8861 7842
8590 8433 8498 7587
8227 8337 8815 7844
8594 8517 8425 7618
8181 8276 8867 7855
8595 8351 8681 7503
8212 8283 8865 7834
8597 8400 8610 7555
8191 8291 8890 7819
8648 8436 8576 7512
8656 8456 8429 7524
8400 8273 8706 7879
8644 8519 8455 7479
8194 8276 8950 7831
8390 8338 8700 7833
8191 8276 8976 7852
8562 8483 8571 7563
8356 8267 8759 7839
8223 8271 8941 7819
8320 8256 8798 7868
8324 8295 8763 7884
8320 8309 8750 7907
8318 8238 8807 7904
8266 8285 8923 7823
8352 8309 8748 7898
8284 8280 8879 7765
8332 8259 8774 7822
8293 8246 8891 7743
8614 8365 8635 7518
8392 8264 8742 7840
8295 8244 8886 7736
8414 8288 8734 7835
8635 8455 8483 7435
8348 8298 8772 7851
8375 8376 8775 7719
8667 8300 8617 7460
8376 8304 8758 7851
8335 8339 8796 7726
8686 8386 8553 7466
8396 8319 8747 7827
8636 8264 8668 7489
8340 8373 8854 7696
8636 8336 8646 7534
8396 8191 8816 7832
8337 8363 8885 7623
8402 8245 8775 7761
8368 8434 8852 7638
8411 8190 8834 7740
8383 8424 8833 7612
8613 8439 8586 7535
8429 8227 8796 7750
8398 8449 8774 7619
8405 8393 8788 7619
8415 8247 8803 7737
8401 8345 8815 7552
8406 8302 8744 7758
8416 8399 8765 7562
8388 8265 8782 7748
8458 8343 8817 7580
8655 8363 8570 7508
8688 8387 8473 7618
8427 8279 8842 7576
8677 8264 8428 7630
8510 8167 8856 7774
8719 8370 8401 7600
8383 8236 8912 7543
8458 8214 8781 7731
8365 8261 8925 7568
8679 8186 8396 7736
8411 8142 8868 7775
8702 8189 8450 7727
8417 8307 8853 7537
8432 8297 8834 7511
8697 8261 8375 7711
8425 8345 8789 7516
8697 8190 8434 7642
8418 8310 8838 7483
8403 8320 8857 7509
8392 8236 8756 7873
8354 8299 8899 7551
8385 8370 8866 7566
8351 8299 8925 7572
8351 8363 8894 7608
8717 8145 8476 7673
8386 8239 8764 7897
8354 8363 8868 7587
8345 8397 8856 7609
8374 8331 8857 7612
8324 8204 8808 7894
8405 8338 8855 7591
8342 8241 8770 7904
8420 8328 8836 7565
8427 8272 8850 7565
8657 8140 8508 7655
8383 8348 8868 7588
8375 8137 8793 7878
8356 8316 8866 7589
8375 8201 8762 7914
8351 8165 8746 7932
8372 8296 8876 7601
8393 8187 8729 7905
8393 8225 8940 7577
8427 8258 8670 7899
8448 8187 8734 7875
8384 8280 8881 7598
8380 8294 8868 7621
8371 8136 8782 7913
8389 8260 8880 7599
8411 8173 8761 7906
8338 8190 8935 7609
8380 8102 8794 7891
8707 8192 8398 7673
8384 8141 8759 7907
8395 8160 8911 7604
8374 8231 8847 7628
8664 8237 8423 7702
8479 8119 8773 7882
8364 8189 8916 7634
8457 8128 8764 7872
8343 8195 8898 7657
8404 8080 8792 7864
8333 8118 8949 7619
8435 8087 8790 7843
8460 8097 8866 7774
8360 8150 8951 7618
8656 8203 8490 7799
8394 8221 8892 7612
8334 8216 8924 7594
8338 8255 8889 7610
8300 8195 8943 7596
8461 8145 8807 7791
8331 8216 8904 7635
8327 8177 8939 7619
8360 8176 8886 7696
8323 8120 8923 7632
8483 8135 8854 7775
8354 8191 8890 7647
8633 8269 8421 7814
8470 8157 8832 7778
8413 8139 8894 7808
8629 8171 8488 7800
8454 8190 8770 7779
8378 8082 8914 7816
8407 8150 8872 7663
8486 8156 8747 7785
8478 8117 8824 7781
8379 8212 8840 7686
8661 8179 8473 7671
8403 8186 8852 7735
8396 8242 8838 7735
8525 8157 8837 7748
8421 8181 8808 7677
8434 8112 8880 7633
8618 8154 8677 7737
8465 8183 8847 7648
8427 8168 8866 7633
8384 8162 8859 7645
8698 8150 8485 7711
8531 8093 8773 7762
8415 8169 8857 7624
8552 8138 8737 7698
8422 8113 8871 7624
8545 8103 8786 7665
8436 8077 8951 7781
8549 8151 8722 7715
8412 8113 8895 7782
8452 8101 8898 7662
8678 8108 8544 7708
8474 8046 8864 7638
8704 8169 8450 7614
8478 8010 8884 7566
8662 8173 8492 7580
8553 8073 8766 7815
8527 8032 8843 7685
8683 8160 8504 7737
8475 7975 8892 7543
8651 8331 8512 7637
8491 8091 8862 7750
8466 7977 8886 7549
8449 8064 8913 7781
8628 8265 8458 7822
8457 7924 8904 7519
8545 8069 8805 7695
8488 7995 8871 7534
8459 7955 8898 7555
8476 8019 8872 7561
8460 8020 8895 7735
8672 8242 8382 7736
8504 8072 8869 7478
8484 8104 8880 7453
8663 8262 8345 7695
8538 8118 8778 7736
8464 8039 8890 7381
8547 8184 8740 7722
8549 8073 8864 7454
8683 8359 8440 7629
8486 8033 8877 7407
8626 8364 8343 7651
8498 8032 8886 7416
8617 8316 8374 7689
8606 8237 8761 7533
8595 8340 8319 7731
8583 8181 8787 7417
8613 8020 8784 7445
8584 8340 8396 7699
8645 8160 8736 7461
8424 8096 8884 7789
8597 8316 8422 7758
8428 8135 8849 7805
8582 7949 8817 7430
8585 7984 8809 7453
8568 8382 8421 7755
8577 8381 8408 7686
8583 8144 8805 7448
8515 8107 8850 7730
8568 8105 8778 7459
8515 8171 8819 7766
8549 8034 8801 7799
8470 8100 8879 7749
8449 8171 8815 7773
8586 8172 8780 7447
8572 8449 8277 7647
8415 8100 8874 7779
8398 8111 8818 7815
8590 8057 8779 7468
8518 8522 8444 7730
8603 8100 8727 7727
8528 8555 8418 7656
8640 8151 8763 7412
8347 8075 8916 7837
8381 8146 8857 7831
8649 8162 8733 7427
8412 8153 8855 7810
8498 8420 8608 7665
8369 8092 8901 7734
8617 8210 8745 7456
8389 8157 8891 7806
8588 8326 8409 7676
8379 8090 8926 7774
8413 8161 8867 7768
8382 8090 8900 7753
8420 8105 8881 7768
8433 8042 8959 7758
8393 8007 8975 7757
8398 7970 8983 7760
8528 8597 8368 7680
8385 8000 8988 7741
8439 8053 8922 7716
8386 8048 8960 7727
8388 8046 8955 7720
8406 8083 8917 7730
8560 8224 8794 7406
8457 8581 8395 7767
8361 8018 8918 7806
8300 8033 8924 7812
8609 8208 8768 7325
8474 8452 8556 7831
8306 8052 8953 7794
8617 8246 8696 7454
8271 8003 8980 7793
8292 8045 8935 7807
8633 8199 8718 7417
8266 7966 8970 7837
8503 8642 8343 7756
8270 8005 8935 7853
8423 8638 8336 7817
8283 7981 8961 7912
8490 8504 8535 7802
8320 8037 8922 7893
8371 8491 8291 7966
8324 8015 8928 7879
8369 8488 8542 7802
8314 7991 8969 7897
8591 8272 8753 7532
8371 7961 8945 7892
8405 8032 8886 7886
8345 8027 8918 7868
8349 8066 8883 7884
8610 8276 8726 7549
8307 8050 8915 7879
8585 8308 8697 7557
8307 8114 8884 7915
8300 8119 8885 7924
8282 8146 8855 7923
8303 8090 8908 7911
8286 8121 8851 7903
8272 8083 8910 7932
8412 8528 8303 7827
8252 8114 8879 7945
8569 8171 8771 7484
8374 8508 8272 7857
8547 8118 8809 7421
8397 8512 8512 7791
8401 8613 8404 7810
8300 8055 8916 7888
8303 8119 8859 7903
8334 8126 8857 7882
8335 8052 8906 7865
8545 8318 8805 7439
8339 8091 8871 7881
8352 8061 8866 7900
8348 8022 8901 7884
8384 8033 8862 7855
8388 8072 8827 7871
8375 8014 8840 7988
8368 8005 8862 7930
8389 7994 8835 7907
8560 8228 8778 7386
8519 8484 8487 7798
8425 8040 8760 7932
8556 8345 8719 7480
8383 8018 8777 7959
8414 8025 8775 7938
8380 7954 8834 7944
8563 8318 8710 7514
8578 8356 8700 7384
8585 8313 8702 7341
8401 8523 8576 7744
8390 8004 8821 7962
8617 8320 8665 7411
8361 8076 8810 7921
8346 8086 8829 7947
8299 8024 8889 7978
8593 8361 8645 7539
8336 7952 8883 7991
8567 8387 8666 7494
8332 7966 8870 8014
8559 8348 8711 7479
8506 8324 8767 7516
8529 8325 8769 7359
8282 8035 8833 8014
8561 8402 8655 7369
8330 8095 8856 7993
8343 8087 8842 7974
8295 8027 8819 7995
8322 8059 8821 7994
8291 8052 8823 8015
8280 8075 8777 8017
8287 8019 8791 8017
8284 8019 8817 8038
8581 8307 8710 7567
8238 7958 8869 8049
8269 7965 8867 8028
8317 7957 8943 7978
8490 8341 8763 7352
8266 7964 8871 7986
8562 8383 8703 7502
8419 8446 8594 7777
8519 8302 8726 7592
8387 8449 8578 7779
8317 7893 8974 7942
8529 8316 8735 7501
8387 8513 8515 7799
8351 7964 8915 7936
8299 7904 8975 7944
8290 7959 8916 7965
8378 8427 8586 7902
8319 7893 8917 7968
8408 8456 8551 7860
8316 7893 8943 7989
8320 7879 8956 7966
8322 7897 8923 7948
8567 8228 8773 7304
8340 7861 8925 7924
8552 8238 8792 7330
8395 8424 8580 7919
8377 7917 8886 7905
8521 8167 8825 7315
8421 7882 8900 7916
8581 8172 8793 7333
8455 7918 8817 7897
8318 8452 8641 7914
8442 7876 8918 7893
8427 7932 8848 7883
8630 8157 8762 7305
8614 8212 8731 7317
8667 8214 8690 7392
8442 7924 8855 7930
8411 8414 8552 7883
8390 7924 8824 7939
8662 8210 8727 7400
8405 8479 8555 7812
8427 7980 8785 7920
8646 8120 8775 7293
8400 8430 8652 7821
8396 7973 8787 7941
8624 8130 8779 7278
8424 8034 8785 7883
8639 8102 8789 7297
8503 8483 8489 7800
8435 7959 8776 7902
8440 7976 8814 7887
8429 8051 8823 7868
8392 7995 8862 7887
8645 8086 8773 7333
8401 8061 8824 7873
8380 8069 8849 7858
8637 8094 8790 7339
8383 8110 8821 7852
8614 8089 8769 7446
8436 8096 8810 7827
8561 8023 8830 7418
8390 8035 8862 7838
8596 8166 8776 7401
8570 8098 8819 7436
8396 8072 8822 7847
8420 8108 8838 7829
8281 8541 8580 7777
8385 8059 8865 7828
8402 8064 8836 7834
8429 8096 8838 7833
8411 8573 8563 7762
8433 8074 8844 7819
8437 8113 8809 7835
8444 8057 8823 7835
8454 8586 8494 7758
8452 8054 8802 7852
8479 8086 8804 7851
8534 8044 8820 7825
8503 8058 8804 7814
8677 8200 8708 7374
8484 8056 8813 7821
8742 8099 8699 7413
8453 7985 8846 7806
8703 8165 8678 7298
8696 8147 8724 7289
8509 8024 8842 7813
8531 8048 8834 7808
8727 8203 8647 7390
8366 8600 8342 7830
8534 8048 8808 7787
8680 8157 8726 7438
8507 8012 8818 7826
8674 8112 8734 7267
8673 8173 8730 7291
8667 8126 8766 7317
8685 8037 8725 7286
8541 8037 8822 7782
8707 8140 8712 7442
8545 8076 8787 7798
8507 8061 8806 7783
8635 8129 8765 7282
8599 8086 8795 7290
8539 8137 8719 7753
8699 8126 8713 7282
8524 8147 8738 7779
8703 8179 8671 7436
8493 8140 8740 7800
8485 8148 8754 7814
8464 8106 8799 7800
8495 8113 8797 7779
8502 8057 8811 7779
8548 8118 8759 7768
8520 8082 8784 7776
8541 8124 8739 7790
8639 8168 8730 7298
8549 8116 8725 7776
8585 8127 8686 7747
8581 8088 8721 7731
8643 8141 8754 7313
8566 8098 8740 7757
8563 8063 8748 7734
8572 8029 8760 7712
8638 8091 8791 7266
8572 8093 8729 7748
8585 8104 8710 7788
8568 8107 8716 7771
8720 8158 8663 7420
8616 8111 8708 7767
8672 8130 8729 7309
8575 8057 8739 7734
8571 8071 8726 7757
8650 8026 8767 7289
8587 7983 8752 7763
8642 8021 8808 7255
8596 8049 8714 7749
8642 8085 8777 7291
8633 8055 8825 7323
8567 7918 8762 7691
8645 8056 8800 7278
8617 7921 8701 7707
8626 8024 8850 7220
8654 7977 8662 7688
8630 8063 8815 7236
8627 7954 8631 7723
8602 8057 8813 7299
8618 7988 8619 7745
8623 8099 8768 7313
8609 7962 8603 7798
8601 8076 8580 7813
8606 8023 8823 7324
8578 7955 8605 7819
8641 8014 8608 7795
8629 7940 8609 7736
8632 8083 8578 7792
8672 8066 8760 7273
8599 7997 8560 7833
8613 7980 8536 7837
8563 7852 8539 7853
8521 7956 8606 7876
8499 7935 8630 7915
8327 8418 8653 7892
8491 7940 8614 7880
8718 8213 8634 7308
8473 7920 8649 7921
8680 8198 8653 7293
8273 8381 8701 7897
8444 7986 8648 7918
8680 8262 8622 7329
8277 8420 8666 7913
8480 8003 8658 7914
8693 8238 8648 7388
8327 8376 8692 7924
8714 8230 8623 7403
8276 8415 8665 7940
8485 7955 8620 7914
8687 8207 8592 7438
8453 7968 8664 7910
8718 8214 8590 7417
8474 8010 8619 7924
8669 8181 8670 7512
8685 8159 8696 7473
8449 7982 8651 7933
8296 8305 8725 7909
8437 7949 8653 7916
8291 8379 8693 7937
8483 8010 8601 7905
8245 8344 8698 7925
8494 7955 8602 7895
8238 8400 8684 7925
8506 7988 8600 7912
8631 8149 8695 7476
8242 8439 8649 7941
8460 7927 8652 7923
8449 7932 8691 7899
8211 8432 8651 7962
8633 8184 8726 7433
8238 8464 8653 7961
8633 8229 8676 7466
8256 8428 8655 7937
8253 8428 8681 7958
8545 7963 8575 7874
8253 8364 8712 7922
8543 7981 8538 7883
8246 8360 8716 7876
8280 8431 8657 7870
8536 7946 8587 7850
8284 8417 8670 7847
8561 7930 8561 7838
8279 8476 8625 7801
8657 8217 8635 7415
8652 8213 8672 7423
8285 8527 8593 7754
8648 8174 8707 7407
8273 8586 8561 7808
8573 7883 8576 7836
8644 8190 8728 7428
8539 7812 8635 7842
8292 8565 8523 7791
8246 8504 8575 7802
8555 7939 8532 7847
8243 8504 8601 7823
8207 8502 8569 7834
8253 8563 8517 7823
8258 8504 8525 7874
8575 8059 8520 7888
8213 8513 8519 7854
8275 8501 8519 7891
8536 7947 8586 7830
8232 8542 8465 7844
8304 8478 8529 7873
8357 8498 8558 7871
8626 7898 8629 7800
8189 8473 8549 7892
8580 7837 8681 7811
8176 8503 8554 7873
8573 7893 8667 7811
8560 8201 8786 7517
8167 8505 8564 7875
8575 7891 8662 7804
8594 8164 8766 7433
8204 8509 8547 7887
8555 8101 8813 7432
8127 8565 8496 7834
8168 8545 8508 7879
8172 8531 8521 7856
8203 8538 8519 7835
8544 8099 8808 7515
8216 8508 8514 7854
8551 7984 8535 7842
8252 8519 8475 7825
8533 7964 8566 7865
8261 8523 8457 7862
8307 8584 8405 7851
8490 7949 8608 7897
8279 8523 8407 7909
8275 8537 8394 7932
8238 8491 8450 7965
8269 8492 8472 7937
8512 7974 8540 7904
8501 7997 8494 7906
8515 7997 8467 7908
8548 8027 8518 7889
8609 8087 8470 7860
8328 8472 8456 7890
8600 7936 8486 7856
8550 7933 8547 7840
8581 8004 8514 7855
8401 8448 8423 7949
8265 8433 8364 7970
8528 7999 8552 7866
8529 7925 8601 7849
8591 8283 8701 7539
8287 8422 8441 8048
8287 8458 8296 7977
8579 8034 8516 7868
8227 8433 8436 8030
8259 8494 8281 7968
8563 8026 8522 7871
8262 8494 8255 7947
8567 8016 8562 7837
8298 8505 8216 7918
8594 8033 8520 7850
8610 8341 8662 7477
8300 8504 8291 7908
8609 8023 8501 7824
8310 8475 8374 7937
8328 8468 8306 7917
8602 8073 8476 7824
8587 8083 8495 7850
8554 8300 8675 7571
8352 8517 8287 7887
8566 8041 8540 7836
8447 8481 8494 7840
8597 8048 8538 7815
8343 8514 8393 7898
8563 7977 8597 7821
8284 8483 8450 7890
8578 8292 8731 7348
8327 8540 8287 7861
8586 7948 8534 7838
8308 8535 8418 7858
8617 7966 8549 7814
8620 8288 8689 7382
8645 8053 8573 7811
8618 8214 8696 7350
8627 8288 8668 7504
8356 8548 8237 7845
8694 8093 8433 7744
8701 8019 8576 7813
8375 8511 8248 7832
8642 8350 8638 7468
8437 8473 8298 7911
8691 8084 8570 7767
8420 8372 8308 7947
8611 8169 8511 7807
8580 8162 8513 7828
8620 8156 8745 7493
8382 8389 8347 7955
8402 8368 8317 7938
8618 8188 8509 7784
8620 8254 8656 7581
8593 8145 8548 7793
8603 8198 8528 7810
8563 8205 8512 7809
8417 8323 8372 7969
8574 8238 8478 7806
8587 8208 8473 7825
8411 8373 8304 7946
8633 8205 8452 7778
8640 8338 8629 7501
8618 8215 8471 7804
8361 8326 8343 7980
8584 8144 8530 7810
8588 8183 8495 7826
8368 8400 8339 7973
8548 8133 8569 7839
8582 8204 8510 7833
8396 8336 8292 7965
8423 8368 8294 7964
8432 8313 8353 7943
8576 8166 8526 7811
8622 8227 8474 7800
8377 8307 8346 7975
8364 8337 8351 7956
8343 8331 8423 7978
8608 8135 8529 7767
8614 8074 8612 7769
8618 8113 8577 7785
8587 8042 8610 7770
8587 8106 8579 7806
8603 8325 8630 7546
8590 8151 8589 7794
8569 8109 8634 7780
8551 8273 8644 7637
8301 8379 8419 8063
8657 7972 8583 7739
8563 8222 8703 7597
8635 8118 8567 7765
8584 8264 8658 7611
8640 8093 8563 7693
8566 8227 8696 7601
8616 8230 8635 7617
8647 8037 8577 7693
8595 8188 8680 7603
8587 8196 8694 7617
8631 8079 8602 7749
8574 8193 8708 7592
8641 8103 8561 7731
8613 8215 8667 7510
8656 8128 8502 7738
8632 8236 8677 7428
8623 8231 8690 7420
8635 8223 8565 7733
8656 8231 8667 7483
8583 8157 8562 7774
8691 8261 8593 7416
8629 8218 8510 7763
8655 8254 8647 7476
8614 8164 8560 7753
8636 8149 8614 7716
8601 8152 8624 7739
8648 8160 8710 7440
8579 8167 8570 7776
8596 8156 8626 7740
8617 8146 8776 7420
8630 8227 8567 7734
8631 8153 8616 7717
8316 8353 8531 7938
8624 8201 8571 7722
8586 8186 8590 7707
8572 8081 8771 7460
8586 8250 8559 7743
8553 8124 8769 7529
8593 8269 8602 7671
8534 8086 8800 7531
8552 8123 8762 7541
8334 8365 8411 8000
8307 8373 8403 7976
8525 8308 8651 7652
8296 8396 8357 7978
8525 8244 8682 7616
8307 8373 8328 8047
8563 8259 8663 7631
8296 8314 8458 8032
8532 8188 8696 7616
8258 8378 8356 8099
8532 8252 8665 7652
8539 8075 8812 7442
8281 8324 8477 8058
8526 8304 8689 7602
8295 8316 8426 8107
8520 8229 8734 7577
8585 8014 8789 7512
8257 8346 8394 8105
8515 8298 8712 7659
8554 7943 8822 7497
8561 8000 8809 7497
8305 8248 8391 8091
8547 8063 8777 7533
8510 8357 8667 7613
8526 8240 8720 7566
8549 8039 8802 7471
8559 8089 8789 7489
8508 8340 8680 7632
8487 8288 8729 7621
8478 8343 8670 7642
8541 8135 8796 7492
8464 8349 8667 7671
8459 8398 8633 7668
8552 8137 8807 7469
8543 8454 8625 7573
8534 8100 8845 7459
8446 8499 8605 7616
8432 8573 8576 7615
8457 8490 8573 7738
8540 8128 8805 7475
8515 8520 8560 7550
8546 8041 8846 7457
8542 8055 8833 7480
8524 8018 8871 7470
8411 8509 8594 7726
8528 8057 8836 7486
8535 8001 8850 7486
8465 8524 8547 7682
8581 8035 8816 7495
8466 8545 8536 7745
8599 7973 8787 7454
8329 8224 8404 8061
8592 8029 8773 7454
8607 8061 8757 7486
8628 8050 8730 7463
8431 8498 8577 7702
8597 8011 8770 7468
8569 8002 8818 7478
8550 7964 8849 7480
8265 8351 8353 8139
8447 8469 8601 7630
8284 8287 8317 8194
8596 8025 8797 7469
8294 8092 8312 8113
8578 7991 8775 7528
8312 8259 8292 8089
8580 7989 8770 7521
8495 8479 8572 7648
8614 8060 8711 7515
8625 8054 8769 7445
8627 8145 8721 7466
8258 8066 8375 8125
8498 8493 8649 7500
8640 8060 8718 7484
8265 8010 8389 8125
8464 8563 8592 7568
8654 8088 8729 7458
8257 8005 8430 8091
8252 8174 8450 8075
8310 8084 8496 8035
8641 8137 8699 7511
8700 8149 8677 7447
8321 8185 8481 8057
8523 8486 8543 7612
8307 8247 8453 8041
8624 8140 8705 7494
8647 8135 8744 7424
8669 8143 8701 7448
8335 8214 8451 8046
8489 8430 8609 7646
8677 8148 8660 7482
8547 8480 8636 7530
8645 8182 8683 7476
8658 8127 8694 7474
8488 8426 8630 7632
8665 8193 8646 7452
8704 8188 8642 7463
8679 8217 8571 7501
8353 8308 8401 8030
8673 8156 8666 7492
8615 8184 8688 7487
8622 8160 8726 7489
8618 8227 8679 7478
8352 8192 8479 8036
8359 8136 8493 8036
8631 8197 8674 7497
8380 8178 8448 8050
8651 8183 8680 7474
8363 8136 8451 8024
8397 8207 8392 8018
8365 8512 8615 7773
8670 8244 8628 7450
8366 8200 8394 8039
8688 8281 8590 7460
8412 8261 8342 8028
8668 8205 8584 7469
8391 8219 8387 8014
8709 8249 8547 7479
8422 8226 8385 7993
8724 8184 8534 7465
8439 8223 8379 8010
8678 8123 8586 7476
8460 8265 8334 8024
8699 8165 8541 7490
8426 8266 8304 8008
8709 8158 8574 7501
8409 8269 8310 7991
8678 8087 8607 7486
8388 8275 8292 8014
8412 8311 8308 7996
8724 8148 8555 7475
8372 8295 8282 8002
8728 8187 8520 7491
8389 8442 8294 7987
8315 8286 8376 8045
8435 8447 8604 7754
8713 8224 8543 7459
8449 8418 8624 7659
8682 8217 8545 7480
8504 8496 8548 7724
8724 8239 8528 7453
8759 8296 8508 7445
8485 8463 8626 7604
8711 8228 8547 7413
8696 8238 8566 7439
8336 8255 8389 8070
8701 8203 8580 7438
8483 8362 8692 7640
8455 8388 8637 7631
8429 8396 8654 7720
8414 8412 8640 7675
8728 8163 8622 7454
8467 8413 8610 7686
8480 8425 8622 7638
8682 8094 8731 7395
8449 8359 8686 7697
8277 8297 8556 8071
8419 8318 8674 7754
8306 8292 8506 8050
8415 8332 8661 7777
8332 8215 8482 8033
8428 8302 8656 7796
8360 8224 8434 8023
8372 8286 8352 7996
8347 8318 8323 8004
8316 8311 8325 8025
8478 8386 8591 7767
8337 8353 8280 8039
8704 8105 8720 7419
8336 8363 8262 8020
8669 8108 8730 7442
8310 8373 8302 8026
8669 8117 8701 7476
8293 8357 8355 8076
8478 8438 8569 7808
8638 8110 8703 7497
8642 8149 8668 7513
8310 8306 8302 8066
8634 8207 8675 7488
8630 8168 8710 7472
8279 8346 8272 8148
8297 8300 8263 8142
8318 8261 8228 8069
8329 8186 8219 8088
8466 8394 8547 7833
8315 8187 8355 8090
8608 8269 8747 7549
8306 8242 8296 8111
8592 8252 8711 7557
8484 8391 8556 7751
8550 8236 8743 7552
8311 8324 8290 8115
8298 8375 8218 8138
8269 8370 8220 8068
8570 8270 8755 7509
8271 8311 8291 8135
8495 8330 8709 7586
8252 8314 8270 8149
8494 8370 8693 7569
8489 8427 8687 7514
8585 8387 8631 7569
8455 8477 8545 7777
8272 8261 8337 8114
8257 8271 8356 8140
8208 8343 8425 8126
8533 8451 8586 7577
8241 8339 8358 8118
8499 8448 8562 7745
8252 8365 8461 8056
8617 8490 8500 7548
8245 8413 8416 8061
8423 8421 8590 7757
8241 8374 8451 8045
8306 8310 8484 8037
8405 8486 8556 7779
8235 8311 8458 8089
8239 8350 8423 8105
8353 8459 8593 7855
8230 8289 8525 8094
8421 8491 8565 7769
8486 8392 8695 7491
8195 8373 8430 8107
8203 8365 8416 8093
8234 8372 8414 8072
8544 8445 8644 7507
8195 8422 8465 8058
8438 8447 8578 7733
8192 8440 8425 8074
8198 8450 8439 8069
8502 8444 8588 7598
8223 8394 8471 8014
8226 8429 8463 8037
8516 8440 8557 7610
8195 8404 8535 8041
8498 8459 8576 7633
8231 8433 8426 8029
8202 8436 8452 8046
8209 8395 8440 8059
8542 8468 8541 7580
8255 8456 8388 8048
8470 8320 8638 7795
8239 8511 8375 8047
8506 8392 8576 7745
8537 8464 8578 7588
8252 8464 8356 8011
8481 8386 8565 7746
8265 8434 8351 8030
8208 8440 8408 8032
8449 8440 8569 7774
8516 8422 8623 7574
8236 8446 8410 7969
8436 8481 8546 7743
8221 8456 8429 7995
8572 8406 8647 7588
8189 8469 8473 7991
8552 8433 8584 7545
8179 8504 8430 8026
8518 8389 8660 7582
8158 8462 8475 8012
8396 8519 8613 7752
8522 8401 8654 7592
8517 8358 8670 7558
8198 8468 8491 7981
8551 8429 8611 7552
8221 8491 8461 7960
8183 8427 8492 7988
8170 8457 8497 7969
8180 8507 8484 7987
8362 8448 8672 7758
8163 8529 8463 7912
8366 8487 8637 7774
8586 8409 8600 7544
8138 8510 8470 7937
8335 8416 8670 7759
8117 8518 8495 7922
8335 8480 8639 7795
8146 8515 8469 7905
8331 8441 8674 7779
8227 8497 8527 7895
8113 8524 8476 7914
8367 8452 8635 7750
8570 8333 8681 7559
8124 8555 8480 7900
8371 8491 8600 7766
8378 8435 8614 7766
8557 8298 8699 7598
8258 8548 8418 7910
8409 8442 8612 7745
8297 8503 8451 7885
8405 8403 8647 7729
8509 8230 8738 7566
8439 8474 8588 7723
8540 8301 8705 7581
8277 8555 8416 7833
8408 8403 8621 7708
8536 8262 8740 7565
8304 8498 8493 7874
8408 8467 8590 7744
8378 8512 8439 7817
8585 8323 8662 7533
8433 8435 8619 7736
8313 8482 8475 7916
8469 8454 8576 7712
8539 8326 8683 7580
8460 8375 8634 7657
8510 8378 8573 7673
8543 8351 8650 7512
8564 8280 8714 7488
8524 8339 8558 7704
8589 8412 8598 7501
8346 8512 8421 7847
8582 8377 8647 7468
8483 8300 8658 7733
8567 8323 8697 7458
8279 8483 8445 7900
8462 8371 8594 7757
8325 8544 8393 7889
8473 8365 8652 7687
8464 8420 8593 7708
8563 8387 8676 7495
8436 8384 8618 7716
8317 8468 8488 7893
8482 8445 8566 7705
8532 8351 8727 7524
8522 8274 8778 7486
8445 8401 8604 7758
8553 8310 8727 7457
8439 8367 8625 7713
8572 8325 8729 7454
8248 8489 8502 7910
8424 8377 8644 7739
8561 8334 8719 7443
8435 8383 8635 7718
8562 8270 8770 7444
8230 8487 8420 7968
8574 8326 8705 7424
8261 8494 8418 7947
8594 8294 8694 7449
8274 8464 8413 7966
8573 8302 8719 7434
8466 8419 8584 7689
8566 8358 8705 7434
8253 8481 8431 7939
8466 8483 8553 7725
8517 8297 8783 7466
8416 8480 8614 7709
8498 8282 8781 7469
8204 8420 8509 7971
8552 8353 8756 7472
8365 8449 8577 7786
8155 8452 8496 7971
8189 8523 8437 7965
8342 8461 8643 7828
8528 8329 8749 7475
8200 8517 8495 7895
8218 8554 8457 7905
8406 8483 8528 7805
8197 8512 8502 7891
8458 8435 8555 7834
8550 8237 8772 7427
8177 8477 8545 7888
8546 8251 8759 7450
8223 8538 8493 7877
8219 8499 8528 7861
8359 8418 8607 7823
8495 8260 8787 7467
8174 8468 8535 7944
8170 8482 8522 7967
8177 8426 8536 7967
8521 8282 8789 7457
8216 8493 8464 7978
8539 8315 8744 7540
8227 8438 8465 7968
8511 8214 8780 7510
8220 8494 8451 7968
8542 8285 8747 7525
8174 8433 8503 7979
8488 8209 8786 7492
8357 8360 8676 7797
8350 8416 8662 7797
8521 8291 8729 7548
8321 8419 8688 7814
8514 8347 8715 7548
8143 8377 8587 7998
8334 8435 8649 7814
8515 8351 8688 7541
8295 8433 8643 7846
8536 8280 8752 7517
8303 8459 8637 7860
8146 8425 8530 7993
8329 8444 8579 7858
8496 8245 8768 7516
8218 8408 8545 8016
8492 8206 8803 7500
8149 8421 8516 8010
8373 8500 8583 7763
8491 8280 8754 7517
8384 8439 8595 7806
8484 8245 8803 7484
8193 8421 8491 7991
8366 8444 8609 7779
8515 8316 8770 7499
8219 8415 8504 8015
8361 8417 8659 7772
8512 8281 8778 7476
8186 8427 8471 8015
8389 8478 8657 7714
8516 8320 8743 7492
8415 8401 8633 7697
8485 8299 8782 7453
8411 8415 8620 7720
8464 8370 8718 7477
8173 8435 8485 8034
8436 8434 8613 7695
8481 8367 8712 7494
8431 8407 8648 7662
8518 8423 8673 7475
8204 8471 8434 8005
8435 8393 8661 7639
8468 8467 8668 7579
8427 8388 8702 7605
8423 8402 8689 7628
8412 8407 8728 7604
8403 8462 8669 7625
8179 8347 8584 7982
8425 8457 8650 7602
8210 8418 8551 7997
8421 8451 8668 7623
8177 8349 8589 7989
8393 8415 8693 7631
8223 8410 8537 7978
8405 8434 8690 7618
8409 8420 8703 7595
8231 8415 8496 8012
8185 8354 8548 8023
8431 8397 8719 7581
8182 8354 8574 8044
8437 8396 8701 7564
8211 8288 8575 8047
8232 8330 8530 8061
8467 8408 8680 7552
8462 8392 8688 7557
8256 8255 8601 8057
8460 8394 8693 7564
8236 8287 8612 8032
8229 8343 8598 8032
8240 8268 8589 8051
8268 8329 8587 7993
8276 8355 8581 8007
8489 8464 8613 7594
8271 8389 8512 7959
8461 8403 8615 7652
8279 8379 8506 7978
8276 8379 8532 7999
8509 8384 8567 7652
8234 8314 8507 8054
8258 8350 8523 8036
8511 8492 8525 7606
8219 8312 8479 8096
8469 8560 8492 7590
8179 8296 8453 8102
8527 8558 8502 7558
8166 8326 8458 8083
8216 8352 8414 8083
8237 8386 8381 8084
8258 8428 8336 8098
8189 8409 8310 8117
8192 8450 8282 8111
8505 8534 8510 7563
8155 8394 8321 8130
8563 8523 8394 7660
8183 8455 8319 8072
8249 8423 8349 8090
8513 8552 8528 7431
8270 8441 8307 8045
8511 8621 8309 7425
8242 8380 8309 8103
8499 8654 8370 7631
8468 8588 8559 7500
8465 8599 8506 7606
8212 8367 8388 8109
8427 8697 8478 7540
8228 8381 8394 8076
8256 8447 8356 8038
8456 8665 8341 7649
8282 8432 8298 8036
8322 8443 8328 7994
8472 8645 8389 7662
8325 8430 8343 7977
8450 8628 8520 7589
8473 8623 8551 7441
8473 8665 8342 7444
8349 8466 8359 7959
8314 8477 8285 7967
8451 8645 8458 7741
8436 8593 8594 7533
8350 8449 8336 7952
8371 8441 8311 7967
8349 8426 8268 7993
8361 8715 8339 7461
8386 8482 8229 7974
8407 8471 8202 7951
8398 8505 8190 7973
8396 8474 8196 7937
8381 8484 8215 7963
8396 8455 8240 7970
8387 8450 8253 7962
8402 8440 8234 7936
8407 8432 8286 7968
8443 8412 8381 7913
8458 8402 8362 7887
8462 8441 8327 7903
8447 8378 8431 7889
8467 8472 8447 7845
8428 8460 8301 7849
8475 8532 8573 7500
8471 8546 8560 7523
8443 8537 8608 7533
8405 8586 8596 7554
8372 8570 8292 7837
8382 8562 8590 7648
8369 8615 8573 7546
8434 8634 8549 7623
8425 8629 8562 7615
8418 8692 8491 7532
8376 8676 8523 7527
8405 8596 8268 7828
8355 8747 8459 7551
8315 8710 8480 7558
8319 8749 8445 7574
8339 8575 8387 7838
8274 8678 8505 7557
8312 8693 8486 7572
8270 8684 8461 7585
8332 8529 8401 7836
8327 8722 8455 7572
8367 8681 8504 7635
8315 8648 8511 7681
8377 8577 8388 7828
8401 8603 8572 7620
8402 8596 8381 7803
8331 8540 8635 7621
8283 8592 8576 7653
8280 8582 8607 7580
8311 8653 8574 7595
8452 8597 8376 7712
8311 8589 8605 7559
8315 8628 8570 7575
8272 8612 8570 7602
8406 8600 8397 7759
8268 8602 8587 7565
8369 8592 8595 7629
8399 8683 8413 7655
8335 8562 8648 7497
8369 8633 8589 7491
8309 8628 8621 7473
8313 8667 8586 7489
8386 8604 8634 7493
8378 8706 8301 7612
8282 8660 8588 7510
8391 8682 8327 7671
8278 8621 8623 7494
8422 8689 8325 7650
8309 8692 8590 7509
8307 8618 8597 7477
8365 8710 8517 7491
8468 8550 8450 7638
8472 8589 8415 7654
8465 8606 8434 7679
8329 8656 8578 7415
8423 8579 8496 7779
8438 8645 8543 7602
8435 8671 8524 7407
8345 8651 8564 7406
8348 8686 8556 7429
8330 8649 8594 7419
8385 8681 8454 7682
8428 8656 8525 7431
8470 8582 8579 7447
8297 8576 8512 7697
8506 8593 8540 7418
8339 8620 8506 7693
8517 8538 8541 7408
8334 8642 8468 7703
8573 8613 8449 7422
8294 8634 8471 7689
8523 8610 8510 7406
8508 8620 8529 7432
8508 8560 8569 7407
8505 8619 8533 7390
8477 8553 8571 7428
8308 8584 8498 7707
8529 8489 8633 7383
8279 8650 8497 7704
8509 8501 8598 7396
8288 8616 8509 7682
8565 8520 8555 7484
8480 8508 8591 7434
8467 8538 8596 7415
8401 8594 8615 7467
8333 8673 8484 7678
8355 8523 8651 7496
8427 8472 8679 7519
8348 8536 8642 7477
8351 8537 8638 7519
8337 8560 8674 7504
8348 8579 8637 7496
8381 8606 8580 7480
8334 8679 8461 7647
8355 8533 8667 7478
8355 8597 8636 7514
8433 8601 8534 7672
8341 8599 8639 7520
8306 8542 8659 7528
8374 8533 8566 7667
8337 8613 8626 7543
8352 8603 8607 7517
8370 8640 8569 7527
8366 8601 8604 7511
8351 8611 8623 7537
8333 8574 8661 7527
8416 8621 8548 7631
8393 8579 8629 7545
8415 8682 8466 7606
8390 8544 8637 7522
8362 8547 8633 7600
8283 8620 8591 7535
8451 8596 8490 7614
8466 8560 8518 7611
8416 8557 8579 7595
8413 8569 8588 7627
8406 8534 8637 7594
8387 8506 8638 7623
8411 8544 8594 7598
8424 8514 8589 7617
8461 8570 8550 7598
8388 8573 8601 7634
8410 8609 8568 7610
8407 8574 8576 7587
8436 8571 8550 7570
8421 8581 8569 7596
8418 8513 8636 7602
8391 8549 8593 7618
8349 8533 8625 7613
8387 8548 8606 7628
8398 8493 8607 7618
8385 8523 8612 7599
8374 8490 8646 7602
8313 8505 8652 7608
8322 8450 8711 7587
8356 8521 8652 7581
8325 8514 8654 7602
8327 8501 8670 7605
8358 8508 8668 7584
8331 8476 8666 7585
8369 8491 8647 7600
8365 8452 8682 7584
8465 8431 8577 7617
8462 8565 8582 7568
8494 8539 8567 7559
8525 8483 8576 7491
8566 8446 8604 7467
8618 8506 8544 7459
8584 8435 8603 7465
8575 8490 8544 7486
8578 8490 8518 7465
8569 8524 8506 7487
8604 8459 8583 7514
8629 8467 8499 7426
8623 8528 8416 7424
8644 8457 8480 7400
8647 8457 8493 7391
8634 8471 8462 7418
8649 8461 8443 7392
8628 8532 8379 7416
8592 8521 8418 7445
8563 8587 8417 7442
8530 8550 8528 7530
8568 8567 8416 7443
8561 8532 8465 7410
8546 8542 8484 7436
8550 8528 8497 7413
8616 8468 8588 7401
8602 8528 8528 7404
8581 8535 8495 7392
8577 8487 8559 7342
8580 8522 8551 7365
8559 8480 8596 7351
8546 8504 8570 7292
8552 8489 8564 7258
8550 8491 8569 7265
8567 8488 8563 7282
8613 8549 8511 7271
8579 8550 8481 7255
8600 8592 8436 7269
8563 8536 8475 7288
8556 8592 8461 7288
8525 8585 8463 7309
8562 8641 8424 7290
8512 8633 8436 7331
8525 8609 8462 7390
8556 8616 8460 7369
8516 8560 8525 7409
8519 8488 8588 7410
8504 8498 8607 7436
8525 8427 8671 7412
8585 8432 8639 7430
8582 8397 8647 7407
8585 8461 8590 7422
8621 8472 8551 7393
8657 8422 8536 7356
8624 8379 8603 7533
8611 8409 8608 7514
8663 8392 8593 7482
8665 8329 8630 7327
8617 8365 8609 7497
8675 8430 8510 7377
8690 8420 8491 7351
8693 8455 8483 7374
8633 8450 8515 7356
8637 8489 8480 7372
8640 8447 8481 7395
8673 8403 8505 7419
8678 8404 8474 7413
8674 8444 8464 7422
8685 8394 8453 7415
8576 8388 8509 7577
8607 8395 8507 7556
8630 8397 8563 7532
8672 8434 8449 7610
8638 8431 8456 7527
8608 8399 8480 7549
8654 8514 8402 7480
8650 8475 8437 7464
8635 8485 8456 7490
8595 8489 8543 7539
8600 8493 8506 7531
8561 8418 8602 7545
8565 8457 8567 7561
8586 8386 8631 7537
8577 8441 8572 7558
8573 8402 8607 7542
8617 8429 8578 7533
8625 8348 8648 7527
8661 8359 8609 7498
8664 8331 8607 7387
8670 8316 8601 7353
8701 8387 8568 7368
8638 8376 8618 7350
8623 8386 8637 7376
8589 8315 8696 7382
8593 8354 8661 7398
8653 8264 8624 7440
8651 8326 8627 7508
8665 8320 8586 7424
8645 8333 8581 7507
8612 8289 8664 7522
8606 8304 8670 7556
8609 8304 8644 7535
8596 8326 8622 7538
8581 8336 8641 7564
8518 8325 8691 7546
8524 8374 8654 7548
8551 8373 8584 7669
8533 8396 8615 7616
8527 8379 8558 7658
8537 8392 8538 7660
8548 8386 8596 7590
8485 8345 8693 7611
8519 8416 8634 7605
8485 8425 8634 7590
8483 8376 8635 7639
8504 8354 8667 7655
8511 8362 8604 7653
8520 8366 8586 7690
8517 8302 8643 7675
8516 8376 8594 7692
8518 8388 8583 7646
8546 8583 8327 7576
8495 8615 8405 7615
8488 8663 8360 7620
8478 8574 8409 7620
8502 8544 8526 7593
8507 8513 8463 7642
8538 8520 8461 7621
8486 8535 8498 7655
8482 8554 8458 7619
8454 8590 8443 7610
8523 8593 8405 7688
8493 8570 8449 7688
8453 8616 8443 7672
8483 8537 8470 7728
8489 8522 8464 7694
8492 8586 8407 7709
8500 8536 8370 7738
8497 8593 8380 7754
8466 8586 8382 7775
8503 8532 8463 7756
8461 8548 8419 7779
8409 8548 8388 7788
8406 8548 8414 7809
8409 8519 8437 7796
8414 8511 8545 7706
8414 8575 8514 7742
8466 8481 8567 7709
8473 8425 8581 7709
8542 8469 8448 7723
8530 8462 8464 7751
8556 8415 8503 7847
8516 8449 8495 7775
8442 8368 8598 7823
8469 8378 8565 7820
8514 8389 8548 7816
8446 8407 8563 7839
8448 8369 8574 7836
8500 8444 8521 7773
8482 8407 8559 7763
8414 8391 8596 7773
8485 8438 8564 7726
8447 8411 8581 7738
8477 8507 8526 7752
8468 8441 8564 7766
8507 8455 8539 7717
8492 8465 8558 7743
8492 8415 8552 7767
8488 8429 8539 7790
8471 8458 8460 7822
8502 8465 8458 7801
8458 8371 8586 7798
8416 8397 8585 7851
8415 8400 8565 7860
8347 8420 8588 7923
8408 8440 8541 7919
8419 8385 8542 7909
8402 8335 8596 7853
8433 8406 8563 7868
8395 8391 8582 7853
8395 8455 8551 7889
8364 8442 8572 7871
8391 8410 8605 7834
8395 8449 8570 7850
8450 8468 8526 7845
8446 8429 8561 7829
8504 8424 8505 7851
8454 8448 8549 7834
8448 8458 8502 7849
8427 8416 8547 7835
8424 8406 8578 7762
8451 8438 8580 7761
8511 8443 8548 7779
8483 8382 8550 7837
8454 8384 8580 7798
8480 8318 8607 7822
8460 8330 8572 7835
8464 8317 8578 7835
8484 8305 8613 7822
8518 8376 8554 7816
8487 8369 8556 7837
8508 8411 8511 7851
8525 8408 8505 7868
8513 8345 8527 7823
8510 8345 8553 7844
8482 8309 8578 7852
8475 8365 8564 7852
8507 8305 8547 7855
8535 8341 8522 7847
8539 8337 8445 7891
8518 8295 8490 7877
8489 8361 8489 7874
8477 8305 8540 7903
8424 8273 8610 7917
8460 8284 8571 7888
8515 8284 8576 7858
8491 8248 8560 7876
8537 8309 8508 7865
8478 8241 8596 7842
8463 8251 8615 7868
8442 8259 8640 7853
8463 8301 8595 7867
8484 8320 8611 7797
8520 8331 8572 7768
8526 8316 8566 7734
8576 8319 8505 7750
8583 8263 8519 7750
8572 8286 8473 7752
8585 8278 8459 7733
8609 8271 8415 7690
8658 8383 8475 7602
8620 8462 8371 7638
8618 8510 8381 7575
8583 8406 8410 7657
8573 8475 8470 7604
8543 8515 8432 7583
8548 8456 8477 7629
8556 8478 8476 7587
8525 8471 8478 7608
8512 8501 8483 7589
8523 8586 8481 7607
8505 8493 8477 7613
8546 8456 8505 7589
8559 8426 8500 7608
8563 8381 8560 7627
8560 8401 8522 7609
8571 8326 8513 7628
8567 8340 8500 7651
8597 8372 8476 7629
8599 8370 8471 7622
8581 8354 8553 7601
8581 8379 8494 7606
8601 8353 8519 7606
8585 8334 8508 7612
8589 8320 8521 7589
8577 8353 8566 7611
8606 8293 8513 7562
8602 8292 8526 7572
8596 8307 8532 7606
8539 8313 8589 7608
8538 8387 8540 7625
8559 8316 8604 7601
8588 8298 8567 7601
8563 8317 8591 7591
8535 8345 8585 7635
8566 8352 8583 7614
8577 8346 8641 7544
8520 8406 8616 7597
8478 8421 8647 7594
8437 8387 8664 7638
8424 8417 8669 7619
8432 8443 8663 7633
8410 8419 8671 7638
8404 8453 8633 7639
8426 8420 8624 7636
8454 8456 8599 7628
8444 8488 8606 7599
8448 8474 8619 7576
8406 8478 8661 7542
8437 8549 8628 7557
8442 8497 8620 7526
8446 8501 8603 7567
8466 8500 8581 7542
8512 8561 8529 7531
8538 8526 8522 7516
8523 8536 8541 7542
8496 8554 8479 7608
8542 8615 8427 7597
8514 8554 8429 7655
8510 8568 8416 7678
8536 8491 8392 7661
8551 8490 8396 7643
8538 8520 8401 7624
8608 8488 8385 7583
8621 8458 8380 7602
8658 8514 8341 7583
8612 8453 8393 7594
8583 8519 8392 7591
8547 8508 8431 7620
8575 8514 8433 7557
8604 8448 8434 7560
8628 8484 8450 7542
8591 8428 8489 7561
8637 8489 8437 7550
8613 8453 8421 7568
8641 8462 8373 7558
8620 8468 8355 7581
8591 8534 8354 7578
8596 8475 8399 7624
8593 8475 8425 7645
8572 8433 8470 7631
8620 8432 8463 7623
8590 8366 8486 7602
8663 8429 8462 7602
8664 8448 8380 7573
8711 8384 8332 7563
8706 8384 8437 7573
8697 8392 8460 7626
8641 8363 8482 7595
8678 8419 8443 7576
8620 8368 8494 7587
8578 8367 8438 7678
8609 8374 8436 7657
8613 8318 8476 7678
8664 8351 8457 7636
8310 8288 8813 7903
8306 8339 8714 7874
8326 8348 8710 7785
8433 8369 8727 7734
8283 8266 8753 7933
8298 8403 8744 7845
8304 8240 8914 7821
8349 8155 8819 7945
8289 8329 8748 7903
8278 8215 8926 7898
8308 8241 8836 7948
8265 8229 8947 7780
8351 8327 8765 7883
8274 8344 8743 7868
8314 8354 8815 7730
8255 8186 8842 7919
8344 8261 8812 7684
8382 8275 8798 7752
8326 8280 8862 7762
8341 8305 8834 7725
8371 8380 8852 7675
8273 8275 8900 7773
8262 8181 8930 7870
8308 8242 8878 7859
8248 8242 8828 7919
8247 8270 8938 7826
8420 8377 8741 7753
8072 8322 8914 7829
8262 8280 8857 7877
8219 8297 8939 7784
8250 8256 8928 7785
8359 8415 8669 7890
8340 8309 8885 7660
8245 8539 8766 7660
8236 8341 8975 7776
8254 7977 8901 7983
8420 8387 8723 7727
8355 8293 8799 7705
8237 8260 8758 7975
8356 8257 8648 8027
8411 8331 8733 7845
8233 8274 8745 7998
8325 8186 8681 8012
8360 8324 8672 7930
8251 8307 8805 7901
8293 8271 8901 7676
8246 8342 8738 7943
8247 8192 8985 7770
8301 8247 8790 7908
8312 8346 8871 7812
8285 8139 8793 8004
8289 8295 8780 7891
8244 8202 8807 8022
8268 8388 8702 7895
8336 8375 8763 7759
8339 8390 8781 7724
8360 8243 8661 8004
8304 8336 8633 7983
8270 8408 8576 8007
8203 8421 8528 7963
8401 8358 8777 7737
8428 8339 8736 7706
8382 8436 8711 7748
8431 8308 8754 7726
8425 8259 8791 7724
8424 8364 8740 7726
8315 8322 8609 7974
8371 8247 8629 8001
8189 8423 8530 7982
8391 8250 8659 7983
8368 8276 8758 7917
8329 8344 8796 7704
8328 8113 8864 7931
8285 8247 8823 7901
8409 8280 8690 7852
8359 8331 8702 7854
8367 8194 8842 7849
8482 8176 8786 7867
8390 8251 8744 7862
8395 8169 8711 7936
8171 8433 8529 8000
8294 8155 8814 7975
8348 8199 8738 7958
8174 8312 8767 7877
8299 8107 8780 7972
8271 8423 8694 7918
8310 8378 8679 7890
8103 8431 8774 7917
8250 8328 8751 7920
8083 8366 8784 7845
8133 8369 8723 7861
8430 8176 8755 7876
8253 8246 8791 7911
8229 8235 8780 7982
8364 8333 8590 7849
8374 8466 8427 7926
8498 8335 8493 7877
8426 8321 8572 7822
8297 8304 8845 7862
8475 8357 8494 7870
8462 8315 8752 7705
8246 8308 8768 7876
8295 8362 8772 7851
8267 8332 8777 7830
8442 8275 8795 7614
8272 8411 8812 7736
8225 8463 8760 7669
8271 8524 8708 7658
8243 8458 8746 7696
8279 8469 8707 7667
8260 8440 8761 7677
8249 8445 8800 7653
8229 8457 8765 7666
8287 8380 8818 7693
8350 8337 8782 7678
8321 8330 8836 7698
8346 8329 8786 7684
8346 8253 8861 7672
8370 8287 8810 7722
8409 8269 8805 7668
8418 8315 8777 7724
8336 8326 8838 7709
8368 8246 8819 7679
8375 8198 8864 7674
8397 8233 8822 7827
8432 8259 8807 7604
8427 8232 8835 7669
8439 8211 8852 7599
8473 8282 8793 7593
8482 8322 8829 7583
8404 8260 8814 7599
8435 8331 8781 7614
8483 8335 8773 7610
8479 8287 8837 7560
8439 8252 8853 7559
8424 8296 8907 7592
8443 8241 8880 7561
8396 8332 8892 7583
8399 8250 8840 7594
8398 8195 8903 7627
8365 8243 8868 7636
8323 8227 8900 7631
8395 8275 8844 7614
8410 8278 8811 7637
8379 8271 8813 7658
8320 8260 8933 7668
8300 8289 8887 7672
8281 8263 8926 7764
8285 8314 8869 7813
8326 8315 8853 7751
8319 8272 8898 7685
8277 8322 8883 7827
8193 8387 8831 7729
8213 8380 8883 7700
8164 8375 8875 7703
8251 8369 8857 7722
8208 8320 8888 7777
8258 8250 8959 7766
8262 8289 8924 7782
8233 8356 8915 7764
8257 8243 8928 7775
8279 8215 8973 7811
8264 8267 8935 7723
8367 8382 8761 7738
8320 8349 8815 7752
8377 8309 8785 7691
8477 8305 8733 7679
8471 8320 8739 7713
8440 8249 8772 7698
8457 8263 8771 7742
8436 8304 8755 7677
8418 8267 8793 7667
8433 8305 8758 7698
8387 8308 8779 7745
8389 8306 8774 7738
8420 8313 8772 7717
8458 8328 8753 7732
8427 8257 8786 7717
8430 8292 8778 7740
8416 8348 8758 7711
8382 8372 8742 7712
8336 8311 8794 7723
8375 8422 8717 7712
8360 8432 8736 7738
8370 8397 8779 7703
8329 8374 8793 7714
8320 8299 8827 7829
8338 8310 8803 7711
8351 8204 8831 7737
8431 8214 8772 7838
8448 8270 8750 7766
8465 8250 8715 7822
8504 8228 8773 7772
8460 8246 8752 7830
8378 8146 8883 7852
8342 8233 8817 7857
8374 8191 8860 7738
8401 8242 8754 7873
8358 8202 8801 7846
8387 8253 8785 7841
8358 8266 8770 7882
8367 8239 8815 7743
8365 8246 8801 7759
8327 8269 8798 7770
8393 8263 8760 7859
8289 8258 8817 7880
8396 8217 8782 7861
8415 8181 8833 7791
8400 8143 8805 7823
8423 8104 8824 7846
8429 8126 8770 7903
8455 8167 8851 7804
8411 8267 8764 7809
8388 8236 8797 7863
8373 8172 8821 7894
8356 8179 8826 7893
8327 8195 8803 7867
8221 8284 8800 7957
8261 8222 8842 7888
8244 8252 8974 7911
8327 8220 8798 7931
8339 8307 8698 7912
8339 8338 8661 7951
8349 8158 8747 7954
8356 8193 8679 7991
8331 8270 8660 7964
8426 8204 8696 7915
8284 8199 8781 7970
8382 8275 8640 7954
8391 8209 8783 7904
8502 8081 8786 7818
8437 8294 8648 7897
8487 8216 8646 7784
8541 8266 8624 7803
8559 8206 8658 7766
8559 8187 8693 7829
8465 8186 8746 7786
8422 8274 8671 7785
8476 8209 8666 7774
8447 8275 8665 7771
8418 8276 8768 7799
8475 8216 8669 7884
8377 8211 8786 7910
8420 8065 8802 7922
8380 8093 8823 7857
8379 8093 8868 7899
8374 7996 8937 7915
8367 8055 8842 7972
8416 8232 8735 7847
8399 8217 8756 7840
8407 8178 8756 7856
8426 8091 8778 7880
8460 8162 8719 7874
8433 8197 8753 7901
8458 8218 8693 7886
8351 8257 8725 7958
8302 8108 8776 8014
8264 8292 8760 7974
8324 8308 8694 7930
8300 8297 8668 7967
8371 8269 8673 7920
8398 8301 8675 7919
8335 8290 8725 7901
8386 8263 8599 7974
8391 8254 8699 7906
8359 8240 8568 8009
8315 8281 8634 7973
8386 8272 8570 8008
8342 8313 8636 7972
8309 8374 8706 7897
8402 8113 8725 7936
8351 8258 8695 7951
8272 8427 8667 7911
8364 8162 8713 7957
8329 8225 8646 8028
8377 8185 8668 7952
8360 8232 8644 8007
8369 8159 8674 7938
8376 8103 8688 7938
8342 8265 8699 7935
8397 8095 8663 7953
8360 8179 8692 7968
8382 8078 8730 7940
8288 8332 8751 7883
8353 8229 8667 7968
8435 8119 8752 7932
8289 8336 8724 7876
8403 8232 8606 7984
8440 8098 8699 7912
8449 8293 8554 7973
8327 8266 8695 7953
8460 8238 8555 7963
8389 8058 8804 7943
8324 8225 8723 7959
8491 8245 8553 7942
8380 8018 8803 7980
8497 8230 8547 7908
8482 8240 8566 7934
8432 8237 8627 7918
8381 8175 8707 7906
8332 8383 8667 7891
8426 8252 8633 7952
8384 8210 8699 7929
8395 8181 8666 7937
8395 8245 8635 7973
8360 8467 8559 7844
8335 8091 8854 7992
8345 8192 8761 7938
8319 8526 8623 7770
8361 8233 8685 7940
8362 8231 8686 7944
8433 8510 8526 7768
8382 8227 8703 7917
8358 8245 8673 7967
8395 8197 8698 7936
8364 8230 8667 7933
8378 8483 8566 7801
8383 8268 8636 7931
8276 8489 8661 7832
8465 8232 8680 7874
8441 8194 8677 7889
8456 8219 8618 7896
8344 8007 8842 8009
8473 8208 8674 7860
8297 8026 8894 7985
8455 8271 8564 7858
8510 8256 8595 7847
8314 8599 8574 7632
8429 8221 8719 7903
8446 8251 8578 7869
8276 8592 8589 7660
8444 8238 8662 7897
8271 8559 8613 7678
8341 7973 8860 7931
8274 8594 8605 7701
8403 8223 8707 7903
8421 8260 8669 7913
8221 8585 8625 7720
8432 8185 8660 7932
8332 8056 8862 7969
8238 8592 8514 7702
8453 8227 8615 7946
8435 8261 8575 7933
8389 8265 8560 7941
8432 8288 8601 7903
8307 8050 8874 7954
8414 8669 8562 7671
8426 8322 8563 7904
8318 8030 8934 7913
8398 8256 8601 7942
8387 8279 8555 7944
8318 8570 8640 7602
8452 8272 8475 7934
8452 8231 8452 7971
8263 8616 8563 7601
8481 8228 8426 7954
8463 8191 8464 7944
8446 8202 8408 7980
8268 8631 8550 7677
8419 8212 8412 7998
8394 8201 8426 8018
8387 8166 8475 7985
8390 8201 8467 8008
8359 8194 8469 8029
8400 8228 8452 7985
8262 8528 8669 7736
8422 8253 8384 7992
8228 8529 8639 7720
8450 8219 8410 7977
8404 8158 8462 7988
8247 8570 8567 7718
8401 8158 8488 8009
8225 8546 8575 7723
8398 8123 8496 7986
8288 8118 8781 7984
8435 8134 8497 7974
8233 8048 8837 8007
8252 8544 8606 7794
8426 8075 8497 7978
8486 8080 8465 7996
8253 8047 8854 8046
8153 8472 8673 7767
8458 8050 8470 7975
8150 8431 8701 7773
8492 8121 8411 7969
8273 8465 8675 7781
8461 8114 8413 7990
8488 8146 8415 7989
8467 8104 8460 7975
8362 8512 8641 7794
8498 8111 8458 7954
8509 8105 8516 7884
8258 8423 8735 7801
8526 8199 8502 7903
8273 8113 8859 7961
8221 8424 8731 7806
8493 8068 8475 7909
8224 8352 8794 7807
8544 8224 8475 7900
8204 8359 8786 7770
8547 8187 8521 7846
8222 8396 8748 7780
8565 8177 8479 7858
8206 8358 8774 7755
8581 8238 8521 7797
8360 8009 8856 7970
8192 8352 8859 7811
8556 8317 8543 7836
8192 8360 8777 7761
8586 8239 8569 7769
8372 8044 8827 7946
8534 8254 8654 7776
8533 8276 8630 7784
8168 8383 8777 7753
8566 8150 8672 7766
8152 8358 8860 7724
8242 8344 8911 7686
8507 8125 8775 7819
8529 8196 8802 7764
8389 7980 8758 7985
8385 7941 8793 7969
8522 8361 8619 7767
8366 8037 8811 8008
8159 8405 8899 7687
8380 8072 8721 7996
8106 8388 8902 7636
8548 8248 8582 7741
8346 8073 8691 7980
8154 8456 8863 7668
8572 8269 8626 7710
8377 8080 8689 7959
8120 8457 8833 7652
8552 8223 8578 7721
8347 8048 8769 7987
8141 8499 8788 7666
8568 8230 8661 7694
8113 8433 8826 7704
8096 8436 8832 7687
8378 8197 8748 7931
8062 8365 8891 7693
8106 8412 8884 7767
8533 8233 8671 7717
8094 8379 8886 7750
8121 8411 8888 7749
8410 8050 8779 7958
8082 8348 8935 7748
8424 8075 8762 7956
8062 8360 8900 7761
8382 8013 8730 7968
8155 8296 8898 7830
8250 8239 8963 7873
8510 8126 8771 7861
8286 8250 8924 7844
8186 8303 8896 7809
8173 8236 8991 7795
8158 8353 8829 7795
8541 8263 8593 7826
8189 8360 8827 7774
8271 8101 8778 8035
8268 8037 8835 8020
8564 8253 8509 7788
8176 8306 8897 7782
8367 8023 8850 8006
8258 8051 8817 8038
8261 8051 8791 8017
8307 8112 8739 8006
8310 8071 8808 8006
8247 8204 8971 7850
8220 8260 8937 7853
8237 8058 8784 8026
8293 8114 8779 7983
8564 8259 8518 7784
8143 8320 8912 7777
8540 8243 8507 7846
8284 8148 8821 7958
8142 8316 8939 7784
8585 8263 8488 7729
8607 8287 8480 7724
8599 8261 8486 7710
8193 8148 8825 8053
8635 8240 8449 7719
8125 8353 8906 7777
8620 8213 8523 7755
8266 8169 8845 7961
8146 8395 8861 7791
8608 8255 8569 7714
8111 8346 8888 7790
8249 8142 8801 7978
8642 8262 8541 7672
8653 8228 8470 7646
8143 8357 8910 7678
8608 8191 8600 7678
8294 8257 8729 7941
8115 8352 8948 7656
8316 8293 8696 7917
8156 8315 8976 7632
8611 8255 8543 7693
8139 8251 9002 7626
8598 8261 8586 7682
8233 8219 8764 8074
8195 8262 8989 7829
8603 8265 8549 7674
8307 8306 8703 7952
8603 8201 8580 7638
8238 8255 8973 7636
8271 8267 8717 7952
8595 8226 8594 7659
8230 8209 8795 8001
8249 8200 8974 7626
8599 8265 8559 7675
8215 8219 8814 8027
8258 8266 8936 7612
8186 8222 8840 8044
8248 8346 8925 7637
8184 8148 8847 8012
8564 8272 8548 7719
8558 8333 8465 7717
8210 8221 8760 8014
8186 8380 8886 7610
8202 8153 8812 8061
8537 8314 8545 7711
8253 8350 8888 7629
8198 8162 8784 8082
8526 8281 8626 7722
8183 8172 8803 8108
8526 8310 8577 7714
8149 8101 8862 8114
8153 8140 8827 8130
8331 8343 8873 7682
8557 8317 8575 7693
8159 8125 8821 8096
8530 8337 8637 7712
8193 8196 8762 8090
8162 8189 8764 8111
8183 8183 8782 8088
8567 8304 8612 7711
8162 8141 8827 8074
8200 8092 8839 8053
8216 8240 8977 7754
8530 8273 8668 7676
8227 8124 8841 8052
8190 8068 8880 8071
8183 8124 8866 8071
8198 8114 8847 8045
8156 8092 8864 8072
8153 8092 8890 8093
8125 8056 8915 8101
8152 8088 8917 8100
8122 8047 8905 8157
8143 8089 8860 8171
8108 8040 8887 8170
8543 8194 8589 7786
8136 8101 8885 8112
8589 8255 8537 7775
8115 8059 8930 8098
8554 8206 8564 7774
8143 8125 8892 8060
8575 8248 8519 7788
8109 8126 8862 8044
8128 8237 8999 7638
8098 8149 8816 8046
8131 8272 8991 7661
8143 8189 8798 8056
8135 8250 8997 7647
8551 8168 8498 7865
8552 8172 8534 7855
8237 8319 8692 7969
8226 8307 8717 7981
8524 8239 8631 7812
8166 8315 8657 8001
8546 8264 8563 7819
8236 8279 8692 8019
8201 8361 8898 7673
8525 8116 8752 7835
8241 8297 8698 7955
8243 8313 8897 7642
8564 8128 8630 7793
8563 8202 8581 7810
8574 8196 8639 7740
8225 8229 8807 7973
8216 8284 8748 7994
8503 8205 8640 7785
8263 8336 8906 7611
8523 8191 8784 7765
8255 8291 8772 7915
8527 8241 8656 7767
8531 8219 8662 7753
8224 8284 8774 7936
8251 8252 8907 7900
8500 8203 8615 7830
8493 8259 8601 7830
8252 8251 8938 7725
8288 8265 8881 7747
8487 8199 8644 7795
8485 8201 8649 7802
8492 8195 8643 7801
8298 8206 8788 7957
8488 8209 8630 7824
8545 8215 8579 7803
8517 8209 8577 7866
8553 8220 8538 7837
8511 8155 8513 7892
8513 8153 8508 7885
8331 8220 8797 7936
8308 8178 8909 7823
8541 8189 8483 7877
8352 8168 8823 7903
8293 8188 8928 7849
8360 8129 8789 7913
8259 8117 8987 7855
8532 8184 8496 7869
8310 8126 8850 7897
8252 8165 8942 7860
8559 8248 8464 7881
8258 8150 8936 7826
8534 8236 8433 7911
8517 8239 8439 7894
8528 8177 8497 7866
8331 8239 8759 7927
8193 8134 8997 7860
8574 8238 8445 7855
8568 8253 8451 7889
8530 8238 8470 7874
8220 8216 8958 7929
8515 8248 8489 7900
8255 8224 8839 7897
8483 8281 8543 7867
8477 8291 8496 7882
8456 8249 8541 7868
8286 8324 8757 7904
8258 8288 8782 7912
8498 8271 8524 7841
8270 8272 8843 7863
8336 8211 8789 7886
8456 8319 8525 7872
8367 8218 8787 7865
8280 8262 8848 7836
8441 8329 8544 7898
8333 8147 8846 7871
8429 8296 8546 7881
8337 8195 8782 7921
8299 8131 8813 7949
8271 8238 8905 7861
8441 8358 8464 7854
8472 8365 8462 7833
8339 8217 8776 7953
8460 8406 8509 7789
8304 8127 8782 7970
8265 8272 8867 7862
8481 8388 8511 7792
8491 8354 8621 7788
8278 8142 8840 7972
8434 8337 8533 7802
8226 8142 8809 7981
8272 8203 8757 7970
8431 8353 8515 7815
8424 8388 8571 7761
8460 8416 8469 7780
8319 8248 8743 7971
8259 8227 8938 7824
8472 8525 8465 7777
8267 8248 8712 7980
8259 8236 8909 7858
8531 8429 8513 7640
8264 8248 8738 8001
8240 8223 8757 7988
8243 8264 8729 7982
8243 8223 8706 8019
8205 8272 8694 8040
8181 8155 8997 7895
8516 8416 8660 7626
8241 8283 8655 8011
8179 8157 9002 7902
8195 8222 8707 8022
8177 8126 9008 7866
8247 8222 8738 8013
8225 8201 8982 7899
8264 8283 8662 7990
8527 8435 8518 7634
8223 8260 8911 7832
8569 8489 8468 7714
8286 8264 8748 7938
8560 8346 8471 7635
8238 8314 8861 7842
8578 8341 8427 7577
8227 8337 8815 7844
8594 8325 8393 7564
8181 8276 8867 7855
8595 8351 8681 7503
8212 8283 8865 7834
8597 8400 8610 7555
8191 8291 8890 7819
8648 8436 8576 7512
8656 8456 8429 7524
8400 8273 8706 7879
8644 8519 8455 7479
8194 8276 8950 7831
8390 8338 8700 7833
8191 8276 8976 7852
8562 8483 8571 7563
8356 8267 8759 7839
8223 8271 8941 7819
8320 8256 8798 7868
8324 8295 8763 7884
8320 8309 8750 7907
8318 8238 8807 7904
8266 8285 8923 7823
8352 8309 8748 7898
8284 8280 8879 7765
8332 8259 8774 7822
8293 8246 8891 7743
8614 8365 8635 7518
8392 8264 8742 7840
8295 8244 8886 7736
8414 8288 8734 7835
8635 8455 8483 7435
8348 8298 8772 7851
8375 8376 8775 7719
8667 8300 8617 7460
8376 8304 8758 7851
8335 8339 8796 7726
8686 8386 8553 7466
8396 8319 8747 7827
8636 8264 8668 7489
8340 8373 8854 7696
8636 8336 8646 7534
8396 8191 8816 7832
8337 8363 8885 7623
8402 8245 8775 7761
8368 8434 8852 7638
8411 8190 8834 7740
8383 8424 8833 7612
8613 8439 8586 7535
8429 8227 8796 7750
8398 8449 8774 7619
8405 8393 8788 7619
8415 8247 8803 7737
8401 8345 8815 7552
8406 8302 8744 7758
8416 8399 8765 7562
8388 8265 8782 7748
8458 8343 8817 7580
8655 8363 8570 7508
8662 8266 8429 7534
8427 8279 8842 7576
8677 8264 8428 7630
8510 8167 8856 7774
8714 8263 8363 7502
8383 8236 8912 7543
8690 8206 8390 7523
8458 8214 8781 7731
8686 8220 8377 7546
8365 8261 8925 7568
8679 8186 8396 7736
8411 8142 8868 7775
8702 8189 8450 7727
8417 8307 8853 7537
8432 8297 8834 7511
8697 8261 8375 7711
8425 8345 8789 7516
8697 8190 8434 7642
8418 8310 8838 7483
8403 8320 8857 7509
8697 8265 8360 7552
8712 8255 8341 7526
8392 8236 8756 7873
8354 8299 8899 7551
8706 8270 8347 7560
8385 8370 8866 7566
8351 8299 8925 7572
8351 8363 8894 7608
8717 8145 8476 7673
8386 8239 8764 7897
8354 8363 8868 7587
8345 8397 8856 7609
8681 8191 8415 7586
8374 8331 8857 7612
8324 8204 8808 7894
8405 8338 8855 7591
8342 8241 8770 7904
8420 8328 8836 7565
8427 8272 8850 7565
8657 8140 8508 7655
8383 8348 8868 7588
8375 8137 8793 7878
8356 8316 8866 7589
8375 8201 8762 7914
8351 8165 8746 7932
8372 8296 8876 7601
8393 8187 8729 7905
8393 8225 8940 7577
8427 8258 8670 7899
8448 8187 8734 7875
8384 8280 8881 7598
8380 8294 8868 7621
8371 8136 8782 7913
8389 8260 8880 7599
8411 8173 8761 7906
8338 8190 8935 7609
8380 8102 8794 7891
8707 8192 8398 7673
8384 8141 8759 7907
8395 8160 8911 7604
8374 8231 8847 7628
8664 8237 8423 7702
8479 8119 8773 7882
8364 8189 8916 7634
8457 8128 8764 7872
8343 8195 8898 7657
8404 8080 8792 7864
8333 8118 8949 7619
8435 8087 8790 7843
8460 8097 8866 7774
8360 8150 8951 7618
8656 8203 8490 7799
8394 8221 8892 7612
8334 8216 8924 7594
8338 8255 8889 7610
8300 8195 8943 7596
8461 8145 8807 7791
8331 8216 8904 7635
8327 8177 8939 7619
8360 8176 8886 7696
8323 8120 8923 7632
8483 8135 8854 7775
8354 8191 8890 7647
8633 8269 8421 7814
8470 8157 8832 7778
8413 8139 8894 7808
8629 8171 8488 7800
8454 8190 8770 7779
8378 8082 8914 7816
8407 8150 8872 7663
8486 8156 8747 7785
8478 8117 8824 7781
8379 8212 8840 7686
8661 8179 8473 7671
8403 8186 8852 7735
8396 8242 8838 7735
8525 8157 8837 7748
8421 8181 8808 7677
8434 8112 8880 7633
8618 8154 8677 7737
8465 8183 8847 7648
8427 8168 8866 7633
8384 8162 8859 7645
8698 8150 8485 7711
8531 8093 8773 7762
8415 8169 8857 7624
8552 8138 8737 7698
8422 8113 8871 7624
8545 8103 8786 7665
8436 8077 8951 7781
8549 8151 8722 7715
8412 8113 8895 7782
8452 8101 8898 7662
8678 8108 8544 7708
8474 8046 8864 7638
8704 8169 8450 7614
8478 8010 8884 7566
8662 8173 8492 7580
8553 8073 8766 7815
8527 8032 8843 7685
8656 8222 8473 7616
8683 8160 8504 7737
8475 7975 8892 7543
8647 8218 8491 7579
8491 8091 8862 7750
8466 7977 8886 7549
8449 8064 8913 7781
8628 8265 8458 7822
8457 7924 8904 7519
8545 8069 8805 7695
8488 7995 8871 7534
8459 7955 8898 7555
8476 8019 8872 7561
8460 8020 8895 7735
8672 8242 8382 7736
8504 8072 8869 7478
8484 8104 8880 7453
8663 8262 8345 7695
8538 8118 8778 7736
8464 8039 8890 7381
8650 8286 8319 7636
8547 8184 8740 7722
8549 8073 8864 7454
8653 8286 8293 7615
8486 8033 8877 7407
8626 8364 8343 7651
8498 8032 8886 7416
8617 8316 8374 7689
8606 8237 8761 7533
8595 8340 8319 7731
8583 8181 8787 7417
8613 8020 8784 7445
8584 8340 8396 7699
8645 8160 8736 7461
8424 8096 8884 7789
8597 8316 8422 7758
8428 8135 8849 7805
8582 7949 8817 7430
8585 7984 8809 7453
8568 8382 8421 7755
8577 8381 8408 7686
8583 8144 8805 7448
8515 8107 8850 7730
8568 8105 8778 7459
8515 8171 8819 7766
8549 8034 8801 7799
8470 8100 8879 7749
8449 8171 8815 7773
8586 8172 8780 7447
8572 8449 8277 7647
8415 8100 8874 7779
8398 8111 8818 7815
8590 8057 8779 7468
8518 8522 8444 7730
8603 8100 8727 7727
8528 8555 8418 7656
8640 8151 8763 7412
8347 8075 8916 7837
8381 8146 8857 7831
8649 8162 8733 7427
8412 8153 8855 7810
8498 8420 8608 7665
8369 8092 8901 7734
8617 8210 8745 7456
8389 8157 8891 7806
8588 8326 8409 7676
8379 8090 8926 7774
8413 8161 8867 7768
8382 8090 8900 7753
8420 8105 8881 7768
8433 8042 8959 7758
8393 8007 8975 7757
8398 7970 8983 7760
8528 8597 8368 7680
8385 8000 8988 7741
8477 8437 8444 7790
8439 8053 8922 7716
8386 8048 8960 7727
8388 8046 8955 7720
8406 8083 8917 7730
8560 8224 8794 7406
8457 8581 8395 7767
8361 8018 8918 7806
8300 8033 8924 7812
8609 8208 8768 7325
8456 8443 8426 7813
8306 8052 8953 7794
8617 8246 8696 7454
8271 8003 8980 7793
8475 8449 8428 7790
8292 8045 8935 7807
8633 8199 8718 7417
8266 7966 8970 7837
8503 8642 8343 7756
8270 8005 8935 7853
8423 8638 8336 7817
8283 7981 8961 7912
8469 8496 8394 7799
8320 8037 8922 7893
8371 8491 8291 7966
8324 8015 8928 7879
8369 8488 8542 7802
8314 7991 8969 7897
8591 8272 8753 7532
8371 7961 8945 7892
8405 8032 8886 7886
8345 8027 8918 7868
8349 8066 8883 7884
8610 8276 8726 7549
8307 8050 8915 7879
8585 8308 8697 7557
8307 8114 8884 7915
8300 8119 8885 7924
8282 8146 8855 7923
8303 8090 8908 7911
8286 8121 8851 7903
8272 8083 8910 7932
8412 8528 8303 7827
8252 8114 8879 7945
8569 8171 8771 7484
8374 8508 8272 7857
8547 8118 8809 7421
8397 8512 8512 7791
8401 8613 8404 7810
8300 8055 8916 7888
8303 8119 8859 7903
8334 8126 8857 7882
8335 8052 8906 7865
8545 8318 8805 7439
8339 8091 8871 7881
8352 8061 8866 7900
8348 8022 8901 7884
8384 8033 8862 7855
8388 8072 8827 7871
8375 8014 8840 7988
8368 8005 8862 7930
8389 7994 8835 7907
8560 8228 8778 7386
8473 8482 8407 7776
8425 8040 8760 7932
8556 8345 8719 7480
8383 8018 8777 7959
8414 8025 8775 7938
8380 7954 8834 7944
8563 8318 8710 7514
8578 8356 8700 7384
8585 8313 8702 7341
8401 8523 8576 7744
8390 8004 8821 7962
8617 8320 8665 7411
8361 8076 8810 7921
8346 8086 8829 7947
8299 8024 8889 7978
8593 8361 8645 7539
8336 7952 8883 7991
8567 8387 8666 7494
8332 7966 8870 8014
8559 8348 8711 7479
8506 8324 8767 7516
8431 8376 8496 7801
8529 8325 8769 7359
8282 8035 8833 8014
8561 8402 8655 7369
8486 8484 8485 7759
8330 8095 8856 7993
8343 8087 8842 7974
8295 8027 8819 7995
8322 8059 8821 7994
8291 8052 8823 8015
8280 8075 8777 8017
8287 8019 8791 8017
8284 8019 8817 8038
8581 8307 8710 7567
8238 7958 8869 8049
8269 7965 8867 8028
8317 7957 8943 7978
8490 8341 8763 7352
8266 7964 8871 7986
8470 8430 8468 7771
8562 8383 8703 7502
8419 8446 8594 7777
8519 8302 8726 7592
8387 8449 8578 7779
8317 7893 8974 7942
8529 8316 8735 7501
8387 8513 8515 7799
8351 7964 8915 7936
8299 7904 8975 7944
8290 7959 8916 7965
8366 8397 8582 7838
8319 7893 8917 7968
8377 8430 8548 7835
8316 7893 8943 7989
8320 7879 8956 7966
8322 7897 8923 7948
8567 8228 8773 7304
8340 7861 8925 7924
8552 8238 8792 7330
8353 8409 8492 7919
8377 7917 8886 7905
8521 8167 8825 7315
8421 7882 8900 7916
8581 8172 8793 7333
8455 7918 8817 7897
8318 8452 8641 7914
8442 7876 8918 7893
8427 7932 8848 7883
8630 8157 8762 7305
8614 8212 8731 7317
8667 8214 8690 7392
8442 7924 8855 7930
8376 8361 8480 7864
8390 7924 8824 7939
8662 8210 8727 7400
8405 8479 8555 7812
8427 7980 8785 7920
8646 8120 8775 7293
8400 8430 8652 7821
8396 7973 8787 7941
8624 8130 8779 7278
8424 8034 8785 7883
8639 8102 8789 7297
8433 8477 8489 7799
8435 7959 8776 7902
8440 7976 8814 7887
8429 8051 8823 7868
8392 7995 8862 7887
8645 8086 8773 7333
8401 8061 8824 7873
8380 8069 8849 7858
8637 8094 8790 7339
8383 8110 8821 7852
8614 8089 8769 7446
8436 8096 8810 7827
8561 8023 8830 7418
8390 8035 8862 7838
8596 8166 8776 7401
8570 8098 8819 7436
8396 8072 8822 7847
8420 8108 8838 7829
8281 8541 8580 7777
8385 8059 8865 7828
8402 8064 8836 7834
8429 8096 8838 7833
8411 8573 8563 7762
8433 8074 8844 7819
8437 8113 8809 7835
8444 8057 8823 7835
8454 8586 8494 7758
8452 8054 8802 7852
8479 8086 8804 7851
8534 8044 8820 7825
8503 8058 8804 7814
8677 8200 8708 7374
8484 8056 8813 7821
8742 8099 8699 7413
8453 7985 8846 7806
8703 8165 8678 7298
8696 8147 8724 7289
8509 8024 8842 7813
8531 8048 8834 7808
8727 8203 8647 7390
8366 8600 8342 7830
8534 8048 8808 7787
8680 8157 8726 7438
8507 8012 8818 7826
8674 8112 8734 7267
8673 8173 8730 7291
8667 8126 8766 7317
8685 8037 8725 7286
8541 8037 8822 7782
8707 8140 8712 7442
8545 8076 8787 7798
8507 8061 8806 7783
8635 8129 8765 7282
8599 8086 8795 7290
8539 8137 8719 7753
8699 8126 8713 7282
8524 8147 8738 7779
8703 8179 8671 7436
8493 8140 8740 7800
8485 8148 8754 7814
8464 8106 8799 7800
8495 8113 8797 7779
8502 8057 8811 7779
8548 8118 8759 7768
8520 8082 8784 7776
8541 8124 8739 7790
8639 8168 8730 7298
8549 8116 8725 7776
8585 8127 8686 7747
8581 8088 8721 7731
8643 8141 8754 7313
8462 8457 8474 7765
8566 8098 8740 7757
8563 8063 8748 7734
8572 8029 8760 7712
8638 8091 8791 7266
8572 8093 8729 7748
8585 8104 8710 7788
8568 8107 8716 7771
8720 8158 8663 7420
8616 8111 8708 7767
8672 8130 8729 7309
8575 8057 8739 7734
8571 8071 8726 7757
8650 8026 8767 7289
8587 7983 8752 7763
8642 8021 8808 7255
8596 8049 8714 7749
8642 8085 8777 7291
8633 8055 8825 7323
8567 7918 8762 7691
8645 8056 8800 7278
8617 7921 8701 7707
8626 8024 8850 7220
8654 7977 8662 7688
8630 8063 8815 7236
8627 7954 8631 7723
8602 8057 8813 7299
8618 7988 8619 7745
8623 8099 8768 7313
8609 7962 8603 7798
8601 8076 8580 7813
8606 8023 8823 7324
8578 7955 8605 7819
8641 8014 8608 7795
8629 7940 8609 7736
8632 8083 8578 7792
8672 8066 8760 7273
8599 7997 8560 7833
8350 8417 8572 7826
8613 7980 8536 7837
8563 7852 8539 7853
8521 7956 8606 7876
8499 7935 8630 7915
8327 8418 8653 7892
8491 7940 8614 7880
8718 8213 8634 7308
8473 7920 8649 7921
8680 8198 8653 7293
8273 8381 8701 7897
8444 7986 8648 7918
8680 8262 8622 7329
8277 8420 8666 7913
8480 8003 8658 7914
8693 8238 8648 7388
8327 8376 8692 7924
8714 8230 8623 7403
8276 8415 8665 7940
8485 7955 8620 7914
8687 8207 8592 7438
8453 7968 8664 7910
8718 8214 8590 7417
8474 8010 8619 7924
8669 8181 8670 7512
8685 8159 8696 7473
8449 7982 8651 7933
8296 8305 8725 7909
8437 7949 8653 7916
8291 8379 8693 7937
8483 8010 8601 7905
8245 8344 8698 7925
8494 7955 8602 7895
8238 8400 8684 7925
8506 7988 8600 7912
8631 8149 8695 7476
8242 8439 8649 7941
8460 7927 8652 7923
8449 7932 8691 7899
8211 8432 8651 7962
8633 8184 8726 7433
8238 8464 8653 7961
8633 8229 8676 7466
8256 8428 8655 7937
8253 8428 8681 7958
8545 7963 8575 7874
8253 8364 8712 7922
8543 7981 8538 7883
8246 8360 8716 7876
8280 8431 8657 7870
8536 7946 8587 7850
8284 8417 8670 7847
8561 7930 8561 7838
8279 8476 8625 7801
8657 8217 8635 7415
8652 8213 8672 7423
8285 8527 8593 7754
8648 8174 8707 7407
8273 8586 8561 7808
8573 7883 8576 7836
8644 8190 8728 7428
8539 7812 8635 7842
8292 8565 8523 7791
8246 8504 8575 7802
8555 7939 8532 7847
8243 8504 8601 7823
8207 8502 8569 7834
8253 8563 8517 7823
8258 8504 8525 7874
8575 8059 8520 7888
8213 8513 8519 7854
8275 8501 8519 7891
8536 7947 8586 7830
8232 8542 8465 7844
8304 8478 8529 7873
8220 8480 8547 7871
8626 7898 8629 7800
8189 8473 8549 7892
8580 7837 8681 7811
8176 8503 8554 7873
8573 7893 8667 7811
8560 8201 8786 7517
8167 8505 8564 7875
8575 7891 8662 7804
8594 8164 8766 7433
8204 8509 8547 7887
8555 8101 8813 7432
8127 8565 8496 7834
8168 8545 8508 7879
8172 8531 8521 7856
8203 8538 8519 7835
8544 8099 8808 7515
8216 8508 8514 7854
8551 7984 8535 7842
8252 8519 8475 7825
8533 7964 8566 7865
8261 8523 8457 7862
8307 8584 8405 7851
8490 7949 8608 7897
8279 8523 8407 7909
8275 8537 8394 7932
8238 8491 8450 7965
8269 8492 8472 7937
8512 7974 8540 7904
8248 8450 8517 7923
8501 7997 8494 7906
8515 7997 8467 7908
8548 8027 8518 7889
8261 8455 8488 7911
8609 8087 8470 7860
8328 8472 8456 7890
8600 7936 8486 7856
8550 7933 8547 7840
8581 8004 8514 7855
8401 8448 8423 7949
8265 8433 8364 7970
8528 7999 8552 7866
8529 7925 8601 7849
8591 8283 8701 7539
8287 8422 8441 8048
8287 8458 8296 7977
8579 8034 8516 7868
8227 8433 8436 8030
8259 8494 8281 7968
8563 8026 8522 7871
8262 8494 8255 7947
8567 8016 8562 7837
8298 8505 8216 7918
8594 8033 8520 7850
8610 8341 8662 7477
8300 8504 8291 7908
8609 8023 8501 7824
8310 8475 8374 7937
8328 8468 8306 7917
8602 8073 8476 7824
8587 8083 8495 7850
8554 8300 8675 7571
8352 8517 8287 7887
8566 8041 8540 7836
8348 8469 8351 7837
8597 8048 8538 7815
8343 8514 8393 7898
8563 7977 8597 7821
8284 8483 8450 7890
8578 8292 8731 7348
8327 8540 8287 7861
8586 7948 8534 7838
8308 8535 8418 7858
8617 7966 8549 7814
8620 8288 8689 7382
8645 8053 8573 7811
8618 8214 8696 7350
8627 8288 8668 7504
8356 8548 8237 7845
8694 8093 8433 7744
8701 8019 8576 7813
8375 8511 8248 7832
8642 8350 8638 7468
8437 8473 8298 7911
8691 8084 8570 7767
8420 8372 8308 7947
8427 8413 8364 7889
8611 8169 8511 7807
8580 8162 8513 7828
8620 8156 8745 7493
8382 8389 8347 7955
8402 8368 8317 7938
8618 8188 8509 7784
8620 8254 8656 7581
8593 8145 8548 7793
8603 8198 8528 7810
8563 8205 8512 7809
8417 8323 8372 7969
8574 8238 8478 7806
8587 8208 8473 7825
8411 8373 8304 7946
8633 8205 8452 7778
8640 8338 8629 7501
8618 8215 8471 7804
8361 8326 8343 7980
8584 8144 8530 7810
8588 8183 8495 7826
8368 8400 8339 7973
8548 8133 8569 7839
8582 8204 8510 7833
8396 8336 8292 7965
8423 8368 8294 7964
8432 8313 8353 7943
8576 8166 8526 7811
8622 8227 8474 7800
8377 8307 8346 7975
8364 8337 8351 7956
8343 8331 8423 7978
8608 8135 8529 7767
8614 8074 8612 7769
8618 8113 8577 7785
8587 8042 8610 7770
8587 8106 8579 7806
8603 8325 8630 7546
8590 8151 8589 7794
8569 8109 8634 7780
8551 8273 8644 7637
8301 8379 8419 8063
8657 7972 8583 7739
8563 8222 8703 7597
8635 8118 8567 7765
8584 8264 8658 7611
8448 8398 8373 7854
8640 8093 8563 7693
8566 8227 8696 7601
8616 8230 8635 7617
8647 8037 8577 7693
8595 8188 8680 7603
8587 8196 8694 7617
8631 8079 8602 7749
8574 8193 8708 7592
8641 8103 8561 7731
8613 8215 8667 7510
8656 8128 8502 7738
8632 8236 8677 7428
8623 8231 8690 7420
8635 8223 8565 7733
8365 8390 8458 7866
8656 8231 8667 7483
8583 8157 8562 7774
8691 8261 8593 7416
8629 8218 8510 7763
8655 8254 8647 7476
8361 8373 8474 7897
8614 8164 8560 7753
8368 8408 8425 7930
8636 8149 8614 7716
8352 8391 8447 7925
8601 8152 8624 7739
8648 8160 8710 7440
8579 8167 8570 7776
8372 8383 8475 7867
8596 8156 8626 7740
8617 8146 8776 7420
8360 8364 8478 7880
8630 8227 8567 7734
8357 8364 8504 7901
8631 8153 8616 7717
8316 8353 8531 7938
8624 8201 8571 7722
8586 8186 8590 7707
8572 8081 8771 7460
8364 8354 8493 7909
8586 8250 8559 7743
8553 8124 8769 7529
8385 8396 8448 7923
8593 8269 8602 7671
8534 8086 8800 7531
8552 8123 8762 7541
8334 8365 8411 8000
8307 8373 8403 7976
8525 8308 8651 7652
8296 8396 8357 7978
8525 8244 8682 7616
8307 8373 8328 8047
8563 8259 8663 7631
8296 8314 8458 8032
8532 8188 8696 7616
8258 8378 8356 8099
8532 8252 8665 7652
8539 8075 8812 7442
8281 8324 8477 8058
8526 8304 8689 7602
8295 8316 8426 8107
8520 8229 8734 7577
8585 8014 8789 7512
8257 8346 8394 8105
8515 8298 8712 7659
8554 7943 8822 7497
8561 8000 8809 7497
8305 8248 8391 8091
8547 8063 8777 7533
8510 8357 8667 7613
8526 8240 8720 7566
8549 8039 8802 7471
8559 8089 8789 7489
8502 8313 8670 7628
8487 8288 8729 7621
8478 8343 8670 7642
8541 8135 8796 7492
8464 8349 8667 7671
8459 8398 8633 7668
8552 8137 8807 7469
8543 8454 8625 7573
8534 8100 8845 7459
8446 8499 8605 7616
8432 8573 8576 7615
8446 8488 8558 7676
8540 8128 8805 7475
8515 8520 8560 7550
8546 8041 8846 7457
8542 8055 8833 7480
8524 8018 8871 7470
8411 8509 8594 7726
8528 8057 8836 7486
8535 8001 8850 7486
8465 8524 8547 7682
8581 8035 8816 7495
8466 8545 8536 7745
8599 7973 8787 7454
8329 8224 8404 8061
8592 8029 8773 7454
8607 8061 8757 7486
8628 8050 8730 7463
8431 8498 8577 7702
8597 8011 8770 7468
8569 8002 8818 7478
8550 7964 8849 7480
8265 8351 8353 8139
8447 8469 8601 7630
8284 8287 8317 8194
8596 8025 8797 7469
8294 8092 8312 8113
8578 7991 8775 7528
8312 8259 8292 8089
8580 7989 8770 7521
8495 8479 8572 7648
8614 8060 8711 7515
8625 8054 8769 7445
8627 8145 8721 7466
8258 8066 8375 8125
8498 8493 8649 7500
8640 8060 8718 7484
8265 8010 8389 8125
8464 8563 8592 7568
8654 8088 8729 7458
8257 8005 8430 8091
8252 8174 8450 8075
8310 8084 8496 8035
8641 8137 8699 7511
8700 8149 8677 7447
8321 8185 8481 8057
8523 8486 8543 7612
8307 8247 8453 8041
8624 8140 8705 7494
8647 8135 8744 7424
8669 8143 8701 7448
8335 8214 8451 8046
8489 8430 8609 7646
8677 8148 8660 7482
8547 8480 8636 7530
8645 8182 8683 7476
8658 8127 8694 7474
8488 8426 8630 7632
8665 8193 8646 7452
8704 8188 8642 7463
8679 8217 8571 7501
8353 8308 8401 8030
8673 8156 8666 7492
8474 8400 8517 7751
8615 8184 8688 7487
8622 8160 8726 7489
8618 8227 8679 7478
8352 8192 8479 8036
8359 8136 8493 8036
8631 8197 8674 7497
8380 8178 8448 8050
8651 8183 8680 7474
8363 8136 8451 8024
8397 8207 8392 8018
8365 8512 8615 7773
8670 8244 8628 7450
8366 8200 8394 8039
8688 8281 8590 7460
8412 8261 8342 8028
8668 8205 8584 7469
8391 8219 8387 8014
8709 8249 8547 7479
8422 8226 8385 7993
8724 8184 8534 7465
8439 8223 8379 8010
8678 8123 8586 7476
8460 8265 8334 8024
8699 8165 8541 7490
8426 8266 8304 8008
8709 8158 8574 7501
8409 8269 8310 7991
8678 8087 8607 7486
8388 8275 8292 8014
8412 8311 8308 7996
8724 8148 8555 7475
8372 8295 8282 8002
8728 8187 8520 7491
8389 8442 8294 7987
8315 8286 8376 8045
8435 8447 8604 7754
8713 8224 8543 7459
8449 8418 8624 7659
8451 8474 8570 7665
8682 8217 8545 7480
8504 8496 8548 7724
8724 8239 8528 7453
8759 8296 8508 7445
8485 8463 8626 7604
8711 8228 8547 7413
8696 8238 8566 7439
8336 8255 8389 8070
8701 8203 8580 7438
8451 8349 8672 7615
8455 8388 8637 7631
8429 8396 8654 7720
8414 8412 8640 7675
8728 8163 8622 7454
8467 8413 8610 7686
8480 8425 8622 7638
8682 8094 8731 7395
8449 8359 8686 7697
8277 8297 8556 8071
8419 8318 8674 7754
8306 8292 8506 8050
8415 8332 8661 7777
8332 8215 8482 8033
8428 8302 8656 7796
8360 8224 8434 8023
8372 8286 8352 7996
8347 8318 8323 8004
8316 8311 8325 8025
8478 8386 8591 7767
8337 8353 8280 8039
8704 8105 8720 7419
8336 8363 8262 8020
8669 8108 8730 7442
8310 8373 8302 8026
8411 8332 8550 7789
8443 8428 8528 7775
8669 8117 8701 7476
8293 8357 8355 8076
8452 8400 8548 7774
8638 8110 8703 7497
8642 8149 8668 7513
8472 8420 8553 7768
8469 8355 8513 7775
8310 8306 8302 8066
8634 8207 8675 7488
8496 8378 8492 7766
8630 8168 8710 7472
8279 8346 8272 8148
8297 8300 8263 8142
8318 8261 8228 8069
8456 8420 8482 7800
8329 8186 8219 8088
8422 8349 8541 7806
8426 8388 8506 7822
8441 8378 8487 7796
8435 8393 8493 7830
8315 8187 8355 8090
8608 8269 8747 7549
8306 8242 8296 8111
8592 8252 8711 7557
8484 8391 8556 7751
8550 8236 8743 7552
8311 8324 8290 8115
8298 8375 8218 8138
8269 8370 8220 8068
8471 8429 8494 7764
8570 8270 8755 7509
8271 8311 8291 8135
8462 8424 8507 7756
8495 8330 8709 7586
8252 8314 8270 8149
8477 8414 8488 7730
8494 8370 8693 7569
8489 8427 8687 7514
8585 8387 8631 7569
8438 8475 8540 7767
8272 8261 8337 8114
8257 8271 8356 8140
8208 8343 8425 8126
8533 8451 8586 7577
8241 8339 8358 8118
8490 8435 8560 7724
8542 8425 8499 7608
8252 8365 8461 8056
8617 8490 8500 7548
8245 8413 8416 8061
8423 8421 8590 7757
8241 8374 8451 8045
8306 8310 8484 8037
8405 8486 8556 7779
8235 8311 8458 8089
8239 8350 8423 8105
8351 8451 8564 7802
8230 8289 8525 8094
8421 8491 8565 7769
8486 8392 8695 7491
8195 8373 8430 8107
8382 8458 8562 7781
8203 8365 8416 8093
8234 8372 8414 8072
8544 8445 8644 7507
8195 8422 8465 8058
8438 8447 8578 7733
8192 8440 8425 8074
8198 8450 8439 8069
8502 8444 8588 7598
8223 8394 8471 8014
8226 8429 8463 8037
8516 8440 8557 7610
8195 8404 8535 8041
8498 8459 8576 7633
8231 8433 8426 8029
8202 8436 8452 8046
8436 8377 8566 7780
8209 8395 8440 8059
8542 8468 8541 7580
8255 8456 8388 8048
8430 8318 8630 7735
8239 8511 8375 8047
8464 8389 8571 7729
8537 8464 8578 7588
8252 8464 8356 8011
8481 8386 8565 7746
8265 8434 8351 8030
8208 8440 8408 8032
8440 8423 8537 7770
8516 8422 8623 7574
8236 8446 8410 7969
8436 8481 8546 7743
8221 8456 8429 7995
8548 8394 8619 7529
8189 8469 8473 7991
8552 8433 8584 7545
8179 8504 8430 8026
8518 8389 8660 7582
8158 8462 8475 8012
8396 8519 8613 7752
8522 8401 8654 7592
8517 8358 8670 7558
8198 8468 8491 7981
8551 8429 8611 7552
8221 8491 8461 7960
8183 8427 8492 7988
8170 8457 8497 7969
8180 8507 8484 7987
8362 8448 8672 7758
8163 8529 8463 7912
8366 8487 8637 7774
8586 8409 8600 7544
8138 8510 8470 7937
8335 8416 8670 7759
8117 8518 8495 7922
8335 8480 8639 7795
8146 8515 8469 7905
8331 8441 8674 7779
8227 8497 8527 7895
8113 8524 8476 7914
8367 8452 8635 7750
8570 8333 8681 7559
8124 8555 8480 7900
8371 8491 8600 7766
8569 8364 8635 7563
8378 8435 8614 7766
8557 8298 8699 7598
8258 8548 8418 7910
8409 8442 8612 7745
8297 8503 8451 7885
8405 8403 8647 7729
8509 8230 8738 7566
8439 8474 8588 7723
8540 8301 8705 7581
8277 8555 8416 7833
8408 8403 8621 7708
8536 8262 8740 7565
8304 8498 8493 7874
8408 8467 8590 7744
8378 8512 8439 7817
8585 8323 8662 7533
8433 8435 8619 7736
8313 8482 8475 7916
8469 8454 8576 7712
8539 8326 8683 7580
8460 8375 8634 7657
8534 8385 8638 7534
8312 8493 8432 7859
8510 8378 8573 7673
8543 8351 8650 7512
8564 8280 8714 7488
8528 8378 8523 7720
8524 8339 8558 7704
8319 8480 8419 7848
8589 8412 8598 7501
8346 8512 8421 7847
8582 8377 8647 7468
8315 8494 8406 7871
8483 8300 8658 7733
8567 8323 8697 7458
8279 8483 8445 7900
8462 8371 8594 7757
8325 8544 8393 7889
8473 8365 8652 7687
8464 8420 8593 7708
8563 8387 8676 7495
8436 8384 8618 7716
8317 8468 8488 7893
8482 8445 8566 7705
8532 8351 8727 7524
8522 8274 8778 7486
8442 8367 8599 7692
8473 8438 8566 7707
8553 8310 8727 7457
8439 8367 8625 7713
8572 8325 8729 7454
8248 8489 8502 7910
8424 8377 8644 7739
8561 8334 8719 7443
8435 8383 8635 7718
8562 8270 8770 7444
8230 8487 8420 7968
8574 8326 8705 7424
8261 8494 8418 7947
8594 8294 8694 7449
8274 8464 8413 7966
8573 8302 8719 7434
8466 8419 8584 7689
8566 8358 8705 7434
8253 8481 8431 7939
8466 8483 8553 7725
8517 8297 8783 7466
8416 8480 8614 7709
8498 8282 8781 7469
8204 8420 8509 7971
8552 8353 8756 7472
8365 8449 8577 7786
8155 8452 8496 7971
8189 8523 8437 7965
8342 8461 8643 7828
8528 8329 8749 7475
8200 8517 8495 7895
8218 8554 8457 7905
8406 8483 8528 7805
8197 8512 8502 7891
8424 8411 8527 7813
8550 8237 8772 7427
8177 8477 8545 7888
8546 8251 8759 7450
8223 8538 8493 7877
8219 8499 8528 7861
8359 8418 8607 7823
8495 8260 8787 7467
8174 8468 8535 7944
8170 8482 8522 7967
8177 8426 8536 7967
8521 8282 8789 7457
8216 8493 8464 7978
8391 8438 8572 7810
8539 8315 8744 7540
8227 8438 8465 7968
8511 8214 8780 7510
8220 8494 8451 7968
8542 8285 8747 7525
8174 8433 8503 7979
8488 8209 8786 7492
8357 8360 8676 7797
8350 8416 8662 7797
8521 8291 8729 7548
8321 8419 8688 7814
8514 8347 8715 7548
8143 8377 8587 7998
8334 8435 8649 7814
8515 8351 8688 7541
8295 8433 8643 7846
8536 8280 8752 7517
8303 8459 8637 7860
8146 8425 8530 7993
8329 8444 8579 7858
8496 8245 8768 7516
8218 8408 8545 8016
8328 8435 8584 7839
8492 8206 8803 7500
8149 8421 8516 8010
8373 8500 8583 7763
8491 8280 8754 7517
8384 8439 8595 7806
8484 8245 8803 7484
8193 8421 8491 7991
8366 8444 8609 7779
8515 8316 8770 7499
8219 8415 8504 8015
8361 8417 8659 7772
8512 8281 8778 7476
8186 8427 8471 8015
8389 8478 8657 7714
8516 8320 8743 7492
8415 8401 8633 7697
8485 8299 8782 7453
8411 8415 8620 7720
8464 8370 8718 7477
8173 8435 8485 8034
8436 8434 8613 7695
8481 8367 8712 7494
8431 8407 8648 7662
8518 8423 8673 7475
8204 8471 8434 8005
8435 8393 8661 7639
8468 8467 8668 7579
8427 8388 8702 7605
8423 8402 8689 7628
8412 8407 8728 7604
8403 8462 8669 7625
8179 8347 8584 7982
8425 8457 8650 7602
8210 8418 8551 7997
8421 8451 8668 7623
8177 8349 8589 7989
8393 8415 8693 7631
8223 8410 8537 7978
8405 8434 8690 7618
8409 8420 8703 7595
8231 8415 8496 8012
8185 8354 8548 8023
8431 8397 8719 7581
8182 8354 8574 8044
8437 8396 8701 7564
8211 8288 8575 8047
8232 8330 8530 8061
8467 8408 8680 7552
8462 8392 8688 7557
8256 8255 8601 8057
8460 8394 8693 7564
8236 8287 8612 8032
8229 8343 8598 8032
8240 8268 8589 8051
8268 8329 8587 7993
8276 8355 8581 8007
8489 8464 8613 7594
8271 8389 8512 7959
8461 8403 8615 7652
8279 8379 8506 7978
8276 8379 8532 7999
8509 8384 8567 7652
8234 8314 8507 8054
8530 8426 8522 7666
8258 8350 8523 8036
8511 8492 8525 7606
8219 8312 8479 8096
8469 8560 8492 7590
8179 8296 8453 8102
8527 8558 8502 7558
8166 8326 8458 8083
8216 8352 8414 8083
8237 8386 8381 8084
8258 8428 8336 8098
8189 8409 8310 8117
8192 8450 8282 8111
8505 8534 8510 7563
8155 8394 8321 8130
8550 8511 8378 7622
8183 8455 8319 8072
8249 8423 8349 8090
8513 8552 8528 7431
8270 8441 8307 8045
8511 8621 8309 7425
8242 8380 8309 8103
8499 8654 8370 7631
8468 8588 8559 7500
8465 8599 8506 7606
8212 8367 8388 8109
8427 8697 8478 7540
8228 8381 8394 8076
8256 8447 8356 8038
8456 8665 8341 7649
8282 8432 8298 8036
8322 8443 8328 7994
8472 8645 8389 7662
8325 8430 8343 7977
8450 8628 8520 7589
8473 8623 8551 7441
8473 8665 8342 7444
8349 8466 8359 7959
8314 8477 8285 7967
8451 8645 8458 7741
8436 8593 8594 7533
8350 8449 8336 7952
8371 8441 8311 7967
8349 8426 8268 7993
8361 8715 8339 7461
8386 8482 8229 7974
8407 8471 8202 7951
8398 8505 8190 7973
8396 8474 8196 7937
8381 8484 8215 7963
8396 8455 8240 7970
8387 8450 8253 7962
8402 8440 8234 7936
8407 8432 8286 7968
8443 8412 8381 7913
8458 8402 8362 7887
8416 8380 8379 7914
8462 8441 8327 7903
8447 8378 8431 7889
8402 8380 8406 7912
8401 8414 8457 7889
8420 8346 8429 7890
8451 8364 8444 7866
8438 8394 8449 7847
8404 8395 8419 7831
8425 8437 8374 7845
8383 8453 8330 7868
8428 8460 8301 7849
8378 8457 8362 7833
8475 8532 8573 7500
8471 8546 8560 7523
8443 8537 8608 7533
8405 8586 8596 7554
8372 8570 8292 7837
8382 8562 8590 7648
8369 8615 8573 7546
8434 8634 8549 7623
8425 8629 8562 7615
8418 8692 8491 7532
8376 8676 8523 7527
8405 8596 8268 7828
8355 8747 8459 7551
8315 8710 8480 7558
8319 8749 8445 7574
8339 8575 8387 7838
8274 8678 8505 7557
8312 8693 8486 7572
8270 8684 8461 7585
8332 8529 8401 7836
8327 8722 8455 7572
8367 8681 8504 7635
8315 8648 8511 7681
8377 8577 8388 7828
8401 8603 8572 7620
8402 8596 8381 7803
8331 8540 8635 7621
8283 8592 8576 7653
8280 8582 8607 7580
8311 8653 8574 7595
8452 8597 8376 7712
8311 8589 8605 7559
8315 8628 8570 7575
8272 8612 8570 7602
8406 8600 8397 7759
8268 8602 8587 7565
8369 8592 8595 7629
8399 8683 8413 7655
8335 8562 8648 7497
8369 8633 8589 7491
8309 8628 8621 7473
8313 8667 8586 7489
8386 8604 8634 7493
8378 8706 8301 7612
8282 8660 8588 7510
8391 8682 8327 7671
8278 8621 8623 7494
8422 8689 8325 7650
8309 8692 8590 7509
8307 8618 8597 7477
8365 8710 8517 7491
8468 8550 8450 7638
8472 8589 8415 7654
8465 8606 8434 7679
8329 8656 8578 7415
8423 8579 8496 7779
8438 8645 8543 7602
8435 8671 8524 7407
8345 8651 8564 7406
8348 8686 8556 7429
8330 8649 8594 7419
8385 8681 8454 7682
8428 8656 8525 7431
8470 8582 8579 7447
8297 8576 8512 7697
8506 8593 8540 7418
8339 8620 8506 7693
8517 8538 8541 7408
8334 8642 8468 7703
8573 8613 8449 7422
8294 8634 8471 7689
8523 8610 8510 7406
8508 8620 8529 7432
8508 8560 8569 7407
8505 8619 8533 7390
8477 8553 8571 7428
8308 8584 8498 7707
8529 8489 8633 7383
8279 8650 8497 7704
8509 8501 8598 7396
8288 8616 8509 7682
8565 8520 8555 7484
8480 8508 8591 7434
8467 8538 8596 7415
8401 8594 8615 7467
8333 8673 8484 7678
8355 8523 8651 7496
8317 8465 8675 7462
8348 8536 8642 7477
8348 8472 8673 7441
8351 8537 8638 7519
8337 8560 8674 7504
8348 8579 8637 7496
8381 8606 8580 7480
8334 8679 8461 7647
8355 8533 8667 7478
8355 8597 8636 7514
8433 8601 8534 7672
8341 8599 8639 7520
8306 8542 8659 7528
8374 8533 8566 7667
8337 8613 8626 7543
8352 8603 8607 7517
8370 8640 8569 7527
8366 8601 8604 7511
8351 8611 8623 7537
8333 8574 8661 7527
8416 8621 8548 7631
8393 8579 8629 7545
8415 8682 8466 7606
8390 8544 8637 7522
8362 8547 8633 7600
8283 8620 8591 7535
8451 8596 8490 7614
8466 8560 8518 7611
8416 8557 8579 7595
8413 8569 8588 7627
8406 8534 8637 7594
8387 8506 8638 7623
8411 8544 8594 7598
8424 8514 8589 7617
8461 8570 8550 7598
8388 8573 8601 7634
8410 8609 8568 7610
8407 8574 8576 7587
8436 8571 8550 7570
8421 8581 8569 7596
8418 8513 8636 7602
8391 8549 8593 7618
8349 8533 8625 7613
8387 8548 8606 7628
8398 8493 8607 7618
8385 8523 8612 7599
8374 8490 8646 7602
8313 8505 8652 7608
8322 8450 8711 7587
8356 8521 8652 7581
8325 8514 8654 7602
8327 8501 8670 7605
8358 8508 8668 7584
8331 8476 8666 7585
8369 8491 8647 7600
8365 8452 8682 7584
8465 8431 8577 7617
8451 8487 8557 7588
8462 8565 8582 7568
8488 8488 8558 7551
8525 8483 8576 7491
8566 8446 8604 7467
8618 8506 8544 7459
8584 8435 8603 7465
8575 8490 8544 7486
8578 8490 8518 7465
8569 8524 8506 7487
8604 8459 8583 7514
8629 8467 8499 7426
8623 8528 8416 7424
8644 8457 8480 7400
8647 8457 8493 7391
8634 8471 8462 7418
8649 8461 8443 7392
8628 8532 8379 7416
8592 8521 8418 7445
8563 8587 8417 7442
8528 8530 8437 7450
8568 8567 8416 7443
8561 8532 8465 7410
8546 8542 8484 7436
8550 8528 8497 7413
8616 8468 8588 7401
8602 8528 8528 7404
8581 8535 8495 7392
8577 8487 8559 7342
8580 8522 8551 7365
8559 8480 8596 7351
8546 8504 8570 7292
8552 8489 8564 7258
8550 8491 8569 7265
8567 8488 8563 7282
8613 8549 8511 7271
8579 8550 8481 7255
8600 8592 8436 7269
8563 8536 8475 7288
8556 8592 8461 7288
8525 8585 8463 7309
8562 8641 8424 7290
8512 8633 8436 7331
8525 8609 8462 7390
8556 8616 8460 7369
8522 8545 8519 7375
8516 8560 8525 7409
8519 8488 8588 7410
8504 8498 8607 7436
8525 8427 8671 7412
8585 8432 8639 7430
8582 8397 8647 7407
8585 8461 8590 7422
8621 8472 8551 7393
8657 8422 8536 7356
8624 8379 8603 7533
8611 8409 8608 7514
8663 8392 8593 7482
8665 8329 8630 7327
8617 8365 8609 7497
8675 8430 8510 7377
8690 8420 8491 7351
8693 8455 8483 7374
8633 8450 8515 7356
8637 8489 8480 7372
8640 8447 8481 7395
8673 8403 8505 7419
8678 8404 8474 7413
8674 8444 8464 7422
8685 8394 8453 7415
8576 8388 8509 7577
8607 8395 8507 7556
8630 8397 8563 7532
8653 8421 8437 7501
8638 8431 8456 7527
8608 8399 8480 7549
8654 8514 8402 7480
8650 8475 8437 7464
8635 8485 8456 7490
8595 8489 8543 7539
8600 8493 8506 7531
8561 8418 8602 7545
8565 8457 8567 7561
8586 8386 8631 7537
8577 8441 8572 7558
8573 8402 8607 7542
8617 8429 8578 7533
8625 8348 8648 7527
8661 8359 8609 7498
8664 8331 8607 7387
8670 8316 8601 7353
8701 8387 8568 7368
8638 8376 8618 7350
8623 8386 8637 7376
8589 8315 8696 7382
8593 8354 8661 7398
8653 8264 8624 7440
8651 8326 8627 7508
8665 8320 8586 7424
8645 8333 8581 7507
8612 8289 8664 7522
8606 8304 8670 7556
8609 8304 8644 7535
8596 8326 8622 7538
8581 8336 8641 7564
8518 8325 8691 7546
8524 8374 8654 7548
8551 8373 8584 7669
8533 8396 8615 7616
8527 8379 8558 7658
8506 8385 8540 7681
8537 8392 8538 7660
8548 8386 8596 7590
8485 8345 8693 7611
8519 8416 8634 7605
8457 8355 8663 7617
8485 8425 8634 7590
8483 8376 8635 7639
8490 8320 8649 7639
8511 8362 8604 7653
8520 8366 8586 7690
8517 8302 8643 7675
8516 8376 8594 7692
8500 8351 8621 7636
8518 8388 8583 7646
8524 8433 8505 7641
8523 8428 8520 7725
8546 8583 8327 7576
8495 8615 8405 7615
8488 8663 8360 7620
8478 8574 8409 7620
8494 8537 8437 7583
8507 8513 8463 7642
8538 8520 8461 7621
8486 8535 8498 7655
8482 8554 8458 7619
8475 8519 8507 7586
8454 8590 8443 7610
8523 8593 8405 7688
8493 8570 8449 7688
8453 8616 8443 7672
8483 8537 8470 7728
8489 8522 8464 7694
8492 8586 8407 7709
8500 8536 8370 7738
8497 8593 8380 7754
8466 8586 8382 7775
8503 8532 8463 7756
8461 8548 8419 7779
8409 8548 8388 7788
8406 8548 8414 7809
8409 8519 8437 7796
8414 8511 8545 7706
8414 8575 8514 7742
8435 8474 8569 7730
8466 8481 8567 7709
8473 8425 8581 7709
8310 8288 8813 7903
8306 8339 8714 7874
8326 8348 8710 7785
8433 8369 8727 7734
8283 8266 8753 7933
8298 8403 8744 7845
8304 8240 8914 7821
8349 8155 8819 7945
8289 8329 8748 7903
8278 8215 8926 7898
8308 8241 8836 7948
8265 8229 8947 7780
8351 8327 8765 7883
8274 8344 8743 7868
8314 8354 8815 7730
8255 8186 8842 7919
8344 8261 8812 7684
8382 8275 8798 7752
8326 8280 8862 7762
8341 8305 8834 7725
8371 8380 8852 7675
8273 8275 8900 7773
8262 8181 8930 7870
8308 8242 8878 7859
8248 8242 8828 7919
8247 8270 8938 7826
8420 8377 8741 7753
8072 8322 8914 7829
8262 8280 8857 7877
8219 8297 8939 7784
8250 8256 8928 7785
8359 8415 8669 7890
8340 8309 8885 7660
8245 8539 8766 7660
8236 8341 8975 7776
8254 7977 8901 7983
8420 8387 8723 7727
8355 8293 8799 7705
8237 8260 8758 7975
8356 8257 8648 8027
8411 8331 8733 7845
8233 8274 8745 7998
8325 8186 8681 8012
8360 8324 8672 7930
8251 8307 8805 7901
8293 8271 8901 7676
8246 8342 8738 7943
8247 8192 8985 7770
8301 8247 8790 7908
8312 8346 8871 7812
8285 8139 8793 8004
8289 8295 8780 7891
8244 8202 8807 8022
8268 8388 8702 7895
8336 8375 8763 7759
8339 8390 8781 7724
8360 8243 8661 8004
8304 8336 8633 7983
8270 8408 8576 8007
8203 8421 8528 7963
8401 8358 8777 7737
8428 8339 8736 7706
8382 8436 8711 7748
8431 8308 8754 7726
8425 8259 8791 7724
8424 8364 8740 7726
8315 8322 8609 7974
8371 8247 8629 8001
8189 8423 8530 7982
8391 8250 8659 7983
8368 8276 8758 7917
8329 8344 8796 7704
8328 8113 8864 7931
8285 8247 8823 7901
8409 8280 8690 7852
8359 8331 8702 7854
8367 8194 8842 7849
8482 8176 8786 7867
8390 8251 8744 7862
8395 8169 8711 7936
8171 8433 8529 8000
8294 8155 8814 7975
8348 8199 8738 7958
8174 8312 8767 7877
8299 8107 8780 7972
8271 8423 8694 7918
8310 8378 8679 7890
8103 8431 8774 7917
8250 8328 8751 7920
8083 8366 8784 7845
8133 8369 8723 7861
8430 8176 8755 7876
8253 8246 8791 7911
8229 8235 8780 7982
8433 8367 8604 7849
8416 8466 8535 7933
8498 8335 8493 7877
8448 8357 8585 7823
8297 8304 8845 7862
8475 8357 8494 7870
8462 8315 8752 7705
8246 8308 8768 7876
8295 8362 8772 7851
8267 8332 8777 7830
8442 8275 8795 7614
8272 8411 8812 7736
8225 8463 8760 7669
8271 8524 8708 7658
8243 8458 8746 7696
8279 8469 8707 7667
8260 8440 8761 7677
8249 8445 8800 7653
8229 8457 8765 7666
8287 8380 8818 7693
8350 8337 8782 7678
8321 8330 8836 7698
8346 8329 8786 7684
8346 8253 8861 7672
8370 8287 8810 7722
8409 8269 8805 7668
8418 8315 8777 7724
8336 8326 8838 7709
8368 8246 8819 7679
8375 8198 8864 7674
8397 8233 8822 7827
8432 8259 8807 7604
8427 8232 8835 7669
8439 8211 8852 7599
8473 8282 8793 7593
8482 8322 8829 7583
8404 8260 8814 7599
8435 8331 8781 7614
8483 8335 8773 7610
8479 8287 8837 7560
8439 8252 8853 7559
8424 8296 8907 7592
8443 8241 8880 7561
8396 8332 8892 7583
8399 8250 8840 7594
8398 8195 8903 7627
8365 8243 8868 7636
8323 8227 8900 7631
8395 8275 8844 7614
8410 8278 8811 7637
8379 8271 8813 7658
8320 8260 8933 7668
8300 8289 8887 7672
8281 8263 8926 7764
8285 8314 8869 7813
8326 8315 8853 7751
8319 8272 8898 7685
8277 8322 8883 7827
8193 8387 8831 7729
8213 8380 8883 7700
8164 8375 8875 7703
8251 8369 8857 7722
8208 8320 8888 7777
8258 8250 8959 7766
8262 8289 8924 7782
8233 8356 8915 7764
8257 8243 8928 7775
8279 8215 8973 7811
8264 8267 8935 7723
8367 8382 8761 7738
8320 8349 8815 7752
8377 8309 8785 7691
8477 8305 8733 7679
8471 8320 8739 7713
8440 8249 8772 7698
8457 8263 8771 7742
8436 8304 8755 7677
8418 8267 8793 7667
8433 8305 8758 7698
8387 8308 8779 7745
8389 8306 8774 7738
8420 8313 8772 7717
8458 8328 8753 7732
8427 8257 8786 7717
8430 8292 8778 7740
8416 8348 8758 7711
8382 8372 8742 7712
8336 8311 8794 7723
8375 8422 8717 7712
8360 8432 8736 7738
8370 8397 8779 7703
8329 8374 8793 7714
8320 8299 8827 7829
8338 8310 8803 7711
8351 8204 8831 7737
8431 8214 8772 7838
8448 8270 8750 7766
8465 8250 8715 7822
8504 8228 8773 7772
8460 8246 8752 7830
8378 8146 8883 7852
8342 8233 8817 7857
8374 8191 8860 7738
8401 8242 8754 7873
8358 8202 8801 7846
8387 8253 8785 7841
8358 8266 8770 7882
8367 8239 8815 7743
8365 8246 8801 7759
8327 8269 8798 7770
8393 8263 8760 7859
8289 8258 8817 7880
8396 8217 8782 7861
8415 8181 8833 7791
8400 8143 8805 7823
8423 8104 8824 7846
8429 8126 8770 7903
8455 8167 8851 7804
8411 8267 8764 7809
8388 8236 8797 7863
8373 8172 8821 7894
8356 8179 8826 7893
8327 8195 8803 7867
8221 8284 8800 7957
8261 8222 8842 7888
8244 8252 8974 7911
8327 8220 8798 7931
8339 8307 8698 7912
8339 8338 8661 7951
8349 8158 8747 7954
8356 8193 8679 7991
8331 8270 8660 7964
8426 8204 8696 7915
8284 8199 8781 7970
8382 8275 8640 7954
8391 8209 8783 7904
8502 8081 8786 7818
8437 8294 8648 7897
8487 8216 8646 7784
8541 8266 8624 7803
8559 8206 8658 7766
8559 8187 8693 7829
8465 8186 8746 7786
8422 8274 8671 7785
8476 8209 8666 7774
8447 8275 8665 7771
8418 8276 8768 7799
8475 8216 8669 7884
8377 8211 8786 7910
8420 8065 8802 7922
8380 8093 8823 7857
8379 8093 8868 7899
8374 7996 8937 7915
8367 8055 8842 7972
8416 8232 8735 7847
8399 8217 8756 7840
8407 8178 8756 7856
8426 8091 8778 7880
8460 8162 8719 7874
8433 8197 8753 7901
8458 8218 8693 7886
8351 8257 8725 7958
8302 8108 8776 8014
8264 8292 8760 7974
8324 8308 8694 7930
8300 8297 8668 7967
8371 8269 8673 7920
8398 8301 8675 7919
8335 8290 8725 7901
8386 8263 8599 7974
8391 8254 8699 7906
8359 8240 8568 8009
8315 8281 8634 7973
8386 8272 8570 8008
8342 8313 8636 7972
8309 8374 8706 7897
8402 8113 8725 7936
8351 8258 8695 7951
8272 8427 8667 7911
8364 8162 8713 7957
8329 8225 8646 8028
8377 8185 8668 7952
8360 8232 8644 8007
8369 8159 8674 7938
8376 8103 8688 7938
8342 8265 8699 7935
8397 8095 8663 7953
8360 8179 8692 7968
8382 8078 8730 7940
8288 8332 8751 7883
8353 8229 8667 7968
8435 8119 8752 7932
8289 8336 8724 7876
8403 8232 8606 7984
8440 8098 8699 7912
8449 8293 8554 7973
8327 8266 8695 7953
8460 8238 8555 7963
8389 8058 8804 7943
8324 8225 8723 7959
8491 8245 8553 7942
8380 8018 8803 7980
8497 8230 8547 7908
8482 8240 8566 7934
8432 8237 8627 7918
8381 8175 8707 7906
8332 8383 8667 7891
8426 8252 8633 7952
8384 8210 8699 7929
8395 8181 8666 7937
8395 8245 8635 7973
8391 8474 8574 7870
8335 8091 8854 7992
8345 8192 8761 7938
8319 8526 8623 7770
8361 8233 8685 7940
8362 8231 8686 7944
8433 8510 8526 7768
8382 8227 8703 7917
8358 8245 8673 7967
8395 8197 8698 7936
8364 8230 8667 7933
8378 8483 8566 7801
8383 8268 8636 7931
8276 8489 8661 7832
8465 8232 8680 7874
8441 8194 8677 7889
8456 8219 8618 7896
8344 8007 8842 8009
8473 8208 8674 7860
8297 8026 8894 7985
8455 8280 8608 7896
8510 8256 8595 7847
8314 8599 8574 7632
8429 8221 8719 7903
8470 8270 8589 7870
8276 8592 8589 7660
8444 8238 8662 7897
8271 8559 8613 7678
8341 7973 8860 7931
8274 8594 8605 7701
8403 8223 8707 7903
8421 8260 8669 7913
8221 8585 8625 7720
8432 8185 8660 7932
8332 8056 8862 7969
8238 8592 8514 7702
8453 8227 8615 7946
8435 8261 8575 7933
8389 8265 8560 7941
8432 8288 8601 7903
8307 8050 8874 7954
8414 8669 8562 7671
8426 8322 8563 7904
8318 8030 8934 7913
8398 8256 8601 7942
8387 8279 8555 7944
8318 8570 8640 7602
8452 8272 8475 7934
8452 8231 8452 7971
8263 8616 8563 7601
8481 8228 8426 7954
8463 8191 8464 7944
8446 8202 8408 7980
8268 8631 8550 7677
8419 8212 8412 7998
8394 8201 8426 8018
8387 8166 8475 7985
8390 8201 8467 8008
8359 8194 8469 8029
8400 8228 8452 7985
8262 8528 8669 7736
8422 8253 8384 7992
8228 8529 8639 7720
8450 8219 8410 7977
8404 8158 8462 7988
8247 8570 8567 7718
8401 8158 8488 8009
8225 8546 8575 7723
8398 8123 8496 7986
8288 8118 8781 7984
8435 8134 8497 7974
8233 8048 8837 8007
8252 8544 8606 7794
8426 8075 8497 7978
8486 8080 8465 7996
8253 8047 8854 8046
8153 8472 8673 7767
8458 8050 8470 7975
8150 8431 8701 7773
8492 8121 8411 7969
8273 8465 8675 7781
8461 8114 8413 7990
8488 8146 8415 7989
8467 8104 8460 7975
8362 8512 8641 7794
8498 8111 8458 7954
8509 8105 8516 7884
8258 8423 8735 7801
8526 8199 8502 7903
8273 8113 8859 7961
8221 8424 8731 7806
8494 8302 8534 7920
8224 8352 8794 7807
8544 8224 8475 7900
8204 8359 8786 7770
8547 8187 8521 7846
8222 8396 8748 7780
8565 8177 8479 7858
8206 8358 8774 7755
8581 8238 8521 7797
8360 8009 8856 7970
8192 8352 8859 7811
8556 8317 8543 7836
8192 8360 8777 7761
8586 8239 8569 7769
8372 8044 8827 7946
8534 8254 8654 7776
8533 8276 8630 7784
8168 8383 8777 7753
8566 8150 8672 7766
8152 8358 8860 7724
8242 8344 8911 7686
8507 8125 8775 7819
8529 8196 8802 7764
8389 7980 8758 7985
8385 7941 8793 7969
8522 8361 8619 7767
8366 8037 8811 8008
8159 8405 8899 7687
8380 8072 8721 7996
8106 8388 8902 7636
8548 8248 8582 7741
8346 8073 8691 7980
8154 8456 8863 7668
8572 8269 8626 7710
8377 8080 8689 7959
8120 8457 8833 7652
8552 8223 8578 7721
8347 8048 8769 7987
8141 8499 8788 7666
8568 8230 8661 7694
8113 8433 8826 7704
8096 8436 8832 7687
8378 8197 8748 7931
8062 8365 8891 7693
8106 8412 8884 7767
8533 8233 8671 7717
8094 8379 8886 7750
8121 8411 8888 7749
8410 8050 8779 7958
8082 8348 8935 7748
8424 8075 8762 7956
8062 8360 8900 7761
8382 8013 8730 7968
8155 8296 8898 7830
8250 8239 8963 7873
8510 8126 8771 7861
8286 8250 8924 7844
8186 8303 8896 7809
8173 8236 8991 7795
8158 8353 8829 7795
8541 8263 8593 7826
8189 8360 8827 7774
8271 8101 8778 8035
8268 8037 8835 8020
8564 8253 8509 7788
8176 8306 8897 7782
8367 8023 8850 8006
8258 8051 8817 8038
8261 8051 8791 8017
8307 8112 8739 8006
8310 8071 8808 8006
8247 8204 8971 7850
8220 8260 8937 7853
8237 8058 8784 8026
8293 8114 8779 7983
8564 8259 8518 7784
8143 8320 8912 7777
8540 8243 8507 7846
8284 8148 8821 7958
8142 8316 8939 7784
8585 8263 8488 7729
8607 8287 8480 7724
8599 8261 8486 7710
8193 8148 8825 8053
8635 8240 8449 7719
8125 8353 8906 7777
8620 8213 8523 7755
8266 8169 8845 7961
8146 8395 8861 7791
8608 8255 8569 7714
8111 8346 8888 7790
8249 8142 8801 7978
8642 8262 8541 7672
8661 8351 8483 7657
8143 8357 8910 7678
8608 8191 8600 7678
8294 8257 8729 7941
8115 8352 8948 7656
8316 8293 8696 7917
8156 8315 8976 7632
8611 8255 8543 7693
8139 8251 9002 7626
8598 8261 8586 7682
8233 8219 8764 8074
8195 8262 8989 7829
8603 8265 8549 7674
8307 8306 8703 7952
8603 8201 8580 7638
8238 8255 8973 7636
8271 8267 8717 7952
8595 8226 8594 7659
8230 8209 8795 8001
8249 8200 8974 7626
8599 8265 8559 7675
8215 8219 8814 8027
8258 8266 8936 7612
8186 8222 8840 8044
8248 8346 8925 7637
8184 8148 8847 8012
8564 8272 8548 7719
8558 8333 8465 7717
8210 8221 8760 8014
8186 8380 8886 7610
8202 8153 8812 8061
8537 8314 8545 7711
8253 8350 8888 7629
8198 8162 8784 8082
8526 8281 8626 7722
8183 8172 8803 8108
8526 8310 8577 7714
8149 8101 8862 8114
8153 8140 8827 8130
8331 8343 8873 7682
8557 8317 8575 7693
8159 8125 8821 8096
8530 8337 8637 7712
8193 8196 8762 8090
8162 8189 8764 8111
8183 8183 8782 8088
8567 8304 8612 7711
8162 8141 8827 8074
8200 8092 8839 8053
8216 8240 8977 7754
8530 8273 8668 7676
8227 8124 8841 8052
8190 8068 8880 8071
8183 8124 8866 8071
8198 8114 8847 8045
8156 8092 8864 8072
8153 8092 8890 8093
8125 8056 8915 8101
8152 8088 8917 8100
8122 8047 8905 8157
8143 8089 8860 8171
8108 8040 8887 8170
8543 8194 8589 7786
8136 8101 8885 8112
8589 8255 8537 7775
8115 8059 8930 8098
8554 8206 8564 7774
8143 8125 8892 8060
8575 8248 8519 7788
8109 8126 8862 8044
8128 8237 8999 7638
8098 8149 8816 8046
8131 8272 8991 7661
8143 8189 8798 8056
8135 8250 8997 7647
8551 8168 8498 7865
8552 8172 8534 7855
8237 8319 8692 7969
8226 8307 8717 7981
8524 8239 8631 7812
8166 8315 8657 8001
8546 8264 8563 7819
8236 8279 8692 8019
8201 8361 8898 7673
8525 8116 8752 7835
8241 8297 8698 7955
8243 8313 8897 7642
8564 8128 8630 7793
8563 8202 8581 7810
8574 8196 8639 7740
8225 8229 8807 7973
8216 8284 8748 7994
8503 8205 8640 7785
8263 8336 8906 7611
8523 8191 8784 7765
8255 8291 8772 7915
8527 8241 8656 7767
8531 8219 8662 7753
8224 8284 8774 7936
8251 8252 8907 7900
8500 8203 8615 7830
8493 8259 8601 7830
8252 8251 8938 7725
8288 8265 8881 7747
8487 8199 8644 7795
8485 8201 8649 7802
8492 8195 8643 7801
8298 8206 8788 7957
8488 8209 8630 7824
8545 8215 8579 7803
8517 8209 8577 7866
8553 8220 8538 7837
8511 8155 8513 7892
8513 8153 8508 7885
8331 8220 8797 7936
8308 8178 8909 7823
8541 8189 8483 7877
8352 8168 8823 7903
8293 8188 8928 7849
8360 8129 8789 7913
8259 8117 8987 7855
8532 8305 8545 7873
8310 8126 8850 7897
8252 8165 8942 7860
8559 8248 8464 7881
8258 8150 8936 7826
8534 8236 8433 7911
8517 8239 8439 7894
8331 8239 8759 7927
8193 8134 8997 7860
8574 8238 8445 7855
8568 8253 8451 7889
8530 8238 8470 7874
8220 8216 8958 7929
8515 8248 8489 7900
8255 8224 8839 7897
8501 8298 8547 7894
8286 8324 8757 7904
8258 8288 8782 7912
8506 8434 8529 7847
8270 8272 8843 7863
8336 8211 8789 7886
8456 8319 8525 7872
8367 8218 8787 7865
8280 8262 8848 7836
8446 8417 8544 7908
8333 8147 8846 7871
8450 8403 8557 7885
8337 8195 8782 7921
8299 8131 8813 7949
8271 8238 8905 7861
8475 8427 8531 7868
8339 8217 8776 7953
8501 8459 8514 7801
8304 8127 8782 7970
8265 8272 8867 7862
8491 8354 8621 7788
8278 8142 8840 7972
8226 8142 8809 7981
8272 8203 8757 7970
8438 8390 8592 7837
8510 8464 8501 7809
8319 8248 8743 7971
8259 8227 8938 7824
8472 8525 8465 7777
8267 8248 8712 7980
8259 8236 8909 7858
8552 8453 8524 7734
8264 8248 8738 8001
8240 8223 8757 7988
8243 8264 8729 7982
8243 8223 8706 8019
8205 8272 8694 8040
8181 8155 8997 7895
8516 8416 8660 7626
8241 8283 8655 8011
8179 8157 9002 7902
8195 8222 8707 8022
8177 8126 9008 7866
8247 8222 8738 8013
8225 8201 8982 7899
8264 8283 8662 7990
8223 8260 8911 7832
8569 8489 8468 7714
8286 8264 8748 7938
8584 8380 8490 7648
8238 8314 8861 7842
8590 8433 8498 7587
8227 8337 8815 7844
8594 8517 8425 7618
8181 8276 8867 7855
8595 8351 8681 7503
8212 8283 8865 7834
8597 8400 8610 7555
8191 8291 8890 7819
8648 8436 8576 7512
8656 8456 8429 7524
8400 8273 8706 7879
8644 8519 8455 7479
8194 8276 8950 7831
8390 8338 8700 7833
8191 8276 8976 7852
8562 8483 8571 7563
8356 8267 8759 7839
8223 8271 8941 7819
8320 8256 8798 7868
8324 8295 8763 7884
8320 8309 8750 7907
8318 8238 8807 7904
8266 8285 8923 7823
8352 8309 8748 7898
8284 8280 8879 7765
8332 8259 8774 7822
8293 8246 8891 7743
8614 8365 8635 7518
8392 8264 8742 7840
8295 8244 8886 7736
8414 8288 8734 7835
8635 8455 8483 7435
8348 8298 8772 7851
8375 8376 8775 7719
8667 8300 8617 7460
8376 8304 8758 7851
8335 8339 8796 7726
8686 8386 8553 7466
8396 8319 8747 7827
8636 8264 8668 7489
8340 8373 8854 7696
8636 8336 8646 7534
8396 8191 8816 7832
8337 8363 8885 7623
8402 8245 8775 7761
8368 8434 8852 7638
8411 8190 8834 7740
8383 8424 8833 7612
8613 8439 8586 7535
8429 8227 8796 7750
8398 8449 8774 7619
8405 8393 8788 7619
8415 8247 8803 7737
8401 8345 8815 7552
8406 8302 8744 7758
8416 8399 8765 7562
8388 8265 8782 7748
8458 8343 8817 7580
8655 8363 8570 7508
8688 8387 8473 7618
8427 8279 8842 7576
8680 8370 8446 7668
8510 8167 8856 7774
8719 8370 8401 7600
8383 8236 8912 7543
8458 8214 8781 7731
8365 8261 8925 7568
8679 8186 8396 7736
8411 8142 8868 7775
8702 8189 8450 7727
8417 8307 8853 7537
8432 8297 8834 7511
8697 8261 8375 7711
8425 8345 8789 7516
8697 8190 8434 7642
8418 8310 8838 7483
8403 8320 8857 7509
8392 8236 8756 7873
8354 8299 8899 7551
8385 8370 8866 7566
8351 8299 8925 7572
8351 8363 8894 7608
8717 8145 8476 7673
8386 8239 8764 7897
8354 8363 8868 7587
8345 8397 8856 7609
8374 8331 8857 7612
8324 8204 8808 7894
8405 8338 8855 7591
8342 8241 8770 7904
8420 8328 8836 7565
8427 8272 8850 7565
8657 8140 8508 7655
8383 8348 8868 7588
8375 8137 8793 7878
8356 8316 8866 7589
8375 8201 8762 7914
8351 8165 8746 7932
8372 8296 8876 7601
8393 8187 8729 7905
8393 8225 8940 7577
8427 8258 8670 7899
8448 8187 8734 7875
8384 8280 8881 7598
8380 8294 8868 7621
8371 8136 8782 7913
8389 8260 8880 7599
8411 8173 8761 7906
8338 8190 8935 7609
8380 8102 8794 7891
8707 8192 8398 7673
8384 8141 8759 7907
8395 8160 8911 7604
8374 8231 8847 7628
8664 8237 8423 7702
8479 8119 8773 7882
8364 8189 8916 7634
8457 8128 8764 7872
8343 8195 8898 7657
8404 8080 8792 7864
8333 8118 8949 7619
8435 8087 8790 7843
8460 8097 8866 7774
8360 8150 8951 7618
8656 8203 8490 7799
8394 8221 8892 7612
8334 8216 8924 7594
8338 8255 8889 7610
8300 8195 8943 7596
8461 8145 8807 7791
8331 8216 8904 7635
8327 8177 8939 7619
8360 8176 8886 7696
8323 8120 8923 7632
8483 8135 8854 7775
8354 8191 8890 7647
8633 8269 8421 7814
8470 8157 8832 7778
8413 8139 8894 7808
8629 8171 8488 7800
8454 8190 8770 7779
8378 8082 8914 7816
8407 8150 8872 7663
8486 8156 8747 7785
8478 8117 8824 7781
8379 8212 8840 7686
8661 8179 8473 7671
8403 8186 8852 7735
8396 8242 8838 7735
8525 8157 8837 7748
8421 8181 8808 7677
8434 8112 8880 7633
8618 8154 8677 7737
8465 8183 8847 7648
8427 8168 8866 7633
8384 8162 8859 7645
8698 8150 8485 7711
8531 8093 8773 7762
8415 8169 8857 7624
8552 8138 8737 7698
8422 8113 8871 7624
8545 8103 8786 7665
8436 8077 8951 7781
8549 8151 8722 7715
8412 8113 8895 7782
8452 8101 8898 7662
8678 8108 8544 7708
8474 8046 8864 7638
8704 8169 8450 7614
8478 8010 8884 7566
8662 8173 8492 7580
8553 8073 8766 7815
8527 8032 8843 7685
8683 8160 8504 7737
8475 7975 8892 7543
8651 8331 8512 7637
8491 8091 8862 7750
8466 7977 8886 7549
8449 8064 8913 7781
8628 8265 8458 7822
8457 7924 8904 7519
8545 8069 8805 7695
8488 7995 8871 7534
8459 7955 8898 7555
8476 8019 8872 7561
8460 8020 8895 7735
8672 8242 8382 7736
8504 8072 8869 7478
8484 8104 8880 7453
8663 8262 8345 7695
8538 8118 8778 7736
8464 8039 8890 7381
8547 8184 8740 7722
8549 8073 8864 7454
8683 8359 8440 7629
8486 8033 8877 7407
8498 8032 8886 7416
8617 8316 8374 7689
8606 8237 8761 7533
8595 8340 8319 7731
8583 8181 8787 7417
8613 8020 8784 7445
8599 8376 8410 7710
8645 8160 8736 7461
8424 8096 8884 7789
8597 8316 8422 7758
8428 8135 8849 7805
8582 7949 8817 7430
8585 7984 8809 7453
8568 8382 8421 7755
8577 8381 8408 7686
8583 8144 8805 7448
8515 8107 8850 7730
8568 8105 8778 7459
8515 8171 8819 7766
8549 8034 8801 7799
8470 8100 8879 7749
8449 8171 8815 7773
8586 8172 8780 7447
8600 8486 8351 7675
8415 8100 8874 7779
8398 8111 8818 7815
8590 8057 8779 7468
8518 8522 8444 7730
8603 8100 8727 7727
8528 8555 8418 7656
8640 8151 8763 7412
8347 8075 8916 7837
8381 8146 8857 7831
8649 8162 8733 7427
8412 8153 8855 7810
8498 8420 8608 7665
8369 8092 8901 7734
8617 8210 8745 7456
8389 8157 8891 7806
8628 8370 8415 7677
8379 8090 8926 7774
8413 8161 8867 7768
8382 8090 8900 7753
8420 8105 8881 7768
8433 8042 8959 7758
8393 8007 8975 7757
8398 7970 8983 7760
8528 8597 8368 7680
8385 8000 8988 7741
8439 8053 8922 7716
8386 8048 8960 7727
8388 8046 8955 7720
8406 8083 8917 7730
8560 8224 8794 7406
8457 8581 8395 7767
8361 8018 8918 7806
8300 8033 8924 7812
8609 8208 8768 7325
8474 8452 8556 7831
8306 8052 8953 7794
8617 8246 8696 7454
8271 8003 8980 7793
8292 8045 8935 7807
8633 8199 8718 7417
8266 7966 8970 7837
8503 8642 8343 7756
8270 8005 8935 7853
8423 8638 8336 7817
8283 7981 8961 7912
8490 8504 8535 7802
8320 8037 8922 7893
8371 8491 8291 7966
8324 8015 8928 7879
8369 8488 8542 7802
8314 7991 8969 7897
8591 8272 8753 7532
8371 7961 8945 7892
8405 8032 8886 7886
8345 8027 8918 7868
8349 8066 8883 7884
8610 8276 8726 7549
8307 8050 8915 7879
8585 8308 8697 7557
8307 8114 8884 7915
8300 8119 8885 7924
8282 8146 8855 7923
8303 8090 8908 7911
8286 8121 8851 7903
8272 8083 8910 7932
8412 8528 8303 7827
8252 8114 8879 7945
8569 8171 8771 7484
8374 8508 8272 7857
8547 8118 8809 7421
8397 8512 8512 7791
8401 8613 8404 7810
8300 8055 8916 7888
8303 8119 8859 7903
8334 8126 8857 7882
8335 8052 8906 7865
8545 8318 8805 7439
8339 8091 8871 7881
8352 8061 8866 7900
8348 8022 8901 7884
8384 8033 8862 7855
8388 8072 8827 7871
8375 8014 8840 7988
8368 8005 8862 7930
8389 7994 8835 7907
8560 8228 8778 7386
8519 8484 8487 7798
8425 8040 8760 7932
8556 8345 8719 7480
8383 8018 8777 7959
8414 8025 8775 7938
8380 7954 8834 7944
8563 8318 8710 7514
8578 8356 8700 7384
8585 8313 8702 7341
8401 8523 8576 7744
8390 8004 8821 7962
8617 8320 8665 7411
8361 8076 8810 7921
8346 8086 8829 7947
8299 8024 8889 7978
8593 8361 8645 7539
8336 7952 8883 7991
8567 8387 8666 7494
8332 7966 8870 8014
8559 8348 8711 7479
8506 8324 8767 7516
8529 8325 8769 7359
8282 8035 8833 8014
8561 8402 8655 7369
8330 8095 8856 7993
8343 8087 8842 7974
8295 8027 8819 7995
8322 8059 8821 7994
8291 8052 8823 8015
8280 8075 8777 8017
8287 8019 8791 8017
8284 8019 8817 8038
8581 8307 8710 7567
8238 7958 8869 8049
8269 7965 8867 8028
8317 7957 8943 7978
8490 8341 8763 7352
8266 7964 8871 7986
8562 8383 8703 7502
8419 8446 8594 7777
8519 8302 8726 7592
8387 8449 8578 7779
8317 7893 8974 7942
8529 8316 8735 7501
8387 8513 8515 7799
8351 7964 8915 7936
8299 7904 8975 7944
8290 7959 8916 7965
8378 8427 8586 7902
8319 7893 8917 7968
8408 8456 8551 7860
8316 7893 8943 7989
8320 7879 8956 7966
8322 7897 8923 7948
8567 8228 8773 7304
8340 7861 8925 7924
8552 8238 8792 7330
8395 8424 8580 7919
8377 7917 8886 7905
8521 8167 8825 7315
8421 7882 8900 7916
8581 8172 8793 7333
8455 7918 8817 7897
8318 8452 8641 7914
8442 7876 8918 7893
8427 7932 8848 7883
8630 8157 8762 7305
8614 8212 8731 7317
8667 8214 8690 7392
8442 7924 8855 7930
8411 8414 8552 7883
8390 7924 8824 7939
8662 8210 8727 7400
8405 8479 8555 7812
8427 7980 8785 7920
8646 8120 8775 7293
8400 8430 8652 7821
8396 7973 8787 7941
8624 8130 8779 7278
8424 8034 8785 7883
8639 8102 8789 7297
8503 8483 8489 7800
8435 7959 8776 7902
8440 7976 8814 7887
8429 8051 8823 7868
8392 7995 8862 7887
8645 8086 8773 7333
8401 8061 8824 7873
8380 8069 8849 7858
8637 8094 8790 7339
8383 8110 8821 7852
8614 8089 8769 7446
8436 8096 8810 7827
8561 8023 8830 7418
8390 8035 8862 7838
8596 8166 8776 7401
8570 8098 8819 7436
8396 8072 8822 7847
8420 8108 8838 7829
8281 8541 8580 7777
8385 8059 8865 7828
8402 8064 8836 7834
8429 8096 8838 7833
8411 8573 8563 7762
8433 8074 8844 7819
8437 8113 8809 7835
8444 8057 8823 7835
8454 8586 8494 7758
8452 8054 8802 7852
8479 8086 8804 7851
8534 8044 8820 7825
8503 8058 8804 7814
8677 8200 8708 7374
8484 8056 8813 7821
8742 8099 8699 7413
8453 7985 8846 7806
8703 8165 8678 7298
8696 8147 8724 7289
8509 8024 8842 7813
8531 8048 8834 7808
8727 8203 8647 7390
8366 8600 8342 7830
8534 8048 8808 7787
8680 8157 8726 7438
8507 8012 8818 7826
8674 8112 8734 7267
8673 8173 8730 7291
8667 8126 8766 7317
8685 8037 8725 7286
8541 8037 8822 7782
8707 8140 8712 7442
8545 8076 8787 7798
8507 8061 8806 7783
8635 8129 8765 7282
8599 8086 8795 7290
8539 8137 8719 7753
8699 8126 8713 7282
8524 8147 8738 7779
8703 8179 8671 7436
8493 8140 8740 7800
8485 8148 8754 7814
8464 8106 8799 7800
8495 8113 8797 7779
8502 8057 8811 7779
8548 8118 8759 7768
8520 8082 8784 7776
8541 8124 8739 7790
8639 8168 8730 7298
8549 8116 8725 7776
8585 8127 8686 7747
8581 8088 8721 7731
8643 8141 8754 7313
8566 8098 8740 7757
8563 8063 8748 7734
8572 8029 8760 7712
8638 8091 8791 7266
8572 8093 8729 7748
8585 8104 8710 7788
8568 8107 8716 7771
8720 8158 8663 7420
8616 8111 8708 7767
8672 8130 8729 7309
8575 8057 8739 7734
8571 8071 8726 7757
8650 8026 8767 7289
8587 7983 8752 7763
8642 8021 8808 7255
8596 8049 8714 7749
8642 8085 8777 7291
8633 8055 8825 7323
8567 7918 8762 7691
8645 8056 8800 7278
8617 7921 8701 7707
8626 8024 8850 7220
8654 7977 8662 7688
8630 8063 8815 7236
8627 7954 8631 7723
8602 8057 8813 7299
8618 7988 8619 7745
8623 8099 8768 7313
8609 7962 8603 7798
8601 8076 8580 7813
8606 8023 8823 7324
8578 7955 8605 7819
8641 8014 8608 7795
8629 7940 8609 7736
8632 8083 8578 7792
8672 8066 8760 7273
8599 7997 8560 7833
8613 7980 8536 7837
8563 7852 8539 7853
8521 7956 8606 7876
8499 7935 8630 7915
8327 8418 8653 7892
8491 7940 8614 7880
8718 8213 8634 7308
8473 7920 8649 7921
8680 8198 8653 7293
8273 8381 8701 7897
8444 7986 8648 7918
8680 8262 8622 7329
8277 8420 8666 7913
8480 8003 8658 7914
8693 8238 8648 7388
8327 8376 8692 7924
8714 8230 8623 7403
8276 8415 8665 7940
8485 7955 8620 7914
8687 8207 8592 7438
8453 7968 8664 7910
8718 8214 8590 7417
8474 8010 8619 7924
8669 8181 8670 7512
8685 8159 8696 7473
8449 7982 8651 7933
8296 8305 8725 7909
8437 7949 8653 7916
8291 8379 8693 7937
8483 8010 8601 7905
8245 8344 8698 7925
8494 7955 8602 7895
8238 8400 8684 7925
8506 7988 8600 7912
8631 8149 8695 7476
8242 8439 8649 7941
8460 7927 8652 7923
8449 7932 8691 7899
8211 8432 8651 7962
8633 8184 8726 7433
8238 8464 8653 7961
8633 8229 8676 7466
8256 8428 8655 7937
8253 8428 8681 7958
8545 7963 8575 7874
8253 8364 8712 7922
8543 7981 8538 7883
8246 8360 8716 7876
8280 8431 8657 7870
8536 7946 8587 7850
8284 8417 8670 7847
8561 7930 8561 7838
8279 8476 8625 7801
8657 8217 8635 7415
8652 8213 8672 7423
8285 8527 8593 7754
8648 8174 8707 7407
8273 8586 8561 7808
8573 7883 8576 7836
8644 8190 8728 7428
8539 7812 8635 7842
8292 8565 8523 7791
8246 8504 8575 7802
8555 7939 8532 7847
8243 8504 8601 7823
8207 8502 8569 7834
8253 8563 8517 7823
8258 8504 8525 7874
8575 8059 8520 7888
8213 8513 8519 7854
8275 8501 8519 7891
8536 7947 8586 7830
8232 8542 8465 7844
8304 8478 8529 7873
8357 8498 8558 7871
8626 7898 8629 7800
8189 8473 8549 7892
8580 7837 8681 7811
8176 8503 8554 7873
8573 7893 8667 7811
8560 8201 8786 7517
8167 8505 8564 7875
8575 7891 8662 7804
8594 8164 8766 7433
8204 8509 8547 7887
8555 8101 8813 7432
8127 8565 8496 7834
8168 8545 8508 7879
8172 8531 8521 7856
8203 8538 8519 7835
8544 8099 8808 7515
8216 8508 8514 7854
8551 7984 8535 7842
8252 8519 8475 7825
8533 7964 8566 7865
8261 8523 8457 7862
8307 8584 8405 7851
8490 7949 8608 7897
8279 8523 8407 7909
8275 8537 8394 7932
8238 8491 8450 7965
8269 8492 8472 7937
8512 7974 8540 7904
8501 7997 8494 7906
8515 7997 8467 7908
8548 8027 8518 7889
8609 8087 8470 7860
8328 8472 8456 7890
8600 7936 8486 7856
8550 7933 8547 7840
8581 8004 8514 7855
8401 8448 8423 7949
8265 8433 8364 7970
8528 7999 8552 7866
8529 7925 8601 7849
8591 8283 8701 7539
8287 8422 8441 8048
8287 8458 8296 7977
8579 8034 8516 7868
8227 8433 8436 8030
8259 8494 8281 7968
8563 8026 8522 7871
8262 8494 8255 7947
8567 8016 8562 7837
8298 8505 8216 7918
8594 8033 8520 7850
8610 8341 8662 7477
8300 8504 8291 7908
8609 8023 8501 7824
8310 8475 8374 7937
8328 8468 8306 7917
8602 8073 8476 7824
8587 8083 8495 7850
8554 8300 8675 7571
8352 8517 8287 7887
8566 8041 8540 7836
8447 8481 8494 7840
8597 8048 8538 7815
8343 8514 8393 7898
8563 7977 8597 7821
8284 8483 8450 7890
8578 8292 8731 7348
8327 8540 8287 7861
8586 7948 8534 7838
8308 8535 8418 7858
8617 7966 8549 7814
8620 8288 8689 7382
8645 8053 8573 7811
8618 8214 8696 7350
8627 8288 8668 7504
8356 8548 8237 7845
8694 8093 8433 7744
8701 8019 8576 7813
8375 8511 8248 7832
8642 8350 8638 7468
8437 8473 8298 7911
8691 8084 8570 7767
8420 8372 8308 7947
8611 8169 8511 7807
8580 8162 8513 7828
8620 8156 8745 7493
8382 8389 8347 7955
8402 8368 8317 7938
8618 8188 8509 7784
8620 8254 8656 7581
8593 8145 8548 7793
8603 8198 8528 7810
8563 8205 8512 7809
8417 8323 8372 7969
8574 8238 8478 7806
8587 8208 8473 7825
8411 8373 8304 7946
8633 8205 8452 7778
8640 8338 8629 7501
8618 8215 8471 7804
8361 8326 8343 7980
8584 8144 8530 7810
8588 8183 8495 7826
8368 8400 8339 7973
8548 8133 8569 7839
8582 8204 8510 7833
8396 8336 8292 7965
8423 8368 8294 7964
8432 8313 8353 7943
8576 8166 8526 7811
8622 8227 8474 7800
8377 8307 8346 7975
8364 8337 8351 7956
8343 8331 8423 7978
8608 8135 8529 7767
8614 8074 8612 7769
8618 8113 8577 7785
8587 8042 8610 7770
8587 8106 8579 7806
8603 8325 8630 7546
8590 8151 8589 7794
8569 8109 8634 7780
8551 8273 8644 7637
8301 8379 8419 8063
8657 7972 8583 7739
8563 8222 8703 7597
8635 8118 8567 7765
8584 8264 8658 7611
8640 8093 8563 7693
8566 8227 8696 7601
8616 8230 8635 7617
8647 8037 8577 7693
8595 8188 8680 7603
8587 8196 8694 7617
8631 8079 8602 7749
8574 8193 8708 7592
8641 8103 8561 7731
8613 8215 8667 7510
8656 8128 8502 7738
8632 8236 8677 7428
8623 8231 8690 7420
8635 8223 8565 7733
8656 8231 8667 7483
8583 8157 8562 7774
8691 8261 8593 7416
8629 8218 8510 7763
8655 8254 8647 7476
8614 8164 8560 7753
8636 8149 8614 7716
8601 8152 8624 7739
8648 8160 8710 7440
8579 8167 8570 7776
8596 8156 8626 7740
8617 8146 8776 7420
8630 8227 8567 7734
8631 8153 8616 7717
8316 8353 8531 7938
8624 8201 8571 7722
8586 8186 8590 7707
8572 8081 8771 7460
8586 8250 8559 7743
8553 8124 8769 7529
8593 8269 8602 7671
8534 8086 8800 7531
8552 8123 8762 7541
8334 8365 8411 8000
8307 8373 8403 7976
8525 8308 8651 7652
8296 8396 8357 7978
8525 8244 8682 7616
8307 8373 8328 8047
8563 8259 8663 7631
8296 8314 8458 8032
8532 8188 8696 7616
8258 8378 8356 8099
8532 8252 8665 7652
8539 8075 8812 7442
8281 8324 8477 8058
8526 8304 8689 7602
8295 8316 8426 8107
8520 8229 8734 7577
8585 8014 8789 7512
8257 8346 8394 8105
8515 8298 8712 7659
8554 7943 8822 7497
8561 8000 8809 7497
8305 8248 8391 8091
8547 8063 8777 7533
8510 8357 8667 7613
8526 8240 8720 7566
8549 8039 8802 7471
8559 8089 8789 7489
8508 8340 8680 7632
8487 8288 8729 7621
8478 8343 8670 7642
8541 8135 8796 7492
8464 8349 8667 7671
8459 8398 8633 7668
8552 8137 8807 7469
8543 8454 8625 7573
8534 8100 8845 7459
8446 8499 8605 7616
8432 8573 8576 7615
8457 8490 8573 7738
8540 8128 8805 7475
8515 8520 8560 7550
8546 8041 8846 7457
8542 8055 8833 7480
8524 8018 8871 7470
8411 8509 8594 7726
8528 8057 8836 7486
8535 8001 8850 7486
8465 8524 8547 7682
8581 8035 8816 7495
8466 8545 8536 7745
8599 7973 8787 7454
8329 8224 8404 8061
8592 8029 8773 7454
8607 8061 8757 7486
8628 8050 8730 7463
8431 8498 8577 7702
8597 8011 8770 7468
8569 8002 8818 7478
8550 7964 8849 7480
8265 8351 8353 8139
8447 8469 8601 7630
8284 8287 8317 8194
8596 8025 8797 7469
8294 8092 8312 8113
8578 7991 8775 7528
8312 8259 8292 8089
8580 7989 8770 7521
8495 8479 8572 7648
8614 8060 8711 7515
8625 8054 8769 7445
8627 8145 8721 7466
8258 8066 8375 8125
8498 8493 8649 7500
8640 8060 8718 7484
8265 8010 8389 8125
8464 8563 8592 7568
8654 8088 8729 7458
8257 8005 8430 8091
8252 8174 8450 8075
8310 8084 8496 8035
8641 8137 8699 7511
8700 8149 8677 7447
8321 8185 8481 8057
8523 8486 8543 7612
8307 8247 8453 8041
8624 8140 8705 7494
8647 8135 8744 7424
8669 8143 8701 7448
8335 8214 8451 8046
8489 8430 8609 7646
8677 8148 8660 7482
8547 8480 8636 7530
8645 8182 8683 7476
8658 8127 8694 7474
8488 8426 8630 7632
8665 8193 8646 7452
8704 8188 8642 7463
8679 8217 8571 7501
8353 8308 8401 8030
8673 8156 8666 7492
8615 8184 8688 7487
8622 8160 8726 7489
8618 8227 8679 7478
8352 8192 8479 8036
8359 8136 8493 8036
8631 8197 8674 7497
8380 8178 8448 8050
8651 8183 8680 7474
8363 8136 8451 8024
8397 8207 8392 8018
8365 8512 8615 7773
8670 8244 8628 7450
8366 8200 8394 8039
8688 8281 8590 7460
8412 8261 8342 8028
8668 8205 8584 7469
8391 8219 8387 8014
8709 8249 8547 7479
8422 8226 8385 7993
8724 8184 8534 7465
8439 8223 8379 8010
8678 8123 8586 7476
8460 8265 8334 8024
8699 8165 8541 7490
8426 8266 8304 8008
8709 8158 8574 7501
8409 8269 8310 7991
8678 8087 8607 7486
8388 8275 8292 8014
8412 8311 8308 7996
8724 8148 8555 7475
8372 8295 8282 8002
8728 8187 8520 7491
8389 8442 8294 7987
8315 8286 8376 8045
8435 8447 8604 7754
8713 8224 8543 7459
8449 8418 8624 7659
8682 8217 8545 7480
8504 8496 8548 7724
8724 8239 8528 7453
8759 8296 8508 7445
8485 8463 8626 7604
8711 8228 8547 7413
8696 8238 8566 7439
8336 8255 8389 8070
8701 8203 8580 7438
8483 8362 8692 7640
8455 8388 8637 7631
8429 8396 8654 7720
8414 8412 8640 7675
8728 8163 8622 7454
8467 8413 8610 7686
8480 8425 8622 7638
8682 8094 8731 7395
8449 8359 8686 7697
8277 8297 8556 8071
8419 8318 8674 7754
8306 8292 8506 8050
8415 8332 8661 7777
8332 8215 8482 8033
8428 8302 8656 7796
8360 8224 8434 8023
8372 8286 8352 7996
8347 8318 8323 8004
8316 8311 8325 8025
8478 8386 8591 7767
8337 8353 8280 8039
8704 8105 8720 7419
8336 8363 8262 8020
8669 8108 8730 7442
8310 8373 8302 8026
8669 8117 8701 7476
8293 8357 8355 8076
8478 8438 8569 7808
8638 8110 8703 7497
8642 8149 8668 7513
8310 8306 8302 8066
8634 8207 8675 7488
8630 8168 8710 7472
8279 8346 8272 8148
8297 8300 8263 8142
8318 8261 8228 8069
8329 8186 8219 8088
8466 8394 8547 7833
8315 8187 8355 8090
8608 8269 8747 7549
8306 8242 8296 8111
8592 8252 8711 7557
8484 8391 8556 7751
8550 8236 8743 7552
8311 8324 8290 8115
8298 8375 8218 8138
8269 8370 8220 8068
8570 8270 8755 7509
8271 8311 8291 8135
8495 8330 8709 7586
8252 8314 8270 8149
8494 8370 8693 7569
8489 8427 8687 7514
8585 8387 8631 7569
8455 8477 8545 7777
8272 8261 8337 8114
8257 8271 8356 8140
8208 8343 8425 8126
8533 8451 8586 7577
8241 8339 8358 8118
8499 8448 8562 7745
8252 8365 8461 8056
8617 8490 8500 7548
8245 8413 8416 8061
8423 8421 8590 7757
8241 8374 8451 8045
8306 8310 8484 8037
8405 8486 8556 7779
8235 8311 8458 8089
8239 8350 8423 8105
8353 8459 8593 7855
8230 8289 8525 8094
8421 8491 8565 7769
8486 8392 8695 7491
8195 8373 8430 8107
8203 8365 8416 8093
8234 8372 8414 8072
8544 8445 8644 7507
8195 8422 8465 8058
8438 8447 8578 7733
8192 8440 8425 8074
8198 8450 8439 8069
8502 8444 8588 7598
8223 8394 8471 8014
8226 8429 8463 8037
8516 8440 8557 7610
8195 8404 8535 8041
8498 8459 8576 7633
8231 8433 8426 8029
8202 8436 8452 8046
8209 8395 8440 8059
8542 8468 8541 7580
8255 8456 8388 8048
8470 8320 8638 7795
8239 8511 8375 8047
8506 8392 8576 7745
8537 8464 8578 7588
8252 8464 8356 8011
8481 8386 8565 7746
8265 8434 8351 8030
8208 8440 8408 8032
8449 8440 8569 7774
8516 8422 8623 7574
8236 8446 8410 7969
8436 8481 8546 7743
8221 8456 8429 7995
8572 8406 8647 7588
8189 8469 8473 7991
8552 8433 8584 7545
8179 8504 8430 8026
8518 8389 8660 7582
8158 8462 8475 8012
8396 8519 8613 7752
8522 8401 8654 7592
8517 8358 8670 7558
8198 8468 8491 7981
8551 8429 8611 7552
8221 8491 8461 7960
8183 8427 8492 7988
8170 8457 8497 7969
8180 8507 8484 7987
8362 8448 8672 7758
8163 8529 8463 7912
8366 8487 8637 7774
8586 8409 8600 7544
8138 8510 8470 7937
8335 8416 8670 7759
8117 8518 8495 7922
8335 8480 8639 7795
8146 8515 8469 7905
8331 8441 8674 7779
8227 8497 8527 7895
8113 8524 8476 7914
8367 8452 8635 7750
8570 8333 8681 7559
8124 8555 8480 7900
8371 8491 8600 7766
8378 8435 8614 7766
8557 8298 8699 7598
8258 8548 8418 7910
8409 8442 8612 7745
8297 8503 8451 7885
8405 8403 8647 7729
8509 8230 8738 7566
8439 8474 8588 7723
8540 8301 8705 7581
8277 8555 8416 7833
8408 8403 8621 7708
8536 8262 8740 7565
8304 8498 8493 7874
8408 8467 8590 7744
8378 8512 8439 7817
8585 8323 8662 7533
8433 8435 8619 7736
8313 8482 8475 7916
8469 8454 8576 7712
8539 8326 8683 7580
8460 8375 8634 7657
8510 8378 8573 7673
8543 8351 8650 7512
8564 8280 8714 7488
8524 8339 8558 7704
8589 8412 8598 7501
8346 8512 8421 7847
8582 8377 8647 7468
8483 8300 8658 7733
8567 8323 8697 7458
8279 8483 8445 7900
8462 8371 8594 7757
8325 8544 8393 7889
8473 8365 8652 7687
8464 8420 8593 7708
8563 8387 8676 7495
8436 8384 8618 7716
8317 8468 8488 7893
8482 8445 8566 7705
8532 8351 8727 7524
8522 8274 8778 7486
8445 8401 8604 7758
8553 8310 8727 7457
8439 8367 8625 7713
8572 8325 8729 7454
8248 8489 8502 7910
8424 8377 8644 7739
8561 8334 8719 7443
8435 8383 8635 7718
8562 8270 8770 7444
8230 8487 8420 7968
8574 8326 8705 7424
8261 8494 8418 7947
8594 8294 8694 7449
8274 8464 8413 7966
8573 8302 8719 7434
8466 8419 8584 7689
8566 8358 8705 7434
8253 8481 8431 7939
8466 8483 8553 7725
8517 8297 8783 7466
8416 8480 8614 7709
8498 8282 8781 7469
8204 8420 8509 7971
8552 8353 8756 7472
8365 8449 8577 7786
8155 8452 8496 7971
8189 8523 8437 7965
8342 8461 8643 7828
8528 8329 8749 7475
8200 8517 8495 7895
8218 8554 8457 7905
8406 8483 8528 7805
8197 8512 8502 7891
8458 8435 8555 7834
8550 8237 8772 7427
8177 8477 8545 7888
8546 8251 8759 7450
8223 8538 8493 7877
8219 8499 8528 7861
8359 8418 8607 7823
8495 8260 8787 7467
8174 8468 8535 7944
8170 8482 8522 7967
8177 8426 8536 7967
8521 8282 8789 7457
8216 8493 8464 7978
8539 8315 8744 7540
8227 8438 8465 7968
8511 8214 8780 7510
8220 8494 8451 7968
8542 8285 8747 7525
8174 8433 8503 7979
8488 8209 8786 7492
8357 8360 8676 7797
8350 8416 8662 7797
8521 8291 8729 7548
8321 8419 8688 7814
8514 8347 8715 7548
8143 8377 8587 7998
8334 8435 8649 7814
8515 8351 8688 7541
8295 8433 8643 7846
8536 8280 8752 7517
8303 8459 8637 7860
8146 8425 8530 7993
8329 8444 8579 7858
8496 8245 8768 7516
8218 8408 8545 8016
8492 8206 8803 7500
8149 8421 8516 8010
8373 8500 8583 7763
8491 8280 8754 7517
8384 8439 8595 7806
8484 8245 8803 7484
8193 8421 8491 7991
8366 8444 8609 7779
8515 8316 8770 7499
8219 8415 8504 8015
8361 8417 8659 7772
8512 8281 8778 7476
8186 8427 8471 8015
8389 8478 8657 7714
8516 8320 8743 7492
8415 8401 8633 7697
8485 8299 8782 7453
8411 8415 8620 7720
8464 8370 8718 7477
8173 8435 8485 8034
8436 8434 8613 7695
8481 8367 8712 7494
8431 8407 8648 7662
8518 8423 8673 7475
8204 8471 8434 8005
8435 8393 8661 7639
8468 8467 8668 7579
8427 8388 8702 7605
8423 8402 8689 7628
8412 8407 8728 7604
8403 8462 8669 7625
8179 8347 8584 7982
8425 8457 8650 7602
8210 8418 8551 7997
8421 8451 8668 7623
8177 8349 8589 7989
8393 8415 8693 7631
8223 8410 8537 7978
8405 8434 8690 7618
8409 8420 8703 7595
8231 8415 8496 8012
8185 8354 8548 8023
8431 8397 8719 7581
8182 8354 8574 8044
8437 8396 8701 7564
8211 8288 8575 8047
8232 8330 8530 8061
8467 8408 8680 7552
8462 8392 8688 7557
8256 8255 8601 8057
8460 8394 8693 7564
8236 8287 8612 8032
8229 8343 8598 8032
8240 8268 8589 8051
8268 8329 8587 7993
8276 8355 8581 8007
8489 8464 8613 7594
8271 8389 8512 7959
8461 8403 8615 7652
8279 8379 8506 7978
8276 8379 8532 7999
8509 8384 8567 7652
8234 8314 8507 8054
8258 8350 8523 8036
8511 8492 8525 7606
8219 8312 8479 8096
8469 8560 8492 7590
8179 8296 8453 8102
8527 8558 8502 7558
8166 8326 8458 8083
8216 8352 8414 8083
8237 8386 8381 8084
8258 8428 8336 8098
8189 8409 8310 8117
8192 8450 8282 8111
8505 8534 8510 7563
8155 8394 8321 8130
8563 8523 8394 7660
8183 8455 8319 8072
8249 8423 8349 8090
8513 8552 8528 7431
8270 8441 8307 8045
8583 8623 8317 7540
8242 8380 8309 8103
8499 8654 8370 7631
8468 8588 8559 7500
8465 8599 8506 7606
8212 8367 8388 8109
8427 8697 8478 7540
8228 8381 8394 8076
8256 8447 8356 8038
8456 8665 8341 7649
8282 8432 8298 8036
8322 8443 8328 7994
8472 8645 8389 7662
8325 8430 8343 7977
8450 8628 8520 7589
8473 8623 8551 7441
8473 8665 8342 7444
8349 8466 8359 7959
8314 8477 8285 7967
8451 8645 8458 7741
8436 8593 8594 7533
8350 8449 8336 7952
8371 8441 8311 7967
8349 8426 8268 7993
8361 8715 8339 7461
8386 8482 8229 7974
8407 8471 8202 7951
8398 8505 8190 7973
8396 8474 8196 7937
8381 8484 8215 7963
8396 8455 8240 7970
8387 8450 8253 7962
8402 8440 8234 7936
8407 8432 8286 7968
8443 8412 8381 7913
8458 8402 8362 7887
8462 8441 8327 7903
8447 8378 8431 7889
8467 8472 8447 7845
8428 8460 8301 7849
8475 8532 8573 7500
8471 8546 8560 7523
8443 8537 8608 7533
8405 8586 8596 7554
8372 8570 8292 7837
8382 8562 8590 7648
8369 8615 8573 7546
8434 8634 8549 7623
8425 8629 8562 7615
8418 8692 8491 7532
8376 8676 8523 7527
8405 8596 8268 7828
8355 8747 8459 7551
8315 8710 8480 7558
8319 8749 8445 7574
8339 8575 8387 7838
8274 8678 8505 7557
8312 8693 8486 7572
8270 8684 8461 7585
8332 8529 8401 7836
8327 8722 8455 7572
8367 8681 8504 7635
8315 8648 8511 7681
8377 8577 8388 7828
8401 8603 8572 7620
8402 8596 8381 7803
8331 8540 8635 7621
8283 8592 8576 7653
8280 8582 8607 7580
8311 8653 8574 7595
8452 8597 8376 7712
8311 8589 8605 7559
8315 8628 8570 7575
8272 8612 8570 7602
8406 8600 8397 7759
8268 8602 8587 7565
8369 8592 8595 7629
8399 8683 8413 7655
8335 8562 8648 7497
8369 8633 8589 7491
8309 8628 8621 7473
8313 8667 8586 7489
8386 8604 8634 7493
8378 8706 8301 7612
8282 8660 8588 7510
8391 8682 8327 7671
8278 8621 8623 7494
8422 8689 8325 7650
8309 8692 8590 7509
8307 8618 8597 7477
8365 8710 8517 7491
8468 8550 8450 7638
8472 8589 8415 7654
8465 8606 8434 7679
8329 8656 8578 7415
8423 8579 8496 7779
8438 8645 8543 7602
8435 8671 8524 7407
8345 8651 8564 7406
8348 8686 8556 7429
8330 8649 8594 7419
8385 8681 8454 7682
8428 8656 8525 7431
8470 8582 8579 7447
8297 8576 8512 7697
8506 8593 8540 7418
8339 8620 8506 7693
8517 8538 8541 7408
8334 8642 8468 7703
8573 8613 8449 7422
8294 8634 8471 7689
8523 8610 8510 7406
8508 8620 8529 7432
8508 8560 8569 7407
8505 8619 8533 7390
8477 8553 8571 7428
8308 8584 8498 7707
8529 8489 8633 7383
8279 8650 8497 7704
8509 8501 8598 7396
8288 8616 8509 7682
8565 8520 8555 7484
8480 8508 8591 7434
8467 8538 8596 7415
8401 8594 8615 7467
8333 8673 8484 7678
8355 8523 8651 7496
8427 8472 8679 7519
8348 8536 8642 7477
8351 8537 8638 7519
8337 8560 8674 7504
8348 8579 8637 7496
8381 8606 8580 7480
8334 8679 8461 7647
8355 8533 8667 7478
8355 8597 8636 7514
8433 8601 8534 7672
8341 8599 8639 7520
8306 8542 8659 7528
8374 8533 8566 7667
8337 8613 8626 7543
8352 8603 8607 7517
8370 8640 8569 7527
8366 8601 8604 7511
8351 8611 8623 7537
8333 8574 8661 7527
8416 8621 8548 7631
8393 8579 8629 7545
8415 8682 8466 7606
8390 8544 8637 7522
8362 8547 8633 7600
8283 8620 8591 7535
8451 8596 8490 7614
8466 8560 8518 7611
8416 8557 8579 7595
8413 8569 8588 7627
8406 8534 8637 7594
8387 8506 8638 7623
8411 8544 8594 7598
8424 8514 8589 7617
8461 8570 8550 7598
8388 8573 8601 7634
8410 8609 8568 7610
8407 8574 8576 7587
8436 8571 8550 7570
8421 8581 8569 7596
8418 8513 8636 7602
8391 8549 8593 7618
8349 8533 8625 7613
8387 8548 8606 7628
8398 8493 8607 7618
8385 8523 8612 7599
8374 8490 8646 7602
8313 8505 8652 7608
8322 8450 8711 7587
8356 8521 8652 7581
8325 8514 8654 7602
8327 8501 8670 7605
8358 8508 8668 7584
8331 8476 8666 7585
8369 8491 8647 7600
8365 8452 8682 7584
8465 8431 8577 7617
8462 8565 8582 7568
8494 8539 8567 7559
8525 8483 8576 7491
8566 8446 8604 7467
8618 8506 8544 7459
8584 8435 8603 7465
8575 8490 8544 7486
8578 8490 8518 7465
8569 8524 8506 7487
8604 8459 8583 7514
8629 8467 8499 7426
8623 8528 8416 7424
8644 8457 8480 7400
8647 8457 8493 7391
8634 8471 8462 7418
8649 8461 8443 7392
8628 8532 8379 7416
8592 8521 8418 7445
8563 8587 8417 7442
8530 8550 8528 7530
8568 8567 8416 7443
8561 8532 8465 7410
8546 8542 8484 7436
8550 8528 8497 7413
8616 8468 8588 7401
8602 8528 8528 7404
8581 8535 8495 7392
8577 8487 8559 7342
8580 8522 8551 7365
8559 8480 8596 7351
8546 8504 8570 7292
8552 8489 8564 7258
8550 8491 8569 7265
8567 8488 8563 7282
8613 8549 8511 7271
8579 8550 8481 7255
8600 8592 8436 7269
8563 8536 8475 7288
8556 8592 8461 7288
8525 8585 8463 7309
8562 8641 8424 7290
8512 8633 8436 7331
8525 8609 8462 7390
8556 8616 8460 7369
8516 8560 8525 7409
8519 8488 8588 7410
8504 8498 8607 7436
8525 8427 8671 7412
8585 8432 8639 7430
8582 8397 8647 7407
8585 8461 8590 7422
8621 8472 8551 7393
8657 8422 8536 7356
8624 8379 8603 7533
8611 8409 8608 7514
8663 8392 8593 7482
8665 8329 8630 7327
8617 8365 8609 7497
8675 8430 8510 7377
8690 8420 8491 7351
8693 8455 8483 7374
8633 8450 8515 7356
8637 8489 8480 7372
8640 8447 8481 7395
8673 8403 8505 7419
8712 8431 8486 7468
8674 8444 8464 7422
8709 8396 8494 7445
8621 8401 8522 7588
8630 8397 8563 7532
8672 8434 8449 7610
8638 8431 8456 7527
8654 8514 8402 7480
8650 8475 8437 7464
8635 8485 8456 7490
8595 8489 8543 7539
8600 8493 8506 7531
8561 8418 8602 7545
8565 8457 8567 7561
8586 8386 8631 7537
8577 8441 8572 7558
8573 8402 8607 7542
8617 8429 8578 7533
8625 8348 8648 7527
8661 8359 8609 7498
8664 8331 8607 7387
8670 8316 8601 7353
8701 8387 8568 7368
8638 8376 8618 7350
8623 8386 8637 7376
8589 8315 8696 7382
8593 8354 8661 7398
8653 8264 8624 7440
8651 8326 8627 7508
8665 8320 8586 7424
8645 8333 8581 7507
8612 8289 8664 7522
8606 8304 8670 7556
8609 8304 8644 7535
8596 8326 8622 7538
8581 8336 8641 7564
8518 8325 8691 7546
8524 8374 8654 7548
8551 8373 8584 7669
8533 8396 8615 7616
8527 8379 8558 7658
8537 8392 8538 7660
8548 8386 8596 7590
8485 8345 8693 7611
8519 8416 8634 7605
8485 8425 8634 7590
8483 8376 8635 7639
8504 8354 8667 7655
8511 8362 8604 7653
8520 8366 8586 7690
8517 8302 8643 7675
8516 8376 8594 7692
8518 8388 8583 7646
8568 8669 8333 7592
8495 8615 8405 7615
8488 8663 8360 7620
8478 8574 8409 7620
8502 8544 8526 7593
8507 8513 8463 7642
8538 8520 8461 7621
8486 8535 8498 7655
8482 8554 8458 7619
8454 8590 8443 7610
8523 8593 8405 7688
8493 8570 8449 7688
8453 8616 8443 7672
8483 8537 8470 7728
8489 8522 8464 7694
8492 8586 8407 7709
8500 8536 8370 7738
8497 8593 8380 7754
8466 8586 8382 7775
8503 8532 8463 7756
8461 8548 8419 7779
8409 8548 8388 7788
8406 8548 8414 7809
8409 8519 8437 7796
8414 8511 8545 7706
8414 8575 8514 7742
8466 8481 8567 7709
8473 8425 8581 7709
8542 8469 8448 7723
8530 8462 8464 7751
8556 8415 8503 7847
8516 8449 8495 7775
8442 8368 8598 7823
8469 8378 8565 7820
8514 8389 8548 7816
8446 8407 8563 7839
8448 8369 8574 7836
8500 8444 8521 7773
8482 8407 8559 7763
8414 8391 8596 7773
8485 8438 8564 7726
8447 8411 8581 7738
8477 8507 8526 7752
8468 8441 8564 7766
8507 8455 8539 7717
8492 8465 8558 7743
8492 8415 8552 7767
8488 8429 8539 7790
8471 8458 8460 7822
8502 8465 8458 7801
8458 8371 8586 7798
8416 8397 8585 7851
8415 8400 8565 7860
8347 8420 8588 7923
8408 8440 8541 7919
8419 8385 8542 7909
8402 8335 8596 7853
8433 8406 8563 7868
8395 8391 8582 7853
8395 8455 8551 7889
8364 8442 8572 7871
8391 8410 8605 7834
8395 8449 8570 7850
8450 8468 8526 7845
8446 8429 8561 7829
8504 8424 8505 7851
8454 8448 8549 7834
8448 8458 8502 7849
8427 8416 8547 7835
8424 8406 8578 7762
8451 8438 8580 7761
8511 8443 8548 7779
8483 8382 8550 7837
8454 8384 8580 7798
8480 8318 8607 7822
8460 8330 8572 7835
8464 8317 8578 7835
8484 8305 8613 7822
8518 8376 8554 7816
8487 8369 8556 7837
8508 8411 8511 7851
8525 8408 8505 7868
8513 8345 8527 7823
8510 8345 8553 7844
8482 8309 8578 7852
8475 8365 8564 7852
8507 8305 8547 7855
8535 8341 8522 7847
8539 8337 8445 7891
8518 8295 8490 7877
8489 8361 8489 7874
8477 8305 8540 7903
8424 8273 8610 7917
8460 8284 8571 7888
8515 8284 8576 7858
8491 8248 8560 7876
8537 8309 8508 7865
8478 8241 8596 7842
8463 8251 8615 7868
8442 8259 8640 7853
8463 8301 8595 7867
8484 8320 8611 7797
8520 8331 8572 7768
8526 8316 8566 7734
8576 8319 8505 7750
8583 8263 8519 7750
8572 8286 8473 7752
8585 8278 8459 7733
8609 8271 8415 7690
8658 8383 8475 7602
8620 8462 8371 7638
8618 8510 8381 7575
8583 8406 8410 7657
8573 8475 8470 7604
8543 8515 8432 7583
8548 8456 8477 7629
8556 8478 8476 7587
8525 8471 8478 7608
8512 8501 8483 7589
8523 8586 8481 7607
8505 8493 8477 7613
8546 8456 8505 7589
8559 8426 8500 7608
8563 8381 8560 7627
8560 8401 8522 7609
8571 8326 8513 7628
8567 8340 8500 7651
8597 8372 8476 7629
8599 8370 8471 7622
8581 8354 8553 7601
8581 8379 8494 7606
8601 8353 8519 7606
8585 8334 8508 7612
8589 8320 8521 7589
8577 8353 8566 7611
8602 8292 8526 7572
8596 8307 8532 7606
8539 8313 8589 7608
8538 8387 8540 7625
8559 8316 8604 7601
8588 8298 8567 7601
8563 8317 8591 7591
8535 8345 8585 7635
8566 8352 8583 7614
8577 8346 8641 7544
8520 8406 8616 7597
8478 8421 8647 7594
8437 8387 8664 7638
8424 8417 8669 7619
8432 8443 8663 7633
8410 8419 8671 7638
8404 8453 8633 7639
8426 8420 8624 7636
8454 8456 8599 7628
8444 8488 8606 7599
8448 8474 8619 7576
8406 8478 8661 7542
8437 8549 8628 7557
8442 8497 8620 7526
8446 8501 8603 7567
8466 8500 8581 7542
8512 8561 8529 7531
8538 8526 8522 7516
8523 8536 8541 7542
8496 8554 8479 7608
8542 8615 8427 7597
8514 8554 8429 7655
8510 8568 8416 7678
8536 8491 8392 7661
8551 8490 8396 7643
8538 8520 8401 7624
8608 8488 8385 7583
8621 8458 8380 7602
8658 8514 8341 7583
8634 8482 8400 7597
8583 8519 8392 7591
8547 8508 8431 7620
8575 8514 8433 7557
8604 8448 8434 7560
8628 8484 8450 7542
8591 8428 8489 7561
8637 8489 8437 7550
8613 8453 8421 7568
8649 8472 8381 7571
8591 8534 8354 7578
8596 8475 8399 7624
8593 8475 8425 7645
8572 8433 8470 7631
8620 8432 8463 7623
8590 8366 8486 7602
8663 8429 8462 7602
8664 8448 8380 7573
8711 8384 8332 7563
8706 8384 8437 7573
8697 8392 8460 7626
8641 8363 8482 7595
8678 8419 8443 7576
8578 8367 8438 7678
8609 8374 8436 7657
8613 8318 8476 7678
8664 8351 8457 7636
8659 8328 8491 7654
8627 8437 8408 7652
8638 8382 8409 7642
8635 8463 8362 7574
8590 8486 8389 7625
8596 8452 8427 7624
8603 8445 8429 7581
8588 8455 8448 7607
8560 8419 8473 7615
8606 8480 8421 7604
8596 8403 8472 7566
8581 8413 8491 7592
8613 8435 8479 7561
8639 8396 8478 7530
8664 8331 8495 7521
8698 8402 8436 7515
8678 8360 8545 7474
8685 8395 8496 7507
8682 8360 8504 7484
8686 8399 8469 7500
8658 8393 8467 7563
8694 8404 8428 7534
8704 8496 8404 7544
8717 8372 8391 7538
8763 8433 8339 7527
8742 8391 8384 7513
8729 8415 8358 7454
8745 8355 8385 7480
8764 8384 8331 7470
8754 8300 8444 7459
8758 8339 8409 7475
8713 8391 8460 7476
8747 8364 8397 7464
8711 8353 8436 7493
8738 8385 8438 7492
8707 8378 8440 7513
8743 8389 8401 7484
8711 8392 8385 7486
8742 8399 8383 7465
8693 8338 8461 7497
8710 8327 8517 7461
8744 8398 8458 7455
8713 8327 8491 7440
8702 8414 8414 7478
8722 8506 8382 7495
8686 8495 8421 7524
8665 8500 8433 7516
8707 8537 8376 7538
8636 8587 8322 7629
8592 8540 8329 7555
8620 8543 8327 7465
8611 8538 8340 7457
8584 8575 8341 7499
8566 8538 8379 7489
8559 8586 8334 7494
8555 8547 8369 7478
8558 8582 8361 7501
8573 8572 8342 7475
8587 8559 8338 7503
8572 8569 8357 7529
8573 8573 8330 7522
8558 8590 8341 7592
8543 8600 8360 7618
8550 8544 8374 7618
8586 8555 8335 7589
8589 8523 8324 7596
8649 8528 8292 7614
8646 8547 8299 7664
8664 8582 8242 7624
8658 8533 8279 7622
8654 8494 8314 7606
8642 8508 8334 7648
8632 8458 8347 7630
8627 8518 8353 7674
8628 8492 8353 7612
8607 8450 8398 7598
8642 8520 8336 7576
8680 8420 8441 7502
8665 8430 8460 7528
8701 8441 8421 7499
8672 8444 8447 7516
8676 8445 8434 7506
8310 8288 8813 7903
8306 8339 8714 7874
8326 8348 8710 7785
8433 8369 8727 7734
8283 8266 8753 7933
8298 8403 8744 7845
8304 8240 8914 7821
8349 8155 8819 7945
8289 8329 8748 7903
8278 8215 8926 7898
8308 8241 8836 7948
8265 8229 8947 7780
8351 8327 8765 7883
8274 8344 8743 7868
8314 8354 8815 7730
8255 8186 8842 7919
8344 8261 8812 7684
8382 8275 8798 7752
8326 8280 8862 7762
8341 8305 8834 7725
8371 8380 8852 7675
8273 8275 8900 7773
8262 8181 8930 7870
8308 8242 8878 7859
8248 8242 8828 7919
8247 8270 8938 7826
8420 8377 8741 7753
8072 8322 8914 7829
8262 8280 8857 7877
8219 8297 8939 7784
8250 8256 8928 7785
8359 8415 8669 7890
8340 8309 8885 7660
8245 8539 8766 7660
8236 8341 8975 7776
8254 7977 8901 7983
8420 8387 8723 7727
8355 8293 8799 7705
8237 8260 8758 7975
8356 8257 8648 8027
8411 8331 8733 7845
8233 8274 8745 7998
8325 8186 8681 8012
8360 8324 8672 7930
8251 8307 8805 7901
8293 8271 8901 7676
8246 8342 8738 7943
8247 8192 8985 7770
8301 8247 8790 7908
8312 8346 8871 7812
8285 8139 8793 8004
8289 8295 8780 7891
8244 8202 8807 8022
8268 8388 8702 7895
8336 8375 8763 7759
8339 8390 8781 7724
8360 8243 8661 8004
8304 8336 8633 7983
8270 8408 8576 8007
8203 8421 8528 7963
8401 8358 8777 7737
8428 8339 8736 7706
8382 8436 8711 7748
8431 8308 8754 7726
8425 8259 8791 7724
8424 8364 8740 7726
8315 8322 8609 7974
8371 8247 8629 8001
8189 8423 8530 7982
8391 8250 8659 7983
8368 8276 8758 7917
8329 8344 8796 7704
8328 8113 8864 7931
8285 8247 8823 7901
8409 8280 8690 7852
8359 8331 8702 7854
8367 8194 8842 7849
8482 8176 8786 7867
8390 8251 8744 7862
8395 8169 8711 7936
8171 8433 8529 8000
8294 8155 8814 7975
8348 8199 8738 7958
8174 8312 8767 7877
8299 8107 8780 7972
8271 8423 8694 7918
8310 8378 8679 7890
8103 8431 8774 7917
8250 8328 8751 7920
8083 8366 8784 7845
8133 8369 8723 7861
8430 8176 8755 7876
8253 8246 8791 7911
8229 8235 8780 7982
8433 8367 8604 7849
8416 8466 8535 7933
8498 8335 8493 7877
8448 8357 8585 7823
8297 8304 8845 7862
8475 8357 8494 7870
8462 8315 8752 7705
8246 8308 8768 7876
8295 8362 8772 7851
8267 8332 8777 7830
8442 8275 8795 7614
8272 8411 8812 7736
8225 8463 8760 7669
8271 8524 8708 7658
8243 8458 8746 7696
8279 8469 8707 7667
8260 8440 8761 7677
8249 8445 8800 7653
8229 8457 8765 7666
8287 8380 8818 7693
8350 8337 8782 7678
8321 8330 8836 7698
8346 8329 8786 7684
8346 8253 8861 7672
8370 8287 8810 7722
8409 8269 8805 7668
8418 8315 8777 7724
8336 8326 8838 7709
8368 8246 8819 7679
8375 8198 8864 7674
8397 8233 8822 7827
8432 8259 8807 7604
8427 8232 8835 7669
8439 8211 8852 7599
8473 8282 8793 7593
8482 8322 8829 7583
8404 8260 8814 7599
8435 8331 8781 7614
8483 8335 8773 7610
8479 8287 8837 7560
8439 8252 8853 7559
8424 8296 8907 7592
8443 8241 8880 7561
8396 8332 8892 7583
8399 8250 8840 7594
8398 8195 8903 7627
8365 8243 8868 7636
8323 8227 8900 7631
8395 8275 8844 7614
8410 8278 8811 7637
8379 8271 8813 7658
8320 8260 8933 7668
8300 8289 8887 7672
8281 8263 8926 7764
8285 8314 8869 7813
8326 8315 8853 7751
8319 8272 8898 7685
8277 8322 8883 7827
8193 8387 8831 7729
8213 8380 8883 7700
8164 8375 8875 7703
8251 8369 8857 7722
8208 8320 8888 7777
8258 8250 8959 7766
8262 8289 8924 7782
8233 8356 8915 7764
8257 8243 8928 7775
8279 8215 8973 7811
8264 8267 8935 7723
8367 8382 8761 7738
8320 8349 8815 7752
8377 8309 8785 7691
8477 8305 8733 7679
8471 8320 8739 7713
8440 8249 8772 7698
8457 8263 8771 7742
8436 8304 8755 7677
8418 8267 8793 7667
8433 8305 8758 7698
8387 8308 8779 7745
8389 8306 8774 7738
8420 8313 8772 7717
8458 8328 8753 7732
8427 8257 8786 7717
8430 8292 8778 7740
8416 8348 8758 7711
8382 8372 8742 7712
8336 8311 8794 7723
8375 8422 8717 7712
8360 8432 8736 7738
8370 8397 8779 7703
8329 8374 8793 7714
8320 8299 8827 7829
8338 8310 8803 7711
8351 8204 8831 7737
8431 8214 8772 7838
8448 8270 8750 7766
8465 8250 8715 7822
8504 8228 8773 7772
8460 8246 8752 7830
8378 8146 8883 7852
8342 8233 8817 7857
8374 8191 8860 7738
8401 8242 8754 7873
8358 8202 8801 7846
8387 8253 8785 7841
8358 8266 8770 7882
8367 8239 8815 7743
8365 8246 8801 7759
8327 8269 8798 7770
8393 8263 8760 7859
8289 8258 8817 7880
8396 8217 8782 7861
8415 8181 8833 7791
8400 8143 8805 7823
8423 8104 8824 7846
8429 8126 8770 7903
8455 8167 8851 7804
8411 8267 8764 7809
8388 8236 8797 7863
8373 8172 8821 7894
8356 8179 8826 7893
8327 8195 8803 7867
8221 8284 8800 7957
8261 8222 8842 7888
8244 8252 8974 7911
8327 8220 8798 7931
8339 8307 8698 7912
8339 8338 8661 7951
8349 8158 8747 7954
8356 8193 8679 7991
8331 8270 8660 7964
8426 8204 8696 7915
8284 8199 8781 7970
8382 8275 8640 7954
8391 8209 8783 7904
8502 8081 8786 7818
8437 8294 8648 7897
8487 8216 8646 7784
8541 8266 8624 7803
8559 8206 8658 7766
8559 8187 8693 7829
8465 8186 8746 7786
8422 8274 8671 7785
8476 8209 8666 7774
8447 8275 8665 7771
8418 8276 8768 7799
8475 8216 8669 7884
8377 8211 8786 7910
8420 8065 8802 7922
8380 8093 8823 7857
8379 8093 8868 7899
8374 7996 8937 7915
8367 8055 8842 7972
8416 8232 8735 7847
8399 8217 8756 7840
8407 8178 8756 7856
8426 8091 8778 7880
8460 8162 8719 7874
8433 8197 8753 7901
8458 8218 8693 7886
8351 8257 8725 7958
8302 8108 8776 8014
8264 8292 8760 7974
8324 8308 8694 7930
8300 8297 8668 7967
8371 8269 8673 7920
8398 8301 8675 7919
8335 8290 8725 7901
8386 8263 8599 7974
8391 8254 8699 7906
8359 8240 8568 8009
8315 8281 8634 7973
8386 8272 8570 8008
8342 8313 8636 7972
8309 8374 8706 7897
8402 8113 8725 7936
8351 8258 8695 7951
8272 8427 8667 7911
8364 8162 8713 7957
8329 8225 8646 8028
8377 8185 8668 7952
8360 8232 8644 8007
8369 8159 8674 7938
8376 8103 8688 7938
8342 8265 8699 7935
8397 8095 8663 7953
8360 8179 8692 7968
8382 8078 8730 7940
8288 8332 8751 7883
8353 8229 8667 7968
8435 8119 8752 7932
8289 8336 8724 7876
8403 8232 8606 7984
8440 8098 8699 7912
8449 8293 8554 7973
8327 8266 8695 7953
8460 8238 8555 7963
8389 8058 8804 7943
8324 8225 8723 7959
8491 8245 8553 7942
8380 8018 8803 7980
8497 8230 8547 7908
8482 8240 8566 7934
8432 8237 8627 7918
8381 8175 8707 7906
8332 8383 8667 7891
8426 8252 8633 7952
8384 8210 8699 7929
8395 8181 8666 7937
8395 8245 8635 7973
8391 8474 8574 7870
8335 8091 8854 7992
8345 8192 8761 7938
8319 8526 8623 7770
8361 8233 8685 7940
8362 8231 8686 7944
8433 8510 8526 7768
8382 8227 8703 7917
8358 8245 8673 7967
8395 8197 8698 7936
8364 8230 8667 7933
8378 8483 8566 7801
8383 8268 8636 7931
8276 8489 8661 7832
8465 8232 8680 7874
8441 8194 8677 7889
8456 8219 8618 7896
8344 8007 8842 8009
8473 8208 8674 7860
8297 8026 8894 7985
8455 8280 8608 7896
8510 8256 8595 7847
8314 8599 8574 7632
8429 8221 8719 7903
8470 8270 8589 7870
8276 8592 8589 7660
8444 8238 8662 7897
8271 8559 8613 7678
8341 7973 8860 7931
8274 8594 8605 7701
8403 8223 8707 7903
8421 8260 8669 7913
8221 8585 8625 7720
8432 8185 8660 7932
8332 8056 8862 7969
8346 8603 8518 7748
8453 8227 8615 7946
8435 8261 8575 7933
8389 8265 8560 7941
8432 8288 8601 7903
8307 8050 8874 7954
8414 8669 8562 7671
8426 8322 8563 7904
8318 8030 8934 7913
8398 8256 8601 7942
8387 8279 8555 7944
8391 8576 8640 7629
8452 8272 8475 7934
8452 8231 8452 7971
8273 8677 8592 7660
8481 8228 8426 7954
8463 8191 8464 7944
8446 8202 8408 7980
8268 8631 8550 7677
8419 8212 8412 7998
8394 8201 8426 8018
8387 8166 8475 7985
8390 8201 8467 8008
8359 8194 8469 8029
8400 8228 8452 7985
8262 8528 8669 7736
8422 8253 8384 7992
8228 8529 8639 7720
8450 8219 8410 7977
8404 8158 8462 7988
8247 8570 8567 7718
8401 8158 8488 8009
8326 8558 8579 7788
8398 8123 8496 7986
8288 8118 8781 7984
8435 8134 8497 7974
8233 8048 8837 8007
8252 8544 8606 7794
8426 8075 8497 7978
8486 8080 8465 7996
8253 8047 8854 8046
8153 8472 8673 7767
8458 8050 8470 7975
8150 8431 8701 7773
8492 8121 8411 7969
8273 8465 8675 7781
8461 8114 8413 7990
8488 8146 8415 7989
8467 8104 8460 7975
8362 8512 8641 7794
8498 8111 8458 7954
8509 8105 8516 7884
8258 8423 8735 7801
8526 8199 8502 7903
8273 8113 8859 7961
8221 8424 8731 7806
8494 8302 8534 7920
8224 8352 8794 7807
8544 8224 8475 7900
8204 8359 8786 7770
8547 8187 8521 7846
8222 8396 8748 7780
8565 8177 8479 7858
8206 8358 8774 7755
8581 8238 8521 7797
8360 8009 8856 7970
8192 8352 8859 7811
8556 8317 8543 7836
8192 8360 8777 7761
8586 8239 8569 7769
8372 8044 8827 7946
8534 8254 8654 7776
8533 8276 8630 7784
8168 8383 8777 7753
8566 8150 8672 7766
8152 8358 8860 7724
8242 8344 8911 7686
8507 8125 8775 7819
8529 8196 8802 7764
8389 7980 8758 7985
8385 7941 8793 7969
8522 8361 8619 7767
8366 8037 8811 8008
8159 8405 8899 7687
8380 8072 8721 7996
8106 8388 8902 7636
8548 8248 8582 7741
8346 8073 8691 7980
8154 8456 8863 7668
8572 8269 8626 7710
8377 8080 8689 7959
8120 8457 8833 7652
8552 8223 8578 7721
8347 8048 8769 7987
8141 8499 8788 7666
8568 8230 8661 7694
8113 8433 8826 7704
8096 8436 8832 7687
8378 8197 8748 7931
8062 8365 8891 7693
8106 8412 8884 7767
8533 8233 8671 7717
8094 8379 8886 7750
8121 8411 8888 7749
8410 8050 8779 7958
8082 8348 8935 7748
8424 8075 8762 7956
8062 8360 8900 7761
8382 8013 8730 7968
8155 8296 8898 7830
8250 8239 8963 7873
8510 8126 8771 7861
8286 8250 8924 7844
8186 8303 8896 7809
8173 8236 8991 7795
8158 8353 8829 7795
8541 8263 8593 7826
8189 8360 8827 7774
8271 8101 8778 8035
8268 8037 8835 8020
8564 8253 8509 7788
8176 8306 8897 7782
8367 8023 8850 8006
8258 8051 8817 8038
8261 8051 8791 8017
8307 8112 8739 8006
8310 8071 8808 8006
8247 8204 8971 7850
8220 8260 8937 7853
8237 8058 8784 8026
8293 8114 8779 7983
8564 8259 8518 7784
8143 8320 8912 7777
8540 8243 8507 7846
8284 8148 8821 7958
8142 8316 8939 7784
8585 8263 8488 7729
8607 8287 8480 7724
8599 8261 8486 7710
8193 8148 8825 8053
8635 8240 8449 7719
8125 8353 8906 7777
8620 8213 8523 7755
8266 8169 8845 7961
8146 8395 8861 7791
8608 8255 8569 7714
8111 8346 8888 7790
8249 8142 8801 7978
8642 8262 8541 7672
8661 8351 8483 7657
8143 8357 8910 7678
8608 8191 8600 7678
8294 8257 8729 7941
8115 8352 8948 7656
8316 8293 8696 7917
8156 8315 8976 7632
8611 8255 8543 7693
8139 8251 9002 7626
8598 8261 8586 7682
8233 8219 8764 8074
8195 8262 8989 7829
8603 8265 8549 7674
8307 8306 8703 7952
8603 8201 8580 7638
8238 8255 8973 7636
8271 8267 8717 7952
8595 8226 8594 7659
8230 8209 8795 8001
8249 8200 8974 7626
8599 8265 8559 7675
8215 8219 8814 8027
8258 8266 8936 7612
8186 8222 8840 8044
8248 8346 8925 7637
8184 8148 8847 8012
8564 8272 8548 7719
8558 8333 8465 7717
8210 8221 8760 8014
8186 8380 8886 7610
8202 8153 8812 8061
8537 8314 8545 7711
8253 8350 8888 7629
8198 8162 8784 8082
8526 8281 8626 7722
8183 8172 8803 8108
8536 8413 8584 7718
8149 8101 8862 8114
8153 8140 8827 8130
8331 8343 8873 7682
8567 8420 8582 7697
8159 8125 8821 8096
8530 8337 8637 7712
8193 8196 8762 8090
8162 8189 8764 8111
8183 8183 8782 8088
8567 8304 8612 7711
8162 8141 8827 8074
8200 8092 8839 8053
8216 8240 8977 7754
8530 8273 8668 7676
8227 8124 8841 8052
8190 8068 8880 8071
8183 8124 8866 8071
8198 8114 8847 8045
8156 8092 8864 8072
8153 8092 8890 8093
8125 8056 8915 8101
8152 8088 8917 8100
8122 8047 8905 8157
8143 8089 8860 8171
8108 8040 8887 8170
8543 8194 8589 7786
8136 8101 8885 8112
8589 8255 8537 7775
8115 8059 8930 8098
8554 8206 8564 7774
8143 8125 8892 8060
8575 8248 8519 7788
8109 8126 8862 8044
8128 8237 8999 7638
8098 8149 8816 8046
8131 8272 8991 7661
8143 8189 8798 8056
8135 8250 8997 7647
8551 8168 8498 7865
8552 8172 8534 7855
8237 8319 8692 7969
8226 8307 8717 7981
8524 8239 8631 7812
8166 8315 8657 8001
8546 8264 8563 7819
8236 8279 8692 8019
8201 8361 8898 7673
8525 8116 8752 7835
8241 8297 8698 7955
8243 8313 8897 7642
8564 8128 8630 7793
8563 8202 8581 7810
8574 8196 8639 7740
8225 8229 8807 7973
8216 8284 8748 7994
8503 8205 8640 7785
8263 8336 8906 7611
8523 8191 8784 7765
8255 8291 8772 7915
8527 8241 8656 7767
8531 8219 8662 7753
8224 8284 8774 7936
8251 8252 8907 7900
8500 8203 8615 7830
8493 8259 8601 7830
8252 8251 8938 7725
8288 8265 8881 7747
8487 8199 8644 7795
8485 8201 8649 7802
8492 8195 8643 7801
8298 8206 8788 7957
8488 8209 8630 7824
8545 8215 8579 7803
8517 8209 8577 7866
8553 8220 8538 7837
8511 8155 8513 7892
8513 8153 8508 7885
8331 8220 8797 7936
8308 8178 8909 7823
8541 8189 8483 7877
8352 8168 8823 7903
8293 8188 8928 7849
8360 8129 8789 7913
8259 8117 8987 7855
8532 8305 8545 7873
8310 8126 8850 7897
8252 8165 8942 7860
8559 8248 8464 7881
8258 8150 8936 7826
8534 8236 8433 7911
8517 8239 8439 7894
8331 8239 8759 7927
8193 8134 8997 7860
8574 8238 8445 7855
8568 8253 8451 7889
8530 8238 8470 7874
8220 8216 8958 7929
8515 8248 8489 7900
8255 8224 8839 7897
8501 8298 8547 7894
8286 8324 8757 7904
8258 8288 8782 7912
8506 8434 8529 7847
8270 8272 8843 7863
8336 8211 8789 7886
8456 8319 8525 7872
8367 8218 8787 7865
8280 8262 8848 7836
8446 8417 8544 7908
8333 8147 8846 7871
8450 8403 8557 7885
8337 8195 8782 7921
8299 8131 8813 7949
8271 8238 8905 7861
8475 8427 8531 7868
8339 8217 8776 7953
8501 8459 8514 7801
8304 8127 8782 7970
8265 8272 8867 7862
8491 8354 8621 7788
8278 8142 8840 7972
8226 8142 8809 7981
8272 8203 8757 7970
8438 8390 8592 7837
8510 8464 8501 7809
8319 8248 8743 7971
8259 8227 8938 7824
8472 8525 8465 7777
8267 8248 8712 7980
8259 8236 8909 7858
8552 8453 8524 7734
8264 8248 8738 8001
8240 8223 8757 7988
8243 8264 8729 7982
8243 8223 8706 8019
8205 8272 8694 8040
8181 8155 8997 7895
8516 8416 8660 7626
8241 8283 8655 8011
8179 8157 9002 7902
8195 8222 8707 8022
8177 8126 9008 7866
8247 8222 8738 8013
8225 8201 8982 7899
8264 8283 8662 7990
8223 8260 8911 7832
8569 8489 8468 7714
8286 8264 8748 7938
8594 8456 8572 7658
8238 8314 8861 7842
8227 8337 8815 7844
8594 8517 8425 7618
8181 8276 8867 7855
8595 8351 8681 7503
8212 8283 8865 7834
8597 8400 8610 7555
8191 8291 8890 7819
8648 8436 8576 7512
8656 8456 8429 7524
8400 8273 8706 7879
8644 8519 8455 7479
8194 8276 8950 7831
8390 8338 8700 7833
8191 8276 8976 7852
8562 8483 8571 7563
8356 8267 8759 7839
8223 8271 8941 7819
8320 8256 8798 7868
8324 8295 8763 7884
8320 8309 8750 7907
8318 8238 8807 7904
8266 8285 8923 7823
8352 8309 8748 7898
8284 8280 8879 7765
8332 8259 8774 7822
8293 8246 8891 7743
8614 8365 8635 7518
8392 8264 8742 7840
8295 8244 8886 7736
8414 8288 8734 7835
8635 8455 8483 7435
8348 8298 8772 7851
8375 8376 8775 7719
8667 8300 8617 7460
8376 8304 8758 7851
8335 8339 8796 7726
8686 8386 8553 7466
8396 8319 8747 7827
8636 8264 8668 7489
8340 8373 8854 7696
8636 8336 8646 7534
8396 8191 8816 7832
8337 8363 8885 7623
8402 8245 8775 7761
8368 8434 8852 7638
8411 8190 8834 7740
8383 8424 8833 7612
8613 8439 8586 7535
8429 8227 8796 7750
8398 8449 8774 7619
8405 8393 8788 7619
8415 8247 8803 7737
8401 8345 8815 7552
8406 8302 8744 7758
8416 8399 8765 7562
8388 8265 8782 7748
8458 8343 8817 7580
8655 8363 8570 7508
8688 8387 8473 7618
8427 8279 8842 7576
8680 8370 8446 7668
8510 8167 8856 7774
8719 8370 8401 7600
8383 8236 8912 7543
8458 8214 8781 7731
8365 8261 8925 7568
8679 8186 8396 7736
8411 8142 8868 7775
8702 8189 8450 7727
8417 8307 8853 7537
8432 8297 8834 7511
8697 8261 8375 7711
8425 8345 8789 7516
8697 8190 8434 7642
8418 8310 8838 7483
8403 8320 8857 7509
8392 8236 8756 7873
8354 8299 8899 7551
8385 8370 8866 7566
8351 8299 8925 7572
8351 8363 8894 7608
8717 8145 8476 7673
8386 8239 8764 7897
8354 8363 8868 7587
8345 8397 8856 7609
8374 8331 8857 7612
8324 8204 8808 7894
8405 8338 8855 7591
8342 8241 8770 7904
8420 8328 8836 7565
8427 8272 8850 7565
8657 8140 8508 7655
8383 8348 8868 7588
8375 8137 8793 7878
8356 8316 8866 7589
8375 8201 8762 7914
8351 8165 8746 7932
8372 8296 8876 7601
8393 8187 8729 7905
8393 8225 8940 7577
8427 8258 8670 7899
8448 8187 8734 7875
8384 8280 8881 7598
8380 8294 8868 7621
8371 8136 8782 7913
8389 8260 8880 7599
8411 8173 8761 7906
8338 8190 8935 7609
8380 8102 8794 7891
8707 8192 8398 7673
8384 8141 8759 7907
8395 8160 8911 7604
8374 8231 8847 7628
8664 8237 8423 7702
8479 8119 8773 7882
8364 8189 8916 7634
8457 8128 8764 7872
8343 8195 8898 7657
8404 8080 8792 7864
8333 8118 8949 7619
8435 8087 8790 7843
8460 8097 8866 7774
8360 8150 8951 7618
8656 8203 8490 7799
8394 8221 8892 7612
8334 8216 8924 7594
8338 8255 8889 7610
8300 8195 8943 7596
8461 8145 8807 7791
8331 8216 8904 7635
8327 8177 8939 7619
8360 8176 8886 7696
8323 8120 8923 7632
8483 8135 8854 7775
8354 8191 8890 7647
8633 8269 8421 7814
8470 8157 8832 7778
8413 8139 8894 7808
8629 8171 8488 7800
8454 8190 8770 7779
8378 8082 8914 7816
8407 8150 8872 7663
8486 8156 8747 7785
8478 8117 8824 7781
8379 8212 8840 7686
8661 8179 8473 7671
8403 8186 8852 7735
8396 8242 8838 7735
8525 8157 8837 7748
8421 8181 8808 7677
8434 8112 8880 7633
8618 8154 8677 7737
8465 8183 8847 7648
8427 8168 8866 7633
8384 8162 8859 7645
8698 8150 8485 7711
8531 8093 8773 7762
8415 8169 8857 7624
8552 8138 8737 7698
8422 8113 8871 7624
8545 8103 8786 7665
8436 8077 8951 7781
8549 8151 8722 7715
8412 8113 8895 7782
8452 8101 8898 7662
8678 8108 8544 7708
8474 8046 8864 7638
8704 8169 8450 7614
8478 8010 8884 7566
8662 8173 8492 7580
8553 8073 8766 7815
8527 8032 8843 7685
8683 8160 8504 7737
8475 7975 8892 7543
8651 8331 8512 7637
8491 8091 8862 7750
8466 7977 8886 7549
8449 8064 8913 7781
8628 8265 8458 7822
8457 7924 8904 7519
8545 8069 8805 7695
8488 7995 8871 7534
8459 7955 8898 7555
8476 8019 8872 7561
8460 8020 8895 7735
8672 8242 8382 7736
8504 8072 8869 7478
8484 8104 8880 7453
8663 8262 8345 7695
8538 8118 8778 7736
8464 8039 8890 7381
8547 8184 8740 7722
8549 8073 8864 7454
8683 8359 8440 7629
8486 8033 8877 7407
8498 8032 8886 7416
8617 8316 8374 7689
8606 8237 8761 7533
8595 8340 8319 7731
8583 8181 8787 7417
8613 8020 8784 7445
8599 8376 8410 7710
8645 8160 8736 7461
8424 8096 8884 7789
8597 8316 8422 7758
8428 8135 8849 7805
8582 7949 8817 7430
8585 7984 8809 7453
8568 8382 8421 7755
8584 8479 8481 7688
8583 8144 8805 7448
8515 8107 8850 7730
8568 8105 8778 7459
8515 8171 8819 7766
8549 8034 8801 7799
8470 8100 8879 7749
8449 8171 8815 7773
8586 8172 8780 7447
8603 8508 8427 7678
8415 8100 8874 7779
8398 8111 8818 7815
8590 8057 8779 7468
8518 8522 8444 7730
8603 8100 8727 7727
8528 8555 8418 7656
8640 8151 8763 7412
8347 8075 8916 7837
8381 8146 8857 7831
8649 8162 8733 7427
8412 8153 8855 7810
8500 8445 8642 7715
8369 8092 8901 7734
8617 8210 8745 7456
8389 8157 8891 7806
8628 8370 8415 7677
8379 8090 8926 7774
8413 8161 8867 7768
8382 8090 8900 7753
8420 8105 8881 7768
8433 8042 8959 7758
8393 8007 8975 7757
8398 7970 8983 7760
8528 8597 8368 7680
8385 8000 8988 7741
8439 8053 8922 7716
8386 8048 8960 7727
8388 8046 8955 7720
8406 8083 8917 7730
8560 8224 8794 7406
8457 8581 8395 7767
8361 8018 8918 7806
8300 8033 8924 7812
8609 8208 8768 7325
8474 8452 8556 7831
8306 8052 8953 7794
8617 8246 8696 7454
8271 8003 8980 7793
8292 8045 8935 7807
8633 8199 8718 7417
8266 7966 8970 7837
8503 8642 8343 7756
8270 8005 8935 7853
8423 8638 8336 7817
8283 7981 8961 7912
8490 8504 8535 7802
8320 8037 8922 7893
8371 8491 8291 7966
8324 8015 8928 7879
8369 8488 8542 7802
8314 7991 8969 7897
8591 8272 8753 7532
8371 7961 8945 7892
8405 8032 8886 7886
8345 8027 8918 7868
8349 8066 8883 7884
8610 8276 8726 7549
8307 8050 8915 7879
8585 8308 8697 7557
8307 8114 8884 7915
8300 8119 8885 7924
8282 8146 8855 7923
8303 8090 8908 7911
8286 8121 8851 7903
8272 8083 8910 7932
8412 8528 8303 7827
8252 8114 8879 7945
8569 8171 8771 7484
8374 8508 8272 7857
8547 8118 8809 7421
8400 8537 8549 7794
8401 8613 8404 7810
8300 8055 8916 7888
8303 8119 8859 7903
8334 8126 8857 7882
8335 8052 8906 7865
8545 8318 8805 7439
8339 8091 8871 7881
8352 8061 8866 7900
8348 8022 8901 7884
8384 8033 8862 7855
8388 8072 8827 7871
8375 8014 8840 7988
8368 8005 8862 7930
8389 7994 8835 7907
8560 8228 8778 7386
8519 8484 8487 7798
8425 8040 8760 7932
8556 8345 8719 7480
8383 8018 8777 7959
8414 8025 8775 7938
8380 7954 8834 7944
8563 8318 8710 7514
8578 8356 8700 7384
8585 8313 8702 7341
8401 8523 8576 7744
8390 8004 8821 7962
8617 8320 8665 7411
8361 8076 8810 7921
8346 8086 8829 7947
8299 8024 8889 7978
8593 8361 8645 7539
8336 7952 8883 7991
8567 8387 8666 7494
8332 7966 8870 8014
8559 8348 8711 7479
8506 8324 8767 7516
8529 8325 8769 7359
8282 8035 8833 8014
8561 8402 8655 7369
8330 8095 8856 7993
8343 8087 8842 7974
8295 8027 8819 7995
8322 8059 8821 7994
8291 8052 8823 8015
8280 8075 8777 8017
8287 8019 8791 8017
8284 8019 8817 8038
8581 8307 8710 7567
8238 7958 8869 8049
8269 7965 8867 8028
8317 7957 8943 7978
8490 8341 8763 7352
8266 7964 8871 7986
8562 8383 8703 7502
8419 8446 8594 7777
8519 8302 8726 7592
8391 8471 8587 7808
8317 7893 8974 7942
8529 8316 8735 7501
8387 8513 8515 7799
8351 7964 8915 7936
8299 7904 8975 7944
8290 7959 8916 7965
8378 8427 8586 7902
8319 7893 8917 7968
8408 8456 8551 7860
8316 7893 8943 7989
8320 7879 8956 7966
8322 7897 8923 7948
8567 8228 8773 7304
8340 7861 8925 7924
8552 8238 8792 7330
8395 8424 8580 7919
8377 7917 8886 7905
8521 8167 8825 7315
8421 7882 8900 7916
8581 8172 8793 7333
8455 7918 8817 7897
8318 8452 8641 7914
8442 7876 8918 7893
8427 7932 8848 7883
8630 8157 8762 7305
8614 8212 8731 7317
8667 8214 8690 7392
8442 7924 8855 7930
8411 8414 8552 7883
8390 7924 8824 7939
8662 8210 8727 7400
8405 8479 8555 7812
8427 7980 8785 7920
8646 8120 8775 7293
8400 8430 8652 7821
8396 7973 8787 7941
8624 8130 8779 7278
8424 8034 8785 7883
8639 8102 8789 7297
8503 8483 8489 7800
8435 7959 8776 7902
8440 7976 8814 7887
8429 8051 8823 7868
8392 7995 8862 7887
8645 8086 8773 7333
8401 8061 8824 7873
8380 8069 8849 7858
8637 8094 8790 7339
8383 8110 8821 7852
8614 8089 8769 7446
8436 8096 8810 7827
8561 8023 8830 7418
8390 8035 8862 7838
8596 8166 8776 7401
8570 8098 8819 7436
8396 8072 8822 7847
8420 8108 8838 7829
8281 8541 8580 7777
8385 8059 8865 7828
8402 8064 8836 7834
8429 8096 8838 7833
8411 8573 8563 7762
8433 8074 8844 7819
8437 8113 8809 7835
8444 8057 8823 7835
8454 8586 8494 7758
8452 8054 8802 7852
8479 8086 8804 7851
8534 8044 8820 7825
8503 8058 8804 7814
8677 8200 8708 7374
8484 8056 8813 7821
8742 8099 8699 7413
8453 7985 8846 7806
8703 8165 8678 7298
8696 8147 8724 7289
8509 8024 8842 7813
8531 8048 8834 7808
8727 8203 8647 7390
8366 8600 8342 7830
8534 8048 8808 7787
8680 8157 8726 7438
8507 8012 8818 7826
8674 8112 8734 7267
8673 8173 8730 7291
8667 8126 8766 7317
8685 8037 8725 7286
8541 8037 8822 7782
8707 8140 8712 7442
8545 8076 8787 7798
8507 8061 8806 7783
8635 8129 8765 7282
8599 8086 8795 7290
8539 8137 8719 7753
8699 8126 8713 7282
8524 8147 8738 7779
8703 8179 8671 7436
8493 8140 8740 7800
8485 8148 8754 7814
8464 8106 8799 7800
8495 8113 8797 7779
8502 8057 8811 7779
8548 8118 8759 7768
8520 8082 8784 7776
8541 8124 8739 7790
8639 8168 8730 7298
8549 8116 8725 7776
8585 8127 8686 7747
8581 8088 8721 7731
8643 8141 8754 7313
8566 8098 8740 7757
8563 8063 8748 7734
8572 8029 8760 7712
8638 8091 8791 7266
8572 8093 8729 7748
8585 8104 8710 7788
8568 8107 8716 7771
8720 8158 8663 7420
8616 8111 8708 7767
8672 8130 8729 7309
8575 8057 8739 7734
8571 8071 8726 7757
8650 8026 8767 7289
8587 7983 8752 7763
8642 8021 8808 7255
8596 8049 8714 7749
8642 8085 8777 7291
8633 8055 8825 7323
8567 7918 8762 7691
8645 8056 8800 7278
8617 7921 8701 7707
8626 8024 8850 7220
8654 7977 8662 7688
8630 8063 8815 7236
8627 7954 8631 7723
8602 8057 8813 7299
8618 7988 8619 7745
8623 8099 8768 7313
8609 7962 8603 7798
8601 8076 8580 7813
8606 8023 8823 7324
8578 7955 8605 7819
8641 8014 8608 7795
8629 7940 8609 7736
8632 8083 8578 7792
8672 8066 8760 7273
8599 7997 8560 7833
8613 7980 8536 7837
8563 7852 8539 7853
8521 7956 8606 7876
8499 7935 8630 7915
8327 8418 8653 7892
8491 7940 8614 7880
8718 8213 8634 7308
8473 7920 8649 7921
8680 8198 8653 7293
8273 8381 8701 7897
8444 7986 8648 7918
8680 8262 8622 7329
8277 8420 8666 7913
8480 8003 8658 7914
8693 8238 8648 7388
8327 8376 8692 7924
8714 8230 8623 7403
8276 8415 8665 7940
8485 7955 8620 7914
8687 8207 8592 7438
8453 7968 8664 7910
8718 8214 8590 7417
8474 8010 8619 7924
8669 8181 8670 7512
8685 8159 8696 7473
8449 7982 8651 7933
8296 8305 8725 7909
8437 7949 8653 7916
8291 8379 8693 7937
8483 8010 8601 7905
8245 8344 8698 7925
8494 7955 8602 7895
8238 8400 8684 7925
8506 7988 8600 7912
8631 8149 8695 7476
8242 8439 8649 7941
8460 7927 8652 7923
8449 7932 8691 7899
8211 8432 8651 7962
8633 8184 8726 7433
8238 8464 8653 7961
8633 8229 8676 7466
8256 8428 8655 7937
8253 8428 8681 7958
8545 7963 8575 7874
8253 8364 8712 7922
8543 7981 8538 7883
8246 8360 8716 7876
8280 8431 8657 7870
8536 7946 8587 7850
8284 8417 8670 7847
8561 7930 8561 7838
8279 8476 8625 7801
8657 8217 8635 7415
8652 8213 8672 7423
8285 8527 8593 7754
8648 8174 8707 7407
8273 8586 8561 7808
8573 7883 8576 7836
8644 8190 8728 7428
8539 7812 8635 7842
8292 8565 8523 7791
8246 8504 8575 7802
8555 7939 8532 7847
8243 8504 8601 7823
8207 8502 8569 7834
8253 8563 8517 7823
8258 8504 8525 7874
8575 8059 8520 7888
8213 8513 8519 7854
8275 8501 8519 7891
8536 7947 8586 7830
8232 8542 8465 7844
8304 8478 8529 7873
8357 8498 8558 7871
8626 7898 8629 7800
8189 8473 8549 7892
8580 7837 8681 7811
8176 8503 8554 7873
8573 7893 8667 7811
8560 8201 8786 7517
8167 8505 8564 7875
8575 7891 8662 7804
8594 8164 8766 7433
8204 8509 8547 7887
8555 8101 8813 7432
8127 8565 8496 7834
8168 8545 8508 7879
8172 8531 8521 7856
8203 8538 8519 7835
8544 8099 8808 7515
8216 8508 8514 7854
8551 7984 8535 7842
8252 8519 8475 7825
8533 7964 8566 7865
8261 8523 8457 7862
8307 8584 8405 7851
8490 7949 8608 7897
8279 8523 8407 7909
8275 8537 8394 7932
8238 8491 8450 7965
8269 8492 8472 7937
8512 7974 8540 7904
8501 7997 8494 7906
8515 7997 8467 7908
8548 8027 8518 7889
8609 8087 8470 7860
8328 8472 8456 7890
8600 7936 8486 7856
8550 7933 8547 7840
8581 8004 8514 7855
8401 8448 8423 7949
8265 8433 8364 7970
8528 7999 8552 7866
8529 7925 8601 7849
8591 8283 8701 7539
8287 8422 8441 8048
8287 8458 8296 7977
8579 8034 8516 7868
8227 8433 8436 8030
8259 8494 8281 7968
8563 8026 8522 7871
8262 8494 8255 7947
8567 8016 8562 7837
8298 8505 8216 7918
8594 8033 8520 7850
8610 8341 8662 7477
8300 8504 8291 7908
8609 8023 8501 7824
8310 8475 8374 7937
8328 8468 8306 7917
8602 8073 8476 7824
8587 8083 8495 7850
8554 8300 8675 7571
8352 8517 8287 7887
8566 8041 8540 7836
8447 8481 8494 7840
8597 8048 8538 7815
8343 8514 8393 7898
8563 7977 8597 7821
8284 8483 8450 7890
8578 8292 8731 7348
8327 8540 8287 7861
8586 7948 8534 7838
8308 8535 8418 7858
8617 7966 8549 7814
8620 8288 8689 7382
8645 8053 8573 7811
8618 8214 8696 7350
8627 8288 8668 7504
8356 8548 8237 7845
8694 8093 8433 7744
8701 8019 8576 7813
8375 8511 8248 7832
8642 8350 8638 7468
8437 8473 8298 7911
8691 8084 8570 7767
8420 8372 8308 7947
8611 8169 8511 7807
8580 8162 8513 7828
8620 8156 8745 7493
8382 8389 8347 7955
8402 8368 8317 7938
8618 8188 8509 7784
8620 8254 8656 7581
8593 8145 8548 7793
8603 8198 8528 7810
8563 8205 8512 7809
8417 8323 8372 7969
8574 8238 8478 7806
8587 8208 8473 7825
8411 8373 8304 7946
8633 8205 8452 7778
8640 8338 8629 7501
8618 8215 8471 7804
8361 8326 8343 7980
8584 8144 8530 7810
8588 8183 8495 7826
8368 8400 8339 7973
8548 8133 8569 7839
8582 8204 8510 7833
8396 8336 8292 7965
8423 8368 8294 7964
8432 8313 8353 7943
8576 8166 8526 7811
8622 8227 8474 7800
8377 8307 8346 7975
8364 8337 8351 7956
8343 8331 8423 7978
8608 8135 8529 7767
8614 8074 8612 7769
8618 8113 8577 7785
8587 8042 8610 7770
8587 8106 8579 7806
8603 8325 8630 7546
8590 8151 8589 7794
8569 8109 8634 7780
8551 8273 8644 7637
8301 8379 8419 8063
8657 7972 8583 7739
8563 8222 8703 7597
8635 8118 8567 7765
8584 8264 8658 7611
8640 8093 8563 7693
8566 8227 8696 7601
8616 8230 8635 7617
8647 8037 8577 7693
8595 8188 8680 7603
8587 8196 8694 7617
8631 8079 8602 7749
8574 8193 8708 7592
8641 8103 8561 7731
8613 8215 8667 7510
8656 8128 8502 7738
8632 8236 8677 7428
8623 8231 8690 7420
8635 8223 8565 7733
8656 8231 8667 7483
8583 8157 8562 7774
8691 8261 8593 7416
8629 8218 8510 7763
8655 8254 8647 7476
8614 8164 8560 7753
8636 8149 8614 7716
8601 8152 8624 7739
8648 8160 8710 7440
8579 8167 8570 7776
8596 8156 8626 7740
8617 8146 8776 7420
8630 8227 8567 7734
8631 8153 8616 7717
8316 8353 8531 7938
8624 8201 8571 7722
8586 8186 8590 7707
8572 8081 8771 7460
8586 8250 8559 7743
8553 8124 8769 7529
8593 8269 8602 7671
8534 8086 8800 7531
8552 8123 8762 7541
8334 8365 8411 8000
8307 8373 8403 7976
8525 8308 8651 7652
8296 8396 8357 7978
8525 8244 8682 7616
8307 8373 8328 8047
8563 8259 8663 7631
8296 8314 8458 8032
8532 8188 8696 7616
8258 8378 8356 8099
8532 8252 8665 7652
8539 8075 8812 7442
8281 8324 8477 8058
8526 8304 8689 7602
8295 8316 8426 8107
8520 8229 8734 7577
8585 8014 8789 7512
8257 8346 8394 8105
8515 8298 8712 7659
8554 7943 8822 7497
8561 8000 8809 7497
8305 8248 8391 8091
8547 8063 8777 7533
8510 8357 8667 7613
8526 8240 8720 7566
8549 8039 8802 7471
8559 8089 8789 7489
8508 8340 8680 7632
8487 8288 8729 7621
8478 8343 8670 7642
8541 8135 8796 7492
8469 8374 8675 7700
8552 8137 8807 7469
8543 8454 8625 7573
8534 8100 8845 7459
8520 8531 8639 7645
8432 8573 8576 7615
8457 8490 8573 7738
8540 8128 8805 7475
8516 8541 8567 7606
8546 8041 8846 7457
8542 8055 8833 7480
8524 8018 8871 7470
8411 8509 8594 7726
8528 8057 8836 7486
8535 8001 8850 7486
8468 8539 8552 7731
8581 8035 8816 7495
8466 8545 8536 7745
8599 7973 8787 7454
8329 8224 8404 8061
8592 8029 8773 7454
8607 8061 8757 7486
8628 8050 8730 7463
8432 8503 8600 7708
8597 8011 8770 7468
8569 8002 8818 7478
8550 7964 8849 7480
8265 8351 8353 8139
8462 8494 8630 7736
8284 8287 8317 8194
8596 8025 8797 7469
8294 8092 8312 8113
8578 7991 8775 7528
8312 8259 8292 8089
8580 7989 8770 7521
8518 8491 8610 7653
8614 8060 8711 7515
8625 8054 8769 7445
8627 8145 8721 7466
8258 8066 8375 8125
8498 8493 8649 7500
8640 8060 8718 7484
8265 8010 8389 8125
8464 8563 8592 7568
8654 8088 8729 7458
8257 8005 8430 8091
8252 8174 8450 8075
8310 8084 8496 8035
8641 8137 8699 7511
8700 8149 8677 7447
8321 8185 8481 8057
8549 8505 8554 7650
8307 8247 8453 8041
8624 8140 8705 7494
8647 8135 8744 7424
8669 8143 8701 7448
8335 8214 8451 8046
8677 8148 8660 7482
8547 8480 8636 7530
8645 8182 8683 7476
8658 8127 8694 7474
8665 8193 8646 7452
8704 8188 8642 7463
8679 8217 8571 7501
8353 8308 8401 8030
8673 8156 8666 7492
8615 8184 8688 7487
8622 8160 8726 7489
8618 8227 8679 7478
8352 8192 8479 8036
8359 8136 8493 8036
8631 8197 8674 7497
8380 8178 8448 8050
8651 8183 8680 7474
8363 8136 8451 8024
8397 8207 8392 8018
8365 8512 8615 7773
8670 8244 8628 7450
8366 8200 8394 8039
8688 8281 8590 7460
8412 8261 8342 8028
8668 8205 8584 7469
8391 8219 8387 8014
8709 8249 8547 7479
8422 8226 8385 7993
8724 8184 8534 7465
8439 8223 8379 8010
8678 8123 8586 7476
8460 8265 8334 8024
8699 8165 8541 7490
8426 8266 8304 8008
8709 8158 8574 7501
8409 8269 8310 7991
8678 8087 8607 7486
8388 8275 8292 8014
8412 8311 8308 7996
8724 8148 8555 7475
8372 8295 8282 8002
8728 8187 8520 7491
8389 8442 8294 7987
8315 8286 8376 8045
8435 8447 8604 7754
8713 8224 8543 7459
8682 8217 8545 7480
8504 8496 8548 7724
8724 8239 8528 7453
8759 8296 8508 7445
8711 8228 8547 7413
8696 8238 8566 7439
8336 8255 8389 8070
8701 8203 8580 7438
8483 8362 8692 7640
8429 8396 8654 7720
8429 8439 8657 7693
8728 8163 8622 7454
8477 8484 8611 7710
8682 8094 8731 7395
8449 8359 8686 7697
8277 8297 8556 8071
8419 8318 8674 7754
8306 8292 8506 8050
8415 8332 8661 7777
8332 8215 8482 8033
8428 8302 8656 7796
8360 8224 8434 8023
8372 8286 8352 7996
8347 8318 8323 8004
8316 8311 8325 8025
8478 8386 8591 7767
8337 8353 8280 8039
8704 8105 8720 7419
8336 8363 8262 8020
8669 8108 8730 7442
8310 8373 8302 8026
8669 8117 8701 7476
8293 8357 8355 8076
8478 8438 8569 7808
8638 8110 8703 7497
8642 8149 8668 7513
8310 8306 8302 8066
8634 8207 8675 7488
8630 8168 8710 7472
8279 8346 8272 8148
8297 8300 8263 8142
8318 8261 8228 8069
8329 8186 8219 8088
8466 8394 8547 7833
8315 8187 8355 8090
8608 8269 8747 7549
8306 8242 8296 8111
8592 8252 8711 7557
8484 8391 8556 7751
8550 8236 8743 7552
8311 8324 8290 8115
8298 8375 8218 8138
8269 8370 8220 8068
8570 8270 8755 7509
8271 8311 8291 8135
8495 8330 8709 7586
8252 8314 8270 8149
8494 8370 8693 7569
8489 8427 8687 7514
8585 8387 8631 7569
8455 8477 8545 7777
8272 8261 8337 8114
8257 8271 8356 8140
8208 8343 8425 8126
8534 8451 8604 7640
8241 8339 8358 8118
8499 8448 8562 7745
8252 8365 8461 8056
8617 8490 8500 7548
8245 8413 8416 8061
8429 8422 8599 7787
8241 8374 8451 8045
8306 8310 8484 8037
8405 8486 8556 7779
8235 8311 8458 8089
8239 8350 8423 8105
8353 8459 8593 7855
8230 8289 8525 8094
8421 8491 8565 7769
8486 8392 8695 7491
8195 8373 8430 8107
8203 8365 8416 8093
8234 8372 8414 8072
8544 8445 8644 7507
8195 8422 8465 8058
8192 8440 8425 8074
8198 8450 8439 8069
8505 8449 8605 7707
8223 8394 8471 8014
8226 8429 8463 8037
8195 8404 8535 8041
8231 8433 8426 8029
8202 8436 8452 8046
8209 8395 8440 8059
8255 8456 8388 8048
8470 8320 8638 7795
8239 8511 8375 8047
8506 8392 8576 7745
8537 8464 8578 7588
8252 8464 8356 8011
8481 8386 8565 7746
8265 8434 8351 8030
8208 8440 8408 8032
8449 8440 8569 7774
8236 8446 8410 7969
8436 8481 8546 7743
8221 8456 8429 7995
8572 8406 8647 7588
8189 8469 8473 7991
8552 8433 8584 7545
8179 8504 8430 8026
8518 8389 8660 7582
8158 8462 8475 8012
8396 8519 8613 7752
8522 8401 8654 7592
8517 8358 8670 7558
8198 8468 8491 7981
8551 8429 8611 7552
8221 8491 8461 7960
8183 8427 8492 7988
8170 8457 8497 7969
8180 8507 8484 7987
8362 8448 8672 7758
8163 8529 8463 7912
8366 8487 8637 7774
8586 8409 8600 7544
8138 8510 8470 7937
8352 8425 8688 7804
8117 8518 8495 7922
8335 8480 8639 7795
8146 8515 8469 7905
8331 8441 8674 7779
8227 8497 8527 7895
8113 8524 8476 7914
8367 8452 8635 7750
8570 8333 8681 7559
8124 8555 8480 7900
8371 8491 8600 7766
8388 8436 8649 7775
8557 8298 8699 7598
8258 8548 8418 7910
8409 8467 8632 7823
8297 8503 8451 7885
8405 8403 8647 7729
8509 8230 8738 7566
8540 8301 8705 7581
8277 8555 8416 7833
8429 8503 8626 7729
8536 8262 8740 7565
8304 8498 8493 7874
8378 8512 8439 7817
8585 8323 8662 7533
8313 8482 8475 7916
8469 8454 8576 7712
8539 8326 8683 7580
8505 8385 8636 7671
8543 8351 8650 7512
8564 8280 8714 7488
8531 8422 8568 7720
8589 8412 8598 7501
8346 8512 8421 7847
8582 8377 8647 7468
8483 8300 8658 7733
8567 8323 8697 7458
8279 8483 8445 7900
8462 8371 8594 7757
8325 8544 8393 7889
8473 8365 8652 7687
8563 8387 8676 7495
8317 8468 8488 7893
8532 8351 8727 7524
8522 8274 8778 7486
8445 8401 8604 7758
8553 8310 8727 7457
8572 8325 8729 7454
8248 8489 8502 7910
8424 8377 8644 7739
8561 8334 8719 7443
8435 8383 8635 7718
8562 8270 8770 7444
8230 8487 8420 7968
8574 8326 8705 7424
8261 8494 8418 7947
8594 8294 8694 7449
8274 8464 8413 7966
8573 8302 8719 7434
8566 8358 8705 7434
8253 8481 8431 7939
8466 8483 8553 7725
8517 8297 8783 7466
8498 8282 8781 7469
8204 8420 8509 7971
8552 8353 8756 7472
8155 8452 8496 7971
8189 8523 8437 7965
8342 8461 8643 7828
8528 8329 8749 7475
8200 8517 8495 7895
8218 8554 8457 7905
8406 8483 8528 7805
8197 8512 8502 7891
8458 8435 8555 7834
8550 8237 8772 7427
8177 8477 8545 7888
8546 8251 8759 7450
8223 8538 8493 7877
8219 8499 8528 7861
8495 8260 8787 7467
8174 8468 8535 7944
8170 8482 8522 7967
8177 8426 8536 7967
8521 8282 8789 7457
8216 8493 8464 7978
8539 8315 8744 7540
8227 8438 8465 7968
8511 8214 8780 7510
8220 8494 8451 7968
8542 8285 8747 7525
8174 8433 8503 7979
8488 8209 8786 7492
8357 8360 8676 7797
8521 8291 8729 7548
8321 8419 8688 7814
8514 8347 8715 7548
8143 8377 8587 7998
8334 8435 8649 7814
8515 8351 8688 7541
8295 8433 8643 7846
8536 8280 8752 7517
8303 8459 8637 7860
8146 8425 8530 7993
8329 8444 8579 7858
8496 8245 8768 7516
8218 8408 8545 8016
8492 8206 8803 7500
8149 8421 8516 8010
8373 8500 8583 7763
8491 8280 8754 7517
8484 8245 8803 7484
8193 8421 8491 7991
8515 8316 8770 7499
8219 8415 8504 8015
8361 8417 8659 7772
8512 8281 8778 7476
8186 8427 8471 8015
8389 8478 8657 7714
8516 8320 8743 7492
8485 8299 8782 7453
8464 8370 8718 7477
8173 8435 8485 8034
8481 8367 8712 7494
8431 8407 8648 7662
8518 8423 8673 7475
8204 8471 8434 8005
8435 8393 8661 7639
8468 8467 8668 7579
8427 8388 8702 7605
8423 8402 8689 7628
8412 8407 8728 7604
8403 8462 8669 7625
8179 8347 8584 7982
8489 8460 8672 7630
8210 8418 8551 7997
8177 8349 8589 7989
8393 8415 8693 7631
8223 8410 8537 7978
8405 8434 8690 7618
8409 8420 8703 7595
8231 8415 8496 8012
8185 8354 8548 8023
8431 8397 8719 7581
8182 8354 8574 8044
8437 8396 8701 7564
8211 8288 8575 8047
8232 8330 8530 8061
8467 8468 8690 7561
8256 8255 8601 8057
8460 8394 8693 7564
8236 8287 8612 8032
8229 8343 8598 8032
8240 8268 8589 8051
8268 8329 8587 7993
8276 8355 8581 8007
8271 8389 8512 7959
8279 8379 8506 7978
8276 8379 8532 7999
8234 8314 8507 8054
8258 8350 8523 8036
8539 8511 8526 7618
8219 8312 8479 8096
8493 8567 8515 7701
8179 8296 8453 8102
8549 8561 8513 7636
8166 8326 8458 8083
8216 8352 8414 8083
8237 8386 8381 8084
8258 8428 8336 8098
8189 8409 8310 8117
8192 8450 8282 8111
8531 8546 8516 7707
8155 8394 8321 8130
8563 8523 8394 7660
8183 8455 8319 8072
8249 8423 8349 8090
8513 8581 8535 7637
8270 8441 8307 8045
8583 8623 8317 7540
8242 8380 8309 8103
8499 8654 8370 7631
8468 8588 8559 7500
8508 8613 8509 7660
8212 8367 8388 8109
8427 8697 8478 7540
8228 8381 8394 8076
8256 8447 8356 8038
8456 8665 8341 7649
8282 8432 8298 8036
8322 8443 8328 7994
8484 8651 8443 7736
8325 8430 8343 7977
8450 8628 8520 7589
8473 8623 8551 7441
8473 8665 8342 7444
8349 8466 8359 7959
8314 8477 8285 7967
8451 8645 8458 7741
8436 8593 8594 7533
8350 8449 8336 7952
8371 8441 8311 7967
8349 8426 8268 7993
8361 8715 8339 7461
8386 8482 8229 7974
8407 8471 8202 7951
8398 8505 8190 7973
8396 8474 8196 7937
8381 8484 8215 7963
8396 8455 8240 7970
8387 8450 8253 7962
8402 8440 8234 7936
8407 8432 8286 7968
8443 8412 8381 7913
8458 8402 8362 7887
8462 8441 8327 7903
8447 8378 8431 7889
8467 8472 8447 7845
8428 8460 8301 7849
8517 8532 8577 7610
8471 8546 8560 7523
8443 8537 8608 7533
8415 8598 8596 7605
8372 8570 8292 7837
8382 8562 8590 7648
8403 8621 8646 7548
8434 8634 8549 7623
8425 8629 8562 7615
8418 8692 8491 7532
8376 8676 8523 7527
8405 8596 8268 7828
8355 8747 8459 7551
8315 8710 8480 7558
8319 8749 8445 7574
8339 8575 8387 7838
8275 8724 8608 7578
8312 8693 8486 7572
8270 8684 8461 7585
8332 8529 8401 7836
8327 8722 8455 7572
8367 8681 8504 7635
8315 8648 8511 7681
8377 8577 8388 7828
8401 8603 8572 7620
8402 8596 8381 7803
8283 8592 8576 7653
8303 8585 8704 7585
8311 8653 8574 7595
8372 8614 8648 7569
8315 8628 8570 7575
8406 8600 8397 7759
8369 8592 8595 7629
8399 8683 8413 7655
8403 8569 8666 7530
8369 8645 8630 7549
8313 8667 8586 7489
8393 8608 8666 7546
8378 8706 8301 7612
8282 8660 8588 7510
8391 8682 8327 7671
8422 8689 8325 7650
8309 8692 8590 7509
8365 8710 8517 7491
8520 8599 8517 7700
8342 8733 8580 7458
8423 8579 8496 7779
8438 8645 8543 7602
8448 8681 8544 7500
8402 8659 8571 7541
8348 8686 8556 7429
8357 8683 8603 7423
8385 8681 8454 7682
8470 8582 8579 7447
8352 8588 8512 7714
8506 8593 8540 7418
8339 8620 8506 7693
8526 8548 8543 7598
8334 8642 8468 7703
8573 8613 8449 7422
8294 8634 8471 7689
8523 8610 8510 7406
8508 8620 8529 7432
8527 8573 8592 7413
8505 8619 8533 7390
8483 8573 8617 7432
8529 8489 8633 7383
8279 8650 8497 7704
8288 8616 8509 7682
8565 8520 8555 7484
8474 8564 8637 7425
8333 8673 8484 7678
8420 8532 8662 7584
8435 8515 8681 7519
8423 8557 8665 7530
8337 8560 8674 7504
8334 8679 8461 7647
8419 8547 8682 7493
8433 8601 8534 7672
8423 8537 8588 7730
8416 8621 8548 7631
8415 8682 8466 7606
8469 8597 8493 7726
8472 8563 8540 7656
8416 8557 8579 7595
8413 8569 8588 7627
8406 8534 8637 7594
8431 8536 8598 7627
8461 8570 8550 7598
8388 8573 8601 7634
8410 8609 8568 7610
8436 8571 8550 7570
8421 8581 8569 7596
8374 8490 8646 7602
8360 8505 8673 7614
8322 8450 8711 7587
8325 8514 8654 7602
8358 8508 8668 7584
8369 8491 8647 7600
8365 8452 8682 7584
8462 8565 8582 7568
8505 8545 8567 7690
8525 8483 8576 7491
8566 8446 8604 7467
8618 8506 8544 7459
8584 8435 8603 7465
8575 8490 8544 7486
8578 8490 8518 7465
8591 8536 8516 7598
8604 8459 8583 7514
8629 8467 8499 7426
8623 8528 8416 7424
8644 8457 8480 7400
8647 8457 8493 7391
8634 8471 8462 7418
8649 8461 8443 7392
8628 8532 8379 7416
8612 8532 8442 7600
8563 8587 8417 7442
8530 8550 8528 7530
8568 8567 8416 7443
8553 8544 8519 7666
8616 8468 8588 7401
8602 8528 8528 7404
8577 8487 8559 7342
8580 8522 8551 7365
8559 8480 8596 7351
8546 8504 8570 7292
8552 8489 8564 7258
8550 8491 8569 7265
8567 8488 8563 7282
8613 8549 8511 7271
8579 8550 8481 7255
8600 8592 8436 7269
8556 8592 8461 7288
8549 8592 8496 7608
8562 8641 8424 7290
8512 8633 8436 7331
8525 8609 8462 7390
8556 8616 8460 7369
8525 8427 8671 7412
8585 8432 8639 7430
8582 8397 8647 7407
8585 8461 8590 7422
8621 8472 8551 7393
8657 8422 8536 7356
8624 8379 8603 7533
8611 8409 8608 7514
8663 8392 8593 7482
8665 8329 8630 7327
8617 8365 8609 7497
8675 8430 8510 7377
8690 8420 8491 7351
8693 8455 8483 7374
8633 8450 8515 7356
8637 8489 8480 7372
8640 8447 8481 7395
8673 8403 8505 7419
8712 8431 8486 7468
8674 8444 8464 7422
8709 8396 8494 7445
8621 8401 8522 7588
8630 8397 8563 7532
8672 8434 8449 7610
8638 8431 8456 7527
8654 8514 8402 7480
8650 8475 8437 7464
8635 8485 8456 7490
8595 8489 8543 7539
8600 8493 8506 7531
8561 8418 8602 7545
8565 8457 8567 7561
8586 8386 8631 7537
8573 8402 8607 7542
8617 8429 8578 7533
8625 8348 8648 7527
8661 8359 8609 7498
8664 8331 8607 7387
8670 8316 8601 7353
8701 8387 8568 7368
8638 8376 8618 7350
8623 8386 8637 7376
8589 8315 8696 7382
8593 8354 8661 7398
8653 8264 8624 7440
8651 8326 8627 7508
8665 8320 8586 7424
8645 8333 8581 7507
8612 8289 8664 7522
8606 8304 8670 7556
8609 8304 8644 7535
8596 8326 8622 7538
8581 8336 8641 7564
8518 8325 8691 7546
8524 8374 8654 7548
8551 8373 8584 7669
8533 8396 8615 7616
8561 8454 8544 7698
8548 8386 8596 7590
8485 8345 8693 7611
8504 8354 8667 7655
8527 8383 8603 7704
8517 8302 8643 7675
8568 8669 8333 7592
8495 8615 8405 7615
8488 8663 8360 7620
8503 8570 8538 7635
8500 8539 8518 7728
8523 8593 8405 7688
8492 8586 8407 7709
8500 8536 8370 7738
8497 8593 8380 7754
8466 8586 8382 7775
8503 8532 8463 7756
8461 8548 8419 7779
8409 8548 8388 7788
8406 8548 8414 7809
8409 8519 8437 7796
8431 8529 8551 7750
8414 8575 8514 7742
8542 8469 8448 7723
8530 8462 8464 7751
8556 8415 8503 7847
8516 8449 8495 7775
8442 8368 8598 7823
8469 8378 8565 7820
8514 8389 8548 7816
8446 8407 8563 7839
8448 8369 8574 7836
8500 8444 8521 7773
8482 8407 8559 7763
8485 8438 8564 7726
8447 8411 8581 7738
8477 8507 8526 7752
8468 8441 8564 7766
8507 8455 8539 7717
8492 8465 8558 7743
8492 8415 8552 7767
8488 8429 8539 7790
8471 8458 8460 7822
8502 8465 8458 7801
8458 8371 8586 7798
8416 8397 8585 7851
8415 8400 8565 7860
8347 8420 8588 7923
8408 8440 8541 7919
8419 8385 8542 7909
8402 8335 8596 7853
8433 8406 8563 7868
8395 8391 8582 7853
8395 8455 8551 7889
8364 8442 8572 7871
8391 8410 8605 7834
8395 8449 8570 7850
8450 8468 8526 7845
8446 8429 8561 7829
8504 8424 8505 7851
8454 8448 8549 7834
8448 8458 8502 7849
8427 8416 8547 7835
8451 8438 8580 7761
8511 8443 8548 7779
8483 8382 8550 7837
8454 8384 8580 7798
8480 8318 8607 7822
8460 8330 8572 7835
8464 8317 8578 7835
8484 8305 8613 7822
8518 8376 8554 7816
8487 8369 8556 7837
8508 8411 8511 7851
8525 8408 8505 7868
8513 8345 8527 7823
8510 8345 8553 7844
8482 8309 8578 7852
8475 8365 8564 7852
8507 8305 8547 7855
8535 8341 8522 7847
8539 8337 8445 7891
8518 8295 8490 7877
8489 8361 8489 7874
8477 8305 8540 7903
8424 8273 8610 7917
8460 8284 8571 7888
8515 8284 8576 7858
8491 8248 8560 7876
8537 8309 8508 7865
8478 8241 8596 7842
8463 8251 8615 7868
8442 8259 8640 7853
8463 8301 8595 7867
8484 8320 8611 7797
8520 8331 8572 7768
8526 8316 8566 7734
8576 8319 8505 7750
8583 8263 8519 7750
8572 8286 8473 7752
8585 8278 8459 7733
8609 8271 8415 7690
8658 8383 8475 7602
8624 8471 8494 7639
8618 8510 8381 7575
8546 8502 8478 7699
8576 8444 8525 7672
8601 8353 8519 7606
8602 8292 8526 7572
8596 8307 8532 7606
8563 8385 8605 7643
8536 8349 8615 7682
8566 8352 8583 7614
8577 8346 8641 7544
8437 8387 8664 7638
8432 8443 8663 7633
8410 8419 8671 7638
8437 8549 8628 7557
8538 8526 8522 7516
8542 8615 8427 7597
8554 8494 8464 7685
8658 8514 8341 7583
8634 8482 8400 7597
8619 8476 8456 7600
8628 8484 8450 7542
8637 8489 8437 7550
8649 8472 8381 7571
8663 8429 8462 7602
8664 8448 8380 7573
8711 8384 8332 7563
8706 8384 8437 7573
8697 8392 8460 7626
8641 8363 8482 7595
8678 8419 8443 7576
8609 8374 8436 7657
8613 8318 8476 7678
8664 8351 8457 7636
8659 8328 8491 7654
8627 8437 8408 7652
8638 8382 8409 7642
8635 8463 8362 7574
8599 8469 8462 7662
8608 8510 8490 7619
8639 8396 8478 7530
8664 8331 8495 7521
8698 8402 8436 7515
8678 8360 8545 7474
8685 8395 8496 7507
8682 8360 8504 7484
8686 8399 8469 7500
8658 8393 8467 7563
8694 8404 8428 7534
8704 8496 8404 7544
8717 8372 8391 7538
8763 8433 8339 7527
8742 8391 8384 7513
8733 8493 8378 7527
8745 8355 8385 7480
8764 8384 8331 7470
8754 8300 8444 7459
8758 8339 8409 7475
8713 8391 8460 7476
8747 8364 8397 7464
8711 8353 8436 7493
8738 8385 8438 7492
8707 8378 8440 7513
8743 8389 8401 7484
8730 8458 8386 7504
8742 8399 8383 7465
8693 8338 8461 7497
8710 8327 8517 7461
8744 8398 8458 7455
8713 8327 8491 7440
8702 8414 8414 7478
8722 8506 8382 7495
8686 8495 8421 7524
8665 8500 8433 7516
8707 8537 8376 7538
8636 8587 8322 7629
8592 8540 8329 7555
8620 8543 8327 7465
8611 8538 8340 7457
8584 8575 8341 7499
8566 8538 8379 7489
8559 8586 8334 7494
8555 8547 8369 7478
8558 8582 8361 7501
8573 8572 8342 7475
8587 8559 8338 7503
8572 8569 8357 7529
8573 8573 8330 7522
8558 8590 8341 7592
8543 8600 8360 7618
8586 8555 8335 7589
8649 8528 8292 7614
8646 8547 8299 7664
8664 8582 8242 7624
8658 8533 8279 7622
8654 8494 8314 7606
8642 8508 8334 7648
8632 8458 8347 7630
8627 8518 8353 7674
8628 8492 8353 7612
8642 8520 8336 7576
8680 8420 8441 7502
8665 8430 8460 7528
8701 8441 8421 7499
8672 8444 8447 7516
8676 8445 8434 7506
8702 8422 8411 7512
8715 8468 8405 7530
8684 8397 8438 7515
8722 8412 8419 7530
8680 8396 8451 7525
8684 8435 8416 7541
8639 8437 8431 7524
8670 8508 8398 7539
8642 8472 8423 7547
8669 8504 8425 7546
8578 8461 8501 7606
8582 8500 8466 7622
8553 8446 8492 7699
8515 8495 8480 7720
8534 8515 8573 7676
8480 8476 8571 7717
8484 8515 8536 7733
8463 8510 8598 7687
8502 8546 8524 7689
8524 8542 8520 7661
8520 8535 8548 7664
8489 8583 8538 7573
8462 8552 8561 7671
8397 8561 8634 7595
8426 8543 8597 7595
8435 8609 8559 7581
8450 8599 8540 7555
8444 8614 8546 7589
8426 8577 8584 7579
8411 8587 8603 7605
8409 8538 8604 7654
8427 8552 8578 7685
8434 8587 8522 7630
8428 8574 8534 7701
8458 8566 8548 7694
8425 8614 8469 7688
8438 8590 8495 7747
8394 8604 8480 7719
8315 8567 8569 7777
8322 8519 8614 7772
8322 8479 8620 7797
8356 8550 8561 7791
8325 8543 8563 7812
8371 8604 8511 7801
8382 8549 8512 7791
8413 8556 8510 7770
8367 8495 8562 7781
8394 8527 8564 7780
8401 8497 8575 7772
8366 8504 8564 7816
8373 8505 8547 7795
8360 8538 8526 7817
8355 8480 8574 7798
8401 8541 8522 7787
8422 8478 8585 7787
8466 8478 8560 7768
8456 8428 8573 7750
8419 8372 8612 7769
8416 8372 8638 7790
8395 8380 8663 7775
8339 8449 8662 7745
8301 8385 8693 7773
8310 8451 8655 7759
8349 8457 8651 7768
8356 8450 8653 7725
8390 8521 8594 7719
8411 8450 8658 7695
8396 8545 8580 7706
8399 8491 8580 7743
8396 8491 8606 7764
8427 8462 8588 7765
8442 8452 8569 7739
8476 8523 8510 7733
8445 8516 8512 7754
8472 8508 8520 7778
8420 8508 8489 7787
8451 8515 8487 7766
8422 8478 8604 7742
8503 8445 8616 7694
8487 8420 8643 7638
8492 8478 8595 7657
8465 8510 8562 7694
8465 8508 8588 7697
8469 8547 8553 7713
8494 8513 8576 7658
8534 8422 8542 7699
8580 8483 8490 7688
8529 8378 8633 7685
8563 8449 8574 7679
8554 8419 8593 7665
8558 8458 8558 7681
8527 8387 8591 7666
8527 8451 8560 7702
8514 8481 8565 7683
8507 8483 8571 7677
8538 8490 8569 7656
8553 8480 8550 7630
8568 8505 8491 7637
8564 8466 8526 7621
8608 8446 8521 7583
8593 8464 8496 7660
8560 8465 8549 7583
8531 8531 8548 7580
8482 8565 8551 7607
8542 8506 8550 7589
8527 8481 8609 7582
8518 8536 8550 7603
8533 8526 8531 7577
8536 8561 8523 7600
8532 8522 8558 7584
8461 8566 8574 7608
8430 8559 8576 7629
8522 8509 8578 7582
8526 8484 8574 7562
8489 8524 8641 7666
8467 8482 8653 7621
8498 8489 8651 7600
8471 8507 8655 7577
8441 8502 8679 7503
8419 8525 8674 7510
8379 8510 8703 7500
8372 8498 8699 7515
8423 8493 8696 7494
8426 8540 8688 7423
8432 8490 8727 7434
8439 8532 8674 7404
8462 8462 8712 7501
8465 8482 8696 7389
8428 8451 8762 7418
8405 8421 8775 7398
8407 8419 8770 7391
8427 8525 8713 7435
8436 8371 8729 7400
8422 8347 8765 7403
8485 8396 8747 7380
8501 8354 8722 7324
8461 8360 8731 7398
8507 8421 8679 7387
8466 8387 8696 7431
8519 8435 8668 7439
8473 8374 8720 7450
8468 8433 8675 7404
8496 8437 8656 7384
8524 8443 8658 7321
8479 8445 8673 7304
8484 8528 8648 7394
8455 8497 8695 7358
8486 8491 8659 7306
8452 8420 8718 7312
8437 8430 8737 7338
8441 8408 8743 7324
8403 8493 8753 7451
8417 8546 8683 7379
8395 8456 8754 7356
8429 8527 8695 7350
8444 8517 8676 7324
8447 8582 8641 7402
8457 8564 8637 7488
8470 8512 8671 7496
8436 8549 8656 7410
8421 8559 8675 7436
8401 8419 8760 7419
8408 8551 8705 7470
8406 8477 8712 7438
8466 8482 8680 7456
8463 8544 8654 7421
8489 8558 8611 7398
8446 8562 8639 7440
8443 8565 8620 7418
8467 8583 8619 7437
8493 8597 8576 7414
8508 8542 8604 7429
8499 8537 8617 7421
8545 8598 8565 7410
8479 8608 8603 7426
8472 8594 8609 7390
8457 8604 8628 7416
8454 8539 8663 7338
8458 8578 8628 7354
8431 8572 8658 7466
8476 8633 8574 7406
8461 8587 8580 7447
8461 8536 8663 7518
8400 8495 8712 7465
8434 8566 8653 7459
8435 8570 8626 7452
8430 8566 8663 7460
8396 8495 8722 7466
8415 8547 8692 7494
8375 8510 8713 7501
8427 8465 8722 7524
8485 8502 8652 7470
8488 8537 8644 7493
8428 8532 8676 7475
8413 8542 8695 7501
8382 8471 8728 7486
8442 8476 8696 7504
8435 8430 8710 7502
8466 8501 8677 7517
8420 8513 8677 7529
8360 8508 8709 7511
8364 8547 8674 7527
8333 8476 8707 7512
8353 8541 8697 7584
8418 8559 8647 7504
8370 8610 8662 7486
8408 8561 8640 7504
8408 8625 8609 7540
8414 8610 8603 7506
8411 8625 8583 7519
8375 8627 8569 7542
8406 8634 8567 7521
8370 8623 8606 7550
8367 8623 8632 7571
8376 8589 8644 7549
8318 8575 8685 7559
8308 8525 8698 7541
8368 8530 8666 7559
8365 8495 8674 7536
8365 8559 8643 7572
8362 8549 8674 7499
8381 8564 8676 7496
8316 8628 8643 7504
8272 8626 8661 7490
8310 8670 8609 7477
8291 8655 8607 7480
8276 8665 8626 7506
8306 8697 8602 7484
8327 8725 8623 7464
8325 8726 8548 7474
8327 8661 8654 7428
8296 8654 8656 7449
8279 8699 8604 7503
8274 8695 8641 7511
8241 8659 8668 7648
8278 8700 8602 7505
8281 8700 8576 7484
8272 8734 8564 7506
8266 8745 8649 7606
8275 8755 8564 7482
8290 8745 8545 7456
8285 8805 8551 7500
8279 8635 8635 7467
8264 8677 8708 7612
8277 8695 8615 7490
8276 8704 8643 7444
8292 8741 8609 7449
8306 8679 8665 7427
8291 8750 8637 7403
8260 8679 8670 7388
8267 8738 8631 7466
8282 8728 8612 7440
8340 8659 8587 7426
8355 8684 8528 7433
8337 8715 8614 7398
8303 8644 8673 7404
8304 8623 8662 7457
8301 8588 8670 7434
8335 8659 8611 7428
8352 8639 8673 7431
8292 8634 8705 7413
8270 8657 8700 7420
8239 8586 8733 7405
8198 8600 8722 7432
8204 8616 8715 7503
8203 8565 8736 7431
8164 8529 8781 7438
8180 8569 8769 7484
8190 8545 8751 7447
8250 8550 8719 7465
8247 8515 8727 7442
8281 8586 8668 7436
8282 8512 8717 7419
8285 8547 8709 7442
8225 8542 8741 7424
8153 8537 8767 7485
8195 8559 8750 7458
8213 8596 8712 7468
8199 8678 8674 7541
8139 8626 8725 7468
8181 8628 8719 7572
8115 8552 8724 7492
8115 8667 8714 7475
8119 8706 8679 7491
8193 8693 8680 7575
8157 8683 8682 7480
8263 8710 8657 7583
8242 8593 8718 7492
8242 8754 8602 7543
8267 8749 8622 7599
8257 8725 8663 7617
8214 8627 8666 7649
8247 8708 8631 7650
8219 8702 8629 7713
8255 8713 8590 7684
8271 8685 8643 7562
8230 8693 8661 7618
8310 8288 8813 7903
8306 8339 8714 7874
8326 8348 8710 7785
8433 8369 8727 7734
8283 8266 8753 7933
8298 8403 8744 7845
8304 8240 8914 7821
8349 8155 8819 7945
8289 8329 8748 7903
8278 8215 8926 7898
8308 8241 8836 7948
8265 8229 8947 7780
8351 8327 8765 7883
8274 8344 8743 7868
8314 8354 8815 7730
8255 8186 8842 7919
8344 8261 8812 7684
8382 8275 8798 7752
8326 8280 8862 7762
8341 8305 8834 7725
8371 8380 8852 7675
8273 8275 8900 7773
8262 8181 8930 7870
8308 8242 8878 7859
8248 8242 8828 7919
8247 8270 8938 7826
8420 8377 8741 7753
8072 8322 8914 7829
8262 8280 8857 7877
8219 8297 8939 7784
8250 8256 8928 7785
8359 8415 8669 7890
8340 8309 8885 7660
8245 8539 8766 7660
8236 8341 8975 7776
8254 7977 8901 7983
8420 8387 8723 7727
8355 8293 8799 7705
8237 8260 8758 7975
8356 8257 8648 8027
8411 8331 8733 7845
8233 8274 8745 7998
8325 8186 8681 8012
8360 8324 8672 7930
8251 8307 8805 7901
8293 8271 8901 7676
8246 8342 8738 7943
8247 8192 8985 7770
8301 8247 8790 7908
8312 8346 8871 7812
8285 8139 8793 8004
8289 8295 8780 7891
8244 8202 8807 8022
8268 8388 8702 7895
8336 8375 8763 7759
8339 8390 8781 7724
8360 8243 8661 8004
8304 8336 8633 7983
8270 8408 8576 8007
8203 8421 8528 7963
8401 8358 8777 7737
8428 8339 8736 7706
8382 8436 8711 7748
8431 8308 8754 7726
8425 8259 8791 7724
8424 8364 8740 7726
8315 8322 8609 7974
8371 8247 8629 8001
8189 8423 8530 7982
8391 8250 8659 7983
8368 8276 8758 7917
8329 8344 8796 7704
8328 8113 8864 7931
8285 8247 8823 7901
8409 8280 8690 7852
8359 8331 8702 7854
8367 8194 8842 7849
8482 8176 8786 7867
8390 8251 8744 7862
8395 8169 8711 7936
8171 8433 8529 8000
8294 8155 8814 7975
8348 8199 8738 7958
8174 8312 8767 7877
8299 8107 8780 7972
8271 8423 8694 7918
8310 8378 8679 7890
8103 8431 8774 7917
8250 8328 8751 7920
8083 8366 8784 7845
8133 8369 8723 7861
8430 8176 8755 7876
8253 8246 8791 7911
8229 8235 8780 7982
8433 8367 8604 7849
8416 8466 8535 7933
8498 8335 8493 7877
8448 8357 8585 7823
8297 8304 8845 7862
8475 8357 8494 7870
8462 8315 8752 7705
8246 8308 8768 7876
8295 8362 8772 7851
8267 8332 8777 7830
8442 8275 8795 7614
8272 8411 8812 7736
8225 8463 8760 7669
8271 8524 8708 7658
8243 8458 8746 7696
8279 8469 8707 7667
8260 8440 8761 7677
8249 8445 8800 7653
8229 8457 8765 7666
8287 8380 8818 7693
8350 8337 8782 7678
8321 8330 8836 7698
8346 8329 8786 7684
8346 8253 8861 7672
8370 8287 8810 7722
8409 8269 8805 7668
8418 8315 8777 7724
8336 8326 8838 7709
8368 8246 8819 7679
8375 8198 8864 7674
8397 8233 8822 7827
8432 8259 8807 7604
8427 8232 8835 7669
8439 8211 8852 7599
8473 8282 8793 7593
8482 8322 8829 7583
8404 8260 8814 7599
8435 8331 8781 7614
8483 8335 8773 7610
8479 8287 8837 7560
8439 8252 8853 7559
8424 8296 8907 7592
8443 8241 8880 7561
8396 8332 8892 7583
8399 8250 8840 7594
8398 8195 8903 7627
8365 8243 8868 7636
8323 8227 8900 7631
8395 8275 8844 7614
8410 8278 8811 7637
8379 8271 8813 7658
8320 8260 8933 7668
8300 8289 8887 7672
8281 8263 8926 7764
8285 8314 8869 7813
8326 8315 8853 7751
8319 8272 8898 7685
8277 8322 8883 7827
8193 8387 8831 7729
8213 8380 8883 7700
8164 8375 8875 7703
8251 8369 8857 7722
8208 8320 8888 7777
8258 8250 8959 7766
8262 8289 8924 7782
8233 8356 8915 7764
8257 8243 8928 7775
8279 8215 8973 7811
8264 8267 8935 7723
8367 8382 8761 7738
8320 8349 8815 7752
8377 8309 8785 7691
8477 8305 8733 7679
8471 8320 8739 7713
8440 8249 8772 7698
8457 8263 8771 7742
8436 8304 8755 7677
8418 8267 8793 7667
8433 8305 8758 7698
8387 8308 8779 7745
8389 8306 8774 7738
8420 8313 8772 7717
8458 8328 8753 7732
8427 8257 8786 7717
8430 8292 8778 7740
8416 8348 8758 7711
8382 8372 8742 7712
8336 8311 8794 7723
8375 8422 8717 7712
8360 8432 8736 7738
8370 8397 8779 7703
8329 8374 8793 7714
8320 8299 8827 7829
8338 8310 8803 7711
8351 8204 8831 7737
8431 8214 8772 7838
8448 8270 8750 7766
8465 8250 8715 7822
8504 8228 8773 7772
8460 8246 8752 7830
8378 8146 8883 7852
8342 8233 8817 7857
8374 8191 8860 7738
8401 8242 8754 7873
8358 8202 8801 7846
8387 8253 8785 7841
8358 8266 8770 7882
8367 8239 8815 7743
8365 8246 8801 7759
8327 8269 8798 7770
8393 8263 8760 7859
8289 8258 8817 7880
8396 8217 8782 7861
8415 8181 8833 7791
8400 8143 8805 7823
8423 8104 8824 7846
8429 8126 8770 7903
8455 8167 8851 7804
8411 8267 8764 7809
8388 8236 8797 7863
8373 8172 8821 7894
8356 8179 8826 7893
8327 8195 8803 7867
8221 8284 8800 7957
8261 8222 8842 7888
8244 8252 8974 7911
8327 8220 8798 7931
8339 8307 8698 7912
8339 8338 8661 7951
8349 8158 8747 7954
8356 8193 8679 7991
8331 8270 8660 7964
8426 8204 8696 7915
8284 8199 8781 7970
8382 8275 8640 7954
8391 8209 8783 7904
8502 8081 8786 7818
8437 8294 8648 7897
8487 8216 8646 7784
8541 8266 8624 7803
8559 8206 8658 7766
8559 8187 8693 7829
8465 8186 8746 7786
8422 8274 8671 7785
8476 8209 8666 7774
8447 8275 8665 7771
8418 8276 8768 7799
8475 8216 8669 7884
8377 8211 8786 7910
8420 8065 8802 7922
8380 8093 8823 7857
8379 8093 8868 7899
8374 7996 8937 7915
8367 8055 8842 7972
8416 8232 8735 7847
8399 8217 8756 7840
8407 8178 8756 7856
8426 8091 8778 7880
8460 8162 8719 7874
8433 8197 8753 7901
8458 8218 8693 7886
8351 8257 8725 7958
8302 8108 8776 8014
8264 8292 8760 7974
8324 8308 8694 7930
8300 8297 8668 7967
8371 8269 8673 7920
8398 8301 8675 7919
8335 8290 8725 7901
8386 8263 8599 7974
8391 8254 8699 7906
8359 8240 8568 8009
8315 8281 8634 7973
8386 8272 8570 8008
8342 8313 8636 7972
8309 8374 8706 7897
8402 8113 8725 7936
8351 8258 8695 7951
8272 8427 8667 7911
8364 8162 8713 7957
8329 8225 8646 8028
8377 8185 8668 7952
8360 8232 8644 8007
8369 8159 8674 7938
8376 8103 8688 7938
8342 8265 8699 7935
8397 8095 8663 7953
8360 8179 8692 7968
8382 8078 8730 7940
8288 8332 8751 7883
8353 8229 8667 7968
8435 8119 8752 7932
8289 8336 8724 7876
8403 8232 8606 7984
8440 8098 8699 7912
8449 8293 8554 7973
8327 8266 8695 7953
8460 8238 8555 7963
8389 8058 8804 7943
8324 8225 8723 7959
8491 8245 8553 7942
8380 8018 8803 7980
8497 8230 8547 7908
8482 8240 8566 7934
8432 8237 8627 7918
8381 8175 8707 7906
8332 8383 8667 7891
8426 8252 8633 7952
8384 8210 8699 7929
8395 8181 8666 7937
8395 8245 8635 7973
8391 8474 8574 7870
8335 8091 8854 7992
8345 8192 8761 7938
8319 8526 8623 7770
8361 8233 8685 7940
8362 8231 8686 7944
8433 8510 8526 7768
8382 8227 8703 7917
8358 8245 8673 7967
8395 8197 8698 7936
8364 8230 8667 7933
8378 8483 8566 7801
8383 8268 8636 7931
8276 8489 8661 7832
8465 8232 8680 7874
8441 8194 8677 7889
8456 8219 8618 7896
8344 8007 8842 8009
8473 8208 8674 7860
8297 8026 8894 7985
8455 8280 8608 7896
8510 8256 8595 7847
8314 8599 8574 7632
8429 8221 8719 7903
8470 8270 8589 7870
8276 8592 8589 7660
8444 8238 8662 7897
8271 8559 8613 7678
8341 7973 8860 7931
8274 8594 8605 7701
8403 8223 8707 7903
8421 8260 8669 7913
8221 8585 8625 7720
8432 8185 8660 7932
8332 8056 8862 7969
8238 8592 8514 7702
8453 8227 8615 7946
8435 8261 8575 7933
8389 8265 8560 7941
8432 8288 8601 7903
8307 8050 8874 7954
8414 8669 8562 7671
8426 8322 8563 7904
8318 8030 8934 7913
8398 8256 8601 7942
8387 8279 8555 7944
8318 8570 8640 7602
8452 8272 8475 7934
8452 8231 8452 7971
8263 8616 8563 7601
8481 8228 8426 7954
8463 8191 8464 7944
8446 8202 8408 7980
8268 8631 8550 7677
8419 8212 8412 7998
8394 8201 8426 8018
8387 8166 8475 7985
8390 8201 8467 8008
8359 8194 8469 8029
8400 8228 8452 7985
8262 8528 8669 7736
8422 8253 8384 7992
8228 8529 8639 7720
8450 8219 8410 7977
8404 8158 8462 7988
8247 8570 8567 7718
8401 8158 8488 8009
8225 8546 8575 7723
8398 8123 8496 7986
8288 8118 8781 7984
8435 8134 8497 7974
8233 8048 8837 8007
8252 8544 8606 7794
8426 8075 8497 7978
8486 8080 8465 7996
8253 8047 8854 8046
8153 8472 8673 7767
8458 8050 8470 7975
8150 8431 8701 7773
8492 8121 8411 7969
8273 8465 8675 7781
8461 8114 8413 7990
8488 8146 8415 7989
8467 8104 8460 7975
8362 8512 8641 7794
8498 8111 8458 7954
8509 8105 8516 7884
8258 8423 8735 7801
8526 8199 8502 7903
8273 8113 8859 7961
8221 8424 8731 7806
8494 8302 8534 7920
8224 8352 8794 7807
8544 8224 8475 7900
8204 8359 8786 7770
8547 8187 8521 7846
8222 8396 8748 7780
8565 8177 8479 7858
8206 8358 8774 7755
8581 8238 8521 7797
8360 8009 8856 7970
8192 8352 8859 7811
8556 8317 8543 7836
8192 8360 8777 7761
8586 8239 8569 7769
8372 8044 8827 7946
8534 8254 8654 7776
8533 8276 8630 7784
8168 8383 8777 7753
8566 8150 8672 7766
8152 8358 8860 7724
8242 8344 8911 7686
8507 8125 8775 7819
8529 8196 8802 7764
8389 7980 8758 7985
8385 7941 8793 7969
8522 8361 8619 7767
8366 8037 8811 8008
8159 8405 8899 7687
8380 8072 8721 7996
8106 8388 8902 7636
8548 8248 8582 7741
8346 8073 8691 7980
8154 8456 8863 7668
8572 8269 8626 7710
8377 8080 8689 7959
8120 8457 8833 7652
8552 8223 8578 7721
8347 8048 8769 7987
8141 8499 8788 7666
8568 8230 8661 7694
8113 8433 8826 7704
8096 8436 8832 7687
8378 8197 8748 7931
8062 8365 8891 7693
8106 8412 8884 7767
8533 8233 8671 7717
8094 8379 8886 7750
8121 8411 8888 7749
8410 8050 8779 7958
8082 8348 8935 7748
8424 8075 8762 7956
8062 8360 8900 7761
8382 8013 8730 7968
8155 8296 8898 7830
8250 8239 8963 7873
8510 8126 8771 7861
8286 8250 8924 7844
8186 8303 8896 7809
8173 8236 8991 7795
8158 8353 8829 7795
8541 8263 8593 7826
8189 8360 8827 7774
8271 8101 8778 8035
8268 8037 8835 8020
8564 8253 8509 7788
8176 8306 8897 7782
8367 8023 8850 8006
8258 8051 8817 8038
8261 8051 8791 8017
8307 8112 8739 8006
8310 8071 8808 8006
8247 8204 8971 7850
8220 8260 8937 7853
8237 8058 8784 8026
8293 8114 8779 7983
8564 8259 8518 7784
8143 8320 8912 7777
8540 8243 8507 7846
8284 8148 8821 7958
8142 8316 8939 7784
8585 8263 8488 7729
8607 8287 8480 7724
8599 8261 8486 7710
8193 8148 8825 8053
8635 8240 8449 7719
8125 8353 8906 7777
8620 8213 8523 7755
8266 8169 8845 7961
8146 8395 8861 7791
8608 8255 8569 7714
8111 8346 8888 7790
8249 8142 8801 7978
8642 8262 8541 7672
8661 8351 8483 7657
8143 8357 8910 7678
8608 8191 8600 7678
8294 8257 8729 7941
8115 8352 8948 7656
8316 8293 8696 7917
8156 8315 8976 7632
8611 8255 8543 7693
8139 8251 9002 7626
8598 8261 8586 7682
8233 8219 8764 8074
8195 8262 8989 7829
8603 8265 8549 7674
8307 8306 8703 7952
8603 8201 8580 7638
8238 8255 8973 7636
8271 8267 8717 7952
8595 8226 8594 7659
8230 8209 8795 8001
8249 8200 8974 7626
8599 8265 8559 7675
8215 8219 8814 8027
8258 8266 8936 7612
8186 8222 8840 8044
8248 8346 8925 7637
8184 8148 8847 8012
8564 8272 8548 7719
8558 8333 8465 7717
8210 8221 8760 8014
8186 8380 8886 7610
8202 8153 8812 8061
8537 8314 8545 7711
8253 8350 8888 7629
8198 8162 8784 8082
8526 8281 8626 7722
8183 8172 8803 8108
8526 8310 8577 7714
8149 8101 8862 8114
8153 8140 8827 8130
8331 8343 8873 7682
8557 8317 8575 7693
8159 8125 8821 8096
8530 8337 8637 7712
8193 8196 8762 8090
8162 8189 8764 8111
8183 8183 8782 8088
8567 8304 8612 7711
8162 8141 8827 8074
8200 8092 8839 8053
8216 8240 8977 7754
8530 8273 8668 7676
8227 8124 8841 8052
8190 8068 8880 8071
8183 8124 8866 8071
8198 8114 8847 8045
8156 8092 8864 8072
8153 8092 8890 8093
8125 8056 8915 8101
8152 8088 8917 8100
8122 8047 8905 8157
8143 8089 8860 8171
8108 8040 8887 8170
8543 8194 8589 7786
8136 8101 8885 8112
8589 8255 8537 7775
8115 8059 8930 8098
8554 8206 8564 7774
8143 8125 8892 8060
8575 8248 8519 7788
8109 8126 8862 8044
8128 8237 8999 7638
8098 8149 8816 8046
8131 8272 8991 7661
8143 8189 8798 8056
8135 8250 8997 7647
8551 8168 8498 7865
8552 8172 8534 7855
8237 8319 8692 7969
8226 8307 8717 7981
8524 8239 8631 7812
8166 8315 8657 8001
8546 8264 8563 7819
8236 8279 8692 8019
8201 8361 8898 7673
8525 8116 8752 7835
8241 8297 8698 7955
8243 8313 8897 7642
8564 8128 8630 7793
8563 8202 8581 7810
8574 8196 8639 7740
8225 8229 8807 7973
8216 8284 8748 7994
8503 8205 8640 7785
8263 8336 8906 7611
8523 8191 8784 7765
8255 8291 8772 7915
8527 8241 8656 7767
8531 8219 8662 7753
8224 8284 8774 7936
8251 8252 8907 7900
8500 8203 8615 7830
8493 8259 8601 7830
8252 8251 8938 7725
8288 8265 8881 7747
8487 8199 8644 7795
8485 8201 8649 7802
8492 8195 8643 7801
8298 8206 8788 7957
8488 8209 8630 7824
8545 8215 8579 7803
8517 8209 8577 7866
8553 8220 8538 7837
8511 8155 8513 7892
8513 8153 8508 7885
8331 8220 8797 7936
8308 8178 8909 7823
8541 8189 8483 7877
8352 8168 8823 7903
8293 8188 8928 7849
8360 8129 8789 7913
8259 8117 8987 7855
8532 8305 8545 7873
8310 8126 8850 7897
8252 8165 8942 7860
8559 8248 8464 7881
8258 8150 8936 7826
8534 8236 8433 7911
8517 8239 8439 7894
8331 8239 8759 7927
8193 8134 8997 7860
8574 8238 8445 7855
8568 8253 8451 7889
8530 8238 8470 7874
8220 8216 8958 7929
8515 8248 8489 7900
8255 8224 8839 7897
8501 8298 8547 7894
8286 8324 8757 7904
8258 8288 8782 7912
8506 8434 8529 7847
8270 8272 8843 7863
8336 8211 8789 7886
8456 8319 8525 7872
8367 8218 8787 7865
8280 8262 8848 7836
8446 8417 8544 7908
8333 8147 8846 7871
8450 8403 8557 7885
8337 8195 8782 7921
8299 8131 8813 7949
8271 8238 8905 7861
8475 8427 8531 7868
8339 8217 8776 7953
8501 8459 8514 7801
8304 8127 8782 7970
8265 8272 8867 7862
8491 8354 8621 7788
8278 8142 8840 7972
8226 8142 8809 7981
8272 8203 8757 7970
8438 8390 8592 7837
8510 8464 8501 7809
8319 8248 8743 7971
8259 8227 8938 7824
8472 8525 8465 7777
8267 8248 8712 7980
8259 8236 8909 7858
8552 8453 8524 7734
8264 8248 8738 8001
8240 8223 8757 7988
8243 8264 8729 7982
8243 8223 8706 8019
8205 8272 8694 8040
8181 8155 8997 7895
8516 8416 8660 7626
8241 8283 8655 8011
8179 8157 9002 7902
8195 8222 8707 8022
8177 8126 9008 7866
8247 8222 8738 8013
8225 8201 8982 7899
8264 8283 8662 7990
8223 8260 8911 7832
8569 8489 8468 7714
8286 8264 8748 7938
8584 8380 8490 7648
8238 8314 8861 7842
8590 8433 8498 7587
8227 8337 8815 7844
8594 8517 8425 7618
8181 8276 8867 7855
8595 8351 8681 7503
8212 8283 8865 7834
8597 8400 8610 7555
8191 8291 8890 7819
8648 8436 8576 7512
8656 8456 8429 7524
8400 8273 8706 7879
8644 8519 8455 7479
8194 8276 8950 7831
8390 8338 8700 7833
8191 8276 8976 7852
8562 8483 8571 7563
8356 8267 8759 7839
8223 8271 8941 7819
8320 8256 8798 7868
8324 8295 8763 7884
8320 8309 8750 7907
8318 8238 8807 7904
8266 8285 8923 7823
8352 8309 8748 7898
8284 8280 8879 7765
8332 8259 8774 7822
8293 8246 8891 7743
8614 8365 8635 7518
8392 8264 8742 7840
8295 8244 8886 7736
8414 8288 8734 7835
8635 8455 8483 7435
8348 8298 8772 7851
8375 8376 8775 7719
8667 8300 8617 7460
8376 8304 8758 7851
8335 8339 8796 7726
8686 8386 8553 7466
8396 8319 8747 7827
8636 8264 8668 7489
8340 8373 8854 7696
8636 8336 8646 7534
8396 8191 8816 7832
8337 8363 8885 7623
8402 8245 8775 7761
8368 8434 8852 7638
8411 8190 8834 7740
8383 8424 8833 7612
8613 8439 8586 7535
8429 8227 8796 7750
8398 8449 8774 7619
8405 8393 8788 7619
8415 8247 8803 7737
8401 8345 8815 7552
8406 8302 8744 7758
8416 8399 8765 7562
8388 8265 8782 7748
8458 8343 8817 7580
8655 8363 8570 7508
8688 8387 8473 7618
8427 8279 8842 7576
8680 8370 8446 7668
8510 8167 8856 7774
8719 8370 8401 7600
8383 8236 8912 7543
8458 8214 8781 7731
8365 8261 8925 7568
8679 8186 8396 7736
8411 8142 8868 7775
8702 8189 8450 7727
8417 8307 8853 7537
8432 8297 8834 7511
8697 8261 8375 7711
8425 8345 8789 7516
8697 8190 8434 7642
8418 8310 8838 7483
8403 8320 8857 7509
8392 8236 8756 7873
8354 8299 8899 7551
8385 8370 8866 7566
8351 8299 8925 7572
8351 8363 8894 7608
8717 8145 8476 7673
8386 8239 8764 7897
8354 8363 8868 7587
8345 8397 8856 7609
8374 8331 8857 7612
8324 8204 8808 7894
8405 8338 8855 7591
8342 8241 8770 7904
8420 8328 8836 7565
8427 8272 8850 7565
8657 8140 8508 7655
8383 8348 8868 7588
8375 8137 8793 7878
8356 8316 8866 7589
8375 8201 8762 7914
8351 8165 8746 7932
8372 8296 8876 7601
8393 8187 8729 7905
8393 8225 8940 7577
8427 8258 8670 7899
8448 8187 8734 7875
8384 8280 8881 7598
8380 8294 8868 7621
8371 8136 8782 7913
8389 8260 8880 7599
8411 8173 8761 7906
8338 8190 8935 7609
8380 8102 8794 7891
8707 8192 8398 7673
8384 8141 8759 7907
8395 8160 8911 7604
8374 8231 8847 7628
8664 8237 8423 7702
8479 8119 8773 7882
8364 8189 8916 7634
8457 8128 8764 7872
8343 8195 8898 7657
8404 8080 8792 7864
8333 8118 8949 7619
8435 8087 8790 7843
8460 8097 8866 7774
8360 8150 8951 7618
8656 8203 8490 7799
8394 8221 8892 7612
8334 8216 8924 7594
8338 8255 8889 7610
8300 8195 8943 7596
8461 8145 8807 7791
8331 8216 8904 7635
8327 8177 8939 7619
8360 8176 8886 7696
8323 8120 8923 7632
8483 8135 8854 7775
8354 8191 8890 7647
8633 8269 8421 7814
8470 8157 8832 7778
8413 8139 8894 7808
8629 8171 8488 7800
8454 8190 8770 7779
8378 8082 8914 7816
8407 8150 8872 7663
8486 8156 8747 7785
8478 8117 8824 7781
8379 8212 8840 7686
8661 8179 8473 7671
8403 8186 8852 7735
8396 8242 8838 7735
8525 8157 8837 7748
8421 8181 8808 7677
8434 8112 8880 7633
8618 8154 8677 7737
8465 8183 8847 7648
8427 8168 8866 7633
8384 8162 8859 7645
8698 8150 8485 7711
8531 8093 8773 7762
8415 8169 8857 7624
8552 8138 8737 7698
8422 8113 8871 7624
8545 8103 8786 7665
8436 8077 8951 7781
8549 8151 8722 7715
8412 8113 8895 7782
8452 8101 8898 7662
8678 8108 8544 7708
8474 8046 8864 7638
8704 8169 8450 7614
8478 8010 8884 7566
8662 8173 8492 7580
8553 8073 8766 7815
8527 8032 8843 7685
8683 8160 8504 7737
8475 7975 8892 7543
8651 8331 8512 7637
8491 8091 8862 7750
8466 7977 8886 7549
8449 8064 8913 7781
8628 8265 8458 7822
8457 7924 8904 7519
8545 8069 8805 7695
8488 7995 8871 7534
8459 7955 8898 7555
8476 8019 8872 7561
8460 8020 8895 7735
8672 8242 8382 7736
8504 8072 8869 7478
8484 8104 8880 7453
8663 8262 8345 7695
8538 8118 8778 7736
8464 8039 8890 7381
8547 8184 8740 7722
8549 8073 8864 7454
8683 8359 8440 7629
8486 8033 8877 7407
8498 8032 8886 7416
8617 8316 8374 7689
8606 8237 8761 7533
8595 8340 8319 7731
8583 8181 8787 7417
8613 8020 8784 7445
8599 8376 8410 7710
8645 8160 8736 7461
8424 8096 8884 7789
8597 8316 8422 7758
8428 8135 8849 7805
8582 7949 8817 7430
8585 7984 8809 7453
8568 8382 8421 7755
8584 8479 8481 7688
8583 8144 8805 7448
8515 8107 8850 7730
8568 8105 8778 7459
8515 8171 8819 7766
8549 8034 8801 7799
8470 8100 8879 7749
8449 8171 8815 7773
8586 8172 8780 7447
8603 8508 8427 7678
8415 8100 8874 7779
8398 8111 8818 7815
8590 8057 8779 7468
8518 8522 8444 7730
8603 8100 8727 7727
8528 8555 8418 7656
8640 8151 8763 7412
8347 8075 8916 7837
8381 8146 8857 7831
8649 8162 8733 7427
8412 8153 8855 7810
8498 8420 8608 7665
8369 8092 8901 7734
8617 8210 8745 7456
8389 8157 8891 7806
8628 8370 8415 7677
8379 8090 8926 7774
8413 8161 8867 7768
8382 8090 8900 7753
8420 8105 8881 7768
8433 8042 8959 7758
8393 8007 8975 7757
8398 7970 8983 7760
8528 8597 8368 7680
8385 8000 8988 7741
8439 8053 8922 7716
8386 8048 8960 7727
8388 8046 8955 7720
8406 8083 8917 7730
8560 8224 8794 7406
8457 8581 8395 7767
8361 8018 8918 7806
8300 8033 8924 7812
8609 8208 8768 7325
8474 8452 8556 7831
8306 8052 8953 7794
8617 8246 8696 7454
8271 8003 8980 7793
8292 8045 8935 7807
8633 8199 8718 7417
8266 7966 8970 7837
8503 8642 8343 7756
8270 8005 8935 7853
8423 8638 8336 7817
8283 7981 8961 7912
8490 8504 8535 7802
8320 8037 8922 7893
8371 8491 8291 7966
8324 8015 8928 7879
8369 8488 8542 7802
8314 7991 8969 7897
8591 8272 8753 7532
8371 7961 8945 7892
8405 8032 8886 7886
8345 8027 8918 7868
8349 8066 8883 7884
8610 8276 8726 7549
8307 8050 8915 7879
8585 8308 8697 7557
8307 8114 8884 7915
8300 8119 8885 7924
8282 8146 8855 7923
8303 8090 8908 7911
8286 8121 8851 7903
8272 8083 8910 7932
8412 8528 8303 7827
8252 8114 8879 7945
8569 8171 8771 7484
8374 8508 8272 7857
8547 8118 8809 7421
8397 8512 8512 7791
8401 8613 8404 7810
8300 8055 8916 7888
8303 8119 8859 7903
8334 8126 8857 7882
8335 8052 8906 7865
8545 8318 8805 7439
8339 8091 8871 7881
8352 8061 8866 7900
8348 8022 8901 7884
8384 8033 8862 7855
8388 8072 8827 7871
8375 8014 8840 7988
8368 8005 8862 7930
8389 7994 8835 7907
8560 8228 8778 7386
8519 8484 8487 7798
8425 8040 8760 7932
8556 8345 8719 7480
8383 8018 8777 7959
8414 8025 8775 7938
8380 7954 8834 7944
8563 8318 8710 7514
8578 8356 8700 7384
8585 8313 8702 7341
8401 8523 8576 7744
8390 8004 8821 7962
8617 8320 8665 7411
8361 8076 8810 7921
8346 8086 8829 7947
8299 8024 8889 7978
8593 8361 8645 7539
8336 7952 8883 7991
8567 8387 8666 7494
8332 7966 8870 8014
8559 8348 8711 7479
8506 8324 8767 7516
8529 8325 8769 7359
8282 8035 8833 8014
8561 8402 8655 7369
8330 8095 8856 7993
8343 8087 8842 7974
8295 8027 8819 7995
8322 8059 8821 7994
8291 8052 8823 8015
8280 8075 8777 8017
8287 8019 8791 8017
8284 8019 8817 8038
8581 8307 8710 7567
8238 7958 8869 8049
8269 7965 8867 8028
8317 7957 8943 7978
8490 8341 8763 7352
8266 7964 8871 7986
8562 8383 8703 7502
8419 8446 8594 7777
8519 8302 8726 7592
8387 8449 8578 7779
8317 7893 8974 7942
8529 8316 8735 7501
8387 8513 8515 7799
8351 7964 8915 7936
8299 7904 8975 7944
8290 7959 8916 7965
8378 8427 8586 7902
8319 7893 8917 7968
8408 8456 8551 7860
8316 7893 8943 7989
8320 7879 8956 7966
8322 7897 8923 7948
8567 8228 8773 7304
8340 7861 8925 7924
8552 8238 8792 7330
8395 8424 8580 7919
8377 7917 8886 7905
8521 8167 8825 7315
8421 7882 8900 7916
8581 8172 8793 7333
8455 7918 8817 7897
8318 8452 8641 7914
8442 7876 8918 7893
8427 7932 8848 7883
8630 8157 8762 7305
8614 8212 8731 7317
8667 8214 8690 7392
8442 7924 8855 7930
8411 8414 8552 7883
8390 7924 8824 7939
8662 8210 8727 7400
8405 8479 8555 7812
8427 7980 8785 7920
8646 8120 8775 7293
8400 8430 8652 7821
8396 7973 8787 7941
8624 8130 8779 7278
8424 8034 8785 7883
8639 8102 8789 7297
8503 8483 8489 7800
8435 7959 8776 7902
8440 7976 8814 7887
8429 8051 8823 7868
8392 7995 8862 7887
8645 8086 8773 7333
8401 8061 8824 7873
8380 8069 8849 7858
8637 8094 8790 7339
8383 8110 8821 7852
8614 8089 8769 7446
8436 8096 8810 7827
8561 8023 8830 7418
8390 8035 8862 7838
8596 8166 8776 7401
8570 8098 8819 7436
8396 8072 8822 7847
8420 8108 8838 7829
8281 8541 8580 7777
8385 8059 8865 7828
8402 8064 8836 7834
8429 8096 8838 7833
8411 8573 8563 7762
8433 8074 8844 7819
8437 8113 8809 7835
8444 8057 8823 7835
8454 8586 8494 7758
8452 8054 8802 7852
8479 8086 8804 7851
8534 8044 8820 7825
8503 8058 8804 7814
8677 8200 8708 7374
8484 8056 8813 7821
8742 8099 8699 7413
8453 7985 8846 7806
8703 8165 8678 7298
8696 8147 8724 7289
8509 8024 8842 7813
8531 8048 8834 7808
8727 8203 8647 7390
8366 8600 8342 7830
8534 8048 8808 7787
8680 8157 8726 7438
8507 8012 8818 7826
8674 8112 8734 7267
8673 8173 8730 7291
8667 8126 8766 7317
8685 8037 8725 7286
8541 8037 8822 7782
8707 8140 8712 7442
8545 8076 8787 7798
8507 8061 8806 7783
8635 8129 8765 7282
8599 8086 8795 7290
8539 8137 8719 7753
8699 8126 8713 7282
8524 8147 8738 7779
8703 8179 8671 7436
8493 8140 8740 7800
8485 8148 8754 7814
8464 8106 8799 7800
8495 8113 8797 7779
8502 8057 8811 7779
8548 8118 8759 7768
8520 8082 8784 7776
8541 8124 8739 7790
8639 8168 8730 7298
8549 8116 8725 7776
8585 8127 8686 7747
8581 8088 8721 7731
8643 8141 8754 7313
8566 8098 8740 7757
8563 8063 8748 7734
8572 8029 8760 7712
8638 8091 8791 7266
8572 8093 8729 7748
8585 8104 8710 7788
8568 8107 8716 7771
8720 8158 8663 7420
8616 8111 8708 7767
8672 8130 8729 7309
8575 8057 8739 7734
8571 8071 8726 7757
8650 8026 8767 7289
8587 7983 8752 7763
8642 8021 8808 7255
8596 8049 8714 7749
8642 8085 8777 7291
8633 8055 8825 7323
8567 7918 8762 7691
8645 8056 8800 7278
8617 7921 8701 7707
8626 8024 8850 7220
8654 7977 8662 7688
8630 8063 8815 7236
8627 7954 8631 7723
8602 8057 8813 7299
8618 7988 8619 7745
8623 8099 8768 7313
8609 7962 8603 7798
8601 8076 8580 7813
8606 8023 8823 7324
8578 7955 8605 7819
8641 8014 8608 7795
8629 7940 8609 7736
8632 8083 8578 7792
8672 8066 8760 7273
8599 7997 8560 7833
8613 7980 8536 7837
8563 7852 8539 7853
8521 7956 8606 7876
8499 7935 8630 7915
8327 8418 8653 7892
8491 7940 8614 7880
8718 8213 8634 7308
8473 7920 8649 7921
8680 8198 8653 7293
8273 8381 8701 7897
8444 7986 8648 7918
8680 8262 8622 7329
8277 8420 8666 7913
8480 8003 8658 7914
8693 8238 8648 7388
8327 8376 8692 7924
8714 8230 8623 7403
8276 8415 8665 7940
8485 7955 8620 7914
8687 8207 8592 7438
8453 7968 8664 7910
8718 8214 8590 7417
8474 8010 8619 7924
8669 8181 8670 7512
8685 8159 8696 7473
8449 7982 8651 7933
8296 8305 8725 7909
8437 7949 8653 7916
8291 8379 8693 7937
8483 8010 8601 7905
8245 8344 8698 7925
8494 7955 8602 7895
8238 8400 8684 7925
8506 7988 8600 7912
8631 8149 8695 7476
8242 8439 8649 7941
8460 7927 8652 7923
8449 7932 8691 7899
8211 8432 8651 7962
8633 8184 8726 7433
8238 8464 8653 7961
8633 8229 8676 7466
8256 8428 8655 7937
8253 8428 8681 7958
8545 7963 8575 7874
8253 8364 8712 7922
8543 7981 8538 7883
8246 8360 8716 7876
8280 8431 8657 7870
8536 7946 8587 7850
8284 8417 8670 7847
8561 7930 8561 7838
8279 8476 8625 7801
8657 8217 8635 7415
8652 8213 8672 7423
8285 8527 8593 7754
8648 8174 8707 7407
8273 8586 8561 7808
8573 7883 8576 7836
8644 8190 8728 7428
8539 7812 8635 7842
8292 8565 8523 7791
8246 8504 8575 7802
8555 7939 8532 7847
8243 8504 8601 7823
8207 8502 8569 7834
8253 8563 8517 7823
8258 8504 8525 7874
8575 8059 8520 7888
8213 8513 8519 7854
8275 8501 8519 7891
8536 7947 8586 7830
8232 8542 8465 7844
8304 8478 8529 7873
8357 8498 8558 7871
8626 7898 8629 7800
8189 8473 8549 7892
8580 7837 8681 7811
8176 8503 8554 7873
8573 7893 8667 7811
8560 8201 8786 7517
8167 8505 8564 7875
8575 7891 8662 7804
8594 8164 8766 7433
8204 8509 8547 7887
8555 8101 8813 7432
8127 8565 8496 7834
8168 8545 8508 7879
8172 8531 8521 7856
8203 8538 8519 7835
8544 8099 8808 7515
8216 8508 8514 7854
8551 7984 8535 7842
8252 8519 8475 7825
8533 7964 8566 7865
8261 8523 8457 7862
8307 8584 8405 7851
8490 7949 8608 7897
8279 8523 8407 7909
8275 8537 8394 7932
8238 8491 8450 7965
8269 8492 8472 7937
8512 7974 8540 7904
8501 7997 8494 7906
8515 7997 8467 7908
8548 8027 8518 7889
8609 8087 8470 7860
8328 8472 8456 7890
8600 7936 8486 7856
8550 7933 8547 7840
8581 8004 8514 7855
8401 8448 8423 7949
8265 8433 8364 7970
8528 7999 8552 7866
8529 7925 8601 7849
8591 8283 8701 7539
8287 8422 8441 8048
8287 8458 8296 7977
8579 8034 8516 7868
8227 8433 8436 8030
8259 8494 8281 7968
8563 8026 8522 7871
8262 8494 8255 7947
8567 8016 8562 7837
8298 8505 8216 7918
8594 8033 8520 7850
8610 8341 8662 7477
8300 8504 8291 7908
8609 8023 8501 7824
8310 8475 8374 7937
8328 8468 8306 7917
8602 8073 8476 7824
8587 8083 8495 7850
8554 8300 8675 7571
8352 8517 8287 7887
8566 8041 8540 7836
8447 8481 8494 7840
8597 8048 8538 7815
8343 8514 8393 7898
8563 7977 8597 7821
8284 8483 8450 7890
8578 8292 8731 7348
8327 8540 8287 7861
8586 7948 8534 7838
8308 8535 8418 7858
8617 7966 8549 7814
8620 8288 8689 7382
8645 8053 8573 7811
8618 8214 8696 7350
8627 8288 8668 7504
8356 8548 8237 7845
8694 8093 8433 7744
8701 8019 8576 7813
8375 8511 8248 7832
8642 8350 8638 7468
8437 8473 8298 7911
8691 8084 8570 7767
8420 8372 8308 7947
8611 8169 8511 7807
8580 8162 8513 7828
8620 8156 8745 7493
8382 8389 8347 7955
8402 8368 8317 7938
8618 8188 8509 7784
8620 8254 8656 7581
8593 8145 8548 7793
8603 8198 8528 7810
8563 8205 8512 7809
8417 8323 8372 7969
8574 8238 8478 7806
8587 8208 8473 7825
8411 8373 8304 7946
8633 8205 8452 7778
8640 8338 8629 7501
8618 8215 8471 7804
8361 8326 8343 7980
8584 8144 8530 7810
8588 8183 8495 7826
8368 8400 8339 7973
8548 8133 8569 7839
8582 8204 8510 7833
8396 8336 8292 7965
8423 8368 8294 7964
8432 8313 8353 7943
8576 8166 8526 7811
8622 8227 8474 7800
8377 8307 8346 7975
8364 8337 8351 7956
8343 8331 8423 7978
8608 8135 8529 7767
8614 8074 8612 7769
8618 8113 8577 7785
8587 8042 8610 7770
8587 8106 8579 7806
8603 8325 8630 7546
8590 8151 8589 7794
8569 8109 8634 7780
8551 8273 8644 7637
8301 8379 8419 8063
8657 7972 8583 7739
8563 8222 8703 7597
8635 8118 8567 7765
8584 8264 8658 7611
8640 8093 8563 7693
8566 8227 8696 7601
8616 8230 8635 7617
8647 8037 8577 7693
8595 8188 8680 7603
8587 8196 8694 7617
8631 8079 8602 7749
8574 8193 8708 7592
8641 8103 8561 7731
8613 8215 8667 7510
8656 8128 8502 7738
8632 8236 8677 7428
8623 8231 8690 7420
8635 8223 8565 7733
8656 8231 8667 7483
8583 8157 8562 7774
8691 8261 8593 7416
8629 8218 8510 7763
8655 8254 8647 7476
8614 8164 8560 7753
8636 8149 8614 7716
8601 8152 8624 7739
8648 8160 8710 7440
8579 8167 8570 7776
8596 8156 8626 7740
8617 8146 8776 7420
8630 8227 8567 7734
8631 8153 8616 7717
8316 8353 8531 7938
8624 8201 8571 7722
8586 8186 8590 7707
8572 8081 8771 7460
8586 8250 8559 7743
8553 8124 8769 7529
8593 8269 8602 7671
8534 8086 8800 7531
8552 8123 8762 7541
8334 8365 8411 8000
8307 8373 8403 7976
8525 8308 8651 7652
8296 8396 8357 7978
8525 8244 8682 7616
8307 8373 8328 8047
8563 8259 8663 7631
8296 8314 8458 8032
8532 8188 8696 7616
8258 8378 8356 8099
8532 8252 8665 7652
8539 8075 8812 7442
8281 8324 8477 8058
8526 8304 8689 7602
8295 8316 8426 8107
8520 8229 8734 7577
8585 8014 8789 7512
8257 8346 8394 8105
8515 8298 8712 7659
8554 7943 8822 7497
8561 8000 8809 7497
8305 8248 8391 8091
8547 8063 8777 7533
8510 8357 8667 7613
8526 8240 8720 7566
8549 8039 8802 7471
8559 8089 8789 7489
8508 8340 8680 7632
8487 8288 8729 7621
8478 8343 8670 7642
8541 8135 8796 7492
8464 8349 8667 7671
8459 8398 8633 7668
8552 8137 8807 7469
8543 8454 8625 7573
8534 8100 8845 7459
8446 8499 8605 7616
8432 8573 8576 7615
8457 8490 8573 7738
8540 8128 8805 7475
8515 8520 8560 7550
8546 8041 8846 7457
8542 8055 8833 7480
8524 8018 8871 7470
8411 8509 8594 7726
8528 8057 8836 7486
8535 8001 8850 7486
8465 8524 8547 7682
8581 8035 8816 7495
8466 8545 8536 7745
8599 7973 8787 7454
8329 8224 8404 8061
8592 8029 8773 7454
8607 8061 8757 7486
8628 8050 8730 7463
8431 8498 8577 7702
8597 8011 8770 7468
8569 8002 8818 7478
8550 7964 8849 7480
8265 8351 8353 8139
8447 8469 8601 7630
8284 8287 8317 8194
8596 8025 8797 7469
8294 8092 8312 8113
8578 7991 8775 7528
8312 8259 8292 8089
8580 7989 8770 7521
8495 8479 8572 7648
8614 8060 8711 7515
8625 8054 8769 7445
8627 8145 8721 7466
8258 8066 8375 8125
8498 8493 8649 7500
8640 8060 8718 7484
8265 8010 8389 8125
8464 8563 8592 7568
8654 8088 8729 7458
8257 8005 8430 8091
8252 8174 8450 8075
8310 8084 8496 8035
8641 8137 8699 7511
8700 8149 8677 7447
8321 8185 8481 8057
8523 8486 8543 7612
8307 8247 8453 8041
8624 8140 8705 7494
8647 8135 8744 7424
8669 8143 8701 7448
8335 8214 8451 8046
8489 8430 8609 7646
8677 8148 8660 7482
8547 8480 8636 7530
8645 8182 8683 7476
8658 8127 8694 7474
8488 8426 8630 7632
8665 8193 8646 7452
8704 8188 8642 7463
8679 8217 8571 7501
8353 8308 8401 8030
8673 8156 8666 7492
8615 8184 8688 7487
8622 8160 8726 7489
8618 8227 8679 7478
8352 8192 8479 8036
8359 8136 8493 8036
8631 8197 8674 7497
8380 8178 8448 8050
8651 8183 8680 7474
8363 8136 8451 8024
8397 8207 8392 8018
8365 8512 8615 7773
8670 8244 8628 7450
8366 8200 8394 8039
8688 8281 8590 7460
8412 8261 8342 8028
8668 8205 8584 7469
8391 8219 8387 8014
8709 8249 8547 7479
8422 8226 8385 7993
8724 8184 8534 7465
8439 8223 8379 8010
8678 8123 8586 7476
8460 8265 8334 8024
8699 8165 8541 7490
8426 8266 8304 8008
8709 8158 8574 7501
8409 8269 8310 7991
8678 8087 8607 7486
8388 8275 8292 8014
8412 8311 8308 7996
8724 8148 8555 7475
8372 8295 8282 8002
8728 8187 8520 7491
8389 8442 8294 7987
8315 8286 8376 8045
8435 8447 8604 7754
8713 8224 8543 7459
8449 8418 8624 7659
8682 8217 8545 7480
8504 8496 8548 7724
8724 8239 8528 7453
8759 8296 8508 7445
8485 8463 8626 7604
8711 8228 8547 7413
8696 8238 8566 7439
8336 8255 8389 8070
8701 8203 8580 7438
8483 8362 8692 7640
8455 8388 8637 7631
8429 8396 8654 7720
8414 8412 8640 7675
8728 8163 8622 7454
8467 8413 8610 7686
8480 8425 8622 7638
8682 8094 8731 7395
8449 8359 8686 7697
8277 8297 8556 8071
8419 8318 8674 7754
8306 8292 8506 8050
8415 8332 8661 7777
8332 8215 8482 8033
8428 8302 8656 7796
8360 8224 8434 8023
8372 8286 8352 7996
8347 8318 8323 8004
8316 8311 8325 8025
8478 8386 8591 7767
8337 8353 8280 8039
8704 8105 8720 7419
8336 8363 8262 8020
8669 8108 8730 7442
8310 8373 8302 8026
8669 8117 8701 7476
8293 8357 8355 8076
8478 8438 8569 7808
8638 8110 8703 7497
8642 8149 8668 7513
8310 8306 8302 8066
8634 8207 8675 7488
8630 8168 8710 7472
8279 8346 8272 8148
8297 8300 8263 8142
8318 8261 8228 8069
8329 8186 8219 8088
8466 8394 8547 7833
8315 8187 8355 8090
8608 8269 8747 7549
8306 8242 8296 8111
8592 8252 8711 7557
8484 8391 8556 7751
8550 8236 8743 7552
8311 8324 8290 8115
8298 8375 8218 8138
8269 8370 8220 8068
8570 8270 8755 7509
8271 8311 8291 8135
8495 8330 8709 7586
8252 8314 8270 8149
8494 8370 8693 7569
8489 8427 8687 7514
8585 8387 8631 7569
8455 8477 8545 7777
8272 8261 8337 8114
8257 8271 8356 8140
8208 8343 8425 8126
8533 8451 8586 7577
8241 8339 8358 8118
8499 8448 8562 7745
8252 8365 8461 8056
8617 8490 8500 7548
8245 8413 8416 8061
8423 8421 8590 7757
8241 8374 8451 8045
8306 8310 8484 8037
8405 8486 8556 7779
8235 8311 8458 8089
8239 8350 8423 8105
8353 8459 8593 7855
8230 8289 8525 8094
8421 8491 8565 7769
8486 8392 8695 7491
8195 8373 8430 8107
8203 8365 8416 8093
8234 8372 8414 8072
8544 8445 8644 7507
8195 8422 8465 8058
8438 8447 8578 7733
8192 8440 8425 8074
8198 8450 8439 8069
8502 8444 8588 7598
8223 8394 8471 8014
8226 8429 8463 8037
8516 8440 8557 7610
8195 8404 8535 8041
8498 8459 8576 7633
8231 8433 8426 8029
8202 8436 8452 8046
8209 8395 8440 8059
8542 8468 8541 7580
8255 8456 8388 8048
8470 8320 8638 7795
8239 8511 8375 8047
8506 8392 8576 7745
8537 8464 8578 7588
8252 8464 8356 8011
8481 8386 8565 7746
8265 8434 8351 8030
8208 8440 8408 8032
8449 8440 8569 7774
8516 8422 8623 7574
8236 8446 8410 7969
8436 8481 8546 7743
8221 8456 8429 7995
8572 8406 8647 7588
8189 8469 8473 7991
8552 8433 8584 7545
8179 8504 8430 8026
8518 8389 8660 7582
8158 8462 8475 8012
8396 8519 8613 7752
8522 8401 8654 7592
8517 8358 8670 7558
8198 8468 8491 7981
8551 8429 8611 7552
8221 8491 8461 7960
8183 8427 8492 7988
8170 8457 8497 7969
8180 8507 8484 7987
8362 8448 8672 7758
8163 8529 8463 7912
8366 8487 8637 7774
8586 8409 8600 7544
8138 8510 8470 7937
8335 8416 8670 7759
8117 8518 8495 7922
8335 8480 8639 7795
8146 8515 8469 7905
8331 8441 8674 7779
8227 8497 8527 7895
8113 8524 8476 7914
8367 8452 8635 7750
8570 8333 8681 7559
8124 8555 8480 7900
8371 8491 8600 7766
8378 8435 8614 7766
8557 8298 8699 7598
8258 8548 8418 7910
8409 8442 8612 7745
8297 8503 8451 7885
8405 8403 8647 7729
8509 8230 8738 7566
8439 8474 8588 7723
8540 8301 8705 7581
8277 8555 8416 7833
8408 8403 8621 7708
8536 8262 8740 7565
8304 8498 8493 7874
8408 8467 8590 7744
8378 8512 8439 7817
8585 8323 8662 7533
8433 8435 8619 7736
8313 8482 8475 7916
8469 8454 8576 7712
8539 8326 8683 7580
8460 8375 8634 7657
8510 8378 8573 7673
8543 8351 8650 7512
8564 8280 8714 7488
8524 8339 8558 7704
8589 8412 8598 7501
8346 8512 8421 7847
8582 8377 8647 7468
8483 8300 8658 7733
8567 8323 8697 7458
8279 8483 8445 7900
8462 8371 8594 7757
8325 8544 8393 7889
8473 8365 8652 7687
8464 8420 8593 7708
8563 8387 8676 7495
8436 8384 8618 7716
8317 8468 8488 7893
8482 8445 8566 7705
8532 8351 8727 7524
8522 8274 8778 7486
8445 8401 8604 7758
8553 8310 8727 7457
8439 8367 8625 7713
8572 8325 8729 7454
8248 8489 8502 7910
8424 8377 8644 7739
8561 8334 8719 7443
8435 8383 8635 7718
8562 8270 8770 7444
8230 8487 8420 7968
8574 8326 8705 7424
8261 8494 8418 7947
8594 8294 8694 7449
8274 8464 8413 7966
8573 8302 8719 7434
8466 8419 8584 7689
8566 8358 8705 7434
8253 8481 8431 7939
8466 8483 8553 7725
8517 8297 8783 7466
8416 8480 8614 7709
8498 8282 8781 7469
8204 8420 8509 7971
8552 8353 8756 7472
8365 8449 8577 7786
8155 8452 8496 7971
8189 8523 8437 7965
8342 8461 8643 7828
8528 8329 8749 7475
8200 8517 8495 7895
8218 8554 8457 7905
8406 8483 8528 7805
8197 8512 8502 7891
8458 8435 8555 7834
8550 8237 8772 7427
8177 8477 8545 7888
8546 8251 8759 7450
8223 8538 8493 7877
8219 8499 8528 7861
8359 8418 8607 7823
8495 8260 8787 7467
8174 8468 8535 7944
8170 8482 8522 7967
8177 8426 8536 7967
8521 8282 8789 7457
8216 8493 8464 7978
8539 8315 8744 7540
8227 8438 8465 7968
8511 8214 8780 7510
8220 8494 8451 7968
8542 8285 8747 7525
8174 8433 8503 7979
8488 8209 8786 7492
8357 8360 8676 7797
8350 8416 8662 7797
8521 8291 8729 7548
8321 8419 8688 7814
8514 8347 8715 7548
8143 8377 8587 7998
8334 8435 8649 7814
8515 8351 8688 7541
8295 8433 8643 7846
8536 8280 8752 7517
8303 8459 8637 7860
8146 8425 8530 7993
8329 8444 8579 7858
8496 8245 8768 7516
8218 8408 8545 8016
8492 8206 8803 7500
8149 8421 8516 8010
8373 8500 8583 7763
8491 8280 8754 7517
8384 8439 8595 7806
8484 8245 8803 7484
8193 8421 8491 7991
8366 8444 8609 7779
8515 8316 8770 7499
8219 8415 8504 8015
8361 8417 8659 7772
8512 8281 8778 7476
8186 8427 8471 8015
8389 8478 8657 7714
8516 8320 8743 7492
8415 8401 8633 7697
8485 8299 8782 7453
8411 8415 8620 7720
8464 8370 8718 7477
8173 8435 8485 8034
8436 8434 8613 7695
8481 8367 8712 7494
8431 8407 8648 7662
8518 8423 8673 7475
8204 8471 8434 8005
8435 8393 8661 7639
8468 8467 8668 7579
8427 8388 8702 7605
8423 8402 8689 7628
8412 8407 8728 7604
8403 8462 8669 7625
8179 8347 8584 7982
8425 8457 8650 7602
8210 8418 8551 7997
8421 8451 8668 7623
8177 8349 8589 7989
8393 8415 8693 7631
8223 8410 8537 7978
8405 8434 8690 7618
8409 8420 8703 7595
8231 8415 8496 8012
8185 8354 8548 8023
8431 8397 8719 7581
8182 8354 8574 8044
8437 8396 8701 7564
8211 8288 8575 8047
8232 8330 8530 8061
8467 8408 8680 7552
8462 8392 8688 7557
8256 8255 8601 8057
8460 8394 8693 7564
8236 8287 8612 8032
8229 8343 8598 8032
8240 8268 8589 8051
8268 8329 8587 7993
8276 8355 8581 8007
8489 8464 8613 7594
8271 8389 8512 7959
8461 8403 8615 7652
8279 8379 8506 7978
8276 8379 8532 7999
8509 8384 8567 7652
8234 8314 8507 8054
8258 8350 8523 8036
8539 8511 8526 7618
8219 8312 8479 8096
8490 8566 8504 7662
8179 8296 8453 8102
8549 8561 8513 7636
8166 8326 8458 8083
8216 8352 8414 8083
8237 8386 8381 8084
8258 8428 8336 8098
8189 8409 8310 8117
8192 8450 8282 8111
8531 8546 8516 7707
8155 8394 8321 8130
8563 8523 8394 7660
8183 8455 8319 8072
8249 8423 8349 8090
8513 8581 8535 7637
8270 8441 8307 8045
8583 8623 8317 7540
8242 8380 8309 8103
8499 8654 8370 7631
8468 8588 8559 7500
8465 8599 8506 7606
8212 8367 8388 8109
8427 8697 8478 7540
8228 8381 8394 8076
8256 8447 8356 8038
8456 8665 8341 7649
8282 8432 8298 8036
8322 8443 8328 7994
8472 8645 8389 7662
8325 8430 8343 7977
8450 8628 8520 7589
8473 8623 8551 7441
8473 8665 8342 7444
8349 8466 8359 7959
8314 8477 8285 7967
8451 8645 8458 7741
8436 8593 8594 7533
8350 8449 8336 7952
8371 8441 8311 7967
8349 8426 8268 7993
8361 8715 8339 7461
8386 8482 8229 7974
8407 8471 8202 7951
8398 8505 8190 7973
8396 8474 8196 7937
8381 8484 8215 7963
8396 8455 8240 7970
8387 8450 8253 7962
8402 8440 8234 7936
8407 8432 8286 7968
8443 8412 8381 7913
8458 8402 8362 7887
8462 8441 8327 7903
8447 8378 8431 7889
8467 8472 8447 7845
8428 8460 8301 7849
8475 8532 8573 7500
8471 8546 8560 7523
8443 8537 8608 7533
8405 8586 8596 7554
8372 8570 8292 7837
8382 8562 8590 7648
8369 8615 8573 7546
8434 8634 8549 7623
8425 8629 8562 7615
8418 8692 8491 7532
8376 8676 8523 7527
8405 8596 8268 7828
8355 8747 8459 7551
8315 8710 8480 7558
8319 8749 8445 7574
8339 8575 8387 7838
8274 8678 8505 7557
8312 8693 8486 7572
8270 8684 8461 7585
8332 8529 8401 7836
8327 8722 8455 7572
8367 8681 8504 7635
8315 8648 8511 7681
8377 8577 8388 7828
8401 8603 8572 7620
8402 8596 8381 7803
8331 8540 8635 7621
8283 8592 8576 7653
8280 8582 8607 7580
8311 8653 8574 7595
8452 8597 8376 7712
8311 8589 8605 7559
8315 8628 8570 7575
8272 8612 8570 7602
8406 8600 8397 7759
8268 8602 8587 7565
8369 8592 8595 7629
8399 8683 8413 7655
8335 8562 8648 7497
8369 8633 8589 7491
8309 8628 8621 7473
8313 8667 8586 7489
8386 8604 8634 7493
8378 8706 8301 7612
8282 8660 8588 7510
8391 8682 8327 7671
8278 8621 8623 7494
8422 8689 8325 7650
8309 8692 8590 7509
8307 8618 8597 7477
8365 8710 8517 7491
8495 8598 8473 7682
8465 8606 8434 7679
8329 8656 8578 7415
8423 8579 8496 7779
8438 8645 8543 7602
8435 8671 8524 7407
8345 8651 8564 7406
8348 8686 8556 7429
8330 8649 8594 7419
8385 8681 8454 7682
8428 8656 8525 7431
8470 8582 8579 7447
8297 8576 8512 7697
8506 8593 8540 7418
8339 8620 8506 7693
8517 8538 8541 7408
8334 8642 8468 7703
8573 8613 8449 7422
8294 8634 8471 7689
8523 8610 8510 7406
8508 8620 8529 7432
8508 8560 8569 7407
8505 8619 8533 7390
8477 8553 8571 7428
8308 8584 8498 7707
8529 8489 8633 7383
8279 8650 8497 7704
8509 8501 8598 7396
8288 8616 8509 7682
8565 8520 8555 7484
8480 8508 8591 7434
8467 8538 8596 7415
8401 8594 8615 7467
8333 8673 8484 7678
8355 8523 8651 7496
8427 8472 8679 7519
8348 8536 8642 7477
8351 8537 8638 7519
8337 8560 8674 7504
8348 8579 8637 7496
8381 8606 8580 7480
8334 8679 8461 7647
8355 8533 8667 7478
8355 8597 8636 7514
8433 8601 8534 7672
8341 8599 8639 7520
8306 8542 8659 7528
8374 8533 8566 7667
8337 8613 8626 7543
8352 8603 8607 7517
8370 8640 8569 7527
8366 8601 8604 7511
8351 8611 8623 7537
8333 8574 8661 7527
8416 8621 8548 7631
8393 8579 8629 7545
8415 8682 8466 7606
8390 8544 8637 7522
8362 8547 8633 7600
8283 8620 8591 7535
8451 8596 8490 7614
8472 8563 8540 7656
8416 8557 8579 7595
8413 8569 8588 7627
8406 8534 8637 7594
8387 8506 8638 7623
8411 8544 8594 7598
8424 8514 8589 7617
8461 8570 8550 7598
8388 8573 8601 7634
8410 8609 8568 7610
8407 8574 8576 7587
8436 8571 8550 7570
8421 8581 8569 7596
8418 8513 8636 7602
8391 8549 8593 7618
8349 8533 8625 7613
8387 8548 8606 7628
8398 8493 8607 7618
8385 8523 8612 7599
8374 8490 8646 7602
8313 8505 8652 7608
8322 8450 8711 7587
8356 8521 8652 7581
8325 8514 8654 7602
8327 8501 8670 7605
8358 8508 8668 7584
8331 8476 8666 7585
8369 8491 8647 7600
8365 8452 8682 7584
8465 8431 8577 7617
8462 8565 8582 7568
8494 8539 8567 7559
8525 8483 8576 7491
8566 8446 8604 7467
8618 8506 8544 7459
8584 8435 8603 7465
8575 8490 8544 7486
8578 8490 8518 7465
8569 8524 8506 7487
8604 8459 8583 7514
8629 8467 8499 7426
8623 8528 8416 7424
8644 8457 8480 7400
8647 8457 8493 7391
8634 8471 8462 7418
8649 8461 8443 7392
8628 8532 8379 7416
8612 8532 8442 7600
8563 8587 8417 7442
8530 8550 8528 7530
8568 8567 8416 7443
8561 8532 8465 7410
8550 8528 8497 7413
8616 8468 8588 7401
8602 8528 8528 7404
8581 8535 8495 7392
8577 8487 8559 7342
8580 8522 8551 7365
8559 8480 8596 7351
8546 8504 8570 7292
8552 8489 8564 7258
8550 8491 8569 7265
8567 8488 8563 7282
8613 8549 8511 7271
8579 8550 8481 7255
8600 8592 8436 7269
8563 8536 8475 7288
8556 8592 8461 7288
8549 8592 8496 7608
8562 8641 8424 7290
8512 8633 8436 7331
8525 8609 8462 7390
8556 8616 8460 7369
8516 8560 8525 7409
8519 8488 8588 7410
8504 8498 8607 7436
8525 8427 8671 7412
8585 8432 8639 7430
8582 8397 8647 7407
8585 8461 8590 7422
8621 8472 8551 7393
8657 8422 8536 7356
8624 8379 8603 7533
8611 8409 8608 7514
8663 8392 8593 7482
8665 8329 8630 7327
8617 8365 8609 7497
8675 8430 8510 7377
8690 8420 8491 7351
8693 8455 8483 7374
8633 8450 8515 7356
8637 8489 8480 7372
8640 8447 8481 7395
8673 8403 8505 7419
8712 8431 8486 7468
8674 8444 8464 7422
8709 8396 8494 7445
8621 8401 8522 7588
8630 8397 8563 7532
8672 8434 8449 7610
8638 8431 8456 7527
8654 8514 8402 7480
8650 8475 8437 7464
8635 8485 8456 7490
8595 8489 8543 7539
8600 8493 8506 7531
8561 8418 8602 7545
8565 8457 8567 7561
8586 8386 8631 7537
8577 8441 8572 7558
8573 8402 8607 7542
8617 8429 8578 7533
8625 8348 8648 7527
8661 8359 8609 7498
8664 8331 8607 7387
8670 8316 8601 7353
8701 8387 8568 7368
8638 8376 8618 7350
8623 8386 8637 7376
8589 8315 8696 7382
8593 8354 8661 7398
8653 8264 8624 7440
8651 8326 8627 7508
8665 8320 8586 7424
8645 8333 8581 7507
8612 8289 8664 7522
8606 8304 8670 7556
8609 8304 8644 7535
8596 8326 8622 7538
8581 8336 8641 7564
8518 8325 8691 7546
8524 8374 8654 7548
8551 8373 8584 7669
8533 8396 8615 7616
8527 8379 8558 7658
8537 8392 8538 7660
8548 8386 8596 7590
8485 8345 8693 7611
8519 8416 8634 7605
8485 8425 8634 7590
8483 8376 8635 7639
8504 8354 8667 7655
8511 8362 8604 7653
8520 8366 8586 7690
8517 8302 8643 7675
8516 8376 8594 7692
8518 8388 8583 7646
8568 8669 8333 7592
8495 8615 8405 7615
8488 8663 8360 7620
8503 8570 8538 7635
8500 8539 8518 7728
8523 8593 8405 7688
8493 8570 8449 7688
8453 8616 8443 7672
8492 8586 8407 7709
8500 8536 8370 7738
8497 8593 8380 7754
8466 8586 8382 7775
8503 8532 8463 7756
8461 8548 8419 7779
8409 8548 8388 7788
8406 8548 8414 7809
8409 8519 8437 7796
8414 8511 8545 7706
8414 8575 8514 7742
8466 8481 8567 7709
8473 8425 8581 7709
8542 8469 8448 7723
8530 8462 8464 7751
8556 8415 8503 7847
8516 8449 8495 7775
8442 8368 8598 7823
8469 8378 8565 7820
8514 8389 8548 7816
8446 8407 8563 7839
8448 8369 8574 7836
8500 8444 8521 7773
8482 8407 8559 7763
8414 8391 8596 7773
8485 8438 8564 7726
8447 8411 8581 7738
8477 8507 8526 7752
8468 8441 8564 7766
8507 8455 8539 7717
8492 8465 8558 7743
8492 8415 8552 7767
8488 8429 8539 7790
8471 8458 8460 7822
8502 8465 8458 7801
8458 8371 8586 7798
8416 8397 8585 7851
8415 8400 8565 7860
8347 8420 8588 7923
8408 8440 8541 7919
8419 8385 8542 7909
8402 8335 8596 7853
8433 8406 8563 7868
8395 8391 8582 7853
8395 8455 8551 7889
8364 8442 8572 7871
8391 8410 8605 7834
8395 8449 8570 7850
8450 8468 8526 7845
8446 8429 8561 7829
8504 8424 8505 7851
8454 8448 8549 7834
8448 8458 8502 7849
8427 8416 8547 7835
8424 8406 8578 7762
8451 8438 8580 7761
8511 8443 8548 7779
8483 8382 8550 7837
8454 8384 8580 7798
8480 8318 8607 7822
8460 8330 8572 7835
8464 8317 8578 7835
8484 8305 8613 7822
8518 8376 8554 7816
8487 8369 8556 7837
8508 8411 8511 7851
8525 8408 8505 7868
8513 8345 8527 7823
8510 8345 8553 7844
8482 8309 8578 7852
8475 8365 8564 7852
8507 8305 8547 7855
8535 8341 8522 7847
8539 8337 8445 7891
8518 8295 8490 7877
8489 8361 8489 7874
8477 8305 8540 7903
8424 8273 8610 7917
8460 8284 8571 7888
8515 8284 8576 7858
8491 8248 8560 7876
8537 8309 8508 7865
8478 8241 8596 7842
8463 8251 8615 7868
8442 8259 8640 7853
8463 8301 8595 7867
8484 8320 8611 7797
8520 8331 8572 7768
8526 8316 8566 7734
8576 8319 8505 7750
8583 8263 8519 7750
8572 8286 8473 7752
8585 8278 8459 7733
8609 8271 8415 7690
8658 8383 8475 7602
8620 8462 8371 7638
8618 8510 8381 7575
8546 8502 8478 7699
8559 8426 8500 7608
8563 8381 8560 7627
8560 8401 8522 7609
8571 8326 8513 7628
8567 8340 8500 7651
8597 8372 8476 7629
8599 8370 8471 7622
8581 8354 8553 7601
8581 8379 8494 7606
8601 8353 8519 7606
8585 8334 8508 7612
8589 8320 8521 7589
8577 8353 8566 7611
8602 8292 8526 7572
8596 8307 8532 7606
8539 8313 8589 7608
8538 8387 8540 7625
8559 8316 8604 7601
8588 8298 8567 7601
8563 8317 8591 7591
8535 8345 8585 7635
8566 8352 8583 7614
8577 8346 8641 7544
8520 8406 8616 7597
8478 8421 8647 7594
8437 8387 8664 7638
8424 8417 8669 7619
8432 8443 8663 7633
8410 8419 8671 7638
8404 8453 8633 7639
8426 8420 8624 7636
8454 8456 8599 7628
8444 8488 8606 7599
8448 8474 8619 7576
8406 8478 8661 7542
8437 8549 8628 7557
8442 8497 8620 7526
8446 8501 8603 7567
8466 8500 8581 7542
8538 8526 8522 7516
8523 8536 8541 7542
8542 8615 8427 7597
8514 8554 8429 7655
8510 8568 8416 7678
8554 8494 8464 7685
8621 8458 8380 7602
8658 8514 8341 7583
8634 8482 8400 7597
8619 8476 8456 7600
8628 8484 8450 7542
8591 8428 8489 7561
8637 8489 8437 7550
8649 8472 8381 7571
8591 8534 8354 7578
8620 8432 8463 7623
8590 8366 8486 7602
8663 8429 8462 7602
8664 8448 8380 7573
8711 8384 8332 7563
8706 8384 8437 7573
8697 8392 8460 7626
8641 8363 8482 7595
8678 8419 8443 7576
8609 8374 8436 7657
8613 8318 8476 7678
8664 8351 8457 7636
8659 8328 8491 7654
8627 8437 8408 7652
8638 8382 8409 7642
8635 8463 8362 7574
8599 8469 8462 7662
8606 8480 8421 7604
8596 8403 8472 7566
8581 8413 8491 7592
8613 8435 8479 7561
8639 8396 8478 7530
8664 8331 8495 7521
8698 8402 8436 7515
8678 8360 8545 7474
8685 8395 8496 7507
8682 8360 8504 7484
8686 8399 8469 7500
8658 8393 8467 7563
8694 8404 8428 7534
8704 8496 8404 7544
8717 8372 8391 7538
8763 8433 8339 7527
8742 8391 8384 7513
8733 8493 8378 7527
8745 8355 8385 7480
8764 8384 8331 7470
8754 8300 8444 7459
8758 8339 8409 7475
8713 8391 8460 7476
8747 8364 8397 7464
8711 8353 8436 7493
8738 8385 8438 7492
8707 8378 8440 7513
8743 8389 8401 7484
8730 8458 8386 7504
8742 8399 8383 7465
8693 8338 8461 7497
8710 8327 8517 7461
8744 8398 8458 7455
8713 8327 8491 7440
8702 8414 8414 7478
8722 8506 8382 7495
8686 8495 8421 7524
8665 8500 8433 7516
8707 8537 8376 7538
8636 8587 8322 7629
8592 8540 8329 7555
8620 8543 8327 7465
8611 8538 8340 7457
8584 8575 8341 7499
8566 8538 8379 7489
8559 8586 8334 7494
8555 8547 8369 7478
8558 8582 8361 7501
8573 8572 8342 7475
8587 8559 8338 7503
8572 8569 8357 7529
8573 8573 8330 7522
8558 8590 8341 7592
8543 8600 8360 7618
8550 8544 8374 7618
8586 8555 8335 7589
8649 8528 8292 7614
8646 8547 8299 7664
8664 8582 8242 7624
8658 8533 8279 7622
8654 8494 8314 7606
8642 8508 8334 7648
8632 8458 8347 7630
8627 8518 8353 7674
8628 8492 8353 7612
8642 8520 8336 7576
8680 8420 8441 7502
8665 8430 8460 7528
8701 8441 8421 7499
8672 8444 8447 7516
8676 8445 8434 7506
8702 8422 8411 7512
8715 8468 8405 7530
8684 8397 8438 7515
8722 8412 8419 7530
8680 8396 8451 7525
8684 8435 8416 7541
8639 8437 8431 7524
8670 8508 8398 7539
8642 8472 8423 7547
8669 8504 8425 7546
8578 8461 8501 7606
8582 8500 8466 7622
8553 8446 8492 7699
8515 8495 8480 7720
8557 8447 8479 7689
8521 8468 8531 7670
8480 8476 8571 7717
8484 8515 8536 7733
8439 8496 8559 7672
8459 8559 8506 7683
8486 8591 8508 7682
8493 8535 8522 7682
8524 8542 8520 7661
8503 8500 8565 7647
8508 8504 8528 7639
8501 8560 8514 7639
8510 8514 8552 7635
8488 8535 8566 7587
8496 8527 8552 7573
8489 8583 8538 7573
8503 8531 8548 7619
8310 8288 8813 7903
8306 8339 8714 7874
8326 8348 8710 7785
8433 8369 8727 7734
8283 8266 8753 7933
8298 8403 8744 7845
8304 8240 8914 7821
8349 8155 8819 7945
8289 8329 8748 7903
8278 8215 8926 7898
8308 8241 8836 7948
8265 8229 8947 7780
8351 8327 8765 7883
8274 8344 8743 7868
8314 8354 8815 7730
8255 8186 8842 7919
8354 8419 8815 7701
8382 8275 8798 7752
8326 8280 8862 7762
8341 8305 8834 7725
8371 8380 8852 7675
8273 8275 8900 7773
8262 8181 8930 7870
8308 8242 8878 7859
8248 8242 8828 7919
8247 8270 8938 7826
8420 8377 8741 7753
8072 8322 8914 7829
8262 8280 8857 7877
8219 8297 8939 7784
8250 8256 8928 7785
8359 8415 8669 7890
8340 8309 8885 7660
8245 8539 8766 7660
8236 8341 8975 7776
8254 7977 8901 7983
8420 8387 8723 7727
8355 8293 8799 7705
8237 8260 8758 7975
8356 8257 8648 8027
8411 8331 8733 7845
8233 8274 8745 7998
8325 8186 8681 8012
8360 8324 8672 7930
8251 8307 8805 7901
8293 8271 8901 7676
8246 8342 8738 7943
8247 8192 8985 7770
8301 8247 8790 7908
8312 8346 8871 7812
8285 8139 8793 8004
8289 8295 8780 7891
8244 8202 8807 8022
8268 8388 8702 7895
8336 8375 8763 7759
8339 8390 8781 7724
8360 8243 8661 8004
8304 8336 8633 7983
8270 8408 8576 8007
8203 8421 8528 7963
8401 8358 8777 7737
8428 8339 8736 7706
8382 8436 8711 7748
8431 8308 8754 7726
8425 8259 8791 7724
8424 8364 8740 7726
8315 8322 8609 7974
8371 8247 8629 8001
8189 8423 8530 7982
8391 8250 8659 7983
8368 8276 8758 7917
8329 8344 8796 7704
8328 8113 8864 7931
8285 8247 8823 7901
8409 8280 8690 7852
8359 8331 8702 7854
8367 8194 8842 7849
8482 8176 8786 7867
8390 8251 8744 7862
8395 8169 8711 7936
8171 8433 8529 8000
8294 8155 8814 7975
8348 8199 8738 7958
8174 8312 8767 7877
8299 8107 8780 7972
8271 8423 8694 7918
8310 8378 8679 7890
8103 8431 8774 7917
8250 8328 8751 7920
8083 8366 8784 7845
8133 8369 8723 7861
8430 8176 8755 7876
8253 8246 8791 7911
8229 8235 8780 7982
8433 8367 8604 7849
8416 8466 8535 7933
8498 8335 8493 7877
8448 8357 8585 7823
8297 8304 8845 7862
8475 8357 8494 7870
8462 8315 8752 7705
8246 8308 8768 7876
8295 8362 8772 7851
8267 8332 8777 7830
8442 8275 8795 7614
8272 8411 8812 7736
8242 8471 8773 7716
8307 8544 8718 7660
8282 8508 8752 7709
8306 8515 8722 7717
8347 8475 8801 7701
8287 8380 8818 7693
8321 8330 8836 7698
8346 8253 8861 7672
8370 8287 8810 7722
8409 8269 8805 7668
8418 8315 8777 7724
8336 8326 8838 7709
8368 8246 8819 7679
8375 8198 8864 7674
8397 8233 8822 7827
8432 8259 8807 7604
8427 8232 8835 7669
8439 8211 8852 7599
8473 8282 8793 7593
8482 8322 8829 7583
8404 8260 8814 7599
8435 8331 8781 7614
8483 8335 8773 7610
8479 8287 8837 7560
8439 8252 8853 7559
8424 8296 8907 7592
8443 8241 8880 7561
8396 8332 8892 7583
8399 8250 8840 7594
8398 8195 8903 7627
8365 8243 8868 7636
8323 8227 8900 7631
8395 8275 8844 7614
8410 8278 8811 7637
8381 8442 8846 7666
8320 8260 8933 7668
8300 8289 8887 7672
8281 8263 8926 7764
8285 8314 8869 7813
8326 8315 8853 7751
8319 8272 8898 7685
8277 8322 8883 7827
8193 8387 8831 7729
8213 8380 8883 7700
8164 8375 8875 7703
8251 8369 8857 7722
8208 8320 8888 7777
8258 8250 8959 7766
8262 8289 8924 7782
8233 8356 8915 7764
8257 8243 8928 7775
8279 8215 8973 7811
8264 8267 8935 7723
8367 8382 8761 7738
8320 8349 8815 7752
8377 8309 8785 7691
8477 8305 8733 7679
8471 8320 8739 7713
8440 8249 8772 7698
8457 8263 8771 7742
8436 8304 8755 7677
8418 8267 8793 7667
8433 8305 8758 7698
8387 8308 8779 7745
8389 8306 8774 7738
8420 8313 8772 7717
8458 8328 8753 7732
8427 8257 8786 7717
8430 8292 8778 7740
8416 8348 8758 7711
8382 8372 8742 7712
8336 8311 8794 7723
8375 8422 8717 7712
8360 8432 8736 7738
8370 8397 8779 7703
8329 8374 8793 7714
8320 8299 8827 7829
8338 8310 8803 7711
8351 8204 8831 7737
8431 8214 8772 7838
8448 8270 8750 7766
8465 8250 8715 7822
8504 8228 8773 7772
8460 8246 8752 7830
8378 8146 8883 7852
8342 8233 8817 7857
8374 8191 8860 7738
8401 8242 8754 7873
8358 8202 8801 7846
8387 8253 8785 7841
8358 8266 8770 7882
8367 8239 8815 7743
8365 8246 8801 7759
8327 8269 8798 7770
8393 8263 8760 7859
8289 8258 8817 7880
8396 8217 8782 7861
8415 8181 8833 7791
8400 8143 8805 7823
8423 8104 8824 7846
8429 8126 8770 7903
8455 8167 8851 7804
8411 8267 8764 7809
8388 8236 8797 7863
8373 8172 8821 7894
8356 8179 8826 7893
8327 8195 8803 7867
8221 8284 8800 7957
8261 8222 8842 7888
8244 8252 8974 7911
8327 8220 8798 7931
8339 8307 8698 7912
8339 8338 8661 7951
8349 8158 8747 7954
8356 8193 8679 7991
8331 8270 8660 7964
8426 8204 8696 7915
8284 8199 8781 7970
8382 8275 8640 7954
8391 8209 8783 7904
8502 8081 8786 7818
8437 8294 8648 7897
8487 8216 8646 7784
8541 8266 8624 7803
8559 8206 8658 7766
8559 8187 8693 7829
8465 8186 8746 7786
8422 8274 8671 7785
8476 8209 8666 7774
8447 8275 8665 7771
8418 8276 8768 7799
8475 8216 8669 7884
8377 8211 8786 7910
8420 8065 8802 7922
8380 8093 8823 7857
8379 8093 8868 7899
8374 7996 8937 7915
8367 8055 8842 7972
8416 8232 8735 7847
8399 8217 8756 7840
8407 8178 8756 7856
8426 8091 8778 7880
8460 8162 8719 7874
8433 8197 8753 7901
8458 8218 8693 7886
8351 8257 8725 7958
8302 8108 8776 8014
8264 8292 8760 7974
8324 8308 8694 7930
8300 8297 8668 7967
8371 8269 8673 7920
8398 8301 8675 7919
8335 8290 8725 7901
8386 8263 8599 7974
8391 8254 8699 7906
8359 8240 8568 8009
8315 8281 8634 7973
8386 8272 8570 8008
8342 8313 8636 7972
8309 8374 8706 7897
8402 8113 8725 7936
8351 8258 8695 7951
8272 8427 8667 7911
8364 8162 8713 7957
8329 8225 8646 8028
8377 8185 8668 7952
8360 8232 8644 8007
8369 8159 8674 7938
8376 8103 8688 7938
8342 8265 8699 7935
8397 8095 8663 7953
8360 8179 8692 7968
8382 8078 8730 7940
8288 8332 8751 7883
8353 8229 8667 7968
8435 8119 8752 7932
8289 8336 8724 7876
8403 8232 8606 7984
8440 8098 8699 7912
8449 8293 8554 7973
8327 8266 8695 7953
8460 8238 8555 7963
8389 8058 8804 7943
8324 8225 8723 7959
8491 8245 8553 7942
8380 8018 8803 7980
8497 8230 8547 7908
8482 8240 8566 7934
8432 8237 8627 7918
8381 8175 8707 7906
8332 8383 8667 7891
8426 8252 8633 7952
8384 8210 8699 7929
8395 8181 8666 7937
8395 8245 8635 7973
8391 8474 8574 7870
8335 8091 8854 7992
8345 8192 8761 7938
8319 8526 8623 7770
8361 8233 8685 7940
8362 8231 8686 7944
8433 8510 8526 7768
8382 8227 8703 7917
8358 8245 8673 7967
8395 8197 8698 7936
8364 8230 8667 7933
8378 8483 8566 7801
8383 8268 8636 7931
8276 8489 8661 7832
8465 8232 8680 7874
8441 8194 8677 7889
8456 8219 8618 7896
8344 8007 8842 8009
8473 8208 8674 7860
8297 8026 8894 7985
8455 8280 8608 7896
8510 8256 8595 7847
8314 8599 8574 7632
8429 8221 8719 7903
8470 8270 8589 7870
8276 8592 8589 7660
8444 8238 8662 7897
8277 8581 8613 7684
8341 7973 8860 7931
8274 8594 8605 7701
8403 8223 8707 7903
8421 8260 8669 7913
8233 8591 8692 7773
8432 8185 8660 7932
8332 8056 8862 7969
8346 8603 8518 7748
8453 8227 8615 7946
8435 8261 8575 7933
8389 8265 8560 7941
8432 8288 8601 7903
8307 8050 8874 7954
8414 8669 8562 7671
8426 8322 8563 7904
8318 8030 8934 7913
8398 8256 8601 7942
8387 8279 8555 7944
8391 8576 8640 7629
8452 8272 8475 7934
8452 8231 8452 7971
8273 8677 8592 7660
8481 8228 8426 7954
8463 8191 8464 7944
8446 8202 8408 7980
8268 8631 8550 7677
8419 8212 8412 7998
8394 8201 8426 8018
8387 8166 8475 7985
8390 8201 8467 8008
8359 8194 8469 8029
8400 8228 8452 7985
8271 8542 8704 7752
8422 8253 8384 7992
8248 8581 8673 7747
8450 8219 8410 7977
8404 8158 8462 7988
8401 8158 8488 8009
8326 8558 8579 7788
8398 8123 8496 7986
8288 8118 8781 7984
8435 8134 8497 7974
8233 8048 8837 8007
8252 8544 8606 7794
8426 8075 8497 7978
8486 8080 8465 7996
8253 8047 8854 8046
8458 8050 8470 7975
8150 8431 8701 7773
8492 8121 8411 7969
8273 8465 8675 7781
8461 8114 8413 7990
8488 8146 8415 7989
8467 8104 8460 7975
8362 8512 8641 7794
8498 8111 8458 7954
8509 8105 8516 7884
8258 8423 8735 7801
8526 8199 8502 7903
8273 8113 8859 7961
8221 8424 8731 7806
8494 8302 8534 7920
8224 8352 8794 7807
8544 8224 8475 7900
8204 8359 8786 7770
8547 8187 8521 7846
8222 8396 8748 7780
8565 8177 8479 7858
8206 8358 8774 7755
8581 8238 8521 7797
8360 8009 8856 7970
8192 8352 8859 7811
8556 8317 8543 7836
8192 8360 8777 7761
8586 8239 8569 7769
8372 8044 8827 7946
8534 8254 8654 7776
8533 8276 8630 7784
8168 8383 8777 7753
8566 8150 8672 7766
8152 8358 8860 7724
8242 8344 8911 7686
8507 8125 8775 7819
8529 8196 8802 7764
8389 7980 8758 7985
8385 7941 8793 7969
8522 8361 8619 7767
8366 8037 8811 8008
8159 8405 8899 7687
8380 8072 8721 7996
8106 8388 8902 7636
8548 8248 8582 7741
8346 8073 8691 7980
8154 8456 8863 7668
8572 8269 8626 7710
8377 8080 8689 7959
8120 8457 8833 7652
8552 8223 8578 7721
8347 8048 8769 7987
8141 8499 8788 7666
8568 8230 8661 7694
8113 8433 8826 7704
8096 8436 8832 7687
8378 8197 8748 7931
8062 8365 8891 7693
8106 8412 8884 7767
8533 8233 8671 7717
8094 8379 8886 7750
8121 8411 8888 7749
8410 8050 8779 7958
8082 8348 8935 7748
8424 8075 8762 7956
8062 8360 8900 7761
8382 8013 8730 7968
8155 8296 8898 7830
8250 8239 8963 7873
8510 8126 8771 7861
8286 8250 8924 7844
8186 8303 8896 7809
8173 8236 8991 7795
8158 8353 8829 7795
8541 8263 8593 7826
8189 8360 8827 7774
8271 8101 8778 8035
8268 8037 8835 8020
8564 8253 8509 7788
8176 8306 8897 7782
8367 8023 8850 8006
8258 8051 8817 8038
8261 8051 8791 8017
8307 8112 8739 8006
8310 8071 8808 8006
8247 8204 8971 7850
8220 8260 8937 7853
8237 8058 8784 8026
8293 8114 8779 7983
8564 8259 8518 7784
8143 8320 8912 7777
8540 8243 8507 7846
8284 8148 8821 7958
8142 8316 8939 7784
8585 8263 8488 7729
8607 8287 8480 7724
8599 8261 8486 7710
8193 8148 8825 8053
8635 8240 8449 7719
8125 8353 8906 7777
8620 8213 8523 7755
8266 8169 8845 7961
8146 8395 8861 7791
8608 8255 8569 7714
8111 8346 8888 7790
8249 8142 8801 7978
8642 8262 8541 7672
8661 8351 8483 7657
8143 8357 8910 7678
8608 8191 8600 7678
8294 8257 8729 7941
8115 8352 8948 7656
8316 8293 8696 7917
8156 8315 8976 7632
8611 8255 8543 7693
8139 8251 9002 7626
8598 8261 8586 7682
8233 8219 8764 8074
8195 8262 8989 7829
8603 8265 8549 7674
8307 8306 8703 7952
8603 8201 8580 7638
8238 8255 8973 7636
8271 8267 8717 7952
8595 8226 8594 7659
8230 8209 8795 8001
8249 8200 8974 7626
8599 8265 8559 7675
8215 8219 8814 8027
8258 8266 8936 7612
8186 8222 8840 8044
8248 8346 8925 7637
8184 8148 8847 8012
8564 8272 8548 7719
8558 8333 8465 7717
8210 8221 8760 8014
8186 8380 8886 7610
8202 8153 8812 8061
8537 8314 8545 7711
8253 8350 8888 7629
8198 8162 8784 8082
8526 8281 8626 7722
8183 8172 8803 8108
8536 8413 8584 7718
8149 8101 8862 8114
8153 8140 8827 8130
8331 8343 8873 7682
8567 8420 8582 7697
8159 8125 8821 8096
8530 8337 8637 7712
8193 8196 8762 8090
8162 8189 8764 8111
8183 8183 8782 8088
8567 8304 8612 7711
8162 8141 8827 8074
8200 8092 8839 8053
8216 8240 8977 7754
8530 8273 8668 7676
8227 8124 8841 8052
8190 8068 8880 8071
8183 8124 8866 8071
8198 8114 8847 8045
8156 8092 8864 8072
8153 8092 8890 8093
8125 8056 8915 8101
8152 8088 8917 8100
8122 8047 8905 8157
8143 8089 8860 8171
8108 8040 8887 8170
8543 8194 8589 7786
8136 8101 8885 8112
8589 8255 8537 7775
8115 8059 8930 8098
8554 8206 8564 7774
8143 8125 8892 8060
8575 8248 8519 7788
8109 8126 8862 8044
8128 8237 8999 7638
8098 8149 8816 8046
8131 8272 8991 7661
8143 8189 8798 8056
8135 8250 8997 7647
8551 8168 8498 7865
8552 8172 8534 7855
8237 8319 8692 7969
8226 8307 8717 7981
8524 8239 8631 7812
8166 8315 8657 8001
8546 8264 8563 7819
8236 8279 8692 8019
8201 8361 8898 7673
8525 8116 8752 7835
8241 8297 8698 7955
8243 8313 8897 7642
8564 8128 8630 7793
8563 8202 8581 7810
8574 8196 8639 7740
8225 8229 8807 7973
8216 8284 8748 7994
8503 8205 8640 7785
8263 8336 8906 7611
8523 8191 8784 7765
8255 8291 8772 7915
8527 8241 8656 7767
8531 8219 8662 7753
8224 8284 8774 7936
8251 8252 8907 7900
8500 8203 8615 7830
8493 8259 8601 7830
8252 8251 8938 7725
8288 8265 8881 7747
8487 8199 8644 7795
8485 8201 8649 7802
8492 8195 8643 7801
8298 8206 8788 7957
8488 8209 8630 7824
8545 8215 8579 7803
8517 8209 8577 7866
8553 8220 8538 7837
8511 8155 8513 7892
8513 8153 8508 7885
8331 8220 8797 7936
8308 8178 8909 7823
8541 8189 8483 7877
8352 8168 8823 7903
8293 8188 8928 7849
8360 8129 8789 7913
8259 8117 8987 7855
8532 8305 8545 7873
8310 8126 8850 7897
8252 8165 8942 7860
8559 8248 8464 7881
8258 8150 8936 7826
8534 8236 8433 7911
8517 8239 8439 7894
8331 8239 8759 7927
8193 8134 8997 7860
8574 8238 8445 7855
8568 8253 8451 7889
8530 8238 8470 7874
8220 8216 8958 7929
8515 8248 8489 7900
8255 8224 8839 7897
8501 8298 8547 7894
8286 8324 8757 7904
8258 8288 8782 7912
8506 8434 8529 7847
8270 8272 8843 7863
8336 8211 8789 7886
8456 8319 8525 7872
8367 8218 8787 7865
8280 8262 8848 7836
8446 8417 8544 7908
8333 8147 8846 7871
8450 8403 8557 7885
8337 8195 8782 7921
8299 8131 8813 7949
8271 8238 8905 7861
8475 8427 8531 7868
8339 8217 8776 7953
8501 8459 8514 7801
8304 8127 8782 7970
8265 8272 8867 7862
8491 8354 8621 7788
8278 8142 8840 7972
8226 8142 8809 7981
8272 8203 8757 7970
8438 8390 8592 7837
8510 8464 8501 7809
8319 8248 8743 7971
8259 8227 8938 7824
8472 8525 8465 7777
8267 8248 8712 7980
8259 8236 8909 7858
8552 8453 8524 7734
8264 8248 8738 8001
8240 8223 8757 7988
8243 8264 8729 7982
8243 8223 8706 8019
8205 8272 8694 8040
8181 8155 8997 7895
8516 8416 8660 7626
8241 8283 8655 8011
8179 8157 9002 7902
8195 8222 8707 8022
8177 8126 9008 7866
8247 8222 8738 8013
8225 8201 8982 7899
8264 8283 8662 7990
8223 8260 8911 7832
8569 8489 8468 7714
8286 8264 8748 7938
8594 8456 8572 7658
8238 8314 8861 7842
8227 8337 8815 7844
8594 8517 8425 7618
8181 8276 8867 7855
8595 8351 8681 7503
8212 8283 8865 7834
8597 8400 8610 7555
8191 8291 8890 7819
8648 8436 8576 7512
8656 8456 8429 7524
8400 8273 8706 7879
8644 8519 8455 7479
8194 8276 8950 7831
8390 8338 8700 7833
8191 8276 8976 7852
8562 8483 8571 7563
8356 8267 8759 7839
8223 8271 8941 7819
8320 8256 8798 7868
8324 8295 8763 7884
8320 8309 8750 7907
8318 8238 8807 7904
8266 8285 8923 7823
8352 8309 8748 7898
8284 8280 8879 7765
8332 8259 8774 7822
8293 8246 8891 7743
8614 8365 8635 7518
8392 8264 8742 7840
8295 8244 8886 7736
8414 8288 8734 7835
8635 8455 8483 7435
8348 8298 8772 7851
8375 8376 8775 7719
8667 8300 8617 7460
8376 8304 8758 7851
8335 8339 8796 7726
8686 8386 8553 7466
8396 8319 8747 7827
8636 8264 8668 7489
8340 8373 8854 7696
8636 8336 8646 7534
8396 8191 8816 7832
8337 8363 8885 7623
8402 8245 8775 7761
8368 8434 8852 7638
8411 8190 8834 7740
8383 8424 8833 7612
8613 8439 8586 7535
8429 8227 8796 7750
8398 8449 8774 7619
8405 8393 8788 7619
8415 8247 8803 7737
8401 8345 8815 7552
8406 8302 8744 7758
8427 8498 8765 7585
8388 8265 8782 7748
8458 8343 8817 7580
8655 8363 8570 7508
8688 8387 8473 7618
8427 8279 8842 7576
8680 8370 8446 7668
8510 8167 8856 7774
8719 8370 8401 7600
8383 8236 8912 7543
8458 8214 8781 7731
8365 8261 8925 7568
8679 8186 8396 7736
8411 8142 8868 7775
8702 8189 8450 7727
8417 8307 8853 7537
8432 8297 8834 7511
8697 8261 8375 7711
8444 8420 8798 7530
8697 8190 8434 7642
8418 8310 8838 7483
8403 8320 8857 7509
8392 8236 8756 7873
8354 8299 8899 7551
8385 8370 8866 7566
8351 8299 8925 7572
8351 8363 8894 7608
8717 8145 8476 7673
8386 8239 8764 7897
8354 8363 8868 7587
8345 8397 8856 7609
8374 8331 8857 7612
8324 8204 8808 7894
8405 8338 8855 7591
8342 8241 8770 7904
8420 8328 8836 7565
8427 8272 8850 7565
8657 8140 8508 7655
8383 8348 8868 7588
8375 8137 8793 7878
8356 8316 8866 7589
8375 8201 8762 7914
8351 8165 8746 7932
8372 8296 8876 7601
8393 8187 8729 7905
8393 8225 8940 7577
8427 8258 8670 7899
8448 8187 8734 7875
8384 8280 8881 7598
8380 8294 8868 7621
8371 8136 8782 7913
8389 8260 8880 7599
8411 8173 8761 7906
8338 8190 8935 7609
8380 8102 8794 7891
8707 8192 8398 7673
8384 8141 8759 7907
8395 8160 8911 7604
8374 8231 8847 7628
8664 8237 8423 7702
8479 8119 8773 7882
8364 8189 8916 7634
8457 8128 8764 7872
8343 8195 8898 7657
8404 8080 8792 7864
8333 8118 8949 7619
8435 8087 8790 7843
8460 8097 8866 7774
8360 8150 8951 7618
8656 8203 8490 7799
8394 8221 8892 7612
8334 8216 8924 7594
8338 8255 8889 7610
8300 8195 8943 7596
8461 8145 8807 7791
8331 8216 8904 7635
8327 8177 8939 7619
8360 8176 8886 7696
8323 8120 8923 7632
8483 8135 8854 7775
8354 8191 8890 7647
8633 8269 8421 7814
8470 8157 8832 7778
8413 8139 8894 7808
8629 8171 8488 7800
8454 8190 8770 7779
8378 8082 8914 7816
8407 8150 8872 7663
8486 8156 8747 7785
8478 8117 8824 7781
8379 8212 8840 7686
8661 8179 8473 7671
8403 8186 8852 7735
8396 8242 8838 7735
8525 8157 8837 7748
8421 8181 8808 7677
8434 8112 8880 7633
8618 8154 8677 7737
8465 8183 8847 7648
8427 8168 8866 7633
8384 8162 8859 7645
8698 8150 8485 7711
8531 8093 8773 7762
8415 8169 8857 7624
8552 8138 8737 7698
8422 8113 8871 7624
8545 8103 8786 7665
8436 8077 8951 7781
8549 8151 8722 7715
8412 8113 8895 7782
8452 8101 8898 7662
8678 8108 8544 7708
8474 8046 8864 7638
8704 8169 8450 7614
8478 8010 8884 7566
8662 8173 8492 7580
8553 8073 8766 7815
8527 8032 8843 7685
8683 8160 8504 7737
8475 7975 8892 7543
8651 8331 8512 7637
8491 8091 8862 7750
8466 7977 8886 7549
8449 8064 8913 7781
8628 8265 8458 7822
8457 7924 8904 7519
8545 8069 8805 7695
8488 7995 8871 7534
8459 7955 8898 7555
8476 8019 8872 7561
8460 8020 8895 7735
8672 8242 8382 7736
8504 8072 8869 7478
8484 8104 8880 7453
8663 8262 8345 7695
8538 8118 8778 7736
8464 8039 8890 7381
8547 8184 8740 7722
8549 8073 8864 7454
8683 8359 8440 7629
8486 8033 8877 7407
8498 8032 8886 7416
8617 8316 8374 7689
8606 8237 8761 7533
8595 8340 8319 7731
8583 8181 8787 7417
8613 8020 8784 7445
8599 8376 8410 7710
8645 8160 8736 7461
8424 8096 8884 7789
8597 8316 8422 7758
8428 8135 8849 7805
8582 7949 8817 7430
8585 7984 8809 7453
8568 8382 8421 7755
8584 8479 8481 7688
8583 8144 8805 7448
8515 8107 8850 7730
8568 8105 8778 7459
8515 8171 8819 7766
8549 8034 8801 7799
8470 8100 8879 7749
8449 8171 8815 7773
8586 8172 8780 7447
8603 8508 8427 7678
8415 8100 8874 7779
8398 8111 8818 7815
8590 8057 8779 7468
8518 8522 8444 7730
8603 8100 8727 7727
8528 8555 8418 7656
8640 8151 8763 7412
8347 8075 8916 7837
8381 8146 8857 7831
8649 8162 8733 7427
8412 8153 8855 7810
8500 8445 8642 7715
8369 8092 8901 7734
8617 8210 8745 7456
8389 8157 8891 7806
8628 8370 8415 7677
8379 8090 8926 7774
8413 8161 8867 7768
8382 8090 8900 7753
8420 8105 8881 7768
8433 8042 8959 7758
8393 8007 8975 7757
8398 7970 8983 7760
8528 8597 8368 7680
8385 8000 8988 7741
8439 8053 8922 7716
8386 8048 8960 7727
8388 8046 8955 7720
8406 8083 8917 7730
8560 8224 8794 7406
8457 8581 8395 7767
8361 8018 8918 7806
8300 8033 8924 7812
8609 8208 8768 7325
8474 8452 8556 7831
8306 8052 8953 7794
8617 8246 8696 7454
8271 8003 8980 7793
8292 8045 8935 7807
8633 8199 8718 7417
8266 7966 8970 7837
8503 8642 8343 7756
8270 8005 8935 7853
8423 8638 8336 7817
8283 7981 8961 7912
8490 8504 8535 7802
8320 8037 8922 7893
8371 8491 8291 7966
8324 8015 8928 7879
8369 8488 8542 7802
8314 7991 8969 7897
8591 8272 8753 7532
8371 7961 8945 7892
8405 8032 8886 7886
8345 8027 8918 7868
8349 8066 8883 7884
8610 8276 8726 7549
8307 8050 8915 7879
8585 8308 8697 7557
8307 8114 8884 7915
8300 8119 8885 7924
8282 8146 8855 7923
8303 8090 8908 7911
8286 8121 8851 7903
8272 8083 8910 7932
8412 8528 8303 7827
8252 8114 8879 7945
8569 8171 8771 7484
8374 8508 8272 7857
8547 8118 8809 7421
8400 8537 8549 7794
8401 8613 8404 7810
8300 8055 8916 7888
8303 8119 8859 7903
8334 8126 8857 7882
8335 8052 8906 7865
8545 8318 8805 7439
8339 8091 8871 7881
8352 8061 8866 7900
8348 8022 8901 7884
8384 8033 8862 7855
8388 8072 8827 7871
8375 8014 8840 7988
8368 8005 8862 7930
8389 7994 8835 7907
8560 8228 8778 7386
8519 8484 8487 7798
8425 8040 8760 7932
8556 8345 8719 7480
8383 8018 8777 7959
8414 8025 8775 7938
8380 7954 8834 7944
8563 8318 8710 7514
8578 8356 8700 7384
8585 8313 8702 7341
8401 8523 8576 7744
8390 8004 8821 7962
8617 8320 8665 7411
8361 8076 8810 7921
8346 8086 8829 7947
8299 8024 8889 7978
8593 8361 8645 7539
8336 7952 8883 7991
8567 8387 8666 7494
8332 7966 8870 8014
8559 8348 8711 7479
8506 8324 8767 7516
8529 8325 8769 7359
8282 8035 8833 8014
8561 8402 8655 7369
8330 8095 8856 7993
8343 8087 8842 7974
8295 8027 8819 7995
8322 8059 8821 7994
8291 8052 8823 8015
8280 8075 8777 8017
8287 8019 8791 8017
8284 8019 8817 8038
8581 8307 8710 7567
8238 7958 8869 8049
8269 7965 8867 8028
8317 7957 8943 7978
8490 8341 8763 7352
8266 7964 8871 7986
8562 8383 8703 7502
8419 8446 8594 7777
8519 8302 8726 7592
8391 8471 8587 7808
8317 7893 8974 7942
8529 8316 8735 7501
8387 8513 8515 7799
8351 7964 8915 7936
8299 7904 8975 7944
8290 7959 8916 7965
8378 8427 8586 7902
8319 7893 8917 7968
8408 8456 8551 7860
8316 7893 8943 7989
8320 7879 8956 7966
8322 7897 8923 7948
8567 8228 8773 7304
8340 7861 8925 7924
8552 8238 8792 7330
8395 8424 8580 7919
8377 7917 8886 7905
8521 8167 8825 7315
8421 7882 8900 7916
8581 8172 8793 7333
8455 7918 8817 7897
8318 8452 8641 7914
8442 7876 8918 7893
8427 7932 8848 7883
8630 8157 8762 7305
8614 8212 8731 7317
8667 8214 8690 7392
8442 7924 8855 7930
8411 8414 8552 7883
8390 7924 8824 7939
8662 8210 8727 7400
8405 8479 8555 7812
8427 7980 8785 7920
8646 8120 8775 7293
8400 8430 8652 7821
8396 7973 8787 7941
8624 8130 8779 7278
8424 8034 8785 7883
8639 8102 8789 7297
8503 8483 8489 7800
8435 7959 8776 7902
8440 7976 8814 7887
8429 8051 8823 7868
8392 7995 8862 7887
8645 8086 8773 7333
8401 8061 8824 7873
8380 8069 8849 7858
8637 8094 8790 7339
8383 8110 8821 7852
8614 8089 8769 7446
8436 8096 8810 7827
8561 8023 8830 7418
8390 8035 8862 7838
8596 8166 8776 7401
8570 8098 8819 7436
8396 8072 8822 7847
8420 8108 8838 7829
8281 8541 8580 7777
8385 8059 8865 7828
8402 8064 8836 7834
8429 8096 8838 7833
8411 8573 8563 7762
8433 8074 8844 7819
8437 8113 8809 7835
8444 8057 8823 7835
8454 8586 8494 7758
8452 8054 8802 7852
8479 8086 8804 7851
8534 8044 8820 7825
8503 8058 8804 7814
8677 8200 8708 7374
8484 8056 8813 7821
8742 8099 8699 7413
8453 7985 8846 7806
8703 8165 8678 7298
8696 8147 8724 7289
8509 8024 8842 7813
8531 8048 8834 7808
8727 8203 8647 7390
8366 8600 8342 7830
8534 8048 8808 7787
8680 8157 8726 7438
8507 8012 8818 7826
8674 8112 8734 7267
8673 8173 8730 7291
8667 8126 8766 7317
8685 8037 8725 7286
8541 8037 8822 7782
8707 8140 8712 7442
8545 8076 8787 7798
8507 8061 8806 7783
8635 8129 8765 7282
8599 8086 8795 7290
8539 8137 8719 7753
8699 8126 8713 7282
8524 8147 8738 7779
8703 8179 8671 7436
8493 8140 8740 7800
8485 8148 8754 7814
8464 8106 8799 7800
8495 8113 8797 7779
8502 8057 8811 7779
8548 8118 8759 7768
8520 8082 8784 7776
8541 8124 8739 7790
8639 8168 8730 7298
8549 8116 8725 7776
8585 8127 8686 7747
8581 8088 8721 7731
8643 8141 8754 7313
8566 8098 8740 7757
8563 8063 8748 7734
8572 8029 8760 7712
8638 8091 8791 7266
8572 8093 8729 7748
8585 8104 8710 7788
8568 8107 8716 7771
8720 8158 8663 7420
8616 8111 8708 7767
8672 8130 8729 7309
8575 8057 8739 7734
8571 8071 8726 7757
8650 8026 8767 7289
8587 7983 8752 7763
8642 8021 8808 7255
8596 8049 8714 7749
8642 8085 8777 7291
8633 8055 8825 7323
8567 7918 8762 7691
8645 8056 8800 7278
8617 7921 8701 7707
8626 8024 8850 7220
8654 7977 8662 7688
8630 8063 8815 7236
8627 7954 8631 7723
8602 8057 8813 7299
8618 7988 8619 7745
8623 8099 8768 7313
8609 7962 8603 7798
8601 8076 8580 7813
8606 8023 8823 7324
8578 7955 8605 7819
8641 8014 8608 7795
8629 7940 8609 7736
8632 8083 8578 7792
8672 8066 8760 7273
8599 7997 8560 7833
8613 7980 8536 7837
8563 7852 8539 7853
8521 7956 8606 7876
8499 7935 8630 7915
8327 8418 8653 7892
8491 7940 8614 7880
8718 8213 8634 7308
8473 7920 8649 7921
8680 8198 8653 7293
8273 8381 8701 7897
8444 7986 8648 7918
8680 8262 8622 7329
8277 8420 8666 7913
8480 8003 8658 7914
8693 8238 8648 7388
8327 8376 8692 7924
8714 8230 8623 7403
8276 8415 8665 7940
8485 7955 8620 7914
8687 8207 8592 7438
8453 7968 8664 7910
8718 8214 8590 7417
8474 8010 8619 7924
8669 8181 8670 7512
8685 8159 8696 7473
8449 7982 8651 7933
8296 8305 8725 7909
8437 7949 8653 7916
8291 8379 8693 7937
8483 8010 8601 7905
8245 8344 8698 7925
8494 7955 8602 7895
8238 8400 8684 7925
8506 7988 8600 7912
8631 8149 8695 7476
8242 8439 8649 7941
8460 7927 8652 7923
8449 7932 8691 7899
8211 8432 8651 7962
8633 8184 8726 7433
8238 8464 8653 7961
8633 8229 8676 7466
8256 8428 8655 7937
8253 8428 8681 7958
8545 7963 8575 7874
8253 8364 8712 7922
8543 7981 8538 7883
8246 8360 8716 7876
8280 8431 8657 7870
8536 7946 8587 7850
8284 8417 8670 7847
8561 7930 8561 7838
8279 8476 8625 7801
8657 8217 8635 7415
8652 8213 8672 7423
8285 8527 8593 7754
8648 8174 8707 7407
8273 8586 8561 7808
8573 7883 8576 7836
8644 8190 8728 7428
8539 7812 8635 7842
8292 8565 8523 7791
8246 8504 8575 7802
8555 7939 8532 7847
8243 8504 8601 7823
8207 8502 8569 7834
8253 8563 8517 7823
8258 8504 8525 7874
8575 8059 8520 7888
8213 8513 8519 7854
8275 8501 8519 7891
8536 7947 8586 7830
8232 8542 8465 7844
8304 8478 8529 7873
8357 8498 8558 7871
8626 7898 8629 7800
8189 8473 8549 7892
8580 7837 8681 7811
8176 8503 8554 7873
8573 7893 8667 7811
8560 8201 8786 7517
8167 8505 8564 7875
8575 7891 8662 7804
8594 8164 8766 7433
8204 8509 8547 7887
8555 8101 8813 7432
8127 8565 8496 7834
8168 8545 8508 7879
8172 8531 8521 7856
8203 8538 8519 7835
8544 8099 8808 7515
8216 8508 8514 7854
8551 7984 8535 7842
8252 8519 8475 7825
8533 7964 8566 7865
8261 8523 8457 7862
8307 8584 8405 7851
8490 7949 8608 7897
8279 8523 8407 7909
8275 8537 8394 7932
8238 8491 8450 7965
8269 8492 8472 7937
8512 7974 8540 7904
8501 7997 8494 7906
8515 7997 8467 7908
8548 8027 8518 7889
8609 8087 8470 7860
8328 8472 8456 7890
8600 7936 8486 7856
8550 7933 8547 7840
8581 8004 8514 7855
8401 8448 8423 7949
8265 8433 8364 7970
8528 7999 8552 7866
8529 7925 8601 7849
8591 8283 8701 7539
8287 8422 8441 8048
8287 8458 8296 7977
8579 8034 8516 7868
8227 8433 8436 8030
8259 8494 8281 7968
8563 8026 8522 7871
8262 8494 8255 7947
8567 8016 8562 7837
8298 8505 8216 7918
8594 8033 8520 7850
8610 8341 8662 7477
8300 8504 8291 7908
8609 8023 8501 7824
8310 8475 8374 7937
8328 8468 8306 7917
8602 8073 8476 7824
8587 8083 8495 7850
8554 8300 8675 7571
8352 8517 8287 7887
8566 8041 8540 7836
8447 8481 8494 7840
8597 8048 8538 7815
8343 8514 8393 7898
8563 7977 8597 7821
8284 8483 8450 7890
8578 8292 8731 7348
8327 8540 8287 7861
8586 7948 8534 7838
8308 8535 8418 7858
8617 7966 8549 7814
8620 8288 8689 7382
8645 8053 8573 7811
8618 8214 8696 7350
8627 8288 8668 7504
8356 8548 8237 7845
8694 8093 8433 7744
8701 8019 8576 7813
8375 8511 8248 7832
8642 8350 8638 7468
8437 8473 8298 7911
8691 8084 8570 7767
8420 8372 8308 7947
8611 8169 8511 7807
8580 8162 8513 7828
8620 8156 8745 7493
8382 8389 8347 7955
8402 8368 8317 7938
8618 8188 8509 7784
8620 8254 8656 7581
8593 8145 8548 7793
8603 8198 8528 7810
8563 8205 8512 7809
8417 8323 8372 7969
8574 8238 8478 7806
8587 8208 8473 7825
8411 8373 8304 7946
8633 8205 8452 7778
8640 8338 8629 7501
8618 8215 8471 7804
8361 8326 8343 7980
8584 8144 8530 7810
8588 8183 8495 7826
8368 8400 8339 7973
8548 8133 8569 7839
8582 8204 8510 7833
8396 8336 8292 7965
8423 8368 8294 7964
8432 8313 8353 7943
8576 8166 8526 7811
8622 8227 8474 7800
8377 8307 8346 7975
8364 8337 8351 7956
8343 8331 8423 7978
8608 8135 8529 7767
8614 8074 8612 7769
8618 8113 8577 7785
8587 8042 8610 7770
8587 8106 8579 7806
8603 8325 8630 7546
8590 8151 8589 7794
8569 8109 8634 7780
8551 8273 8644 7637
8301 8379 8419 8063
8657 7972 8583 7739
8563 8222 8703 7597
8635 8118 8567 7765
8584 8264 8658 7611
8640 8093 8563 7693
8566 8227 8696 7601
8616 8230 8635 7617
8647 8037 8577 7693
8595 8188 8680 7603
8587 8196 8694 7617
8631 8079 8602 7749
8574 8193 8708 7592
8641 8103 8561 7731
8613 8215 8667 7510
8656 8128 8502 7738
8632 8236 8677 7428
8623 8231 8690 7420
8635 8223 8565 7733
8656 8231 8667 7483
8583 8157 8562 7774
8691 8261 8593 7416
8629 8218 8510 7763
8655 8254 8647 7476
8614 8164 8560 7753
8636 8149 8614 7716
8601 8152 8624 7739
8648 8160 8710 7440
8579 8167 8570 7776
8596 8156 8626 7740
8617 8146 8776 7420
8630 8227 8567 7734
8631 8153 8616 7717
8316 8353 8531 7938
8624 8201 8571 7722
8586 8186 8590 7707
8572 8081 8771 7460
8586 8250 8559 7743
8553 8124 8769 7529
8593 8269 8602 7671
8534 8086 8800 7531
8552 8123 8762 7541
8334 8365 8411 8000
8307 8373 8403 7976
8525 8308 8651 7652
8296 8396 8357 7978
8525 8244 8682 7616
8307 8373 8328 8047
8563 8259 8663 7631
8296 8314 8458 8032
8532 8188 8696 7616
8258 8378 8356 8099
8532 8252 8665 7652
8539 8075 8812 7442
8281 8324 8477 8058
8526 8304 8689 7602
8295 8316 8426 8107
8520 8229 8734 7577
8585 8014 8789 7512
8257 8346 8394 8105
8515 8298 8712 7659
8554 7943 8822 7497
8561 8000 8809 7497
8305 8248 8391 8091
8547 8063 8777 7533
8510 8357 8667 7613
8526 8240 8720 7566
8549 8039 8802 7471
8559 8089 8789 7489
8508 8340 8680 7632
8487 8288 8729 7621
8478 8343 8670 7642
8541 8135 8796 7492
8469 8374 8675 7700
8552 8137 8807 7469
8543 8454 8625 7573
8534 8100 8845 7459
8520 8531 8639 7645
8432 8573 8576 7615
8457 8490 8573 7738
8540 8128 8805 7475
8516 8541 8567 7606
8546 8041 8846 7457
8542 8055 8833 7480
8524 8018 8871 7470
8411 8509 8594 7726
8528 8057 8836 7486
8535 8001 8850 7486
8468 8539 8552 7731
8581 8035 8816 7495
8466 8545 8536 7745
8599 7973 8787 7454
8329 8224 8404 8061
8592 8029 8773 7454
8607 8061 8757 7486
8628 8050 8730 7463
8432 8503 8600 7708
8597 8011 8770 7468
8569 8002 8818 7478
8550 7964 8849 7480
8265 8351 8353 8139
8462 8494 8630 7736
8284 8287 8317 8194
8596 8025 8797 7469
8294 8092 8312 8113
8578 7991 8775 7528
8312 8259 8292 8089
8580 7989 8770 7521
8518 8491 8610 7653
8614 8060 8711 7515
8625 8054 8769 7445
8627 8145 8721 7466
8258 8066 8375 8125
8498 8493 8649 7500
8640 8060 8718 7484
8265 8010 8389 8125
8464 8563 8592 7568
8654 8088 8729 7458
8257 8005 8430 8091
8252 8174 8450 8075
8310 8084 8496 8035
8641 8137 8699 7511
8700 8149 8677 7447
8321 8185 8481 8057
8549 8505 8554 7650
8307 8247 8453 8041
8624 8140 8705 7494
8647 8135 8744 7424
8669 8143 8701 7448
8335 8214 8451 8046
8677 8148 8660 7482
8547 8480 8636 7530
8645 8182 8683 7476
8658 8127 8694 7474
8665 8193 8646 7452
8704 8188 8642 7463
8679 8217 8571 7501
8353 8308 8401 8030
8673 8156 8666 7492
8615 8184 8688 7487
8622 8160 8726 7489
8618 8227 8679 7478
8352 8192 8479 8036
8359 8136 8493 8036
8631 8197 8674 7497
8380 8178 8448 8050
8651 8183 8680 7474
8363 8136 8451 8024
8397 8207 8392 8018
8365 8512 8615 7773
8670 8244 8628 7450
8366 8200 8394 8039
8688 8281 8590 7460
8412 8261 8342 8028
8668 8205 8584 7469
8391 8219 8387 8014
8709 8249 8547 7479
8422 8226 8385 7993
8724 8184 8534 7465
8439 8223 8379 8010
8678 8123 8586 7476
8460 8265 8334 8024
8699 8165 8541 7490
8426 8266 8304 8008
8709 8158 8574 7501
8409 8269 8310 7991
8678 8087 8607 7486
8388 8275 8292 8014
8412 8311 8308 7996
8724 8148 8555 7475
8372 8295 8282 8002
8728 8187 8520 7491
8389 8442 8294 7987
8315 8286 8376 8045
8435 8447 8604 7754
8713 8224 8543 7459
8682 8217 8545 7480
8504 8496 8548 7724
8724 8239 8528 7453
8759 8296 8508 7445
8711 8228 8547 7413
8696 8238 8566 7439
8336 8255 8389 8070
8701 8203 8580 7438
8483 8362 8692 7640
8429 8396 8654 7720
8429 8439 8657 7693
8728 8163 8622 7454
8477 8484 8611 7710
8682 8094 8731 7395
8449 8359 8686 7697
8277 8297 8556 8071
8419 8318 8674 7754
8306 8292 8506 8050
8415 8332 8661 7777
8332 8215 8482 8033
8428 8302 8656 7796
8360 8224 8434 8023
8372 8286 8352 7996
8347 8318 8323 8004
8316 8311 8325 8025
8478 8386 8591 7767
8337 8353 8280 8039
8704 8105 8720 7419
8336 8363 8262 8020
8669 8108 8730 7442
8310 8373 8302 8026
8669 8117 8701 7476
8293 8357 8355 8076
8478 8438 8569 7808
8638 8110 8703 7497
8642 8149 8668 7513
8310 8306 8302 8066
8634 8207 8675 7488
8630 8168 8710 7472
8279 8346 8272 8148
8297 8300 8263 8142
8318 8261 8228 8069
8329 8186 8219 8088
8466 8394 8547 7833
8315 8187 8355 8090
8608 8269 8747 7549
8306 8242 8296 8111
8592 8252 8711 7557
8484 8391 8556 7751
8550 8236 8743 7552
8311 8324 8290 8115
8298 8375 8218 8138
8269 8370 8220 8068
8570 8270 8755 7509
8271 8311 8291 8135
8495 8330 8709 7586
8252 8314 8270 8149
8494 8370 8693 7569
8489 8427 8687 7514
8585 8387 8631 7569
8455 8477 8545 7777
8272 8261 8337 8114
8257 8271 8356 8140
8208 8343 8425 8126
8534 8451 8604 7640
8241 8339 8358 8118
8499 8448 8562 7745
8252 8365 8461 8056
8617 8490 8500 7548
8245 8413 8416 8061
8429 8422 8599 7787
8241 8374 8451 8045
8306 8310 8484 8037
8405 8486 8556 7779
8235 8311 8458 8089
8239 8350 8423 8105
8353 8459 8593 7855
8230 8289 8525 8094
8421 8491 8565 7769
8486 8392 8695 7491
8195 8373 8430 8107
8203 8365 8416 8093
8234 8372 8414 8072
8544 8445 8644 7507
8195 8422 8465 8058
8192 8440 8425 8074
8198 8450 8439 8069
8505 8449 8605 7707
8223 8394 8471 8014
8226 8429 8463 8037
8195 8404 8535 8041
8231 8433 8426 8029
8202 8436 8452 8046
8209 8395 8440 8059
8255 8456 8388 8048
8470 8320 8638 7795
8239 8511 8375 8047
8506 8392 8576 7745
8537 8464 8578 7588
8252 8464 8356 8011
8481 8386 8565 7746
8265 8434 8351 8030
8208 8440 8408 8032
8449 8440 8569 7774
8236 8446 8410 7969
8436 8481 8546 7743
8221 8456 8429 7995
8572 8406 8647 7588
8189 8469 8473 7991
8552 8433 8584 7545
8179 8504 8430 8026
8518 8389 8660 7582
8158 8462 8475 8012
8396 8519 8613 7752
8522 8401 8654 7592
8517 8358 8670 7558
8198 8468 8491 7981
8551 8429 8611 7552
8221 8491 8461 7960
8183 8427 8492 7988
8170 8457 8497 7969
8180 8507 8484 7987
8362 8448 8672 7758
8163 8529 8463 7912
8366 8487 8637 7774
8586 8409 8600 7544
8138 8510 8470 7937
8352 8425 8688 7804
8117 8518 8495 7922
8335 8480 8639 7795
8146 8515 8469 7905
8331 8441 8674 7779
8227 8497 8527 7895
8113 8524 8476 7914
8367 8452 8635 7750
8570 8333 8681 7559
8124 8555 8480 7900
8371 8491 8600 7766
8388 8436 8649 7775
8557 8298 8699 7598
8258 8548 8418 7910
8409 8467 8632 7823
8297 8503 8451 7885
8405 8403 8647 7729
8509 8230 8738 7566
8540 8301 8705 7581
8277 8555 8416 7833
8429 8503 8626 7729
8536 8262 8740 7565
8304 8498 8493 7874
8378 8512 8439 7817
8585 8323 8662 7533
8313 8482 8475 7916
8469 8454 8576 7712
8539 8326 8683 7580
8505 8385 8636 7671
8543 8351 8650 7512
8564 8280 8714 7488
8531 8422 8568 7720
8589 8412 8598 7501
8346 8512 8421 7847
8582 8377 8647 7468
8483 8300 8658 7733
8567 8323 8697 7458
8279 8483 8445 7900
8462 8371 8594 7757
8325 8544 8393 7889
8473 8365 8652 7687
8563 8387 8676 7495
8317 8468 8488 7893
8532 8351 8727 7524
8522 8274 8778 7486
8445 8401 8604 7758
8553 8310 8727 7457
8572 8325 8729 7454
8248 8489 8502 7910
8424 8377 8644 7739
8561 8334 8719 7443
8435 8383 8635 7718
8562 8270 8770 7444
8230 8487 8420 7968
8574 8326 8705 7424
8261 8494 8418 7947
8594 8294 8694 7449
8274 8464 8413 7966
8573 8302 8719 7434
8566 8358 8705 7434
8253 8481 8431 7939
8466 8483 8553 7725
8517 8297 8783 7466
8498 8282 8781 7469
8204 8420 8509 7971
8552 8353 8756 7472
8155 8452 8496 7971
8189 8523 8437 7965
8342 8461 8643 7828
8528 8329 8749 7475
8200 8517 8495 7895
8218 8554 8457 7905
8406 8483 8528 7805
8197 8512 8502 7891
8458 8435 8555 7834
8550 8237 8772 7427
8177 8477 8545 7888
8546 8251 8759 7450
8223 8538 8493 7877
8219 8499 8528 7861
8495 8260 8787 7467
8174 8468 8535 7944
8170 8482 8522 7967
8177 8426 8536 7967
8521 8282 8789 7457
8216 8493 8464 7978
8539 8315 8744 7540
8227 8438 8465 7968
8511 8214 8780 7510
8220 8494 8451 7968
8542 8285 8747 7525
8174 8433 8503 7979
8488 8209 8786 7492
8357 8360 8676 7797
8521 8291 8729 7548
8321 8419 8688 7814
8514 8347 8715 7548
8143 8377 8587 7998
8334 8435 8649 7814
8515 8351 8688 7541
8295 8433 8643 7846
8536 8280 8752 7517
8303 8459 8637 7860
8146 8425 8530 7993
8329 8444 8579 7858
8496 8245 8768 7516
8218 8408 8545 8016
8492 8206 8803 7500
8149 8421 8516 8010
8373 8500 8583 7763
8491 8280 8754 7517
8484 8245 8803 7484
8193 8421 8491 7991
8515 8316 8770 7499
8219 8415 8504 8015
8361 8417 8659 7772
8512 8281 8778 7476
8186 8427 8471 8015
8389 8478 8657 7714
8516 8320 8743 7492
8485 8299 8782 7453
8464 8370 8718 7477
8173 8435 8485 8034
8481 8367 8712 7494
8431 8407 8648 7662
8518 8423 8673 7475
8204 8471 8434 8005
8435 8393 8661 7639
8468 8467 8668 7579
8427 8388 8702 7605
8423 8402 8689 7628
8422 8419 8773 7612
8403 8462 8669 7625
8179 8347 8584 7982
8489 8460 8672 7630
8210 8418 8551 7997
8177 8349 8589 7989
8393 8415 8693 7631
8223 8410 8537 7978
8405 8434 8690 7618
8414 8516 8740 7603
8231 8415 8496 8012
8185 8354 8548 8023
8445 8523 8738 7582
8182 8354 8574 8044
8211 8288 8575 8047
8232 8330 8530 8061
8467 8468 8690 7561
8256 8255 8601 8057
8460 8394 8693 7564
8236 8287 8612 8032
8229 8343 8598 8032
8240 8268 8589 8051
8268 8329 8587 7993
8276 8355 8581 8007
8271 8389 8512 7959
8279 8379 8506 7978
8276 8379 8532 7999
8234 8314 8507 8054
8258 8350 8523 8036
8539 8511 8526 7618
8219 8312 8479 8096
8493 8567 8515 7701
8179 8296 8453 8102
8549 8561 8513 7636
8166 8326 8458 8083
8216 8352 8414 8083
8237 8386 8381 8084
8258 8428 8336 8098
8189 8409 8310 8117
8192 8450 8282 8111
8531 8546 8516 7707
8155 8394 8321 8130
8563 8523 8394 7660
8183 8455 8319 8072
8249 8423 8349 8090
8513 8581 8535 7637
8270 8441 8307 8045
8583 8623 8317 7540
8242 8380 8309 8103
8499 8654 8370 7631
8468 8588 8559 7500
8508 8613 8509 7660
8212 8367 8388 8109
8427 8697 8478 7540
8228 8381 8394 8076
8256 8447 8356 8038
8456 8665 8341 7649
8282 8432 8298 8036
8322 8443 8328 7994
8484 8651 8443 7736
8325 8430 8343 7977
8450 8628 8520 7589
8473 8623 8551 7441
8473 8665 8342 7444
8349 8466 8359 7959
8314 8477 8285 7967
8451 8645 8458 7741
8436 8593 8594 7533
8350 8449 8336 7952
8371 8441 8311 7967
8349 8426 8268 7993
8361 8715 8339 7461
8386 8482 8229 7974
8407 8471 8202 7951
8398 8505 8190 7973
8396 8474 8196 7937
8381 8484 8215 7963
8396 8455 8240 7970
8387 8450 8253 7962
8402 8440 8234 7936
8407 8432 8286 7968
8443 8412 8381 7913
8458 8402 8362 7887
8462 8441 8327 7903
8447 8378 8431 7889
8467 8472 8447 7845
8428 8460 8301 7849
8517 8532 8577 7610
8471 8546 8560 7523
8443 8537 8608 7533
8415 8598 8596 7605
8372 8570 8292 7837
8382 8562 8590 7648
8403 8621 8646 7548
8434 8634 8549 7623
8425 8629 8562 7615
8418 8692 8491 7532
8376 8676 8523 7527
8405 8596 8268 7828
8355 8747 8459 7551
8315 8710 8480 7558
8319 8749 8445 7574
8339 8575 8387 7838
8275 8724 8608 7578
8312 8693 8486 7572
8298 8701 8610 7619
8332 8529 8401 7836
8327 8722 8455 7572
8367 8681 8504 7635
8315 8648 8511 7681
8377 8577 8388 7828
8401 8603 8572 7620
8402 8596 8381 7803
8283 8592 8576 7653
8303 8585 8704 7585
8311 8653 8574 7595
8372 8614 8648 7569
8315 8628 8570 7575
8406 8600 8397 7759
8369 8592 8595 7629
8399 8683 8413 7655
8407 8572 8726 7603
8369 8645 8630 7549
8313 8667 8586 7489
8393 8608 8666 7546
8378 8706 8301 7612
8391 8682 8327 7671
8422 8689 8325 7650
8309 8692 8590 7509
8365 8710 8517 7491
8520 8599 8517 7700
8342 8733 8580 7458
8423 8579 8496 7779
8438 8645 8543 7602
8448 8681 8544 7500
8402 8659 8571 7541
8348 8686 8556 7429
8357 8683 8603 7423
8385 8681 8454 7682
8470 8582 8579 7447
8352 8588 8512 7714
8506 8593 8540 7418
8339 8620 8506 7693
8526 8548 8543 7598
8334 8642 8468 7703
8573 8613 8449 7422
8294 8634 8471 7689
8523 8610 8510 7406
8508 8620 8529 7432
8527 8573 8592 7413
8505 8619 8533 7390
8483 8573 8617 7432
8529 8489 8633 7383
8279 8650 8497 7704
8288 8616 8509 7682
8565 8520 8555 7484
8474 8564 8637 7425
8333 8673 8484 7678
8420 8532 8662 7584
8423 8557 8665 7530
8396 8569 8695 7617
8334 8679 8461 7647
8419 8547 8682 7493
8433 8601 8534 7672
8423 8537 8588 7730
8416 8621 8548 7631
8415 8682 8466 7606
8469 8597 8493 7726
8472 8563 8540 7656
8416 8557 8579 7595
8413 8569 8588 7627
8431 8536 8598 7627
8461 8570 8550 7598
8388 8573 8601 7634
8410 8609 8568 7610
8436 8571 8550 7570
8421 8581 8569 7596
8364 8517 8697 7628
8334 8576 8720 7659
8354 8552 8723 7638
8462 8565 8582 7568
8505 8545 8567 7690
8525 8483 8576 7491
8566 8446 8604 7467
8618 8506 8544 7459
8584 8435 8603 7465
8575 8490 8544 7486
8578 8490 8518 7465
8591 8536 8516 7598
8604 8459 8583 7514
8629 8467 8499 7426
8623 8528 8416 7424
8644 8457 8480 7400
8647 8457 8493 7391
8634 8471 8462 7418
8649 8461 8443 7392
8628 8532 8379 7416
8612 8532 8442 7600
8563 8587 8417 7442
8530 8550 8528 7530
8568 8567 8416 7443
8553 8544 8519 7666
8616 8468 8588 7401
8602 8528 8528 7404
8577 8487 8559 7342
8580 8522 8551 7365
8559 8480 8596 7351
8546 8504 8570 7292
8552 8489 8564 7258
8550 8491 8569 7265
8567 8488 8563 7282
8613 8549 8511 7271
8579 8550 8481 7255
8600 8592 8436 7269
8556 8592 8461 7288
8549 8592 8496 7608
8562 8641 8424 7290
8512 8633 8436 7331
8525 8609 8462 7390
8556 8616 8460 7369
8525 8427 8671 7412
8585 8432 8639 7430
8582 8397 8647 7407
8585 8461 8590 7422
8621 8472 8551 7393
8657 8422 8536 7356
8624 8379 8603 7533
8611 8409 8608 7514
8663 8392 8593 7482
8665 8329 8630 7327
8617 8365 8609 7497
8675 8430 8510 7377
8690 8420 8491 7351
8693 8455 8483 7374
8633 8450 8515 7356
8637 8489 8480 7372
8640 8447 8481 7395
8673 8403 8505 7419
8712 8431 8486 7468
8674 8444 8464 7422
8709 8396 8494 7445
8621 8401 8522 7588
8630 8397 8563 7532
8672 8434 8449 7610
8638 8431 8456 7527
8654 8514 8402 7480
8650 8475 8437 7464
8635 8485 8456 7490
8595 8489 8543 7539
8600 8493 8506 7531
8561 8418 8602 7545
8565 8457 8567 7561
8586 8386 8631 7537
8573 8402 8607 7542
8617 8429 8578 7533
8625 8348 8648 7527
8661 8359 8609 7498
8664 8331 8607 7387
8670 8316 8601 7353
8701 8387 8568 7368
8638 8376 8618 7350
8623 8386 8637 7376
8589 8315 8696 7382
8593 8354 8661 7398
8653 8264 8624 7440
8651 8326 8627 7508
8665 8320 8586 7424
8645 8333 8581 7507
8612 8289 8664 7522
8606 8304 8670 7556
8609 8304 8644 7535
8596 8326 8622 7538
8581 8336 8641 7564
8518 8325 8691 7546
8524 8374 8654 7548
8551 8373 8584 7669
8533 8396 8615 7616
8561 8454 8544 7698
8548 8386 8596 7590
8485 8345 8693 7611
8504 8354 8667 7655
8527 8383 8603 7704
8517 8302 8643 7675
8568 8669 8333 7592
8495 8615 8405 7615
8488 8663 8360 7620
8503 8570 8538 7635
8500 8539 8518 7728
8523 8593 8405 7688
8492 8586 8407 7709
8500 8536 8370 7738
8497 8593 8380 7754
8466 8586 8382 7775
8503 8532 8463 7756
8461 8548 8419 7779
8409 8548 8388 7788
8406 8548 8414 7809
8409 8519 8437 7796
8431 8529 8551 7750
8414 8575 8514 7742
8542 8469 8448 7723
8530 8462 8464 7751
8556 8415 8503 7847
8516 8449 8495 7775
8442 8368 8598 7823
8469 8378 8565 7820
8514 8389 8548 7816
8446 8407 8563 7839
8448 8369 8574 7836
8500 8444 8521 7773
8482 8407 8559 7763
8485 8438 8564 7726
8447 8411 8581 7738
8477 8507 8526 7752
8468 8441 8564 7766
8507 8455 8539 7717
8492 8465 8558 7743
8492 8415 8552 7767
8488 8429 8539 7790
8471 8458 8460 7822
8502 8465 8458 7801
8458 8371 8586 7798
8416 8397 8585 7851
8415 8400 8565 7860
8347 8420 8588 7923
8408 8440 8541 7919
8419 8385 8542 7909
8402 8335 8596 7853
8433 8406 8563 7868
8395 8391 8582 7853
8395 8455 8551 7889
8364 8442 8572 7871
8391 8410 8605 7834
8395 8449 8570 7850
8450 8468 8526 7845
8446 8429 8561 7829
8504 8424 8505 7851
8454 8448 8549 7834
8448 8458 8502 7849
8427 8416 8547 7835
8451 8438 8580 7761
8511 8443 8548 7779
8483 8382 8550 7837
8454 8384 8580 7798
8480 8318 8607 7822
8460 8330 8572 7835
8464 8317 8578 7835
8484 8305 8613 7822
8518 8376 8554 7816
8487 8369 8556 7837
8508 8411 8511 7851
8525 8408 8505 7868
8513 8345 8527 7823
8510 8345 8553 7844
8482 8309 8578 7852
8475 8365 8564 7852
8507 8305 8547 7855
8535 8341 8522 7847
8539 8337 8445 7891
8518 8295 8490 7877
8489 8361 8489 7874
8477 8305 8540 7903
8424 8273 8610 7917
8460 8284 8571 7888
8515 8284 8576 7858
8491 8248 8560 7876
8537 8309 8508 7865
8478 8241 8596 7842
8463 8251 8615 7868
8442 8259 8640 7853
8463 8301 8595 7867
8484 8320 8611 7797
8520 8331 8572 7768
8526 8316 8566 7734
8576 8319 8505 7750
8583 8263 8519 7750
8572 8286 8473 7752
8585 8278 8459 7733
8609 8271 8415 7690
8658 8383 8475 7602
8624 8471 8494 7639
8618 8510 8381 7575
8546 8502 8478 7699
8576 8444 8525 7672
8601 8353 8519 7606
8602 8292 8526 7572
8596 8307 8532 7606
8563 8385 8605 7643
8536 8349 8615 7682
8566 8352 8583 7614
8577 8346 8641 7544
8437 8387 8664 7638
8432 8443 8663 7633
8410 8419 8671 7638
8437 8549 8628 7557
8538 8526 8522 7516
8542 8615 8427 7597
8554 8494 8464 7685
8658 8514 8341 7583
8634 8482 8400 7597
8619 8476 8456 7600
8628 8484 8450 7542
8637 8489 8437 7550
8649 8472 8381 7571
8663 8429 8462 7602
8664 8448 8380 7573
8711 8384 8332 7563
8706 8384 8437 7573
8697 8392 8460 7626
8641 8363 8482 7595
8678 8419 8443 7576
8609 8374 8436 7657
8613 8318 8476 7678
8664 8351 8457 7636
8659 8328 8491 7654
8627 8437 8408 7652
8638 8382 8409 7642
8635 8463 8362 7574
8599 8469 8462 7662
8608 8510 8490 7619
8639 8396 8478 7530
8664 8331 8495 7521
8698 8402 8436 7515
8678 8360 8545 7474
8685 8395 8496 7507
8682 8360 8504 7484
8686 8399 8469 7500
8658 8393 8467 7563
8694 8404 8428 7534
8704 8496 8404 7544
8717 8372 8391 7538
8763 8433 8339 7527
8742 8391 8384 7513
8733 8493 8378 7527
8745 8355 8385 7480
8764 8384 8331 7470
8754 8300 8444 7459
8758 8339 8409 7475
8713 8391 8460 7476
8747 8364 8397 7464
8711 8353 8436 7493
8738 8385 8438 7492
8707 8378 8440 7513
8743 8389 8401 7484
8730 8458 8386 7504
8742 8399 8383 7465
8693 8338 8461 7497
8710 8327 8517 7461
8744 8398 8458 7455
8713 8327 8491 7440
8702 8414 8414 7478
8722 8506 8382 7495
8686 8495 8421 7524
8665 8500 8433 7516
8707 8537 8376 7538
8636 8587 8322 7629
8592 8540 8329 7555
8620 8543 8327 7465
8611 8538 8340 7457
8584 8575 8341 7499
8566 8538 8379 7489
8559 8586 8334 7494
8555 8547 8369 7478
8558 8582 8361 7501
8573 8572 8342 7475
8587 8559 8338 7503
8572 8569 8357 7529
8573 8573 8330 7522
8558 8590 8341 7592
8543 8600 8360 7618
8586 8555 8335 7589
8649 8528 8292 7614
8646 8547 8299 7664
8664 8582 8242 7624
8658 8533 8279 7622
8654 8494 8314 7606
8642 8508 8334 7648
8632 8458 8347 7630
8627 8518 8353 7674
8628 8492 8353 7612
8642 8520 8336 7576
8680 8420 8441 7502
8665 8430 8460 7528
8701 8441 8421 7499
8672 8444 8447 7516
8676 8445 8434 7506
8702 8422 8411 7512
8715 8468 8405 7530
8684 8397 8438 7515
8722 8412 8419 7530
8680 8396 8451 7525
8684 8435 8416 7541
8639 8437 8431 7524
8670 8508 8398 7539
8642 8472 8423 7547
8669 8504 8425 7546
8578 8461 8501 7606
8582 8500 8466 7622
8553 8446 8492 7699
8515 8495 8480 7720
8534 8515 8573 7676
8480 8476 8571 7717
8484 8515 8536 7733
8463 8510 8598 7687
8502 8546 8524 7689
8524 8542 8520 7661
8520 8535 8548 7664
8489 8583 8538 7573
8462 8552 8561 7671
8426 8543 8597 7595
8435 8609 8559 7581
8450 8599 8540 7555
8444 8614 8546 7589
8426 8577 8584 7579
8411 8587 8603 7605
8409 8538 8604 7654
8427 8552 8578 7685
8434 8587 8522 7630
8428 8574 8534 7701
8458 8566 8548 7694
8425 8614 8469 7688
8438 8590 8495 7747
8394 8604 8480 7719
8315 8567 8569 7777
8322 8519 8614 7772
8322 8479 8620 7797
8356 8550 8561 7791
8325 8543 8563 7812
8371 8604 8511 7801
8382 8549 8512 7791
8413 8556 8510 7770
8367 8495 8562 7781
8394 8527 8564 7780
8401 8497 8575 7772
8366 8504 8564 7816
8373 8505 8547 7795
8360 8538 8526 7817
8355 8480 8574 7798
8401 8541 8522 7787
8422 8478 8585 7787
8466 8478 8560 7768
8456 8428 8573 7750
8419 8372 8612 7769
8416 8372 8638 7790
8395 8380 8663 7775
8339 8449 8662 7745
8301 8385 8693 7773
8310 8451 8655 7759
8349 8457 8651 7768
8356 8450 8653 7725
8390 8521 8594 7719
8411 8450 8658 7695
8396 8545 8580 7706
8399 8491 8580 7743
8396 8491 8606 7764
8427 8462 8588 7765
8442 8452 8569 7739
8476 8523 8510 7733
8445 8516 8512 7754
8472 8508 8520 7778
8420 8508 8489 7787
8451 8515 8487 7766
8422 8478 8604 7742
8503 8445 8616 7694
8487 8420 8643 7638
8492 8478 8595 7657
8465 8510 8562 7694
8465 8508 8588 7697
8469 8547 8553 7713
8494 8513 8576 7658
8534 8422 8542 7699
8580 8483 8490 7688
8529 8378 8633 7685
8563 8449 8574 7679
8554 8419 8593 7665
8558 8458 8558 7681
8527 8387 8591 7666
8527 8451 8560 7702
8514 8481 8565 7683
8507 8483 8571 7677
8538 8490 8569 7656
8553 8480 8550 7630
8568 8505 8491 7637
8564 8466 8526 7621
8608 8446 8521 7583
8593 8464 8496 7660
8560 8465 8549 7583
8531 8531 8548 7580
8482 8565 8551 7607
8542 8506 8550 7589
8527 8481 8609 7582
8518 8536 8550 7603
8533 8526 8531 7577
8536 8561 8523 7600
8532 8522 8558 7584
8461 8566 8574 7608
8430 8559 8576 7629
8522 8509 8578 7582
8526 8484 8574 7562
8489 8524 8641 7666
8467 8482 8653 7621
8498 8489 8651 7600
8471 8507 8655 7577
8455 8503 8748 7510
8419 8525 8674 7510
8380 8562 8864 7573
8396 8522 8781 7576
8426 8540 8688 7423
8439 8532 8674 7404
8462 8462 8712 7501
8465 8482 8696 7389
8446 8466 8767 7459
8424 8482 8808 7534
8427 8525 8713 7435
8485 8396 8747 7380
8501 8354 8722 7324
8461 8360 8731 7398
8507 8421 8679 7387
8466 8387 8696 7431
8519 8435 8668 7439
8473 8374 8720 7450
8468 8433 8675 7404
8496 8437 8656 7384
8524 8443 8658 7321
8479 8445 8673 7304
8484 8528 8648 7394
8486 8491 8659 7306
8417 8552 8736 7531
8429 8527 8695 7350
8447 8582 8641 7402
8457 8564 8637 7488
8470 8512 8671 7496
8436 8549 8656 7410
8421 8559 8675 7436
8425 8488 8826 7529
8466 8482 8680 7456
8463 8544 8654 7421
8489 8558 8611 7398
8446 8562 8639 7440
8443 8565 8620 7418
8467 8583 8619 7437
8493 8597 8576 7414
8508 8542 8604 7429
8499 8537 8617 7421
8545 8598 8565 7410
8479 8608 8603 7426
8472 8594 8609 7390
8457 8604 8628 7416
8454 8539 8663 7338
8458 8578 8628 7354
8431 8572 8658 7466
8476 8633 8574 7406
8461 8587 8580 7447
8461 8536 8663 7518
8434 8566 8653 7459
8435 8570 8626 7452
8430 8566 8663 7460
8437 8476 8784 7530
8485 8502 8652 7470
8488 8537 8644 7493
8428 8532 8676 7475
8466 8501 8677 7517
8418 8559 8647 7504
8370 8610 8662 7486
8408 8561 8640 7504
8408 8625 8609 7540
8414 8610 8603 7506
8411 8625 8583 7519
8375 8627 8569 7542
8406 8634 8567 7521
8370 8623 8606 7550
8367 8623 8632 7571
8376 8589 8644 7549
8316 8628 8643 7504
8272 8626 8661 7490
8310 8670 8609 7477
8276 8665 8626 7506
8306 8697 8602 7484
8327 8725 8623 7464
8325 8726 8548 7474
8327 8661 8654 7428
8296 8654 8656 7449
8274 8695 8641 7511
8241 8659 8668 7648
8272 8734 8564 7506
8266 8745 8649 7606
8275 8755 8564 7482
8290 8745 8545 7456
8285 8805 8551 7500
8279 8635 8635 7467
8264 8677 8708 7612
8277 8695 8615 7490
8276 8704 8643 7444
8292 8741 8609 7449
8306 8679 8665 7427
8291 8750 8637 7403
8268 8716 8673 7628
8267 8738 8631 7466
8282 8728 8612 7440
8340 8659 8587 7426
8355 8684 8528 7433
8337 8715 8614 7398
8303 8644 8673 7404
8304 8623 8662 7457
8334 8603 8814 7542
8335 8659 8611 7428
8352 8639 8673 7431
8292 8634 8705 7413
8270 8657 8700 7420
8223 8645 8733 7611
8231 8570 8758 7701
8192 8609 8784 7640
8265 8568 8759 7625
8296 8566 8753 7654
8237 8555 8752 7667
8223 8709 8702 7647
8195 8673 8727 7655
8242 8754 8602 7543
8267 8749 8622 7599
8257 8725 8663 7617
8241 8629 8674 7701
8247 8708 8631 7650
8219 8702 8629 7713
8255 8713 8590 7684
8271 8685 8643 7562
8226 8680 8725 7634
8185 8657 8739 7645
8182 8622 8747 7622
8171 8628 8689 7692
8226 8575 8724 7691
8140 8621 8691 7713
8161 8613 8666 7728
8212 8598 8659 7761
8253 8542 8598 7781
8227 8652 8609 7771
8276 8546 8667 7744
8286 8532 8685 7726
8265 8603 8621 7750
8261 8564 8656 7734
8246 8574 8675 7760
8243 8573 8679 7718
8215 8567 8677 7781
8251 8578 8638 7752
8266 8568 8619 7726
8281 8593 8560 7733
8256 8589 8638 7669
8287 8596 8636 7648
8312 8590 8656 7650
8309 8580 8687 7577
8288 8651 8623 7601
8252 8640 8662 7630
8256 8652 8609 7679
8232 8624 8687 7693
8235 8663 8636 7702
8189 8602 8688 7713
8204 8538 8756 7702
8241 8594 8717 7683
8247 8614 8668 7667
8231 8506 8789 7665
8235 8545 8754 7681
8318 8515 8819 7640
8225 8531 8780 7632
8337 8522 8720 7696
8341 8507 8686 7655
8307 8500 8714 7697
8299 8555 8687 7686
8310 8480 8678 7705
8281 8546 8677 7702
8245 8535 8716 7731
8276 8542 8714 7710
8327 8573 8751 7633
8332 8577 8714 7625
8411 8547 8722 7583
8358 8499 8879 7508
8428 8401 8842 7470
8397 8330 8875 7455
8396 8450 8891 7487
8390 8450 8830 7491
8347 8493 8902 7565
8369 8400 8894 7436
8327 8428 8912 7493
8358 8435 8910 7472
8365 8379 8924 7472
8368 8414 8916 7495
8308 8409 8948 7477
8339 8480 8915 7492
8354 8470 8896 7466
8387 8469 8843 7543
8375 8388 8895 7483
8360 8398 8914 7509
8333 8366 8912 7510
8330 8366 8938 7531
8359 8300 8939 7534
8352 8356 8925 7534
8321 8349 8927 7555
8357 8360 8888 7526
8387 8392 8864 7504
8394 8417 8859 7514
8433 8413 8831 7542
8440 8478 8807 7503
8395 8448 8797 7588
8384 8442 8820 7645
8350 8461 8833 7587
8367 8462 8828 7574
8314 8476 8854 7624
8314 8436 8860 7649
8348 8507 8801 7643
8339 8514 8758 7607
8308 8491 8775 7649
8383 8486 8724 7641
8368 8461 8783 7634
8353 8471 8802 7660
8381 8532 8800 7602
8380 8540 8724 7604
8442 8488 8746 7559
8388 8437 8804 7551
8439 8507 8749 7541
8404 8494 8773 7547
8412 8484 8767 7566
8393 8485 8772 7609
8386 8450 8821 7576
8310 8288 8813 7903
8306 8339 8714 7874
8326 8348 8710 7785
8433 8369 8727 7734
8283 8266 8753 7933
8298 8403 8744 7845
8304 8240 8914 7821
8349 8155 8819 7945
8289 8329 8748 7903
8278 8215 8926 7898
8308 8241 8836 7948
8265 8229 8947 7780
8351 8327 8765 7883
8274 8344 8743 7868
8314 8354 8815 7730
8255 8186 8842 7919
8354 8419 8815 7701
8382 8275 8798 7752
8326 8280 8862 7762
8341 8305 8834 7725
8371 8380 8852 7675
8273 8275 8900 7773
8262 8181 8930 7870
8308 8242 8878 7859
8248 8242 8828 7919
8247 8270 8938 7826
8420 8377 8741 7753
8072 8322 8914 7829
8262 8280 8857 7877
8219 8297 8939 7784
8250 8256 8928 7785
8359 8415 8669 7890
8340 8309 8885 7660
8245 8539 8766 7660
8236 8341 8975 7776
8254 7977 8901 7983
8420 8387 8723 7727
8355 8293 8799 7705
8237 8260 8758 7975
8356 8257 8648 8027
8411 8331 8733 7845
8233 8274 8745 7998
8325 8186 8681 8012
8360 8324 8672 7930
8251 8307 8805 7901
8293 8271 8901 7676
8246 8342 8738 7943
8247 8192 8985 7770
8301 8247 8790 7908
8312 8346 8871 7812
8285 8139 8793 8004
8289 8295 8780 7891
8244 8202 8807 8022
8268 8388 8702 7895
8336 8375 8763 7759
8339 8390 8781 7724
8360 8243 8661 8004
8304 8336 8633 7983
8270 8408 8576 8007
8203 8421 8528 7963
8401 8358 8777 7737
8428 8339 8736 7706
8382 8436 8711 7748
8431 8308 8754 7726
8425 8259 8791 7724
8424 8364 8740 7726
8315 8322 8609 7974
8371 8247 8629 8001
8189 8423 8530 7982
8391 8250 8659 7983
8368 8276 8758 7917
8329 8344 8796 7704
8328 8113 8864 7931
8285 8247 8823 7901
8409 8280 8690 7852
8359 8331 8702 7854
8367 8194 8842 7849
8482 8176 8786 7867
8390 8251 8744 7862
8395 8169 8711 7936
8171 8433 8529 8000
8294 8155 8814 7975
8348 8199 8738 7958
8174 8312 8767 7877
8299 8107 8780 7972
8271 8423 8694 7918
8310 8378 8679 7890
8103 8431 8774 7917
8250 8328 8751 7920
8083 8366 8784 7845
8133 8369 8723 7861
8430 8176 8755 7876
8253 8246 8791 7911
8229 8235 8780 7982
8433 8367 8604 7849
8416 8466 8535 7933
8498 8335 8493 7877
8448 8357 8585 7823
8297 8304 8845 7862
8475 8357 8494 7870
8462 8315 8752 7705
8246 8308 8768 7876
8295 8362 8772 7851
8267 8332 8777 7830
8442 8275 8795 7614
8272 8411 8812 7736
8242 8471 8773 7716
8319 8607 8726 7668
8282 8508 8752 7709
8306 8515 8722 7717
8347 8475 8801 7701
8287 8380 8818 7693
8321 8330 8836 7698
8346 8253 8861 7672
8370 8287 8810 7722
8409 8269 8805 7668
8418 8315 8777 7724
8336 8326 8838 7709
8368 8246 8819 7679
8375 8198 8864 7674
8397 8233 8822 7827
8432 8259 8807 7604
8427 8232 8835 7669
8439 8211 8852 7599
8473 8282 8793 7593
8482 8322 8829 7583
8404 8260 8814 7599
8435 8331 8781 7614
8483 8335 8773 7610
8479 8287 8837 7560
8439 8252 8853 7559
8424 8296 8907 7592
8443 8241 8880 7561
8396 8332 8892 7583
8399 8250 8840 7594
8398 8195 8903 7627
8365 8243 8868 7636
8323 8227 8900 7631
8395 8275 8844 7614
8410 8278 8811 7637
8381 8442 8846 7666
8320 8260 8933 7668
8300 8289 8887 7672
8281 8263 8926 7764
8285 8314 8869 7813
8326 8315 8853 7751
8319 8272 8898 7685
8277 8322 8883 7827
8193 8387 8831 7729
8213 8380 8883 7700
8164 8375 8875 7703
8251 8369 8857 7722
8208 8320 8888 7777
8258 8250 8959 7766
8262 8289 8924 7782
8233 8356 8915 7764
8257 8243 8928 7775
8279 8215 8973 7811
8264 8267 8935 7723
8367 8382 8761 7738
8320 8349 8815 7752
8377 8309 8785 7691
8477 8305 8733 7679
8471 8320 8739 7713
8440 8249 8772 7698
8457 8263 8771 7742
8436 8304 8755 7677
8418 8267 8793 7667
8433 8305 8758 7698
8387 8308 8779 7745
8389 8306 8774 7738
8420 8313 8772 7717
8458 8328 8753 7732
8427 8257 8786 7717
8430 8292 8778 7740
8416 8348 8758 7711
8382 8372 8742 7712
8336 8311 8794 7723
8375 8422 8717 7712
8360 8432 8736 7738
8370 8397 8779 7703
8329 8374 8793 7714
8320 8299 8827 7829
8338 8310 8803 7711
8351 8204 8831 7737
8431 8214 8772 7838
8448 8270 8750 7766
8465 8250 8715 7822
8504 8228 8773 7772
8460 8246 8752 7830
8378 8146 8883 7852
8342 8233 8817 7857
8374 8191 8860 7738
8401 8242 8754 7873
8358 8202 8801 7846
8387 8253 8785 7841
8358 8266 8770 7882
8367 8239 8815 7743
8365 8246 8801 7759
8327 8269 8798 7770
8393 8263 8760 7859
8289 8258 8817 7880
8396 8217 8782 7861
8415 8181 8833 7791
8400 8143 8805 7823
8423 8104 8824 7846
8429 8126 8770 7903
8455 8167 8851 7804
8411 8267 8764 7809
8388 8236 8797 7863
8373 8172 8821 7894
8356 8179 8826 7893
8327 8195 8803 7867
8221 8284 8800 7957
8261 8222 8842 7888
8244 8252 8974 7911
8327 8220 8798 7931
8339 8307 8698 7912
8339 8338 8661 7951
8349 8158 8747 7954
8356 8193 8679 7991
8331 8270 8660 7964
8426 8204 8696 7915
8284 8199 8781 7970
8382 8275 8640 7954
8391 8209 8783 7904
8502 8081 8786 7818
8437 8294 8648 7897
8487 8216 8646 7784
8541 8266 8624 7803
8559 8206 8658 7766
8559 8187 8693 7829
8465 8186 8746 7786
8422 8274 8671 7785
8476 8209 8666 7774
8447 8275 8665 7771
8418 8276 8768 7799
8475 8216 8669 7884
8377 8211 8786 7910
8420 8065 8802 7922
8380 8093 8823 7857
8379 8093 8868 7899
8374 7996 8937 7915
8367 8055 8842 7972
8416 8232 8735 7847
8399 8217 8756 7840
8407 8178 8756 7856
8426 8091 8778 7880
8460 8162 8719 7874
8433 8197 8753 7901
8458 8218 8693 7886
8351 8257 8725 7958
8302 8108 8776 8014
8264 8292 8760 7974
8324 8308 8694 7930
8300 8297 8668 7967
8371 8269 8673 7920
8398 8301 8675 7919
8335 8290 8725 7901
8386 8263 8599 7974
8391 8254 8699 7906
8359 8240 8568 8009
8315 8281 8634 7973
8386 8272 8570 8008
8342 8313 8636 7972
8309 8374 8706 7897
8402 8113 8725 7936
8351 8258 8695 7951
8272 8427 8667 7911
8364 8162 8713 7957
8329 8225 8646 8028
8377 8185 8668 7952
8360 8232 8644 8007
8369 8159 8674 7938
8376 8103 8688 7938
8342 8265 8699 7935
8397 8095 8663 7953
8360 8179 8692 7968
8382 8078 8730 7940
8288 8332 8751 7883
8353 8229 8667 7968
8435 8119 8752 7932
8289 8336 8724 7876
8403 8232 8606 7984
8440 8098 8699 7912
8449 8293 8554 7973
8327 8266 8695 7953
8460 8238 8555 7963
8389 8058 8804 7943
8324 8225 8723 7959
8491 8245 8553 7942
8380 8018 8803 7980
8497 8230 8547 7908
8482 8240 8566 7934
8432 8237 8627 7918
8381 8175 8707 7906
8332 8383 8667 7891
8426 8252 8633 7952
8384 8210 8699 7929
8395 8181 8666 7937
8395 8245 8635 7973
8391 8474 8574 7870
8335 8091 8854 7992
8345 8192 8761 7938
8322 8586 8641 7808
8361 8233 8685 7940
8362 8231 8686 7944
8433 8510 8526 7768
8382 8227 8703 7917
8358 8245 8673 7967
8395 8197 8698 7936
8364 8230 8667 7933
8378 8483 8566 7801
8383 8268 8636 7931
8276 8489 8661 7832
8465 8232 8680 7874
8441 8194 8677 7889
8456 8219 8618 7896
8344 8007 8842 8009
8473 8208 8674 7860
8297 8026 8894 7985
8455 8280 8608 7896
8510 8256 8595 7847
8341 8657 8611 7680
8429 8221 8719 7903
8470 8270 8589 7870
8279 8655 8631 7703
8444 8238 8662 7897
8341 7973 8860 7931
8284 8635 8629 7829
8403 8223 8707 7903
8421 8260 8669 7913
8258 8595 8703 7828
8432 8185 8660 7932
8332 8056 8862 7969
8346 8603 8518 7748
8453 8227 8615 7946
8435 8261 8575 7933
8389 8265 8560 7941
8432 8288 8601 7903
8307 8050 8874 7954
8414 8669 8562 7671
8426 8322 8563 7904
8318 8030 8934 7913
8398 8256 8601 7942
8387 8279 8555 7944
8391 8576 8640 7629
8452 8272 8475 7934
8452 8231 8452 7971
8273 8677 8592 7660
8481 8228 8426 7954
8463 8191 8464 7944
8446 8202 8408 7980
8419 8212 8412 7998
8394 8201 8426 8018
8387 8166 8475 7985
8390 8201 8467 8008
8359 8194 8469 8029
8400 8228 8452 7985
8271 8542 8704 7752
8422 8253 8384 7992
8450 8219 8410 7977
8404 8158 8462 7988
8401 8158 8488 8009
8326 8558 8579 7788
8398 8123 8496 7986
8288 8118 8781 7984
8435 8134 8497 7974
8233 8048 8837 8007
8299 8585 8637 7820
8426 8075 8497 7978
8486 8080 8465 7996
8253 8047 8854 8046
8458 8050 8470 7975
8227 8524 8736 7813
8492 8121 8411 7969
8273 8465 8675 7781
8461 8114 8413 7990
8488 8146 8415 7989
8467 8104 8460 7975
8362 8512 8641 7794
8498 8111 8458 7954
8509 8105 8516 7884
8258 8423 8735 7801
8526 8199 8502 7903
8273 8113 8859 7961
8494 8302 8534 7920
8224 8352 8794 7807
8544 8224 8475 7900
8204 8359 8786 7770
8547 8187 8521 7846
8222 8396 8748 7780
8565 8177 8479 7858
8206 8358 8774 7755
8581 8238 8521 7797
8360 8009 8856 7970
8192 8352 8859 7811
8556 8317 8543 7836
8192 8360 8777 7761
8586 8239 8569 7769
8372 8044 8827 7946
8534 8254 8654 7776
8533 8276 8630 7784
8168 8383 8777 7753
8566 8150 8672 7766
8152 8358 8860 7724
8242 8344 8911 7686
8507 8125 8775 7819
8529 8196 8802 7764
8389 7980 8758 7985
8385 7941 8793 7969
8522 8361 8619 7767
8366 8037 8811 8008
8159 8405 8899 7687
8380 8072 8721 7996
8106 8388 8902 7636
8548 8248 8582 7741
8346 8073 8691 7980
8154 8456 8863 7668
8572 8269 8626 7710
8377 8080 8689 7959
8120 8457 8833 7652
8552 8223 8578 7721
8347 8048 8769 7987
8141 8499 8788 7666
8568 8230 8661 7694
8113 8433 8826 7704
8096 8436 8832 7687
8378 8197 8748 7931
8062 8365 8891 7693
8106 8412 8884 7767
8533 8233 8671 7717
8094 8379 8886 7750
8121 8411 8888 7749
8410 8050 8779 7958
8082 8348 8935 7748
8424 8075 8762 7956
8062 8360 8900 7761
8382 8013 8730 7968
8155 8296 8898 7830
8250 8239 8963 7873
8510 8126 8771 7861
8286 8250 8924 7844
8186 8303 8896 7809
8173 8236 8991 7795
8158 8353 8829 7795
8541 8263 8593 7826
8189 8360 8827 7774
8271 8101 8778 8035
8268 8037 8835 8020
8564 8253 8509 7788
8176 8306 8897 7782
8367 8023 8850 8006
8258 8051 8817 8038
8261 8051 8791 8017
8307 8112 8739 8006
8310 8071 8808 8006
8247 8204 8971 7850
8220 8260 8937 7853
8237 8058 8784 8026
8293 8114 8779 7983
8564 8259 8518 7784
8143 8320 8912 7777
8540 8243 8507 7846
8284 8148 8821 7958
8142 8316 8939 7784
8585 8263 8488 7729
8607 8287 8480 7724
8599 8261 8486 7710
8193 8148 8825 8053
8635 8240 8449 7719
8125 8353 8906 7777
8620 8213 8523 7755
8266 8169 8845 7961
8146 8395 8861 7791
8608 8255 8569 7714
8111 8346 8888 7790
8249 8142 8801 7978
8642 8262 8541 7672
8661 8351 8483 7657
8143 8357 8910 7678
8608 8191 8600 7678
8294 8257 8729 7941
8115 8352 8948 7656
8316 8293 8696 7917
8156 8315 8976 7632
8611 8255 8543 7693
8139 8251 9002 7626
8598 8261 8586 7682
8233 8219 8764 8074
8195 8262 8989 7829
8603 8265 8549 7674
8307 8306 8703 7952
8603 8201 8580 7638
8238 8255 8973 7636
8271 8267 8717 7952
8595 8226 8594 7659
8230 8209 8795 8001
8249 8200 8974 7626
8599 8265 8559 7675
8215 8219 8814 8027
8258 8266 8936 7612
8186 8222 8840 8044
8248 8346 8925 7637
8184 8148 8847 8012
8564 8272 8548 7719
8558 8333 8465 7717
8210 8221 8760 8014
8186 8380 8886 7610
8202 8153 8812 8061
8537 8314 8545 7711
8253 8350 8888 7629
8198 8162 8784 8082
8526 8281 8626 7722
8183 8172 8803 8108
8536 8413 8584 7718
8149 8101 8862 8114
8153 8140 8827 8130
8331 8343 8873 7682
8567 8420 8582 7697
8159 8125 8821 8096
8530 8337 8637 7712
8193 8196 8762 8090
8162 8189 8764 8111
8183 8183 8782 8088
8567 8304 8612 7711
8162 8141 8827 8074
8200 8092 8839 8053
8216 8240 8977 7754
8530 8273 8668 7676
8227 8124 8841 8052
8190 8068 8880 8071
8183 8124 8866 8071
8198 8114 8847 8045
8156 8092 8864 8072
8153 8092 8890 8093
8125 8056 8915 8101
8152 8088 8917 8100
8122 8047 8905 8157
8143 8089 8860 8171
8108 8040 8887 8170
8543 8194 8589 7786
8136 8101 8885 8112
8589 8255 8537 7775
8115 8059 8930 8098
8554 8206 8564 7774
8143 8125 8892 8060
8575 8248 8519 7788
8109 8126 8862 8044
8128 8237 8999 7638
8098 8149 8816 8046
8131 8272 8991 7661
8143 8189 8798 8056
8135 8250 8997 7647
8551 8168 8498 7865
8552 8172 8534 7855
8237 8319 8692 7969
8226 8307 8717 7981
8524 8239 8631 7812
8166 8315 8657 8001
8546 8264 8563 7819
8236 8279 8692 8019
8201 8361 8898 7673
8525 8116 8752 7835
8241 8297 8698 7955
8243 8313 8897 7642
8564 8128 8630 7793
8563 8202 8581 7810
8574 8196 8639 7740
8225 8229 8807 7973
8216 8284 8748 7994
8503 8205 8640 7785
8263 8336 8906 7611
8523 8191 8784 7765
8255 8291 8772 7915
8527 8241 8656 7767
8531 8219 8662 7753
8224 8284 8774 7936
8251 8252 8907 7900
8500 8203 8615 7830
8493 8259 8601 7830
8252 8251 8938 7725
8288 8265 8881 7747
8487 8199 8644 7795
8485 8201 8649 7802
8492 8195 8643 7801
8298 8206 8788 7957
8488 8209 8630 7824
8545 8215 8579 7803
8517 8209 8577 7866
8553 8220 8538 7837
8511 8155 8513 7892
8513 8153 8508 7885
8331 8220 8797 7936
8308 8178 8909 7823
8541 8189 8483 7877
8352 8168 8823 7903
8293 8188 8928 7849
8360 8129 8789 7913
8259 8117 8987 7855
8532 8305 8545 7873
8310 8126 8850 7897
8252 8165 8942 7860
8559 8248 8464 7881
8258 8150 8936 7826
8534 8236 8433 7911
8517 8239 8439 7894
8331 8239 8759 7927
8193 8134 8997 7860
8574 8238 8445 7855
8568 8253 8451 7889
8530 8238 8470 7874
8220 8216 8958 7929
8515 8248 8489 7900
8255 8224 8839 7897
8501 8298 8547 7894
8286 8324 8757 7904
8258 8288 8782 7912
8506 8434 8529 7847
8270 8272 8843 7863
8336 8211 8789 7886
8456 8319 8525 7872
8367 8218 8787 7865
8280 8262 8848 7836
8446 8417 8544 7908
8333 8147 8846 7871
8450 8403 8557 7885
8337 8195 8782 7921
8299 8131 8813 7949
8271 8238 8905 7861
8475 8427 8531 7868
8339 8217 8776 7953
8501 8459 8514 7801
8304 8127 8782 7970
8265 8272 8867 7862
8491 8354 8621 7788
8278 8142 8840 7972
8226 8142 8809 7981
8272 8203 8757 7970
8438 8390 8592 7837
8510 8464 8501 7809
8319 8248 8743 7971
8259 8227 8938 7824
8472 8525 8465 7777
8267 8248 8712 7980
8259 8236 8909 7858
8552 8453 8524 7734
8264 8248 8738 8001
8240 8223 8757 7988
8243 8264 8729 7982
8243 8223 8706 8019
8205 8272 8694 8040
8181 8155 8997 7895
8516 8416 8660 7626
8241 8283 8655 8011
8179 8157 9002 7902
8195 8222 8707 8022
8177 8126 9008 7866
8247 8222 8738 8013
8225 8201 8982 7899
8264 8283 8662 7990
8223 8260 8911 7832
8569 8489 8468 7714
8286 8264 8748 7938
8594 8456 8572 7658
8238 8314 8861 7842
8227 8337 8815 7844
8594 8517 8425 7618
8181 8276 8867 7855
8595 8351 8681 7503
8212 8283 8865 7834
8597 8400 8610 7555
8191 8291 8890 7819
8648 8436 8576 7512
8656 8456 8429 7524
8400 8273 8706 7879
8644 8519 8455 7479
8194 8276 8950 7831
8390 8338 8700 7833
8191 8276 8976 7852
8562 8483 8571 7563
8356 8267 8759 7839
8223 8271 8941 7819
8320 8256 8798 7868
8324 8295 8763 7884
8320 8309 8750 7907
8318 8238 8807 7904
8266 8285 8923 7823
8352 8309 8748 7898
8284 8280 8879 7765
8332 8259 8774 7822
8293 8246 8891 7743
8614 8365 8635 7518
8392 8264 8742 7840
8295 8244 8886 7736
8414 8288 8734 7835
8635 8455 8483 7435
8348 8298 8772 7851
8375 8376 8775 7719
8667 8300 8617 7460
8376 8304 8758 7851
8335 8339 8796 7726
8686 8386 8553 7466
8396 8319 8747 7827
8636 8264 8668 7489
8340 8373 8854 7696
8636 8336 8646 7534
8396 8191 8816 7832
8337 8363 8885 7623
8402 8245 8775 7761
8368 8434 8852 7638
8411 8190 8834 7740
8383 8424 8833 7612
8613 8439 8586 7535
8429 8227 8796 7750
8398 8449 8774 7619
8405 8393 8788 7619
8415 8247 8803 7737
8423 8387 8859 7564
8406 8302 8744 7758
8427 8498 8765 7585
8388 8265 8782 7748
8458 8343 8817 7580
8655 8363 8570 7508
8688 8387 8473 7618
8427 8279 8842 7576
8680 8370 8446 7668
8510 8167 8856 7774
8719 8370 8401 7600
8383 8236 8912 7543
8458 8214 8781 7731
8365 8261 8925 7568
8679 8186 8396 7736
8411 8142 8868 7775
8702 8189 8450 7727
8432 8297 8834 7511
8697 8261 8375 7711
8444 8420 8798 7530
8697 8190 8434 7642
8406 8390 8865 7547
8392 8236 8756 7873
8354 8299 8899 7551
8385 8370 8866 7566
8351 8299 8925 7572
8351 8363 8894 7608
8717 8145 8476 7673
8386 8239 8764 7897
8354 8363 8868 7587
8345 8397 8856 7609
8374 8331 8857 7612
8324 8204 8808 7894
8405 8338 8855 7591
8342 8241 8770 7904
8420 8328 8836 7565
8427 8272 8850 7565
8657 8140 8508 7655
8383 8348 8868 7588
8375 8137 8793 7878
8356 8316 8866 7589
8375 8201 8762 7914
8351 8165 8746 7932
8372 8296 8876 7601
8393 8187 8729 7905
8393 8225 8940 7577
8427 8258 8670 7899
8448 8187 8734 7875
8384 8280 8881 7598
8380 8294 8868 7621
8371 8136 8782 7913
8389 8260 8880 7599
8411 8173 8761 7906
8338 8190 8935 7609
8380 8102 8794 7891
8707 8192 8398 7673
8384 8141 8759 7907
8395 8160 8911 7604
8374 8231 8847 7628
8664 8237 8423 7702
8479 8119 8773 7882
8364 8189 8916 7634
8457 8128 8764 7872
8343 8195 8898 7657
8404 8080 8792 7864
8333 8118 8949 7619
8435 8087 8790 7843
8460 8097 8866 7774
8360 8150 8951 7618
8656 8203 8490 7799
8394 8221 8892 7612
8334 8216 8924 7594
8338 8255 8889 7610
8300 8195 8943 7596
8461 8145 8807 7791
8331 8216 8904 7635
8327 8177 8939 7619
8360 8176 8886 7696
8323 8120 8923 7632
8483 8135 8854 7775
8354 8191 8890 7647
8633 8269 8421 7814
8470 8157 8832 7778
8413 8139 8894 7808
8629 8171 8488 7800
8454 8190 8770 7779
8378 8082 8914 7816
8407 8150 8872 7663
8486 8156 8747 7785
8478 8117 8824 7781
8379 8212 8840 7686
8661 8179 8473 7671
8403 8186 8852 7735
8396 8242 8838 7735
8525 8157 8837 7748
8421 8181 8808 7677
8434 8112 8880 7633
8618 8154 8677 7737
8465 8183 8847 7648
8427 8168 8866 7633
8384 8162 8859 7645
8698 8150 8485 7711
8531 8093 8773 7762
8415 8169 8857 7624
8552 8138 8737 7698
8422 8113 8871 7624
8545 8103 8786 7665
8436 8077 8951 7781
8549 8151 8722 7715
8412 8113 8895 7782
8452 8101 8898 7662
8678 8108 8544 7708
8474 8046 8864 7638
8704 8169 8450 7614
8478 8010 8884 7566
8662 8173 8492 7580
8553 8073 8766 7815
8527 8032 8843 7685
8683 8160 8504 7737
8475 7975 8892 7543
8651 8331 8512 7637
8491 8091 8862 7750
8466 7977 8886 7549
8449 8064 8913 7781
8628 8265 8458 7822
8457 7924 8904 7519
8545 8069 8805 7695
8488 7995 8871 7534
8459 7955 8898 7555
8476 8019 8872 7561
8460 8020 8895 7735
8672 8242 8382 7736
8504 8072 8869 7478
8484 8104 8880 7453
8663 8262 8345 7695
8538 8118 8778 7736
8464 8039 8890 7381
8547 8184 8740 7722
8549 8073 8864 7454
8683 8359 8440 7629
8486 8033 8877 7407
8498 8032 8886 7416
8617 8316 8374 7689
8606 8237 8761 7533
8595 8340 8319 7731
8583 8181 8787 7417
8613 8020 8784 7445
8599 8376 8410 7710
8645 8160 8736 7461
8424 8096 8884 7789
8597 8316 8422 7758
8428 8135 8849 7805
8582 7949 8817 7430
8585 7984 8809 7453
8568 8382 8421 7755
8584 8479 8481 7688
8583 8144 8805 7448
8515 8107 8850 7730
8568 8105 8778 7459
8515 8171 8819 7766
8549 8034 8801 7799
8470 8100 8879 7749
8449 8171 8815 7773
8586 8172 8780 7447
8603 8508 8427 7678
8415 8100 8874 7779
8398 8111 8818 7815
8590 8057 8779 7468
8518 8522 8444 7730
8603 8100 8727 7727
8528 8555 8418 7656
8640 8151 8763 7412
8347 8075 8916 7837
8381 8146 8857 7831
8649 8162 8733 7427
8412 8153 8855 7810
8500 8445 8642 7715
8369 8092 8901 7734
8617 8210 8745 7456
8389 8157 8891 7806
8628 8370 8415 7677
8379 8090 8926 7774
8413 8161 8867 7768
8382 8090 8900 7753
8420 8105 8881 7768
8433 8042 8959 7758
8393 8007 8975 7757
8398 7970 8983 7760
8528 8597 8368 7680
8385 8000 8988 7741
8439 8053 8922 7716
8386 8048 8960 7727
8388 8046 8955 7720
8406 8083 8917 7730
8560 8224 8794 7406
8457 8581 8395 7767
8361 8018 8918 7806
8300 8033 8924 7812
8609 8208 8768 7325
8474 8452 8556 7831
8306 8052 8953 7794
8617 8246 8696 7454
8271 8003 8980 7793
8292 8045 8935 7807
8633 8199 8718 7417
8266 7966 8970 7837
8503 8642 8343 7756
8270 8005 8935 7853
8423 8638 8336 7817
8283 7981 8961 7912
8490 8504 8535 7802
8320 8037 8922 7893
8371 8491 8291 7966
8324 8015 8928 7879
8369 8488 8542 7802
8314 7991 8969 7897
8591 8272 8753 7532
8371 7961 8945 7892
8405 8032 8886 7886
8345 8027 8918 7868
8349 8066 8883 7884
8610 8276 8726 7549
8307 8050 8915 7879
8585 8308 8697 7557
8307 8114 8884 7915
8300 8119 8885 7924
8282 8146 8855 7923
8303 8090 8908 7911
8286 8121 8851 7903
8272 8083 8910 7932
8412 8528 8303 7827
8252 8114 8879 7945
8569 8171 8771 7484
8374 8508 8272 7857
8547 8118 8809 7421
8400 8537 8549 7794
8401 8613 8404 7810
8300 8055 8916 7888
8303 8119 8859 7903
8334 8126 8857 7882
8335 8052 8906 7865
8545 8318 8805 7439
8339 8091 8871 7881
8352 8061 8866 7900
8348 8022 8901 7884
8384 8033 8862 7855
8388 8072 8827 7871
8375 8014 8840 7988
8368 8005 8862 7930
8389 7994 8835 7907
8560 8228 8778 7386
8519 8484 8487 7798
8425 8040 8760 7932
8556 8345 8719 7480
8383 8018 8777 7959
8414 8025 8775 7938
8380 7954 8834 7944
8563 8318 8710 7514
8578 8356 8700 7384
8585 8313 8702 7341
8401 8523 8576 7744
8390 8004 8821 7962
8617 8320 8665 7411
8361 8076 8810 7921
8346 8086 8829 7947
8299 8024 8889 7978
8593 8361 8645 7539
8336 7952 8883 7991
8567 8387 8666 7494
8332 7966 8870 8014
8559 8348 8711 7479
8506 8324 8767 7516
8529 8325 8769 7359
8282 8035 8833 8014
8561 8402 8655 7369
8330 8095 8856 7993
8343 8087 8842 7974
8295 8027 8819 7995
8322 8059 8821 7994
8291 8052 8823 8015
8280 8075 8777 8017
8287 8019 8791 8017
8284 8019 8817 8038
8581 8307 8710 7567
8238 7958 8869 8049
8269 7965 8867 8028
8317 7957 8943 7978
8490 8341 8763 7352
8266 7964 8871 7986
8562 8383 8703 7502
8419 8446 8594 7777
8519 8302 8726 7592
8391 8471 8587 7808
8317 7893 8974 7942
8529 8316 8735 7501
8387 8513 8515 7799
8351 7964 8915 7936
8299 7904 8975 7944
8290 7959 8916 7965
8378 8427 8586 7902
8319 7893 8917 7968
8408 8456 8551 7860
8316 7893 8943 7989
8320 7879 8956 7966
8322 7897 8923 7948
8567 8228 8773 7304
8340 7861 8925 7924
8552 8238 8792 7330
8395 8424 8580 7919
8377 7917 8886 7905
8521 8167 8825 7315
8421 7882 8900 7916
8581 8172 8793 7333
8455 7918 8817 7897
8318 8452 8641 7914
8442 7876 8918 7893
8427 7932 8848 7883
8630 8157 8762 7305
8614 8212 8731 7317
8667 8214 8690 7392
8442 7924 8855 7930
8411 8414 8552 7883
8390 7924 8824 7939
8662 8210 8727 7400
8405 8479 8555 7812
8427 7980 8785 7920
8646 8120 8775 7293
8400 8430 8652 7821
8396 7973 8787 7941
8624 8130 8779 7278
8424 8034 8785 7883
8639 8102 8789 7297
8503 8483 8489 7800
8435 7959 8776 7902
8440 7976 8814 7887
8429 8051 8823 7868
8392 7995 8862 7887
8645 8086 8773 7333
8401 8061 8824 7873
8380 8069 8849 7858
8637 8094 8790 7339
8383 8110 8821 7852
8614 8089 8769 7446
8436 8096 8810 7827
8561 8023 8830 7418
8390 8035 8862 7838
8596 8166 8776 7401
8570 8098 8819 7436
8396 8072 8822 7847
8420 8108 8838 7829
8323 8578 8593 7777
8385 8059 8865 7828
8402 8064 8836 7834
8429 8096 8838 7833
8411 8573 8563 7762
8433 8074 8844 7819
8437 8113 8809 7835
8444 8057 8823 7835
8454 8586 8494 7758
8452 8054 8802 7852
8479 8086 8804 7851
8534 8044 8820 7825
8503 8058 8804 7814
8677 8200 8708 7374
8484 8056 8813 7821
8742 8099 8699 7413
8453 7985 8846 7806
8703 8165 8678 7298
8696 8147 8724 7289
8509 8024 8842 7813
8531 8048 8834 7808
8727 8203 8647 7390
8366 8600 8342 7830
8534 8048 8808 7787
8680 8157 8726 7438
8507 8012 8818 7826
8674 8112 8734 7267
8673 8173 8730 7291
8667 8126 8766 7317
8685 8037 8725 7286
8541 8037 8822 7782
8707 8140 8712 7442
8545 8076 8787 7798
8507 8061 8806 7783
8635 8129 8765 7282
8599 8086 8795 7290
8539 8137 8719 7753
8699 8126 8713 7282
8524 8147 8738 7779
8703 8179 8671 7436
8493 8140 8740 7800
8485 8148 8754 7814
8464 8106 8799 7800
8495 8113 8797 7779
8502 8057 8811 7779
8548 8118 8759 7768
8520 8082 8784 7776
8541 8124 8739 7790
8639 8168 8730 7298
8549 8116 8725 7776
8585 8127 8686 7747
8581 8088 8721 7731
8643 8141 8754 7313
8566 8098 8740 7757
8563 8063 8748 7734
8572 8029 8760 7712
8638 8091 8791 7266
8572 8093 8729 7748
8585 8104 8710 7788
8568 8107 8716 7771
8720 8158 8663 7420
8616 8111 8708 7767
8672 8130 8729 7309
8575 8057 8739 7734
8571 8071 8726 7757
8650 8026 8767 7289
8587 7983 8752 7763
8642 8021 8808 7255
8596 8049 8714 7749
8642 8085 8777 7291
8633 8055 8825 7323
8567 7918 8762 7691
8645 8056 8800 7278
8617 7921 8701 7707
8626 8024 8850 7220
8654 7977 8662 7688
8630 8063 8815 7236
8627 7954 8631 7723
8602 8057 8813 7299
8618 7988 8619 7745
8623 8099 8768 7313
8609 7962 8603 7798
8601 8076 8580 7813
8606 8023 8823 7324
8578 7955 8605 7819
8641 8014 8608 7795
8629 7940 8609 7736
8632 8083 8578 7792
8672 8066 8760 7273
8599 7997 8560 7833
8613 7980 8536 7837
8563 7852 8539 7853
8521 7956 8606 7876
8499 7935 8630 7915
8327 8418 8653 7892
8491 7940 8614 7880
8718 8213 8634 7308
8473 7920 8649 7921
8680 8198 8653 7293
8273 8381 8701 7897
8444 7986 8648 7918
8680 8262 8622 7329
8277 8420 8666 7913
8480 8003 8658 7914
8693 8238 8648 7388
8327 8376 8692 7924
8714 8230 8623 7403
8276 8415 8665 7940
8485 7955 8620 7914
8687 8207 8592 7438
8453 7968 8664 7910
8718 8214 8590 7417
8474 8010 8619 7924
8669 8181 8670 7512
8685 8159 8696 7473
8449 7982 8651 7933
8296 8305 8725 7909
8437 7949 8653 7916
8291 8379 8693 7937
8483 8010 8601 7905
8245 8344 8698 7925
8494 7955 8602 7895
8238 8400 8684 7925
8506 7988 8600 7912
8631 8149 8695 7476
8242 8439 8649 7941
8460 7927 8652 7923
8449 7932 8691 7899
8211 8432 8651 7962
8633 8184 8726 7433
8238 8464 8653 7961
8633 8229 8676 7466
8256 8428 8655 7937
8253 8428 8681 7958
8545 7963 8575 7874
8253 8364 8712 7922
8543 7981 8538 7883
8246 8360 8716 7876
8280 8431 8657 7870
8536 7946 8587 7850
8284 8417 8670 7847
8561 7930 8561 7838
8657 8217 8635 7415
8652 8213 8672 7423
8648 8174 8707 7407
8573 7883 8576 7836
8644 8190 8728 7428
8539 7812 8635 7842
8555 7939 8532 7847
8238 8574 8681 7840
8258 8504 8525 7874
8575 8059 8520 7888
8213 8513 8519 7854
8275 8501 8519 7891
8536 7947 8586 7830
8232 8542 8465 7844
8304 8478 8529 7873
8357 8498 8558 7871
8626 7898 8629 7800
8189 8473 8549 7892
8580 7837 8681 7811
8176 8503 8554 7873
8573 7893 8667 7811
8560 8201 8786 7517
8167 8505 8564 7875
8575 7891 8662 7804
8594 8164 8766 7433
8204 8509 8547 7887
8555 8101 8813 7432
8168 8545 8508 7879
8172 8531 8521 7856
8544 8099 8808 7515
8216 8508 8514 7854
8551 7984 8535 7842
8533 7964 8566 7865
8261 8523 8457 7862
8307 8584 8405 7851
8490 7949 8608 7897
8279 8523 8407 7909
8275 8537 8394 7932
8238 8491 8450 7965
8269 8492 8472 7937
8512 7974 8540 7904
8501 7997 8494 7906
8515 7997 8467 7908
8548 8027 8518 7889
8609 8087 8470 7860
8328 8472 8456 7890
8600 7936 8486 7856
8550 7933 8547 7840
8581 8004 8514 7855
8401 8448 8423 7949
8265 8433 8364 7970
8528 7999 8552 7866
8529 7925 8601 7849
8591 8283 8701 7539
8287 8422 8441 8048
8287 8458 8296 7977
8579 8034 8516 7868
8227 8433 8436 8030
8259 8494 8281 7968
8563 8026 8522 7871
8262 8494 8255 7947
8567 8016 8562 7837
8298 8505 8216 7918
8594 8033 8520 7850
8610 8341 8662 7477
8300 8504 8291 7908
8609 8023 8501 7824
8310 8475 8374 7937
8328 8468 8306 7917
8602 8073 8476 7824
8587 8083 8495 7850
8554 8300 8675 7571
8352 8517 8287 7887
8566 8041 8540 7836
8447 8481 8494 7840
8597 8048 8538 7815
8343 8514 8393 7898
8563 7977 8597 7821
8284 8483 8450 7890
8578 8292 8731 7348
8327 8540 8287 7861
8586 7948 8534 7838
8308 8535 8418 7858
8617 7966 8549 7814
8620 8288 8689 7382
8645 8053 8573 7811
8618 8214 8696 7350
8627 8288 8668 7504
8356 8548 8237 7845
8694 8093 8433 7744
8701 8019 8576 7813
8375 8511 8248 7832
8642 8350 8638 7468
8437 8473 8298 7911
8691 8084 8570 7767
8420 8372 8308 7947
8611 8169 8511 7807
8580 8162 8513 7828
8620 8156 8745 7493
8382 8389 8347 7955
8402 8368 8317 7938
8618 8188 8509 7784
8620 8254 8656 7581
8593 8145 8548 7793
8603 8198 8528 7810
8563 8205 8512 7809
8417 8323 8372 7969
8574 8238 8478 7806
8587 8208 8473 7825
8411 8373 8304 7946
8633 8205 8452 7778
8640 8338 8629 7501
8618 8215 8471 7804
8361 8326 8343 7980
8584 8144 8530 7810
8588 8183 8495 7826
8368 8400 8339 7973
8548 8133 8569 7839
8582 8204 8510 7833
8396 8336 8292 7965
8423 8368 8294 7964
8432 8313 8353 7943
8576 8166 8526 7811
8622 8227 8474 7800
8377 8307 8346 7975
8364 8337 8351 7956
8343 8331 8423 7978
8608 8135 8529 7767
8614 8074 8612 7769
8618 8113 8577 7785
8587 8042 8610 7770
8587 8106 8579 7806
8603 8325 8630 7546
8590 8151 8589 7794
8569 8109 8634 7780
8551 8273 8644 7637
8301 8379 8419 8063
8657 7972 8583 7739
8563 8222 8703 7597
8635 8118 8567 7765
8584 8264 8658 7611
8640 8093 8563 7693
8566 8227 8696 7601
8616 8230 8635 7617
8647 8037 8577 7693
8595 8188 8680 7603
8587 8196 8694 7617
8631 8079 8602 7749
8574 8193 8708 7592
8641 8103 8561 7731
8613 8215 8667 7510
8656 8128 8502 7738
8632 8236 8677 7428
8623 8231 8690 7420
8635 8223 8565 7733
8656 8231 8667 7483
8583 8157 8562 7774
8691 8261 8593 7416
8629 8218 8510 7763
8655 8254 8647 7476
8614 8164 8560 7753
8636 8149 8614 7716
8601 8152 8624 7739
8648 8160 8710 7440
8579 8167 8570 7776
8596 8156 8626 7740
8617 8146 8776 7420
8630 8227 8567 7734
8631 8153 8616 7717
8316 8353 8531 7938
8624 8201 8571 7722
8586 8186 8590 7707
8572 8081 8771 7460
8586 8250 8559 7743
8553 8124 8769 7529
8593 8269 8602 7671
8534 8086 8800 7531
8552 8123 8762 7541
8334 8365 8411 8000
8307 8373 8403 7976
8525 8308 8651 7652
8296 8396 8357 7978
8525 8244 8682 7616
8307 8373 8328 8047
8563 8259 8663 7631
8296 8314 8458 8032
8532 8188 8696 7616
8258 8378 8356 8099
8532 8252 8665 7652
8539 8075 8812 7442
8281 8324 8477 8058
8526 8304 8689 7602
8295 8316 8426 8107
8520 8229 8734 7577
8585 8014 8789 7512
8257 8346 8394 8105
8515 8298 8712 7659
8554 7943 8822 7497
8561 8000 8809 7497
8305 8248 8391 8091
8547 8063 8777 7533
8510 8357 8667 7613
8526 8240 8720 7566
8549 8039 8802 7471
8559 8089 8789 7489
8508 8340 8680 7632
8487 8288 8729 7621
8478 8343 8670 7642
8541 8135 8796 7492
8469 8374 8675 7700
8552 8137 8807 7469
8543 8454 8625 7573
8534 8100 8845 7459
8520 8531 8639 7645
8432 8573 8576 7615
8457 8490 8573 7738
8540 8128 8805 7475
8516 8541 8567 7606
8546 8041 8846 7457
8542 8055 8833 7480
8524 8018 8871 7470
8411 8509 8594 7726
8528 8057 8836 7486
8535 8001 8850 7486
8468 8539 8552 7731
8581 8035 8816 7495
8466 8545 8536 7745
8599 7973 8787 7454
8329 8224 8404 8061
8592 8029 8773 7454
8607 8061 8757 7486
8628 8050 8730 7463
8432 8503 8600 7708
8597 8011 8770 7468
8569 8002 8818 7478
8550 7964 8849 7480
8265 8351 8353 8139
8462 8494 8630 7736
8284 8287 8317 8194
8596 8025 8797 7469
8294 8092 8312 8113
8578 7991 8775 7528
8312 8259 8292 8089
8580 7989 8770 7521
8518 8491 8610 7653
8614 8060 8711 7515
8625 8054 8769 7445
8627 8145 8721 7466
8258 8066 8375 8125
8509 8509 8743 7525
8640 8060 8718 7484
8265 8010 8389 8125
8464 8563 8592 7568
8654 8088 8729 7458
8257 8005 8430 8091
8252 8174 8450 8075
8310 8084 8496 8035
8641 8137 8699 7511
8700 8149 8677 7447
8321 8185 8481 8057
8549 8505 8554 7650
8307 8247 8453 8041
8624 8140 8705 7494
8647 8135 8744 7424
8669 8143 8701 7448
8335 8214 8451 8046
8677 8148 8660 7482
8547 8480 8636 7530
8645 8182 8683 7476
8658 8127 8694 7474
8665 8193 8646 7452
8704 8188 8642 7463
8679 8217 8571 7501
8353 8308 8401 8030
8673 8156 8666 7492
8615 8184 8688 7487
8622 8160 8726 7489
8618 8227 8679 7478
8352 8192 8479 8036
8359 8136 8493 8036
8631 8197 8674 7497
8380 8178 8448 8050
8651 8183 8680 7474
8363 8136 8451 8024
8397 8207 8392 8018
8365 8512 8615 7773
8670 8244 8628 7450
8366 8200 8394 8039
8688 8281 8590 7460
8412 8261 8342 8028
8668 8205 8584 7469
8391 8219 8387 8014
8709 8249 8547 7479
8422 8226 8385 7993
8724 8184 8534 7465
8439 8223 8379 8010
8678 8123 8586 7476
8460 8265 8334 8024
8699 8165 8541 7490
8426 8266 8304 8008
8709 8158 8574 7501
8409 8269 8310 7991
8678 8087 8607 7486
8388 8275 8292 8014
8412 8311 8308 7996
8724 8148 8555 7475
8372 8295 8282 8002
8728 8187 8520 7491
8389 8442 8294 7987
8315 8286 8376 8045
8435 8447 8604 7754
8713 8224 8543 7459
8682 8217 8545 7480
8504 8496 8548 7724
8724 8239 8528 7453
8759 8296 8508 7445
8711 8228 8547 7413
8696 8238 8566 7439
8336 8255 8389 8070
8701 8203 8580 7438
8483 8362 8692 7640
8429 8396 8654 7720
8429 8439 8657 7693
8728 8163 8622 7454
8477 8484 8611 7710
8682 8094 8731 7395
8449 8359 8686 7697
8277 8297 8556 8071
8419 8318 8674 7754
8306 8292 8506 8050
8415 8332 8661 7777
8332 8215 8482 8033
8428 8302 8656 7796
8360 8224 8434 8023
8372 8286 8352 7996
8347 8318 8323 8004
8316 8311 8325 8025
8478 8386 8591 7767
8337 8353 8280 8039
8704 8105 8720 7419
8336 8363 8262 8020
8669 8108 8730 7442
8310 8373 8302 8026
8669 8117 8701 7476
8293 8357 8355 8076
8478 8438 8569 7808
8638 8110 8703 7497
8642 8149 8668 7513
8310 8306 8302 8066
8634 8207 8675 7488
8630 8168 8710 7472
8279 8346 8272 8148
8297 8300 8263 8142
8318 8261 8228 8069
8329 8186 8219 8088
8466 8394 8547 7833
8315 8187 8355 8090
8608 8269 8747 7549
8306 8242 8296 8111
8592 8252 8711 7557
8484 8391 8556 7751
8550 8236 8743 7552
8311 8324 8290 8115
8298 8375 8218 8138
8269 8370 8220 8068
8570 8270 8755 7509
8271 8311 8291 8135
8495 8330 8709 7586
8252 8314 8270 8149
8494 8370 8693 7569
8489 8486 8711 7569
8585 8387 8631 7569
8455 8477 8545 7777
8272 8261 8337 8114
8257 8271 8356 8140
8208 8343 8425 8126
8534 8451 8604 7640
8241 8339 8358 8118
8499 8448 8562 7745
8252 8365 8461 8056
8617 8490 8500 7548
8245 8413 8416 8061
8429 8422 8599 7787
8241 8374 8451 8045
8306 8310 8484 8037
8405 8486 8556 7779
8235 8311 8458 8089
8239 8350 8423 8105
8353 8459 8593 7855
8230 8289 8525 8094
8421 8491 8565 7769
8195 8373 8430 8107
8203 8365 8416 8093
8234 8372 8414 8072
8544 8445 8644 7507
8195 8422 8465 8058
8192 8440 8425 8074
8198 8450 8439 8069
8505 8449 8605 7707
8223 8394 8471 8014
8226 8429 8463 8037
8195 8404 8535 8041
8231 8433 8426 8029
8202 8436 8452 8046
8209 8395 8440 8059
8255 8456 8388 8048
8470 8320 8638 7795
8239 8511 8375 8047
8506 8392 8576 7745
8537 8464 8578 7588
8252 8464 8356 8011
8481 8386 8565 7746
8265 8434 8351 8030
8208 8440 8408 8032
8449 8440 8569 7774
8236 8446 8410 7969
8436 8481 8546 7743
8221 8456 8429 7995
8572 8406 8647 7588
8189 8469 8473 7991
8552 8433 8584 7545
8179 8504 8430 8026
8518 8389 8660 7582
8158 8462 8475 8012
8396 8519 8613 7752
8522 8401 8654 7592
8517 8358 8670 7558
8198 8468 8491 7981
8551 8429 8611 7552
8221 8491 8461 7960
8183 8427 8492 7988
8170 8457 8497 7969
8180 8507 8484 7987
8362 8448 8672 7758
8163 8529 8463 7912
8366 8487 8637 7774
8586 8409 8600 7544
8138 8510 8470 7937
8352 8425 8688 7804
8117 8518 8495 7922
8335 8480 8639 7795
8146 8515 8469 7905
8331 8441 8674 7779
8227 8497 8527 7895
8113 8524 8476 7914
8367 8452 8635 7750
8570 8333 8681 7559
8124 8555 8480 7900
8371 8491 8600 7766
8388 8436 8649 7775
8557 8298 8699 7598
8258 8548 8418 7910
8409 8467 8632 7823
8297 8503 8451 7885
8405 8403 8647 7729
8509 8230 8738 7566
8540 8301 8705 7581
8277 8555 8416 7833
8429 8503 8626 7729
8536 8262 8740 7565
8304 8498 8493 7874
8378 8512 8439 7817
8585 8323 8662 7533
8313 8482 8475 7916
8469 8454 8576 7712
8539 8326 8683 7580
8505 8385 8636 7671
8543 8351 8650 7512
8564 8280 8714 7488
8531 8422 8568 7720
8589 8412 8598 7501
8346 8512 8421 7847
8582 8377 8647 7468
8483 8300 8658 7733
8567 8323 8697 7458
8279 8483 8445 7900
8462 8371 8594 7757
8325 8544 8393 7889
8473 8365 8652 7687
8563 8387 8676 7495
8317 8468 8488 7893
8532 8351 8727 7524
8522 8274 8778 7486
8445 8401 8604 7758
8553 8310 8727 7457
8572 8325 8729 7454
8248 8489 8502 7910
8424 8377 8644 7739
8561 8334 8719 7443
8435 8383 8635 7718
8562 8270 8770 7444
8230 8487 8420 7968
8574 8326 8705 7424
8261 8494 8418 7947
8594 8294 8694 7449
8274 8464 8413 7966
8573 8302 8719 7434
8566 8358 8705 7434
8253 8481 8431 7939
8466 8483 8553 7725
8517 8297 8783 7466
8498 8282 8781 7469
8204 8420 8509 7971
8552 8353 8756 7472
8155 8452 8496 7971
8189 8523 8437 7965
8342 8461 8643 7828
8528 8329 8749 7475
8200 8517 8495 7895
8218 8554 8457 7905
8406 8483 8528 7805
8197 8512 8502 7891
8458 8435 8555 7834
8550 8237 8772 7427
8177 8477 8545 7888
8546 8251 8759 7450
8223 8538 8493 7877
8219 8499 8528 7861
8495 8260 8787 7467
8174 8468 8535 7944
8170 8482 8522 7967
8177 8426 8536 7967
8521 8282 8789 7457
8216 8493 8464 7978
8539 8315 8744 7540
8227 8438 8465 7968
8511 8214 8780 7510
8220 8494 8451 7968
8542 8285 8747 7525
8174 8433 8503 7979
8488 8209 8786 7492
8357 8360 8676 7797
8521 8291 8729 7548
8321 8419 8688 7814
8514 8347 8715 7548
8143 8377 8587 7998
8334 8435 8649 7814
8515 8351 8688 7541
8295 8433 8643 7846
8536 8280 8752 7517
8303 8459 8637 7860
8146 8425 8530 7993
8329 8444 8579 7858
8496 8245 8768 7516
8218 8408 8545 8016
8492 8206 8803 7500
8149 8421 8516 8010
8373 8500 8583 7763
8491 8280 8754 7517
8484 8245 8803 7484
8193 8421 8491 7991
8515 8316 8770 7499
8219 8415 8504 8015
8361 8417 8659 7772
8512 8281 8778 7476
8186 8427 8471 8015
8389 8478 8657 7714
8516 8320 8743 7492
8485 8299 8782 7453
8173 8435 8485 8034
8431 8407 8648 7662
8518 8423 8673 7475
8204 8471 8434 8005
8455 8486 8671 7640
8468 8467 8668 7579
8427 8388 8702 7605
8423 8402 8689 7628
8422 8419 8773 7612
8416 8529 8690 7652
8179 8347 8584 7982
8489 8460 8672 7630
8210 8418 8551 7997
8177 8349 8589 7989
8418 8459 8705 7635
8223 8410 8537 7978
8414 8516 8740 7603
8231 8415 8496 8012
8185 8354 8548 8023
8445 8523 8738 7582
8182 8354 8574 8044
8211 8288 8575 8047
8232 8330 8530 8061
8256 8255 8601 8057
8236 8287 8612 8032
8229 8343 8598 8032
8240 8268 8589 8051
8268 8329 8587 7993
8276 8355 8581 8007
8271 8389 8512 7959
8279 8379 8506 7978
8276 8379 8532 7999
8234 8314 8507 8054
8258 8350 8523 8036
8539 8511 8526 7618
8219 8312 8479 8096
8493 8567 8515 7701
8179 8296 8453 8102
8549 8561 8513 7636
8166 8326 8458 8083
8216 8352 8414 8083
8237 8386 8381 8084
8258 8428 8336 8098
8189 8409 8310 8117
8192 8450 8282 8111
8531 8546 8516 7707
8155 8394 8321 8130
8563 8523 8394 7660
8183 8455 8319 8072
8249 8423 8349 8090
8513 8581 8535 7637
8270 8441 8307 8045
8583 8623 8317 7540
8242 8380 8309 8103
8499 8654 8370 7631
8468 8588 8559 7500
8508 8613 8509 7660
8212 8367 8388 8109
8427 8697 8478 7540
8228 8381 8394 8076
8256 8447 8356 8038
8456 8665 8341 7649
8282 8432 8298 8036
8322 8443 8328 7994
8484 8651 8443 7736
8325 8430 8343 7977
8450 8628 8520 7589
8473 8623 8551 7441
8473 8665 8342 7444
8349 8466 8359 7959
8314 8477 8285 7967
8451 8645 8458 7741
8436 8593 8594 7533
8350 8449 8336 7952
8371 8441 8311 7967
8349 8426 8268 7993
8395 8728 8592 7542
8386 8482 8229 7974
8407 8471 8202 7951
8398 8505 8190 7973
8396 8474 8196 7937
8381 8484 8215 7963
8396 8455 8240 7970
8387 8450 8253 7962
8402 8440 8234 7936
8407 8432 8286 7968
8443 8412 8381 7913
8458 8402 8362 7887
8462 8441 8327 7903
8447 8378 8431 7889
8467 8472 8447 7845
8428 8460 8301 7849
8517 8532 8577 7610
8471 8546 8560 7523
8443 8537 8608 7533
8430 8643 8631 7672
8372 8570 8292 7837
8399 8636 8633 7693
8403 8621 8646 7548
8434 8634 8549 7623
8418 8692 8491 7532
8415 8696 8581 7567
8405 8596 8268 7828
8374 8758 8481 7580
8344 8713 8564 7655
8339 8575 8387 7838
8275 8724 8608 7578
8313 8706 8566 7676
8298 8701 8610 7619
8332 8529 8401 7836
8354 8793 8546 7617
8367 8681 8504 7635
8315 8648 8511 7681
8377 8577 8388 7828
8402 8596 8381 7803
8382 8665 8668 7674
8334 8597 8707 7642
8406 8600 8397 7759
8386 8660 8607 7634
8399 8683 8413 7655
8407 8572 8726 7603
8371 8686 8663 7549
8393 8608 8666 7546
8378 8706 8301 7612
8391 8682 8327 7671
8422 8689 8325 7650
8311 8713 8604 7572
8520 8599 8517 7700
8368 8746 8603 7555
8423 8579 8496 7779
8438 8645 8543 7602
8448 8681 8544 7500
8405 8737 8649 7452
8385 8681 8454 7682
8479 8612 8621 7491
8352 8588 8512 7714
8506 8593 8540 7418
8526 8548 8543 7598
8334 8642 8468 7703
8573 8613 8449 7422
8523 8610 8510 7406
8508 8620 8529 7432
8527 8573 8592 7413
8505 8619 8533 7390
8483 8573 8617 7432
8529 8489 8633 7383
8279 8650 8497 7704
8302 8761 8565 7686
8565 8520 8555 7484
8474 8564 8637 7425
8333 8673 8484 7678
8420 8532 8662 7584
8423 8557 8665 7530
8396 8569 8695 7617
8419 8547 8682 7493
8433 8601 8534 7672
8423 8537 8588 7730
8415 8682 8466 7606
8469 8597 8493 7726
8472 8563 8540 7656
8431 8536 8598 7627
8461 8570 8550 7598
8436 8571 8550 7570
8366 8526 8751 7636
8334 8576 8720 7659
8394 8573 8728 7646
8462 8565 8582 7568
8505 8545 8567 7690
8525 8483 8576 7491
8566 8446 8604 7467
8618 8506 8544 7459
8584 8435 8603 7465
8575 8490 8544 7486
8578 8490 8518 7465
8591 8536 8516 7598
8604 8459 8583 7514
8629 8467 8499 7426
8623 8528 8416 7424
8644 8457 8480 7400
8647 8457 8493 7391
8634 8471 8462 7418
8649 8461 8443 7392
8628 8532 8379 7416
8612 8532 8442 7600
8563 8587 8417 7442
8530 8550 8528 7530
8568 8567 8416 7443
8553 8544 8519 7666
8616 8468 8588 7401
8602 8528 8528 7404
8577 8487 8559 7342
8580 8522 8551 7365
8559 8480 8596 7351
8546 8504 8570 7292
8552 8489 8564 7258
8550 8491 8569 7265
8567 8488 8563 7282
8613 8549 8511 7271
8579 8550 8481 7255
8600 8592 8436 7269
8556 8592 8461 7288
8549 8592 8496 7608
8562 8641 8424 7290
8512 8633 8436 7331
8525 8609 8462 7390
8556 8616 8460 7369
8525 8427 8671 7412
8585 8432 8639 7430
8582 8397 8647 7407
8585 8461 8590 7422
8621 8472 8551 7393
8657 8422 8536 7356
8624 8379 8603 7533
8611 8409 8608 7514
8663 8392 8593 7482
8665 8329 8630 7327
8617 8365 8609 7497
8675 8430 8510 7377
8690 8420 8491 7351
8693 8455 8483 7374
8633 8450 8515 7356
8637 8489 8480 7372
8640 8447 8481 7395
8673 8403 8505 7419
8712 8431 8486 7468
8674 8444 8464 7422
8709 8396 8494 7445
8621 8401 8522 7588
8630 8397 8563 7532
8672 8434 8449 7610
8638 8431 8456 7527
8654 8514 8402 7480
8650 8475 8437 7464
8635 8485 8456 7490
8595 8489 8543 7539
8600 8493 8506 7531
8561 8418 8602 7545
8565 8457 8567 7561
8586 8386 8631 7537
8573 8402 8607 7542
8617 8429 8578 7533
8625 8348 8648 7527
8661 8359 8609 7498
8664 8331 8607 7387
8670 8316 8601 7353
8701 8387 8568 7368
8638 8376 8618 7350
8623 8386 8637 7376
8589 8315 8696 7382
8593 8354 8661 7398
8653 8264 8624 7440
8651 8326 8627 7508
8665 8320 8586 7424
8645 8333 8581 7507
8612 8289 8664 7522
8606 8304 8670 7556
8609 8304 8644 7535
8596 8326 8622 7538
8581 8336 8641 7564
8518 8325 8691 7546
8524 8374 8654 7548
8551 8373 8584 7669
8533 8396 8615 7616
8561 8454 8544 7698
8548 8386 8596 7590
8485 8345 8693 7611
8504 8354 8667 7655
8527 8383 8603 7704
8517 8302 8643 7675
8568 8669 8333 7592
8495 8615 8405 7615
8488 8663 8360 7620
8503 8570 8538 7635
8500 8539 8518 7728
8523 8593 8405 7688
8492 8586 8407 7709
8500 8536 8370 7738
8497 8593 8380 7754
8466 8586 8382 7775
8503 8532 8463 7756
8461 8548 8419 7779
8409 8548 8388 7788
8406 8548 8414 7809
8409 8519 8437 7796
8431 8529 8551 7750
8414 8575 8514 7742
8542 8469 8448 7723
8530 8462 8464 7751
8556 8415 8503 7847
8516 8449 8495 7775
8442 8368 8598 7823
8469 8378 8565 7820
8514 8389 8548 7816
8446 8407 8563 7839
8448 8369 8574 7836
8500 8444 8521 7773
8482 8407 8559 7763
8485 8438 8564 7726
8447 8411 8581 7738
8477 8507 8526 7752
8468 8441 8564 7766
8507 8455 8539 7717
8492 8465 8558 7743
8492 8415 8552 7767
8488 8429 8539 7790
8471 8458 8460 7822
8502 8465 8458 7801
8458 8371 8586 7798
8416 8397 8585 7851
8415 8400 8565 7860
8347 8420 8588 7923
8408 8440 8541 7919
8419 8385 8542 7909
8402 8335 8596 7853
8433 8406 8563 7868
8395 8391 8582 7853
8395 8455 8551 7889
8364 8442 8572 7871
8391 8410 8605 7834
8395 8449 8570 7850
8450 8468 8526 7845
8446 8429 8561 7829
8504 8424 8505 7851
8454 8448 8549 7834
8448 8458 8502 7849
8427 8416 8547 7835
8451 8438 8580 7761
8511 8443 8548 7779
8483 8382 8550 7837
8454 8384 8580 7798
8480 8318 8607 7822
8460 8330 8572 7835
8464 8317 8578 7835
8484 8305 8613 7822
8518 8376 8554 7816
8487 8369 8556 7837
8508 8411 8511 7851
8525 8408 8505 7868
8513 8345 8527 7823
8510 8345 8553 7844
8482 8309 8578 7852
8475 8365 8564 7852
8507 8305 8547 7855
8535 8341 8522 7847
8539 8337 8445 7891
8518 8295 8490 7877
8489 8361 8489 7874
8477 8305 8540 7903
8424 8273 8610 7917
8460 8284 8571 7888
8515 8284 8576 7858
8491 8248 8560 7876
8537 8309 8508 7865
8478 8241 8596 7842
8463 8251 8615 7868
8442 8259 8640 7853
8463 8301 8595 7867
8484 8320 8611 7797
8520 8331 8572 7768
8526 8316 8566 7734
8576 8319 8505 7750
8583 8263 8519 7750
8572 8286 8473 7752
8585 8278 8459 7733
8609 8271 8415 7690
8658 8383 8475 7602
8624 8471 8494 7639
8618 8510 8381 7575
8546 8502 8478 7699
8576 8444 8525 7672
8601 8353 8519 7606
8602 8292 8526 7572
8596 8307 8532 7606
8563 8385 8605 7643
8536 8349 8615 7682
8566 8352 8583 7614
8577 8346 8641 7544
8437 8549 8628 7557
8538 8526 8522 7516
8542 8615 8427 7597
8554 8494 8464 7685
8658 8514 8341 7583
8634 8482 8400 7597
8619 8476 8456 7600
8628 8484 8450 7542
8637 8489 8437 7550
8649 8472 8381 7571
8663 8429 8462 7602
8664 8448 8380 7573
8711 8384 8332 7563
8706 8384 8437 7573
8697 8392 8460 7626
8641 8363 8482 7595
8678 8419 8443 7576
8609 8374 8436 7657
8613 8318 8476 7678
8664 8351 8457 7636
8659 8328 8491 7654
8627 8437 8408 7652
8638 8382 8409 7642
8635 8463 8362 7574
8599 8469 8462 7662
8608 8510 8490 7619
8639 8396 8478 7530
8664 8331 8495 7521
8698 8402 8436 7515
8678 8360 8545 7474
8685 8395 8496 7507
8682 8360 8504 7484
8686 8399 8469 7500
8658 8393 8467 7563
8694 8404 8428 7534
8704 8496 8404 7544
8717 8372 8391 7538
8763 8433 8339 7527
8742 8391 8384 7513
8733 8493 8378 7527
8745 8355 8385 7480
8764 8384 8331 7470
8754 8300 8444 7459
8758 8339 8409 7475
8713 8391 8460 7476
8747 8364 8397 7464
8711 8353 8436 7493
8738 8385 8438 7492
8707 8378 8440 7513
8743 8389 8401 7484
8730 8458 8386 7504
8742 8399 8383 7465
8693 8338 8461 7497
8710 8327 8517 7461
8744 8398 8458 7455
8713 8327 8491 7440
8702 8414 8414 7478
8722 8506 8382 7495
8686 8495 8421 7524
8665 8500 8433 7516
8707 8537 8376 7538
8636 8587 8322 7629
8592 8540 8329 7555
8620 8543 8327 7465
8611 8538 8340 7457
8584 8575 8341 7499
8566 8538 8379 7489
8559 8586 8334 7494
8555 8547 8369 7478
8558 8582 8361 7501
8573 8572 8342 7475
8587 8559 8338 7503
8572 8569 8357 7529
8573 8573 8330 7522
8558 8590 8341 7592
8543 8600 8360 7618
8586 8555 8335 7589
8649 8528 8292 7614
8646 8547 8299 7664
8664 8582 8242 7624
8658 8533 8279 7622
8654 8494 8314 7606
8642 8508 8334 7648
8632 8458 8347 7630
8627 8518 8353 7674
8628 8492 8353 7612
8642 8520 8336 7576
8680 8420 8441 7502
8665 8430 8460 7528
8701 8441 8421 7499
8672 8444 8447 7516
8676 8445 8434 7506
8702 8422 8411 7512
8715 8468 8405 7530
8684 8397 8438 7515
8722 8412 8419 7530
8680 8396 8451 7525
8684 8435 8416 7541
8639 8437 8431 7524
8670 8508 8398 7539
8642 8472 8423 7547
8669 8504 8425 7546
8578 8461 8501 7606
8582 8500 8466 7622
8553 8446 8492 7699
8515 8495 8480 7720
8534 8515 8573 7676
8480 8476 8571 7717
8484 8515 8536 7733
8463 8510 8598 7687
8502 8546 8524 7689
8524 8542 8520 7661
8520 8535 8548 7664
8489 8583 8538 7573
8462 8552 8561 7671
8435 8609 8559 7581
8450 8599 8540 7555
8444 8614 8546 7589
8427 8552 8578 7685
8434 8587 8522 7630
8428 8574 8534 7701
8458 8566 8548 7694
8425 8614 8469 7688
8438 8590 8495 7747
8394 8604 8480 7719
8356 8550 8561 7791
8325 8543 8563 7812
8371 8604 8511 7801
8382 8549 8512 7791
8413 8556 8510 7770
8367 8495 8562 7781
8394 8527 8564 7780
8401 8497 8575 7772
8366 8504 8564 7816
8373 8505 8547 7795
8360 8538 8526 7817
8355 8480 8574 7798
8401 8541 8522 7787
8422 8478 8585 7787
8466 8478 8560 7768
8456 8428 8573 7750
8419 8372 8612 7769
8416 8372 8638 7790
8395 8380 8663 7775
8339 8449 8662 7745
8301 8385 8693 7773
8310 8451 8655 7759
8349 8457 8651 7768
8372 8497 8714 7739
8390 8521 8594 7719
8411 8450 8658 7695
8396 8545 8580 7706
8399 8491 8580 7743
8396 8491 8606 7764
8427 8462 8588 7765
8442 8452 8569 7739
8476 8523 8510 7733
8445 8516 8512 7754
8472 8508 8520 7778
8420 8508 8489 7787
8451 8515 8487 7766
8422 8478 8604 7742
8503 8445 8616 7694
8487 8420 8643 7638
8492 8478 8595 7657
8465 8510 8562 7694
8465 8508 8588 7697
8469 8547 8553 7713
8494 8513 8576 7658
8534 8422 8542 7699
8580 8483 8490 7688
8529 8378 8633 7685
8563 8449 8574 7679
8554 8419 8593 7665
8558 8458 8558 7681
8527 8387 8591 7666
8527 8451 8560 7702
8514 8481 8565 7683
8507 8483 8571 7677
8538 8490 8569 7656
8553 8480 8550 7630
8568 8505 8491 7637
8564 8466 8526 7621
8608 8446 8521 7583
8593 8464 8496 7660
8560 8465 8549 7583
8531 8531 8548 7580
8482 8565 8551 7607
8542 8506 8550 7589
8527 8481 8609 7582
8518 8536 8550 7603
8533 8526 8531 7577
8536 8561 8523 7600
8532 8522 8558 7584
8461 8566 8574 7608
8522 8509 8578 7582
8526 8484 8574 7562
8489 8524 8641 7666
8467 8482 8653 7621
8498 8489 8651 7600
8471 8507 8655 7577
8455 8503 8748 7510
8419 8525 8674 7510
8380 8562 8864 7573
8396 8522 8781 7576
8426 8540 8688 7423
8462 8532 8701 7435
8453 8505 8802 7520
8424 8482 8808 7534
8427 8525 8713 7435
8485 8396 8747 7380
8519 8435 8668 7439
8524 8443 8658 7321
8484 8528 8648 7394
8417 8552 8736 7531
8457 8608 8646 7481
8457 8564 8637 7488
8470 8512 8671 7496
8436 8549 8656 7410
8421 8559 8675 7436
8425 8488 8826 7529
8463 8544 8654 7421
8489 8558 8611 7398
8472 8598 8627 7455
8493 8597 8576 7414
8508 8542 8604 7429
8499 8537 8617 7421
8545 8598 8565 7410
8454 8539 8663 7338
8458 8578 8628 7354
8431 8572 8658 7466
8476 8633 8574 7406
8464 8628 8598 7490
8461 8536 8663 7518
8434 8566 8653 7459
8430 8566 8663 7460
8437 8476 8784 7530
8488 8537 8644 7493
8428 8532 8676 7475
8422 8606 8672 7512
8325 8627 8674 7687
8374 8730 8651 7473
8274 8695 8641 7511
8266 8745 8649 7606
8285 8805 8551 7500
8264 8677 8708 7612
8318 8737 8615 7492
8361 8760 8656 7454
8306 8679 8665 7427
8268 8716 8673 7628
8267 8738 8631 7466
8322 8647 8726 7519
8334 8603 8814 7542
8411 8639 8694 7484
8270 8657 8700 7420
8223 8645 8733 7611
8231 8570 8758 7701
8192 8609 8784 7640
8265 8568 8759 7625
8296 8566 8753 7654
8270 8572 8757 7677
8223 8709 8702 7647
8195 8673 8727 7655
8242 8754 8602 7543
8267 8749 8622 7599
8257 8725 8663 7617
8241 8629 8674 7701
8247 8708 8631 7650
8219 8702 8629 7713
8255 8713 8590 7684
8335 8688 8649 7572
8226 8680 8725 7634
8185 8657 8739 7645
8182 8622 8747 7622
8171 8628 8689 7692
8330 8577 8725 7695
8315 8626 8711 7716
8161 8613 8666 7728
8212 8598 8659 7761
8227 8652 8609 7771
8276 8546 8667 7744
8344 8533 8699 7730
8269 8581 8679 7819
8296 8597 8612 7734
8235 8663 8636 7702
8294 8584 8756 7702
8241 8594 8717 7683
8231 8506 8789 7665
8318 8515 8819 7640
8225 8531 8780 7632
8337 8522 8720 7696
8345 8597 8687 7660
8307 8500 8714 7697
8332 8571 8688 7687
8333 8555 8697 7711
8254 8556 8738 7812
8276 8546 8715 7710
8327 8573 8751 7633
8332 8577 8714 7625
8411 8547 8722 7583
8358 8499 8879 7508
8428 8401 8842 7470
8397 8330 8875 7455
8396 8450 8891 7487
8390 8450 8830 7491
8347 8493 8902 7565
8369 8400 8894 7436
8327 8428 8912 7493
8358 8435 8910 7472
8365 8379 8924 7472
8368 8414 8916 7495
8308 8409 8948 7477
8339 8480 8915 7492
8354 8470 8896 7466
8387 8469 8843 7543
8375 8388 8895 7483
8360 8398 8914 7509
8333 8366 8912 7510
8330 8366 8938 7531
8359 8300 8939 7534
8352 8356 8925 7534
8321 8349 8927 7555
8357 8360 8888 7526
8387 8392 8864 7504
8394 8417 8859 7514
8433 8413 8831 7542
8440 8478 8807 7503
8395 8448 8797 7588
8384 8442 8820 7645
8350 8461 8833 7587
8367 8462 8828 7574
8314 8476 8854 7624
8314 8436 8860 7649
8348 8507 8801 7643
8339 8514 8758 7607
8331 8500 8776 7653
8384 8538 8734 7665
8368 8461 8783 7634
8353 8471 8802 7660
8381 8532 8800 7602
8442 8488 8746 7559
8389 8485 8813 7599
8439 8507 8749 7541
8404 8494 8773 7547
8412 8484 8767 7566
8393 8485 8772 7609
8386 8450 8821 7576
8390 8489 8786 7592
8362 8453 8811 7600
8386 8420 8848 7521
8386 8484 8817 7557
8400 8411 8835 7559
8396 8425 8822 7582
8375 8383 8867 7568
8432 8453 8821 7550
8418 8429 8794 7577
8411 8485 8780 7577
8443 8425 8763 7580
8465 8450 8695 7587
8460 8509 8650 7541
8454 8464 8728 7546
8461 8441 8782 7493
8465 8480 8747 7509
8458 8445 8796 7476
8422 8434 8835 7505
8413 8489 8776 7526
8400 8519 8781 7507
8420 8487 8770 7532
8442 8454 8761 7529
8479 8510 8722 7510
8433 8551 8673 7502
8455 8623 8611 7482
8467 8632 8605 7463
8462 8529 8647 7456
8404 8640 8632 7499
8395 8574 8670 7513
8430 8576 8644 7482
8439 8571 8607 7521
8460 8565 8625 7498
8438 8541 8633 7503
8455 8519 8654 7578
8418 8463 8693 7597
8445 8495 8695 7596
8421 8459 8679 7614
8393 8453 8760 7640
8406 8549 8721 7674
8367 8578 8676 7665
8231 8646 8670 7695
8246 8652 8602 7731
8243 8611 8630 7737
8248 8616 8660 7734
8248 8648 8633 7724
8235 8672 8607 7665
8258 8665 8589 7681
8304 8726 8537 7670
8275 8729 8563 7687
8371 8554 8710 7670
8323 8531 8739 7693
8316 8579 8694 7698
8324 8567 8634 7736
8356 8533 8611 7742
8341 8505 8660 7740
8374 8548 8621 7711
8369 8532 8599 7744
8333 8530 8567 7755
8360 8562 8569 7754
8339 8520 8614 7740
8342 8561 8586 7734
8292 8558 8647 7718
8327 8616 8660 7700
8217 8609 8662 7755
8286 8636 8541 7749
8312 8601 8534 7734
8297 8611 8553 7760
8344 8501 8646 7757
8291 8579 8643 7829
8302 8521 8651 7736
8287 8531 8670 7762
8355 8580 8629 7718
8280 8585 8680 7726
8312 8591 8719 7693
8291 8549 8764 7679
8309 8586 8726 7689
8424 8415 8704 7625
8420 8429 8691 7648
8424 8468 8656 7664
8393 8461 8658 7685
8410 8531 8650 7686
8358 8456 8646 7743
8385 8488 8648 7742
8396 8433 8649 7732
8427 8440 8647 7711
8377 8437 8708 7695
8341 8426 8747 7724
8345 8465 8712 7740
8338 8430 8761 7707
8317 8501 8697 7731
8313 8462 8732 7715
8359 8523 8680 7704
8375 8474 8670 7694
8379 8513 8635 7710
8383 8499 8648 7687
8368 8515 8682 7681
8353 8525 8701 7707
8382 8459 8702 7710
8380 8499 8769 7649
8391 8505 8744 7671
8351 8489 8718 7677
8397 8550 8666 7666
8378 8521 8720 7676
8346 8524 8704 7678
8302 8506 8767 7646
8305 8541 8759 7669
8326 8583 8714 7683
8383 8589 8663 7662
8354 8549 8690 7683
8385 8507 8766 7660
8367 8541 8726 7647
8362 8600 8681 7601
8338 8575 8700 7588
8366 8581 8702 7525
8365 8578 8746 7495
8348 8581 8752 7478
8368 8579 8679 7487
8395 8611 8681 7486
8353 8595 8713 7481
8338 8605 8732 7507
8351 8581 8727 7522
8341 8604 8728 7450
8345 8643 8693 7466
8317 8637 8691 7529
8322 8748 8561 7505
8404 8737 8530 7475
8342 8726 8605 7478
8425 8705 8638 7477
8431 8750 8560 7472
8374 8686 8637 7528
8374 8666 8682 7437
8331 8654 8679 7459
8382 8656 8672 7494
8357 8624 8693 7514
8349 8598 8699 7500
8356 8585 8723 7519
8361 8612 8688 7552
8332 8615 8714 7569
8353 8657 8669 7583
8343 8607 8682 7565
8355 8691 8613 7549
8359 8733 8540 7573
8339 8844 8464 7554
8372 8809 8474 7492
8350 8816 8465 7540
8385 8829 8419 7491
8368 8841 8438 7537
8354 8879 8355 7483
8347 8856 8400 7527
8379 8847 8384 7475
8382 8807 8449 7488
8365 8806 8446 7514
8356 8801 8459 7506
8376 8790 8401 7530
8410 8789 8431 7546
8422 8851 8349 7519
8425 8779 8412 7520
8379 8782 8433 7567
8375 8796 8420 7590
8315 8752 8569 7588
8304 8761 8559 7577
8362 8783 8549 7562
8373 8733 8491 7517
8381 8737 8516 7511
8368 8753 8492 7516
8388 8664 8579 7568
8340 8615 8696 7534
8331 8649 8684 7556
8338 8688 8623 7551
8334 8640 8687 7501
8394 8645 8655 7519
8398 8673 8636 7478
8440 8695 8619 7451
8385 8689 8612 7483
8420 8727 8630 7426
8420 8791 8599 7462
8310 8288 8813 7903
8306 8339 8714 7874
8326 8348 8710 7785
8433 8369 8727 7734
8283 8266 8753 7933
8298 8403 8744 7845
8304 8240 8914 7821
8349 8155 8819 7945
8289 8329 8748 7903
8278 8215 8926 7898
8308 8241 8836 7948
8265 8229 8947 7780
8351 8327 8765 7883
8274 8344 8743 7868
8314 8354 8815 7730
8255 8186 8842 7919
8344 8261 8812 7684
8382 8275 8798 7752
8326 8280 8862 7762
8341 8305 8834 7725
8371 8380 8852 7675
8273 8275 8900 7773
8262 8181 8930 7870
8308 8242 8878 7859
8248 8242 8828 7919
8247 8270 8938 7826
8420 8377 8741 7753
8072 8322 8914 7829
8262 8280 8857 7877
8219 8297 8939 7784
8250 8256 8928 7785
8359 8415 8669 7890
8340 8309 8885 7660
8245 8539 8766 7660
8236 8341 8975 7776
8254 7977 8901 7983
8420 8387 8723 7727
8355 8293 8799 7705
8237 8260 8758 7975
8356 8257 8648 8027
8411 8331 8733 7845
8233 8274 8745 7998
8325 8186 8681 8012
8360 8324 8672 7930
8251 8307 8805 7901
8293 8271 8901 7676
8246 8342 8738 7943
8247 8192 8985 7770
8301 8247 8790 7908
8312 8346 8871 7812
8285 8139 8793 8004
8289 8295 8780 7891
8244 8202 8807 8022
8268 8388 8702 7895
8336 8375 8763 7759
8339 8390 8781 7724
8360 8243 8661 8004
8304 8336 8633 7983
8270 8408 8576 8007
8203 8421 8528 7963
8401 8358 8777 7737
8428 8339 8736 7706
8382 8436 8711 7748
8431 8308 8754 7726
8425 8259 8791 7724
8424 8364 8740 7726
8315 8322 8609 7974
8371 8247 8629 8001
8189 8423 8530 7982
8391 8250 8659 7983
8368 8276 8758 7917
8329 8344 8796 7704
8328 8113 8864 7931
8285 8247 8823 7901
8409 8280 8690 7852
8359 8331 8702 7854
8367 8194 8842 7849
8482 8176 8786 7867
8390 8251 8744 7862
8395 8169 8711 7936
8171 8433 8529 8000
8294 8155 8814 7975
8348 8199 8738 7958
8174 8312 8767 7877
8299 8107 8780 7972
8271 8423 8694 7918
8310 8378 8679 7890
8103 8431 8774 7917
8250 8328 8751 7920
8083 8366 8784 7845
8133 8369 8723 7861
8430 8176 8755 7876
8253 8246 8791 7911
8229 8235 8780 7982
8433 8367 8604 7849
8416 8466 8535 7933
8498 8335 8493 7877
8448 8357 8585 7823
8297 8304 8845 7862
8475 8357 8494 7870
8462 8315 8752 7705
8246 8308 8768 7876
8295 8362 8772 7851
8267 8332 8777 7830
8442 8275 8795 7614
8272 8411 8812 7736
8225 8463 8760 7669
8271 8524 8708 7658
8243 8458 8746 7696
8279 8469 8707 7667
8260 8440 8761 7677
8249 8445 8800 7653
8229 8457 8765 7666
8287 8380 8818 7693
8350 8337 8782 7678
8321 8330 8836 7698
8346 8329 8786 7684
8346 8253 8861 7672
8370 8287 8810 7722
8409 8269 8805 7668
8418 8315 8777 7724
8336 8326 8838 7709
8368 8246 8819 7679
8375 8198 8864 7674
8397 8233 8822 7827
8432 8259 8807 7604
8427 8232 8835 7669
8439 8211 8852 7599
8473 8282 8793 7593
8482 8322 8829 7583
8404 8260 8814 7599
8435 8331 8781 7614
8483 8335 8773 7610
8479 8287 8837 7560
8439 8252 8853 7559
8424 8296 8907 7592
8443 8241 8880 7561
8396 8332 8892 7583
8399 8250 8840 7594
8398 8195 8903 7627
8365 8243 8868 7636
8323 8227 8900 7631
8395 8275 8844 7614
8410 8278 8811 7637
8379 8271 8813 7658
8320 8260 8933 7668
8300 8289 8887 7672
8281 8263 8926 7764
8285 8314 8869 7813
8326 8315 8853 7751
8319 8272 8898 7685
8277 8322 8883 7827
8193 8387 8831 7729
8213 8380 8883 7700
8164 8375 8875 7703
8251 8369 8857 7722
8208 8320 8888 7777
8258 8250 8959 7766
8262 8289 8924 7782
8233 8356 8915 7764
8257 8243 8928 7775
8279 8215 8973 7811
8264 8267 8935 7723
8367 8382 8761 7738
8320 8349 8815 7752
8377 8309 8785 7691
8477 8305 8733 7679
8471 8320 8739 7713
8440 8249 8772 7698
8457 8263 8771 7742
8436 8304 8755 7677
8418 8267 8793 7667
8433 8305 8758 7698
8387 8308 8779 7745
8389 8306 8774 7738
8420 8313 8772 7717
8458 8328 8753 7732
8427 8257 8786 7717
8430 8292 8778 7740
8416 8348 8758 7711
8382 8372 8742 7712
8336 8311 8794 7723
8375 8422 8717 7712
8360 8432 8736 7738
8370 8397 8779 7703
8329 8374 8793 7714
8320 8299 8827 7829
8338 8310 8803 7711
8351 8204 8831 7737
8431 8214 8772 7838
8448 8270 8750 7766
8465 8250 8715 7822
8504 8228 8773 7772
8460 8246 8752 7830
8378 8146 8883 7852
8342 8233 8817 7857
8374 8191 8860 7738
8401 8242 8754 7873
8358 8202 8801 7846
8387 8253 8785 7841
8358 8266 8770 7882
8367 8239 8815 7743
8365 8246 8801 7759
8327 8269 8798 7770
8393 8263 8760 7859
8289 8258 8817 7880
8396 8217 8782 7861
8415 8181 8833 7791
8400 8143 8805 7823
8423 8104 8824 7846
8429 8126 8770 7903
8455 8167 8851 7804
8411 8267 8764 7809
8388 8236 8797 7863
8373 8172 8821 7894
8356 8179 8826 7893
8327 8195 8803 7867
8221 8284 8800 7957
8261 8222 8842 7888
8244 8252 8974 7911
8327 8220 8798 7931
8339 8307 8698 7912
8339 8338 8661 7951
8349 8158 8747 7954
8356 8193 8679 7991
8331 8270 8660 7964
8426 8204 8696 7915
8284 8199 8781 7970
8382 8275 8640 7954
8391 8209 8783 7904
8502 8081 8786 7818
8437 8294 8648 7897
8487 8216 8646 7784
8541 8266 8624 7803
8559 8206 8658 7766
8559 8187 8693 7829
8465 8186 8746 7786
8422 8274 8671 7785
8476 8209 8666 7774
8447 8275 8665 7771
8418 8276 8768 7799
8475 8216 8669 7884
8377 8211 8786 7910
8420 8065 8802 7922
8380 8093 8823 7857
8379 8093 8868 7899
8374 7996 8937 7915
8367 8055 8842 7972
8416 8232 8735 7847
8399 8217 8756 7840
8407 8178 8756 7856
8426 8091 8778 7880
8460 8162 8719 7874
8433 8197 8753 7901
8458 8218 8693 7886
8351 8257 8725 7958
8302 8108 8776 8014
8264 8292 8760 7974
8324 8308 8694 7930
8300 8297 8668 7967
8371 8269 8673 7920
8398 8301 8675 7919
8335 8290 8725 7901
8386 8263 8599 7974
8391 8254 8699 7906
8359 8240 8568 8009
8315 8281 8634 7973
8386 8272 8570 8008
8342 8313 8636 7972
8309 8374 8706 7897
8402 8113 8725 7936
8351 8258 8695 7951
8272 8427 8667 7911
8364 8162 8713 7957
8329 8225 8646 8028
8377 8185 8668 7952
8360 8232 8644 8007
8369 8159 8674 7938
8376 8103 8688 7938
8342 8265 8699 7935
8397 8095 8663 7953
8360 8179 8692 7968
8382 8078 8730 7940
8288 8332 8751 7883
8353 8229 8667 7968
8435 8119 8752 7932
8289 8336 8724 7876
8403 8232 8606 7984
8440 8098 8699 7912
8449 8293 8554 7973
8327 8266 8695 7953
8460 8238 8555 7963
8389 8058 8804 7943
8324 8225 8723 7959
8491 8245 8553 7942
8380 8018 8803 7980
8497 8230 8547 7908
8482 8240 8566 7934
8432 8237 8627 7918
8381 8175 8707 7906
8332 8383 8667 7891
8426 8252 8633 7952
8384 8210 8699 7929
8395 8181 8666 7937
8395 8245 8635 7973
8391 8474 8574 7870
8335 8091 8854 7992
8345 8192 8761 7938
8319 8526 8623 7770
8361 8233 8685 7940
8362 8231 8686 7944
8433 8510 8526 7768
8382 8227 8703 7917
8358 8245 8673 7967
8395 8197 8698 7936
8364 8230 8667 7933
8378 8483 8566 7801
8383 8268 8636 7931
8276 8489 8661 7832
8465 8232 8680 7874
8441 8194 8677 7889
8456 8219 8618 7896
8344 8007 8842 8009
8473 8208 8674 7860
8297 8026 8894 7985
8455 8280 8608 7896
8510 8256 8595 7847
8314 8599 8574 7632
8429 8221 8719 7903
8470 8270 8589 7870
8276 8592 8589 7660
8444 8238 8662 7897
8271 8559 8613 7678
8341 7973 8860 7931
8274 8594 8605 7701
8403 8223 8707 7903
8421 8260 8669 7913
8221 8585 8625 7720
8432 8185 8660 7932
8332 8056 8862 7969
8346 8603 8518 7748
8453 8227 8615 7946
8435 8261 8575 7933
8389 8265 8560 7941
8432 8288 8601 7903
8307 8050 8874 7954
8414 8669 8562 7671
8426 8322 8563 7904
8318 8030 8934 7913
8398 8256 8601 7942
8387 8279 8555 7944
8391 8576 8640 7629
8452 8272 8475 7934
8452 8231 8452 7971
8263 8616 8563 7601
8481 8228 8426 7954
8463 8191 8464 7944
8446 8202 8408 7980
8268 8631 8550 7677
8419 8212 8412 7998
8394 8201 8426 8018
8387 8166 8475 7985
8390 8201 8467 8008
8359 8194 8469 8029
8400 8228 8452 7985
8262 8528 8669 7736
8422 8253 8384 7992
8228 8529 8639 7720
8450 8219 8410 7977
8404 8158 8462 7988
8247 8570 8567 7718
8401 8158 8488 8009
8326 8558 8579 7788
8398 8123 8496 7986
8288 8118 8781 7984
8435 8134 8497 7974
8233 8048 8837 8007
8252 8544 8606 7794
8426 8075 8497 7978
8486 8080 8465 7996
8253 8047 8854 8046
8153 8472 8673 7767
8458 8050 8470 7975
8150 8431 8701 7773
8492 8121 8411 7969
8273 8465 8675 7781
8461 8114 8413 7990
8488 8146 8415 7989
8467 8104 8460 7975
8362 8512 8641 7794
8498 8111 8458 7954
8509 8105 8516 7884
8258 8423 8735 7801
8526 8199 8502 7903
8273 8113 8859 7961
8221 8424 8731 7806
8494 8302 8534 7920
8224 8352 8794 7807
8544 8224 8475 7900
8204 8359 8786 7770
8547 8187 8521 7846
8222 8396 8748 7780
8565 8177 8479 7858
8206 8358 8774 7755
8581 8238 8521 7797
8360 8009 8856 7970
8192 8352 8859 7811
8556 8317 8543 7836
8192 8360 8777 7761
8586 8239 8569 7769
8372 8044 8827 7946
8534 8254 8654 7776
8533 8276 8630 7784
8168 8383 8777 7753
8566 8150 8672 7766
8152 8358 8860 7724
8242 8344 8911 7686
8507 8125 8775 7819
8529 8196 8802 7764
8389 7980 8758 7985
8385 7941 8793 7969
8522 8361 8619 7767
8366 8037 8811 8008
8159 8405 8899 7687
8380 8072 8721 7996
8106 8388 8902 7636
8548 8248 8582 7741
8346 8073 8691 7980
8154 8456 8863 7668
8572 8269 8626 7710
8377 8080 8689 7959
8120 8457 8833 7652
8552 8223 8578 7721
8347 8048 8769 7987
8141 8499 8788 7666
8568 8230 8661 7694
8113 8433 8826 7704
8096 8436 8832 7687
8378 8197 8748 7931
8062 8365 8891 7693
8106 8412 8884 7767
8533 8233 8671 7717
8094 8379 8886 7750
8121 8411 8888 7749
8410 8050 8779 7958
8082 8348 8935 7748
8424 8075 8762 7956
8062 8360 8900 7761
8382 8013 8730 7968
8155 8296 8898 7830
8250 8239 8963 7873
8510 8126 8771 7861
8286 8250 8924 7844
8186 8303 8896 7809
8173 8236 8991 7795
8158 8353 8829 7795
8541 8263 8593 7826
8189 8360 8827 7774
8271 8101 8778 8035
8268 8037 8835 8020
8564 8253 8509 7788
8176 8306 8897 7782
8367 8023 8850 8006
8258 8051 8817 8038
8261 8051 8791 8017
8307 8112 8739 8006
8310 8071 8808 8006
8247 8204 8971 7850
8220 8260 8937 7853
8237 8058 8784 8026
8293 8114 8779 7983
8564 8259 8518 7784
8143 8320 8912 7777
8540 8243 8507 7846
8284 8148 8821 7958
8142 8316 8939 7784
8585 8263 8488 7729
8607 8287 8480 7724
8599 8261 8486 7710
8193 8148 8825 8053
8635 8240 8449 7719
8125 8353 8906 7777
8620 8213 8523 7755
8266 8169 8845 7961
8146 8395 8861 7791
8608 8255 8569 7714
8111 8346 8888 7790
8249 8142 8801 7978
8642 8262 8541 7672
8661 8351 8483 7657
8143 8357 8910 7678
8608 8191 8600 7678
8294 8257 8729 7941
8115 8352 8948 7656
8316 8293 8696 7917
8156 8315 8976 7632
8611 8255 8543 7693
8139 8251 9002 7626
8598 8261 8586 7682
8233 8219 8764 8074
8195 8262 8989 7829
8603 8265 8549 7674
8307 8306 8703 7952
8603 8201 8580 7638
8238 8255 8973 7636
8271 8267 8717 7952
8595 8226 8594 7659
8230 8209 8795 8001
8249 8200 8974 7626
8599 8265 8559 7675
8215 8219 8814 8027
8258 8266 8936 7612
8186 8222 8840 8044
8248 8346 8925 7637
8184 8148 8847 8012
8564 8272 8548 7719
8558 8333 8465 7717
8210 8221 8760 8014
8186 8380 8886 7610
8202 8153 8812 8061
8537 8314 8545 7711
8253 8350 8888 7629
8198 8162 8784 8082
8526 8281 8626 7722
8183 8172 8803 8108
8526 8310 8577 7714
8149 8101 8862 8114
8153 8140 8827 8130
8331 8343 8873 7682
8557 8317 8575 7693
8159 8125 8821 8096
8530 8337 8637 7712
8193 8196 8762 8090
8162 8189 8764 8111
8183 8183 8782 8088
8567 8304 8612 7711
8162 8141 8827 8074
8200 8092 8839 8053
8216 8240 8977 7754
8530 8273 8668 7676
8227 8124 8841 8052
8190 8068 8880 8071
8183 8124 8866 8071
8198 8114 8847 8045
8156 8092 8864 8072
8153 8092 8890 8093
8125 8056 8915 8101
8152 8088 8917 8100
8122 8047 8905 8157
8143 8089 8860 8171
8108 8040 8887 8170
8543 8194 8589 7786
8136 8101 8885 8112
8589 8255 8537 7775
8115 8059 8930 8098
8554 8206 8564 7774
8143 8125 8892 8060
8575 8248 8519 7788
8109 8126 8862 8044
8128 8237 8999 7638
8098 8149 8816 8046
8131 8272 8991 7661
8143 8189 8798 8056
8135 8250 8997 7647
8551 8168 8498 7865
8552 8172 8534 7855
8237 8319 8692 7969
8226 8307 8717 7981
8524 8239 8631 7812
8166 8315 8657 8001
8546 8264 8563 7819
8236 8279 8692 8019
8201 8361 8898 7673
8525 8116 8752 7835
8241 8297 8698 7955
8243 8313 8897 7642
8564 8128 8630 7793
8563 8202 8581 7810
8574 8196 8639 7740
8225 8229 8807 7973
8216 8284 8748 7994
8503 8205 8640 7785
8263 8336 8906 7611
8523 8191 8784 7765
8255 8291 8772 7915
8527 8241 8656 7767
8531 8219 8662 7753
8224 8284 8774 7936
8251 8252 8907 7900
8500 8203 8615 7830
8493 8259 8601 7830
8252 8251 8938 7725
8288 8265 8881 7747
8487 8199 8644 7795
8485 8201 8649 7802
8492 8195 8643 7801
8298 8206 8788 7957
8488 8209 8630 7824
8545 8215 8579 7803
8517 8209 8577 7866
8553 8220 8538 7837
8511 8155 8513 7892
8513 8153 8508 7885
8331 8220 8797 7936
8308 8178 8909 7823
8541 8189 8483 7877
8352 8168 8823 7903
8293 8188 8928 7849
8360 8129 8789 7913
8259 8117 8987 7855
8532 8305 8545 7873
8310 8126 8850 7897
8252 8165 8942 7860
8559 8248 8464 7881
8258 8150 8936 7826
8534 8236 8433 7911
8517 8239 8439 7894
8331 8239 8759 7927
8193 8134 8997 7860
8574 8238 8445 7855
8568 8253 8451 7889
8530 8238 8470 7874
8220 8216 8958 7929
8515 8248 8489 7900
8255 8224 8839 7897
8501 8298 8547 7894
8286 8324 8757 7904
8258 8288 8782 7912
8506 8434 8529 7847
8270 8272 8843 7863
8336 8211 8789 7886
8456 8319 8525 7872
8367 8218 8787 7865
8280 8262 8848 7836
8446 8417 8544 7908
8333 8147 8846 7871
8450 8403 8557 7885
8337 8195 8782 7921
8299 8131 8813 7949
8271 8238 8905 7861
8475 8427 8531 7868
8339 8217 8776 7953
8501 8459 8514 7801
8304 8127 8782 7970
8265 8272 8867 7862
8491 8354 8621 7788
8278 8142 8840 7972
8226 8142 8809 7981
8272 8203 8757 7970
8438 8390 8592 7837
8510 8464 8501 7809
8319 8248 8743 7971
8259 8227 8938 7824
8472 8525 8465 7777
8267 8248 8712 7980
8259 8236 8909 7858
8552 8453 8524 7734
8264 8248 8738 8001
8240 8223 8757 7988
8243 8264 8729 7982
8243 8223 8706 8019
8205 8272 8694 8040
8181 8155 8997 7895
8516 8416 8660 7626
8241 8283 8655 8011
8179 8157 9002 7902
8195 8222 8707 8022
8177 8126 9008 7866
8247 8222 8738 8013
8225 8201 8982 7899
8264 8283 8662 7990
8223 8260 8911 7832
8569 8489 8468 7714
8286 8264 8748 7938
8584 8380 8490 7648
8238 8314 8861 7842
8590 8433 8498 7587
8227 8337 8815 7844
8594 8517 8425 7618
8181 8276 8867 7855
8595 8351 8681 7503
8212 8283 8865 7834
8597 8400 8610 7555
8191 8291 8890 7819
8648 8436 8576 7512
8656 8456 8429 7524
8400 8273 8706 7879
8644 8519 8455 7479
8194 8276 8950 7831
8390 8338 8700 7833
8191 8276 8976 7852
8562 8483 8571 7563
8356 8267 8759 7839
8223 8271 8941 7819
8320 8256 8798 7868
8324 8295 8763 7884
8320 8309 8750 7907
8318 8238 8807 7904
8266 8285 8923 7823
8352 8309 8748 7898
8284 8280 8879 7765
8332 8259 8774 7822
8293 8246 8891 7743
8614 8365 8635 7518
8392 8264 8742 7840
8295 8244 8886 7736
8414 8288 8734 7835
8635 8455 8483 7435
8348 8298 8772 7851
8375 8376 8775 7719
8667 8300 8617 7460
8376 8304 8758 7851
8335 8339 8796 7726
8686 8386 8553 7466
8396 8319 8747 7827
8636 8264 8668 7489
8340 8373 8854 7696
8636 8336 8646 7534
8396 8191 8816 7832
8337 8363 8885 7623
8402 8245 8775 7761
8368 8434 8852 7638
8411 8190 8834 7740
8383 8424 8833 7612
8613 8439 8586 7535
8429 8227 8796 7750
8398 8449 8774 7619
8405 8393 8788 7619
8415 8247 8803 7737
8401 8345 8815 7552
8406 8302 8744 7758
8416 8399 8765 7562
8388 8265 8782 7748
8458 8343 8817 7580
8655 8363 8570 7508
8688 8387 8473 7618
8427 8279 8842 7576
8680 8370 8446 7668
8510 8167 8856 7774
8719 8370 8401 7600
8383 8236 8912 7543
8458 8214 8781 7731
8365 8261 8925 7568
8679 8186 8396 7736
8411 8142 8868 7775
8702 8189 8450 7727
8417 8307 8853 7537
8432 8297 8834 7511
8697 8261 8375 7711
8425 8345 8789 7516
8697 8190 8434 7642
8418 8310 8838 7483
8403 8320 8857 7509
8392 8236 8756 7873
8354 8299 8899 7551
8385 8370 8866 7566
8351 8299 8925 7572
8351 8363 8894 7608
8717 8145 8476 7673
8386 8239 8764 7897
8354 8363 8868 7587
8345 8397 8856 7609
8374 8331 8857 7612
8324 8204 8808 7894
8405 8338 8855 7591
8342 8241 8770 7904
8420 8328 8836 7565
8427 8272 8850 7565
8657 8140 8508 7655
8383 8348 8868 7588
8375 8137 8793 7878
8356 8316 8866 7589
8375 8201 8762 7914
8351 8165 8746 7932
8372 8296 8876 7601
8393 8187 8729 7905
8393 8225 8940 7577
8427 8258 8670 7899
8448 8187 8734 7875
8384 8280 8881 7598
8380 8294 8868 7621
8371 8136 8782 7913
8389 8260 8880 7599
8411 8173 8761 7906
8338 8190 8935 7609
8380 8102 8794 7891
8707 8192 8398 7673
8384 8141 8759 7907
8395 8160 8911 7604
8374 8231 8847 7628
8664 8237 8423 7702
8479 8119 8773 7882
8364 8189 8916 7634
8457 8128 8764 7872
8343 8195 8898 7657
8404 8080 8792 7864
8333 8118 8949 7619
8435 8087 8790 7843
8460 8097 8866 7774
8360 8150 8951 7618
8656 8203 8490 7799
8394 8221 8892 7612
8334 8216 8924 7594
8338 8255 8889 7610
8300 8195 8943 7596
8461 8145 8807 7791
8331 8216 8904 7635
8327 8177 8939 7619
8360 8176 8886 7696
8323 8120 8923 7632
8483 8135 8854 7775
8354 8191 8890 7647
8633 8269 8421 7814
8470 8157 8832 7778
8413 8139 8894 7808
8629 8171 8488 7800
8454 8190 8770 7779
8378 8082 8914 7816
8407 8150 8872 7663
8486 8156 8747 7785
8478 8117 8824 7781
8379 8212 8840 7686
8661 8179 8473 7671
8403 8186 8852 7735
8396 8242 8838 7735
8525 8157 8837 7748
8421 8181 8808 7677
8434 8112 8880 7633
8618 8154 8677 7737
8465 8183 8847 7648
8427 8168 8866 7633
8384 8162 8859 7645
8698 8150 8485 7711
8531 8093 8773 7762
8415 8169 8857 7624
8552 8138 8737 7698
8422 8113 8871 7624
8545 8103 8786 7665
8436 8077 8951 7781
8549 8151 8722 7715
8412 8113 8895 7782
8452 8101 8898 7662
8678 8108 8544 7708
8474 8046 8864 7638
8704 8169 8450 7614
8478 8010 8884 7566
8662 8173 8492 7580
8553 8073 8766 7815
8527 8032 8843 7685
8683 8160 8504 7737
8475 7975 8892 7543
8651 8331 8512 7637
8491 8091 8862 7750
8466 7977 8886 7549
8449 8064 8913 7781
8628 8265 8458 7822
8457 7924 8904 7519
8545 8069 8805 7695
8488 7995 8871 7534
8459 7955 8898 7555
8476 8019 8872 7561
8460 8020 8895 7735
8672 8242 8382 7736
8504 8072 8869 7478
8484 8104 8880 7453
8663 8262 8345 7695
8538 8118 8778 7736
8464 8039 8890 7381
8547 8184 8740 7722
8549 8073 8864 7454
8683 8359 8440 7629
8486 8033 8877 7407
8498 8032 8886 7416
8617 8316 8374 7689
8606 8237 8761 7533
8595 8340 8319 7731
8583 8181 8787 7417
8613 8020 8784 7445
8599 8376 8410 7710
8645 8160 8736 7461
8424 8096 8884 7789
8597 8316 8422 7758
8428 8135 8849 7805
8582 7949 8817 7430
8585 7984 8809 7453
8568 8382 8421 7755
8584 8479 8481 7688
8583 8144 8805 7448
8515 8107 8850 7730
8568 8105 8778 7459
8515 8171 8819 7766
8549 8034 8801 7799
8470 8100 8879 7749
8449 8171 8815 7773
8586 8172 8780 7447
8603 8508 8427 7678
8415 8100 8874 7779
8398 8111 8818 7815
8590 8057 8779 7468
8518 8522 8444 7730
8603 8100 8727 7727
8528 8555 8418 7656
8640 8151 8763 7412
8347 8075 8916 7837
8381 8146 8857 7831
8649 8162 8733 7427
8412 8153 8855 7810
8500 8445 8642 7715
8369 8092 8901 7734
8617 8210 8745 7456
8389 8157 8891 7806
8628 8370 8415 7677
8379 8090 8926 7774
8413 8161 8867 7768
8382 8090 8900 7753
8420 8105 8881 7768
8433 8042 8959 7758
8393 8007 8975 7757
8398 7970 8983 7760
8528 8597 8368 7680
8385 8000 8988 7741
8439 8053 8922 7716
8386 8048 8960 7727
8388 8046 8955 7720
8406 8083 8917 7730
8560 8224 8794 7406
8457 8581 8395 7767
8361 8018 8918 7806
8300 8033 8924 7812
8609 8208 8768 7325
8474 8452 8556 7831
8306 8052 8953 7794
8617 8246 8696 7454
8271 8003 8980 7793
8292 8045 8935 7807
8633 8199 8718 7417
8266 7966 8970 7837
8503 8642 8343 7756
8270 8005 8935 7853
8423 8638 8336 7817
8283 7981 8961 7912
8490 8504 8535 7802
8320 8037 8922 7893
8371 8491 8291 7966
8324 8015 8928 7879
8369 8488 8542 7802
8314 7991 8969 7897
8591 8272 8753 7532
8371 7961 8945 7892
8405 8032 8886 7886
8345 8027 8918 7868
8349 8066 8883 7884
8610 8276 8726 7549
8307 8050 8915 7879
8585 8308 8697 7557
8307 8114 8884 7915
8300 8119 8885 7924
8282 8146 8855 7923
8303 8090 8908 7911
8286 8121 8851 7903
8272 8083 8910 7932
8412 8528 8303 7827
8252 8114 8879 7945
8569 8171 8771 7484
8374 8508 8272 7857
8547 8118 8809 7421
8400 8537 8549 7794
8401 8613 8404 7810
8300 8055 8916 7888
8303 8119 8859 7903
8334 8126 8857 7882
8335 8052 8906 7865
8545 8318 8805 7439
8339 8091 8871 7881
8352 8061 8866 7900
8348 8022 8901 7884
8384 8033 8862 7855
8388 8072 8827 7871
8375 8014 8840 7988
8368 8005 8862 7930
8389 7994 8835 7907
8560 8228 8778 7386
8519 8484 8487 7798
8425 8040 8760 7932
8556 8345 8719 7480
8383 8018 8777 7959
8414 8025 8775 7938
8380 7954 8834 7944
8563 8318 8710 7514
8578 8356 8700 7384
8585 8313 8702 7341
8401 8523 8576 7744
8390 8004 8821 7962
8617 8320 8665 7411
8361 8076 8810 7921
8346 8086 8829 7947
8299 8024 8889 7978
8593 8361 8645 7539
8336 7952 8883 7991
8567 8387 8666 7494
8332 7966 8870 8014
8559 8348 8711 7479
8506 8324 8767 7516
8529 8325 8769 7359
8282 8035 8833 8014
8561 8402 8655 7369
8330 8095 8856 7993
8343 8087 8842 7974
8295 8027 8819 7995
8322 8059 8821 7994
8291 8052 8823 8015
8280 8075 8777 8017
8287 8019 8791 8017
8284 8019 8817 8038
8581 8307 8710 7567
8238 7958 8869 8049
8269 7965 8867 8028
8317 7957 8943 7978
8490 8341 8763 7352
8266 7964 8871 7986
8562 8383 8703 7502
8419 8446 8594 7777
8519 8302 8726 7592
8391 8471 8587 7808
8317 7893 8974 7942
8529 8316 8735 7501
8387 8513 8515 7799
8351 7964 8915 7936
8299 7904 8975 7944
8290 7959 8916 7965
8378 8427 8586 7902
8319 7893 8917 7968
8408 8456 8551 7860
8316 7893 8943 7989
8320 7879 8956 7966
8322 7897 8923 7948
8567 8228 8773 7304
8340 7861 8925 7924
8552 8238 8792 7330
8395 8424 8580 7919
8377 7917 8886 7905
8521 8167 8825 7315
8421 7882 8900 7916
8581 8172 8793 7333
8455 7918 8817 7897
8318 8452 8641 7914
8442 7876 8918 7893
8427 7932 8848 7883
8630 8157 8762 7305
8614 8212 8731 7317
8667 8214 8690 7392
8442 7924 8855 7930
8411 8414 8552 7883
8390 7924 8824 7939
8662 8210 8727 7400
8405 8479 8555 7812
8427 7980 8785 7920
8646 8120 8775 7293
8400 8430 8652 7821
8396 7973 8787 7941
8624 8130 8779 7278
8424 8034 8785 7883
8639 8102 8789 7297
8503 8483 8489 7800
8435 7959 8776 7902
8440 7976 8814 7887
8429 8051 8823 7868
8392 7995 8862 7887
8645 8086 8773 7333
8401 8061 8824 7873
8380 8069 8849 7858
8637 8094 8790 7339
8383 8110 8821 7852
8614 8089 8769 7446
8436 8096 8810 7827
8561 8023 8830 7418
8390 8035 8862 7838
8596 8166 8776 7401
8570 8098 8819 7436
8396 8072 8822 7847
8420 8108 8838 7829
8281 8541 8580 7777
8385 8059 8865 7828
8402 8064 8836 7834
8429 8096 8838 7833
8411 8573 8563 7762
8433 8074 8844 7819
8437 8113 8809 7835
8444 8057 8823 7835
8454 8586 8494 7758
8452 8054 8802 7852
8479 8086 8804 7851
8534 8044 8820 7825
8503 8058 8804 7814
8677 8200 8708 7374
8484 8056 8813 7821
8742 8099 8699 7413
8453 7985 8846 7806
8703 8165 8678 7298
8696 8147 8724 7289
8509 8024 8842 7813
8531 8048 8834 7808
8727 8203 8647 7390
8366 8600 8342 7830
8534 8048 8808 7787
8680 8157 8726 7438
8507 8012 8818 7826
8674 8112 8734 7267
8673 8173 8730 7291
8667 8126 8766 7317
8685 8037 8725 7286
8541 8037 8822 7782
8707 8140 8712 7442
8545 8076 8787 7798
8507 8061 8806 7783
8635 8129 8765 7282
8599 8086 8795 7290
8539 8137 8719 7753
8699 8126 8713 7282
8524 8147 8738 7779
8703 8179 8671 7436
8493 8140 8740 7800
8485 8148 8754 7814
8464 8106 8799 7800
8495 8113 8797 7779
8502 8057 8811 7779
8548 8118 8759 7768
8520 8082 8784 7776
8541 8124 8739 7790
8639 8168 8730 7298
8549 8116 8725 7776
8585 8127 8686 7747
8581 8088 8721 7731
8643 8141 8754 7313
8566 8098 8740 7757
8563 8063 8748 7734
8572 8029 8760 7712
8638 8091 8791 7266
8572 8093 8729 7748
8585 8104 8710 7788
8568 8107 8716 7771
8720 8158 8663 7420
8616 8111 8708 7767
8672 8130 8729 7309
8575 8057 8739 7734
8571 8071 8726 7757
8650 8026 8767 7289
8587 7983 8752 7763
8642 8021 8808 7255
8596 8049 8714 7749
8642 8085 8777 7291
8633 8055 8825 7323
8567 7918 8762 7691
8645 8056 8800 7278
8617 7921 8701 7707
8626 8024 8850 7220
8654 7977 8662 7688
8630 8063 8815 7236
8627 7954 8631 7723
8602 8057 8813 7299
8618 7988 8619 7745
8623 8099 8768 7313
8609 7962 8603 7798
8601 8076 8580 7813
8606 8023 8823 7324
8578 7955 8605 7819
8641 8014 8608 7795
8629 7940 8609 7736
8632 8083 8578 7792
8672 8066 8760 7273
8599 7997 8560 7833
8613 7980 8536 7837
8563 7852 8539 7853
8521 7956 8606 7876
8499 7935 8630 7915
8327 8418 8653 7892
8491 7940 8614 7880
8718 8213 8634 7308
8473 7920 8649 7921
8680 8198 8653 7293
8273 8381 8701 7897
8444 7986 8648 7918
8680 8262 8622 7329
8277 8420 8666 7913
8480 8003 8658 7914
8693 8238 8648 7388
8327 8376 8692 7924
8714 8230 8623 7403
8276 8415 8665 7940
8485 7955 8620 7914
8687 8207 8592 7438
8453 7968 8664 7910
8718 8214 8590 7417
8474 8010 8619 7924
8669 8181 8670 7512
8685 8159 8696 7473
8449 7982 8651 7933
8296 8305 8725 7909
8437 7949 8653 7916
8291 8379 8693 7937
8483 8010 8601 7905
8245 8344 8698 7925
8494 7955 8602 7895
8238 8400 8684 7925
8506 7988 8600 7912
8631 8149 8695 7476
8242 8439 8649 7941
8460 7927 8652 7923
8449 7932 8691 7899
8211 8432 8651 7962
8633 8184 8726 7433
8238 8464 8653 7961
8633 8229 8676 7466
8256 8428 8655 7937
8253 8428 8681 7958
8545 7963 8575 7874
8253 8364 8712 7922
8543 7981 8538 7883
8246 8360 8716 7876
8280 8431 8657 7870
8536 7946 8587 7850
8284 8417 8670 7847
8561 7930 8561 7838
8279 8476 8625 7801
8657 8217 8635 7415
8652 8213 8672 7423
8285 8527 8593 7754
8648 8174 8707 7407
8273 8586 8561 7808
8573 7883 8576 7836
8644 8190 8728 7428
8539 7812 8635 7842
8292 8565 8523 7791
8246 8504 8575 7802
8555 7939 8532 7847
8243 8504 8601 7823
8207 8502 8569 7834
8253 8563 8517 7823
8258 8504 8525 7874
8575 8059 8520 7888
8213 8513 8519 7854
8275 8501 8519 7891
8536 7947 8586 7830
8232 8542 8465 7844
8304 8478 8529 7873
8357 8498 8558 7871
8626 7898 8629 7800
8189 8473 8549 7892
8580 7837 8681 7811
8176 8503 8554 7873
8573 7893 8667 7811
8560 8201 8786 7517
8167 8505 8564 7875
8575 7891 8662 7804
8594 8164 8766 7433
8204 8509 8547 7887
8555 8101 8813 7432
8127 8565 8496 7834
8168 8545 8508 7879
8172 8531 8521 7856
8203 8538 8519 7835
8544 8099 8808 7515
8216 8508 8514 7854
8551 7984 8535 7842
8252 8519 8475 7825
8533 7964 8566 7865
8261 8523 8457 7862
8307 8584 8405 7851
8490 7949 8608 7897
8279 8523 8407 7909
8275 8537 8394 7932
8238 8491 8450 7965
8269 8492 8472 7937
8512 7974 8540 7904
8501 7997 8494 7906
8515 7997 8467 7908
8548 8027 8518 7889
8609 8087 8470 7860
8328 8472 8456 7890
8600 7936 8486 7856
8550 7933 8547 7840
8581 8004 8514 7855
8401 8448 8423 7949
8265 8433 8364 7970
8528 7999 8552 7866
8529 7925 8601 7849
8591 8283 8701 7539
8287 8422 8441 8048
8287 8458 8296 7977
8579 8034 8516 7868
8227 8433 8436 8030
8259 8494 8281 7968
8563 8026 8522 7871
8262 8494 8255 7947
8567 8016 8562 7837
8298 8505 8216 7918
8594 8033 8520 7850
8610 8341 8662 7477
8300 8504 8291 7908
8609 8023 8501 7824
8310 8475 8374 7937
8328 8468 8306 7917
8602 8073 8476 7824
8587 8083 8495 7850
8554 8300 8675 7571
8352 8517 8287 7887
8566 8041 8540 7836
8447 8481 8494 7840
8597 8048 8538 7815
8343 8514 8393 7898
8563 7977 8597 7821
8284 8483 8450 7890
8578 8292 8731 7348
8327 8540 8287 7861
8586 7948 8534 7838
8308 8535 8418 7858
8617 7966 8549 7814
8620 8288 8689 7382
8645 8053 8573 7811
8618 8214 8696 7350
8627 8288 8668 7504
8356 8548 8237 7845
8694 8093 8433 7744
8701 8019 8576 7813
8375 8511 8248 7832
8642 8350 8638 7468
8437 8473 8298 7911
8691 8084 8570 7767
8420 8372 8308 7947
8611 8169 8511 7807
8580 8162 8513 7828
8620 8156 8745 7493
8382 8389 8347 7955
8402 8368 8317 7938
8618 8188 8509 7784
8620 8254 8656 7581
8593 8145 8548 7793
8603 8198 8528 7810
8563 8205 8512 7809
8417 8323 8372 7969
8574 8238 8478 7806
8587 8208 8473 7825
8411 8373 8304 7946
8633 8205 8452 7778
8640 8338 8629 7501
8618 8215 8471 7804
8361 8326 8343 7980
8584 8144 8530 7810
8588 8183 8495 7826
8368 8400 8339 7973
8548 8133 8569 7839
8582 8204 8510 7833
8396 8336 8292 7965
8423 8368 8294 7964
8432 8313 8353 7943
8576 8166 8526 7811
8622 8227 8474 7800
8377 8307 8346 7975
8364 8337 8351 7956
8343 8331 8423 7978
8608 8135 8529 7767
8614 8074 8612 7769
8618 8113 8577 7785
8587 8042 8610 7770
8587 8106 8579 7806
8603 8325 8630 7546
8590 8151 8589 7794
8569 8109 8634 7780
8551 8273 8644 7637
8301 8379 8419 8063
8657 7972 8583 7739
8563 8222 8703 7597
8635 8118 8567 7765
8584 8264 8658 7611
8640 8093 8563 7693
8566 8227 8696 7601
8616 8230 8635 7617
8647 8037 8577 7693
8595 8188 8680 7603
8587 8196 8694 7617
8631 8079 8602 7749
8574 8193 8708 7592
8641 8103 8561 7731
8613 8215 8667 7510
8656 8128 8502 7738
8632 8236 8677 7428
8623 8231 8690 7420
8635 8223 8565 7733
8656 8231 8667 7483
8583 8157 8562 7774
8691 8261 8593 7416
8629 8218 8510 7763
8655 8254 8647 7476
8614 8164 8560 7753
8636 8149 8614 7716
8601 8152 8624 7739
8648 8160 8710 7440
8579 8167 8570 7776
8596 8156 8626 7740
8617 8146 8776 7420
8630 8227 8567 7734
8631 8153 8616 7717
8316 8353 8531 7938
8624 8201 8571 7722
8586 8186 8590 7707
8572 8081 8771 7460
8586 8250 8559 7743
8553 8124 8769 7529
8593 8269 8602 7671
8534 8086 8800 7531
8552 8123 8762 7541
8334 8365 8411 8000
8307 8373 8403 7976
8525 8308 8651 7652
8296 8396 8357 7978
8525 8244 8682 7616
8307 8373 8328 8047
8563 8259 8663 7631
8296 8314 8458 8032
8532 8188 8696 7616
8258 8378 8356 8099
8532 8252 8665 7652
8539 8075 8812 7442
8281 8324 8477 8058
8526 8304 8689 7602
8295 8316 8426 8107
8520 8229 8734 7577
8585 8014 8789 7512
8257 8346 8394 8105
8515 8298 8712 7659
8554 7943 8822 7497
8561 8000 8809 7497
8305 8248 8391 8091
8547 8063 8777 7533
8510 8357 8667 7613
8526 8240 8720 7566
8549 8039 8802 7471
8559 8089 8789 7489
8508 8340 8680 7632
8487 8288 8729 7621
8478 8343 8670 7642
8541 8135 8796 7492
8469 8374 8675 7700
8552 8137 8807 7469
8543 8454 8625 7573
8534 8100 8845 7459
8446 8499 8605 7616
8432 8573 8576 7615
8457 8490 8573 7738
8540 8128 8805 7475
8515 8520 8560 7550
8546 8041 8846 7457
8542 8055 8833 7480
8524 8018 8871 7470
8411 8509 8594 7726
8528 8057 8836 7486
8535 8001 8850 7486
8468 8539 8552 7731
8581 8035 8816 7495
8466 8545 8536 7745
8599 7973 8787 7454
8329 8224 8404 8061
8592 8029 8773 7454
8607 8061 8757 7486
8628 8050 8730 7463
8432 8503 8600 7708
8597 8011 8770 7468
8569 8002 8818 7478
8550 7964 8849 7480
8265 8351 8353 8139
8462 8494 8630 7736
8284 8287 8317 8194
8596 8025 8797 7469
8294 8092 8312 8113
8578 7991 8775 7528
8312 8259 8292 8089
8580 7989 8770 7521
8518 8491 8610 7653
8614 8060 8711 7515
8625 8054 8769 7445
8627 8145 8721 7466
8258 8066 8375 8125
8498 8493 8649 7500
8640 8060 8718 7484
8265 8010 8389 8125
8464 8563 8592 7568
8654 8088 8729 7458
8257 8005 8430 8091
8252 8174 8450 8075
8310 8084 8496 8035
8641 8137 8699 7511
8700 8149 8677 7447
8321 8185 8481 8057
8523 8486 8543 7612
8307 8247 8453 8041
8624 8140 8705 7494
8647 8135 8744 7424
8669 8143 8701 7448
8335 8214 8451 8046
8677 8148 8660 7482
8547 8480 8636 7530
8645 8182 8683 7476
8658 8127 8694 7474
8665 8193 8646 7452
8704 8188 8642 7463
8679 8217 8571 7501
8353 8308 8401 8030
8673 8156 8666 7492
8615 8184 8688 7487
8622 8160 8726 7489
8618 8227 8679 7478
8352 8192 8479 8036
8359 8136 8493 8036
8631 8197 8674 7497
8380 8178 8448 8050
8651 8183 8680 7474
8363 8136 8451 8024
8397 8207 8392 8018
8365 8512 8615 7773
8670 8244 8628 7450
8366 8200 8394 8039
8688 8281 8590 7460
8412 8261 8342 8028
8668 8205 8584 7469
8391 8219 8387 8014
8709 8249 8547 7479
8422 8226 8385 7993
8724 8184 8534 7465
8439 8223 8379 8010
8678 8123 8586 7476
8460 8265 8334 8024
8699 8165 8541 7490
8426 8266 8304 8008
8709 8158 8574 7501
8409 8269 8310 7991
8678 8087 8607 7486
8388 8275 8292 8014
8412 8311 8308 7996
8724 8148 8555 7475
8372 8295 8282 8002
8728 8187 8520 7491
8389 8442 8294 7987
8315 8286 8376 8045
8435 8447 8604 7754
8713 8224 8543 7459
8682 8217 8545 7480
8504 8496 8548 7724
8724 8239 8528 7453
8759 8296 8508 7445
8485 8463 8626 7604
8711 8228 8547 7413
8696 8238 8566 7439
8336 8255 8389 8070
8701 8203 8580 7438
8483 8362 8692 7640
8429 8396 8654 7720
8429 8439 8657 7693
8728 8163 8622 7454
8477 8484 8611 7710
8682 8094 8731 7395
8449 8359 8686 7697
8277 8297 8556 8071
8419 8318 8674 7754
8306 8292 8506 8050
8415 8332 8661 7777
8332 8215 8482 8033
8428 8302 8656 7796
8360 8224 8434 8023
8372 8286 8352 7996
8347 8318 8323 8004
8316 8311 8325 8025
8478 8386 8591 7767
8337 8353 8280 8039
8704 8105 8720 7419
8336 8363 8262 8020
8669 8108 8730 7442
8310 8373 8302 8026
8669 8117 8701 7476
8293 8357 8355 8076
8478 8438 8569 7808
8638 8110 8703 7497
8642 8149 8668 7513
8310 8306 8302 8066
8634 8207 8675 7488
8630 8168 8710 7472
8279 8346 8272 8148
8297 8300 8263 8142
8318 8261 8228 8069
8329 8186 8219 8088
8466 8394 8547 7833
8315 8187 8355 8090
8608 8269 8747 7549
8306 8242 8296 8111
8592 8252 8711 7557
8484 8391 8556 7751
8550 8236 8743 7552
8311 8324 8290 8115
8298 8375 8218 8138
8269 8370 8220 8068
8570 8270 8755 7509
8271 8311 8291 8135
8495 8330 8709 7586
8252 8314 8270 8149
8494 8370 8693 7569
8489 8427 8687 7514
8585 8387 8631 7569
8455 8477 8545 7777
8272 8261 8337 8114
8257 8271 8356 8140
8208 8343 8425 8126
8533 8451 8586 7577
8241 8339 8358 8118
8499 8448 8562 7745
8252 8365 8461 8056
8617 8490 8500 7548
8245 8413 8416 8061
8429 8422 8599 7787
8241 8374 8451 8045
8306 8310 8484 8037
8405 8486 8556 7779
8235 8311 8458 8089
8239 8350 8423 8105
8353 8459 8593 7855
8230 8289 8525 8094
8421 8491 8565 7769
8486 8392 8695 7491
8195 8373 8430 8107
8203 8365 8416 8093
8234 8372 8414 8072
8544 8445 8644 7507
8195 8422 8465 8058
8192 8440 8425 8074
8198 8450 8439 8069
8505 8449 8605 7707
8223 8394 8471 8014
8226 8429 8463 8037
8195 8404 8535 8041
8231 8433 8426 8029
8202 8436 8452 8046
8209 8395 8440 8059
8542 8468 8541 7580
8255 8456 8388 8048
8470 8320 8638 7795
8239 8511 8375 8047
8506 8392 8576 7745
8537 8464 8578 7588
8252 8464 8356 8011
8481 8386 8565 7746
8265 8434 8351 8030
8208 8440 8408 8032
8449 8440 8569 7774
8516 8422 8623 7574
8236 8446 8410 7969
8436 8481 8546 7743
8221 8456 8429 7995
8572 8406 8647 7588
8189 8469 8473 7991
8552 8433 8584 7545
8179 8504 8430 8026
8518 8389 8660 7582
8158 8462 8475 8012
8396 8519 8613 7752
8522 8401 8654 7592
8517 8358 8670 7558
8198 8468 8491 7981
8551 8429 8611 7552
8221 8491 8461 7960
8183 8427 8492 7988
8170 8457 8497 7969
8180 8507 8484 7987
8362 8448 8672 7758
8163 8529 8463 7912
8366 8487 8637 7774
8586 8409 8600 7544
8138 8510 8470 7937
8352 8425 8688 7804
8117 8518 8495 7922
8335 8480 8639 7795
8146 8515 8469 7905
8331 8441 8674 7779
8227 8497 8527 7895
8113 8524 8476 7914
8367 8452 8635 7750
8570 8333 8681 7559
8124 8555 8480 7900
8371 8491 8600 7766
8388 8436 8649 7775
8557 8298 8699 7598
8258 8548 8418 7910
8409 8467 8632 7823
8297 8503 8451 7885
8405 8403 8647 7729
8509 8230 8738 7566
8540 8301 8705 7581
8277 8555 8416 7833
8429 8503 8626 7729
8536 8262 8740 7565
8304 8498 8493 7874
8378 8512 8439 7817
8585 8323 8662 7533
8313 8482 8475 7916
8469 8454 8576 7712
8539 8326 8683 7580
8505 8385 8636 7671
8510 8378 8573 7673
8543 8351 8650 7512
8564 8280 8714 7488
8524 8339 8558 7704
8589 8412 8598 7501
8346 8512 8421 7847
8582 8377 8647 7468
8483 8300 8658 7733
8567 8323 8697 7458
8279 8483 8445 7900
8462 8371 8594 7757
8325 8544 8393 7889
8473 8365 8652 7687
8563 8387 8676 7495
8317 8468 8488 7893
8532 8351 8727 7524
8522 8274 8778 7486
8445 8401 8604 7758
8553 8310 8727 7457
8572 8325 8729 7454
8248 8489 8502 7910
8424 8377 8644 7739
8561 8334 8719 7443
8435 8383 8635 7718
8562 8270 8770 7444
8230 8487 8420 7968
8574 8326 8705 7424
8261 8494 8418 7947
8594 8294 8694 7449
8274 8464 8413 7966
8573 8302 8719 7434
8566 8358 8705 7434
8253 8481 8431 7939
8466 8483 8553 7725
8517 8297 8783 7466
8498 8282 8781 7469
8204 8420 8509 7971
8552 8353 8756 7472
8155 8452 8496 7971
8189 8523 8437 7965
8342 8461 8643 7828
8528 8329 8749 7475
8200 8517 8495 7895
8218 8554 8457 7905
8406 8483 8528 7805
8197 8512 8502 7891
8458 8435 8555 7834
8550 8237 8772 7427
8177 8477 8545 7888
8546 8251 8759 7450
8223 8538 8493 7877
8219 8499 8528 7861
8495 8260 8787 7467
8174 8468 8535 7944
8170 8482 8522 7967
8177 8426 8536 7967
8521 8282 8789 7457
8216 8493 8464 7978
8539 8315 8744 7540
8227 8438 8465 7968
8511 8214 8780 7510
8220 8494 8451 7968
8542 8285 8747 7525
8174 8433 8503 7979
8488 8209 8786 7492
8357 8360 8676 7797
8521 8291 8729 7548
8321 8419 8688 7814
8514 8347 8715 7548
8143 8377 8587 7998
8334 8435 8649 7814
8515 8351 8688 7541
8295 8433 8643 7846
8536 8280 8752 7517
8303 8459 8637 7860
8146 8425 8530 7993
8329 8444 8579 7858
8496 8245 8768 7516
8218 8408 8545 8016
8492 8206 8803 7500
8149 8421 8516 8010
8373 8500 8583 7763
8491 8280 8754 7517
8484 8245 8803 7484
8193 8421 8491 7991
8515 8316 8770 7499
8219 8415 8504 8015
8361 8417 8659 7772
8512 8281 8778 7476
8186 8427 8471 8015
8389 8478 8657 7714
8516 8320 8743 7492
8485 8299 8782 7453
8464 8370 8718 7477
8173 8435 8485 8034
8481 8367 8712 7494
8431 8407 8648 7662
8518 8423 8673 7475
8204 8471 8434 8005
8435 8393 8661 7639
8468 8467 8668 7579
8427 8388 8702 7605
8423 8402 8689 7628
8412 8407 8728 7604
8403 8462 8669 7625
8179 8347 8584 7982
8425 8457 8650 7602
8210 8418 8551 7997
8421 8451 8668 7623
8177 8349 8589 7989
8393 8415 8693 7631
8223 8410 8537 7978
8405 8434 8690 7618
8409 8420 8703 7595
8231 8415 8496 8012
8185 8354 8548 8023
8431 8397 8719 7581
8182 8354 8574 8044
8437 8396 8701 7564
8211 8288 8575 8047
8232 8330 8530 8061
8467 8408 8680 7552
8462 8392 8688 7557
8256 8255 8601 8057
8460 8394 8693 7564
8236 8287 8612 8032
8229 8343 8598 8032
8240 8268 8589 8051
8268 8329 8587 7993
8276 8355 8581 8007
8489 8464 8613 7594
8271 8389 8512 7959
8279 8379 8506 7978
8276 8379 8532 7999
8234 8314 8507 8054
8258 8350 8523 8036
8539 8511 8526 7618
8219 8312 8479 8096
8493 8567 8515 7701
8179 8296 8453 8102
8549 8561 8513 7636
8166 8326 8458 8083
8216 8352 8414 8083
8237 8386 8381 8084
8258 8428 8336 8098
8189 8409 8310 8117
8192 8450 8282 8111
8531 8546 8516 7707
8155 8394 8321 8130
8563 8523 8394 7660
8183 8455 8319 8072
8249 8423 8349 8090
8513 8581 8535 7637
8270 8441 8307 8045
8583 8623 8317 7540
8242 8380 8309 8103
8499 8654 8370 7631
8468 8588 8559 7500
8508 8613 8509 7660
8212 8367 8388 8109
8427 8697 8478 7540
8228 8381 8394 8076
8256 8447 8356 8038
8456 8665 8341 7649
8282 8432 8298 8036
8322 8443 8328 7994
8484 8651 8443 7736
8325 8430 8343 7977
8450 8628 8520 7589
8473 8623 8551 7441
8473 8665 8342 7444
8349 8466 8359 7959
8314 8477 8285 7967
8451 8645 8458 7741
8436 8593 8594 7533
8350 8449 8336 7952
8371 8441 8311 7967
8349 8426 8268 7993
8361 8715 8339 7461
8386 8482 8229 7974
8407 8471 8202 7951
8398 8505 8190 7973
8396 8474 8196 7937
8381 8484 8215 7963
8396 8455 8240 7970
8387 8450 8253 7962
8402 8440 8234 7936
8407 8432 8286 7968
8443 8412 8381 7913
8458 8402 8362 7887
8462 8441 8327 7903
8447 8378 8431 7889
8467 8472 8447 7845
8428 8460 8301 7849
8475 8532 8573 7500
8471 8546 8560 7523
8443 8537 8608 7533
8415 8598 8596 7605
8372 8570 8292 7837
8382 8562 8590 7648
8369 8615 8573 7546
8434 8634 8549 7623
8425 8629 8562 7615
8418 8692 8491 7532
8376 8676 8523 7527
8405 8596 8268 7828
8355 8747 8459 7551
8315 8710 8480 7558
8319 8749 8445 7574
8339 8575 8387 7838
8274 8678 8505 7557
8312 8693 8486 7572
8270 8684 8461 7585
8332 8529 8401 7836
8327 8722 8455 7572
8367 8681 8504 7635
8315 8648 8511 7681
8377 8577 8388 7828
8401 8603 8572 7620
8402 8596 8381 7803
8283 8592 8576 7653
8280 8582 8607 7580
8311 8653 8574 7595
8311 8589 8605 7559
8315 8628 8570 7575
8272 8612 8570 7602
8406 8600 8397 7759
8268 8602 8587 7565
8369 8592 8595 7629
8399 8683 8413 7655
8335 8562 8648 7497
8369 8633 8589 7491
8309 8628 8621 7473
8313 8667 8586 7489
8386 8604 8634 7493
8378 8706 8301 7612
8282 8660 8588 7510
8391 8682 8327 7671
8278 8621 8623 7494
8422 8689 8325 7650
8309 8692 8590 7509
8307 8618 8597 7477
8365 8710 8517 7491
8520 8599 8517 7700
8329 8656 8578 7415
8423 8579 8496 7779
8438 8645 8543 7602
8435 8671 8524 7407
8345 8651 8564 7406
8348 8686 8556 7429
8330 8649 8594 7419
8385 8681 8454 7682
8428 8656 8525 7431
8470 8582 8579 7447
8352 8588 8512 7714
8506 8593 8540 7418
8339 8620 8506 7693
8517 8538 8541 7408
8334 8642 8468 7703
8573 8613 8449 7422
8294 8634 8471 7689
8523 8610 8510 7406
8508 8620 8529 7432
8508 8560 8569 7407
8505 8619 8533 7390
8477 8553 8571 7428
8529 8489 8633 7383
8279 8650 8497 7704
8509 8501 8598 7396
8288 8616 8509 7682
8565 8520 8555 7484
8480 8508 8591 7434
8467 8538 8596 7415
8401 8594 8615 7467
8333 8673 8484 7678
8420 8532 8662 7584
8427 8472 8679 7519
8348 8536 8642 7477
8337 8560 8674 7504
8348 8579 8637 7496
8381 8606 8580 7480
8334 8679 8461 7647
8355 8533 8667 7478
8355 8597 8636 7514
8433 8601 8534 7672
8341 8599 8639 7520
8306 8542 8659 7528
8423 8537 8588 7730
8337 8613 8626 7543
8352 8603 8607 7517
8370 8640 8569 7527
8366 8601 8604 7511
8351 8611 8623 7537
8333 8574 8661 7527
8416 8621 8548 7631
8393 8579 8629 7545
8415 8682 8466 7606
8283 8620 8591 7535
8469 8597 8493 7726
8472 8563 8540 7656
8416 8557 8579 7595
8413 8569 8588 7627
8406 8534 8637 7594
8431 8536 8598 7627
8461 8570 8550 7598
8388 8573 8601 7634
8410 8609 8568 7610
8436 8571 8550 7570
8421 8581 8569 7596
8418 8513 8636 7602
8374 8490 8646 7602
8360 8505 8673 7614
8322 8450 8711 7587
8325 8514 8654 7602
8358 8508 8668 7584
8369 8491 8647 7600
8365 8452 8682 7584
8462 8565 8582 7568
8505 8545 8567 7690
8525 8483 8576 7491
8566 8446 8604 7467
8618 8506 8544 7459
8584 8435 8603 7465
8575 8490 8544 7486
8578 8490 8518 7465
8569 8524 8506 7487
8604 8459 8583 7514
8629 8467 8499 7426
8623 8528 8416 7424
8644 8457 8480 7400
8647 8457 8493 7391
8634 8471 8462 7418
8649 8461 8443 7392
8628 8532 8379 7416
8612 8532 8442 7600
8563 8587 8417 7442
8530 8550 8528 7530
8568 8567 8416 7443
8561 8532 8465 7410
8550 8528 8497 7413
8616 8468 8588 7401
8602 8528 8528 7404
8581 8535 8495 7392
8577 8487 8559 7342
8580 8522 8551 7365
8559 8480 8596 7351
8546 8504 8570 7292
8552 8489 8564 7258
8550 8491 8569 7265
8567 8488 8563 7282
8613 8549 8511 7271
8579 8550 8481 7255
8600 8592 8436 7269
8563 8536 8475 7288
8556 8592 8461 7288
8549 8592 8496 7608
8562 8641 8424 7290
8512 8633 8436 7331
8525 8609 8462 7390
8556 8616 8460 7369
8516 8560 8525 7409
8519 8488 8588 7410
8504 8498 8607 7436
8525 8427 8671 7412
8585 8432 8639 7430
8582 8397 8647 7407
8585 8461 8590 7422
8621 8472 8551 7393
8657 8422 8536 7356
8624 8379 8603 7533
8611 8409 8608 7514
8663 8392 8593 7482
8665 8329 8630 7327
8617 8365 8609 7497
8675 8430 8510 7377
8690 8420 8491 7351
8693 8455 8483 7374
8633 8450 8515 7356
8637 8489 8480 7372
8640 8447 8481 7395
8673 8403 8505 7419
8712 8431 8486 7468
8674 8444 8464 7422
8709 8396 8494 7445
8621 8401 8522 7588
8630 8397 8563 7532
8672 8434 8449 7610
8638 8431 8456 7527
8654 8514 8402 7480
8650 8475 8437 7464
8635 8485 8456 7490
8595 8489 8543 7539
8600 8493 8506 7531
8561 8418 8602 7545
8565 8457 8567 7561
8586 8386 8631 7537
8577 8441 8572 7558
8573 8402 8607 7542
8617 8429 8578 7533
8625 8348 8648 7527
8661 8359 8609 7498
8664 8331 8607 7387
8670 8316 8601 7353
8701 8387 8568 7368
8638 8376 8618 7350
8623 8386 8637 7376
8589 8315 8696 7382
8593 8354 8661 7398
8653 8264 8624 7440
8651 8326 8627 7508
8665 8320 8586 7424
8645 8333 8581 7507
8612 8289 8664 7522
8606 8304 8670 7556
8609 8304 8644 7535
8596 8326 8622 7538
8581 8336 8641 7564
8518 8325 8691 7546
8524 8374 8654 7548
8551 8373 8584 7669
8533 8396 8615 7616
8527 8379 8558 7658
8537 8392 8538 7660
8548 8386 8596 7590
8485 8345 8693 7611
8519 8416 8634 7605
8504 8354 8667 7655
8520 8366 8586 7690
8517 8302 8643 7675
8516 8376 8594 7692
8568 8669 8333 7592
8495 8615 8405 7615
8488 8663 8360 7620
8503 8570 8538 7635
8500 8539 8518 7728
8523 8593 8405 7688
8492 8586 8407 7709
8500 8536 8370 7738
8497 8593 8380 7754
8466 8586 8382 7775
8503 8532 8463 7756
8461 8548 8419 7779
8409 8548 8388 7788
8406 8548 8414 7809
8409 8519 8437 7796
8431 8529 8551 7750
8414 8575 8514 7742
8542 8469 8448 7723
8530 8462 8464 7751
8556 8415 8503 7847
8516 8449 8495 7775
8442 8368 8598 7823
8469 8378 8565 7820
8514 8389 8548 7816
8446 8407 8563 7839
8448 8369 8574 7836
8500 8444 8521 7773
8482 8407 8559 7763
8485 8438 8564 7726
8447 8411 8581 7738
8477 8507 8526 7752
8468 8441 8564 7766
8507 8455 8539 7717
8492 8465 8558 7743
8492 8415 8552 7767
8488 8429 8539 7790
8471 8458 8460 7822
8502 8465 8458 7801
8458 8371 8586 7798
8416 8397 8585 7851
8415 8400 8565 7860
8347 8420 8588 7923
8408 8440 8541 7919
8419 8385 8542 7909
8402 8335 8596 7853
8433 8406 8563 7868
8395 8391 8582 7853
8395 8455 8551 7889
8364 8442 8572 7871
8391 8410 8605 7834
8395 8449 8570 7850
8450 8468 8526 7845
8446 8429 8561 7829
8504 8424 8505 7851
8454 8448 8549 7834
8448 8458 8502 7849
8427 8416 8547 7835
8451 8438 8580 7761
8511 8443 8548 7779
8483 8382 8550 7837
8454 8384 8580 7798
8480 8318 8607 7822
8460 8330 8572 7835
8464 8317 8578 7835
8484 8305 8613 7822
8518 8376 8554 7816
8487 8369 8556 7837
8508 8411 8511 7851
8525 8408 8505 7868
8513 8345 8527 7823
8510 8345 8553 7844
8482 8309 8578 7852
8475 8365 8564 7852
8507 8305 8547 7855
8535 8341 8522 7847
8539 8337 8445 7891
8518 8295 8490 7877
8489 8361 8489 7874
8477 8305 8540 7903
8424 8273 8610 7917
8460 8284 8571 7888
8515 8284 8576 7858
8491 8248 8560 7876
8537 8309 8508 7865
8478 8241 8596 7842
8463 8251 8615 7868
8442 8259 8640 7853
8463 8301 8595 7867
8484 8320 8611 7797
8520 8331 8572 7768
8526 8316 8566 7734
8576 8319 8505 7750
8583 8263 8519 7750
8572 8286 8473 7752
8585 8278 8459 7733
8609 8271 8415 7690
8658 8383 8475 7602
8620 8462 8371 7638
8618 8510 8381 7575
8546 8502 8478 7699
8559 8426 8500 7608
8563 8381 8560 7627
8560 8401 8522 7609
8571 8326 8513 7628
8567 8340 8500 7651
8597 8372 8476 7629
8599 8370 8471 7622
8581 8354 8553 7601
8581 8379 8494 7606
8601 8353 8519 7606
8585 8334 8508 7612
8589 8320 8521 7589
8577 8353 8566 7611
8602 8292 8526 7572
8596 8307 8532 7606
8539 8313 8589 7608
8538 8387 8540 7625
8559 8316 8604 7601
8588 8298 8567 7601
8563 8317 8591 7591
8535 8345 8585 7635
8566 8352 8583 7614
8577 8346 8641 7544
8520 8406 8616 7597
8478 8421 8647 7594
8437 8387 8664 7638
8424 8417 8669 7619
8432 8443 8663 7633
8410 8419 8671 7638
8404 8453 8633 7639
8437 8549 8628 7557
8442 8497 8620 7526
8446 8501 8603 7567
8466 8500 8581 7542
8538 8526 8522 7516
8523 8536 8541 7542
8542 8615 8427 7597
8554 8494 8464 7685
8621 8458 8380 7602
8658 8514 8341 7583
8634 8482 8400 7597
8619 8476 8456 7600
8628 8484 8450 7542
8591 8428 8489 7561
8637 8489 8437 7550
8649 8472 8381 7571
8591 8534 8354 7578
8620 8432 8463 7623
8590 8366 8486 7602
8663 8429 8462 7602
8664 8448 8380 7573
8711 8384 8332 7563
8706 8384 8437 7573
8697 8392 8460 7626
8641 8363 8482 7595
8678 8419 8443 7576
8609 8374 8436 7657
8613 8318 8476 7678
8664 8351 8457 7636
8659 8328 8491 7654
8627 8437 8408 7652
8638 8382 8409 7642
8635 8463 8362 7574
8599 8469 8462 7662
8606 8480 8421 7604
8596 8403 8472 7566
8581 8413 8491 7592
8613 8435 8479 7561
8639 8396 8478 7530
8664 8331 8495 7521
8698 8402 8436 7515
8678 8360 8545 7474
8685 8395 8496 7507
8682 8360 8504 7484
8686 8399 8469 7500
8658 8393 8467 7563
8694 8404 8428 7534
8704 8496 8404 7544
8717 8372 8391 7538
8763 8433 8339 7527
8742 8391 8384 7513
8733 8493 8378 7527
8745 8355 8385 7480
8764 8384 8331 7470
8754 8300 8444 7459
8758 8339 8409 7475
8713 8391 8460 7476
8747 8364 8397 7464
8711 8353 8436 7493
8738 8385 8438 7492
8707 8378 8440 7513
8743 8389 8401 7484
8730 8458 8386 7504
8742 8399 8383 7465
8693 8338 8461 7497
8710 8327 8517 7461
8744 8398 8458 7455
8713 8327 8491 7440
8702 8414 8414 7478
8722 8506 8382 7495
8686 8495 8421 7524
8665 8500 8433 7516
8707 8537 8376 7538
8636 8587 8322 7629
8592 8540 8329 7555
8620 8543 8327 7465
8611 8538 8340 7457
8584 8575 8341 7499
8566 8538 8379 7489
8559 8586 8334 7494
8555 8547 8369 7478
8558 8582 8361 7501
8573 8572 8342 7475
8587 8559 8338 7503
8572 8569 8357 7529
8573 8573 8330 7522
8558 8590 8341 7592
8543 8600 8360 7618
8550 8544 8374 7618
8586 8555 8335 7589
8649 8528 8292 7614
8646 8547 8299 7664
8664 8582 8242 7624
8658 8533 8279 7622
8654 8494 8314 7606
8642 8508 8334 7648
8632 8458 8347 7630
8627 8518 8353 7674
8628 8492 8353 7612
8642 8520 8336 7576
8680 8420 8441 7502
8665 8430 8460 7528
8701 8441 8421 7499
8672 8444 8447 7516
8676 8445 8434 7506
8702 8422 8411 7512
8715 8468 8405 7530
8684 8397 8438 7515
8722 8412 8419 7530
8680 8396 8451 7525
8684 8435 8416 7541
8639 8437 8431 7524
8670 8508 8398 7539
8642 8472 8423 7547
8669 8504 8425 7546
8578 8461 8501 7606
8582 8500 8466 7622
8553 8446 8492 7699
8515 8495 8480 7720
8557 8447 8479 7689
8529 8504 8537 7674
8480 8476 8571 7717
8484 8515 8536 7733
8463 8510 8598 7687
8502 8546 8524 7689
8524 8542 8520 7661
8520 8535 8548 7664
8510 8514 8552 7635
8489 8583 8538 7573
8470 8517 8574 7609
8450 8516 8580 7630
8462 8552 8561 7671
8397 8561 8634 7595
8426 8543 8597 7595
8435 8609 8559 7581
8450 8599 8540 7555
8444 8614 8546 7589
8426 8577 8584 7579
8411 8587 8603 7605
8409 8538 8604 7654
8427 8552 8578 7685
8434 8587 8522 7630
8428 8574 8534 7701
8458 8566 8548 7694
8425 8614 8469 7688
8438 8590 8495 7747
8394 8604 8480 7719
8315 8567 8569 7777
8322 8519 8614 7772
8322 8479 8620 7797
8356 8550 8561 7791
8325 8543 8563 7812
8371 8604 8511 7801
8382 8549 8512 7791
8413 8556 8510 7770
8367 8495 8562 7781
8394 8527 8564 7780
8401 8497 8575 7772
8366 8504 8564 7816
8373 8505 8547 7795
8360 8538 8526 7817
8355 8480 8574 7798
8401 8541 8522 7787
8422 8478 8585 7787
8466 8478 8560 7768
8456 8428 8573 7750
8419 8372 8612 7769
8416 8372 8638 7790
8395 8380 8663 7775
8339 8449 8662 7745
8301 8385 8693 7773
8310 8451 8655 7759
8349 8457 8651 7768
8356 8450 8653 7725
8390 8521 8594 7719
8411 8450 8658 7695
8396 8545 8580 7706
8399 8491 8580 7743
8396 8491 8606 7764
8427 8462 8588 7765
8442 8452 8569 7739
8476 8523 8510 7733
8445 8516 8512 7754
8472 8508 8520 7778
8420 8508 8489 7787
8451 8515 8487 7766
8422 8478 8604 7742
8503 8445 8616 7694
8487 8420 8643 7638
8492 8478 8595 7657
8465 8510 8562 7694
8465 8508 8588 7697
8469 8547 8553 7713
8469 8499 8569 7656
8310 8288 8813 7903
8306 8339 8714 7874
8326 8348 8710 7785
8433 8369 8727 7734
8283 8266 8753 7933
8298 8403 8744 7845
8304 8240 8914 7821
8349 8155 8819 7945
8289 8329 8748 7903
8278 8215 8926 7898
8308 8241 8836 7948
8265 8229 8947 7780
8351 8327 8765 7883
8274 8344 8743 7868
8314 8354 8815 7730
8255 8186 8842 7919
8344 8261 8812 7684
8382 8275 8798 7752
8326 8280 8862 7762
8341 8305 8834 7725
8371 8380 8852 7675
8273 8275 8900 7773
8262 8181 8930 7870
8308 8242 8878 7859
8248 8242 8828 7919
8247 8270 8938 7826
8420 8377 8741 7753
8072 8322 8914 7829
8262 8280 8857 7877
8219 8297 8939 7784
8250 8256 8928 7785
8359 8415 8669 7890
8340 8309 8885 7660
8245 8539 8766 7660
8236 8341 8975 7776
8254 7977 8901 7983
8420 8387 8723 7727
8355 8293 8799 7705
8237 8260 8758 7975
8356 8257 8648 8027
8411 8331 8733 7845
8233 8274 8745 7998
8325 8186 8681 8012
8360 8324 8672 7930
8251 8307 8805 7901
8293 8271 8901 7676
8246 8342 8738 7943
8247 8192 8985 7770
8301 8247 8790 7908
8312 8346 8871 7812
8285 8139 8793 8004
8289 8295 8780 7891
8244 8202 8807 8022
8268 8388 8702 7895
8336 8375 8763 7759
8339 8390 8781 7724
8360 8243 8661 8004
8304 8336 8633 7983
8270 8408 8576 8007
8203 8421 8528 7963
8401 8358 8777 7737
8428 8339 8736 7706
8382 8436 8711 7748
8431 8308 8754 7726
8425 8259 8791 7724
8424 8364 8740 7726
8315 8322 8609 7974
8371 8247 8629 8001
8189 8423 8530 7982
8391 8250 8659 7983
8368 8276 8758 7917
8329 8344 8796 7704
8328 8113 8864 7931
8285 8247 8823 7901
8409 8280 8690 7852
8359 8331 8702 7854
8367 8194 8842 7849
8482 8176 8786 7867
8390 8251 8744 7862
8395 8169 8711 7936
8171 8433 8529 8000
8294 8155 8814 7975
8348 8199 8738 7958
8174 8312 8767 7877
8299 8107 8780 7972
8271 8423 8694 7918
8310 8378 8679 7890
8103 8431 8774 7917
8250 8328 8751 7920
8083 8366 8784 7845
8133 8369 8723 7861
8430 8176 8755 7876
8253 8246 8791 7911
8229 8235 8780 7982
8433 8367 8604 7849
8416 8466 8535 7933
8498 8335 8493 7877
8448 8357 8585 7823
8297 8304 8845 7862
8475 8357 8494 7870
8462 8315 8752 7705
8246 8308 8768 7876
8295 8362 8772 7851
8267 8332 8777 7830
8442 8275 8795 7614
8272 8411 8812 7736
8225 8463 8760 7669
8271 8524 8708 7658
8243 8458 8746 7696
8279 8469 8707 7667
8260 8440 8761 7677
8249 8445 8800 7653
8229 8457 8765 7666
8287 8380 8818 7693
8350 8337 8782 7678
8321 8330 8836 7698
8346 8329 8786 7684
8346 8253 8861 7672
8370 8287 8810 7722
8409 8269 8805 7668
8418 8315 8777 7724
8336 8326 8838 7709
8368 8246 8819 7679
8375 8198 8864 7674
8397 8233 8822 7827
8432 8259 8807 7604
8427 8232 8835 7669
8439 8211 8852 7599
8473 8282 8793 7593
8482 8322 8829 7583
8404 8260 8814 7599
8435 8331 8781 7614
8483 8335 8773 7610
8479 8287 8837 7560
8439 8252 8853 7559
8424 8296 8907 7592
8443 8241 8880 7561
8396 8332 8892 7583
8399 8250 8840 7594
8398 8195 8903 7627
8365 8243 8868 7636
8323 8227 8900 7631
8395 8275 8844 7614
8410 8278 8811 7637
8379 8271 8813 7658
8320 8260 8933 7668
8300 8289 8887 7672
8281 8263 8926 7764
8285 8314 8869 7813
8326 8315 8853 7751
8319 8272 8898 7685
8277 8322 8883 7827
8193 8387 8831 7729
8213 8380 8883 7700
8164 8375 8875 7703
8251 8369 8857 7722
8208 8320 8888 7777
8258 8250 8959 7766
8262 8289 8924 7782
8233 8356 8915 7764
8257 8243 8928 7775
8279 8215 8973 7811
8264 8267 8935 7723
8367 8382 8761 7738
8320 8349 8815 7752
8377 8309 8785 7691
8477 8305 8733 7679
8471 8320 8739 7713
8440 8249 8772 7698
8457 8263 8771 7742
8436 8304 8755 7677
8418 8267 8793 7667
8433 8305 8758 7698
8387 8308 8779 7745
8389 8306 8774 7738
8420 8313 8772 7717
8458 8328 8753 7732
8427 8257 8786 7717
8430 8292 8778 7740
8416 8348 8758 7711
8382 8372 8742 7712
8336 8311 8794 7723
8375 8422 8717 7712
8360 8432 8736 7738
8370 8397 8779 7703
8329 8374 8793 7714
8320 8299 8827 7829
8338 8310 8803 7711
8351 8204 8831 7737
8431 8214 8772 7838
8448 8270 8750 7766
8465 8250 8715 7822
8504 8228 8773 7772
8460 8246 8752 7830
8378 8146 8883 7852
8342 8233 8817 7857
8374 8191 8860 7738
8401 8242 8754 7873
8358 8202 8801 7846
8387 8253 8785 7841
8358 8266 8770 7882
8367 8239 8815 7743
8365 8246 8801 7759
8327 8269 8798 7770
8393 8263 8760 7859
8289 8258 8817 7880
8396 8217 8782 7861
8415 8181 8833 7791
8400 8143 8805 7823
8423 8104 8824 7846
8429 8126 8770 7903
8455 8167 8851 7804
8411 8267 8764 7809
8388 8236 8797 7863
8373 8172 8821 7894
8356 8179 8826 7893
8327 8195 8803 7867
8221 8284 8800 7957
8261 8222 8842 7888
8244 8252 8974 7911
8327 8220 8798 7931
8339 8307 8698 7912
8339 8338 8661 7951
8349 8158 8747 7954
8356 8193 8679 7991
8331 8270 8660 7964
8426 8204 8696 7915
8284 8199 8781 7970
8382 8275 8640 7954
8391 8209 8783 7904
8502 8081 8786 7818
8437 8294 8648 7897
8487 8216 8646 7784
8541 8266 8624 7803
8559 8206 8658 7766
8559 8187 8693 7829
8465 8186 8746 7786
8422 8274 8671 7785
8476 8209 8666 7774
8447 8275 8665 7771
8418 8276 8768 7799
8475 8216 8669 7884
8377 8211 8786 7910
8420 8065 8802 7922
8380 8093 8823 7857
8379 8093 8868 7899
8374 7996 8937 7915
8367 8055 8842 7972
8416 8232 8735 7847
8399 8217 8756 7840
8407 8178 8756 7856
8426 8091 8778 7880
8460 8162 8719 7874
8433 8197 8753 7901
8458 8218 8693 7886
8351 8257 8725 7958
8302 8108 8776 8014
8264 8292 8760 7974
8324 8308 8694 7930
8300 8297 8668 7967
8371 8269 8673 7920
8398 8301 8675 7919
8335 8290 8725 7901
8386 8263 8599 7974
8391 8254 8699 7906
8359 8240 8568 8009
8315 8281 8634 7973
8386 8272 8570 8008
8342 8313 8636 7972
8309 8374 8706 7897
8402 8113 8725 7936
8351 8258 8695 7951
8272 8427 8667 7911
8364 8162 8713 7957
8329 8225 8646 8028
8377 8185 8668 7952
8360 8232 8644 8007
8369 8159 8674 7938
8376 8103 8688 7938
8342 8265 8699 7935
8397 8095 8663 7953
8360 8179 8692 7968
8382 8078 8730 7940
8288 8332 8751 7883
8353 8229 8667 7968
8435 8119 8752 7932
8289 8336 8724 7876
8403 8232 8606 7984
8440 8098 8699 7912
8449 8293 8554 7973
8327 8266 8695 7953
8460 8238 8555 7963
8389 8058 8804 7943
8324 8225 8723 7959
8491 8245 8553 7942
8380 8018 8803 7980
8497 8230 8547 7908
8482 8240 8566 7934
8432 8237 8627 7918
8381 8175 8707 7906
8332 8383 8667 7891
8426 8252 8633 7952
8384 8210 8699 7929
8395 8181 8666 7937
8395 8245 8635 7973
8391 8474 8574 7870
8335 8091 8854 7992
8345 8192 8761 7938
8319 8526 8623 7770
8361 8233 8685 7940
8362 8231 8686 7944
8433 8510 8526 7768
8382 8227 8703 7917
8358 8245 8673 7967
8395 8197 8698 7936
8364 8230 8667 7933
8378 8483 8566 7801
8383 8268 8636 7931
8276 8489 8661 7832
8465 8232 8680 7874
8441 8194 8677 7889
8456 8219 8618 7896
8344 8007 8842 8009
8473 8208 8674 7860
8297 8026 8894 7985
8455 8280 8608 7896
8510 8256 8595 7847
8314 8599 8574 7632
8429 8221 8719 7903
8470 8270 8589 7870
8276 8592 8589 7660
8444 8238 8662 7897
8271 8559 8613 7678
8341 7973 8860 7931
8274 8594 8605 7701
8403 8223 8707 7903
8421 8260 8669 7913
8221 8585 8625 7720
8432 8185 8660 7932
8332 8056 8862 7969
8346 8603 8518 7748
8453 8227 8615 7946
8435 8261 8575 7933
8389 8265 8560 7941
8432 8288 8601 7903
8307 8050 8874 7954
8414 8669 8562 7671
8426 8322 8563 7904
8318 8030 8934 7913
8398 8256 8601 7942
8387 8279 8555 7944
8391 8576 8640 7629
8452 8272 8475 7934
8452 8231 8452 7971
8273 8677 8592 7660
8481 8228 8426 7954
8463 8191 8464 7944
8446 8202 8408 7980
8268 8631 8550 7677
8419 8212 8412 7998
8394 8201 8426 8018
8387 8166 8475 7985
8390 8201 8467 8008
8359 8194 8469 8029
8400 8228 8452 7985
8262 8528 8669 7736
8422 8253 8384 7992
8228 8529 8639 7720
8450 8219 8410 7977
8404 8158 8462 7988
8247 8570 8567 7718
8401 8158 8488 8009
8326 8558 8579 7788
8398 8123 8496 7986
8288 8118 8781 7984
8435 8134 8497 7974
8233 8048 8837 8007
8252 8544 8606 7794
8426 8075 8497 7978
8486 8080 8465 7996
8253 8047 8854 8046
8153 8472 8673 7767
8458 8050 8470 7975
8150 8431 8701 7773
8492 8121 8411 7969
8273 8465 8675 7781
8461 8114 8413 7990
8488 8146 8415 7989
8467 8104 8460 7975
8362 8512 8641 7794
8498 8111 8458 7954
8509 8105 8516 7884
8258 8423 8735 7801
8526 8199 8502 7903
8273 8113 8859 7961
8221 8424 8731 7806
8494 8302 8534 7920
8224 8352 8794 7807
8544 8224 8475 7900
8204 8359 8786 7770
8547 8187 8521 7846
8222 8396 8748 7780
8565 8177 8479 7858
8206 8358 8774 7755
8581 8238 8521 7797
8360 8009 8856 7970
8192 8352 8859 7811
8556 8317 8543 7836
8192 8360 8777 7761
8586 8239 8569 7769
8372 8044 8827 7946
8534 8254 8654 7776
8533 8276 8630 7784
8168 8383 8777 7753
8566 8150 8672 7766
8152 8358 8860 7724
8242 8344 8911 7686
8507 8125 8775 7819
8529 8196 8802 7764
8389 7980 8758 7985
8385 7941 8793 7969
8522 8361 8619 7767
8366 8037 8811 8008
8159 8405 8899 7687
8380 8072 8721 7996
8106 8388 8902 7636
8548 8248 8582 7741
8346 8073 8691 7980
8154 8456 8863 7668
8572 8269 8626 7710
8377 8080 8689 7959
8120 8457 8833 7652
8552 8223 8578 7721
8347 8048 8769 7987
8141 8499 8788 7666
8568 8230 8661 7694
8113 8433 8826 7704
8096 8436 8832 7687
8378 8197 8748 7931
8062 8365 8891 7693
8106 8412 8884 7767
8533 8233 8671 7717
8094 8379 8886 7750
8121 8411 8888 7749
8410 8050 8779 7958
8082 8348 8935 7748
8424 8075 8762 7956
8062 8360 8900 7761
8382 8013 8730 7968
8155 8296 8898 7830
8250 8239 8963 7873
8510 8126 8771 7861
8286 8250 8924 7844
8186 8303 8896 7809
8173 8236 8991 7795
8158 8353 8829 7795
8541 8263 8593 7826
8189 8360 8827 7774
8271 8101 8778 8035
8268 8037 8835 8020
8564 8253 8509 7788
8176 8306 8897 7782
8367 8023 8850 8006
8258 8051 8817 8038
8261 8051 8791 8017
8307 8112 8739 8006
8310 8071 8808 8006
8247 8204 8971 7850
8220 8260 8937 7853
8237 8058 8784 8026
8293 8114 8779 7983
8564 8259 8518 7784
8143 8320 8912 7777
8540 8243 8507 7846
8284 8148 8821 7958
8142 8316 8939 7784
8585 8263 8488 7729
8607 8287 8480 7724
8599 8261 8486 7710
8193 8148 8825 8053
8635 8240 8449 7719
8125 8353 8906 7777
8620 8213 8523 7755
8266 8169 8845 7961
8146 8395 8861 7791
8608 8255 8569 7714
8111 8346 8888 7790
8249 8142 8801 7978
8642 8262 8541 7672
8661 8351 8483 7657
8143 8357 8910 7678
8608 8191 8600 7678
8294 8257 8729 7941
8115 8352 8948 7656
8316 8293 8696 7917
8156 8315 8976 7632
8611 8255 8543 7693
8139 8251 9002 7626
8598 8261 8586 7682
8233 8219 8764 8074
8195 8262 8989 7829
8603 8265 8549 7674
8307 8306 8703 7952
8603 8201 8580 7638
8238 8255 8973 7636
8271 8267 8717 7952
8595 8226 8594 7659
8230 8209 8795 8001
8249 8200 8974 7626
8599 8265 8559 7675
8215 8219 8814 8027
8258 8266 8936 7612
8186 8222 8840 8044
8248 8346 8925 7637
8184 8148 8847 8012
8564 8272 8548 7719
8558 8333 8465 7717
8210 8221 8760 8014
8186 8380 8886 7610
8202 8153 8812 8061
8537 8314 8545 7711
8253 8350 8888 7629
8198 8162 8784 8082
8526 8281 8626 7722
8183 8172 8803 8108
8536 8413 8584 7718
8149 8101 8862 8114
8153 8140 8827 8130
8331 8343 8873 7682
8567 8420 8582 7697
8159 8125 8821 8096
8530 8337 8637 7712
8193 8196 8762 8090
8162 8189 8764 8111
8183 8183 8782 8088
8567 8304 8612 7711
8162 8141 8827 8074
8200 8092 8839 8053
8216 8240 8977 7754
8530 8273 8668 7676
8227 8124 8841 8052
8190 8068 8880 8071
8183 8124 8866 8071
8198 8114 8847 8045
8156 8092 8864 8072
8153 8092 8890 8093
8125 8056 8915 8101
8152 8088 8917 8100
8122 8047 8905 8157
8143 8089 8860 8171
8108 8040 8887 8170
8543 8194 8589 7786
8136 8101 8885 8112
8589 8255 8537 7775
8115 8059 8930 8098
8554 8206 8564 7774
8143 8125 8892 8060
8575 8248 8519 7788
8109 8126 8862 8044
8128 8237 8999 7638
8098 8149 8816 8046
8131 8272 8991 7661
8143 8189 8798 8056
8135 8250 8997 7647
8551 8168 8498 7865
8552 8172 8534 7855
8237 8319 8692 7969
8226 8307 8717 7981
8524 8239 8631 7812
8166 8315 8657 8001
8546 8264 8563 7819
8236 8279 8692 8019
8201 8361 8898 7673
8525 8116 8752 7835
8241 8297 8698 7955
8243 8313 8897 7642
8564 8128 8630 7793
8563 8202 8581 7810
8574 8196 8639 7740
8225 8229 8807 7973
8216 8284 8748 7994
8503 8205 8640 7785
8263 8336 8906 7611
8523 8191 8784 7765
8255 8291 8772 7915
8527 8241 8656 7767
8531 8219 8662 7753
8224 8284 8774 7936
8251 8252 8907 7900
8500 8203 8615 7830
8493 8259 8601 7830
8252 8251 8938 7725
8288 8265 8881 7747
8487 8199 8644 7795
8485 8201 8649 7802
8492 8195 8643 7801
8298 8206 8788 7957
8488 8209 8630 7824
8545 8215 8579 7803
8517 8209 8577 7866
8553 8220 8538 7837
8511 8155 8513 7892
8513 8153 8508 7885
8331 8220 8797 7936
8308 8178 8909 7823
8541 8189 8483 7877
8352 8168 8823 7903
8293 8188 8928 7849
8360 8129 8789 7913
8259 8117 8987 7855
8532 8305 8545 7873
8310 8126 8850 7897
8252 8165 8942 7860
8559 8248 8464 7881
8258 8150 8936 7826
8534 8236 8433 7911
8517 8239 8439 7894
8331 8239 8759 7927
8193 8134 8997 7860
8574 8238 8445 7855
8568 8253 8451 7889
8530 8238 8470 7874
8220 8216 8958 7929
8515 8248 8489 7900
8255 8224 8839 7897
8501 8298 8547 7894
8286 8324 8757 7904
8258 8288 8782 7912
8506 8434 8529 7847
8270 8272 8843 7863
8336 8211 8789 7886
8456 8319 8525 7872
8367 8218 8787 7865
8280 8262 8848 7836
8446 8417 8544 7908
8333 8147 8846 7871
8450 8403 8557 7885
8337 8195 8782 7921
8299 8131 8813 7949
8271 8238 8905 7861
8475 8427 8531 7868
8339 8217 8776 7953
8501 8459 8514 7801
8304 8127 8782 7970
8265 8272 8867 7862
8491 8354 8621 7788
8278 8142 8840 7972
8226 8142 8809 7981
8272 8203 8757 7970
8438 8390 8592 7837
8510 8464 8501 7809
8319 8248 8743 7971
8259 8227 8938 7824
8472 8525 8465 7777
8267 8248 8712 7980
8259 8236 8909 7858
8552 8453 8524 7734
8264 8248 8738 8001
8240 8223 8757 7988
8243 8264 8729 7982
8243 8223 8706 8019
8205 8272 8694 8040
8181 8155 8997 7895
8516 8416 8660 7626
8241 8283 8655 8011
8179 8157 9002 7902
8195 8222 8707 8022
8177 8126 9008 7866
8247 8222 8738 8013
8225 8201 8982 7899
8264 8283 8662 7990
8223 8260 8911 7832
8569 8489 8468 7714
8286 8264 8748 7938
8594 8456 8572 7658
8238 8314 8861 7842
8227 8337 8815 7844
8594 8517 8425 7618
8181 8276 8867 7855
8595 8351 8681 7503
8212 8283 8865 7834
8597 8400 8610 7555
8191 8291 8890 7819
8648 8436 8576 7512
8656 8456 8429 7524
8400 8273 8706 7879
8644 8519 8455 7479
8194 8276 8950 7831
8390 8338 8700 7833
8191 8276 8976 7852
8562 8483 8571 7563
8356 8267 8759 7839
8223 8271 8941 7819
8320 8256 8798 7868
8324 8295 8763 7884
8320 8309 8750 7907
8318 8238 8807 7904
8266 8285 8923 7823
8352 8309 8748 7898
8284 8280 8879 7765
8332 8259 8774 7822
8293 8246 8891 7743
8614 8365 8635 7518
8392 8264 8742 7840
8295 8244 8886 7736
8414 8288 8734 7835
8635 8455 8483 7435
8348 8298 8772 7851
8375 8376 8775 7719
8667 8300 8617 7460
8376 8304 8758 7851
8335 8339 8796 7726
8686 8386 8553 7466
8396 8319 8747 7827
8636 8264 8668 7489
8340 8373 8854 7696
8636 8336 8646 7534
8396 8191 8816 7832
8337 8363 8885 7623
8402 8245 8775 7761
8368 8434 8852 7638
8411 8190 8834 7740
8383 8424 8833 7612
8613 8439 8586 7535
8429 8227 8796 7750
8398 8449 8774 7619
8405 8393 8788 7619
8415 8247 8803 7737
8401 8345 8815 7552
8406 8302 8744 7758
8416 8399 8765 7562
8388 8265 8782 7748
8458 8343 8817 7580
8655 8363 8570 7508
8688 8387 8473 7618
8427 8279 8842 7576
8680 8370 8446 7668
8510 8167 8856 7774
8719 8370 8401 7600
8383 8236 8912 7543
8458 8214 8781 7731
8365 8261 8925 7568
8679 8186 8396 7736
8411 8142 8868 7775
8702 8189 8450 7727
8417 8307 8853 7537
8432 8297 8834 7511
8697 8261 8375 7711
8425 8345 8789 7516
8697 8190 8434 7642
8418 8310 8838 7483
8403 8320 8857 7509
8392 8236 8756 7873
8354 8299 8899 7551
8385 8370 8866 7566
8351 8299 8925 7572
8351 8363 8894 7608
8717 8145 8476 7673
8386 8239 8764 7897
8354 8363 8868 7587
8345 8397 8856 7609
8374 8331 8857 7612
8324 8204 8808 7894
8405 8338 8855 7591
8342 8241 8770 7904
8420 8328 8836 7565
8427 8272 8850 7565
8657 8140 8508 7655
8383 8348 8868 7588
8375 8137 8793 7878
8356 8316 8866 7589
8375 8201 8762 7914
8351 8165 8746 7932
8372 8296 8876 7601
8393 8187 8729 7905
8393 8225 8940 7577
8427 8258 8670 7899
8448 8187 8734 7875
8384 8280 8881 7598
8380 8294 8868 7621
8371 8136 8782 7913
8389 8260 8880 7599
8411 8173 8761 7906
8338 8190 8935 7609
8380 8102 8794 7891
8707 8192 8398 7673
8384 8141 8759 7907
8395 8160 8911 7604
8374 8231 8847 7628
8664 8237 8423 7702
8479 8119 8773 7882
8364 8189 8916 7634
8457 8128 8764 7872
8343 8195 8898 7657
8404 8080 8792 7864
8333 8118 8949 7619
8435 8087 8790 7843
8460 8097 8866 7774
8360 8150 8951 7618
8656 8203 8490 7799
8394 8221 8892 7612
8334 8216 8924 7594
8338 8255 8889 7610
8300 8195 8943 7596
8461 8145 8807 7791
8331 8216 8904 7635
8327 8177 8939 7619
8360 8176 8886 7696
8323 8120 8923 7632
8483 8135 8854 7775
8354 8191 8890 7647
8633 8269 8421 7814
8470 8157 8832 7778
8413 8139 8894 7808
8629 8171 8488 7800
8454 8190 8770 7779
8378 8082 8914 7816
8407 8150 8872 7663
8486 8156 8747 7785
8478 8117 8824 7781
8379 8212 8840 7686
8661 8179 8473 7671
8403 8186 8852 7735
8396 8242 8838 7735
8525 8157 8837 7748
8421 8181 8808 7677
8434 8112 8880 7633
8618 8154 8677 7737
8465 8183 8847 7648
8427 8168 8866 7633
8384 8162 8859 7645
8698 8150 8485 7711
8531 8093 8773 7762
8415 8169 8857 7624
8552 8138 8737 7698
8422 8113 8871 7624
8545 8103 8786 7665
8436 8077 8951 7781
8549 8151 8722 7715
8412 8113 8895 7782
8452 8101 8898 7662
8678 8108 8544 7708
8474 8046 8864 7638
8704 8169 8450 7614
8478 8010 8884 7566
8662 8173 8492 7580
8553 8073 8766 7815
8527 8032 8843 7685
8683 8160 8504 7737
8475 7975 8892 7543
8651 8331 8512 7637
8491 8091 8862 7750
8466 7977 8886 7549
8449 8064 8913 7781
8628 8265 8458 7822
8457 7924 8904 7519
8545 8069 8805 7695
8488 7995 8871 7534
8459 7955 8898 7555
8476 8019 8872 7561
8460 8020 8895 7735
8672 8242 8382 7736
8504 8072 8869 7478
8484 8104 8880 7453
8663 8262 8345 7695
8538 8118 8778 7736
8464 8039 8890 7381
8547 8184 8740 7722
8549 8073 8864 7454
8683 8359 8440 7629
8486 8033 8877 7407
8498 8032 8886 7416
8617 8316 8374 7689
8606 8237 8761 7533
8595 8340 8319 7731
8583 8181 8787 7417
8613 8020 8784 7445
8599 8376 8410 7710
8645 8160 8736 7461
8424 8096 8884 7789
8597 8316 8422 7758
8428 8135 8849 7805
8582 7949 8817 7430
8585 7984 8809 7453
8568 8382 8421 7755
8584 8479 8481 7688
8583 8144 8805 7448
8515 8107 8850 7730
8568 8105 8778 7459
8515 8171 8819 7766
8549 8034 8801 7799
8470 8100 8879 7749
8449 8171 8815 7773
8586 8172 8780 7447
8603 8508 8427 7678
8415 8100 8874 7779
8398 8111 8818 7815
8590 8057 8779 7468
8518 8522 8444 7730
8603 8100 8727 7727
8528 8555 8418 7656
8640 8151 8763 7412
8347 8075 8916 7837
8381 8146 8857 7831
8649 8162 8733 7427
8412 8153 8855 7810
8500 8445 8642 7715
8369 8092 8901 7734
8617 8210 8745 7456
8389 8157 8891 7806
8628 8370 8415 7677
8379 8090 8926 7774
8413 8161 8867 7768
8382 8090 8900 7753
8420 8105 8881 7768
8433 8042 8959 7758
8393 8007 8975 7757
8398 7970 8983 7760
8528 8597 8368 7680
8385 8000 8988 7741
8439 8053 8922 7716
8386 8048 8960 7727
8388 8046 8955 7720
8406 8083 8917 7730
8560 8224 8794 7406
8457 8581 8395 7767
8361 8018 8918 7806
8300 8033 8924 7812
8609 8208 8768 7325
8474 8452 8556 7831
8306 8052 8953 7794
8617 8246 8696 7454
8271 8003 8980 7793
8292 8045 8935 7807
8633 8199 8718 7417
8266 7966 8970 7837
8503 8642 8343 7756
8270 8005 8935 7853
8423 8638 8336 7817
8283 7981 8961 7912
8490 8504 8535 7802
8320 8037 8922 7893
8371 8491 8291 7966
8324 8015 8928 7879
8369 8488 8542 7802
8314 7991 8969 7897
8591 8272 8753 7532
8371 7961 8945 7892
8405 8032 8886 7886
8345 8027 8918 7868
8349 8066 8883 7884
8610 8276 8726 7549
8307 8050 8915 7879
8585 8308 8697 7557
8307 8114 8884 7915
8300 8119 8885 7924
8282 8146 8855 7923
8303 8090 8908 7911
8286 8121 8851 7903
8272 8083 8910 7932
8412 8528 8303 7827
8252 8114 8879 7945
8569 8171 8771 7484
8374 8508 8272 7857
8547 8118 8809 7421
8400 8537 8549 7794
8401 8613 8404 7810
8300 8055 8916 7888
8303 8119 8859 7903
8334 8126 8857 7882
8335 8052 8906 7865
8545 8318 8805 7439
8339 8091 8871 7881
8352 8061 8866 7900
8348 8022 8901 7884
8384 8033 8862 7855
8388 8072 8827 7871
8375 8014 8840 7988
8368 8005 8862 7930
8389 7994 8835 7907
8560 8228 8778 7386
8519 8484 8487 7798
8425 8040 8760 7932
8556 8345 8719 7480
8383 8018 8777 7959
8414 8025 8775 7938
8380 7954 8834 7944
8563 8318 8710 7514
8578 8356 8700 7384
8585 8313 8702 7341
8401 8523 8576 7744
8390 8004 8821 7962
8617 8320 8665 7411
8361 8076 8810 7921
8346 8086 8829 7947
8299 8024 8889 7978
8593 8361 8645 7539
8336 7952 8883 7991
8567 8387 8666 7494
8332 7966 8870 8014
8559 8348 8711 7479
8506 8324 8767 7516
8529 8325 8769 7359
8282 8035 8833 8014
8561 8402 8655 7369
8330 8095 8856 7993
8343 8087 8842 7974
8295 8027 8819 7995
8322 8059 8821 7994
8291 8052 8823 8015
8280 8075 8777 8017
8287 8019 8791 8017
8284 8019 8817 8038
8581 8307 8710 7567
8238 7958 8869 8049
8269 7965 8867 8028
8317 7957 8943 7978
8490 8341 8763 7352
8266 7964 8871 7986
8562 8383 8703 7502
8419 8446 8594 7777
8519 8302 8726 7592
8391 8471 8587 7808
8317 7893 8974 7942
8529 8316 8735 7501
8387 8513 8515 7799
8351 7964 8915 7936
8299 7904 8975 7944
8290 7959 8916 7965
8378 8427 8586 7902
8319 7893 8917 7968
8408 8456 8551 7860
8316 7893 8943 7989
8320 7879 8956 7966
8322 7897 8923 7948
8567 8228 8773 7304
8340 7861 8925 7924
8552 8238 8792 7330
8395 8424 8580 7919
8377 7917 8886 7905
8521 8167 8825 7315
8421 7882 8900 7916
8581 8172 8793 7333
8455 7918 8817 7897
8318 8452 8641 7914
8442 7876 8918 7893
8427 7932 8848 7883
8630 8157 8762 7305
8614 8212 8731 7317
8667 8214 8690 7392
8442 7924 8855 7930
8411 8414 8552 7883
8390 7924 8824 7939
8662 8210 8727 7400
8405 8479 8555 7812
8427 7980 8785 7920
8646 8120 8775 7293
8400 8430 8652 7821
8396 7973 8787 7941
8624 8130 8779 7278
8424 8034 8785 7883
8639 8102 8789 7297
8503 8483 8489 7800
8435 7959 8776 7902
8440 7976 8814 7887
8429 8051 8823 7868
8392 7995 8862 7887
8645 8086 8773 7333
8401 8061 8824 7873
8380 8069 8849 7858
8637 8094 8790 7339
8383 8110 8821 7852
8614 8089 8769 7446
8436 8096 8810 7827
8561 8023 8830 7418
8390 8035 8862 7838
8596 8166 8776 7401
8570 8098 8819 7436
8396 8072 8822 7847
8420 8108 8838 7829
8281 8541 8580 7777
8385 8059 8865 7828
8402 8064 8836 7834
8429 8096 8838 7833
8411 8573 8563 7762
8433 8074 8844 7819
8437 8113 8809 7835
8444 8057 8823 7835
8454 8586 8494 7758
8452 8054 8802 7852
8479 8086 8804 7851
8534 8044 8820 7825
8503 8058 8804 7814
8677 8200 8708 7374
8484 8056 8813 7821
8742 8099 8699 7413
8453 7985 8846 7806
8703 8165 8678 7298
8696 8147 8724 7289
8509 8024 8842 7813
8531 8048 8834 7808
8727 8203 8647 7390
8366 8600 8342 7830
8534 8048 8808 7787
8680 8157 8726 7438
8507 8012 8818 7826
8674 8112 8734 7267
8673 8173 8730 7291
8667 8126 8766 7317
8685 8037 8725 7286
8541 8037 8822 7782
8707 8140 8712 7442
8545 8076 8787 7798
8507 8061 8806 7783
8635 8129 8765 7282
8599 8086 8795 7290
8539 8137 8719 7753
8699 8126 8713 7282
8524 8147 8738 7779
8703 8179 8671 7436
8493 8140 8740 7800
8485 8148 8754 7814
8464 8106 8799 7800
8495 8113 8797 7779
8502 8057 8811 7779
8548 8118 8759 7768
8520 8082 8784 7776
8541 8124 8739 7790
8639 8168 8730 7298
8549 8116 8725 7776
8585 8127 8686 7747
8581 8088 8721 7731
8643 8141 8754 7313
8566 8098 8740 7757
8563 8063 8748 7734
8572 8029 8760 7712
8638 8091 8791 7266
8572 8093 8729 7748
8585 8104 8710 7788
8568 8107 8716 7771
8720 8158 8663 7420
8616 8111 8708 7767
8672 8130 8729 7309
8575 8057 8739 7734
8571 8071 8726 7757
8650 8026 8767 7289
8587 7983 8752 7763
8642 8021 8808 7255
8596 8049 8714 7749
8642 8085 8777 7291
8633 8055 8825 7323
8567 7918 8762 7691
8645 8056 8800 7278
8617 7921 8701 7707
8626 8024 8850 7220
8654 7977 8662 7688
8630 8063 8815 7236
8627 7954 8631 7723
8602 8057 8813 7299
8618 7988 8619 7745
8623 8099 8768 7313
8609 7962 8603 7798
8601 8076 8580 7813
8606 8023 8823 7324
8578 7955 8605 7819
8641 8014 8608 7795
8629 7940 8609 7736
8632 8083 8578 7792
8672 8066 8760 7273
8599 7997 8560 7833
8613 7980 8536 7837
8563 7852 8539 7853
8521 7956 8606 7876
8499 7935 8630 7915
8327 8418 8653 7892
8491 7940 8614 7880
8718 8213 8634 7308
8473 7920 8649 7921
8680 8198 8653 7293
8273 8381 8701 7897
8444 7986 8648 7918
8680 8262 8622 7329
8277 8420 8666 7913
8480 8003 8658 7914
8693 8238 8648 7388
8327 8376 8692 7924
8714 8230 8623 7403
8276 8415 8665 7940
8485 7955 8620 7914
8687 8207 8592 7438
8453 7968 8664 7910
8718 8214 8590 7417
8474 8010 8619 7924
8669 8181 8670 7512
8685 8159 8696 7473
8449 7982 8651 7933
8296 8305 8725 7909
8437 7949 8653 7916
8291 8379 8693 7937
8483 8010 8601 7905
8245 8344 8698 7925
8494 7955 8602 7895
8238 8400 8684 7925
8506 7988 8600 7912
8631 8149 8695 7476
8242 8439 8649 7941
8460 7927 8652 7923
8449 7932 8691 7899
8211 8432 8651 7962
8633 8184 8726 7433
8238 8464 8653 7961
8633 8229 8676 7466
8256 8428 8655 7937
8253 8428 8681 7958
8545 7963 8575 7874
8253 8364 8712 7922
8543 7981 8538 7883
8246 8360 8716 7876
8280 8431 8657 7870
8536 7946 8587 7850
8284 8417 8670 7847
8561 7930 8561 7838
8279 8476 8625 7801
8657 8217 8635 7415
8652 8213 8672 7423
8285 8527 8593 7754
8648 8174 8707 7407
8273 8586 8561 7808
8573 7883 8576 7836
8644 8190 8728 7428
8539 7812 8635 7842
8292 8565 8523 7791
8246 8504 8575 7802
8555 7939 8532 7847
8243 8504 8601 7823
8207 8502 8569 7834
8253 8563 8517 7823
8258 8504 8525 7874
8575 8059 8520 7888
8213 8513 8519 7854
8275 8501 8519 7891
8536 7947 8586 7830
8232 8542 8465 7844
8304 8478 8529 7873
8357 8498 8558 7871
8626 7898 8629 7800
8189 8473 8549 7892
8580 7837 8681 7811
8176 8503 8554 7873
8573 7893 8667 7811
8560 8201 8786 7517
8167 8505 8564 7875
8575 7891 8662 7804
8594 8164 8766 7433
8204 8509 8547 7887
8555 8101 8813 7432
8127 8565 8496 7834
8168 8545 8508 7879
8172 8531 8521 7856
8203 8538 8519 7835
8544 8099 8808 7515
8216 8508 8514 7854
8551 7984 8535 7842
8252 8519 8475 7825
8533 7964 8566 7865
8261 8523 8457 7862
8307 8584 8405 7851
8490 7949 8608 7897
8279 8523 8407 7909
8275 8537 8394 7932
8238 8491 8450 7965
8269 8492 8472 7937
8512 7974 8540 7904
8501 7997 8494 7906
8515 7997 8467 7908
8548 8027 8518 7889
8609 8087 8470 7860
8328 8472 8456 7890
8600 7936 8486 7856
8550 7933 8547 7840
8581 8004 8514 7855
8401 8448 8423 7949
8265 8433 8364 7970
8528 7999 8552 7866
8529 7925 8601 7849
8591 8283 8701 7539
8287 8422 8441 8048
8287 8458 8296 7977
8579 8034 8516 7868
8227 8433 8436 8030
8259 8494 8281 7968
8563 8026 8522 7871
8262 8494 8255 7947
8567 8016 8562 7837
8298 8505 8216 7918
8594 8033 8520 7850
8610 8341 8662 7477
8300 8504 8291 7908
8609 8023 8501 7824
8310 8475 8374 7937
8328 8468 8306 7917
8602 8073 8476 7824
8587 8083 8495 7850
8554 8300 8675 7571
8352 8517 8287 7887
8566 8041 8540 7836
8447 8481 8494 7840
8597 8048 8538 7815
8343 8514 8393 7898
8563 7977 8597 7821
8284 8483 8450 7890
8578 8292 8731 7348
8327 8540 8287 7861
8586 7948 8534 7838
8308 8535 8418 7858
8617 7966 8549 7814
8620 8288 8689 7382
8645 8053 8573 7811
8618 8214 8696 7350
8627 8288 8668 7504
8356 8548 8237 7845
8694 8093 8433 7744
8701 8019 8576 7813
8375 8511 8248 7832
8642 8350 8638 7468
8437 8473 8298 7911
8691 8084 8570 7767
8420 8372 8308 7947
8611 8169 8511 7807
8580 8162 8513 7828
8620 8156 8745 7493
8382 8389 8347 7955
8402 8368 8317 7938
8618 8188 8509 7784
8620 8254 8656 7581
8593 8145 8548 7793
8603 8198 8528 7810
8563 8205 8512 7809
8417 8323 8372 7969
8574 8238 8478 7806
8587 8208 8473 7825
8411 8373 8304 7946
8633 8205 8452 7778
8640 8338 8629 7501
8618 8215 8471 7804
8361 8326 8343 7980
8584 8144 8530 7810
8588 8183 8495 7826
8368 8400 8339 7973
8548 8133 8569 7839
8582 8204 8510 7833
8396 8336 8292 7965
8423 8368 8294 7964
8432 8313 8353 7943
8576 8166 8526 7811
8622 8227 8474 7800
8377 8307 8346 7975
8364 8337 8351 7956
8343 8331 8423 7978
8608 8135 8529 7767
8614 8074 8612 7769
8618 8113 8577 7785
8587 8042 8610 7770
8587 8106 8579 7806
8603 8325 8630 7546
8590 8151 8589 7794
8569 8109 8634 7780
8551 8273 8644 7637
8301 8379 8419 8063
8657 7972 8583 7739
8563 8222 8703 7597
8635 8118 8567 7765
8584 8264 8658 7611
8640 8093 8563 7693
8566 8227 8696 7601
8616 8230 8635 7617
8647 8037 8577 7693
8595 8188 8680 7603
8587 8196 8694 7617
8631 8079 8602 7749
8574 8193 8708 7592
8641 8103 8561 7731
8613 8215 8667 7510
8656 8128 8502 7738
8632 8236 8677 7428
8623 8231 8690 7420
8635 8223 8565 7733
8656 8231 8667 7483
8583 8157 8562 7774
8691 8261 8593 7416
8629 8218 8510 7763
8655 8254 8647 7476
8614 8164 8560 7753
8636 8149 8614 7716
8601 8152 8624 7739
8648 8160 8710 7440
8579 8167 8570 7776
8596 8156 8626 7740
8617 8146 8776 7420
8630 8227 8567 7734
8631 8153 8616 7717
8316 8353 8531 7938
8624 8201 8571 7722
8586 8186 8590 7707
8572 8081 8771 7460
8586 8250 8559 7743
8553 8124 8769 7529
8593 8269 8602 7671
8534 8086 8800 7531
8552 8123 8762 7541
8334 8365 8411 8000
8307 8373 8403 7976
8525 8308 8651 7652
8296 8396 8357 7978
8525 8244 8682 7616
8307 8373 8328 8047
8563 8259 8663 7631
8296 8314 8458 8032
8532 8188 8696 7616
8258 8378 8356 8099
8532 8252 8665 7652
8539 8075 8812 7442
8281 8324 8477 8058
8526 8304 8689 7602
8295 8316 8426 8107
8520 8229 8734 7577
8585 8014 8789 7512
8257 8346 8394 8105
8515 8298 8712 7659
8554 7943 8822 7497
8561 8000 8809 7497
8305 8248 8391 8091
8547 8063 8777 7533
8510 8357 8667 7613
8526 8240 8720 7566
8549 8039 8802 7471
8559 8089 8789 7489
8508 8340 8680 7632
8487 8288 8729 7621
8478 8343 8670 7642
8541 8135 8796 7492
8469 8374 8675 7700
8552 8137 8807 7469
8543 8454 8625 7573
8534 8100 8845 7459
8520 8531 8639 7645
8432 8573 8576 7615
8457 8490 8573 7738
8540 8128 8805 7475
8516 8541 8567 7606
8546 8041 8846 7457
8542 8055 8833 7480
8524 8018 8871 7470
8411 8509 8594 7726
8528 8057 8836 7486
8535 8001 8850 7486
8468 8539 8552 7731
8581 8035 8816 7495
8466 8545 8536 7745
8599 7973 8787 7454
8329 8224 8404 8061
8592 8029 8773 7454
8607 8061 8757 7486
8628 8050 8730 7463
8432 8503 8600 7708
8597 8011 8770 7468
8569 8002 8818 7478
8550 7964 8849 7480
8265 8351 8353 8139
8462 8494 8630 7736
8284 8287 8317 8194
8596 8025 8797 7469
8294 8092 8312 8113
8578 7991 8775 7528
8312 8259 8292 8089
8580 7989 8770 7521
8518 8491 8610 7653
8614 8060 8711 7515
8625 8054 8769 7445
8627 8145 8721 7466
8258 8066 8375 8125
8498 8493 8649 7500
8640 8060 8718 7484
8265 8010 8389 8125
8464 8563 8592 7568
8654 8088 8729 7458
8257 8005 8430 8091
8252 8174 8450 8075
8310 8084 8496 8035
8641 8137 8699 7511
8700 8149 8677 7447
8321 8185 8481 8057
8549 8505 8554 7650
8307 8247 8453 8041
8624 8140 8705 7494
8647 8135 8744 7424
8669 8143 8701 7448
8335 8214 8451 8046
8677 8148 8660 7482
8547 8480 8636 7530
8645 8182 8683 7476
8658 8127 8694 7474
8665 8193 8646 7452
8704 8188 8642 7463
8679 8217 8571 7501
8353 8308 8401 8030
8673 8156 8666 7492
8615 8184 8688 7487
8622 8160 8726 7489
8618 8227 8679 7478
8352 8192 8479 8036
8359 8136 8493 8036
8631 8197 8674 7497
8380 8178 8448 8050
8651 8183 8680 7474
8363 8136 8451 8024
8397 8207 8392 8018
8365 8512 8615 7773
8670 8244 8628 7450
8366 8200 8394 8039
8688 8281 8590 7460
8412 8261 8342 8028
8668 8205 8584 7469
8391 8219 8387 8014
8709 8249 8547 7479
8422 8226 8385 7993
8724 8184 8534 7465
8439 8223 8379 8010
8678 8123 8586 7476
8460 8265 8334 8024
8699 8165 8541 7490
8426 8266 8304 8008
8709 8158 8574 7501
8409 8269 8310 7991
8678 8087 8607 7486
8388 8275 8292 8014
8412 8311 8308 7996
8724 8148 8555 7475
8372 8295 8282 8002
8728 8187 8520 7491
8389 8442 8294 7987
8315 8286 8376 8045
8435 8447 8604 7754
8713 8224 8543 7459
8682 8217 8545 7480
8504 8496 8548 7724
8724 8239 8528 7453
8759 8296 8508 7445
8711 8228 8547 7413
8696 8238 8566 7439
8336 8255 8389 8070
8701 8203 8580 7438
8483 8362 8692 7640
8429 8396 8654 7720
8429 8439 8657 7693
8728 8163 8622 7454
8477 8484 8611 7710
8682 8094 8731 7395
8449 8359 8686 7697
8277 8297 8556 8071
8419 8318 8674 7754
8306 8292 8506 8050
8415 8332 8661 7777
8332 8215 8482 8033
8428 8302 8656 7796
8360 8224 8434 8023
8372 8286 8352 7996
8347 8318 8323 8004
8316 8311 8325 8025
8478 8386 8591 7767
8337 8353 8280 8039
8704 8105 8720 7419
8336 8363 8262 8020
8669 8108 8730 7442
8310 8373 8302 8026
8669 8117 8701 7476
8293 8357 8355 8076
8478 8438 8569 7808
8638 8110 8703 7497
8642 8149 8668 7513
8310 8306 8302 8066
8634 8207 8675 7488
8630 8168 8710 7472
8279 8346 8272 8148
8297 8300 8263 8142
8318 8261 8228 8069
8329 8186 8219 8088
8466 8394 8547 7833
8315 8187 8355 8090
8608 8269 8747 7549
8306 8242 8296 8111
8592 8252 8711 7557
8484 8391 8556 7751
8550 8236 8743 7552
8311 8324 8290 8115
8298 8375 8218 8138
8269 8370 8220 8068
8570 8270 8755 7509
8271 8311 8291 8135
8495 8330 8709 7586
8252 8314 8270 8149
8494 8370 8693 7569
8489 8427 8687 7514
8585 8387 8631 7569
8455 8477 8545 7777
8272 8261 8337 8114
8257 8271 8356 8140
8208 8343 8425 8126
8534 8451 8604 7640
8241 8339 8358 8118
8499 8448 8562 7745
8252 8365 8461 8056
8617 8490 8500 7548
8245 8413 8416 8061
8429 8422 8599 7787
8241 8374 8451 8045
8306 8310 8484 8037
8405 8486 8556 7779
8235 8311 8458 8089
8239 8350 8423 8105
8353 8459 8593 7855
8230 8289 8525 8094
8421 8491 8565 7769
8486 8392 8695 7491
8195 8373 8430 8107
8203 8365 8416 8093
8234 8372 8414 8072
8544 8445 8644 7507
8195 8422 8465 8058
8192 8440 8425 8074
8198 8450 8439 8069
8505 8449 8605 7707
8223 8394 8471 8014
8226 8429 8463 8037
8195 8404 8535 8041
8231 8433 8426 8029
8202 8436 8452 8046
8209 8395 8440 8059
8255 8456 8388 8048
8470 8320 8638 7795
8239 8511 8375 8047
8506 8392 8576 7745
8537 8464 8578 7588
8252 8464 8356 8011
8481 8386 8565 7746
8265 8434 8351 8030
8208 8440 8408 8032
8449 8440 8569 7774
8236 8446 8410 7969
8436 8481 8546 7743
8221 8456 8429 7995
8572 8406 8647 7588
8189 8469 8473 7991
8552 8433 8584 7545
8179 8504 8430 8026
8518 8389 8660 7582
8158 8462 8475 8012
8396 8519 8613 7752
8522 8401 8654 7592
8517 8358 8670 7558
8198 8468 8491 7981
8551 8429 8611 7552
8221 8491 8461 7960
8183 8427 8492 7988
8170 8457 8497 7969
8180 8507 8484 7987
8362 8448 8672 7758
8163 8529 8463 7912
8366 8487 8637 7774
8586 8409 8600 7544
8138 8510 8470 7937
8352 8425 8688 7804
8117 8518 8495 7922
8335 8480 8639 7795
8146 8515 8469 7905
8331 8441 8674 7779
8227 8497 8527 7895
8113 8524 8476 7914
8367 8452 8635 7750
8570 8333 8681 7559
8124 8555 8480 7900
8371 8491 8600 7766
8388 8436 8649 7775
8557 8298 8699 7598
8258 8548 8418 7910
8409 8467 8632 7823
8297 8503 8451 7885
8405 8403 8647 7729
8509 8230 8738 7566
8540 8301 8705 7581
8277 8555 8416 7833
8429 8503 8626 7729
8536 8262 8740 7565
8304 8498 8493 7874
8378 8512 8439 7817
8585 8323 8662 7533
8313 8482 8475 7916
8469 8454 8576 7712
8539 8326 8683 7580
8505 8385 8636 7671
8543 8351 8650 7512
8564 8280 8714 7488
8531 8422 8568 7720
8589 8412 8598 7501
8346 8512 8421 7847
8582 8377 8647 7468
8483 8300 8658 7733
8567 8323 8697 7458
8279 8483 8445 7900
8462 8371 8594 7757
8325 8544 8393 7889
8473 8365 8652 7687
8563 8387 8676 7495
8317 8468 8488 7893
8532 8351 8727 7524
8522 8274 8778 7486
8445 8401 8604 7758
8553 8310 8727 7457
8572 8325 8729 7454
8248 8489 8502 7910
8424 8377 8644 7739
8561 8334 8719 7443
8435 8383 8635 7718
8562 8270 8770 7444
8230 8487 8420 7968
8574 8326 8705 7424
8261 8494 8418 7947
8594 8294 8694 7449
8274 8464 8413 7966
8573 8302 8719 7434
8566 8358 8705 7434
8253 8481 8431 7939
8466 8483 8553 7725
8517 8297 8783 7466
8498 8282 8781 7469
8204 8420 8509 7971
8552 8353 8756 7472
8155 8452 8496 7971
8189 8523 8437 7965
8342 8461 8643 7828
8528 8329 8749 7475
8200 8517 8495 7895
8218 8554 8457 7905
8406 8483 8528 7805
8197 8512 8502 7891
8458 8435 8555 7834
8550 8237 8772 7427
8177 8477 8545 7888
8546 8251 8759 7450
8223 8538 8493 7877
8219 8499 8528 7861
8495 8260 8787 7467
8174 8468 8535 7944
8170 8482 8522 7967
8177 8426 8536 7967
8521 8282 8789 7457
8216 8493 8464 7978
8539 8315 8744 7540
8227 8438 8465 7968
8511 8214 8780 7510
8220 8494 8451 7968
8542 8285 8747 7525
8174 8433 8503 7979
8488 8209 8786 7492
8357 8360 8676 7797
8521 8291 8729 7548
8321 8419 8688 7814
8514 8347 8715 7548
8143 8377 8587 7998
8334 8435 8649 7814
8515 8351 8688 7541
8295 8433 8643 7846
8536 8280 8752 7517
8303 8459 8637 7860
8146 8425 8530 7993
8329 8444 8579 7858
8496 8245 8768 7516
8218 8408 8545 8016
8492 8206 8803 7500
8149 8421 8516 8010
8373 8500 8583 7763
8491 8280 8754 7517
8484 8245 8803 7484
8193 8421 8491 7991
8515 8316 8770 7499
8219 8415 8504 8015
8361 8417 8659 7772
8512 8281 8778 7476
8186 8427 8471 8015
8389 8478 8657 7714
8516 8320 8743 7492
8485 8299 8782 7453
8464 8370 8718 7477
8173 8435 8485 8034
8481 8367 8712 7494
8431 8407 8648 7662
8518 8423 8673 7475
8204 8471 8434 8005
8435 8393 8661 7639
8468 8467 8668 7579
8427 8388 8702 7605
8423 8402 8689 7628
8412 8407 8728 7604
8403 8462 8669 7625
8179 8347 8584 7982
8489 8460 8672 7630
8210 8418 8551 7997
8177 8349 8589 7989
8393 8415 8693 7631
8223 8410 8537 7978
8405 8434 8690 7618
8409 8420 8703 7595
8231 8415 8496 8012
8185 8354 8548 8023
8431 8397 8719 7581
8182 8354 8574 8044
8437 8396 8701 7564
8211 8288 8575 8047
8232 8330 8530 8061
8467 8468 8690 7561
8256 8255 8601 8057
8460 8394 8693 7564
8236 8287 8612 8032
8229 8343 8598 8032
8240 8268 8589 8051
8268 8329 8587 7993
8276 8355 8581 8007
8271 8389 8512 7959
8279 8379 8506 7978
8276 8379 8532 7999
8234 8314 8507 8054
8258 8350 8523 8036
8539 8511 8526 7618
8219 8312 8479 8096
8493 8567 8515 7701
8179 8296 8453 8102
8549 8561 8513 7636
8166 8326 8458 8083
8216 8352 8414 8083
8237 8386 8381 8084
8258 8428 8336 8098
8189 8409 8310 8117
8192 8450 8282 8111
8531 8546 8516 7707
8155 8394 8321 8130
8563 8523 8394 7660
8183 8455 8319 8072
8249 8423 8349 8090
8513 8581 8535 7637
8270 8441 8307 8045
8583 8623 8317 7540
8242 8380 8309 8103
8499 8654 8370 7631
8468 8588 8559 7500
8508 8613 8509 7660
8212 8367 8388 8109
8427 8697 8478 7540
8228 8381 8394 8076
8256 8447 8356 8038
8456 8665 8341 7649
8282 8432 8298 8036
8322 8443 8328 7994
8484 8651 8443 7736
8325 8430 8343 7977
8450 8628 8520 7589
8473 8623 8551 7441
8473 8665 8342 7444
8349 8466 8359 7959
8314 8477 8285 7967
8451 8645 8458 7741
8436 8593 8594 7533
8350 8449 8336 7952
8371 8441 8311 7967
8349 8426 8268 7993
8361 8715 8339 7461
8386 8482 8229 7974
8407 8471 8202 7951
8398 8505 8190 7973
8396 8474 8196 7937
8381 8484 8215 7963
8396 8455 8240 7970
8387 8450 8253 7962
8402 8440 8234 7936
8407 8432 8286 7968
8443 8412 8381 7913
8458 8402 8362 7887
8462 8441 8327 7903
8447 8378 8431 7889
8467 8472 8447 7845
8428 8460 8301 7849
8517 8532 8577 7610
8471 8546 8560 7523
8443 8537 8608 7533
8415 8598 8596 7605
8372 8570 8292 7837
8382 8562 8590 7648
8403 8621 8646 7548
8434 8634 8549 7623
8425 8629 8562 7615
8418 8692 8491 7532
8376 8676 8523 7527
8405 8596 8268 7828
8355 8747 8459 7551
8315 8710 8480 7558
8319 8749 8445 7574
8339 8575 8387 7838
8275 8724 8608 7578
8312 8693 8486 7572
8270 8684 8461 7585
8332 8529 8401 7836
8327 8722 8455 7572
8367 8681 8504 7635
8315 8648 8511 7681
8377 8577 8388 7828
8401 8603 8572 7620
8402 8596 8381 7803
8283 8592 8576 7653
8303 8585 8704 7585
8311 8653 8574 7595
8372 8614 8648 7569
8315 8628 8570 7575
8406 8600 8397 7759
8369 8592 8595 7629
8399 8683 8413 7655
8403 8569 8666 7530
8369 8645 8630 7549
8313 8667 8586 7489
8393 8608 8666 7546
8378 8706 8301 7612
8282 8660 8588 7510
8391 8682 8327 7671
8422 8689 8325 7650
8309 8692 8590 7509
8365 8710 8517 7491
8520 8599 8517 7700
8342 8733 8580 7458
8423 8579 8496 7779
8438 8645 8543 7602
8448 8681 8544 7500
8402 8659 8571 7541
8348 8686 8556 7429
8357 8683 8603 7423
8385 8681 8454 7682
8470 8582 8579 7447
8352 8588 8512 7714
8506 8593 8540 7418
8339 8620 8506 7693
8526 8548 8543 7598
8334 8642 8468 7703
8573 8613 8449 7422
8294 8634 8471 7689
8523 8610 8510 7406
8508 8620 8529 7432
8527 8573 8592 7413
8505 8619 8533 7390
8483 8573 8617 7432
8529 8489 8633 7383
8279 8650 8497 7704
8288 8616 8509 7682
8565 8520 8555 7484
8474 8564 8637 7425
8333 8673 8484 7678
8420 8532 8662 7584
8435 8515 8681 7519
8423 8557 8665 7530
8337 8560 8674 7504
8334 8679 8461 7647
8419 8547 8682 7493
8433 8601 8534 7672
8423 8537 8588 7730
8416 8621 8548 7631
8415 8682 8466 7606
8469 8597 8493 7726
8472 8563 8540 7656
8416 8557 8579 7595
8413 8569 8588 7627
8406 8534 8637 7594
8431 8536 8598 7627
8461 8570 8550 7598
8388 8573 8601 7634
8410 8609 8568 7610
8436 8571 8550 7570
8421 8581 8569 7596
8374 8490 8646 7602
8360 8505 8673 7614
8322 8450 8711 7587
8325 8514 8654 7602
8358 8508 8668 7584
8369 8491 8647 7600
8365 8452 8682 7584
8462 8565 8582 7568
8505 8545 8567 7690
8525 8483 8576 7491
8566 8446 8604 7467
8618 8506 8544 7459
8584 8435 8603 7465
8575 8490 8544 7486
8578 8490 8518 7465
8591 8536 8516 7598
8604 8459 8583 7514
8629 8467 8499 7426
8623 8528 8416 7424
8644 8457 8480 7400
8647 8457 8493 7391
8634 8471 8462 7418
8649 8461 8443 7392
8628 8532 8379 7416
8612 8532 8442 7600
8563 8587 8417 7442
8530 8550 8528 7530
8568 8567 8416 7443
8553 8544 8519 7666
8616 8468 8588 7401
8602 8528 8528 7404
8577 8487 8559 7342
8580 8522 8551 7365
8559 8480 8596 7351
8546 8504 8570 7292
8552 8489 8564 7258
8550 8491 8569 7265
8567 8488 8563 7282
8613 8549 8511 7271
8579 8550 8481 7255
8600 8592 8436 7269
8556 8592 8461 7288
8549 8592 8496 7608
8562 8641 8424 7290
8512 8633 8436 7331
8525 8609 8462 7390
8556 8616 8460 7369
8525 8427 8671 7412
8585 8432 8639 7430
8582 8397 8647 7407
8585 8461 8590 7422
8621 8472 8551 7393
8657 8422 8536 7356
8624 8379 8603 7533
8611 8409 8608 7514
8663 8392 8593 7482
8665 8329 8630 7327
8617 8365 8609 7497
8675 8430 8510 7377
8690 8420 8491 7351
8693 8455 8483 7374
8633 8450 8515 7356
8637 8489 8480 7372
8640 8447 8481 7395
8673 8403 8505 7419
8712 8431 8486 7468
8674 8444 8464 7422
8709 8396 8494 7445
8621 8401 8522 7588
8630 8397 8563 7532
8672 8434 8449 7610
8638 8431 8456 7527
8654 8514 8402 7480
8650 8475 8437 7464
8635 8485 8456 7490
8595 8489 8543 7539
8600 8493 8506 7531
8561 8418 8602 7545
8565 8457 8567 7561
8586 8386 8631 7537
8573 8402 8607 7542
8617 8429 8578 7533
8625 8348 8648 7527
8661 8359 8609 7498
8664 8331 8607 7387
8670 8316 8601 7353
8701 8387 8568 7368
8638 8376 8618 7350
8623 8386 8637 7376
8589 8315 8696 7382
8593 8354 8661 7398
8653 8264 8624 7440
8651 8326 8627 7508
8665 8320 8586 7424
8645 8333 8581 7507
8612 8289 8664 7522
8606 8304 8670 7556
8609 8304 8644 7535
8596 8326 8622 7538
8581 8336 8641 7564
8518 8325 8691 7546
8524 8374 8654 7548
8551 8373 8584 7669
8533 8396 8615 7616
8561 8454 8544 7698
8548 8386 8596 7590
8485 8345 8693 7611
8504 8354 8667 7655
8527 8383 8603 7704
8517 8302 8643 7675
8568 8669 8333 7592
8495 8615 8405 7615
8488 8663 8360 7620
8503 8570 8538 7635
8500 8539 8518 7728
8523 8593 8405 7688
8492 8586 8407 7709
8500 8536 8370 7738
8497 8593 8380 7754
8466 8586 8382 7775
8503 8532 8463 7756
8461 8548 8419 7779
8409 8548 8388 7788
8406 8548 8414 7809
8409 8519 8437 7796
8431 8529 8551 7750
8414 8575 8514 7742
8542 8469 8448 7723
8530 8462 8464 7751
8556 8415 8503 7847
8516 8449 8495 7775
8442 8368 8598 7823
8469 8378 8565 7820
8514 8389 8548 7816
8446 8407 8563 7839
8448 8369 8574 7836
8500 8444 8521 7773
8482 8407 8559 7763
8485 8438 8564 7726
8447 8411 8581 7738
8477 8507 8526 7752
8468 8441 8564 7766
8507 8455 8539 7717
8492 8465 8558 7743
8492 8415 8552 7767
8488 8429 8539 7790
8471 8458 8460 7822
8502 8465 8458 7801
8458 8371 8586 7798
8416 8397 8585 7851
8415 8400 8565 7860
8347 8420 8588 7923
8408 8440 8541 7919
8419 8385 8542 7909
8402 8335 8596 7853
8433 8406 8563 7868
8395 8391 8582 7853
8395 8455 8551 7889
8364 8442 8572 7871
8391 8410 8605 7834
8395 8449 8570 7850
8450 8468 8526 7845
8446 8429 8561 7829
8504 8424 8505 7851
8454 8448 8549 7834
8448 8458 8502 7849
8427 8416 8547 7835
8451 8438 8580 7761
8511 8443 8548 7779
8483 8382 8550 7837
8454 8384 8580 7798
8480 8318 8607 7822
8460 8330 8572 7835
8464 8317 8578 7835
8484 8305 8613 7822
8518 8376 8554 7816
8487 8369 8556 7837
8508 8411 8511 7851
8525 8408 8505 7868
8513 8345 8527 7823
8510 8345 8553 7844
8482 8309 8578 7852
8475 8365 8564 7852
8507 8305 8547 7855
8535 8341 8522 7847
8539 8337 8445 7891
8518 8295 8490 7877
8489 8361 8489 7874
8477 8305 8540 7903
8424 8273 8610 7917
8460 8284 8571 7888
8515 8284 8576 7858
8491 8248 8560 7876
8537 8309 8508 7865
8478 8241 8596 7842
8463 8251 8615 7868
8442 8259 8640 7853
8463 8301 8595 7867
8484 8320 8611 7797
8520 8331 8572 7768
8526 8316 8566 7734
8576 8319 8505 7750
8583 8263 8519 7750
8572 8286 8473 7752
8585 8278 8459 7733
8609 8271 8415 7690
8658 8383 8475 7602
8624 8471 8494 7639
8618 8510 8381 7575
8546 8502 8478 7699
8576 8444 8525 7672
8601 8353 8519 7606
8602 8292 8526 7572
8596 8307 8532 7606
8563 8385 8605 7643
8536 8349 8615 7682
8566 8352 8583 7614
8577 8346 8641 7544
8437 8387 8664 7638
8432 8443 8663 7633
8410 8419 8671 7638
8437 8549 8628 7557
8538 8526 8522 7516
8542 8615 8427 7597
8554 8494 8464 7685
8658 8514 8341 7583
8634 8482 8400 7597
8619 8476 8456 7600
8628 8484 8450 7542
8637 8489 8437 7550
8649 8472 8381 7571
8663 8429 8462 7602
8664 8448 8380 7573
8711 8384 8332 7563
8706 8384 8437 7573
8697 8392 8460 7626
8641 8363 8482 7595
8678 8419 8443 7576
8609 8374 8436 7657
8613 8318 8476 7678
8664 8351 8457 7636
8659 8328 8491 7654
8627 8437 8408 7652
8638 8382 8409 7642
8635 8463 8362 7574
8599 8469 8462 7662
8608 8510 8490 7619
8639 8396 8478 7530
8664 8331 8495 7521
8698 8402 8436 7515
8678 8360 8545 7474
8685 8395 8496 7507
8682 8360 8504 7484
8686 8399 8469 7500
8658 8393 8467 7563
8694 8404 8428 7534
8704 8496 8404 7544
8717 8372 8391 7538
8763 8433 8339 7527
8742 8391 8384 7513
8733 8493 8378 7527
8745 8355 8385 7480
8764 8384 8331 7470
8754 8300 8444 7459
8758 8339 8409 7475
8713 8391 8460 7476
8747 8364 8397 7464
8711 8353 8436 7493
8738 8385 8438 7492
8707 8378 8440 7513
8743 8389 8401 7484
8730 8458 8386 7504
8742 8399 8383 7465
8693 8338 8461 7497
8710 8327 8517 7461
8744 8398 8458 7455
8713 8327 8491 7440
8702 8414 8414 7478
8722 8506 8382 7495
8686 8495 8421 7524
8665 8500 8433 7516
8707 8537 8376 7538
8636 8587 8322 7629
8592 8540 8329 7555
8620 8543 8327 7465
8611 8538 8340 7457
8584 8575 8341 7499
8566 8538 8379 7489
8559 8586 8334 7494
8555 8547 8369 7478
8558 8582 8361 7501
8573 8572 8342 7475
8587 8559 8338 7503
8572 8569 8357 7529
8573 8573 8330 7522
8558 8590 8341 7592
8543 8600 8360 7618
8586 8555 8335 7589
8649 8528 8292 7614
8646 8547 8299 7664
8664 8582 8242 7624
8658 8533 8279 7622
8654 8494 8314 7606
8642 8508 8334 7648
8632 8458 8347 7630
8627 8518 8353 7674
8628 8492 8353 7612
8642 8520 8336 7576
8680 8420 8441 7502
8665 8430 8460 7528
8701 8441 8421 7499
8672 8444 8447 7516
8676 8445 8434 7506
8702 8422 8411 7512
8715 8468 8405 7530
8684 8397 8438 7515
8722 8412 8419 7530
8680 8396 8451 7525
8684 8435 8416 7541
8639 8437 8431 7524
8670 8508 8398 7539
8642 8472 8423 7547
8669 8504 8425 7546
8578 8461 8501 7606
8582 8500 8466 7622
8553 8446 8492 7699
8515 8495 8480 7720
8534 8515 8573 7676
8480 8476 8571 7717
8484 8515 8536 7733
8463 8510 8598 7687
8502 8546 8524 7689
8524 8542 8520 7661
8520 8535 8548 7664
8489 8583 8538 7573
8462 8552 8561 7671
8397 8561 8634 7595
8426 8543 8597 7595
8435 8609 8559 7581
8450 8599 8540 7555
8444 8614 8546 7589
8426 8577 8584 7579
8411 8587 8603 7605
8409 8538 8604 7654
8427 8552 8578 7685
8434 8587 8522 7630
8428 8574 8534 7701
8458 8566 8548 7694
8425 8614 8469 7688
8438 8590 8495 7747
8394 8604 8480 7719
8315 8567 8569 7777
8322 8519 8614 7772
8322 8479 8620 7797
8356 8550 8561 7791
8325 8543 8563 7812
8371 8604 8511 7801
8382 8549 8512 7791
8413 8556 8510 7770
8367 8495 8562 7781
8394 8527 8564 7780
8401 8497 8575 7772
8366 8504 8564 7816
8373 8505 8547 7795
8360 8538 8526 7817
8355 8480 8574 7798
8401 8541 8522 7787
8422 8478 8585 7787
8466 8478 8560 7768
8456 8428 8573 7750
8419 8372 8612 7769
8416 8372 8638 7790
8395 8380 8663 7775
8339 8449 8662 7745
8301 8385 8693 7773
8310 8451 8655 7759
8349 8457 8651 7768
8356 8450 8653 7725
8390 8521 8594 7719
8411 8450 8658 7695
8396 8545 8580 7706
8399 8491 8580 7743
8396 8491 8606 7764
8427 8462 8588 7765
8442 8452 8569 7739
8476 8523 8510 7733
8445 8516 8512 7754
8472 8508 8520 7778
8420 8508 8489 7787
8451 8515 8487 7766
8422 8478 8604 7742
8503 8445 8616 7694
8487 8420 8643 7638
8492 8478 8595 7657
8465 8510 8562 7694
8465 8508 8588 7697
8469 8547 8553 7713
8494 8513 8576 7658
8534 8422 8542 7699
8580 8483 8490 7688
8529 8378 8633 7685
8563 8449 8574 7679
8554 8419 8593 7665
8558 8458 8558 7681
8527 8387 8591 7666
8527 8451 8560 7702
8514 8481 8565 7683
8507 8483 8571 7677
8538 8490 8569 7656
8553 8480 8550 7630
8568 8505 8491 7637
8564 8466 8526 7621
8608 8446 8521 7583
8593 8464 8496 7660
8560 8465 8549 7583
8531 8531 8548 7580
8482 8565 8551 7607
8542 8506 8550 7589
8527 8481 8609 7582
8518 8536 8550 7603
8533 8526 8531 7577
8536 8561 8523 7600
8532 8522 8558 7584
8461 8566 8574 7608
8430 8559 8576 7629
8522 8509 8578 7582
8526 8484 8574 7562
8489 8524 8641 7666
8467 8482 8653 7621
8498 8489 8651 7600
8471 8507 8655 7577
8441 8502 8679 7503
8419 8525 8674 7510
8379 8510 8703 7500
8372 8498 8699 7515
8423 8493 8696 7494
8426 8540 8688 7423
8432 8490 8727 7434
8439 8532 8674 7404
8462 8462 8712 7501
8465 8482 8696 7389
8428 8451 8762 7418
8405 8421 8775 7398
8407 8419 8770 7391
8427 8525 8713 7435
8436 8371 8729 7400
8422 8347 8765 7403
8485 8396 8747 7380
8501 8354 8722 7324
8461 8360 8731 7398
8507 8421 8679 7387
8466 8387 8696 7431
8519 8435 8668 7439
8473 8374 8720 7450
8468 8433 8675 7404
8496 8437 8656 7384
8524 8443 8658 7321
8479 8445 8673 7304
8484 8528 8648 7394
8455 8497 8695 7358
8486 8491 8659 7306
8452 8420 8718 7312
8437 8430 8737 7338
8441 8408 8743 7324
8403 8493 8753 7451
8417 8546 8683 7379
8395 8456 8754 7356
8429 8527 8695 7350
8444 8517 8676 7324
8447 8582 8641 7402
8457 8564 8637 7488
8470 8512 8671 7496
8436 8549 8656 7410
8421 8559 8675 7436
8401 8419 8760 7419
8408 8551 8705 7470
8406 8477 8712 7438
8466 8482 8680 7456
8463 8544 8654 7421
8489 8558 8611 7398
8446 8562 8639 7440
8443 8565 8620 7418
8467 8583 8619 7437
8493 8597 8576 7414
8508 8542 8604 7429
8499 8537 8617 7421
8545 8598 8565 7410
8479 8608 8603 7426
8472 8594 8609 7390
8457 8604 8628 7416
8454 8539 8663 7338
8458 8578 8628 7354
8431 8572 8658 7466
8476 8633 8574 7406
8461 8587 8580 7447
8461 8536 8663 7518
8400 8495 8712 7465
8434 8566 8653 7459
8435 8570 8626 7452
8430 8566 8663 7460
8396 8495 8722 7466
8415 8547 8692 7494
8375 8510 8713 7501
8427 8465 8722 7524
8485 8502 8652 7470
8488 8537 8644 7493
8428 8532 8676 7475
8413 8542 8695 7501
8382 8471 8728 7486
8442 8476 8696 7504
8435 8430 8710 7502
8466 8501 8677 7517
8420 8513 8677 7529
8360 8508 8709 7511
8364 8547 8674 7527
8333 8476 8707 7512
8353 8541 8697 7584
8418 8559 8647 7504
8370 8610 8662 7486
8408 8561 8640 7504
8408 8625 8609 7540
8414 8610 8603 7506
8411 8625 8583 7519
8375 8627 8569 7542
8406 8634 8567 7521
8370 8623 8606 7550
8367 8623 8632 7571
8376 8589 8644 7549
8318 8575 8685 7559
8308 8525 8698 7541
8368 8530 8666 7559
8365 8495 8674 7536
8365 8559 8643 7572
8362 8549 8674 7499
8381 8564 8676 7496
8316 8628 8643 7504
8272 8626 8661 7490
8310 8670 8609 7477
8291 8655 8607 7480
8276 8665 8626 7506
8306 8697 8602 7484
8327 8725 8623 7464
8325 8726 8548 7474
8327 8661 8654 7428
8296 8654 8656 7449
8279 8699 8604 7503
8274 8695 8641 7511
8241 8659 8668 7648
8278 8700 8602 7505
8281 8700 8576 7484
8272 8734 8564 7506
8266 8745 8649 7606
8275 8755 8564 7482
8290 8745 8545 7456
8285 8805 8551 7500
8279 8635 8635 7467
8264 8677 8708 7612
8277 8695 8615 7490
8276 8704 8643 7444
8292 8741 8609 7449
8306 8679 8665 7427
8291 8750 8637 7403
8268 8716 8673 7628
8267 8738 8631 7466
8282 8728 8612 7440
8340 8659 8587 7426
8355 8684 8528 7433
8337 8715 8614 7398
8303 8644 8673 7404
8304 8623 8662 7457
8301 8588 8670 7434
8335 8659 8611 7428
8352 8639 8673 7431
8292 8634 8705 7413
8270 8657 8700 7420
8239 8586 8733 7405
8223 8645 8733 7611
8203 8565 8736 7431
8192 8609 8784 7640
8250 8550 8719 7465
8247 8515 8727 7442
8281 8586 8668 7436
8282 8512 8717 7419
8285 8547 8709 7442
8225 8542 8741 7424
8195 8559 8750 7458
8223 8709 8702 7647
8195 8673 8727 7655
8242 8593 8718 7492
8242 8754 8602 7543
8267 8749 8622 7599
8257 8725 8663 7617
8214 8627 8666 7649
8247 8708 8631 7650
8219 8702 8629 7713
8255 8713 8590 7684
8271 8685 8643 7562
8226 8680 8725 7634
8185 8657 8739 7645
8310 8288 8813 7903
8306 8339 8714 7874
8326 8348 8710 7785
8433 8369 8727 7734
8283 8266 8753 7933
8298 8403 8744 7845
8304 8240 8914 7821
8349 8155 8819 7945
8289 8329 8748 7903
8278 8215 8926 7898
8308 8241 8836 7948
8265 8229 8947 7780
8351 8327 8765 7883
8274 8344 8743 7868
8314 8354 8815 7730
8255 8186 8842 7919
8354 8419 8815 7701
8382 8275 8798 7752
8326 8280 8862 7762
8341 8305 8834 7725
8371 8380 8852 7675
8273 8275 8900 7773
8262 8181 8930 7870
8308 8242 8878 7859
8248 8242 8828 7919
8247 8270 8938 7826
8420 8377 8741 7753
8072 8322 8914 7829
8262 8280 8857 7877
8219 8297 8939 7784
8250 8256 8928 7785
8359 8415 8669 7890
8340 8309 8885 7660
8245 8539 8766 7660
8236 8341 8975 7776
8254 7977 8901 7983
8420 8387 8723 7727
8355 8293 8799 7705
8237 8260 8758 7975
8356 8257 8648 8027
8411 8331 8733 7845
8233 8274 8745 7998
8325 8186 8681 8012
8360 8324 8672 7930
8251 8307 8805 7901
8293 8271 8901 7676
8246 8342 8738 7943
8247 8192 8985 7770
8301 8247 8790 7908
8312 8346 8871 7812
8285 8139 8793 8004
8289 8295 8780 7891
8244 8202 8807 8022
8268 8388 8702 7895
8336 8375 8763 7759
8339 8390 8781 7724
8360 8243 8661 8004
8304 8336 8633 7983
8270 8408 8576 8007
8203 8421 8528 7963
8401 8358 8777 7737
8428 8339 8736 7706
8382 8436 8711 7748
8431 8308 8754 7726
8425 8259 8791 7724
8424 8364 8740 7726
8315 8322 8609 7974
8371 8247 8629 8001
8189 8423 8530 7982
8391 8250 8659 7983
8368 8276 8758 7917
8329 8344 8796 7704
8328 8113 8864 7931
8285 8247 8823 7901
8409 8280 8690 7852
8359 8331 8702 7854
8367 8194 8842 7849
8482 8176 8786 7867
8390 8251 8744 7862
8395 8169 8711 7936
8171 8433 8529 8000
8294 8155 8814 7975
8348 8199 8738 7958
8174 8312 8767 7877
8299 8107 8780 7972
8271 8423 8694 7918
8310 8378 8679 7890
8103 8431 8774 7917
8250 8328 8751 7920
8083 8366 8784 7845
8133 8369 8723 7861
8430 8176 8755 7876
8253 8246 8791 7911
8229 8235 8780 7982
8433 8367 8604 7849
8416 8466 8535 7933
8498 8335 8493 7877
8448 8357 8585 7823
8297 8304 8845 7862
8475 8357 8494 7870
8462 8315 8752 7705
8246 8308 8768 7876
8295 8362 8772 7851
8267 8332 8777 7830
8442 8275 8795 7614
8272 8411 8812 7736
8242 8471 8773 7716
8319 8607 8726 7668
8282 8508 8752 7709
8306 8515 8722 7717
8347 8475 8801 7701
8287 8380 8818 7693
8321 8330 8836 7698
8346 8253 8861 7672
8370 8287 8810 7722
8409 8269 8805 7668
8418 8315 8777 7724
8336 8326 8838 7709
8368 8246 8819 7679
8375 8198 8864 7674
8397 8233 8822 7827
8432 8259 8807 7604
8427 8232 8835 7669
8439 8211 8852 7599
8473 8282 8793 7593
8482 8322 8829 7583
8404 8260 8814 7599
8435 8331 8781 7614
8483 8335 8773 7610
8479 8287 8837 7560
8439 8252 8853 7559
8424 8296 8907 7592
8443 8241 8880 7561
8396 8332 8892 7583
8399 8250 8840 7594
8398 8195 8903 7627
8365 8243 8868 7636
8323 8227 8900 7631
8395 8275 8844 7614
8410 8278 8811 7637
8381 8442 8846 7666
8320 8260 8933 7668
8300 8289 8887 7672
8281 8263 8926 7764
8285 8314 8869 7813
8326 8315 8853 7751
8319 8272 8898 7685
8277 8322 8883 7827
8193 8387 8831 7729
8213 8380 8883 7700
8164 8375 8875 7703
8251 8369 8857 7722
8208 8320 8888 7777
8258 8250 8959 7766
8262 8289 8924 7782
8233 8356 8915 7764
8257 8243 8928 7775
8279 8215 8973 7811
8264 8267 8935 7723
8367 8382 8761 7738
8320 8349 8815 7752
8377 8309 8785 7691
8477 8305 8733 7679
8471 8320 8739 7713
8440 8249 8772 7698
8457 8263 8771 7742
8436 8304 8755 7677
8418 8267 8793 7667
8433 8305 8758 7698
8387 8308 8779 7745
8389 8306 8774 7738
8420 8313 8772 7717
8458 8328 8753 7732
8427 8257 8786 7717
8430 8292 8778 7740
8416 8348 8758 7711
8382 8372 8742 7712
8336 8311 8794 7723
8375 8422 8717 7712
8360 8432 8736 7738
8370 8397 8779 7703
8329 8374 8793 7714
8320 8299 8827 7829
8338 8310 8803 7711
8351 8204 8831 7737
8431 8214 8772 7838
8448 8270 8750 7766
8465 8250 8715 7822
8504 8228 8773 7772
8460 8246 8752 7830
8378 8146 8883 7852
8342 8233 8817 7857
8374 8191 8860 7738
8401 8242 8754 7873
8358 8202 8801 7846
8387 8253 8785 7841
8358 8266 8770 7882
8367 8239 8815 7743
8365 8246 8801 7759
8327 8269 8798 7770
8393 8263 8760 7859
8289 8258 8817 7880
8396 8217 8782 7861
8415 8181 8833 7791
8400 8143 8805 7823
8423 8104 8824 7846
8429 8126 8770 7903
8455 8167 8851 7804
8411 8267 8764 7809
8388 8236 8797 7863
8373 8172 8821 7894
8356 8179 8826 7893
8327 8195 8803 7867
8221 8284 8800 7957
8261 8222 8842 7888
8244 8252 8974 7911
8327 8220 8798 7931
8339 8307 8698 7912
8339 8338 8661 7951
8349 8158 8747 7954
8356 8193 8679 7991
8331 8270 8660 7964
8426 8204 8696 7915
8284 8199 8781 7970
8382 8275 8640 7954
8391 8209 8783 7904
8502 8081 8786 7818
8437 8294 8648 7897
8487 8216 8646 7784
8541 8266 8624 7803
8559 8206 8658 7766
8559 8187 8693 7829
8465 8186 8746 7786
8422 8274 8671 7785
8476 8209 8666 7774
8447 8275 8665 7771
8418 8276 8768 7799
8475 8216 8669 7884
8377 8211 8786 7910
8420 8065 8802 7922
8380 8093 8823 7857
8379 8093 8868 7899
8374 7996 8937 7915
8367 8055 8842 7972
8416 8232 8735 7847
8399 8217 8756 7840
8407 8178 8756 7856
8426 8091 8778 7880
8460 8162 8719 7874
8433 8197 8753 7901
8458 8218 8693 7886
8351 8257 8725 7958
8302 8108 8776 8014
8264 8292 8760 7974
8324 8308 8694 7930
8300 8297 8668 7967
8371 8269 8673 7920
8398 8301 8675 7919
8335 8290 8725 7901
8386 8263 8599 7974
8391 8254 8699 7906
8359 8240 8568 8009
8315 8281 8634 7973
8386 8272 8570 8008
8342 8313 8636 7972
8309 8374 8706 7897
8402 8113 8725 7936
8351 8258 8695 7951
8272 8427 8667 7911
8364 8162 8713 7957
8329 8225 8646 8028
8377 8185 8668 7952
8360 8232 8644 8007
8369 8159 8674 7938
8376 8103 8688 7938
8342 8265 8699 7935
8397 8095 8663 7953
8360 8179 8692 7968
8382 8078 8730 7940
8288 8332 8751 7883
8353 8229 8667 7968
8435 8119 8752 7932
8289 8336 8724 7876
8403 8232 8606 7984
8440 8098 8699 7912
8449 8293 8554 7973
8327 8266 8695 7953
8460 8238 8555 7963
8389 8058 8804 7943
8324 8225 8723 7959
8491 8245 8553 7942
8380 8018 8803 7980
8497 8230 8547 7908
8482 8240 8566 7934
8432 8237 8627 7918
8381 8175 8707 7906
8332 8383 8667 7891
8426 8252 8633 7952
8384 8210 8699 7929
8395 8181 8666 7937
8395 8245 8635 7973
8391 8474 8574 7870
8335 8091 8854 7992
8345 8192 8761 7938
8322 8586 8641 7808
8361 8233 8685 7940
8362 8231 8686 7944
8433 8510 8526 7768
8382 8227 8703 7917
8358 8245 8673 7967
8395 8197 8698 7936
8364 8230 8667 7933
8378 8483 8566 7801
8383 8268 8636 7931
8276 8489 8661 7832
8465 8232 8680 7874
8441 8194 8677 7889
8456 8219 8618 7896
8344 8007 8842 8009
8473 8208 8674 7860
8297 8026 8894 7985
8455 8280 8608 7896
8510 8256 8595 7847
8341 8657 8611 7680
8429 8221 8719 7903
8470 8270 8589 7870
8279 8655 8631 7703
8444 8238 8662 7897
8341 7973 8860 7931
8284 8635 8629 7829
8403 8223 8707 7903
8421 8260 8669 7913
8258 8595 8703 7828
8432 8185 8660 7932
8332 8056 8862 7969
8346 8603 8518 7748
8453 8227 8615 7946
8435 8261 8575 7933
8389 8265 8560 7941
8432 8288 8601 7903
8307 8050 8874 7954
8414 8669 8562 7671
8426 8322 8563 7904
8318 8030 8934 7913
8398 8256 8601 7942
8387 8279 8555 7944
8391 8576 8640 7629
8452 8272 8475 7934
8452 8231 8452 7971
8273 8677 8592 7660
8481 8228 8426 7954
8463 8191 8464 7944
8446 8202 8408 7980
8419 8212 8412 7998
8394 8201 8426 8018
8387 8166 8475 7985
8390 8201 8467 8008
8359 8194 8469 8029
8400 8228 8452 7985
8271 8542 8704 7752
8422 8253 8384 7992
8450 8219 8410 7977
8404 8158 8462 7988
8401 8158 8488 8009
8326 8558 8579 7788
8398 8123 8496 7986
8288 8118 8781 7984
8435 8134 8497 7974
8233 8048 8837 8007
8299 8585 8637 7820
8426 8075 8497 7978
8486 8080 8465 7996
8253 8047 8854 8046
8458 8050 8470 7975
8227 8524 8736 7813
8492 8121 8411 7969
8273 8465 8675 7781
8461 8114 8413 7990
8488 8146 8415 7989
8467 8104 8460 7975
8362 8512 8641 7794
8498 8111 8458 7954
8509 8105 8516 7884
8258 8423 8735 7801
8526 8199 8502 7903
8273 8113 8859 7961
8494 8302 8534 7920
8224 8352 8794 7807
8544 8224 8475 7900
8204 8359 8786 7770
8547 8187 8521 7846
8222 8396 8748 7780
8565 8177 8479 7858
8206 8358 8774 7755
8581 8238 8521 7797
8360 8009 8856 7970
8192 8352 8859 7811
8556 8317 8543 7836
8192 8360 8777 7761
8586 8239 8569 7769
8372 8044 8827 7946
8534 8254 8654 7776
8533 8276 8630 7784
8168 8383 8777 7753
8566 8150 8672 7766
8152 8358 8860 7724
8242 8344 8911 7686
8507 8125 8775 7819
8529 8196 8802 7764
8389 7980 8758 7985
8385 7941 8793 7969
8522 8361 8619 7767
8366 8037 8811 8008
8159 8405 8899 7687
8380 8072 8721 7996
8106 8388 8902 7636
8548 8248 8582 7741
8346 8073 8691 7980
8154 8456 8863 7668
8572 8269 8626 7710
8377 8080 8689 7959
8120 8457 8833 7652
8552 8223 8578 7721
8347 8048 8769 7987
8141 8499 8788 7666
8568 8230 8661 7694
8113 8433 8826 7704
8096 8436 8832 7687
8378 8197 8748 7931
8062 8365 8891 7693
8106 8412 8884 7767
8533 8233 8671 7717
8094 8379 8886 7750
8121 8411 8888 7749
8410 8050 8779 7958
8082 8348 8935 7748
8424 8075 8762 7956
8062 8360 8900 7761
8382 8013 8730 7968
8155 8296 8898 7830
8250 8239 8963 7873
8510 8126 8771 7861
8286 8250 8924 7844
8186 8303 8896 7809
8173 8236 8991 7795
8158 8353 8829 7795
8541 8263 8593 7826
8189 8360 8827 7774
8271 8101 8778 8035
8268 8037 8835 8020
8564 8253 8509 7788
8176 8306 8897 7782
8367 8023 8850 8006
8258 8051 8817 8038
8261 8051 8791 8017
8307 8112 8739 8006
8310 8071 8808 8006
8247 8204 8971 7850
8220 8260 8937 7853
8237 8058 8784 8026
8293 8114 8779 7983
8564 8259 8518 7784
8143 8320 8912 7777
8540 8243 8507 7846
8284 8148 8821 7958
8142 8316 8939 7784
8585 8263 8488 7729
8607 8287 8480 7724
8599 8261 8486 7710
8193 8148 8825 8053
8635 8240 8449 7719
8125 8353 8906 7777
8620 8213 8523 7755
8266 8169 8845 7961
8146 8395 8861 7791
8608 8255 8569 7714
8111 8346 8888 7790
8249 8142 8801 7978
8642 8262 8541 7672
8661 8351 8483 7657
8143 8357 8910 7678
8608 8191 8600 7678
8294 8257 8729 7941
8115 8352 8948 7656
8316 8293 8696 7917
8156 8315 8976 7632
8611 8255 8543 7693
8139 8251 9002 7626
8598 8261 8586 7682
8233 8219 8764 8074
8195 8262 8989 7829
8603 8265 8549 7674
8307 8306 8703 7952
8603 8201 8580 7638
8238 8255 8973 7636
8271 8267 8717 7952
8595 8226 8594 7659
8230 8209 8795 8001
8249 8200 8974 7626
8599 8265 8559 7675
8215 8219 8814 8027
8258 8266 8936 7612
8186 8222 8840 8044
8248 8346 8925 7637
8184 8148 8847 8012
8564 8272 8548 7719
8558 8333 8465 7717
8210 8221 8760 8014
8186 8380 8886 7610
8202 8153 8812 8061
8537 8314 8545 7711
8253 8350 8888 7629
8198 8162 8784 8082
8526 8281 8626 7722
8183 8172 8803 8108
8536 8413 8584 7718
8149 8101 8862 8114
8153 8140 8827 8130
8331 8343 8873 7682
8567 8420 8582 7697
8159 8125 8821 8096
8530 8337 8637 7712
8193 8196 8762 8090
8162 8189 8764 8111
8183 8183 8782 8088
8567 8304 8612 7711
8162 8141 8827 8074
8200 8092 8839 8053
8216 8240 8977 7754
8530 8273 8668 7676
8227 8124 8841 8052
8190 8068 8880 8071
8183 8124 8866 8071
8198 8114 8847 8045
8156 8092 8864 8072
8153 8092 8890 8093
8125 8056 8915 8101
8152 8088 8917 8100
8122 8047 8905 8157
8143 8089 8860 8171
8108 8040 8887 8170
8543 8194 8589 7786
8136 8101 8885 8112
8589 8255 8537 7775
8115 8059 8930 8098
8554 8206 8564 7774
8143 8125 8892 8060
8575 8248 8519 7788
8109 8126 8862 8044
8128 8237 8999 7638
8098 8149 8816 8046
8131 8272 8991 7661
8143 8189 8798 8056
8135 8250 8997 7647
8551 8168 8498 7865
8552 8172 8534 7855
8237 8319 8692 7969
8226 8307 8717 7981
8524 8239 8631 7812
8166 8315 8657 8001
8546 8264 8563 7819
8236 8279 8692 8019
8201 8361 8898 7673
8525 8116 8752 7835
8241 8297 8698 7955
8243 8313 8897 7642
8564 8128 8630 7793
8563 8202 8581 7810
8574 8196 8639 7740
8225 8229 8807 7973
8216 8284 8748 7994
8503 8205 8640 7785
8263 8336 8906 7611
8523 8191 8784 7765
8255 8291 8772 7915
8527 8241 8656 7767
8531 8219 8662 7753
8224 8284 8774 7936
8251 8252 8907 7900
8500 8203 8615 7830
8493 8259 8601 7830
8252 8251 8938 7725
8288 8265 8881 7747
8487 8199 8644 7795
8485 8201 8649 7802
8492 8195 8643 7801
8298 8206 8788 7957
8488 8209 8630 7824
8545 8215 8579 7803
8517 8209 8577 7866
8553 8220 8538 7837
8511 8155 8513 7892
8513 8153 8508 7885
8331 8220 8797 7936
8308 8178 8909 7823
8541 8189 8483 7877
8352 8168 8823 7903
8293 8188 8928 7849
8360 8129 8789 7913
8259 8117 8987 7855
8532 8305 8545 7873
8310 8126 8850 7897
8252 8165 8942 7860
8559 8248 8464 7881
8258 8150 8936 7826
8534 8236 8433 7911
8517 8239 8439 7894
8331 8239 8759 7927
8193 8134 8997 7860
8574 8238 8445 7855
8568 8253 8451 7889
8530 8238 8470 7874
8220 8216 8958 7929
8515 8248 8489 7900
8255 8224 8839 7897
8501 8298 8547 7894
8286 8324 8757 7904
8258 8288 8782 7912
8506 8434 8529 7847
8270 8272 8843 7863
8336 8211 8789 7886
8456 8319 8525 7872
8367 8218 8787 7865
8280 8262 8848 7836
8446 8417 8544 7908
8333 8147 8846 7871
8450 8403 8557 7885
8337 8195 8782 7921
8299 8131 8813 7949
8271 8238 8905 7861
8475 8427 8531 7868
8339 8217 8776 7953
8501 8459 8514 7801
8304 8127 8782 7970
8265 8272 8867 7862
8491 8354 8621 7788
8278 8142 8840 7972
8226 8142 8809 7981
8272 8203 8757 7970
8438 8390 8592 7837
8510 8464 8501 7809
8319 8248 8743 7971
8259 8227 8938 7824
8472 8525 8465 7777
8267 8248 8712 7980
8259 8236 8909 7858
8552 8453 8524 7734
8264 8248 8738 8001
8240 8223 8757 7988
8243 8264 8729 7982
8243 8223 8706 8019
8205 8272 8694 8040
8181 8155 8997 7895
8516 8416 8660 7626
8241 8283 8655 8011
8179 8157 9002 7902
8195 8222 8707 8022
8177 8126 9008 7866
8247 8222 8738 8013
8225 8201 8982 7899
8264 8283 8662 7990
8223 8260 8911 7832
8569 8489 8468 7714
8286 8264 8748 7938
8594 8456 8572 7658
8238 8314 8861 7842
8227 8337 8815 7844
8594 8517 8425 7618
8181 8276 8867 7855
8595 8351 8681 7503
8212 8283 8865 7834
8597 8400 8610 7555
8191 8291 8890 7819
8648 8436 8576 7512
8656 8456 8429 7524
8400 8273 8706 7879
8644 8519 8455 7479
8194 8276 8950 7831
8390 8338 8700 7833
8191 8276 8976 7852
8562 8483 8571 7563
8356 8267 8759 7839
8223 8271 8941 7819
8320 8256 8798 7868
8324 8295 8763 7884
8320 8309 8750 7907
8318 8238 8807 7904
8266 8285 8923 7823
8352 8309 8748 7898
8284 8280 8879 7765
8332 8259 8774 7822
8293 8246 8891 7743
8614 8365 8635 7518
8392 8264 8742 7840
8295 8244 8886 7736
8414 8288 8734 7835
8635 8455 8483 7435
8348 8298 8772 7851
8375 8376 8775 7719
8667 8300 8617 7460
8376 8304 8758 7851
8335 8339 8796 7726
8686 8386 8553 7466
8396 8319 8747 7827
8636 8264 8668 7489
8340 8373 8854 7696
8636 8336 8646 7534
8396 8191 8816 7832
8337 8363 8885 7623
8402 8245 8775 7761
8368 8434 8852 7638
8411 8190 8834 7740
8383 8424 8833 7612
8613 8439 8586 7535
8429 8227 8796 7750
8398 8449 8774 7619
8405 8393 8788 7619
8415 8247 8803 7737
8423 8387 8859 7564
8406 8302 8744 7758
8427 8498 8765 7585
8388 8265 8782 7748
8458 8343 8817 7580
8655 8363 8570 7508
8688 8387 8473 7618
8427 8279 8842 7576
8680 8370 8446 7668
8510 8167 8856 7774
8719 8370 8401 7600
8383 8236 8912 7543
8458 8214 8781 7731
8365 8261 8925 7568
8679 8186 8396 7736
8411 8142 8868 7775
8702 8189 8450 7727
8432 8297 8834 7511
8697 8261 8375 7711
8444 8420 8798 7530
8697 8190 8434 7642
8406 8390 8865 7547
8392 8236 8756 7873
8354 8299 8899 7551
8385 8370 8866 7566
8351 8299 8925 7572
8351 8363 8894 7608
8717 8145 8476 7673
8386 8239 8764 7897
8354 8363 8868 7587
8345 8397 8856 7609
8374 8331 8857 7612
8324 8204 8808 7894
8405 8338 8855 7591
8342 8241 8770 7904
8420 8328 8836 7565
8427 8272 8850 7565
8657 8140 8508 7655
8383 8348 8868 7588
8375 8137 8793 7878
8356 8316 8866 7589
8375 8201 8762 7914
8351 8165 8746 7932
8372 8296 8876 7601
8393 8187 8729 7905
8393 8225 8940 7577
8427 8258 8670 7899
8448 8187 8734 7875
8384 8280 8881 7598
8380 8294 8868 7621
8371 8136 8782 7913
8389 8260 8880 7599
8411 8173 8761 7906
8338 8190 8935 7609
8380 8102 8794 7891
8707 8192 8398 7673
8384 8141 8759 7907
8395 8160 8911 7604
8374 8231 8847 7628
8664 8237 8423 7702
8479 8119 8773 7882
8364 8189 8916 7634
8457 8128 8764 7872
8343 8195 8898 7657
8404 8080 8792 7864
8333 8118 8949 7619
8435 8087 8790 7843
8460 8097 8866 7774
8360 8150 8951 7618
8656 8203 8490 7799
8394 8221 8892 7612
8334 8216 8924 7594
8338 8255 8889 7610
8300 8195 8943 7596
8461 8145 8807 7791
8331 8216 8904 7635
8327 8177 8939 7619
8360 8176 8886 7696
8323 8120 8923 7632
8483 8135 8854 7775
8354 8191 8890 7647
8633 8269 8421 7814
8470 8157 8832 7778
8413 8139 8894 7808
8629 8171 8488 7800
8454 8190 8770 7779
8378 8082 8914 7816
8407 8150 8872 7663
8486 8156 8747 7785
8478 8117 8824 7781
8379 8212 8840 7686
8661 8179 8473 7671
8403 8186 8852 7735
8396 8242 8838 7735
8525 8157 8837 7748
8421 8181 8808 7677
8434 8112 8880 7633
8618 8154 8677 7737
8465 8183 8847 7648
8427 8168 8866 7633
8384 8162 8859 7645
8698 8150 8485 7711
8531 8093 8773 7762
8415 8169 8857 7624
8552 8138 8737 7698
8422 8113 8871 7624
8545 8103 8786 7665
8436 8077 8951 7781
8549 8151 8722 7715
8412 8113 8895 7782
8452 8101 8898 7662
8678 8108 8544 7708
8474 8046 8864 7638
8704 8169 8450 7614
8478 8010 8884 7566
8662 8173 8492 7580
8553 8073 8766 7815
8527 8032 8843 7685
8683 8160 8504 7737
8475 7975 8892 7543
8651 8331 8512 7637
8491 8091 8862 7750
8466 7977 8886 7549
8449 8064 8913 7781
8628 8265 8458 7822
8457 7924 8904 7519
8545 8069 8805 7695
8488 7995 8871 7534
8459 7955 8898 7555
8476 8019 8872 7561
8460 8020 8895 7735
8672 8242 8382 7736
8504 8072 8869 7478
8484 8104 8880 7453
8663 8262 8345 7695
8538 8118 8778 7736
8464 8039 8890 7381
8547 8184 8740 7722
8549 8073 8864 7454
8683 8359 8440 7629
8486 8033 8877 7407
8498 8032 8886 7416
8617 8316 8374 7689
8606 8237 8761 7533
8595 8340 8319 7731
8583 8181 8787 7417
8613 8020 8784 7445
8599 8376 8410 7710
8645 8160 8736 7461
8424 8096 8884 7789
8597 8316 8422 7758
8428 8135 8849 7805
8582 7949 8817 7430
8585 7984 8809 7453
8568 8382 8421 7755
8584 8479 8481 7688
8583 8144 8805 7448
8515 8107 8850 7730
8568 8105 8778 7459
8515 8171 8819 7766
8549 8034 8801 7799
8470 8100 8879 7749
8449 8171 8815 7773
8586 8172 8780 7447
8603 8508 8427 7678
8415 8100 8874 7779
8398 8111 8818 7815
8590 8057 8779 7468
8518 8522 8444 7730
8603 8100 8727 7727
8528 8555 8418 7656
8640 8151 8763 7412
8347 8075 8916 7837
8381 8146 8857 7831
8649 8162 8733 7427
8412 8153 8855 7810
8500 8445 8642 7715
8369 8092 8901 7734
8617 8210 8745 7456
8389 8157 8891 7806
8628 8370 8415 7677
8379 8090 8926 7774
8413 8161 8867 7768
8382 8090 8900 7753
8420 8105 8881 7768
8433 8042 8959 7758
8393 8007 8975 7757
8398 7970 8983 7760
8528 8597 8368 7680
8385 8000 8988 7741
8439 8053 8922 7716
8386 8048 8960 7727
8388 8046 8955 7720
8406 8083 8917 7730
8560 8224 8794 7406
8457 8581 8395 7767
8361 8018 8918 7806
8300 8033 8924 7812
8609 8208 8768 7325
8474 8452 8556 7831
8306 8052 8953 7794
8617 8246 8696 7454
8271 8003 8980 7793
8292 8045 8935 7807
8633 8199 8718 7417
8266 7966 8970 7837
8503 8642 8343 7756
8270 8005 8935 7853
8423 8638 8336 7817
8283 7981 8961 7912
8490 8504 8535 7802
8320 8037 8922 7893
8371 8491 8291 7966
8324 8015 8928 7879
8369 8488 8542 7802
8314 7991 8969 7897
8591 8272 8753 7532
8371 7961 8945 7892
8405 8032 8886 7886
8345 8027 8918 7868
8349 8066 8883 7884
8610 8276 8726 7549
8307 8050 8915 7879
8585 8308 8697 7557
8307 8114 8884 7915
8300 8119 8885 7924
8282 8146 8855 7923
8303 8090 8908 7911
8286 8121 8851 7903
8272 8083 8910 7932
8412 8528 8303 7827
8252 8114 8879 7945
8569 8171 8771 7484
8374 8508 8272 7857
8547 8118 8809 7421
8400 8537 8549 7794
8401 8613 8404 7810
8300 8055 8916 7888
8303 8119 8859 7903
8334 8126 8857 7882
8335 8052 8906 7865
8545 8318 8805 7439
8339 8091 8871 7881
8352 8061 8866 7900
8348 8022 8901 7884
8384 8033 8862 7855
8388 8072 8827 7871
8375 8014 8840 7988
8368 8005 8862 7930
8389 7994 8835 7907
8560 8228 8778 7386
8519 8484 8487 7798
8425 8040 8760 7932
8556 8345 8719 7480
8383 8018 8777 7959
8414 8025 8775 7938
8380 7954 8834 7944
8563 8318 8710 7514
8578 8356 8700 7384
8585 8313 8702 7341
8401 8523 8576 7744
8390 8004 8821 7962
8617 8320 8665 7411
8361 8076 8810 7921
8346 8086 8829 7947
8299 8024 8889 7978
8593 8361 8645 7539
8336 7952 8883 7991
8567 8387 8666 7494
8332 7966 8870 8014
8559 8348 8711 7479
8506 8324 8767 7516
8529 8325 8769 7359
8282 8035 8833 8014
8561 8402 8655 7369
8330 8095 8856 7993
8343 8087 8842 7974
8295 8027 8819 7995
8322 8059 8821 7994
8291 8052 8823 8015
8280 8075 8777 8017
8287 8019 8791 8017
8284 8019 8817 8038
8581 8307 8710 7567
8238 7958 8869 8049
8269 7965 8867 8028
8317 7957 8943 7978
8490 8341 8763 7352
8266 7964 8871 7986
8562 8383 8703 7502
8419 8446 8594 7777
8519 8302 8726 7592
8391 8471 8587 7808
8317 7893 8974 7942
8529 8316 8735 7501
8387 8513 8515 7799
8351 7964 8915 7936
8299 7904 8975 7944
8290 7959 8916 7965
8378 8427 8586 7902
8319 7893 8917 7968
8408 8456 8551 7860
8316 7893 8943 7989
8320 7879 8956 7966
8322 7897 8923 7948
8567 8228 8773 7304
8340 7861 8925 7924
8552 8238 8792 7330
8395 8424 8580 7919
8377 7917 8886 7905
8521 8167 8825 7315
8421 7882 8900 7916
8581 8172 8793 7333
8455 7918 8817 7897
8318 8452 8641 7914
8442 7876 8918 7893
8427 7932 8848 7883
8630 8157 8762 7305
8614 8212 8731 7317
8667 8214 8690 7392
8442 7924 8855 7930
8411 8414 8552 7883
8390 7924 8824 7939
8662 8210 8727 7400
8405 8479 8555 7812
8427 7980 8785 7920
8646 8120 8775 7293
8400 8430 8652 7821
8396 7973 8787 7941
8624 8130 8779 7278
8424 8034 8785 7883
8639 8102 8789 7297
8503 8483 8489 7800
8435 7959 8776 7902
8440 7976 8814 7887
8429 8051 8823 7868
8392 7995 8862 7887
8645 8086 8773 7333
8401 8061 8824 7873
8380 8069 8849 7858
8637 8094 8790 7339
8383 8110 8821 7852
8614 8089 8769 7446
8436 8096 8810 7827
8561 8023 8830 7418
8390 8035 8862 7838
8596 8166 8776 7401
8570 8098 8819 7436
8396 8072 8822 7847
8420 8108 8838 7829
8323 8578 8593 7777
8385 8059 8865 7828
8402 8064 8836 7834
8429 8096 8838 7833
8411 8573 8563 7762
8433 8074 8844 7819
8437 8113 8809 7835
8444 8057 8823 7835
8454 8586 8494 7758
8452 8054 8802 7852
8479 8086 8804 7851
8534 8044 8820 7825
8503 8058 8804 7814
8677 8200 8708 7374
8484 8056 8813 7821
8742 8099 8699 7413
8453 7985 8846 7806
8703 8165 8678 7298
8696 8147 8724 7289
8509 8024 8842 7813
8531 8048 8834 7808
8727 8203 8647 7390
8366 8600 8342 7830
8534 8048 8808 7787
8680 8157 8726 7438
8507 8012 8818 7826
8674 8112 8734 7267
8673 8173 8730 7291
8667 8126 8766 7317
8685 8037 8725 7286
8541 8037 8822 7782
8707 8140 8712 7442
8545 8076 8787 7798
8507 8061 8806 7783
8635 8129 8765 7282
8599 8086 8795 7290
8539 8137 8719 7753
8699 8126 8713 7282
8524 8147 8738 7779
8703 8179 8671 7436
8493 8140 8740 7800
8485 8148 8754 7814
8464 8106 8799 7800
8495 8113 8797 7779
8502 8057 8811 7779
8548 8118 8759 7768
8520 8082 8784 7776
8541 8124 8739 7790
8639 8168 8730 7298
8549 8116 8725 7776
8585 8127 8686 7747
8581 8088 8721 7731
8643 8141 8754 7313
8566 8098 8740 7757
8563 8063 8748 7734
8572 8029 8760 7712
8638 8091 8791 7266
8572 8093 8729 7748
8585 8104 8710 7788
8568 8107 8716 7771
8720 8158 8663 7420
8616 8111 8708 7767
8672 8130 8729 7309
8575 8057 8739 7734
8571 8071 8726 7757
8650 8026 8767 7289
8587 7983 8752 7763
8642 8021 8808 7255
8596 8049 8714 7749
8642 8085 8777 7291
8633 8055 8825 7323
8567 7918 8762 7691
8645 8056 8800 7278
8617 7921 8701 7707
8626 8024 8850 7220
8654 7977 8662 7688
8630 8063 8815 7236
8627 7954 8631 7723
8602 8057 8813 7299
8618 7988 8619 7745
8623 8099 8768 7313
8609 7962 8603 7798
8601 8076 8580 7813
8606 8023 8823 7324
8578 7955 8605 7819
8641 8014 8608 7795
8629 7940 8609 7736
8632 8083 8578 7792
8672 8066 8760 7273
8599 7997 8560 7833
8613 7980 8536 7837
8563 7852 8539 7853
8521 7956 8606 7876
8499 7935 8630 7915
8327 8418 8653 7892
8491 7940 8614 7880
8718 8213 8634 7308
8473 7920 8649 7921
8680 8198 8653 7293
8273 8381 8701 7897
8444 7986 8648 7918
8680 8262 8622 7329
8277 8420 8666 7913
8480 8003 8658 7914
8693 8238 8648 7388
8327 8376 8692 7924
8714 8230 8623 7403
8276 8415 8665 7940
8485 7955 8620 7914
8687 8207 8592 7438
8453 7968 8664 7910
8718 8214 8590 7417
8474 8010 8619 7924
8669 8181 8670 7512
8685 8159 8696 7473
8449 7982 8651 7933
8296 8305 8725 7909
8437 7949 8653 7916
8291 8379 8693 7937
8483 8010 8601 7905
8245 8344 8698 7925
8494 7955 8602 7895
8238 8400 8684 7925
8506 7988 8600 7912
8631 8149 8695 7476
8242 8439 8649 7941
8460 7927 8652 7923
8449 7932 8691 7899
8211 8432 8651 7962
8633 8184 8726 7433
8238 8464 8653 7961
8633 8229 8676 7466
8256 8428 8655 7937
8253 8428 8681 7958
8545 7963 8575 7874
8253 8364 8712 7922
8543 7981 8538 7883
8246 8360 8716 7876
8280 8431 8657 7870
8536 7946 8587 7850
8284 8417 8670 7847
8561 7930 8561 7838
8657 8217 8635 7415
8652 8213 8672 7423
8648 8174 8707 7407
8573 7883 8576 7836
8644 8190 8728 7428
8539 7812 8635 7842
8555 7939 8532 7847
8238 8574 8681 7840
8258 8504 8525 7874
8575 8059 8520 7888
8213 8513 8519 7854
8275 8501 8519 7891
8536 7947 8586 7830
8232 8542 8465 7844
8304 8478 8529 7873
8357 8498 8558 7871
8626 7898 8629 7800
8189 8473 8549 7892
8580 7837 8681 7811
8176 8503 8554 7873
8573 7893 8667 7811
8560 8201 8786 7517
8167 8505 8564 7875
8575 7891 8662 7804
8594 8164 8766 7433
8204 8509 8547 7887
8555 8101 8813 7432
8168 8545 8508 7879
8172 8531 8521 7856
8544 8099 8808 7515
8216 8508 8514 7854
8551 7984 8535 7842
8533 7964 8566 7865
8261 8523 8457 7862
8307 8584 8405 7851
8490 7949 8608 7897
8279 8523 8407 7909
8275 8537 8394 7932
8238 8491 8450 7965
8269 8492 8472 7937
8512 7974 8540 7904
8501 7997 8494 7906
8515 7997 8467 7908
8548 8027 8518 7889
8609 8087 8470 7860
8328 8472 8456 7890
8600 7936 8486 7856
8550 7933 8547 7840
8581 8004 8514 7855
8401 8448 8423 7949
8265 8433 8364 7970
8528 7999 8552 7866
8529 7925 8601 7849
8591 8283 8701 7539
8287 8422 8441 8048
8287 8458 8296 7977
8579 8034 8516 7868
8227 8433 8436 8030
8259 8494 8281 7968
8563 8026 8522 7871
8262 8494 8255 7947
8567 8016 8562 7837
8298 8505 8216 7918
8594 8033 8520 7850
8610 8341 8662 7477
8300 8504 8291 7908
8609 8023 8501 7824
8310 8475 8374 7937
8328 8468 8306 7917
8602 8073 8476 7824
8587 8083 8495 7850
8554 8300 8675 7571
8352 8517 8287 7887
8566 8041 8540 7836
8447 8481 8494 7840
8597 8048 8538 7815
8343 8514 8393 7898
8563 7977 8597 7821
8284 8483 8450 7890
8578 8292 8731 7348
8327 8540 8287 7861
8586 7948 8534 7838
8308 8535 8418 7858
8617 7966 8549 7814
8620 8288 8689 7382
8645 8053 8573 7811
8618 8214 8696 7350
8627 8288 8668 7504
8356 8548 8237 7845
8694 8093 8433 7744
8701 8019 8576 7813
8375 8511 8248 7832
8642 8350 8638 7468
8437 8473 8298 7911
8691 8084 8570 7767
8420 8372 8308 7947
8611 8169 8511 7807
8580 8162 8513 7828
8620 8156 8745 7493
8382 8389 8347 7955
8402 8368 8317 7938
8618 8188 8509 7784
8620 8254 8656 7581
8593 8145 8548 7793
8603 8198 8528 7810
8563 8205 8512 7809
8417 8323 8372 7969
8574 8238 8478 7806
8587 8208 8473 7825
8411 8373 8304 7946
8633 8205 8452 7778
8640 8338 8629 7501
8618 8215 8471 7804
8361 8326 8343 7980
8584 8144 8530 7810
8588 8183 8495 7826
8368 8400 8339 7973
8548 8133 8569 7839
8582 8204 8510 7833
8396 8336 8292 7965
8423 8368 8294 7964
8432 8313 8353 7943
8576 8166 8526 7811
8622 8227 8474 7800
8377 8307 8346 7975
8364 8337 8351 7956
8343 8331 8423 7978
8608 8135 8529 7767
8614 8074 8612 7769
8618 8113 8577 7785
8587 8042 8610 7770
8587 8106 8579 7806
8603 8325 8630 7546
8590 8151 8589 7794
8569 8109 8634 7780
8551 8273 8644 7637
8301 8379 8419 8063
8657 7972 8583 7739
8563 8222 8703 7597
8635 8118 8567 7765
8584 8264 8658 7611
8640 8093 8563 7693
8566 8227 8696 7601
8616 8230 8635 7617
8647 8037 8577 7693
8595 8188 8680 7603
8587 8196 8694 7617
8631 8079 8602 7749
8574 8193 8708 7592
8641 8103 8561 7731
8613 8215 8667 7510
8656 8128 8502 7738
8632 8236 8677 7428
8623 8231 8690 7420
8635 8223 8565 7733
8656 8231 8667 7483
8583 8157 8562 7774
8691 8261 8593 7416
8629 8218 8510 7763
8655 8254 8647 7476
8614 8164 8560 7753
8636 8149 8614 7716
8601 8152 8624 7739
8648 8160 8710 7440
8579 8167 8570 7776
8596 8156 8626 7740
8617 8146 8776 7420
8630 8227 8567 7734
8631 8153 8616 7717
8316 8353 8531 7938
8624 8201 8571 7722
8586 8186 8590 7707
8572 8081 8771 7460
8586 8250 8559 7743
8553 8124 8769 7529
8593 8269 8602 7671
8534 8086 8800 7531
8552 8123 8762 7541
8334 8365 8411 8000
8307 8373 8403 7976
8525 8308 8651 7652
8296 8396 8357 7978
8525 8244 8682 7616
8307 8373 8328 8047
8563 8259 8663 7631
8296 8314 8458 8032
8532 8188 8696 7616
8258 8378 8356 8099
8532 8252 8665 7652
8539 8075 8812 7442
8281 8324 8477 8058
8526 8304 8689 7602
8295 8316 8426 8107
8520 8229 8734 7577
8585 8014 8789 7512
8257 8346 8394 8105
8515 8298 8712 7659
8554 7943 8822 7497
8561 8000 8809 7497
8305 8248 8391 8091
8547 8063 8777 7533
8510 8357 8667 7613
8526 8240 8720 7566
8549 8039 8802 7471
8559 8089 8789 7489
8508 8340 8680 7632
8487 8288 8729 7621
8478 8343 8670 7642
8541 8135 8796 7492
8469 8374 8675 7700
8552 8137 8807 7469
8543 8454 8625 7573
8534 8100 8845 7459
8520 8531 8639 7645
8432 8573 8576 7615
8457 8490 8573 7738
8540 8128 8805 7475
8516 8541 8567 7606
8546 8041 8846 7457
8542 8055 8833 7480
8524 8018 8871 7470
8411 8509 8594 7726
8528 8057 8836 7486
8535 8001 8850 7486
8468 8539 8552 7731
8581 8035 8816 7495
8466 8545 8536 7745
8599 7973 8787 7454
8329 8224 8404 8061
8592 8029 8773 7454
8607 8061 8757 7486
8628 8050 8730 7463
8432 8503 8600 7708
8597 8011 8770 7468
8569 8002 8818 7478
8550 7964 8849 7480
8265 8351 8353 8139
8462 8494 8630 7736
8284 8287 8317 8194
8596 8025 8797 7469
8294 8092 8312 8113
8578 7991 8775 7528
8312 8259 8292 8089
8580 7989 8770 7521
8518 8491 8610 7653
8614 8060 8711 7515
8625 8054 8769 7445
8627 8145 8721 7466
8258 8066 8375 8125
8509 8509 8743 7525
8640 8060 8718 7484
8265 8010 8389 8125
8464 8563 8592 7568
8654 8088 8729 7458
8257 8005 8430 8091
8252 8174 8450 8075
8310 8084 8496 8035
8641 8137 8699 7511
8700 8149 8677 7447
8321 8185 8481 8057
8549 8505 8554 7650
8307 8247 8453 8041
8624 8140 8705 7494
8647 8135 8744 7424
8669 8143 8701 7448
8335 8214 8451 8046
8677 8148 8660 7482
8547 8480 8636 7530
8645 8182 8683 7476
8658 8127 8694 7474
8665 8193 8646 7452
8704 8188 8642 7463
8679 8217 8571 7501
8353 8308 8401 8030
8673 8156 8666 7492
8615 8184 8688 7487
8622 8160 8726 7489
8618 8227 8679 7478
8352 8192 8479 8036
8359 8136 8493 8036
8631 8197 8674 7497
8380 8178 8448 8050
8651 8183 8680 7474
8363 8136 8451 8024
8397 8207 8392 8018
8365 8512 8615 7773
8670 8244 8628 7450
8366 8200 8394 8039
8688 8281 8590 7460
8412 8261 8342 8028
8668 8205 8584 7469
8391 8219 8387 8014
8709 8249 8547 7479
8422 8226 8385 7993
8724 8184 8534 7465
8439 8223 8379 8010
8678 8123 8586 7476
8460 8265 8334 8024
8699 8165 8541 7490
8426 8266 8304 8008
8709 8158 8574 7501
8409 8269 8310 7991
8678 8087 8607 7486
8388 8275 8292 8014
8412 8311 8308 7996
8724 8148 8555 7475
8372 8295 8282 8002
8728 8187 8520 7491
8389 8442 8294 7987
8315 8286 8376 8045
8435 8447 8604 7754
8713 8224 8543 7459
8682 8217 8545 7480
8504 8496 8548 7724
8724 8239 8528 7453
8759 8296 8508 7445
8711 8228 8547 7413
8696 8238 8566 7439
8336 8255 8389 8070
8701 8203 8580 7438
8483 8362 8692 7640
8429 8396 8654 7720
8429 8439 8657 7693
8728 8163 8622 7454
8477 8484 8611 7710
8682 8094 8731 7395
8449 8359 8686 7697
8277 8297 8556 8071
8419 8318 8674 7754
8306 8292 8506 8050
8415 8332 8661 7777
8332 8215 8482 8033
8428 8302 8656 7796
8360 8224 8434 8023
8372 8286 8352 7996
8347 8318 8323 8004
8316 8311 8325 8025
8478 8386 8591 7767
8337 8353 8280 8039
8704 8105 8720 7419
8336 8363 8262 8020
8669 8108 8730 7442
8310 8373 8302 8026
8669 8117 8701 7476
8293 8357 8355 8076
8478 8438 8569 7808
8638 8110 8703 7497
8642 8149 8668 7513
8310 8306 8302 8066
8634 8207 8675 7488
8630 8168 8710 7472
8279 8346 8272 8148
8297 8300 8263 8142
8318 8261 8228 8069
8329 8186 8219 8088
8466 8394 8547 7833
8315 8187 8355 8090
8608 8269 8747 7549
8306 8242 8296 8111
8592 8252 8711 7557
8484 8391 8556 7751
8550 8236 8743 7552
8311 8324 8290 8115
8298 8375 8218 8138
8269 8370 8220 8068
8570 8270 8755 7509
8271 8311 8291 8135
8495 8330 8709 7586
8252 8314 8270 8149
8494 8370 8693 7569
8489 8486 8711 7569
8585 8387 8631 7569
8455 8477 8545 7777
8272 8261 8337 8114
8257 8271 8356 8140
8208 8343 8425 8126
8534 8451 8604 7640
8241 8339 8358 8118
8499 8448 8562 7745
8252 8365 8461 8056
8617 8490 8500 7548
8245 8413 8416 8061
8429 8422 8599 7787
8241 8374 8451 8045
8306 8310 8484 8037
8405 8486 8556 7779
8235 8311 8458 8089
8239 8350 8423 8105
8353 8459 8593 7855
8230 8289 8525 8094
8421 8491 8565 7769
8195 8373 8430 8107
8203 8365 8416 8093
8234 8372 8414 8072
8544 8445 8644 7507
8195 8422 8465 8058
8192 8440 8425 8074
8198 8450 8439 8069
8505 8449 8605 7707
8223 8394 8471 8014
8226 8429 8463 8037
8195 8404 8535 8041
8231 8433 8426 8029
8202 8436 8452 8046
8209 8395 8440 8059
8255 8456 8388 8048
8470 8320 8638 7795
8239 8511 8375 8047
8506 8392 8576 7745
8537 8464 8578 7588
8252 8464 8356 8011
8481 8386 8565 7746
8265 8434 8351 8030
8208 8440 8408 8032
8449 8440 8569 7774
8236 8446 8410 7969
8436 8481 8546 7743
8221 8456 8429 7995
8572 8406 8647 7588
8189 8469 8473 7991
8552 8433 8584 7545
8179 8504 8430 8026
8518 8389 8660 7582
8158 8462 8475 8012
8396 8519 8613 7752
8522 8401 8654 7592
8517 8358 8670 7558
8198 8468 8491 7981
8551 8429 8611 7552
8221 8491 8461 7960
8183 8427 8492 7988
8170 8457 8497 7969
8180 8507 8484 7987
8362 8448 8672 7758
8163 8529 8463 7912
8366 8487 8637 7774
8586 8409 8600 7544
8138 8510 8470 7937
8352 8425 8688 7804
8117 8518 8495 7922
8335 8480 8639 7795
8146 8515 8469 7905
8331 8441 8674 7779
8227 8497 8527 7895
8113 8524 8476 7914
8367 8452 8635 7750
8570 8333 8681 7559
8124 8555 8480 7900
8371 8491 8600 7766
8388 8436 8649 7775
8557 8298 8699 7598
8258 8548 8418 7910
8409 8467 8632 7823
8297 8503 8451 7885
8405 8403 8647 7729
8509 8230 8738 7566
8540 8301 8705 7581
8277 8555 8416 7833
8429 8503 8626 7729
8536 8262 8740 7565
8304 8498 8493 7874
8378 8512 8439 7817
8585 8323 8662 7533
8313 8482 8475 7916
8469 8454 8576 7712
8539 8326 8683 7580
8505 8385 8636 7671
8543 8351 8650 7512
8564 8280 8714 7488
8531 8422 8568 7720
8589 8412 8598 7501
8346 8512 8421 7847
8582 8377 8647 7468
8483 8300 8658 7733
8567 8323 8697 7458
8279 8483 8445 7900
8462 8371 8594 7757
8325 8544 8393 7889
8473 8365 8652 7687
8563 8387 8676 7495
8317 8468 8488 7893
8532 8351 8727 7524
8522 8274 8778 7486
8445 8401 8604 7758
8553 8310 8727 7457
8572 8325 8729 7454
8248 8489 8502 7910
8424 8377 8644 7739
8561 8334 8719 7443
8435 8383 8635 7718
8562 8270 8770 7444
8230 8487 8420 7968
8574 8326 8705 7424
8261 8494 8418 7947
8594 8294 8694 7449
8274 8464 8413 7966
8573 8302 8719 7434
8566 8358 8705 7434
8253 8481 8431 7939
8466 8483 8553 7725
8517 8297 8783 7466
8498 8282 8781 7469
8204 8420 8509 7971
8552 8353 8756 7472
8155 8452 8496 7971
8189 8523 8437 7965
8342 8461 8643 7828
8528 8329 8749 7475
8200 8517 8495 7895
8218 8554 8457 7905
8406 8483 8528 7805
8197 8512 8502 7891
8458 8435 8555 7834
8550 8237 8772 7427
8177 8477 8545 7888
8546 8251 8759 7450
8223 8538 8493 7877
8219 8499 8528 7861
8495 8260 8787 7467
8174 8468 8535 7944
8170 8482 8522 7967
8177 8426 8536 7967
8521 8282 8789 7457
8216 8493 8464 7978
8539 8315 8744 7540
8227 8438 8465 7968
8511 8214 8780 7510
8220 8494 8451 7968
8542 8285 8747 7525
8174 8433 8503 7979
8488 8209 8786 7492
8357 8360 8676 7797
8521 8291 8729 7548
8321 8419 8688 7814
8514 8347 8715 7548
8143 8377 8587 7998
8334 8435 8649 7814
8515 8351 8688 7541
8295 8433 8643 7846
8536 8280 8752 7517
8303 8459 8637 7860
8146 8425 8530 7993
8329 8444 8579 7858
8496 8245 8768 7516
8218 8408 8545 8016
8492 8206 8803 7500
8149 8421 8516 8010
8373 8500 8583 7763
8491 8280 8754 7517
8484 8245 8803 7484
8193 8421 8491 7991
8515 8316 8770 7499
8219 8415 8504 8015
8361 8417 8659 7772
8512 8281 8778 7476
8186 8427 8471 8015
8389 8478 8657 7714
8516 8320 8743 7492
8485 8299 8782 7453
8173 8435 8485 8034
8431 8407 8648 7662
8518 8423 8673 7475
8204 8471 8434 8005
8455 8486 8671 7640
8468 8467 8668 7579
8427 8388 8702 7605
8423 8402 8689 7628
8422 8419 8773 7612
8416 8529 8690 7652
8179 8347 8584 7982
8489 8460 8672 7630
8210 8418 8551 7997
8177 8349 8589 7989
8418 8459 8705 7635
8223 8410 8537 7978
8414 8516 8740 7603
8231 8415 8496 8012
8185 8354 8548 8023
8445 8523 8738 7582
8182 8354 8574 8044
8211 8288 8575 8047
8232 8330 8530 8061
8256 8255 8601 8057
8236 8287 8612 8032
8229 8343 8598 8032
8240 8268 8589 8051
8268 8329 8587 7993
8276 8355 8581 8007
8271 8389 8512 7959
8279 8379 8506 7978
8276 8379 8532 7999
8234 8314 8507 8054
8258 8350 8523 8036
8539 8511 8526 7618
8219 8312 8479 8096
8493 8567 8515 7701
8179 8296 8453 8102
8549 8561 8513 7636
8166 8326 8458 8083
8216 8352 8414 8083
8237 8386 8381 8084
8258 8428 8336 8098
8189 8409 8310 8117
8192 8450 8282 8111
8531 8546 8516 7707
8155 8394 8321 8130
8563 8523 8394 7660
8183 8455 8319 8072
8249 8423 8349 8090
8513 8581 8535 7637
8270 8441 8307 8045
8583 8623 8317 7540
8242 8380 8309 8103
8499 8654 8370 7631
8468 8588 8559 7500
8508 8613 8509 7660
8212 8367 8388 8109
8427 8697 8478 7540
8228 8381 8394 8076
8256 8447 8356 8038
8456 8665 8341 7649
8282 8432 8298 8036
8322 8443 8328 7994
8484 8651 8443 7736
8325 8430 8343 7977
8450 8628 8520 7589
8473 8623 8551 7441
8473 8665 8342 7444
8349 8466 8359 7959
8314 8477 8285 7967
8451 8645 8458 7741
8436 8593 8594 7533
8350 8449 8336 7952
8371 8441 8311 7967
8349 8426 8268 7993
8395 8728 8592 7542
8386 8482 8229 7974
8407 8471 8202 7951
8398 8505 8190 7973
8396 8474 8196 7937
8381 8484 8215 7963
8396 8455 8240 7970
8387 8450 8253 7962
8402 8440 8234 7936
8407 8432 8286 7968
8443 8412 8381 7913
8458 8402 8362 7887
8462 8441 8327 7903
8447 8378 8431 7889
8467 8472 8447 7845
8428 8460 8301 7849
8517 8532 8577 7610
8471 8546 8560 7523
8443 8537 8608 7533
8430 8643 8631 7672
8372 8570 8292 7837
8399 8636 8633 7693
8403 8621 8646 7548
8434 8634 8549 7623
8418 8692 8491 7532
8415 8696 8581 7567
8405 8596 8268 7828
8374 8758 8481 7580
8344 8713 8564 7655
8339 8575 8387 7838
8275 8724 8608 7578
8313 8706 8566 7676
8298 8701 8610 7619
8332 8529 8401 7836
8354 8793 8546 7617
8367 8681 8504 7635
8315 8648 8511 7681
8377 8577 8388 7828
8402 8596 8381 7803
8382 8665 8668 7674
8334 8597 8707 7642
8406 8600 8397 7759
8386 8660 8607 7634
8399 8683 8413 7655
8407 8572 8726 7603
8371 8686 8663 7549
8393 8608 8666 7546
8378 8706 8301 7612
8391 8682 8327 7671
8422 8689 8325 7650
8311 8713 8604 7572
8520 8599 8517 7700
8368 8746 8603 7555
8423 8579 8496 7779
8438 8645 8543 7602
8448 8681 8544 7500
8399 8710 8565 7442
8385 8681 8454 7682
8479 8612 8621 7491
8352 8588 8512 7714
8506 8593 8540 7418
8526 8548 8543 7598
8334 8642 8468 7703
8573 8613 8449 7422
8523 8610 8510 7406
8508 8620 8529 7432
8527 8573 8592 7413
8505 8619 8533 7390
8483 8573 8617 7432
8529 8489 8633 7383
8279 8650 8497 7704
8302 8761 8565 7686
8565 8520 8555 7484
8474 8564 8637 7425
8333 8673 8484 7678
8420 8532 8662 7584
8423 8557 8665 7530
8396 8569 8695 7617
8419 8547 8682 7493
8433 8601 8534 7672
8423 8537 8588 7730
8415 8682 8466 7606
8469 8597 8493 7726
8472 8563 8540 7656
8431 8536 8598 7627
8461 8570 8550 7598
8436 8571 8550 7570
8366 8526 8751 7636
8334 8576 8720 7659
8394 8573 8728 7646
8462 8565 8582 7568
8505 8545 8567 7690
8525 8483 8576 7491
8566 8446 8604 7467
8618 8506 8544 7459
8584 8435 8603 7465
8575 8490 8544 7486
8578 8490 8518 7465
8591 8536 8516 7598
8604 8459 8583 7514
8629 8467 8499 7426
8623 8528 8416 7424
8644 8457 8480 7400
8647 8457 8493 7391
8634 8471 8462 7418
8649 8461 8443 7392
8628 8532 8379 7416
8612 8532 8442 7600
8563 8587 8417 7442
8530 8550 8528 7530
8568 8567 8416 7443
8553 8544 8519 7666
8616 8468 8588 7401
8602 8528 8528 7404
8577 8487 8559 7342
8580 8522 8551 7365
8559 8480 8596 7351
8546 8504 8570 7292
8552 8489 8564 7258
8550 8491 8569 7265
8567 8488 8563 7282
8613 8549 8511 7271
8579 8550 8481 7255
8600 8592 8436 7269
8556 8592 8461 7288
8549 8592 8496 7608
8562 8641 8424 7290
8512 8633 8436 7331
8525 8609 8462 7390
8556 8616 8460 7369
8525 8427 8671 7412
8585 8432 8639 7430
8582 8397 8647 7407
8585 8461 8590 7422
8621 8472 8551 7393
8657 8422 8536 7356
8624 8379 8603 7533
8611 8409 8608 7514
8663 8392 8593 7482
8665 8329 8630 7327
8617 8365 8609 7497
8675 8430 8510 7377
8690 8420 8491 7351
8693 8455 8483 7374
8633 8450 8515 7356
8637 8489 8480 7372
8640 8447 8481 7395
8673 8403 8505 7419
8712 8431 8486 7468
8674 8444 8464 7422
8709 8396 8494 7445
8621 8401 8522 7588
8630 8397 8563 7532
8672 8434 8449 7610
8638 8431 8456 7527
8654 8514 8402 7480
8650 8475 8437 7464
8635 8485 8456 7490
8595 8489 8543 7539
8600 8493 8506 7531
8561 8418 8602 7545
8565 8457 8567 7561
8586 8386 8631 7537
8573 8402 8607 7542
8617 8429 8578 7533
8625 8348 8648 7527
8661 8359 8609 7498
8664 8331 8607 7387
8670 8316 8601 7353
8701 8387 8568 7368
8638 8376 8618 7350
8623 8386 8637 7376
8589 8315 8696 7382
8593 8354 8661 7398
8653 8264 8624 7440
8651 8326 8627 7508
8665 8320 8586 7424
8645 8333 8581 7507
8612 8289 8664 7522
8606 8304 8670 7556
8609 8304 8644 7535
8596 8326 8622 7538
8581 8336 8641 7564
8518 8325 8691 7546
8524 8374 8654 7548
8551 8373 8584 7669
8533 8396 8615 7616
8561 8454 8544 7698
8548 8386 8596 7590
8485 8345 8693 7611
8504 8354 8667 7655
8527 8383 8603 7704
8517 8302 8643 7675
8568 8669 8333 7592
8495 8615 8405 7615
8488 8663 8360 7620
8503 8570 8538 7635
8500 8539 8518 7728
8523 8593 8405 7688
8492 8586 8407 7709
8500 8536 8370 7738
8497 8593 8380 7754
8466 8586 8382 7775
8503 8532 8463 7756
8461 8548 8419 7779
8409 8548 8388 7788
8406 8548 8414 7809
8409 8519 8437 7796
8431 8529 8551 7750
8414 8575 8514 7742
8542 8469 8448 7723
8530 8462 8464 7751
8556 8415 8503 7847
8516 8449 8495 7775
8442 8368 8598 7823
8469 8378 8565 7820
8514 8389 8548 7816
8446 8407 8563 7839
8448 8369 8574 7836
8500 8444 8521 7773
8482 8407 8559 7763
8485 8438 8564 7726
8447 8411 8581 7738
8477 8507 8526 7752
8468 8441 8564 7766
8507 8455 8539 7717
8492 8465 8558 7743
8492 8415 8552 7767
8488 8429 8539 7790
8471 8458 8460 7822
8502 8465 8458 7801
8458 8371 8586 7798
8416 8397 8585 7851
8415 8400 8565 7860
8347 8420 8588 7923
8408 8440 8541 7919
8419 8385 8542 7909
8402 8335 8596 7853
8433 8406 8563 7868
8395 8391 8582 7853
8395 8455 8551 7889
8364 8442 8572 7871
8391 8410 8605 7834
8395 8449 8570 7850
8450 8468 8526 7845
8446 8429 8561 7829
8504 8424 8505 7851
8454 8448 8549 7834
8448 8458 8502 7849
8427 8416 8547 7835
8451 8438 8580 7761
8511 8443 8548 7779
8483 8382 8550 7837
8454 8384 8580 7798
8480 8318 8607 7822
8460 8330 8572 7835
8464 8317 8578 7835
8484 8305 8613 7822
8518 8376 8554 7816
8487 8369 8556 7837
8508 8411 8511 7851
8525 8408 8505 7868
8513 8345 8527 7823
8510 8345 8553 7844
8482 8309 8578 7852
8475 8365 8564 7852
8507 8305 8547 7855
8535 8341 8522 7847
8539 8337 8445 7891
8518 8295 8490 7877
8489 8361 8489 7874
8477 8305 8540 7903
8424 8273 8610 7917
8460 8284 8571 7888
8515 8284 8576 7858
8491 8248 8560 7876
8537 8309 8508 7865
8478 8241 8596 7842
8463 8251 8615 7868
8442 8259 8640 7853
8463 8301 8595 7867
8484 8320 8611 7797
8520 8331 8572 7768
8526 8316 8566 7734
8576 8319 8505 7750
8583 8263 8519 7750
8572 8286 8473 7752
8585 8278 8459 7733
8609 8271 8415 7690
8658 8383 8475 7602
8624 8471 8494 7639
8618 8510 8381 7575
8546 8502 8478 7699
8576 8444 8525 7672
8601 8353 8519 7606
8602 8292 8526 7572
8596 8307 8532 7606
8563 8385 8605 7643
8536 8349 8615 7682
8566 8352 8583 7614
8577 8346 8641 7544
8437 8549 8628 7557
8538 8526 8522 7516
8542 8615 8427 7597
8554 8494 8464 7685
8658 8514 8341 7583
8634 8482 8400 7597
8619 8476 8456 7600
8628 8484 8450 7542
8637 8489 8437 7550
8649 8472 8381 7571
8663 8429 8462 7602
8664 8448 8380 7573
8711 8384 8332 7563
8706 8384 8437 7573
8697 8392 8460 7626
8641 8363 8482 7595
8678 8419 8443 7576
8609 8374 8436 7657
8613 8318 8476 7678
8664 8351 8457 7636
8659 8328 8491 7654
8627 8437 8408 7652
8638 8382 8409 7642
8635 8463 8362 7574
8599 8469 8462 7662
8608 8510 8490 7619
8639 8396 8478 7530
8664 8331 8495 7521
8698 8402 8436 7515
8678 8360 8545 7474
8685 8395 8496 7507
8682 8360 8504 7484
8686 8399 8469 7500
8658 8393 8467 7563
8694 8404 8428 7534
8704 8496 8404 7544
8717 8372 8391 7538
8763 8433 8339 7527
8742 8391 8384 7513
8733 8493 8378 7527
8745 8355 8385 7480
8764 8384 8331 7470
8754 8300 8444 7459
8758 8339 8409 7475
8713 8391 8460 7476
8747 8364 8397 7464
8711 8353 8436 7493
8738 8385 8438 7492
8707 8378 8440 7513
8743 8389 8401 7484
8730 8458 8386 7504
8742 8399 8383 7465
8693 8338 8461 7497
8710 8327 8517 7461
8744 8398 8458 7455
8713 8327 8491 7440
8702 8414 8414 7478
8722 8506 8382 7495
8686 8495 8421 7524
8665 8500 8433 7516
8707 8537 8376 7538
8636 8587 8322 7629
8592 8540 8329 7555
8620 8543 8327 7465
8611 8538 8340 7457
8584 8575 8341 7499
8566 8538 8379 7489
8559 8586 8334 7494
8555 8547 8369 7478
8558 8582 8361 7501
8573 8572 8342 7475
8587 8559 8338 7503
8572 8569 8357 7529
8573 8573 8330 7522
8558 8590 8341 7592
8543 8600 8360 7618
8586 8555 8335 7589
8649 8528 8292 7614
8646 8547 8299 7664
8664 8582 8242 7624
8658 8533 8279 7622
8654 8494 8314 7606
8642 8508 8334 7648
8632 8458 8347 7630
8627 8518 8353 7674
8628 8492 8353 7612
8642 8520 8336 7576
8680 8420 8441 7502
8665 8430 8460 7528
8701 8441 8421 7499
8672 8444 8447 7516
8676 8445 8434 7506
8702 8422 8411 7512
8715 8468 8405 7530
8684 8397 8438 7515
8722 8412 8419 7530
8680 8396 8451 7525
8684 8435 8416 7541
8639 8437 8431 7524
8670 8508 8398 7539
8642 8472 8423 7547
8669 8504 8425 7546
8578 8461 8501 7606
8582 8500 8466 7622
8553 8446 8492 7699
8515 8495 8480 7720
8534 8515 8573 7676
8480 8476 8571 7717
8484 8515 8536 7733
8463 8510 8598 7687
8502 8546 8524 7689
8524 8542 8520 7661
8520 8535 8548 7664
8489 8583 8538 7573
8462 8552 8561 7671
8435 8609 8559 7581
8450 8599 8540 7555
8444 8614 8546 7589
8427 8552 8578 7685
8434 8587 8522 7630
8428 8574 8534 7701
8458 8566 8548 7694
8425 8614 8469 7688
8438 8590 8495 7747
8394 8604 8480 7719
8356 8550 8561 7791
8325 8543 8563 7812
8371 8604 8511 7801
8382 8549 8512 7791
8413 8556 8510 7770
8367 8495 8562 7781
8394 8527 8564 7780
8401 8497 8575 7772
8366 8504 8564 7816
8373 8505 8547 7795
8360 8538 8526 7817
8355 8480 8574 7798
8401 8541 8522 7787
8422 8478 8585 7787
8466 8478 8560 7768
8456 8428 8573 7750
8419 8372 8612 7769
8416 8372 8638 7790
8395 8380 8663 7775
8339 8449 8662 7745
8301 8385 8693 7773
8310 8451 8655 7759
8349 8457 8651 7768
8372 8497 8714 7739
8390 8521 8594 7719
8411 8450 8658 7695
8396 8545 8580 7706
8399 8491 8580 7743
8396 8491 8606 7764
8427 8462 8588 7765
8442 8452 8569 7739
8476 8523 8510 7733
8445 8516 8512 7754
8472 8508 8520 7778
8420 8508 8489 7787
8451 8515 8487 7766
8422 8478 8604 7742
8503 8445 8616 7694
8487 8420 8643 7638
8492 8478 8595 7657
8465 8510 8562 7694
8465 8508 8588 7697
8469 8547 8553 7713
8494 8513 8576 7658
8534 8422 8542 7699
8580 8483 8490 7688
8529 8378 8633 7685
8563 8449 8574 7679
8554 8419 8593 7665
8558 8458 8558 7681
8527 8387 8591 7666
8527 8451 8560 7702
8514 8481 8565 7683
8507 8483 8571 7677
8538 8490 8569 7656
8553 8480 8550 7630
8568 8505 8491 7637
8564 8466 8526 7621
8608 8446 8521 7583
8593 8464 8496 7660
8560 8465 8549 7583
8531 8531 8548 7580
8482 8565 8551 7607
8542 8506 8550 7589
8527 8481 8609 7582
8518 8536 8550 7603
8533 8526 8531 7577
8536 8561 8523 7600
8532 8522 8558 7584
8461 8566 8574 7608
8522 8509 8578 7582
8526 8484 8574 7562
8489 8524 8641 7666
8467 8482 8653 7621
8498 8489 8651 7600
8471 8507 8655 7577
8455 8503 8748 7510
8419 8525 8674 7510
8380 8562 8864 7573
8396 8522 8781 7576
8426 8540 8688 7423
8462 8532 8701 7435
8453 8505 8802 7520
8424 8482 8808 7534
8427 8525 8713 7435
8485 8396 8747 7380
8519 8435 8668 7439
8524 8443 8658 7321
8484 8528 8648 7394
8417 8552 8736 7531
8457 8608 8646 7481
8457 8564 8637 7488
8470 8512 8671 7496
8436 8549 8656 7410
8421 8559 8675 7436
8425 8488 8826 7529
8463 8544 8654 7421
8489 8558 8611 7398
8472 8598 8627 7455
8493 8597 8576 7414
8508 8542 8604 7429
8499 8537 8617 7421
8545 8598 8565 7410
8454 8539 8663 7338
8458 8578 8628 7354
8431 8572 8658 7466
8476 8633 8574 7406
8464 8628 8598 7490
8461 8536 8663 7518
8434 8566 8653 7459
8430 8566 8663 7460
8437 8476 8784 7530
8488 8537 8644 7493
8428 8532 8676 7475
8422 8606 8672 7512
8325 8627 8674 7687
8327 8725 8623 7464
8274 8695 8641 7511
8266 8745 8649 7606
8285 8805 8551 7500
8264 8677 8708 7612
8277 8695 8615 7490
8276 8704 8643 7444
8292 8741 8609 7449
8306 8679 8665 7427
8291 8750 8637 7403
8268 8716 8673 7628
8267 8738 8631 7466
8282 8728 8612 7440
8337 8715 8614 7398
8322 8647 8726 7519
8334 8603 8814 7542
8411 8639 8694 7484
8270 8657 8700 7420
8223 8645 8733 7611
8231 8570 8758 7701
8192 8609 8784 7640
8265 8568 8759 7625
8296 8566 8753 7654
8270 8572 8757 7677
8223 8709 8702 7647
8195 8673 8727 7655
8242 8754 8602 7543
8267 8749 8622 7599
8257 8725 8663 7617
8241 8629 8674 7701
8247 8708 8631 7650
8219 8702 8629 7713
8255 8713 8590 7684
8335 8688 8649 7572
8226 8680 8725 7634
8185 8657 8739 7645
8182 8622 8747 7622
8171 8628 8689 7692
8330 8577 8725 7695
8315 8626 8711 7716
8161 8613 8666 7728
8212 8598 8659 7761
8227 8652 8609 7771
8276 8546 8667 7744
8344 8533 8699 7730
8269 8581 8679 7819
8296 8597 8612 7734
8235 8663 8636 7702
8294 8584 8756 7702
8241 8594 8717 7683
8231 8506 8789 7665
8318 8515 8819 7640
8225 8531 8780 7632
8337 8522 8720 7696
8345 8597 8687 7660
8307 8500 8714 7697
8332 8571 8688 7687
8333 8555 8697 7711
8254 8556 8738 7812
8276 8546 8715 7710
8327 8573 8751 7633
8332 8577 8714 7625
8411 8547 8722 7583
8358 8499 8879 7508
8428 8401 8842 7470
8397 8330 8875 7455
8396 8450 8891 7487
8390 8450 8830 7491
8347 8493 8902 7565
8369 8400 8894 7436
8327 8428 8912 7493
8358 8435 8910 7472
8365 8379 8924 7472
8368 8414 8916 7495
8308 8409 8948 7477
8339 8480 8915 7492
8354 8470 8896 7466
8387 8469 8843 7543
8375 8388 8895 7483
8360 8398 8914 7509
8333 8366 8912 7510
8330 8366 8938 7531
8359 8300 8939 7534
8352 8356 8925 7534
8321 8349 8927 7555
8357 8360 8888 7526
8387 8392 8864 7504
8394 8417 8859 7514
8433 8413 8831 7542
8440 8478 8807 7503
8395 8448 8797 7588
8384 8442 8820 7645
8350 8461 8833 7587
8367 8462 8828 7574
8314 8476 8854 7624
8314 8436 8860 7649
8348 8507 8801 7643
8339 8514 8758 7607
8331 8500 8776 7653
8384 8538 8734 7665
8368 8461 8783 7634
8353 8471 8802 7660
8381 8532 8800 7602
8442 8488 8746 7559
8389 8485 8813 7599
8439 8507 8749 7541
8404 8494 8773 7547
8412 8484 8767 7566
8393 8485 8772 7609
8386 8450 8821 7576
8390 8489 8786 7592
8362 8453 8811 7600
8386 8420 8848 7521
8386 8484 8817 7557
8400 8411 8835 7559
8396 8425 8822 7582
8375 8383 8867 7568
8432 8453 8821 7550
8418 8429 8794 7577
8411 8485 8780 7577
8443 8425 8763 7580
8465 8450 8695 7587
8460 8509 8650 7541
8454 8464 8728 7546
8461 8441 8782 7493
8465 8480 8747 7509
8458 8445 8796 7476
8422 8434 8835 7505
8413 8489 8776 7526
8400 8519 8781 7507
8420 8487 8770 7532
8442 8454 8761 7529
8479 8510 8722 7510
8433 8551 8673 7502
8455 8623 8611 7482
8467 8632 8605 7463
8462 8529 8647 7456
8404 8640 8632 7499
8395 8574 8670 7513
8430 8576 8644 7482
8439 8571 8607 7521
8460 8565 8625 7498
8438 8541 8633 7503
8455 8519 8654 7578
8418 8463 8693 7597
8445 8495 8695 7596
8421 8459 8679 7614
8393 8453 8760 7640
8406 8549 8721 7674
8367 8578 8676 7665
8231 8646 8670 7695
8246 8652 8602 7731
8243 8611 8630 7737
8248 8616 8660 7734
8248 8648 8633 7724
8235 8672 8607 7665
8258 8665 8589 7681
8304 8726 8537 7670
8275 8729 8563 7687
8371 8554 8710 7670
8323 8531 8739 7693
8316 8579 8694 7698
8324 8567 8634 7736
8356 8533 8611 7742
8341 8505 8660 7740
8374 8548 8621 7711
8369 8532 8599 7744
8333 8530 8567 7755
8360 8562 8569 7754
8339 8520 8614 7740
8342 8561 8586 7734
8292 8558 8647 7718
8327 8616 8660 7700
8217 8609 8662 7755
8286 8636 8541 7749
8312 8601 8534 7734
8297 8611 8553 7760
8344 8501 8646 7757
8291 8579 8643 7829
8302 8521 8651 7736
8287 8531 8670 7762
8355 8580 8629 7718
8280 8585 8680 7726
8312 8591 8719 7693
8291 8549 8764 7679
8309 8586 8726 7689
8424 8415 8704 7625
8420 8429 8691 7648
8424 8468 8656 7664
8393 8461 8658 7685
8410 8531 8650 7686
8358 8456 8646 7743
8385 8488 8648 7742
8396 8433 8649 7732
8427 8440 8647 7711
8377 8437 8708 7695
8341 8426 8747 7724
8345 8465 8712 7740
8338 8430 8761 7707
8317 8501 8697 7731
8313 8462 8732 7715
8359 8523 8680 7704
8375 8474 8670 7694
8379 8513 8635 7710
8383 8499 8648 7687
8368 8515 8682 7681
8353 8525 8701 7707
8382 8459 8702 7710
8380 8499 8769 7649
8391 8505 8744 7671
8351 8489 8718 7677
8397 8550 8666 7666
8378 8521 8720 7676
8346 8524 8704 7678
8302 8506 8767 7646
8305 8541 8759 7669
8326 8583 8714 7683
8383 8589 8663 7662
8354 8549 8690 7683
8385 8507 8766 7660
8367 8541 8726 7647
8362 8600 8681 7601
8338 8575 8700 7588
8366 8581 8702 7525
8365 8578 8746 7495
8348 8581 8752 7478
8368 8579 8679 7487
8395 8611 8681 7486
8353 8595 8713 7481
8338 8605 8732 7507
8351 8581 8727 7522
8341 8604 8728 7450
8345 8643 8693 7466
8317 8637 8691 7529
8338 8687 8640 7462
8322 8748 8561 7505
8404 8737 8530 7475
8342 8726 8605 7478
8352 8689 8621 7419
8418 8739 8511 7432
8414 8700 8546 7416
8392 8675 8614 7409
8396 8714 8579 7425
8374 8686 8637 7528
8286 8696 8631 7422
8313 8728 8633 7421
8304 8662 8671 7435
8331 8654 8679 7459
8382 8656 8672 7494
8357 8624 8693 7514
8349 8598 8699 7500
8356 8585 8723 7519
8361 8612 8688 7552
8332 8615 8714 7569
8353 8657 8669 7583
8343 8607 8682 7565
8355 8691 8613 7549
8359 8733 8540 7573
8339 8844 8464 7554
8372 8809 8474 7492
8350 8816 8465 7540
8385 8829 8419 7491
8368 8841 8438 7537
8354 8879 8355 7483
8347 8856 8400 7527
8379 8847 8384 7475
8382 8807 8449 7488
8365 8806 8446 7514
8356 8801 8459 7506
8376 8790 8401 7530
8410 8789 8431 7546
8422 8851 8349 7519
8425 8779 8412 7520
8379 8782 8433 7567
8375 8796 8420 7590
8315 8752 8569 7588
8304 8761 8559 7577
8362 8783 8549 7562
8373 8733 8491 7517
8381 8737 8516 7511
8368 8753 8492 7516
8388 8664 8579 7568
8340 8615 8696 7534
8331 8649 8684 7556
8338 8688 8623 7551
8334 8640 8687 7501
8394 8645 8655 7519
8381 8669 8629 7460
8310 8288 8813 7903
8306 8339 8714 7874
8326 8348 8710 7785
8433 8369 8727 7734
8283 8266 8753 7933
8298 8403 8744 7845
8304 8240 8914 7821
8349 8155 8819 7945
8289 8329 8748 7903
8278 8215 8926 7898
8308 8241 8836 7948
8265 8229 8947 7780
8351 8327 8765 7883
8274 8344 8743 7868
8314 8354 8815 7730
8255 8186 8842 7919
8344 8261 8812 7684
8382 8275 8798 7752
8326 8280 8862 7762
8341 8305 8834 7725
8371 8380 8852 7675
8273 8275 8900 7773
8262 8181 8930 7870
8308 8242 8878 7859
8248 8242 8828 7919
8247 8270 8938 7826
8420 8377 8741 7753
8072 8322 8914 7829
8262 8280 8857 7877
8219 8297 8939 7784
8250 8256 8928 7785
8359 8415 8669 7890
8340 8309 8885 7660
8245 8539 8766 7660
8236 8341 8975 7776
8254 7977 8901 7983
8420 8387 8723 7727
8355 8293 8799 7705
8237 8260 8758 7975
8356 8257 8648 8027
8411 8331 8733 7845
8233 8274 8745 7998
8325 8186 8681 8012
8360 8324 8672 7930
8251 8307 8805 7901
8293 8271 8901 7676
8246 8342 8738 7943
8247 8192 8985 7770
8301 8247 8790 7908
8312 8346 8871 7812
8285 8139 8793 8004
8289 8295 8780 7891
8244 8202 8807 8022
8268 8388 8702 7895
8336 8375 8763 7759
8339 8390 8781 7724
8360 8243 8661 8004
8304 8336 8633 7983
8270 8408 8576 8007
8203 8421 8528 7963
8401 8358 8777 7737
8428 8339 8736 7706
8382 8436 8711 7748
8431 8308 8754 7726
8425 8259 8791 7724
8424 8364 8740 7726
8315 8322 8609 7974
8371 8247 8629 8001
8189 8423 8530 7982
8391 8250 8659 7983
8368 8276 8758 7917
8329 8344 8796 7704
8328 8113 8864 7931
8285 8247 8823 7901
8409 8280 8690 7852
8359 8331 8702 7854
8367 8194 8842 7849
8482 8176 8786 7867
8390 8251 8744 7862
8395 8169 8711 7936
8171 8433 8529 8000
8294 8155 8814 7975
8348 8199 8738 7958
8174 8312 8767 7877
8299 8107 8780 7972
8271 8423 8694 7918
8310 8378 8679 7890
8103 8431 8774 7917
8250 8328 8751 7920
8083 8366 8784 7845
8133 8369 8723 7861
8430 8176 8755 7876
8253 8246 8791 7911
8229 8235 8780 7982
8433 8367 8604 7849
8416 8466 8535 7933
8498 8335 8493 7877
8448 8357 8585 7823
8297 8304 8845 7862
8475 8357 8494 7870
8462 8315 8752 7705
8246 8308 8768 7876
8295 8362 8772 7851
8267 8332 8777 7830
8442 8275 8795 7614
8272 8411 8812 7736
8225 8463 8760 7669
8271 8524 8708 7658
8243 8458 8746 7696
8279 8469 8707 7667
8260 8440 8761 7677
8249 8445 8800 7653
8229 8457 8765 7666
8287 8380 8818 7693
8350 8337 8782 7678
8321 8330 8836 7698
8346 8329 8786 7684
8346 8253 8861 7672
8370 8287 8810 7722
8409 8269 8805 7668
8418 8315 8777 7724
8336 8326 8838 7709
8368 8246 8819 7679
8375 8198 8864 7674
8397 8233 8822 7827
8432 8259 8807 7604
8427 8232 8835 7669
8439 8211 8852 7599
8473 8282 8793 7593
8482 8322 8829 7583
8404 8260 8814 7599
8435 8331 8781 7614
8483 8335 8773 7610
8479 8287 8837 7560
8439 8252 8853 7559
8424 8296 8907 7592
8443 8241 8880 7561
8396 8332 8892 7583
8399 8250 8840 7594
8398 8195 8903 7627
8365 8243 8868 7636
8323 8227 8900 7631
8395 8275 8844 7614
8410 8278 8811 7637
8379 8271 8813 7658
8320 8260 8933 7668
8300 8289 8887 7672
8281 8263 8926 7764
8285 8314 8869 7813
8326 8315 8853 7751
8319 8272 8898 7685
8277 8322 8883 7827
8193 8387 8831 7729
8213 8380 8883 7700
8164 8375 8875 7703
8251 8369 8857 7722
8208 8320 8888 7777
8258 8250 8959 7766
8262 8289 8924 7782
8233 8356 8915 7764
8257 8243 8928 7775
8279 8215 8973 7811
8264 8267 8935 7723
8367 8382 8761 7738
8320 8349 8815 7752
8377 8309 8785 7691
8477 8305 8733 7679
8471 8320 8739 7713
8440 8249 8772 7698
8457 8263 8771 7742
8436 8304 8755 7677
8418 8267 8793 7667
8433 8305 8758 7698
8387 8308 8779 7745
8389 8306 8774 7738
8420 8313 8772 7717
8458 8328 8753 7732
8427 8257 8786 7717
8430 8292 8778 7740
8416 8348 8758 7711
8382 8372 8742 7712
8336 8311 8794 7723
8375 8422 8717 7712
8360 8432 8736 7738
8370 8397 8779 7703
8329 8374 8793 7714
8320 8299 8827 7829
8338 8310 8803 7711
8351 8204 8831 7737
8431 8214 8772 7838
8448 8270 8750 7766
8465 8250 8715 7822
8504 8228 8773 7772
8460 8246 8752 7830
8378 8146 8883 7852
8342 8233 8817 7857
8374 8191 8860 7738
8401 8242 8754 7873
8358 8202 8801 7846
8387 8253 8785 7841
8358 8266 8770 7882
8367 8239 8815 7743
8365 8246 8801 7759
8327 8269 8798 7770
8393 8263 8760 7859
8289 8258 8817 7880
8396 8217 8782 7861
8415 8181 8833 7791
8400 8143 8805 7823
8423 8104 8824 7846
8429 8126 8770 7903
8455 8167 8851 7804
8411 8267 8764 7809
8388 8236 8797 7863
8373 8172 8821 7894
8356 8179 8826 7893
8327 8195 8803 7867
8221 8284 8800 7957
8261 8222 8842 7888
8244 8252 8974 7911
8327 8220 8798 7931
8339 8307 8698 7912
8339 8338 8661 7951
8349 8158 8747 7954
8356 8193 8679 7991
8331 8270 8660 7964
8426 8204 8696 7915
8284 8199 8781 7970
8382 8275 8640 7954
8391 8209 8783 7904
8502 8081 8786 7818
8437 8294 8648 7897
8487 8216 8646 7784
8541 8266 8624 7803
8559 8206 8658 7766
8559 8187 8693 7829
8465 8186 8746 7786
8422 8274 8671 7785
8476 8209 8666 7774
8447 8275 8665 7771
8418 8276 8768 7799
8475 8216 8669 7884
8377 8211 8786 7910
8420 8065 8802 7922
8380 8093 8823 7857
8379 8093 8868 7899
8374 7996 8937 7915
8367 8055 8842 7972
8416 8232 8735 7847
8399 8217 8756 7840
8407 8178 8756 7856
8426 8091 8778 7880
8460 8162 8719 7874
8433 8197 8753 7901
8458 8218 8693 7886
8351 8257 8725 7958
8302 8108 8776 8014
8264 8292 8760 7974
8324 8308 8694 7930
8300 8297 8668 7967
8371 8269 8673 7920
8398 8301 8675 7919
8335 8290 8725 7901
8386 8263 8599 7974
8391 8254 8699 7906
8359 8240 8568 8009
8315 8281 8634 7973
8386 8272 8570 8008
8342 8313 8636 7972
8309 8374 8706 7897
8402 8113 8725 7936
8351 8258 8695 7951
8272 8427 8667 7911
8364 8162 8713 7957
8329 8225 8646 8028
8377 8185 8668 7952
8360 8232 8644 8007
8369 8159 8674 7938
8376 8103 8688 7938
8342 8265 8699 7935
8397 8095 8663 7953
8360 8179 8692 7968
8382 8078 8730 7940
8288 8332 8751 7883
8353 8229 8667 7968
8435 8119 8752 7932
8289 8336 8724 7876
8403 8232 8606 7984
8440 8098 8699 7912
8449 8293 8554 7973
8327 8266 8695 7953
8460 8238 8555 7963
8389 8058 8804 7943
8324 8225 8723 7959
8491 8245 8553 7942
8380 8018 8803 7980
8497 8230 8547 7908
8482 8240 8566 7934
8432 8237 8627 7918
8381 8175 8707 7906
8332 8383 8667 7891
8426 8252 8633 7952
8384 8210 8699 7929
8395 8181 8666 7937
8395 8245 8635 7973
8391 8474 8574 7870
8335 8091 8854 7992
8345 8192 8761 7938
8319 8526 8623 7770
8361 8233 8685 7940
8362 8231 8686 7944
8433 8510 8526 7768
8382 8227 8703 7917
8358 8245 8673 7967
8395 8197 8698 7936
8364 8230 8667 7933
8378 8483 8566 7801
8383 8268 8636 7931
8276 8489 8661 7832
8465 8232 8680 7874
8441 8194 8677 7889
8456 8219 8618 7896
8344 8007 8842 8009
8473 8208 8674 7860
8297 8026 8894 7985
8455 8280 8608 7896
8510 8256 8595 7847
8314 8599 8574 7632
8429 8221 8719 7903
8470 8270 8589 7870
8276 8592 8589 7660
8444 8238 8662 7897
8271 8559 8613 7678
8341 7973 8860 7931
8274 8594 8605 7701
8403 8223 8707 7903
8421 8260 8669 7913
8221 8585 8625 7720
8432 8185 8660 7932
8332 8056 8862 7969
8238 8592 8514 7702
8453 8227 8615 7946
8435 8261 8575 7933
8389 8265 8560 7941
8432 8288 8601 7903
8307 8050 8874 7954
8414 8669 8562 7671
8426 8322 8563 7904
8318 8030 8934 7913
8398 8256 8601 7942
8387 8279 8555 7944
8318 8570 8640 7602
8452 8272 8475 7934
8452 8231 8452 7971
8263 8616 8563 7601
8481 8228 8426 7954
8463 8191 8464 7944
8446 8202 8408 7980
8268 8631 8550 7677
8419 8212 8412 7998
8394 8201 8426 8018
8387 8166 8475 7985
8390 8201 8467 8008
8359 8194 8469 8029
8400 8228 8452 7985
8262 8528 8669 7736
8422 8253 8384 7992
8228 8529 8639 7720
8450 8219 8410 7977
8404 8158 8462 7988
8247 8570 8567 7718
8401 8158 8488 8009
8225 8546 8575 7723
8398 8123 8496 7986
8288 8118 8781 7984
8435 8134 8497 7974
8233 8048 8837 8007
8252 8544 8606 7794
8426 8075 8497 7978
8486 8080 8465 7996
8253 8047 8854 8046
8153 8472 8673 7767
8458 8050 8470 7975
8150 8431 8701 7773
8492 8121 8411 7969
8273 8465 8675 7781
8461 8114 8413 7990
8488 8146 8415 7989
8467 8104 8460 7975
8362 8512 8641 7794
8498 8111 8458 7954
8509 8105 8516 7884
8258 8423 8735 7801
8526 8199 8502 7903
8273 8113 8859 7961
8221 8424 8731 7806
8494 8302 8534 7920
8224 8352 8794 7807
8544 8224 8475 7900
8204 8359 8786 7770
8547 8187 8521 7846
8222 8396 8748 7780
8565 8177 8479 7858
8206 8358 8774 7755
8581 8238 8521 7797
8360 8009 8856 7970
8192 8352 8859 7811
8556 8317 8543 7836
8192 8360 8777 7761
8586 8239 8569 7769
8372 8044 8827 7946
8534 8254 8654 7776
8533 8276 8630 7784
8168 8383 8777 7753
8566 8150 8672 7766
8152 8358 8860 7724
8242 8344 8911 7686
8507 8125 8775 7819
8529 8196 8802 7764
8389 7980 8758 7985
8385 7941 8793 7969
8522 8361 8619 7767
8366 8037 8811 8008
8159 8405 8899 7687
8380 8072 8721 7996
8106 8388 8902 7636
8548 8248 8582 7741
8346 8073 8691 7980
8154 8456 8863 7668
8572 8269 8626 7710
8377 8080 8689 7959
8120 8457 8833 7652
8552 8223 8578 7721
8347 8048 8769 7987
8141 8499 8788 7666
8568 8230 8661 7694
8113 8433 8826 7704
8096 8436 8832 7687
8378 8197 8748 7931
8062 8365 8891 7693
8106 8412 8884 7767
8533 8233 8671 7717
8094 8379 8886 7750
8121 8411 8888 7749
8410 8050 8779 7958
8082 8348 8935 7748
8424 8075 8762 7956
8062 8360 8900 7761
8382 8013 8730 7968
8155 8296 8898 7830
8250 8239 8963 7873
8510 8126 8771 7861
8286 8250 8924 7844
8186 8303 8896 7809
8173 8236 8991 7795
8158 8353 8829 7795
8541 8263 8593 7826
8189 8360 8827 7774
8271 8101 8778 8035
8268 8037 8835 8020
8564 8253 8509 7788
8176 8306 8897 7782
8367 8023 8850 8006
8258 8051 8817 8038
8261 8051 8791 8017
8307 8112 8739 8006
8310 8071 8808 8006
8247 8204 8971 7850
8220 8260 8937 7853
8237 8058 8784 8026
8293 8114 8779 7983
8564 8259 8518 7784
8143 8320 8912 7777
8540 8243 8507 7846
8284 8148 8821 7958
8142 8316 8939 7784
8585 8263 8488 7729
8607 8287 8480 7724
8599 8261 8486 7710
8193 8148 8825 8053
8635 8240 8449 7719
8125 8353 8906 7777
8620 8213 8523 7755
8266 8169 8845 7961
8146 8395 8861 7791
8608 8255 8569 7714
8111 8346 8888 7790
8249 8142 8801 7978
8642 8262 8541 7672
8661 8351 8483 7657
8143 8357 8910 7678
8608 8191 8600 7678
8294 8257 8729 7941
8115 8352 8948 7656
8316 8293 8696 7917
8156 8315 8976 7632
8611 8255 8543 7693
8139 8251 9002 7626
8598 8261 8586 7682
8233 8219 8764 8074
8195 8262 8989 7829
8603 8265 8549 7674
8307 8306 8703 7952
8603 8201 8580 7638
8238 8255 8973 7636
8271 8267 8717 7952
8595 8226 8594 7659
8230 8209 8795 8001
8249 8200 8974 7626
8599 8265 8559 7675
8215 8219 8814 8027
8258 8266 8936 7612
8186 8222 8840 8044
8248 8346 8925 7637
8184 8148 8847 8012
8564 8272 8548 7719
8558 8333 8465 7717
8210 8221 8760 8014
8186 8380 8886 7610
8202 8153 8812 8061
8537 8314 8545 7711
8253 8350 8888 7629
8198 8162 8784 8082
8526 8281 8626 7722
8183 8172 8803 8108
8526 8310 8577 7714
8149 8101 8862 8114
8153 8140 8827 8130
8331 8343 8873 7682
8557 8317 8575 7693
8159 8125 8821 8096
8530 8337 8637 7712
8193 8196 8762 8090
8162 8189 8764 8111
8183 8183 8782 8088
8567 8304 8612 7711
8162 8141 8827 8074
8200 8092 8839 8053
8216 8240 8977 7754
8530 8273 8668 7676
8227 8124 8841 8052
8190 8068 8880 8071
8183 8124 8866 8071
8198 8114 8847 8045
8156 8092 8864 8072
8153 8092 8890 8093
8125 8056 8915 8101
8152 8088 8917 8100
8122 8047 8905 8157
8143 8089 8860 8171
8108 8040 8887 8170
8543 8194 8589 7786
8136 8101 8885 8112
8589 8255 8537 7775
8115 8059 8930 8098
8554 8206 8564 7774
8143 8125 8892 8060
8575 8248 8519 7788
8109 8126 8862 8044
8128 8237 8999 7638
8098 8149 8816 8046
8131 8272 8991 7661
8143 8189 8798 8056
8135 8250 8997 7647
8551 8168 8498 7865
8552 8172 8534 7855
8237 8319 8692 7969
8226 8307 8717 7981
8524 8239 8631 7812
8166 8315 8657 8001
8546 8264 8563 7819
8236 8279 8692 8019
8201 8361 8898 7673
8525 8116 8752 7835
8241 8297 8698 7955
8243 8313 8897 7642
8564 8128 8630 7793
8563 8202 8581 7810
8574 8196 8639 7740
8225 8229 8807 7973
8216 8284 8748 7994
8503 8205 8640 7785
8263 8336 8906 7611
8523 8191 8784 7765
8255 8291 8772 7915
8527 8241 8656 7767
8531 8219 8662 7753
8224 8284 8774 7936
8251 8252 8907 7900
8500 8203 8615 7830
8493 8259 8601 7830
8252 8251 8938 7725
8288 8265 8881 7747
8487 8199 8644 7795
8485 8201 8649 7802
8492 8195 8643 7801
8298 8206 8788 7957
8488 8209 8630 7824
8545 8215 8579 7803
8517 8209 8577 7866
8553 8220 8538 7837
8511 8155 8513 7892
8513 8153 8508 7885
8331 8220 8797 7936
8308 8178 8909 7823
8541 8189 8483 7877
8352 8168 8823 7903
8293 8188 8928 7849
8360 8129 8789 7913
8259 8117 8987 7855
8532 8305 8545 7873
8310 8126 8850 7897
8252 8165 8942 7860
8559 8248 8464 7881
8258 8150 8936 7826
8534 8236 8433 7911
8517 8239 8439 7894
8331 8239 8759 7927
8193 8134 8997 7860
8574 8238 8445 7855
8568 8253 8451 7889
8530 8238 8470 7874
8220 8216 8958 7929
8515 8248 8489 7900
8255 8224 8839 7897
8501 8298 8547 7894
8286 8324 8757 7904
8258 8288 8782 7912
8506 8434 8529 7847
8270 8272 8843 7863
8336 8211 8789 7886
8456 8319 8525 7872
8367 8218 8787 7865
8280 8262 8848 7836
8446 8417 8544 7908
8333 8147 8846 7871
8450 8403 8557 7885
8337 8195 8782 7921
8299 8131 8813 7949
8271 8238 8905 7861
8475 8427 8531 7868
8339 8217 8776 7953
8501 8459 8514 7801
8304 8127 8782 7970
8265 8272 8867 7862
8491 8354 8621 7788
8278 8142 8840 7972
8226 8142 8809 7981
8272 8203 8757 7970
8438 8390 8592 7837
8510 8464 8501 7809
8319 8248 8743 7971
8259 8227 8938 7824
8472 8525 8465 7777
8267 8248 8712 7980
8259 8236 8909 7858
8552 8453 8524 7734
8264 8248 8738 8001
8240 8223 8757 7988
8243 8264 8729 7982
8243 8223 8706 8019
8205 8272 8694 8040
8181 8155 8997 7895
8516 8416 8660 7626
8241 8283 8655 8011
8179 8157 9002 7902
8195 8222 8707 8022
8177 8126 9008 7866
8247 8222 8738 8013
8225 8201 8982 7899
8264 8283 8662 7990
8223 8260 8911 7832
8569 8489 8468 7714
8286 8264 8748 7938
8584 8380 8490 7648
8238 8314 8861 7842
8590 8433 8498 7587
8227 8337 8815 7844
8594 8517 8425 7618
8181 8276 8867 7855
8595 8351 8681 7503
8212 8283 8865 7834
8597 8400 8610 7555
8191 8291 8890 7819
8648 8436 8576 7512
8656 8456 8429 7524
8400 8273 8706 7879
8644 8519 8455 7479
8194 8276 8950 7831
8390 8338 8700 7833
8191 8276 8976 7852
8562 8483 8571 7563
8356 8267 8759 7839
8223 8271 8941 7819
8320 8256 8798 7868
8324 8295 8763 7884
8320 8309 8750 7907
8318 8238 8807 7904
8266 8285 8923 7823
8352 8309 8748 7898
8284 8280 8879 7765
8332 8259 8774 7822
8293 8246 8891 7743
8614 8365 8635 7518
8392 8264 8742 7840
8295 8244 8886 7736
8414 8288 8734 7835
8635 8455 8483 7435
8348 8298 8772 7851
8375 8376 8775 7719
8667 8300 8617 7460
8376 8304 8758 7851
8335 8339 8796 7726
8686 8386 8553 7466
8396 8319 8747 7827
8636 8264 8668 7489
8340 8373 8854 7696
8636 8336 8646 7534
8396 8191 8816 7832
8337 8363 8885 7623
8402 8245 8775 7761
8368 8434 8852 7638
8411 8190 8834 7740
8383 8424 8833 7612
8613 8439 8586 7535
8429 8227 8796 7750
8398 8449 8774 7619
8405 8393 8788 7619
8415 8247 8803 7737
8401 8345 8815 7552
8406 8302 8744 7758
8416 8399 8765 7562
8388 8265 8782 7748
8458 8343 8817 7580
8655 8363 8570 7508
8685 8328 8450 7598
8427 8279 8842 7576
8677 8264 8428 7630
8510 8167 8856 7774
8719 8370 8401 7600
8383 8236 8912 7543
8458 8214 8781 7731
8365 8261 8925 7568
8679 8186 8396 7736
8411 8142 8868 7775
8702 8189 8450 7727
8417 8307 8853 7537
8432 8297 8834 7511
8697 8261 8375 7711
8425 8345 8789 7516
8697 8190 8434 7642
8418 8310 8838 7483
8403 8320 8857 7509
8392 8236 8756 7873
8354 8299 8899 7551
8385 8370 8866 7566
8351 8299 8925 7572
8351 8363 8894 7608
8717 8145 8476 7673
8386 8239 8764 7897
8354 8363 8868 7587
8345 8397 8856 7609
8374 8331 8857 7612
8324 8204 8808 7894
8405 8338 8855 7591
8342 8241 8770 7904
8420 8328 8836 7565
8427 8272 8850 7565
8657 8140 8508 7655
8383 8348 8868 7588
8375 8137 8793 7878
8356 8316 8866 7589
8375 8201 8762 7914
8351 8165 8746 7932
8372 8296 8876 7601
8393 8187 8729 7905
8393 8225 8940 7577
8427 8258 8670 7899
8448 8187 8734 7875
8384 8280 8881 7598
8380 8294 8868 7621
8371 8136 8782 7913
8389 8260 8880 7599
8411 8173 8761 7906
8338 8190 8935 7609
8380 8102 8794 7891
8707 8192 8398 7673
8384 8141 8759 7907
8395 8160 8911 7604
8374 8231 8847 7628
8664 8237 8423 7702
8479 8119 8773 7882
8364 8189 8916 7634
8457 8128 8764 7872
8343 8195 8898 7657
8404 8080 8792 7864
8333 8118 8949 7619
8435 8087 8790 7843
8460 8097 8866 7774
8360 8150 8951 7618
8656 8203 8490 7799
8394 8221 8892 7612
8334 8216 8924 7594
8338 8255 8889 7610
8300 8195 8943 7596
8461 8145 8807 7791
8331 8216 8904 7635
8327 8177 8939 7619
8360 8176 8886 7696
8323 8120 8923 7632
8483 8135 8854 7775
8354 8191 8890 7647
8633 8269 8421 7814
8470 8157 8832 7778
8413 8139 8894 7808
8629 8171 8488 7800
8454 8190 8770 7779
8378 8082 8914 7816
8407 8150 8872 7663
8486 8156 8747 7785
8478 8117 8824 7781
8379 8212 8840 7686
8661 8179 8473 7671
8403 8186 8852 7735
8396 8242 8838 7735
8525 8157 8837 7748
8421 8181 8808 7677
8434 8112 8880 7633
8618 8154 8677 7737
8465 8183 8847 7648
8427 8168 8866 7633
8384 8162 8859 7645
8698 8150 8485 7711
8531 8093 8773 7762
8415 8169 8857 7624
8552 8138 8737 7698
8422 8113 8871 7624
8545 8103 8786 7665
8436 8077 8951 7781
8549 8151 8722 7715
8412 8113 8895 7782
8452 8101 8898 7662
8678 8108 8544 7708
8474 8046 8864 7638
8704 8169 8450 7614
8478 8010 8884 7566
8662 8173 8492 7580
8553 8073 8766 7815
8527 8032 8843 7685
8683 8160 8504 7737
8475 7975 8892 7543
8647 8218 8491 7579
8491 8091 8862 7750
8466 7977 8886 7549
8449 8064 8913 7781
8628 8265 8458 7822
8457 7924 8904 7519
8545 8069 8805 7695
8488 7995 8871 7534
8459 7955 8898 7555
8476 8019 8872 7561
8460 8020 8895 7735
8672 8242 8382 7736
8504 8072 8869 7478
8484 8104 8880 7453
8663 8262 8345 7695
8538 8118 8778 7736
8464 8039 8890 7381
8547 8184 8740 7722
8549 8073 8864 7454
8683 8359 8440 7629
8486 8033 8877 7407
8626 8364 8343 7651
8498 8032 8886 7416
8617 8316 8374 7689
8606 8237 8761 7533
8595 8340 8319 7731
8583 8181 8787 7417
8613 8020 8784 7445
8584 8340 8396 7699
8645 8160 8736 7461
8424 8096 8884 7789
8597 8316 8422 7758
8428 8135 8849 7805
8582 7949 8817 7430
8585 7984 8809 7453
8568 8382 8421 7755
8577 8381 8408 7686
8583 8144 8805 7448
8515 8107 8850 7730
8568 8105 8778 7459
8515 8171 8819 7766
8549 8034 8801 7799
8470 8100 8879 7749
8449 8171 8815 7773
8586 8172 8780 7447
8572 8449 8277 7647
8415 8100 8874 7779
8398 8111 8818 7815
8590 8057 8779 7468
8518 8522 8444 7730
8603 8100 8727 7727
8528 8555 8418 7656
8640 8151 8763 7412
8347 8075 8916 7837
8381 8146 8857 7831
8649 8162 8733 7427
8412 8153 8855 7810
8498 8420 8608 7665
8369 8092 8901 7734
8617 8210 8745 7456
8389 8157 8891 7806
8588 8326 8409 7676
8379 8090 8926 7774
8413 8161 8867 7768
8382 8090 8900 7753
8420 8105 8881 7768
8433 8042 8959 7758
8393 8007 8975 7757
8398 7970 8983 7760
8528 8597 8368 7680
8385 8000 8988 7741
8439 8053 8922 7716
8386 8048 8960 7727
8388 8046 8955 7720
8406 8083 8917 7730
8560 8224 8794 7406
8457 8581 8395 7767
8361 8018 8918 7806
8300 8033 8924 7812
8609 8208 8768 7325
8474 8452 8556 7831
8306 8052 8953 7794
8617 8246 8696 7454
8271 8003 8980 7793
8292 8045 8935 7807
8633 8199 8718 7417
8266 7966 8970 7837
8503 8642 8343 7756
8270 8005 8935 7853
8423 8638 8336 7817
8283 7981 8961 7912
8490 8504 8535 7802
8320 8037 8922 7893
8371 8491 8291 7966
8324 8015 8928 7879
8369 8488 8542 7802
8314 7991 8969 7897
8591 8272 8753 7532
8371 7961 8945 7892
8405 8032 8886 7886
8345 8027 8918 7868
8349 8066 8883 7884
8610 8276 8726 7549
8307 8050 8915 7879
8585 8308 8697 7557
8307 8114 8884 7915
8300 8119 8885 7924
8282 8146 8855 7923
8303 8090 8908 7911
8286 8121 8851 7903
8272 8083 8910 7932
8412 8528 8303 7827
8252 8114 8879 7945
8569 8171 8771 7484
8374 8508 8272 7857
8547 8118 8809 7421
8397 8512 8512 7791
8401 8613 8404 7810
8300 8055 8916 7888
8303 8119 8859 7903
8334 8126 8857 7882
8335 8052 8906 7865
8545 8318 8805 7439
8339 8091 8871 7881
8352 8061 8866 7900
8348 8022 8901 7884
8384 8033 8862 7855
8388 8072 8827 7871
8375 8014 8840 7988
8368 8005 8862 7930
8389 7994 8835 7907
8560 8228 8778 7386
8519 8484 8487 7798
8425 8040 8760 7932
8556 8345 8719 7480
8383 8018 8777 7959
8414 8025 8775 7938
8380 7954 8834 7944
8563 8318 8710 7514
8578 8356 8700 7384
8585 8313 8702 7341
8401 8523 8576 7744
8390 8004 8821 7962
8617 8320 8665 7411
8361 8076 8810 7921
8346 8086 8829 7947
8299 8024 8889 7978
8593 8361 8645 7539
8336 7952 8883 7991
8567 8387 8666 7494
8332 7966 8870 8014
8559 8348 8711 7479
8506 8324 8767 7516
8529 8325 8769 7359
8282 8035 8833 8014
8561 8402 8655 7369
8330 8095 8856 7993
8343 8087 8842 7974
8295 8027 8819 7995
8322 8059 8821 7994
8291 8052 8823 8015
8280 8075 8777 8017
8287 8019 8791 8017
8284 8019 8817 8038
8581 8307 8710 7567
8238 7958 8869 8049
8269 7965 8867 8028
8317 7957 8943 7978
8490 8341 8763 7352
8266 7964 8871 7986
8562 8383 8703 7502
8419 8446 8594 7777
8519 8302 8726 7592
8387 8449 8578 7779
8317 7893 8974 7942
8529 8316 8735 7501
8387 8513 8515 7799
8351 7964 8915 7936
8299 7904 8975 7944
8290 7959 8916 7965
8378 8427 8586 7902
8319 7893 8917 7968
8408 8456 8551 7860
8316 7893 8943 7989
8320 7879 8956 7966
8322 7897 8923 7948
8567 8228 8773 7304
8340 7861 8925 7924
8552 8238 8792 7330
8395 8424 8580 7919
8377 7917 8886 7905
8521 8167 8825 7315
8421 7882 8900 7916
8581 8172 8793 7333
8455 7918 8817 7897
8318 8452 8641 7914
8442 7876 8918 7893
8427 7932 8848 7883
8630 8157 8762 7305
8614 8212 8731 7317
8667 8214 8690 7392
8442 7924 8855 7930
8411 8414 8552 7883
8390 7924 8824 7939
8662 8210 8727 7400
8405 8479 8555 7812
8427 7980 8785 7920
8646 8120 8775 7293
8400 8430 8652 7821
8396 7973 8787 7941
8624 8130 8779 7278
8424 8034 8785 7883
8639 8102 8789 7297
8503 8483 8489 7800
8435 7959 8776 7902
8440 7976 8814 7887
8429 8051 8823 7868
8392 7995 8862 7887
8645 8086 8773 7333
8401 8061 8824 7873
8380 8069 8849 7858
8637 8094 8790 7339
8383 8110 8821 7852
8614 8089 8769 7446
8436 8096 8810 7827
8561 8023 8830 7418
8390 8035 8862 7838
8596 8166 8776 7401
8570 8098 8819 7436
8396 8072 8822 7847
8420 8108 8838 7829
8281 8541 8580 7777
8385 8059 8865 7828
8402 8064 8836 7834
8429 8096 8838 7833
8411 8573 8563 7762
8433 8074 8844 7819
8437 8113 8809 7835
8444 8057 8823 7835
8454 8586 8494 7758
8452 8054 8802 7852
8479 8086 8804 7851
8534 8044 8820 7825
8503 8058 8804 7814
8677 8200 8708 7374
8484 8056 8813 7821
8742 8099 8699 7413
8453 7985 8846 7806
8703 8165 8678 7298
8696 8147 8724 7289
8509 8024 8842 7813
8531 8048 8834 7808
8727 8203 8647 7390
8366 8600 8342 7830
8534 8048 8808 7787
8680 8157 8726 7438
8507 8012 8818 7826
8674 8112 8734 7267
8673 8173 8730 7291
8667 8126 8766 7317
8685 8037 8725 7286
8541 8037 8822 7782
8707 8140 8712 7442
8545 8076 8787 7798
8507 8061 8806 7783
8635 8129 8765 7282
8599 8086 8795 7290
8539 8137 8719 7753
8699 8126 8713 7282
8524 8147 8738 7779
8703 8179 8671 7436
8493 8140 8740 7800
8485 8148 8754 7814
8464 8106 8799 7800
8495 8113 8797 7779
8502 8057 8811 7779
8548 8118 8759 7768
8520 8082 8784 7776
8541 8124 8739 7790
8639 8168 8730 7298
8549 8116 8725 7776
8585 8127 8686 7747
8581 8088 8721 7731
8643 8141 8754 7313
8566 8098 8740 7757
8563 8063 8748 7734
8572 8029 8760 7712
8638 8091 8791 7266
8572 8093 8729 7748
8585 8104 8710 7788
8568 8107 8716 7771
8720 8158 8663 7420
8616 8111 8708 7767
8672 8130 8729 7309
8575 8057 8739 7734
8571 8071 8726 7757
8650 8026 8767 7289
8587 7983 8752 7763
8642 8021 8808 7255
8596 8049 8714 7749
8642 8085 8777 7291
8633 8055 8825 7323
8567 7918 8762 7691
8645 8056 8800 7278
8617 7921 8701 7707
8626 8024 8850 7220
8654 7977 8662 7688
8630 8063 8815 7236
8627 7954 8631 7723
8602 8057 8813 7299
8618 7988 8619 7745
8623 8099 8768 7313
8609 7962 8603 7798
8601 8076 8580 7813
8606 8023 8823 7324
8578 7955 8605 7819
8641 8014 8608 7795
8629 7940 8609 7736
8632 8083 8578 7792
8672 8066 8760 7273
8599 7997 8560 7833
8613 7980 8536 7837
8563 7852 8539 7853
8521 7956 8606 7876
8499 7935 8630 7915
8327 8418 8653 7892
8491 7940 8614 7880
8718 8213 8634 7308
8473 7920 8649 7921
8680 8198 8653 7293
8273 8381 8701 7897
8444 7986 8648 7918
8680 8262 8622 7329
8277 8420 8666 7913
8480 8003 8658 7914
8693 8238 8648 7388
8327 8376 8692 7924
8714 8230 8623 7403
8276 8415 8665 7940
8485 7955 8620 7914
8687 8207 8592 7438
8453 7968 8664 7910
8718 8214 8590 7417
8474 8010 8619 7924
8669 8181 8670 7512
8685 8159 8696 7473
8449 7982 8651 7933
8296 8305 8725 7909
8437 7949 8653 7916
8291 8379 8693 7937
8483 8010 8601 7905
8245 8344 8698 7925
8494 7955 8602 7895
8238 8400 8684 7925
8506 7988 8600 7912
8631 8149 8695 7476
8242 8439 8649 7941
8460 7927 8652 7923
8449 7932 8691 7899
8211 8432 8651 7962
8633 8184 8726 7433
8238 8464 8653 7961
8633 8229 8676 7466
8256 8428 8655 7937
8253 8428 8681 7958
8545 7963 8575 7874
8253 8364 8712 7922
8543 7981 8538 7883
8246 8360 8716 7876
8280 8431 8657 7870
8536 7946 8587 7850
8284 8417 8670 7847
8561 7930 8561 7838
8279 8476 8625 7801
8657 8217 8635 7415
8652 8213 8672 7423
8285 8527 8593 7754
8648 8174 8707 7407
8273 8586 8561 7808
8573 7883 8576 7836
8644 8190 8728 7428
8539 7812 8635 7842
8292 8565 8523 7791
8246 8504 8575 7802
8555 7939 8532 7847
8243 8504 8601 7823
8207 8502 8569 7834
8253 8563 8517 7823
8258 8504 8525 7874
8575 8059 8520 7888
8213 8513 8519 7854
8275 8501 8519 7891
8536 7947 8586 7830
8232 8542 8465 7844
8304 8478 8529 7873
8357 8498 8558 7871
8626 7898 8629 7800
8189 8473 8549 7892
8580 7837 8681 7811
8176 8503 8554 7873
8573 7893 8667 7811
8560 8201 8786 7517
8167 8505 8564 7875
8575 7891 8662 7804
8594 8164 8766 7433
8204 8509 8547 7887
8555 8101 8813 7432
8127 8565 8496 7834
8168 8545 8508 7879
8172 8531 8521 7856
8203 8538 8519 7835
8544 8099 8808 7515
8216 8508 8514 7854
8551 7984 8535 7842
8252 8519 8475 7825
8533 7964 8566 7865
8261 8523 8457 7862
8307 8584 8405 7851
8490 7949 8608 7897
8279 8523 8407 7909
8275 8537 8394 7932
8238 8491 8450 7965
8269 8492 8472 7937
8512 7974 8540 7904
8501 7997 8494 7906
8515 7997 8467 7908
8548 8027 8518 7889
8609 8087 8470 7860
8328 8472 8456 7890
8600 7936 8486 7856
8550 7933 8547 7840
8581 8004 8514 7855
8401 8448 8423 7949
8265 8433 8364 7970
8528 7999 8552 7866
8529 7925 8601 7849
8591 8283 8701 7539
8287 8422 8441 8048
8287 8458 8296 7977
8579 8034 8516 7868
8227 8433 8436 8030
8259 8494 8281 7968
8563 8026 8522 7871
8262 8494 8255 7947
8567 8016 8562 7837
8298 8505 8216 7918
8594 8033 8520 7850
8610 8341 8662 7477
8300 8504 8291 7908
8609 8023 8501 7824
8310 8475 8374 7937
8328 8468 8306 7917
8602 8073 8476 7824
8587 8083 8495 7850
8554 8300 8675 7571
8352 8517 8287 7887
8566 8041 8540 7836
8447 8481 8494 7840
8597 8048 8538 7815
8343 8514 8393 7898
8563 7977 8597 7821
8284 8483 8450 7890
8578 8292 8731 7348
8327 8540 8287 7861
8586 7948 8534 7838
8308 8535 8418 7858
8617 7966 8549 7814
8620 8288 8689 7382
8645 8053 8573 7811
8618 8214 8696 7350
8627 8288 8668 7504
8356 8548 8237 7845
8694 8093 8433 7744
8701 8019 8576 7813
8375 8511 8248 7832
8642 8350 8638 7468
8437 8473 8298 7911
8691 8084 8570 7767
8420 8372 8308 7947
8611 8169 8511 7807
8580 8162 8513 7828
8620 8156 8745 7493
8382 8389 8347 7955
8402 8368 8317 7938
8618 8188 8509 7784
8620 8254 8656 7581
8593 8145 8548 7793
8603 8198 8528 7810
8563 8205 8512 7809
8417 8323 8372 7969
8574 8238 8478 7806
8587 8208 8473 7825
8411 8373 8304 7946
8633 8205 8452 7778
8640 8338 8629 7501
8618 8215 8471 7804
8361 8326 8343 7980
8584 8144 8530 7810
8588 8183 8495 7826
8368 8400 8339 7973
8548 8133 8569 7839
8582 8204 8510 7833
8396 8336 8292 7965
8423 8368 8294 7964
8432 8313 8353 7943
8576 8166 8526 7811
8622 8227 8474 7800
8377 8307 8346 7975
8364 8337 8351 7956
8343 8331 8423 7978
8608 8135 8529 7767
8614 8074 8612 7769
8618 8113 8577 7785
8587 8042 8610 7770
8587 8106 8579 7806
8603 8325 8630 7546
8590 8151 8589 7794
8569 8109 8634 7780
8551 8273 8644 7637
8301 8379 8419 8063
8657 7972 8583 7739
8563 8222 8703 7597
8635 8118 8567 7765
8584 8264 8658 7611
8640 8093 8563 7693
8566 8227 8696 7601
8616 8230 8635 7617
8647 8037 8577 7693
8595 8188 8680 7603
8587 8196 8694 7617
8631 8079 8602 7749
8574 8193 8708 7592
8641 8103 8561 7731
8613 8215 8667 7510
8656 8128 8502 7738
8632 8236 8677 7428
8623 8231 8690 7420
8635 8223 8565 7733
8656 8231 8667 7483
8583 8157 8562 7774
8691 8261 8593 7416
8629 8218 8510 7763
8655 8254 8647 7476
8614 8164 8560 7753
8636 8149 8614 7716
8601 8152 8624 7739
8648 8160 8710 7440
8579 8167 8570 7776
8596 8156 8626 7740
8617 8146 8776 7420
8630 8227 8567 7734
8631 8153 8616 7717
8316 8353 8531 7938
8624 8201 8571 7722
8586 8186 8590 7707
8572 8081 8771 7460
8586 8250 8559 7743
8553 8124 8769 7529
8593 8269 8602 7671
8534 8086 8800 7531
8552 8123 8762 7541
8334 8365 8411 8000
8307 8373 8403 7976
8525 8308 8651 7652
8296 8396 8357 7978
8525 8244 8682 7616
8307 8373 8328 8047
8563 8259 8663 7631
8296 8314 8458 8032
8532 8188 8696 7616
8258 8378 8356 8099
8532 8252 8665 7652
8539 8075 8812 7442
8281 8324 8477 8058
8526 8304 8689 7602
8295 8316 8426 8107
8520 8229 8734 7577
8585 8014 8789 7512
8257 8346 8394 8105
8515 8298 8712 7659
8554 7943 8822 7497
8561 8000 8809 7497
8305 8248 8391 8091
8547 8063 8777 7533
8510 8357 8667 7613
8526 8240 8720 7566
8549 8039 8802 7471
8559 8089 8789 7489
8508 8340 8680 7632
8487 8288 8729 7621
8478 8343 8670 7642
8541 8135 8796 7492
8464 8349 8667 7671
8459 8398 8633 7668
8552 8137 8807 7469
8543 8454 8625 7573
8534 8100 8845 7459
8446 8499 8605 7616
8432 8573 8576 7615
8457 8490 8573 7738
8540 8128 8805 7475
8515 8520 8560 7550
8546 8041 8846 7457
8542 8055 8833 7480
8524 8018 8871 7470
8411 8509 8594 7726
8528 8057 8836 7486
8535 8001 8850 7486
8465 8524 8547 7682
8581 8035 8816 7495
8466 8545 8536 7745
8599 7973 8787 7454
8329 8224 8404 8061
8592 8029 8773 7454
8607 8061 8757 7486
8628 8050 8730 7463
8431 8498 8577 7702
8597 8011 8770 7468
8569 8002 8818 7478
8550 7964 8849 7480
8265 8351 8353 8139
8447 8469 8601 7630
8284 8287 8317 8194
8596 8025 8797 7469
8294 8092 8312 8113
8578 7991 8775 7528
8312 8259 8292 8089
8580 7989 8770 7521
8495 8479 8572 7648
8614 8060 8711 7515
8625 8054 8769 7445
8627 8145 8721 7466
8258 8066 8375 8125
8498 8493 8649 7500
8640 8060 8718 7484
8265 8010 8389 8125
8464 8563 8592 7568
8654 8088 8729 7458
8257 8005 8430 8091
8252 8174 8450 8075
8310 8084 8496 8035
8641 8137 8699 7511
8700 8149 8677 7447
8321 8185 8481 8057
8523 8486 8543 7612
8307 8247 8453 8041
8624 8140 8705 7494
8647 8135 8744 7424
8669 8143 8701 7448
8335 8214 8451 8046
8489 8430 8609 7646
8677 8148 8660 7482
8547 8480 8636 7530
8645 8182 8683 7476
8658 8127 8694 7474
8488 8426 8630 7632
8665 8193 8646 7452
8704 8188 8642 7463
8679 8217 8571 7501
8353 8308 8401 8030
8673 8156 8666 7492
8615 8184 8688 7487
8622 8160 8726 7489
8618 8227 8679 7478
8352 8192 8479 8036
8359 8136 8493 8036
8631 8197 8674 7497
8380 8178 8448 8050
8651 8183 8680 7474
8363 8136 8451 8024
8397 8207 8392 8018
8365 8512 8615 7773
8670 8244 8628 7450
8366 8200 8394 8039
8688 8281 8590 7460
8412 8261 8342 8028
8668 8205 8584 7469
8391 8219 8387 8014
8709 8249 8547 7479
8422 8226 8385 7993
8724 8184 8534 7465
8439 8223 8379 8010
8678 8123 8586 7476
8460 8265 8334 8024
8699 8165 8541 7490
8426 8266 8304 8008
8709 8158 8574 7501
8409 8269 8310 7991
8678 8087 8607 7486
8388 8275 8292 8014
8412 8311 8308 7996
8724 8148 8555 7475
8372 8295 8282 8002
8728 8187 8520 7491
8389 8442 8294 7987
8315 8286 8376 8045
8435 8447 8604 7754
8713 8224 8543 7459
8449 8418 8624 7659
8682 8217 8545 7480
8504 8496 8548 7724
8724 8239 8528 7453
8759 8296 8508 7445
8485 8463 8626 7604
8711 8228 8547 7413
8696 8238 8566 7439
8336 8255 8389 8070
8701 8203 8580 7438
8483 8362 8692 7640
8455 8388 8637 7631
8429 8396 8654 7720
8414 8412 8640 7675
8728 8163 8622 7454
8467 8413 8610 7686
8480 8425 8622 7638
8682 8094 8731 7395
8449 8359 8686 7697
8277 8297 8556 8071
8419 8318 8674 7754
8306 8292 8506 8050
8415 8332 8661 7777
8332 8215 8482 8033
8428 8302 8656 7796
8360 8224 8434 8023
8372 8286 8352 7996
8347 8318 8323 8004
8316 8311 8325 8025
8478 8386 8591 7767
8337 8353 8280 8039
8704 8105 8720 7419
8336 8363 8262 8020
8669 8108 8730 7442
8310 8373 8302 8026
8669 8117 8701 7476
8293 8357 8355 8076
8478 8438 8569 7808
8638 8110 8703 7497
8642 8149 8668 7513
8310 8306 8302 8066
8634 8207 8675 7488
8630 8168 8710 7472
8279 8346 8272 8148
8297 8300 8263 8142
8318 8261 8228 8069
8329 8186 8219 8088
8466 8394 8547 7833
8315 8187 8355 8090
8608 8269 8747 7549
8306 8242 8296 8111
8592 8252 8711 7557
8484 8391 8556 7751
8550 8236 8743 7552
8311 8324 8290 8115
8298 8375 8218 8138
8269 8370 8220 8068
8570 8270 8755 7509
8271 8311 8291 8135
8495 8330 8709 7586
8252 8314 8270 8149
8494 8370 8693 7569
8489 8427 8687 7514
8585 8387 8631 7569
8455 8477 8545 7777
8272 8261 8337 8114
8257 8271 8356 8140
8208 8343 8425 8126
8533 8451 8586 7577
8241 8339 8358 8118
8499 8448 8562 7745
8252 8365 8461 8056
8617 8490 8500 7548
8245 8413 8416 8061
8423 8421 8590 7757
8241 8374 8451 8045
8306 8310 8484 8037
8405 8486 8556 7779
8235 8311 8458 8089
8239 8350 8423 8105
8353 8459 8593 7855
8230 8289 8525 8094
8421 8491 8565 7769
8486 8392 8695 7491
8195 8373 8430 8107
8203 8365 8416 8093
8234 8372 8414 8072
8544 8445 8644 7507
8195 8422 8465 8058
8438 8447 8578 7733
8192 8440 8425 8074
8198 8450 8439 8069
8502 8444 8588 7598
8223 8394 8471 8014
8226 8429 8463 8037
8516 8440 8557 7610
8195 8404 8535 8041
8498 8459 8576 7633
8231 8433 8426 8029
8202 8436 8452 8046
8209 8395 8440 8059
8542 8468 8541 7580
8255 8456 8388 8048
8470 8320 8638 7795
8239 8511 8375 8047
8506 8392 8576 7745
8537 8464 8578 7588
8252 8464 8356 8011
8481 8386 8565 7746
8265 8434 8351 8030
8208 8440 8408 8032
8449 8440 8569 7774
8516 8422 8623 7574
8236 8446 8410 7969
8436 8481 8546 7743
8221 8456 8429 7995
8572 8406 8647 7588
8189 8469 8473 7991
8552 8433 8584 7545
8179 8504 8430 8026
8518 8389 8660 7582
8158 8462 8475 8012
8396 8519 8613 7752
8522 8401 8654 7592
8517 8358 8670 7558
8198 8468 8491 7981
8551 8429 8611 7552
8221 8491 8461 7960
8183 8427 8492 7988
8170 8457 8497 7969
8180 8507 8484 7987
8362 8448 8672 7758
8163 8529 8463 7912
8366 8487 8637 7774
8586 8409 8600 7544
8138 8510 8470 7937
8335 8416 8670 7759
8117 8518 8495 7922
8335 8480 8639 7795
8146 8515 8469 7905
8331 8441 8674 7779
8227 8497 8527 7895
8113 8524 8476 7914
8367 8452 8635 7750
8570 8333 8681 7559
8124 8555 8480 7900
8371 8491 8600 7766
8378 8435 8614 7766
8557 8298 8699 7598
8258 8548 8418 7910
8409 8442 8612 7745
8297 8503 8451 7885
8405 8403 8647 7729
8509 8230 8738 7566
8439 8474 8588 7723
8540 8301 8705 7581
8277 8555 8416 7833
8408 8403 8621 7708
8536 8262 8740 7565
8304 8498 8493 7874
8408 8467 8590 7744
8378 8512 8439 7817
8585 8323 8662 7533
8433 8435 8619 7736
8313 8482 8475 7916
8469 8454 8576 7712
8539 8326 8683 7580
8460 8375 8634 7657
8510 8378 8573 7673
8543 8351 8650 7512
8564 8280 8714 7488
8524 8339 8558 7704
8589 8412 8598 7501
8346 8512 8421 7847
8582 8377 8647 7468
8483 8300 8658 7733
8567 8323 8697 7458
8279 8483 8445 7900
8462 8371 8594 7757
8325 8544 8393 7889
8473 8365 8652 7687
8464 8420 8593 7708
8563 8387 8676 7495
8436 8384 8618 7716
8317 8468 8488 7893
8482 8445 8566 7705
8532 8351 8727 7524
8522 8274 8778 7486
8445 8401 8604 7758
8553 8310 8727 7457
8439 8367 8625 7713
8572 8325 8729 7454
8248 8489 8502 7910
8424 8377 8644 7739
8561 8334 8719 7443
8435 8383 8635 7718
8562 8270 8770 7444
8230 8487 8420 7968
8574 8326 8705 7424
8261 8494 8418 7947
8594 8294 8694 7449
8274 8464 8413 7966
8573 8302 8719 7434
8466 8419 8584 7689
8566 8358 8705 7434
8253 8481 8431 7939
8466 8483 8553 7725
8517 8297 8783 7466
8416 8480 8614 7709
8498 8282 8781 7469
8204 8420 8509 7971
8552 8353 8756 7472
8365 8449 8577 7786
8155 8452 8496 7971
8189 8523 8437 7965
8342 8461 8643 7828
8528 8329 8749 7475
8200 8517 8495 7895
8218 8554 8457 7905
8406 8483 8528 7805
8197 8512 8502 7891
8458 8435 8555 7834
8550 8237 8772 7427
8177 8477 8545 7888
8546 8251 8759 7450
8223 8538 8493 7877
8219 8499 8528 7861
8359 8418 8607 7823
8495 8260 8787 7467
8174 8468 8535 7944
8170 8482 8522 7967
8177 8426 8536 7967
8521 8282 8789 7457
8216 8493 8464 7978
8539 8315 8744 7540
8227 8438 8465 7968
8511 8214 8780 7510
8220 8494 8451 7968
8542 8285 8747 7525
8174 8433 8503 7979
8488 8209 8786 7492
8357 8360 8676 7797
8350 8416 8662 7797
8521 8291 8729 7548
8321 8419 8688 7814
8514 8347 8715 7548
8143 8377 8587 7998
8334 8435 8649 7814
8515 8351 8688 7541
8295 8433 8643 7846
8536 8280 8752 7517
8303 8459 8637 7860
8146 8425 8530 7993
8329 8444 8579 7858
8496 8245 8768 7516
8218 8408 8545 8016
8492 8206 8803 7500
8149 8421 8516 8010
8373 8500 8583 7763
8491 8280 8754 7517
8384 8439 8595 7806
8484 8245 8803 7484
8193 8421 8491 7991
8366 8444 8609 7779
8515 8316 8770 7499
8219 8415 8504 8015
8361 8417 8659 7772
8512 8281 8778 7476
8186 8427 8471 8015
8389 8478 8657 7714
8516 8320 8743 7492
8415 8401 8633 7697
8485 8299 8782 7453
8411 8415 8620 7720
8464 8370 8718 7477
8173 8435 8485 8034
8436 8434 8613 7695
8481 8367 8712 7494
8431 8407 8648 7662
8518 8423 8673 7475
8204 8471 8434 8005
8435 8393 8661 7639
8468 8467 8668 7579
8427 8388 8702 7605
8423 8402 8689 7628
8412 8407 8728 7604
8403 8462 8669 7625
8179 8347 8584 7982
8425 8457 8650 7602
8210 8418 8551 7997
8421 8451 8668 7623
8177 8349 8589 7989
8393 8415 8693 7631
8223 8410 8537 7978
8405 8434 8690 7618
8409 8420 8703 7595
8231 8415 8496 8012
8185 8354 8548 8023
8431 8397 8719 7581
8182 8354 8574 8044
8437 8396 8701 7564
8211 8288 8575 8047
8232 8330 8530 8061
8467 8408 8680 7552
8462 8392 8688 7557
8256 8255 8601 8057
8460 8394 8693 7564
8236 8287 8612 8032
8229 8343 8598 8032
8240 8268 8589 8051
8268 8329 8587 7993
8276 8355 8581 8007
8489 8464 8613 7594
8271 8389 8512 7959
8461 8403 8615 7652
8279 8379 8506 7978
8276 8379 8532 7999
8509 8384 8567 7652
8234 8314 8507 8054
8258 8350 8523 8036
8511 8492 8525 7606
8219 8312 8479 8096
8469 8560 8492 7590
8179 8296 8453 8102
8527 8558 8502 7558
8166 8326 8458 8083
8216 8352 8414 8083
8237 8386 8381 8084
8258 8428 8336 8098
8189 8409 8310 8117
8192 8450 8282 8111
8505 8534 8510 7563
8155 8394 8321 8130
8563 8523 8394 7660
8183 8455 8319 8072
8249 8423 8349 8090
8513 8552 8528 7431
8270 8441 8307 8045
8511 8621 8309 7425
8242 8380 8309 8103
8499 8654 8370 7631
8468 8588 8559 7500
8465 8599 8506 7606
8212 8367 8388 8109
8427 8697 8478 7540
8228 8381 8394 8076
8256 8447 8356 8038
8456 8665 8341 7649
8282 8432 8298 8036
8322 8443 8328 7994
8472 8645 8389 7662
8325 8430 8343 7977
8450 8628 8520 7589
8473 8623 8551 7441
8473 8665 8342 7444
8349 8466 8359 7959
8314 8477 8285 7967
8451 8645 8458 7741
8436 8593 8594 7533
8350 8449 8336 7952
8371 8441 8311 7967
8349 8426 8268 7993
8361 8715 8339 7461
8386 8482 8229 7974
8407 8471 8202 7951
8398 8505 8190 7973
8396 8474 8196 7937
8381 8484 8215 7963
8396 8455 8240 7970
8387 8450 8253 7962
8402 8440 8234 7936
8407 8432 8286 7968
8443 8412 8381 7913
8458 8402 8362 7887
8462 8441 8327 7903
8447 8378 8431 7889
8467 8472 8447 7845
8428 8460 8301 7849
8475 8532 8573 7500
8471 8546 8560 7523
8443 8537 8608 7533
8405 8586 8596 7554
8372 8570 8292 7837
8382 8562 8590 7648
8369 8615 8573 7546
8434 8634 8549 7623
8425 8629 8562 7615
8418 8692 8491 7532
8376 8676 8523 7527
8405 8596 8268 7828
8355 8747 8459 7551
8315 8710 8480 7558
8319 8749 8445 7574
8339 8575 8387 7838
8274 8678 8505 7557
8312 8693 8486 7572
8270 8684 8461 7585
8332 8529 8401 7836
8327 8722 8455 7572
8367 8681 8504 7635
8315 8648 8511 7681
8377 8577 8388 7828
8401 8603 8572 7620
8402 8596 8381 7803
8331 8540 8635 7621
8283 8592 8576 7653
8280 8582 8607 7580
8311 8653 8574 7595
8452 8597 8376 7712
8311 8589 8605 7559
8315 8628 8570 7575
8272 8612 8570 7602
8406 8600 8397 7759
8268 8602 8587 7565
8369 8592 8595 7629
8399 8683 8413 7655
8335 8562 8648 7497
8369 8633 8589 7491
8309 8628 8621 7473
8313 8667 8586 7489
8386 8604 8634 7493
8378 8706 8301 7612
8282 8660 8588 7510
8391 8682 8327 7671
8278 8621 8623 7494
8422 8689 8325 7650
8309 8692 8590 7509
8307 8618 8597 7477
8365 8710 8517 7491
8468 8550 8450 7638
8472 8589 8415 7654
8465 8606 8434 7679
8329 8656 8578 7415
8423 8579 8496 7779
8438 8645 8543 7602
8435 8671 8524 7407
8345 8651 8564 7406
8348 8686 8556 7429
8330 8649 8594 7419
8385 8681 8454 7682
8428 8656 8525 7431
8470 8582 8579 7447
8297 8576 8512 7697
8506 8593 8540 7418
8339 8620 8506 7693
8517 8538 8541 7408
8334 8642 8468 7703
8573 8613 8449 7422
8294 8634 8471 7689
8523 8610 8510 7406
8508 8620 8529 7432
8508 8560 8569 7407
8505 8619 8533 7390
8477 8553 8571 7428
8308 8584 8498 7707
8529 8489 8633 7383
8279 8650 8497 7704
8509 8501 8598 7396
8288 8616 8509 7682
8565 8520 8555 7484
8480 8508 8591 7434
8467 8538 8596 7415
8401 8594 8615 7467
8333 8673 8484 7678
8355 8523 8651 7496
8427 8472 8679 7519
8348 8536 8642 7477
8351 8537 8638 7519
8337 8560 8674 7504
8348 8579 8637 7496
8381 8606 8580 7480
8334 8679 8461 7647
8355 8533 8667 7478
8355 8597 8636 7514
8433 8601 8534 7672
8341 8599 8639 7520
8306 8542 8659 7528
8374 8533 8566 7667
8337 8613 8626 7543
8352 8603 8607 7517
8370 8640 8569 7527
8366 8601 8604 7511
8351 8611 8623 7537
8333 8574 8661 7527
8416 8621 8548 7631
8393 8579 8629 7545
8415 8682 8466 7606
8390 8544 8637 7522
8362 8547 8633 7600
8283 8620 8591 7535
8451 8596 8490 7614
8466 8560 8518 7611
8416 8557 8579 7595
8413 8569 8588 7627
8406 8534 8637 7594
8387 8506 8638 7623
8411 8544 8594 7598
8424 8514 8589 7617
8461 8570 8550 7598
8388 8573 8601 7634
8410 8609 8568 7610
8407 8574 8576 7587
8436 8571 8550 7570
8421 8581 8569 7596
8418 8513 8636 7602
8391 8549 8593 7618
8349 8533 8625 7613
8387 8548 8606 7628
8398 8493 8607 7618
8385 8523 8612 7599
8374 8490 8646 7602
8313 8505 8652 7608
8322 8450 8711 7587
8356 8521 8652 7581
8325 8514 8654 7602
8327 8501 8670 7605
8358 8508 8668 7584
8331 8476 8666 7585
8369 8491 8647 7600
8365 8452 8682 7584
8465 8431 8577 7617
8462 8565 8582 7568
8494 8539 8567 7559
8525 8483 8576 7491
8566 8446 8604 7467
8618 8506 8544 7459
8584 8435 8603 7465
8575 8490 8544 7486
8578 8490 8518 7465
8569 8524 8506 7487
8604 8459 8583 7514
8629 8467 8499 7426
8623 8528 8416 7424
8644 8457 8480 7400
8647 8457 8493 7391
8634 8471 8462 7418
8649 8461 8443 7392
8628 8532 8379 7416
8592 8521 8418 7445
8563 8587 8417 7442
8530 8550 8528 7530
8568 8567 8416 7443
8561 8532 8465 7410
8546 8542 8484 7436
8550 8528 8497 7413
8616 8468 8588 7401
8602 8528 8528 7404
8581 8535 8495 7392
8577 8487 8559 7342
8580 8522 8551 7365
8559 8480 8596 7351
8546 8504 8570 7292
8552 8489 8564 7258
8550 8491 8569 7265
8567 8488 8563 7282
8613 8549 8511 7271
8579 8550 8481 7255
8600 8592 8436 7269
8563 8536 8475 7288
8556 8592 8461 7288
8525 8585 8463 7309
8562 8641 8424 7290
8512 8633 8436 7331
8525 8609 8462 7390
8556 8616 8460 7369
8516 8560 8525 7409
8519 8488 8588 7410
8504 8498 8607 7436
8525 8427 8671 7412
8585 8432 8639 7430
8582 8397 8647 7407
8585 8461 8590 7422
8621 8472 8551 7393
8657 8422 8536 7356
8624 8379 8603 7533
8611 8409 8608 7514
8663 8392 8593 7482
8665 8329 8630 7327
8617 8365 8609 7497
8675 8430 8510 7377
8690 8420 8491 7351
8693 8455 8483 7374
8633 8450 8515 7356
8637 8489 8480 7372
8640 8447 8481 7395
8673 8403 8505 7419
8678 8404 8474 7413
8674 8444 8464 7422
8685 8394 8453 7415
8576 8388 8509 7577
8607 8395 8507 7556
8630 8397 8563 7532
8672 8434 8449 7610
8638 8431 8456 7527
8608 8399 8480 7549
8654 8514 8402 7480
8650 8475 8437 7464
8635 8485 8456 7490
8595 8489 8543 7539
8600 8493 8506 7531
8561 8418 8602 7545
8565 8457 8567 7561
8586 8386 8631 7537
8577 8441 8572 7558
8573 8402 8607 7542
8617 8429 8578 7533
8625 8348 8648 7527
8661 8359 8609 7498
8664 8331 8607 7387
8670 8316 8601 7353
8701 8387 8568 7368
8638 8376 8618 7350
8623 8386 8637 7376
8589 8315 8696 7382
8593 8354 8661 7398
8653 8264 8624 7440
8651 8326 8627 7508
8665 8320 8586 7424
8645 8333 8581 7507
8612 8289 8664 7522
8606 8304 8670 7556
8609 8304 8644 7535
8596 8326 8622 7538
8581 8336 8641 7564
8518 8325 8691 7546
8524 8374 8654 7548
8551 8373 8584 7669
8533 8396 8615 7616
8527 8379 8558 7658
8537 8392 8538 7660
8548 8386 8596 7590
8485 8345 8693 7611
8519 8416 8634 7605
8485 8425 8634 7590
8483 8376 8635 7639
8504 8354 8667 7655
8511 8362 8604 7653
8520 8366 8586 7690
8517 8302 8643 7675
8516 8376 8594 7692
8518 8388 8583 7646
8546 8583 8327 7576
8495 8615 8405 7615
8488 8663 8360 7620
8478 8574 8409 7620
8502 8544 8526 7593
8507 8513 8463 7642
8538 8520 8461 7621
8486 8535 8498 7655
8482 8554 8458 7619
8454 8590 8443 7610
8523 8593 8405 7688
8493 8570 8449 7688
8453 8616 8443 7672
8483 8537 8470 7728
8489 8522 8464 7694
8492 8586 8407 7709
8500 8536 8370 7738
8497 8593 8380 7754
8466 8586 8382 7775
8503 8532 8463 7756
8461 8548 8419 7779
8409 8548 8388 7788
8406 8548 8414 7809
8409 8519 8437 7796
8414 8511 8545 7706
8414 8575 8514 7742
8466 8481 8567 7709
8473 8425 8581 7709
8542 8469 8448 7723
8530 8462 8464 7751
8556 8415 8503 7847
8516 8449 8495 7775
8442 8368 8598 7823
8469 8378 8565 7820
8514 8389 8548 7816
8446 8407 8563 7839
8448 8369 8574 7836
8500 8444 8521 7773
8482 8407 8559 7763
8414 8391 8596 7773
8485 8438 8564 7726
8447 8411 8581 7738
8477 8507 8526 7752
8468 8441 8564 7766
8507 8455 8539 7717
8492 8465 8558 7743
8492 8415 8552 7767
8488 8429 8539 7790
8471 8458 8460 7822
8502 8465 8458 7801
8458 8371 8586 7798
8416 8397 8585 7851
8415 8400 8565 7860
8347 8420 8588 7923
8408 8440 8541 7919
8419 8385 8542 7909
8402 8335 8596 7853
8433 8406 8563 7868
8395 8391 8582 7853
8395 8455 8551 7889
8364 8442 8572 7871
8391 8410 8605 7834
8395 8449 8570 7850
8450 8468 8526 7845
8446 8429 8561 7829
8504 8424 8505 7851
8454 8448 8549 7834
8448 8458 8502 7849
8427 8416 8547 7835
8424 8406 8578 7762
8451 8438 8580 7761
8511 8443 8548 7779
8483 8382 8550 7837
8454 8384 8580 7798
8480 8318 8607 7822
8460 8330 8572 7835
8464 8317 8578 7835
8484 8305 8613 7822
8518 8376 8554 7816
8487 8369 8556 7837
8508 8411 8511 7851
8525 8408 8505 7868
8513 8345 8527 7823
8510 8345 8553 7844
8482 8309 8578 7852
8475 8365 8564 7852
8507 8305 8547 7855
8535 8341 8522 7847
8539 8337 8445 7891
8518 8295 8490 7877
8489 8361 8489 7874
8477 8305 8540 7903
8424 8273 8610 7917
8460 8284 8571 7888
8515 8284 8576 7858
8491 8248 8560 7876
8537 8309 8508 7865
8478 8241 8596 7842
8463 8251 8615 7868
8442 8259 8640 7853
8463 8301 8595 7867
8484 8320 8611 7797
8520 8331 8572 7768
8526 8316 8566 7734
8576 8319 8505 7750
8583 8263 8519 7750
8572 8286 8473 7752
8585 8278 8459 7733
8609 8271 8415 7690
8658 8383 8475 7602
8620 8462 8371 7638
8629 8380 8309 7614
8618 8510 8381 7575
8583 8406 8410 7657
8573 8475 8470 7604
8543 8515 8432 7583
8548 8456 8477 7629
8556 8478 8476 7587
8525 8471 8478 7608
8512 8501 8483 7589
8523 8586 8481 7607
8505 8493 8477 7613
8546 8456 8505 7589
8559 8426 8500 7608
8563 8381 8560 7627
8560 8401 8522 7609
8571 8326 8513 7628
8567 8340 8500 7651
8597 8372 8476 7629
8599 8370 8471 7622
8581 8354 8553 7601
8581 8379 8494 7606
8601 8353 8519 7606
8585 8334 8508 7612
8589 8320 8521 7589
8577 8353 8566 7611
8606 8293 8513 7562
8644 8308 8494 7577
8602 8292 8526 7572
8596 8307 8532 7606
8539 8313 8589 7608
8538 8387 8540 7625
8559 8316 8604 7601
8588 8298 8567 7601
8563 8317 8591 7591
8535 8345 8585 7635
8566 8352 8583 7614
8577 8346 8641 7544
8520 8406 8616 7597
8478 8421 8647 7594
8437 8387 8664 7638
8424 8417 8669 7619
8432 8443 8663 7633
8410 8419 8671 7638
8404 8453 8633 7639
8426 8420 8624 7636
8454 8456 8599 7628
8444 8488 8606 7599
8448 8474 8619 7576
8406 8478 8661 7542
8437 8549 8628 7557
8442 8497 8620 7526
8446 8501 8603 7567
8466 8500 8581 7542
8512 8561 8529 7531
8538 8526 8522 7516
8523 8536 8541 7542
8496 8554 8479 7608
8542 8615 8427 7597
8514 8554 8429 7655
8510 8568 8416 7678
8536 8491 8392 7661
8551 8490 8396 7643
8538 8520 8401 7624
8608 8488 8385 7583
8621 8458 8380 7602
8658 8514 8341 7583
8612 8453 8393 7594
8583 8519 8392 7591
8547 8508 8431 7620
8575 8514 8433 7557
8604 8448 8434 7560
8628 8484 8450 7542
8591 8428 8489 7561
8637 8489 8437 7550
8613 8453 8421 7568
8641 8462 8373 7558
8620 8468 8355 7581
8591 8534 8354 7578
8596 8475 8399 7624
8593 8475 8425 7645
8572 8433 8470 7631
8620 8432 8463 7623
8590 8366 8486 7602
8663 8429 8462 7602
8664 8448 8380 7573
8675 8373 8371 7592
8711 8384 8332 7563
8706 8384 8437 7573
8679 8389 8367 7596
8673 8309 8453 7611
8641 8363 8482 7595
8678 8419 8443 7576
8668 8369 8456 7558
8664 8368 8469 7568
8620 8368 8494 7587
8578 8367 8438 7678
8609 8374 8436 7657
8613 8318 8476 7678
8310 8288 8813 7903
8306 8339 8714 7874
8326 8348 8710 7785
8433 8369 8727 7734
8283 8266 8753 7933
8298 8403 8744 7845
8304 8240 8914 7821
8349 8155 8819 7945
8289 8329 8748 7903
8278 8215 8926 7898
8308 8241 8836 7948
8265 8229 8947 7780
8351 8327 8765 7883
8274 8344 8743 7868
8314 8354 8815 7730
8255 8186 8842 7919
8354 8419 8815 7701
8382 8275 8798 7752
8326 8280 8862 7762
8341 8305 8834 7725
8371 8380 8852 7675
8273 8275 8900 7773
8262 8181 8930 7870
8308 8242 8878 7859
8248 8242 8828 7919
8247 8270 8938 7826
8420 8377 8741 7753
8072 8322 8914 7829
8262 8280 8857 7877
8219 8297 8939 7784
8250 8256 8928 7785
8359 8415 8669 7890
8340 8309 8885 7660
8245 8539 8766 7660
8236 8341 8975 7776
8254 7977 8901 7983
8420 8387 8723 7727
8355 8293 8799 7705
8237 8260 8758 7975
8356 8257 8648 8027
8411 8331 8733 7845
8233 8274 8745 7998
8325 8186 8681 8012
8360 8324 8672 7930
8251 8307 8805 7901
8293 8271 8901 7676
8246 8342 8738 7943
8247 8192 8985 7770
8301 8247 8790 7908
8312 8346 8871 7812
8285 8139 8793 8004
8289 8295 8780 7891
8244 8202 8807 8022
8268 8388 8702 7895
8336 8375 8763 7759
8339 8390 8781 7724
8360 8243 8661 8004
8304 8336 8633 7983
8270 8408 8576 8007
8203 8421 8528 7963
8401 8358 8777 7737
8428 8339 8736 7706
8382 8436 8711 7748
8431 8308 8754 7726
8425 8259 8791 7724
8424 8364 8740 7726
8315 8322 8609 7974
8371 8247 8629 8001
8189 8423 8530 7982
8391 8250 8659 7983
8368 8276 8758 7917
8329 8344 8796 7704
8328 8113 8864 7931
8285 8247 8823 7901
8409 8280 8690 7852
8359 8331 8702 7854
8367 8194 8842 7849
8482 8176 8786 7867
8390 8251 8744 7862
8395 8169 8711 7936
8171 8433 8529 8000
8294 8155 8814 7975
8348 8199 8738 7958
8174 8312 8767 7877
8299 8107 8780 7972
8271 8423 8694 7918
8310 8378 8679 7890
8103 8431 8774 7917
8250 8328 8751 7920
8083 8366 8784 7845
8133 8369 8723 7861
8430 8176 8755 7876
8253 8246 8791 7911
8229 8235 8780 7982
8433 8367 8604 7849
8416 8466 8535 7933
8498 8335 8493 7877
8448 8357 8585 7823
8297 8304 8845 7862
8475 8357 8494 7870
8462 8315 8752 7705
8246 8308 8768 7876
8295 8362 8772 7851
8267 8332 8777 7830
8442 8275 8795 7614
8272 8411 8812 7736
8242 8471 8773 7716
8319 8607 8726 7668
8282 8508 8752 7709
8306 8515 8722 7717
8347 8475 8801 7701
8287 8380 8818 7693
8321 8330 8836 7698
8346 8253 8861 7672
8370 8287 8810 7722
8409 8269 8805 7668
8418 8315 8777 7724
8336 8326 8838 7709
8368 8246 8819 7679
8375 8198 8864 7674
8397 8233 8822 7827
8432 8259 8807 7604
8427 8232 8835 7669
8439 8211 8852 7599
8473 8282 8793 7593
8482 8322 8829 7583
8404 8260 8814 7599
8435 8331 8781 7614
8483 8335 8773 7610
8479 8287 8837 7560
8439 8252 8853 7559
8424 8296 8907 7592
8443 8241 8880 7561
8396 8332 8892 7583
8399 8250 8840 7594
8398 8195 8903 7627
8365 8243 8868 7636
8323 8227 8900 7631
8395 8275 8844 7614
8410 8278 8811 7637
8381 8442 8846 7666
8320 8260 8933 7668
8300 8289 8887 7672
8281 8263 8926 7764
8285 8314 8869 7813
8326 8315 8853 7751
8319 8272 8898 7685
8277 8322 8883 7827
8193 8387 8831 7729
8213 8380 8883 7700
8164 8375 8875 7703
8251 8369 8857 7722
8208 8320 8888 7777
8258 8250 8959 7766
8262 8289 8924 7782
8233 8356 8915 7764
8257 8243 8928 7775
8279 8215 8973 7811
8264 8267 8935 7723
8367 8382 8761 7738
8320 8349 8815 7752
8377 8309 8785 7691
8477 8305 8733 7679
8471 8320 8739 7713
8440 8249 8772 7698
8457 8263 8771 7742
8436 8304 8755 7677
8418 8267 8793 7667
8433 8305 8758 7698
8387 8308 8779 7745
8389 8306 8774 7738
8420 8313 8772 7717
8458 8328 8753 7732
8427 8257 8786 7717
8430 8292 8778 7740
8416 8348 8758 7711
8382 8372 8742 7712
8336 8311 8794 7723
8375 8422 8717 7712
8360 8432 8736 7738
8370 8397 8779 7703
8329 8374 8793 7714
8320 8299 8827 7829
8338 8310 8803 7711
8351 8204 8831 7737
8431 8214 8772 7838
8448 8270 8750 7766
8465 8250 8715 7822
8504 8228 8773 7772
8460 8246 8752 7830
8378 8146 8883 7852
8342 8233 8817 7857
8374 8191 8860 7738
8401 8242 8754 7873
8358 8202 8801 7846
8387 8253 8785 7841
8358 8266 8770 7882
8367 8239 8815 7743
8365 8246 8801 7759
8327 8269 8798 7770
8393 8263 8760 7859
8289 8258 8817 7880
8396 8217 8782 7861
8415 8181 8833 7791
8400 8143 8805 7823
8423 8104 8824 7846
8429 8126 8770 7903
8455 8167 8851 7804
8411 8267 8764 7809
8388 8236 8797 7863
8373 8172 8821 7894
8356 8179 8826 7893
8327 8195 8803 7867
8221 8284 8800 7957
8261 8222 8842 7888
8244 8252 8974 7911
8327 8220 8798 7931
8339 8307 8698 7912
8339 8338 8661 7951
8349 8158 8747 7954
8356 8193 8679 7991
8331 8270 8660 7964
8426 8204 8696 7915
8284 8199 8781 7970
8382 8275 8640 7954
8391 8209 8783 7904
8502 8081 8786 7818
8437 8294 8648 7897
8487 8216 8646 7784
8541 8266 8624 7803
8559 8206 8658 7766
8559 8187 8693 7829
8465 8186 8746 7786
8422 8274 8671 7785
8476 8209 8666 7774
8447 8275 8665 7771
8418 8276 8768 7799
8475 8216 8669 7884
8377 8211 8786 7910
8420 8065 8802 7922
8380 8093 8823 7857
8379 8093 8868 7899
8374 7996 8937 7915
8367 8055 8842 7972
8416 8232 8735 7847
8399 8217 8756 7840
8407 8178 8756 7856
8426 8091 8778 7880
8460 8162 8719 7874
8433 8197 8753 7901
8458 8218 8693 7886
8351 8257 8725 7958
8302 8108 8776 8014
8264 8292 8760 7974
8324 8308 8694 7930
8300 8297 8668 7967
8371 8269 8673 7920
8398 8301 8675 7919
8335 8290 8725 7901
8386 8263 8599 7974
8391 8254 8699 7906
8359 8240 8568 8009
8315 8281 8634 7973
8386 8272 8570 8008
8342 8313 8636 7972
8309 8374 8706 7897
8402 8113 8725 7936
8351 8258 8695 7951
8272 8427 8667 7911
8364 8162 8713 7957
8329 8225 8646 8028
8377 8185 8668 7952
8360 8232 8644 8007
8369 8159 8674 7938
8376 8103 8688 7938
8342 8265 8699 7935
8397 8095 8663 7953
8360 8179 8692 7968
8382 8078 8730 7940
8288 8332 8751 7883
8353 8229 8667 7968
8435 8119 8752 7932
8289 8336 8724 7876
8403 8232 8606 7984
8440 8098 8699 7912
8449 8293 8554 7973
8327 8266 8695 7953
8460 8238 8555 7963
8389 8058 8804 7943
8324 8225 8723 7959
8491 8245 8553 7942
8380 8018 8803 7980
8497 8230 8547 7908
8482 8240 8566 7934
8432 8237 8627 7918
8381 8175 8707 7906
8332 8383 8667 7891
8426 8252 8633 7952
8384 8210 8699 7929
8395 8181 8666 7937
8395 8245 8635 7973
8391 8474 8574 7870
8335 8091 8854 7992
8345 8192 8761 7938
8322 8586 8641 7808
8361 8233 8685 7940
8362 8231 8686 7944
8433 8510 8526 7768
8382 8227 8703 7917
8358 8245 8673 7967
8395 8197 8698 7936
8364 8230 8667 7933
8378 8483 8566 7801
8383 8268 8636 7931
8276 8489 8661 7832
8465 8232 8680 7874
8441 8194 8677 7889
8456 8219 8618 7896
8344 8007 8842 8009
8473 8208 8674 7860
8297 8026 8894 7985
8455 8280 8608 7896
8510 8256 8595 7847
8341 8657 8611 7680
8429 8221 8719 7903
8470 8270 8589 7870
8279 8655 8631 7703
8444 8238 8662 7897
8341 7973 8860 7931
8284 8635 8629 7829
8403 8223 8707 7903
8421 8260 8669 7913
8258 8595 8703 7828
8432 8185 8660 7932
8332 8056 8862 7969
8346 8603 8518 7748
8453 8227 8615 7946
8435 8261 8575 7933
8389 8265 8560 7941
8432 8288 8601 7903
8307 8050 8874 7954
8414 8669 8562 7671
8426 8322 8563 7904
8318 8030 8934 7913
8398 8256 8601 7942
8387 8279 8555 7944
8391 8576 8640 7629
8452 8272 8475 7934
8452 8231 8452 7971
8273 8677 8592 7660
8481 8228 8426 7954
8463 8191 8464 7944
8446 8202 8408 7980
8419 8212 8412 7998
8394 8201 8426 8018
8387 8166 8475 7985
8390 8201 8467 8008
8359 8194 8469 8029
8400 8228 8452 7985
8271 8542 8704 7752
8422 8253 8384 7992
8450 8219 8410 7977
8404 8158 8462 7988
8401 8158 8488 8009
8326 8558 8579 7788
8398 8123 8496 7986
8288 8118 8781 7984
8435 8134 8497 7974
8233 8048 8837 8007
8299 8585 8637 7820
8426 8075 8497 7978
8486 8080 8465 7996
8253 8047 8854 8046
8458 8050 8470 7975
8227 8524 8736 7813
8492 8121 8411 7969
8273 8465 8675 7781
8461 8114 8413 7990
8488 8146 8415 7989
8467 8104 8460 7975
8362 8512 8641 7794
8498 8111 8458 7954
8509 8105 8516 7884
8258 8423 8735 7801
8526 8199 8502 7903
8273 8113 8859 7961
8494 8302 8534 7920
8224 8352 8794 7807
8544 8224 8475 7900
8204 8359 8786 7770
8547 8187 8521 7846
8222 8396 8748 7780
8565 8177 8479 7858
8206 8358 8774 7755
8581 8238 8521 7797
8360 8009 8856 7970
8192 8352 8859 7811
8556 8317 8543 7836
8192 8360 8777 7761
8586 8239 8569 7769
8372 8044 8827 7946
8534 8254 8654 7776
8533 8276 8630 7784
8168 8383 8777 7753
8566 8150 8672 7766
8152 8358 8860 7724
8242 8344 8911 7686
8507 8125 8775 7819
8529 8196 8802 7764
8389 7980 8758 7985
8385 7941 8793 7969
8522 8361 8619 7767
8366 8037 8811 8008
8159 8405 8899 7687
8380 8072 8721 7996
8106 8388 8902 7636
8548 8248 8582 7741
8346 8073 8691 7980
8154 8456 8863 7668
8572 8269 8626 7710
8377 8080 8689 7959
8120 8457 8833 7652
8552 8223 8578 7721
8347 8048 8769 7987
8141 8499 8788 7666
8568 8230 8661 7694
8113 8433 8826 7704
8096 8436 8832 7687
8378 8197 8748 7931
8062 8365 8891 7693
8106 8412 8884 7767
8533 8233 8671 7717
8094 8379 8886 7750
8121 8411 8888 7749
8410 8050 8779 7958
8082 8348 8935 7748
8424 8075 8762 7956
8062 8360 8900 7761
8382 8013 8730 7968
8155 8296 8898 7830
8250 8239 8963 7873
8510 8126 8771 7861
8286 8250 8924 7844
8186 8303 8896 7809
8173 8236 8991 7795
8158 8353 8829 7795
8541 8263 8593 7826
8189 8360 8827 7774
8271 8101 8778 8035
8268 8037 8835 8020
8564 8253 8509 7788
8176 8306 8897 7782
8367 8023 8850 8006
8258 8051 8817 8038
8261 8051 8791 8017
8307 8112 8739 8006
8310 8071 8808 8006
8247 8204 8971 7850
8220 8260 8937 7853
8237 8058 8784 8026
8293 8114 8779 7983
8564 8259 8518 7784
8143 8320 8912 7777
8540 8243 8507 7846
8284 8148 8821 7958
8142 8316 8939 7784
8585 8263 8488 7729
8607 8287 8480 7724
8599 8261 8486 7710
8193 8148 8825 8053
8635 8240 8449 7719
8125 8353 8906 7777
8620 8213 8523 7755
8266 8169 8845 7961
8146 8395 8861 7791
8608 8255 8569 7714
8111 8346 8888 7790
8249 8142 8801 7978
8642 8262 8541 7672
8661 8351 8483 7657
8143 8357 8910 7678
8608 8191 8600 7678
8294 8257 8729 7941
8115 8352 8948 7656
8316 8293 8696 7917
8156 8315 8976 7632
8611 8255 8543 7693
8139 8251 9002 7626
8598 8261 8586 7682
8233 8219 8764 8074
8195 8262 8989 7829
8603 8265 8549 7674
8307 8306 8703 7952
8603 8201 8580 7638
8238 8255 8973 7636
8271 8267 8717 7952
8595 8226 8594 7659
8230 8209 8795 8001
8249 8200 8974 7626
8599 8265 8559 7675
8215 8219 8814 8027
8258 8266 8936 7612
8186 8222 8840 8044
8248 8346 8925 7637
8184 8148 8847 8012
8564 8272 8548 7719
8558 8333 8465 7717
8210 8221 8760 8014
8186 8380 8886 7610
8202 8153 8812 8061
8537 8314 8545 7711
8253 8350 8888 7629
8198 8162 8784 8082
8526 8281 8626 7722
8183 8172 8803 8108
8536 8413 8584 7718
8149 8101 8862 8114
8153 8140 8827 8130
8331 8343 8873 7682
8567 8420 8582 7697
8159 8125 8821 8096
8530 8337 8637 7712
8193 8196 8762 8090
8162 8189 8764 8111
8183 8183 8782 8088
8567 8304 8612 7711
8162 8141 8827 8074
8200 8092 8839 8053
8216 8240 8977 7754
8530 8273 8668 7676
8227 8124 8841 8052
8190 8068 8880 8071
8183 8124 8866 8071
8198 8114 8847 8045
8156 8092 8864 8072
8153 8092 8890 8093
8125 8056 8915 8101
8152 8088 8917 8100
8122 8047 8905 8157
8143 8089 8860 8171
8108 8040 8887 8170
8543 8194 8589 7786
8136 8101 8885 8112
8589 8255 8537 7775
8115 8059 8930 8098
8554 8206 8564 7774
8143 8125 8892 8060
8575 8248 8519 7788
8109 8126 8862 8044
8128 8237 8999 7638
8098 8149 8816 8046
8131 8272 8991 7661
8143 8189 8798 8056
8135 8250 8997 7647
8551 8168 8498 7865
8552 8172 8534 7855
8237 8319 8692 7969
8226 8307 8717 7981
8524 8239 8631 7812
8166 8315 8657 8001
8546 8264 8563 7819
8236 8279 8692 8019
8201 8361 8898 7673
8525 8116 8752 7835
8241 8297 8698 7955
8243 8313 8897 7642
8564 8128 8630 7793
8563 8202 8581 7810
8574 8196 8639 7740
8225 8229 8807 7973
8216 8284 8748 7994
8503 8205 8640 7785
8263 8336 8906 7611
8523 8191 8784 7765
8255 8291 8772 7915
8527 8241 8656 7767
8531 8219 8662 7753
8224 8284 8774 7936
8251 8252 8907 7900
8500 8203 8615 7830
8493 8259 8601 7830
8252 8251 8938 7725
8288 8265 8881 7747
8487 8199 8644 7795
8485 8201 8649 7802
8492 8195 8643 7801
8298 8206 8788 7957
8488 8209 8630 7824
8545 8215 8579 7803
8517 8209 8577 7866
8553 8220 8538 7837
8511 8155 8513 7892
8513 8153 8508 7885
8331 8220 8797 7936
8308 8178 8909 7823
8541 8189 8483 7877
8352 8168 8823 7903
8293 8188 8928 7849
8360 8129 8789 7913
8259 8117 8987 7855
8532 8305 8545 7873
8310 8126 8850 7897
8252 8165 8942 7860
8559 8248 8464 7881
8258 8150 8936 7826
8534 8236 8433 7911
8517 8239 8439 7894
8331 8239 8759 7927
8193 8134 8997 7860
8574 8238 8445 7855
8568 8253 8451 7889
8530 8238 8470 7874
8220 8216 8958 7929
8515 8248 8489 7900
8255 8224 8839 7897
8501 8298 8547 7894
8286 8324 8757 7904
8258 8288 8782 7912
8506 8434 8529 7847
8270 8272 8843 7863
8336 8211 8789 7886
8456 8319 8525 7872
8367 8218 8787 7865
8280 8262 8848 7836
8446 8417 8544 7908
8333 8147 8846 7871
8450 8403 8557 7885
8337 8195 8782 7921
8299 8131 8813 7949
8271 8238 8905 7861
8475 8427 8531 7868
8339 8217 8776 7953
8501 8459 8514 7801
8304 8127 8782 7970
8265 8272 8867 7862
8491 8354 8621 7788
8278 8142 8840 7972
8226 8142 8809 7981
8272 8203 8757 7970
8438 8390 8592 7837
8510 8464 8501 7809
8319 8248 8743 7971
8259 8227 8938 7824
8472 8525 8465 7777
8267 8248 8712 7980
8259 8236 8909 7858
8552 8453 8524 7734
8264 8248 8738 8001
8240 8223 8757 7988
8243 8264 8729 7982
8243 8223 8706 8019
8205 8272 8694 8040
8181 8155 8997 7895
8516 8416 8660 7626
8241 8283 8655 8011
8179 8157 9002 7902
8195 8222 8707 8022
8177 8126 9008 7866
8247 8222 8738 8013
8225 8201 8982 7899
8264 8283 8662 7990
8223 8260 8911 7832
8569 8489 8468 7714
8286 8264 8748 7938
8594 8456 8572 7658
8238 8314 8861 7842
8227 8337 8815 7844
8594 8517 8425 7618
8181 8276 8867 7855
8595 8351 8681 7503
8212 8283 8865 7834
8597 8400 8610 7555
8191 8291 8890 7819
8648 8436 8576 7512
8656 8456 8429 7524
8400 8273 8706 7879
8644 8519 8455 7479
8194 8276 8950 7831
8390 8338 8700 7833
8191 8276 8976 7852
8562 8483 8571 7563
8356 8267 8759 7839
8223 8271 8941 7819
8320 8256 8798 7868
8324 8295 8763 7884
8320 8309 8750 7907
8318 8238 8807 7904
8266 8285 8923 7823
8352 8309 8748 7898
8284 8280 8879 7765
8332 8259 8774 7822
8293 8246 8891 7743
8614 8365 8635 7518
8392 8264 8742 7840
8295 8244 8886 7736
8414 8288 8734 7835
8635 8455 8483 7435
8348 8298 8772 7851
8375 8376 8775 7719
8667 8300 8617 7460
8376 8304 8758 7851
8335 8339 8796 7726
8686 8386 8553 7466
8396 8319 8747 7827
8636 8264 8668 7489
8340 8373 8854 7696
8636 8336 8646 7534
8396 8191 8816 7832
8337 8363 8885 7623
8402 8245 8775 7761
8368 8434 8852 7638
8411 8190 8834 7740
8383 8424 8833 7612
8613 8439 8586 7535
8429 8227 8796 7750
8398 8449 8774 7619
8405 8393 8788 7619
8415 8247 8803 7737
8423 8387 8859 7564
8406 8302 8744 7758
8427 8498 8765 7585
8388 8265 8782 7748
8458 8343 8817 7580
8655 8363 8570 7508
8688 8387 8473 7618
8427 8279 8842 7576
8680 8370 8446 7668
8510 8167 8856 7774
8719 8370 8401 7600
8383 8236 8912 7543
8458 8214 8781 7731
8365 8261 8925 7568
8679 8186 8396 7736
8411 8142 8868 7775
8702 8189 8450 7727
8432 8297 8834 7511
8697 8261 8375 7711
8444 8420 8798 7530
8697 8190 8434 7642
8406 8390 8865 7547
8392 8236 8756 7873
8354 8299 8899 7551
8385 8370 8866 7566
8351 8299 8925 7572
8351 8363 8894 7608
8717 8145 8476 7673
8386 8239 8764 7897
8354 8363 8868 7587
8345 8397 8856 7609
8374 8331 8857 7612
8324 8204 8808 7894
8405 8338 8855 7591
8342 8241 8770 7904
8420 8328 8836 7565
8427 8272 8850 7565
8657 8140 8508 7655
8383 8348 8868 7588
8375 8137 8793 7878
8356 8316 8866 7589
8375 8201 8762 7914
8351 8165 8746 7932
8372 8296 8876 7601
8393 8187 8729 7905
8393 8225 8940 7577
8427 8258 8670 7899
8448 8187 8734 7875
8384 8280 8881 7598
8380 8294 8868 7621
8371 8136 8782 7913
8389 8260 8880 7599
8411 8173 8761 7906
8338 8190 8935 7609
8380 8102 8794 7891
8707 8192 8398 7673
8384 8141 8759 7907
8395 8160 8911 7604
8374 8231 8847 7628
8664 8237 8423 7702
8479 8119 8773 7882
8364 8189 8916 7634
8457 8128 8764 7872
8343 8195 8898 7657
8404 8080 8792 7864
8333 8118 8949 7619
8435 8087 8790 7843
8460 8097 8866 7774
8360 8150 8951 7618
8656 8203 8490 7799
8394 8221 8892 7612
8334 8216 8924 7594
8338 8255 8889 7610
8300 8195 8943 7596
8461 8145 8807 7791
8331 8216 8904 7635
8327 8177 8939 7619
8360 8176 8886 7696
8323 8120 8923 7632
8483 8135 8854 7775
8354 8191 8890 7647
8633 8269 8421 7814
8470 8157 8832 7778
8413 8139 8894 7808
8629 8171 8488 7800
8454 8190 8770 7779
8378 8082 8914 7816
8407 8150 8872 7663
8486 8156 8747 7785
8478 8117 8824 7781
8379 8212 8840 7686
8661 8179 8473 7671
8403 8186 8852 7735
8396 8242 8838 7735
8525 8157 8837 7748
8421 8181 8808 7677
8434 8112 8880 7633
8618 8154 8677 7737
8465 8183 8847 7648
8427 8168 8866 7633
8384 8162 8859 7645
8698 8150 8485 7711
8531 8093 8773 7762
8415 8169 8857 7624
8552 8138 8737 7698
8422 8113 8871 7624
8545 8103 8786 7665
8436 8077 8951 7781
8549 8151 8722 7715
8412 8113 8895 7782
8452 8101 8898 7662
8678 8108 8544 7708
8474 8046 8864 7638
8704 8169 8450 7614
8478 8010 8884 7566
8662 8173 8492 7580
8553 8073 8766 7815
8527 8032 8843 7685
8683 8160 8504 7737
8475 7975 8892 7543
8651 8331 8512 7637
8491 8091 8862 7750
8466 7977 8886 7549
8449 8064 8913 7781
8628 8265 8458 7822
8457 7924 8904 7519
8545 8069 8805 7695
8488 7995 8871 7534
8459 7955 8898 7555
8476 8019 8872 7561
8460 8020 8895 7735
8672 8242 8382 7736
8504 8072 8869 7478
8484 8104 8880 7453
8663 8262 8345 7695
8538 8118 8778 7736
8464 8039 8890 7381
8547 8184 8740 7722
8549 8073 8864 7454
8683 8359 8440 7629
8486 8033 8877 7407
8498 8032 8886 7416
8617 8316 8374 7689
8606 8237 8761 7533
8595 8340 8319 7731
8583 8181 8787 7417
8613 8020 8784 7445
8599 8376 8410 7710
8645 8160 8736 7461
8424 8096 8884 7789
8597 8316 8422 7758
8428 8135 8849 7805
8582 7949 8817 7430
8585 7984 8809 7453
8568 8382 8421 7755
8584 8479 8481 7688
8583 8144 8805 7448
8515 8107 8850 7730
8568 8105 8778 7459
8515 8171 8819 7766
8549 8034 8801 7799
8470 8100 8879 7749
8449 8171 8815 7773
8586 8172 8780 7447
8603 8508 8427 7678
8415 8100 8874 7779
8398 8111 8818 7815
8590 8057 8779 7468
8518 8522 8444 7730
8603 8100 8727 7727
8528 8555 8418 7656
8640 8151 8763 7412
8347 8075 8916 7837
8381 8146 8857 7831
8649 8162 8733 7427
8412 8153 8855 7810
8500 8445 8642 7715
8369 8092 8901 7734
8617 8210 8745 7456
8389 8157 8891 7806
8628 8370 8415 7677
8379 8090 8926 7774
8413 8161 8867 7768
8382 8090 8900 7753
8420 8105 8881 7768
8433 8042 8959 7758
8393 8007 8975 7757
8398 7970 8983 7760
8528 8597 8368 7680
8385 8000 8988 7741
8439 8053 8922 7716
8386 8048 8960 7727
8388 8046 8955 7720
8406 8083 8917 7730
8560 8224 8794 7406
8457 8581 8395 7767
8361 8018 8918 7806
8300 8033 8924 7812
8609 8208 8768 7325
8474 8452 8556 7831
8306 8052 8953 7794
8617 8246 8696 7454
8271 8003 8980 7793
8292 8045 8935 7807
8633 8199 8718 7417
8266 7966 8970 7837
8503 8642 8343 7756
8270 8005 8935 7853
8423 8638 8336 7817
8283 7981 8961 7912
8490 8504 8535 7802
8320 8037 8922 7893
8371 8491 8291 7966
8324 8015 8928 7879
8369 8488 8542 7802
8314 7991 8969 7897
8591 8272 8753 7532
8371 7961 8945 7892
8405 8032 8886 7886
8345 8027 8918 7868
8349 8066 8883 7884
8610 8276 8726 7549
8307 8050 8915 7879
8585 8308 8697 7557
8307 8114 8884 7915
8300 8119 8885 7924
8282 8146 8855 7923
8303 8090 8908 7911
8286 8121 8851 7903
8272 8083 8910 7932
8412 8528 8303 7827
8252 8114 8879 7945
8569 8171 8771 7484
8374 8508 8272 7857
8547 8118 8809 7421
8400 8537 8549 7794
8401 8613 8404 7810
8300 8055 8916 7888
8303 8119 8859 7903
8334 8126 8857 7882
8335 8052 8906 7865
8545 8318 8805 7439
8339 8091 8871 7881
8352 8061 8866 7900
8348 8022 8901 7884
8384 8033 8862 7855
8388 8072 8827 7871
8375 8014 8840 7988
8368 8005 8862 7930
8389 7994 8835 7907
8560 8228 8778 7386
8519 8484 8487 7798
8425 8040 8760 7932
8556 8345 8719 7480
8383 8018 8777 7959
8414 8025 8775 7938
8380 7954 8834 7944
8563 8318 8710 7514
8578 8356 8700 7384
8585 8313 8702 7341
8401 8523 8576 7744
8390 8004 8821 7962
8617 8320 8665 7411
8361 8076 8810 7921
8346 8086 8829 7947
8299 8024 8889 7978
8593 8361 8645 7539
8336 7952 8883 7991
8567 8387 8666 7494
8332 7966 8870 8014
8559 8348 8711 7479
8506 8324 8767 7516
8529 8325 8769 7359
8282 8035 8833 8014
8561 8402 8655 7369
8330 8095 8856 7993
8343 8087 8842 7974
8295 8027 8819 7995
8322 8059 8821 7994
8291 8052 8823 8015
8280 8075 8777 8017
8287 8019 8791 8017
8284 8019 8817 8038
8581 8307 8710 7567
8238 7958 8869 8049
8269 7965 8867 8028
8317 7957 8943 7978
8490 8341 8763 7352
8266 7964 8871 7986
8562 8383 8703 7502
8419 8446 8594 7777
8519 8302 8726 7592
8391 8471 8587 7808
8317 7893 8974 7942
8529 8316 8735 7501
8387 8513 8515 7799
8351 7964 8915 7936
8299 7904 8975 7944
8290 7959 8916 7965
8378 8427 8586 7902
8319 7893 8917 7968
8408 8456 8551 7860
8316 7893 8943 7989
8320 7879 8956 7966
8322 7897 8923 7948
8567 8228 8773 7304
8340 7861 8925 7924
8552 8238 8792 7330
8395 8424 8580 7919
8377 7917 8886 7905
8521 8167 8825 7315
8421 7882 8900 7916
8581 8172 8793 7333
8455 7918 8817 7897
8318 8452 8641 7914
8442 7876 8918 7893
8427 7932 8848 7883
8630 8157 8762 7305
8614 8212 8731 7317
8667 8214 8690 7392
8442 7924 8855 7930
8411 8414 8552 7883
8390 7924 8824 7939
8662 8210 8727 7400
8405 8479 8555 7812
8427 7980 8785 7920
8646 8120 8775 7293
8400 8430 8652 7821
8396 7973 8787 7941
8624 8130 8779 7278
8424 8034 8785 7883
8639 8102 8789 7297
8503 8483 8489 7800
8435 7959 8776 7902
8440 7976 8814 7887
8429 8051 8823 7868
8392 7995 8862 7887
8645 8086 8773 7333
8401 8061 8824 7873
8380 8069 8849 7858
8637 8094 8790 7339
8383 8110 8821 7852
8614 8089 8769 7446
8436 8096 8810 7827
8561 8023 8830 7418
8390 8035 8862 7838
8596 8166 8776 7401
8570 8098 8819 7436
8396 8072 8822 7847
8420 8108 8838 7829
8323 8578 8593 7777
8385 8059 8865 7828
8402 8064 8836 7834
8429 8096 8838 7833
8411 8573 8563 7762
8433 8074 8844 7819
8437 8113 8809 7835
8444 8057 8823 7835
8454 8586 8494 7758
8452 8054 8802 7852
8479 8086 8804 7851
8534 8044 8820 7825
8503 8058 8804 7814
8677 8200 8708 7374
8484 8056 8813 7821
8742 8099 8699 7413
8453 7985 8846 7806
8703 8165 8678 7298
8696 8147 8724 7289
8509 8024 8842 7813
8531 8048 8834 7808
8727 8203 8647 7390
8366 8600 8342 7830
8534 8048 8808 7787
8680 8157 8726 7438
8507 8012 8818 7826
8674 8112 8734 7267
8673 8173 8730 7291
8667 8126 8766 7317
8685 8037 8725 7286
8541 8037 8822 7782
8707 8140 8712 7442
8545 8076 8787 7798
8507 8061 8806 7783
8635 8129 8765 7282
8599 8086 8795 7290
8539 8137 8719 7753
8699 8126 8713 7282
8524 8147 8738 7779
8703 8179 8671 7436
8493 8140 8740 7800
8485 8148 8754 7814
8464 8106 8799 7800
8495 8113 8797 7779
8502 8057 8811 7779
8548 8118 8759 7768
8520 8082 8784 7776
8541 8124 8739 7790
8639 8168 8730 7298
8549 8116 8725 7776
8585 8127 8686 7747
8581 8088 8721 7731
8643 8141 8754 7313
8566 8098 8740 7757
8563 8063 8748 7734
8572 8029 8760 7712
8638 8091 8791 7266
8572 8093 8729 7748
8585 8104 8710 7788
8568 8107 8716 7771
8720 8158 8663 7420
8616 8111 8708 7767
8672 8130 8729 7309
8575 8057 8739 7734
8571 8071 8726 7757
8650 8026 8767 7289
8587 7983 8752 7763
8642 8021 8808 7255
8596 8049 8714 7749
8642 8085 8777 7291
8633 8055 8825 7323
8567 7918 8762 7691
8645 8056 8800 7278
8617 7921 8701 7707
8626 8024 8850 7220
8654 7977 8662 7688
8630 8063 8815 7236
8627 7954 8631 7723
8602 8057 8813 7299
8618 7988 8619 7745
8623 8099 8768 7313
8609 7962 8603 7798
8601 8076 8580 7813
8606 8023 8823 7324
8578 7955 8605 7819
8641 8014 8608 7795
8629 7940 8609 7736
8632 8083 8578 7792
8672 8066 8760 7273
8599 7997 8560 7833
8613 7980 8536 7837
8563 7852 8539 7853
8521 7956 8606 7876
8499 7935 8630 7915
8327 8418 8653 7892
8491 7940 8614 7880
8718 8213 8634 7308
8473 7920 8649 7921
8680 8198 8653 7293
8273 8381 8701 7897
8444 7986 8648 7918
8680 8262 8622 7329
8277 8420 8666 7913
8480 8003 8658 7914
8693 8238 8648 7388
8327 8376 8692 7924
8714 8230 8623 7403
8276 8415 8665 7940
8485 7955 8620 7914
8687 8207 8592 7438
8453 7968 8664 7910
8718 8214 8590 7417
8474 8010 8619 7924
8669 8181 8670 7512
8685 8159 8696 7473
8449 7982 8651 7933
8296 8305 8725 7909
8437 7949 8653 7916
8291 8379 8693 7937
8483 8010 8601 7905
8245 8344 8698 7925
8494 7955 8602 7895
8238 8400 8684 7925
8506 7988 8600 7912
8631 8149 8695 7476
8242 8439 8649 7941
8460 7927 8652 7923
8449 7932 8691 7899
8211 8432 8651 7962
8633 8184 8726 7433
8238 8464 8653 7961
8633 8229 8676 7466
8256 8428 8655 7937
8253 8428 8681 7958
8545 7963 8575 7874
8253 8364 8712 7922
8543 7981 8538 7883
8246 8360 8716 7876
8280 8431 8657 7870
8536 7946 8587 7850
8284 8417 8670 7847
8561 7930 8561 7838
8657 8217 8635 7415
8652 8213 8672 7423
8648 8174 8707 7407
8573 7883 8576 7836
8644 8190 8728 7428
8539 7812 8635 7842
8555 7939 8532 7847
8238 8574 8681 7840
8258 8504 8525 7874
8575 8059 8520 7888
8213 8513 8519 7854
8275 8501 8519 7891
8536 7947 8586 7830
8232 8542 8465 7844
8304 8478 8529 7873
8357 8498 8558 7871
8626 7898 8629 7800
8189 8473 8549 7892
8580 7837 8681 7811
8176 8503 8554 7873
8573 7893 8667 7811
8560 8201 8786 7517
8167 8505 8564 7875
8575 7891 8662 7804
8594 8164 8766 7433
8204 8509 8547 7887
8555 8101 8813 7432
8168 8545 8508 7879
8172 8531 8521 7856
8544 8099 8808 7515
8216 8508 8514 7854
8551 7984 8535 7842
8533 7964 8566 7865
8261 8523 8457 7862
8307 8584 8405 7851
8490 7949 8608 7897
8279 8523 8407 7909
8275 8537 8394 7932
8238 8491 8450 7965
8269 8492 8472 7937
8512 7974 8540 7904
8501 7997 8494 7906
8515 7997 8467 7908
8548 8027 8518 7889
8609 8087 8470 7860
8328 8472 8456 7890
8600 7936 8486 7856
8550 7933 8547 7840
8581 8004 8514 7855
8401 8448 8423 7949
8265 8433 8364 7970
8528 7999 8552 7866
8529 7925 8601 7849
8591 8283 8701 7539
8287 8422 8441 8048
8287 8458 8296 7977
8579 8034 8516 7868
8227 8433 8436 8030
8259 8494 8281 7968
8563 8026 8522 7871
8262 8494 8255 7947
8567 8016 8562 7837
8298 8505 8216 7918
8594 8033 8520 7850
8610 8341 8662 7477
8300 8504 8291 7908
8609 8023 8501 7824
8310 8475 8374 7937
8328 8468 8306 7917
8602 8073 8476 7824
8587 8083 8495 7850
8554 8300 8675 7571
8352 8517 8287 7887
8566 8041 8540 7836
8447 8481 8494 7840
8597 8048 8538 7815
8343 8514 8393 7898
8563 7977 8597 7821
8284 8483 8450 7890
8578 8292 8731 7348
8327 8540 8287 7861
8586 7948 8534 7838
8308 8535 8418 7858
8617 7966 8549 7814
8620 8288 8689 7382
8645 8053 8573 7811
8618 8214 8696 7350
8627 8288 8668 7504
8356 8548 8237 7845
8694 8093 8433 7744
8701 8019 8576 7813
8375 8511 8248 7832
8642 8350 8638 7468
8437 8473 8298 7911
8691 8084 8570 7767
8420 8372 8308 7947
8611 8169 8511 7807
8580 8162 8513 7828
8620 8156 8745 7493
8382 8389 8347 7955
8402 8368 8317 7938
8618 8188 8509 7784
8620 8254 8656 7581
8593 8145 8548 7793
8603 8198 8528 7810
8563 8205 8512 7809
8417 8323 8372 7969
8574 8238 8478 7806
8587 8208 8473 7825
8411 8373 8304 7946
8633 8205 8452 7778
8640 8338 8629 7501
8618 8215 8471 7804
8361 8326 8343 7980
8584 8144 8530 7810
8588 8183 8495 7826
8368 8400 8339 7973
8548 8133 8569 7839
8582 8204 8510 7833
8396 8336 8292 7965
8423 8368 8294 7964
8432 8313 8353 7943
8576 8166 8526 7811
8622 8227 8474 7800
8377 8307 8346 7975
8364 8337 8351 7956
8343 8331 8423 7978
8608 8135 8529 7767
8614 8074 8612 7769
8618 8113 8577 7785
8587 8042 8610 7770
8587 8106 8579 7806
8603 8325 8630 7546
8590 8151 8589 7794
8569 8109 8634 7780
8551 8273 8644 7637
8301 8379 8419 8063
8657 7972 8583 7739
8563 8222 8703 7597
8635 8118 8567 7765
8584 8264 8658 7611
8640 8093 8563 7693
8566 8227 8696 7601
8616 8230 8635 7617
8647 8037 8577 7693
8595 8188 8680 7603
8587 8196 8694 7617
8631 8079 8602 7749
8574 8193 8708 7592
8641 8103 8561 7731
8613 8215 8667 7510
8656 8128 8502 7738
8632 8236 8677 7428
8623 8231 8690 7420
8635 8223 8565 7733
8656 8231 8667 7483
8583 8157 8562 7774
8691 8261 8593 7416
8629 8218 8510 7763
8655 8254 8647 7476
8614 8164 8560 7753
8636 8149 8614 7716
8601 8152 8624 7739
8648 8160 8710 7440
8579 8167 8570 7776
8596 8156 8626 7740
8617 8146 8776 7420
8630 8227 8567 7734
8631 8153 8616 7717
8316 8353 8531 7938
8624 8201 8571 7722
8586 8186 8590 7707
8572 8081 8771 7460
8586 8250 8559 7743
8553 8124 8769 7529
8593 8269 8602 7671
8534 8086 8800 7531
8552 8123 8762 7541
8334 8365 8411 8000
8307 8373 8403 7976
8525 8308 8651 7652
8296 8396 8357 7978
8525 8244 8682 7616
8307 8373 8328 8047
8563 8259 8663 7631
8296 8314 8458 8032
8532 8188 8696 7616
8258 8378 8356 8099
8532 8252 8665 7652
8539 8075 8812 7442
8281 8324 8477 8058
8526 8304 8689 7602
8295 8316 8426 8107
8520 8229 8734 7577
8585 8014 8789 7512
8257 8346 8394 8105
8515 8298 8712 7659
8554 7943 8822 7497
8561 8000 8809 7497
8305 8248 8391 8091
8547 8063 8777 7533
8510 8357 8667 7613
8526 8240 8720 7566
8549 8039 8802 7471
8559 8089 8789 7489
8508 8340 8680 7632
8487 8288 8729 7621
8478 8343 8670 7642
8541 8135 8796 7492
8469 8374 8675 7700
8552 8137 8807 7469
8543 8454 8625 7573
8534 8100 8845 7459
8520 8531 8639 7645
8432 8573 8576 7615
8457 8490 8573 7738
8540 8128 8805 7475
8516 8541 8567 7606
8546 8041 8846 7457
8542 8055 8833 7480
8524 8018 8871 7470
8411 8509 8594 7726
8528 8057 8836 7486
8535 8001 8850 7486
8468 8539 8552 7731
8581 8035 8816 7495
8466 8545 8536 7745
8599 7973 8787 7454
8329 8224 8404 8061
8592 8029 8773 7454
8607 8061 8757 7486
8628 8050 8730 7463
8432 8503 8600 7708
8597 8011 8770 7468
8569 8002 8818 7478
8550 7964 8849 7480
8265 8351 8353 8139
8462 8494 8630 7736
8284 8287 8317 8194
8596 8025 8797 7469
8294 8092 8312 8113
8578 7991 8775 7528
8312 8259 8292 8089
8580 7989 8770 7521
8518 8491 8610 7653
8614 8060 8711 7515
8625 8054 8769 7445
8627 8145 8721 7466
8258 8066 8375 8125
8509 8509 8743 7525
8640 8060 8718 7484
8265 8010 8389 8125
8464 8563 8592 7568
8654 8088 8729 7458
8257 8005 8430 8091
8252 8174 8450 8075
8310 8084 8496 8035
8641 8137 8699 7511
8700 8149 8677 7447
8321 8185 8481 8057
8549 8505 8554 7650
8307 8247 8453 8041
8624 8140 8705 7494
8647 8135 8744 7424
8669 8143 8701 7448
8335 8214 8451 8046
8677 8148 8660 7482
8547 8480 8636 7530
8645 8182 8683 7476
8658 8127 8694 7474
8665 8193 8646 7452
8704 8188 8642 7463
8679 8217 8571 7501
8353 8308 8401 8030
8673 8156 8666 7492
8615 8184 8688 7487
8622 8160 8726 7489
8618 8227 8679 7478
8352 8192 8479 8036
8359 8136 8493 8036
8631 8197 8674 7497
8380 8178 8448 8050
8651 8183 8680 7474
8363 8136 8451 8024
8397 8207 8392 8018
8365 8512 8615 7773
8670 8244 8628 7450
8366 8200 8394 8039
8688 8281 8590 7460
8412 8261 8342 8028
8668 8205 8584 7469
8391 8219 8387 8014
8709 8249 8547 7479
8422 8226 8385 7993
8724 8184 8534 7465
8439 8223 8379 8010
8678 8123 8586 7476
8460 8265 8334 8024
8699 8165 8541 7490
8426 8266 8304 8008
8709 8158 8574 7501
8409 8269 8310 7991
8678 8087 8607 7486
8388 8275 8292 8014
8412 8311 8308 7996
8724 8148 8555 7475
8372 8295 8282 8002
8728 8187 8520 7491
8389 8442 8294 7987
8315 8286 8376 8045
8435 8447 8604 7754
8713 8224 8543 7459
8682 8217 8545 7480
8504 8496 8548 7724
8724 8239 8528 7453
8759 8296 8508 7445
8711 8228 8547 7413
8696 8238 8566 7439
8336 8255 8389 8070
8701 8203 8580 7438
8483 8362 8692 7640
8429 8396 8654 7720
8429 8439 8657 7693
8728 8163 8622 7454
8477 8484 8611 7710
8682 8094 8731 7395
8449 8359 8686 7697
8277 8297 8556 8071
8419 8318 8674 7754
8306 8292 8506 8050
8415 8332 8661 7777
8332 8215 8482 8033
8428 8302 8656 7796
8360 8224 8434 8023
8372 8286 8352 7996
8347 8318 8323 8004
8316 8311 8325 8025
8478 8386 8591 7767
8337 8353 8280 8039
8704 8105 8720 7419
8336 8363 8262 8020
8669 8108 8730 7442
8310 8373 8302 8026
8669 8117 8701 7476
8293 8357 8355 8076
8478 8438 8569 7808
8638 8110 8703 7497
8642 8149 8668 7513
8310 8306 8302 8066
8634 8207 8675 7488
8630 8168 8710 7472
8279 8346 8272 8148
8297 8300 8263 8142
8318 8261 8228 8069
8329 8186 8219 8088
8466 8394 8547 7833
8315 8187 8355 8090
8608 8269 8747 7549
8306 8242 8296 8111
8592 8252 8711 7557
8484 8391 8556 7751
8550 8236 8743 7552
8311 8324 8290 8115
8298 8375 8218 8138
8269 8370 8220 8068
8570 8270 8755 7509
8271 8311 8291 8135
8495 8330 8709 7586
8252 8314 8270 8149
8494 8370 8693 7569
8489 8486 8711 7569
8585 8387 8631 7569
8455 8477 8545 7777
8272 8261 8337 8114
8257 8271 8356 8140
8208 8343 8425 8126
8534 8451 8604 7640
8241 8339 8358 8118
8499 8448 8562 7745
8252 8365 8461 8056
8617 8490 8500 7548
8245 8413 8416 8061
8429 8422 8599 7787
8241 8374 8451 8045
8306 8310 8484 8037
8405 8486 8556 7779
8235 8311 8458 8089
8239 8350 8423 8105
8353 8459 8593 7855
8230 8289 8525 8094
8421 8491 8565 7769
8195 8373 8430 8107
8203 8365 8416 8093
8234 8372 8414 8072
8544 8445 8644 7507
8195 8422 8465 8058
8192 8440 8425 8074
8198 8450 8439 8069
8505 8449 8605 7707
8223 8394 8471 8014
8226 8429 8463 8037
8195 8404 8535 8041
8231 8433 8426 8029
8202 8436 8452 8046
8209 8395 8440 8059
8255 8456 8388 8048
8470 8320 8638 7795
8239 8511 8375 8047
8506 8392 8576 7745
8537 8464 8578 7588
8252 8464 8356 8011
8481 8386 8565 7746
8265 8434 8351 8030
8208 8440 8408 8032
8449 8440 8569 7774
8236 8446 8410 7969
8436 8481 8546 7743
8221 8456 8429 7995
8572 8406 8647 7588
8189 8469 8473 7991
8552 8433 8584 7545
8179 8504 8430 8026
8518 8389 8660 7582
8158 8462 8475 8012
8396 8519 8613 7752
8522 8401 8654 7592
8517 8358 8670 7558
8198 8468 8491 7981
8551 8429 8611 7552
8221 8491 8461 7960
8183 8427 8492 7988
8170 8457 8497 7969
8180 8507 8484 7987
8362 8448 8672 7758
8163 8529 8463 7912
8366 8487 8637 7774
8586 8409 8600 7544
8138 8510 8470 7937
8352 8425 8688 7804
8117 8518 8495 7922
8335 8480 8639 7795
8146 8515 8469 7905
8331 8441 8674 7779
8227 8497 8527 7895
8113 8524 8476 7914
8367 8452 8635 7750
8570 8333 8681 7559
8124 8555 8480 7900
8371 8491 8600 7766
8388 8436 8649 7775
8557 8298 8699 7598
8258 8548 8418 7910
8409 8467 8632 7823
8297 8503 8451 7885
8405 8403 8647 7729
8509 8230 8738 7566
8540 8301 8705 7581
8277 8555 8416 7833
8429 8503 8626 7729
8536 8262 8740 7565
8304 8498 8493 7874
8378 8512 8439 7817
8585 8323 8662 7533
8313 8482 8475 7916
8469 8454 8576 7712
8539 8326 8683 7580
8505 8385 8636 7671
8543 8351 8650 7512
8564 8280 8714 7488
8531 8422 8568 7720
8589 8412 8598 7501
8346 8512 8421 7847
8582 8377 8647 7468
8483 8300 8658 7733
8567 8323 8697 7458
8279 8483 8445 7900
8462 8371 8594 7757
8325 8544 8393 7889
8473 8365 8652 7687
8563 8387 8676 7495
8317 8468 8488 7893
8532 8351 8727 7524
8522 8274 8778 7486
8445 8401 8604 7758
8553 8310 8727 7457
8572 8325 8729 7454
8248 8489 8502 7910
8424 8377 8644 7739
8561 8334 8719 7443
8435 8383 8635 7718
8562 8270 8770 7444
8230 8487 8420 7968
8574 8326 8705 7424
8261 8494 8418 7947
8594 8294 8694 7449
8274 8464 8413 7966
8573 8302 8719 7434
8566 8358 8705 7434
8253 8481 8431 7939
8466 8483 8553 7725
8517 8297 8783 7466
8498 8282 8781 7469
8204 8420 8509 7971
8552 8353 8756 7472
8155 8452 8496 7971
8189 8523 8437 7965
8342 8461 8643 7828
8528 8329 8749 7475
8200 8517 8495 7895
8218 8554 8457 7905
8406 8483 8528 7805
8197 8512 8502 7891
8458 8435 8555 7834
8550 8237 8772 7427
8177 8477 8545 7888
8546 8251 8759 7450
8223 8538 8493 7877
8219 8499 8528 7861
8495 8260 8787 7467
8174 8468 8535 7944
8170 8482 8522 7967
8177 8426 8536 7967
8521 8282 8789 7457
8216 8493 8464 7978
8539 8315 8744 7540
8227 8438 8465 7968
8511 8214 8780 7510
8220 8494 8451 7968
8542 8285 8747 7525
8174 8433 8503 7979
8488 8209 8786 7492
8357 8360 8676 7797
8521 8291 8729 7548
8321 8419 8688 7814
8514 8347 8715 7548
8143 8377 8587 7998
8334 8435 8649 7814
8515 8351 8688 7541
8295 8433 8643 7846
8536 8280 8752 7517
8303 8459 8637 7860
8146 8425 8530 7993
8329 8444 8579 7858
8496 8245 8768 7516
8218 8408 8545 8016
8492 8206 8803 7500
8149 8421 8516 8010
8373 8500 8583 7763
8491 8280 8754 7517
8484 8245 8803 7484
8193 8421 8491 7991
8515 8316 8770 7499
8219 8415 8504 8015
8361 8417 8659 7772
8512 8281 8778 7476
8186 8427 8471 8015
8389 8478 8657 7714
8516 8320 8743 7492
8485 8299 8782 7453
8173 8435 8485 8034
8431 8407 8648 7662
8518 8423 8673 7475
8204 8471 8434 8005
8455 8486 8671 7640
8468 8467 8668 7579
8427 8388 8702 7605
8423 8402 8689 7628
8422 8419 8773 7612
8416 8529 8690 7652
8179 8347 8584 7982
8489 8460 8672 7630
8210 8418 8551 7997
8177 8349 8589 7989
8418 8459 8705 7635
8223 8410 8537 7978
8414 8516 8740 7603
8231 8415 8496 8012
8185 8354 8548 8023
8445 8523 8738 7582
8182 8354 8574 8044
8211 8288 8575 8047
8232 8330 8530 8061
8256 8255 8601 8057
8236 8287 8612 8032
8229 8343 8598 8032
8240 8268 8589 8051
8268 8329 8587 7993
8276 8355 8581 8007
8271 8389 8512 7959
8279 8379 8506 7978
8276 8379 8532 7999
8234 8314 8507 8054
8258 8350 8523 8036
8539 8511 8526 7618
8219 8312 8479 8096
8493 8567 8515 7701
8179 8296 8453 8102
8549 8561 8513 7636
8166 8326 8458 8083
8216 8352 8414 8083
8237 8386 8381 8084
8258 8428 8336 8098
8189 8409 8310 8117
8192 8450 8282 8111
8531 8546 8516 7707
8155 8394 8321 8130
8563 8523 8394 7660
8183 8455 8319 8072
8249 8423 8349 8090
8513 8581 8535 7637
8270 8441 8307 8045
8583 8623 8317 7540
8242 8380 8309 8103
8499 8654 8370 7631
8468 8588 8559 7500
8508 8613 8509 7660
8212 8367 8388 8109
8427 8697 8478 7540
8228 8381 8394 8076
8256 8447 8356 8038
8456 8665 8341 7649
8282 8432 8298 8036
8322 8443 8328 7994
8484 8651 8443 7736
8325 8430 8343 7977
8450 8628 8520 7589
8473 8623 8551 7441
8473 8665 8342 7444
8349 8466 8359 7959
8314 8477 8285 7967
8451 8645 8458 7741
8436 8593 8594 7533
8350 8449 8336 7952
8371 8441 8311 7967
8349 8426 8268 7993
8379 8718 8537 7500
8386 8482 8229 7974
8407 8471 8202 7951
8398 8505 8190 7973
8396 8474 8196 7937
8381 8484 8215 7963
8396 8455 8240 7970
8387 8450 8253 7962
8402 8440 8234 7936
8407 8432 8286 7968
8443 8412 8381 7913
8458 8402 8362 7887
8462 8441 8327 7903
8447 8378 8431 7889
8467 8472 8447 7845
8428 8460 8301 7849
8517 8532 8577 7610
8471 8546 8560 7523
8443 8537 8608 7533
8430 8643 8631 7672
8372 8570 8292 7837
8399 8636 8633 7693
8403 8621 8646 7548
8434 8634 8549 7623
8418 8692 8491 7532
8376 8676 8523 7527
8405 8596 8268 7828
8374 8758 8481 7580
8344 8713 8564 7655
8339 8575 8387 7838
8275 8724 8608 7578
8313 8706 8566 7676
8298 8701 8610 7619
8332 8529 8401 7836
8354 8793 8546 7617
8367 8681 8504 7635
8315 8648 8511 7681
8377 8577 8388 7828
8402 8596 8381 7803
8382 8665 8668 7674
8334 8597 8707 7642
8406 8600 8397 7759
8386 8660 8607 7634
8399 8683 8413 7655
8407 8572 8726 7603
8338 8679 8646 7543
8393 8608 8666 7546
8378 8706 8301 7612
8391 8682 8327 7671
8422 8689 8325 7650
8309 8692 8590 7509
8520 8599 8517 7700
8342 8733 8580 7458
8423 8579 8496 7779
8438 8645 8543 7602
8448 8681 8544 7500
8402 8659 8571 7541
8399 8710 8565 7442
8357 8683 8603 7423
8385 8681 8454 7682
8479 8612 8621 7491
8352 8588 8512 7714
8506 8593 8540 7418
8526 8548 8543 7598
8334 8642 8468 7703
8573 8613 8449 7422
8523 8610 8510 7406
8508 8620 8529 7432
8527 8573 8592 7413
8505 8619 8533 7390
8483 8573 8617 7432
8529 8489 8633 7383
8279 8650 8497 7704
8302 8761 8565 7686
8565 8520 8555 7484
8474 8564 8637 7425
8333 8673 8484 7678
8420 8532 8662 7584
8423 8557 8665 7530
8396 8569 8695 7617
8419 8547 8682 7493
8433 8601 8534 7672
8423 8537 8588 7730
8415 8682 8466 7606
8469 8597 8493 7726
8472 8563 8540 7656
8431 8536 8598 7627
8461 8570 8550 7598
8436 8571 8550 7570
8366 8526 8751 7636
8334 8576 8720 7659
8394 8573 8728 7646
8462 8565 8582 7568
8505 8545 8567 7690
8525 8483 8576 7491
8566 8446 8604 7467
8618 8506 8544 7459
8584 8435 8603 7465
8575 8490 8544 7486
8578 8490 8518 7465
8591 8536 8516 7598
8604 8459 8583 7514
8629 8467 8499 7426
8623 8528 8416 7424
8644 8457 8480 7400
8647 8457 8493 7391
8634 8471 8462 7418
8649 8461 8443 7392
8628 8532 8379 7416
8612 8532 8442 7600
8563 8587 8417 7442
8530 8550 8528 7530
8568 8567 8416 7443
8553 8544 8519 7666
8616 8468 8588 7401
8602 8528 8528 7404
8577 8487 8559 7342
8580 8522 8551 7365
8559 8480 8596 7351
8546 8504 8570 7292
8552 8489 8564 7258
8550 8491 8569 7265
8567 8488 8563 7282
8613 8549 8511 7271
8579 8550 8481 7255
8600 8592 8436 7269
8556 8592 8461 7288
8549 8592 8496 7608
8562 8641 8424 7290
8512 8633 8436 7331
8525 8609 8462 7390
8556 8616 8460 7369
8525 8427 8671 7412
8585 8432 8639 7430
8582 8397 8647 7407
8585 8461 8590 7422
8621 8472 8551 7393
8657 8422 8536 7356
8624 8379 8603 7533
8611 8409 8608 7514
8663 8392 8593 7482
8665 8329 8630 7327
8617 8365 8609 7497
8675 8430 8510 7377
8690 8420 8491 7351
8693 8455 8483 7374
8633 8450 8515 7356
8637 8489 8480 7372
8640 8447 8481 7395
8673 8403 8505 7419
8712 8431 8486 7468
8674 8444 8464 7422
8709 8396 8494 7445
8621 8401 8522 7588
8630 8397 8563 7532
8672 8434 8449 7610
8638 8431 8456 7527
8654 8514 8402 7480
8650 8475 8437 7464
8635 8485 8456 7490
8595 8489 8543 7539
8600 8493 8506 7531
8561 8418 8602 7545
8565 8457 8567 7561
8586 8386 8631 7537
8573 8402 8607 7542
8617 8429 8578 7533
8625 8348 8648 7527
8661 8359 8609 7498
8664 8331 8607 7387
8670 8316 8601 7353
8701 8387 8568 7368
8638 8376 8618 7350
8623 8386 8637 7376
8589 8315 8696 7382
8593 8354 8661 7398
8653 8264 8624 7440
8651 8326 8627 7508
8665 8320 8586 7424
8645 8333 8581 7507
8612 8289 8664 7522
8606 8304 8670 7556
8609 8304 8644 7535
8596 8326 8622 7538
8581 8336 8641 7564
8518 8325 8691 7546
8524 8374 8654 7548
8551 8373 8584 7669
8533 8396 8615 7616
8561 8454 8544 7698
8548 8386 8596 7590
8485 8345 8693 7611
8504 8354 8667 7655
8527 8383 8603 7704
8517 8302 8643 7675
8568 8669 8333 7592
8495 8615 8405 7615
8488 8663 8360 7620
8503 8570 8538 7635
8500 8539 8518 7728
8523 8593 8405 7688
8492 8586 8407 7709
8500 8536 8370 7738
8497 8593 8380 7754
8466 8586 8382 7775
8503 8532 8463 7756
8461 8548 8419 7779
8409 8548 8388 7788
8406 8548 8414 7809
8409 8519 8437 7796
8431 8529 8551 7750
8414 8575 8514 7742
8542 8469 8448 7723
8530 8462 8464 7751
8556 8415 8503 7847
8516 8449 8495 7775
8442 8368 8598 7823
8469 8378 8565 7820
8514 8389 8548 7816
8446 8407 8563 7839
8448 8369 8574 7836
8500 8444 8521 7773
8482 8407 8559 7763
8485 8438 8564 7726
8447 8411 8581 7738
8477 8507 8526 7752
8468 8441 8564 7766
8507 8455 8539 7717
8492 8465 8558 7743
8492 8415 8552 7767
8488 8429 8539 7790
8471 8458 8460 7822
8502 8465 8458 7801
8458 8371 8586 7798
8416 8397 8585 7851
8415 8400 8565 7860
8347 8420 8588 7923
8408 8440 8541 7919
8419 8385 8542 7909
8402 8335 8596 7853
8433 8406 8563 7868
8395 8391 8582 7853
8395 8455 8551 7889
8364 8442 8572 7871
8391 8410 8605 7834
8395 8449 8570 7850
8450 8468 8526 7845
8446 8429 8561 7829
8504 8424 8505 7851
8454 8448 8549 7834
8448 8458 8502 7849
8427 8416 8547 7835
8451 8438 8580 7761
8511 8443 8548 7779
8483 8382 8550 7837
8454 8384 8580 7798
8480 8318 8607 7822
8460 8330 8572 7835
8464 8317 8578 7835
8484 8305 8613 7822
8518 8376 8554 7816
8487 8369 8556 7837
8508 8411 8511 7851
8525 8408 8505 7868
8513 8345 8527 7823
8510 8345 8553 7844
8482 8309 8578 7852
8475 8365 8564 7852
8507 8305 8547 7855
8535 8341 8522 7847
8539 8337 8445 7891
8518 8295 8490 7877
8489 8361 8489 7874
8477 8305 8540 7903
8424 8273 8610 7917
8460 8284 8571 7888
8515 8284 8576 7858
8491 8248 8560 7876
8537 8309 8508 7865
8478 8241 8596 7842
8463 8251 8615 7868
8442 8259 8640 7853
8463 8301 8595 7867
8484 8320 8611 7797
8520 8331 8572 7768
8526 8316 8566 7734
8576 8319 8505 7750
8583 8263 8519 7750
8572 8286 8473 7752
8585 8278 8459 7733
8609 8271 8415 7690
8658 8383 8475 7602
8624 8471 8494 7639
8618 8510 8381 7575
8546 8502 8478 7699
8576 8444 8525 7672
8601 8353 8519 7606
8602 8292 8526 7572
8596 8307 8532 7606
8563 8385 8605 7643
8536 8349 8615 7682
8566 8352 8583 7614
8577 8346 8641 7544
8437 8549 8628 7557
8538 8526 8522 7516
8542 8615 8427 7597
8554 8494 8464 7685
8658 8514 8341 7583
8634 8482 8400 7597
8619 8476 8456 7600
8628 8484 8450 7542
8637 8489 8437 7550
8649 8472 8381 7571
8663 8429 8462 7602
8664 8448 8380 7573
8711 8384 8332 7563
8706 8384 8437 7573
8697 8392 8460 7626
8641 8363 8482 7595
8678 8419 8443 7576
8609 8374 8436 7657
8613 8318 8476 7678
8664 8351 8457 7636
8659 8328 8491 7654
8627 8437 8408 7652
8638 8382 8409 7642
8635 8463 8362 7574
8599 8469 8462 7662
8608 8510 8490 7619
8639 8396 8478 7530
8664 8331 8495 7521
8698 8402 8436 7515
8678 8360 8545 7474
8685 8395 8496 7507
8682 8360 8504 7484
8686 8399 8469 7500
8658 8393 8467 7563
8694 8404 8428 7534
8704 8496 8404 7544
8717 8372 8391 7538
8763 8433 8339 7527
8742 8391 8384 7513
8733 8493 8378 7527
8745 8355 8385 7480
8764 8384 8331 7470
8754 8300 8444 7459
8758 8339 8409 7475
8713 8391 8460 7476
8747 8364 8397 7464
8711 8353 8436 7493
8738 8385 8438 7492
8707 8378 8440 7513
8743 8389 8401 7484
8730 8458 8386 7504
8742 8399 8383 7465
8693 8338 8461 7497
8710 8327 8517 7461
8744 8398 8458 7455
8713 8327 8491 7440
8702 8414 8414 7478
8722 8506 8382 7495
8686 8495 8421 7524
8665 8500 8433 7516
8707 8537 8376 7538
8636 8587 8322 7629
8592 8540 8329 7555
8620 8543 8327 7465
8611 8538 8340 7457
8584 8575 8341 7499
8566 8538 8379 7489
8559 8586 8334 7494
8555 8547 8369 7478
8558 8582 8361 7501
8573 8572 8342 7475
8587 8559 8338 7503
8572 8569 8357 7529
8573 8573 8330 7522
8558 8590 8341 7592
8543 8600 8360 7618
8586 8555 8335 7589
8649 8528 8292 7614
8646 8547 8299 7664
8664 8582 8242 7624
8658 8533 8279 7622
8654 8494 8314 7606
8642 8508 8334 7648
8632 8458 8347 7630
8627 8518 8353 7674
8628 8492 8353 7612
8642 8520 8336 7576
8680 8420 8441 7502
8665 8430 8460 7528
8701 8441 8421 7499
8672 8444 8447 7516
8676 8445 8434 7506
8702 8422 8411 7512
8715 8468 8405 7530
8684 8397 8438 7515
8722 8412 8419 7530
8680 8396 8451 7525
8684 8435 8416 7541
8639 8437 8431 7524
8670 8508 8398 7539
8642 8472 8423 7547
8669 8504 8425 7546
8578 8461 8501 7606
8582 8500 8466 7622
8553 8446 8492 7699
8515 8495 8480 7720
8534 8515 8573 7676
8480 8476 8571 7717
8484 8515 8536 7733
8463 8510 8598 7687
8502 8546 8524 7689
8524 8542 8520 7661
8520 8535 8548 7664
8489 8583 8538 7573
8462 8552 8561 7671
8435 8609 8559 7581
8450 8599 8540 7555
8444 8614 8546 7589
8427 8552 8578 7685
8434 8587 8522 7630
8428 8574 8534 7701
8458 8566 8548 7694
8425 8614 8469 7688
8438 8590 8495 7747
8394 8604 8480 7719
8356 8550 8561 7791
8325 8543 8563 7812
8371 8604 8511 7801
8382 8549 8512 7791
8413 8556 8510 7770
8367 8495 8562 7781
8394 8527 8564 7780
8401 8497 8575 7772
8366 8504 8564 7816
8373 8505 8547 7795
8360 8538 8526 7817
8355 8480 8574 7798
8401 8541 8522 7787
8422 8478 8585 7787
8466 8478 8560 7768
8456 8428 8573 7750
8419 8372 8612 7769
8416 8372 8638 7790
8395 8380 8663 7775
8339 8449 8662 7745
8301 8385 8693 7773
8310 8451 8655 7759
8349 8457 8651 7768
8372 8497 8714 7739
8390 8521 8594 7719
8411 8450 8658 7695
8396 8545 8580 7706
8399 8491 8580 7743
8396 8491 8606 7764
8427 8462 8588 7765
8442 8452 8569 7739
8476 8523 8510 7733
8445 8516 8512 7754
8472 8508 8520 7778
8420 8508 8489 7787
8451 8515 8487 7766
8422 8478 8604 7742
8503 8445 8616 7694
8487 8420 8643 7638
8492 8478 8595 7657
8465 8510 8562 7694
8465 8508 8588 7697
8469 8547 8553 7713
8494 8513 8576 7658
8534 8422 8542 7699
8580 8483 8490 7688
8529 8378 8633 7685
8563 8449 8574 7679
8554 8419 8593 7665
8558 8458 8558 7681
8527 8387 8591 7666
8527 8451 8560 7702
8514 8481 8565 7683
8507 8483 8571 7677
8538 8490 8569 7656
8553 8480 8550 7630
8568 8505 8491 7637
8564 8466 8526 7621
8608 8446 8521 7583
8593 8464 8496 7660
8560 8465 8549 7583
8531 8531 8548 7580
8482 8565 8551 7607
8542 8506 8550 7589
8527 8481 8609 7582
8518 8536 8550 7603
8533 8526 8531 7577
8536 8561 8523 7600
8532 8522 8558 7584
8461 8566 8574 7608
8522 8509 8578 7582
8526 8484 8574 7562
8489 8524 8641 7666
8467 8482 8653 7621
8498 8489 8651 7600
8471 8507 8655 7577
8455 8503 8748 7510
8419 8525 8674 7510
8380 8562 8864 7573
8396 8522 8781 7576
8426 8540 8688 7423
8462 8532 8701 7435
8453 8505 8802 7520
8424 8482 8808 7534
8427 8525 8713 7435
8485 8396 8747 7380
8519 8435 8668 7439
8524 8443 8658 7321
8484 8528 8648 7394
8417 8552 8736 7531
8457 8608 8646 7481
8457 8564 8637 7488
8470 8512 8671 7496
8436 8549 8656 7410
8421 8559 8675 7436
8425 8488 8826 7529
8463 8544 8654 7421
8489 8558 8611 7398
8472 8598 8627 7455
8493 8597 8576 7414
8508 8542 8604 7429
8499 8537 8617 7421
8545 8598 8565 7410
8454 8539 8663 7338
8458 8578 8628 7354
8431 8572 8658 7466
8476 8633 8574 7406
8464 8628 8598 7490
8461 8536 8663 7518
8434 8566 8653 7459
8430 8566 8663 7460
8437 8476 8784 7530
8488 8537 8644 7493
8428 8532 8676 7475
8422 8606 8672 7512
8325 8627 8674 7687
8306 8697 8602 7484
8327 8725 8623 7464
8329 8742 8581 7483
8274 8695 8641 7511
8266 8745 8649 7606
8285 8805 8551 7500
8264 8677 8708 7612
8277 8695 8615 7490
8276 8704 8643 7444
8292 8741 8609 7449
8306 8679 8665 7427
8291 8750 8637 7403
8268 8716 8673 7628
8267 8738 8631 7466
8282 8728 8612 7440
8337 8715 8614 7398
8322 8647 8726 7519
8334 8603 8814 7542
8411 8639 8694 7484
8270 8657 8700 7420
8223 8645 8733 7611
8231 8570 8758 7701
8192 8609 8784 7640
8265 8568 8759 7625
8296 8566 8753 7654
8270 8572 8757 7677
8223 8709 8702 7647
8195 8673 8727 7655
8242 8754 8602 7543
8267 8749 8622 7599
8257 8725 8663 7617
8241 8629 8674 7701
8247 8708 8631 7650
8219 8702 8629 7713
8255 8713 8590 7684
8271 8685 8643 7562
8226 8680 8725 7634
8185 8657 8739 7645
8182 8622 8747 7622
8171 8628 8689 7692
8330 8577 8725 7695
8315 8626 8711 7716
8161 8613 8666 7728
8212 8598 8659 7761
8227 8652 8609 7771
8276 8546 8667 7744
8344 8533 8699 7730
8269 8581 8679 7819
8296 8597 8612 7734
8235 8663 8636 7702
8294 8584 8756 7702
8241 8594 8717 7683
8231 8506 8789 7665
8318 8515 8819 7640
8225 8531 8780 7632
8337 8522 8720 7696
8345 8597 8687 7660
8307 8500 8714 7697
8332 8571 8688 7687
8333 8555 8697 7711
8254 8556 8738 7812
8276 8546 8715 7710
8327 8573 8751 7633
8332 8577 8714 7625
8411 8547 8722 7583
8358 8499 8879 7508
8428 8401 8842 7470
8397 8330 8875 7455
8396 8450 8891 7487
8390 8450 8830 7491
8347 8493 8902 7565
8369 8400 8894 7436
8327 8428 8912 7493
8358 8435 8910 7472
8365 8379 8924 7472
8368 8414 8916 7495
8308 8409 8948 7477
8339 8480 8915 7492
8354 8470 8896 7466
8387 8469 8843 7543
8375 8388 8895 7483
8360 8398 8914 7509
8333 8366 8912 7510
8330 8366 8938 7531
8359 8300 8939 7534
8352 8356 8925 7534
8321 8349 8927 7555
8357 8360 8888 7526
8387 8392 8864 7504
8394 8417 8859 7514
8433 8413 8831 7542
8440 8478 8807 7503
8395 8448 8797 7588
8384 8442 8820 7645
8350 8461 8833 7587
8367 8462 8828 7574
8314 8476 8854 7624
8314 8436 8860 7649
8348 8507 8801 7643
8339 8514 8758 7607
8331 8500 8776 7653
8384 8538 8734 7665
8368 8461 8783 7634
8353 8471 8802 7660
8381 8532 8800 7602
8442 8488 8746 7559
8389 8485 8813 7599
8439 8507 8749 7541
8404 8494 8773 7547
8412 8484 8767 7566
8393 8485 8772 7609
8386 8450 8821 7576
8390 8489 8786 7592
8362 8453 8811 7600
8386 8420 8848 7521
8386 8484 8817 7557
8400 8411 8835 7559
8396 8425 8822 7582
8375 8383 8867 7568
8432 8453 8821 7550
8418 8429 8794 7577
8411 8485 8780 7577
8443 8425 8763 7580
8465 8450 8695 7587
8460 8509 8650 7541
8454 8464 8728 7546
8461 8441 8782 7493
8465 8480 8747 7509
8458 8445 8796 7476
8422 8434 8835 7505
8413 8489 8776 7526
8400 8519 8781 7507
8420 8487 8770 7532
8442 8454 8761 7529
8479 8510 8722 7510
8433 8551 8673 7502
8455 8623 8611 7482
8467 8632 8605 7463
8462 8529 8647 7456
8404 8640 8632 7499
8395 8574 8670 7513
8430 8576 8644 7482
8439 8571 8607 7521
8460 8565 8625 7498
8438 8541 8633 7503
8455 8519 8654 7578
8418 8463 8693 7597
8445 8495 8695 7596
8421 8459 8679 7614
8393 8453 8760 7640
8406 8549 8721 7674
8367 8578 8676 7665
8231 8646 8670 7695
8246 8652 8602 7731
8243 8611 8630 7737
8248 8616 8660 7734
8248 8648 8633 7724
8235 8672 8607 7665
8258 8665 8589 7681
8304 8726 8537 7670
8275 8729 8563 7687
8371 8554 8710 7670
8323 8531 8739 7693
8316 8579 8694 7698
8324 8567 8634 7736
8356 8533 8611 7742
8341 8505 8660 7740
8374 8548 8621 7711
8369 8532 8599 7744
8333 8530 8567 7755
8360 8562 8569 7754
8339 8520 8614 7740
8342 8561 8586 7734
8292 8558 8647 7718
8327 8616 8660 7700
8217 8609 8662 7755
8286 8636 8541 7749
8312 8601 8534 7734
8297 8611 8553 7760
8344 8501 8646 7757
8291 8579 8643 7829
8302 8521 8651 7736
8287 8531 8670 7762
8355 8580 8629 7718
8280 8585 8680 7726
8312 8591 8719 7693
8291 8549 8764 7679
8309 8586 8726 7689
8424 8415 8704 7625
8420 8429 8691 7648
8424 8468 8656 7664
8393 8461 8658 7685
8410 8531 8650 7686
8358 8456 8646 7743
8385 8488 8648 7742
8396 8433 8649 7732
8427 8440 8647 7711
8377 8437 8708 7695
8341 8426 8747 7724
8345 8465 8712 7740
8338 8430 8761 7707
8317 8501 8697 7731
8313 8462 8732 7715
8359 8523 8680 7704
8375 8474 8670 7694
8379 8513 8635 7710
8383 8499 8648 7687
8368 8515 8682 7681
8353 8525 8701 7707
8382 8459 8702 7710
8380 8499 8769 7649
8391 8505 8744 7671
8351 8489 8718 7677
8397 8550 8666 7666
8378 8521 8720 7676
8346 8524 8704 7678
8302 8506 8767 7646
8305 8541 8759 7669
8326 8583 8714 7683
8383 8589 8663 7662
8354 8549 8690 7683
8385 8507 8766 7660
8367 8541 8726 7647
8362 8600 8681 7601
8338 8575 8700 7588
8366 8581 8702 7525
8365 8578 8746 7495
8348 8581 8752 7478
8368 8579 8679 7487
8395 8611 8681 7486
8353 8595 8713 7481
8338 8605 8732 7507
8351 8581 8727 7522
8341 8604 8728 7450
8345 8643 8693 7466
8317 8637 8691 7529
8311 8687 8638 7519
8338 8687 8640 7462
8344 8672 8575 7435
8322 8748 8561 7505
8404 8737 8530 7475
8344 8732 8562 7457
8342 8726 8605 7478
8352 8689 8621 7419
8343 8744 8562 7440
8372 8678 8563 7443
8418 8739 8511 7432
8414 8700 8546 7416
8392 8675 8614 7409
8396 8714 8579 7425
8368 8678 8604 7433
8339 8744 8603 7430
8286 8696 8631 7422
8313 8728 8633 7421
8304 8662 8671 7435
8331 8654 8679 7459
8382 8656 8672 7494
8357 8624 8693 7514
8349 8598 8699 7500
8356 8585 8723 7519
8361 8612 8688 7552
8332 8615 8714 7569
8353 8657 8669 7583
8343 8607 8682 7565
8355 8669 8600 7538
8316 8667 8594 7570
8330 8667 8567 7572
8313 8670 8573 7555
8335 8694 8565 7550
8355 8681 8570 7467
8364 8685 8552 7504
8359 8733 8540 7573
8339 8844 8464 7554
8372 8809 8474 7492
8350 8816 8465 7540
8385 8829 8419 7491
8368 8841 8438 7537
8354 8879 8355 7483
8347 8856 8400 7527
8379 8847 8384 7475
8382 8807 8449 7488
8365 8806 8446 7514
8356 8801 8459 7506
8376 8790 8401 7530
8410 8789 8431 7546
8422 8851 8349 7519
8425 8779 8412 7520
8379 8718 8464 7531
8379 8782 8433 7567
8375 8796 8420 7590
8310 8288 8813 7903
8306 8339 8714 7874
8326 8348 8710 7785
8433 8369 8727 7734
8283 8266 8753 7933
8298 8403 8744 7845
8304 8240 8914 7821
8349 8155 8819 7945
8289 8329 8748 7903
8278 8215 8926 7898
8308 8241 8836 7948
8265 8229 8947 7780
8351 8327 8765 7883
8274 8344 8743 7868
8314 8354 8815 7730
8255 8186 8842 7919
8354 8419 8815 7701
8382 8275 8798 7752
8326 8280 8862 7762
8341 8305 8834 7725
8371 8380 8852 7675
8273 8275 8900 7773
8262 8181 8930 7870
8308 8242 8878 7859
8248 8242 8828 7919
8247 8270 8938 7826
8420 8377 8741 7753
8072 8322 8914 7829
8262 8280 8857 7877
8219 8297 8939 7784
8250 8256 8928 7785
8359 8415 8669 7890
8340 8309 8885 7660
8245 8539 8766 7660
8236 8341 8975 7776
8254 7977 8901 7983
8420 8387 8723 7727
8355 8293 8799 7705
8237 8260 8758 7975
8356 8257 8648 8027
8411 8331 8733 7845
8233 8274 8745 7998
8325 8186 8681 8012
8360 8324 8672 7930
8251 8307 8805 7901
8293 8271 8901 7676
8246 8342 8738 7943
8247 8192 8985 7770
8301 8247 8790 7908
8312 8346 8871 7812
8285 8139 8793 8004
8289 8295 8780 7891
8244 8202 8807 8022
8268 8388 8702 7895
8336 8375 8763 7759
8339 8390 8781 7724
8360 8243 8661 8004
8304 8336 8633 7983
8270 8408 8576 8007
8203 8421 8528 7963
8401 8358 8777 7737
8428 8339 8736 7706
8382 8436 8711 7748
8431 8308 8754 7726
8425 8259 8791 7724
8424 8364 8740 7726
8315 8322 8609 7974
8371 8247 8629 8001
8189 8423 8530 7982
8391 8250 8659 7983
8368 8276 8758 7917
8329 8344 8796 7704
8328 8113 8864 7931
8285 8247 8823 7901
8409 8280 8690 7852
8359 8331 8702 7854
8367 8194 8842 7849
8482 8176 8786 7867
8390 8251 8744 7862
8395 8169 8711 7936
8171 8433 8529 8000
8294 8155 8814 7975
8348 8199 8738 7958
8174 8312 8767 7877
8299 8107 8780 7972
8271 8423 8694 7918
8310 8378 8679 7890
8103 8431 8774 7917
8250 8328 8751 7920
8083 8366 8784 7845
8133 8369 8723 7861
8430 8176 8755 7876
8253 8246 8791 7911
8229 8235 8780 7982
8433 8367 8604 7849
8416 8466 8535 7933
8498 8335 8493 7877
8448 8357 8585 7823
8297 8304 8845 7862
8475 8357 8494 7870
8462 8315 8752 7705
8246 8308 8768 7876
8295 8362 8772 7851
8267 8332 8777 7830
8442 8275 8795 7614
8272 8411 8812 7736
8242 8471 8773 7716
8319 8607 8726 7668
8282 8508 8752 7709
8306 8515 8722 7717
8347 8475 8801 7701
8287 8380 8818 7693
8321 8330 8836 7698
8346 8253 8861 7672
8370 8287 8810 7722
8409 8269 8805 7668
8418 8315 8777 7724
8336 8326 8838 7709
8368 8246 8819 7679
8375 8198 8864 7674
8397 8233 8822 7827
8432 8259 8807 7604
8427 8232 8835 7669
8439 8211 8852 7599
8473 8282 8793 7593
8482 8322 8829 7583
8404 8260 8814 7599
8435 8331 8781 7614
8483 8335 8773 7610
8479 8287 8837 7560
8439 8252 8853 7559
8424 8296 8907 7592
8443 8241 8880 7561
8396 8332 8892 7583
8399 8250 8840 7594
8398 8195 8903 7627
8365 8243 8868 7636
8323 8227 8900 7631
8395 8275 8844 7614
8410 8278 8811 7637
8381 8442 8846 7666
8320 8260 8933 7668
8300 8289 8887 7672
8281 8263 8926 7764
8285 8314 8869 7813
8326 8315 8853 7751
8319 8272 8898 7685
8277 8322 8883 7827
8193 8387 8831 7729
8213 8380 8883 7700
8164 8375 8875 7703
8251 8369 8857 7722
8208 8320 8888 7777
8258 8250 8959 7766
8262 8289 8924 7782
8233 8356 8915 7764
8257 8243 8928 7775
8279 8215 8973 7811
8264 8267 8935 7723
8367 8382 8761 7738
8320 8349 8815 7752
8377 8309 8785 7691
8477 8305 8733 7679
8471 8320 8739 7713
8440 8249 8772 7698
8457 8263 8771 7742
8436 8304 8755 7677
8418 8267 8793 7667
8433 8305 8758 7698
8387 8308 8779 7745
8389 8306 8774 7738
8420 8313 8772 7717
8458 8328 8753 7732
8427 8257 8786 7717
8430 8292 8778 7740
8416 8348 8758 7711
8382 8372 8742 7712
8336 8311 8794 7723
8375 8422 8717 7712
8360 8432 8736 7738
8370 8397 8779 7703
8329 8374 8793 7714
8320 8299 8827 7829
8338 8310 8803 7711
8351 8204 8831 7737
8431 8214 8772 7838
8448 8270 8750 7766
8465 8250 8715 7822
8504 8228 8773 7772
8460 8246 8752 7830
8378 8146 8883 7852
8342 8233 8817 7857
8374 8191 8860 7738
8401 8242 8754 7873
8358 8202 8801 7846
8387 8253 8785 7841
8358 8266 8770 7882
8367 8239 8815 7743
8365 8246 8801 7759
8327 8269 8798 7770
8393 8263 8760 7859
8289 8258 8817 7880
8396 8217 8782 7861
8415 8181 8833 7791
8400 8143 8805 7823
8423 8104 8824 7846
8429 8126 8770 7903
8455 8167 8851 7804
8411 8267 8764 7809
8388 8236 8797 7863
8373 8172 8821 7894
8356 8179 8826 7893
8327 8195 8803 7867
8221 8284 8800 7957
8261 8222 8842 7888
8244 8252 8974 7911
8327 8220 8798 7931
8339 8307 8698 7912
8339 8338 8661 7951
8349 8158 8747 7954
8356 8193 8679 7991
8331 8270 8660 7964
8426 8204 8696 7915
8284 8199 8781 7970
8382 8275 8640 7954
8391 8209 8783 7904
8502 8081 8786 7818
8437 8294 8648 7897
8487 8216 8646 7784
8541 8266 8624 7803
8559 8206 8658 7766
8559 8187 8693 7829
8465 8186 8746 7786
8422 8274 8671 7785
8476 8209 8666 7774
8447 8275 8665 7771
8418 8276 8768 7799
8475 8216 8669 7884
8377 8211 8786 7910
8420 8065 8802 7922
8380 8093 8823 7857
8379 8093 8868 7899
8374 7996 8937 7915
8367 8055 8842 7972
8416 8232 8735 7847
8399 8217 8756 7840
8407 8178 8756 7856
8426 8091 8778 7880
8460 8162 8719 7874
8433 8197 8753 7901
8458 8218 8693 7886
8351 8257 8725 7958
8302 8108 8776 8014
8264 8292 8760 7974
8324 8308 8694 7930
8300 8297 8668 7967
8371 8269 8673 7920
8398 8301 8675 7919
8335 8290 8725 7901
8386 8263 8599 7974
8391 8254 8699 7906
8359 8240 8568 8009
8315 8281 8634 7973
8386 8272 8570 8008
8342 8313 8636 7972
8309 8374 8706 7897
8402 8113 8725 7936
8351 8258 8695 7951
8272 8427 8667 7911
8364 8162 8713 7957
8329 8225 8646 8028
8377 8185 8668 7952
8360 8232 8644 8007
8369 8159 8674 7938
8376 8103 8688 7938
8342 8265 8699 7935
8397 8095 8663 7953
8360 8179 8692 7968
8382 8078 8730 7940
8288 8332 8751 7883
8353 8229 8667 7968
8435 8119 8752 7932
8289 8336 8724 7876
8403 8232 8606 7984
8440 8098 8699 7912
8449 8293 8554 7973
8327 8266 8695 7953
8460 8238 8555 7963
8389 8058 8804 7943
8324 8225 8723 7959
8491 8245 8553 7942
8380 8018 8803 7980
8497 8230 8547 7908
8482 8240 8566 7934
8432 8237 8627 7918
8381 8175 8707 7906
8332 8383 8667 7891
8426 8252 8633 7952
8384 8210 8699 7929
8395 8181 8666 7937
8395 8245 8635 7973
8391 8474 8574 7870
8335 8091 8854 7992
8345 8192 8761 7938
8322 8586 8641 7808
8361 8233 8685 7940
8362 8231 8686 7944
8433 8510 8526 7768
8382 8227 8703 7917
8358 8245 8673 7967
8395 8197 8698 7936
8364 8230 8667 7933
8378 8483 8566 7801
8383 8268 8636 7931
8276 8489 8661 7832
8465 8232 8680 7874
8441 8194 8677 7889
8456 8219 8618 7896
8344 8007 8842 8009
8473 8208 8674 7860
8297 8026 8894 7985
8455 8280 8608 7896
8510 8256 8595 7847
8341 8657 8611 7680
8429 8221 8719 7903
8470 8270 8589 7870
8279 8655 8631 7703
8444 8238 8662 7897
8341 7973 8860 7931
8284 8635 8629 7829
8403 8223 8707 7903
8421 8260 8669 7913
8258 8595 8703 7828
8432 8185 8660 7932
8332 8056 8862 7969
8346 8603 8518 7748
8453 8227 8615 7946
8435 8261 8575 7933
8389 8265 8560 7941
8432 8288 8601 7903
8307 8050 8874 7954
8414 8669 8562 7671
8426 8322 8563 7904
8318 8030 8934 7913
8398 8256 8601 7942
8387 8279 8555 7944
8391 8576 8640 7629
8452 8272 8475 7934
8452 8231 8452 7971
8278 8717 8612 7670
8481 8228 8426 7954
8463 8191 8464 7944
8446 8202 8408 7980
8419 8212 8412 7998
8394 8201 8426 8018
8387 8166 8475 7985
8390 8201 8467 8008
8359 8194 8469 8029
8400 8228 8452 7985
8271 8542 8704 7752
8422 8253 8384 7992
8450 8219 8410 7977
8404 8158 8462 7988
8401 8158 8488 8009
8326 8558 8579 7788
8398 8123 8496 7986
8288 8118 8781 7984
8435 8134 8497 7974
8233 8048 8837 8007
8299 8585 8637 7820
8426 8075 8497 7978
8486 8080 8465 7996
8253 8047 8854 8046
8458 8050 8470 7975
8227 8524 8736 7813
8492 8121 8411 7969
8299 8503 8681 7793
8461 8114 8413 7990
8488 8146 8415 7989
8467 8104 8460 7975
8362 8512 8641 7794
8498 8111 8458 7954
8509 8105 8516 7884
8258 8423 8735 7801
8526 8199 8502 7903
8273 8113 8859 7961
8494 8302 8534 7920
8224 8352 8794 7807
8544 8224 8475 7900
8204 8359 8786 7770
8547 8187 8521 7846
8222 8396 8748 7780
8565 8177 8479 7858
8206 8358 8774 7755
8581 8238 8521 7797
8360 8009 8856 7970
8192 8352 8859 7811
8556 8317 8543 7836
8192 8360 8777 7761
8586 8239 8569 7769
8372 8044 8827 7946
8534 8254 8654 7776
8533 8276 8630 7784
8168 8383 8777 7753
8566 8150 8672 7766
8152 8358 8860 7724
8242 8344 8911 7686
8507 8125 8775 7819
8529 8196 8802 7764
8389 7980 8758 7985
8385 7941 8793 7969
8522 8361 8619 7767
8366 8037 8811 8008
8159 8405 8899 7687
8380 8072 8721 7996
8106 8388 8902 7636
8548 8248 8582 7741
8346 8073 8691 7980
8154 8456 8863 7668
8572 8269 8626 7710
8377 8080 8689 7959
8120 8457 8833 7652
8552 8223 8578 7721
8347 8048 8769 7987
8141 8499 8788 7666
8568 8230 8661 7694
8113 8433 8826 7704
8096 8436 8832 7687
8378 8197 8748 7931
8062 8365 8891 7693
8106 8412 8884 7767
8533 8233 8671 7717
8094 8379 8886 7750
8121 8411 8888 7749
8410 8050 8779 7958
8082 8348 8935 7748
8424 8075 8762 7956
8062 8360 8900 7761
8382 8013 8730 7968
8155 8296 8898 7830
8250 8239 8963 7873
8510 8126 8771 7861
8286 8250 8924 7844
8186 8303 8896 7809
8173 8236 8991 7795
8158 8353 8829 7795
8541 8263 8593 7826
8189 8360 8827 7774
8271 8101 8778 8035
8268 8037 8835 8020
8564 8253 8509 7788
8176 8306 8897 7782
8367 8023 8850 8006
8258 8051 8817 8038
8261 8051 8791 8017
8307 8112 8739 8006
8310 8071 8808 8006
8247 8204 8971 7850
8220 8260 8937 7853
8237 8058 8784 8026
8293 8114 8779 7983
8564 8259 8518 7784
8143 8320 8912 7777
8540 8243 8507 7846
8284 8148 8821 7958
8142 8316 8939 7784
8585 8263 8488 7729
8607 8287 8480 7724
8599 8261 8486 7710
8193 8148 8825 8053
8635 8240 8449 7719
8125 8353 8906 7777
8620 8213 8523 7755
8266 8169 8845 7961
8146 8395 8861 7791
8608 8255 8569 7714
8111 8346 8888 7790
8249 8142 8801 7978
8642 8262 8541 7672
8661 8351 8483 7657
8143 8357 8910 7678
8608 8191 8600 7678
8294 8257 8729 7941
8115 8352 8948 7656
8316 8293 8696 7917
8156 8315 8976 7632
8611 8255 8543 7693
8139 8251 9002 7626
8598 8261 8586 7682
8233 8219 8764 8074
8195 8262 8989 7829
8603 8265 8549 7674
8307 8306 8703 7952
8603 8201 8580 7638
8238 8255 8973 7636
8271 8267 8717 7952
8595 8226 8594 7659
8230 8209 8795 8001
8249 8200 8974 7626
8599 8265 8559 7675
8215 8219 8814 8027
8258 8266 8936 7612
8186 8222 8840 8044
8248 8346 8925 7637
8184 8148 8847 8012
8564 8272 8548 7719
8558 8333 8465 7717
8210 8221 8760 8014
8186 8380 8886 7610
8202 8153 8812 8061
8537 8314 8545 7711
8253 8350 8888 7629
8198 8162 8784 8082
8526 8281 8626 7722
8183 8172 8803 8108
8536 8413 8584 7718
8149 8101 8862 8114
8153 8140 8827 8130
8331 8343 8873 7682
8567 8420 8582 7697
8159 8125 8821 8096
8530 8337 8637 7712
8193 8196 8762 8090
8162 8189 8764 8111
8183 8183 8782 8088
8567 8304 8612 7711
8162 8141 8827 8074
8200 8092 8839 8053
8216 8240 8977 7754
8530 8273 8668 7676
8227 8124 8841 8052
8190 8068 8880 8071
8183 8124 8866 8071
8198 8114 8847 8045
8156 8092 8864 8072
8153 8092 8890 8093
8125 8056 8915 8101
8152 8088 8917 8100
8122 8047 8905 8157
8143 8089 8860 8171
8108 8040 8887 8170
8543 8194 8589 7786
8136 8101 8885 8112
8589 8255 8537 7775
8115 8059 8930 8098
8554 8206 8564 7774
8143 8125 8892 8060
8575 8248 8519 7788
8109 8126 8862 8044
8128 8237 8999 7638
8098 8149 8816 8046
8131 8272 8991 7661
8143 8189 8798 8056
8135 8250 8997 7647
8551 8168 8498 7865
8552 8172 8534 7855
8237 8319 8692 7969
8226 8307 8717 7981
8524 8239 8631 7812
8166 8315 8657 8001
8546 8264 8563 7819
8236 8279 8692 8019
8201 8361 8898 7673
8525 8116 8752 7835
8241 8297 8698 7955
8243 8313 8897 7642
8564 8128 8630 7793
8563 8202 8581 7810
8574 8196 8639 7740
8225 8229 8807 7973
8216 8284 8748 7994
8503 8205 8640 7785
8263 8336 8906 7611
8523 8191 8784 7765
8255 8291 8772 7915
8527 8241 8656 7767
8531 8219 8662 7753
8224 8284 8774 7936
8251 8252 8907 7900
8500 8203 8615 7830
8493 8259 8601 7830
8252 8251 8938 7725
8288 8265 8881 7747
8487 8199 8644 7795
8485 8201 8649 7802
8492 8195 8643 7801
8298 8206 8788 7957
8488 8209 8630 7824
8545 8215 8579 7803
8517 8209 8577 7866
8553 8220 8538 7837
8511 8155 8513 7892
8513 8153 8508 7885
8331 8220 8797 7936
8308 8178 8909 7823
8541 8189 8483 7877
8352 8168 8823 7903
8293 8188 8928 7849
8360 8129 8789 7913
8259 8117 8987 7855
8532 8305 8545 7873
8310 8126 8850 7897
8252 8165 8942 7860
8559 8248 8464 7881
8258 8150 8936 7826
8534 8236 8433 7911
8517 8239 8439 7894
8331 8239 8759 7927
8193 8134 8997 7860
8574 8238 8445 7855
8568 8253 8451 7889
8530 8238 8470 7874
8220 8216 8958 7929
8515 8248 8489 7900
8255 8224 8839 7897
8501 8298 8547 7894
8286 8324 8757 7904
8258 8288 8782 7912
8506 8434 8529 7847
8270 8272 8843 7863
8336 8211 8789 7886
8456 8319 8525 7872
8367 8218 8787 7865
8280 8262 8848 7836
8446 8417 8544 7908
8333 8147 8846 7871
8450 8403 8557 7885
8337 8195 8782 7921
8299 8131 8813 7949
8271 8238 8905 7861
8475 8427 8531 7868
8339 8217 8776 7953
8501 8459 8514 7801
8304 8127 8782 7970
8265 8272 8867 7862
8491 8354 8621 7788
8278 8142 8840 7972
8226 8142 8809 7981
8272 8203 8757 7970
8438 8390 8592 7837
8510 8464 8501 7809
8319 8248 8743 7971
8259 8227 8938 7824
8472 8525 8465 7777
8267 8248 8712 7980
8259 8236 8909 7858
8552 8453 8524 7734
8264 8248 8738 8001
8240 8223 8757 7988
8243 8264 8729 7982
8243 8223 8706 8019
8205 8272 8694 8040
8181 8155 8997 7895
8516 8416 8660 7626
8241 8283 8655 8011
8179 8157 9002 7902
8195 8222 8707 8022
8177 8126 9008 7866
8247 8222 8738 8013
8225 8201 8982 7899
8264 8283 8662 7990
8223 8260 8911 7832
8569 8489 8468 7714
8286 8264 8748 7938
8594 8456 8572 7658
8238 8314 8861 7842
8227 8337 8815 7844
8594 8517 8425 7618
8181 8276 8867 7855
8595 8351 8681 7503
8212 8283 8865 7834
8597 8400 8610 7555
8191 8291 8890 7819
8648 8436 8576 7512
8656 8456 8429 7524
8400 8273 8706 7879
8644 8519 8455 7479
8194 8276 8950 7831
8390 8338 8700 7833
8191 8276 8976 7852
8562 8483 8571 7563
8356 8267 8759 7839
8223 8271 8941 7819
8320 8256 8798 7868
8324 8295 8763 7884
8320 8309 8750 7907
8318 8238 8807 7904
8266 8285 8923 7823
8352 8309 8748 7898
8284 8280 8879 7765
8332 8259 8774 7822
8293 8246 8891 7743
8614 8365 8635 7518
8392 8264 8742 7840
8295 8244 8886 7736
8414 8288 8734 7835
8635 8455 8483 7435
8348 8298 8772 7851
8375 8376 8775 7719
8667 8300 8617 7460
8376 8304 8758 7851
8335 8339 8796 7726
8686 8386 8553 7466
8396 8319 8747 7827
8636 8264 8668 7489
8340 8373 8854 7696
8636 8336 8646 7534
8396 8191 8816 7832
8337 8363 8885 7623
8402 8245 8775 7761
8368 8434 8852 7638
8411 8190 8834 7740
8383 8424 8833 7612
8613 8439 8586 7535
8429 8227 8796 7750
8398 8449 8774 7619
8405 8393 8788 7619
8415 8247 8803 7737
8423 8387 8859 7564
8406 8302 8744 7758
8427 8498 8765 7585
8388 8265 8782 7748
8458 8343 8817 7580
8655 8363 8570 7508
8688 8387 8473 7618
8427 8279 8842 7576
8680 8370 8446 7668
8510 8167 8856 7774
8719 8370 8401 7600
8383 8236 8912 7543
8458 8214 8781 7731
8365 8261 8925 7568
8679 8186 8396 7736
8411 8142 8868 7775
8702 8189 8450 7727
8432 8297 8834 7511
8697 8261 8375 7711
8444 8420 8798 7530
8697 8190 8434 7642
8406 8390 8865 7547
8392 8236 8756 7873
8354 8299 8899 7551
8385 8370 8866 7566
8351 8299 8925 7572
8351 8363 8894 7608
8717 8145 8476 7673
8386 8239 8764 7897
8354 8363 8868 7587
8345 8397 8856 7609
8374 8331 8857 7612
8324 8204 8808 7894
8405 8338 8855 7591
8342 8241 8770 7904
8420 8328 8836 7565
8427 8272 8850 7565
8657 8140 8508 7655
8383 8348 8868 7588
8375 8137 8793 7878
8356 8316 8866 7589
8375 8201 8762 7914
8351 8165 8746 7932
8372 8296 8876 7601
8393 8187 8729 7905
8393 8225 8940 7577
8427 8258 8670 7899
8448 8187 8734 7875
8384 8280 8881 7598
8380 8294 8868 7621
8371 8136 8782 7913
8389 8260 8880 7599
8411 8173 8761 7906
8338 8190 8935 7609
8380 8102 8794 7891
8707 8192 8398 7673
8384 8141 8759 7907
8395 8160 8911 7604
8374 8231 8847 7628
8664 8237 8423 7702
8479 8119 8773 7882
8364 8189 8916 7634
8457 8128 8764 7872
8343 8195 8898 7657
8404 8080 8792 7864
8333 8118 8949 7619
8435 8087 8790 7843
8460 8097 8866 7774
8360 8150 8951 7618
8656 8203 8490 7799
8394 8221 8892 7612
8334 8216 8924 7594
8338 8255 8889 7610
8300 8195 8943 7596
8461 8145 8807 7791
8331 8216 8904 7635
8327 8177 8939 7619
8360 8176 8886 7696
8323 8120 8923 7632
8483 8135 8854 7775
8354 8191 8890 7647
8633 8269 8421 7814
8470 8157 8832 7778
8413 8139 8894 7808
8629 8171 8488 7800
8454 8190 8770 7779
8378 8082 8914 7816
8407 8150 8872 7663
8486 8156 8747 7785
8478 8117 8824 7781
8379 8212 8840 7686
8661 8179 8473 7671
8403 8186 8852 7735
8396 8242 8838 7735
8525 8157 8837 7748
8421 8181 8808 7677
8434 8112 8880 7633
8618 8154 8677 7737
8465 8183 8847 7648
8427 8168 8866 7633
8384 8162 8859 7645
8698 8150 8485 7711
8531 8093 8773 7762
8415 8169 8857 7624
8552 8138 8737 7698
8422 8113 8871 7624
8545 8103 8786 7665
8436 8077 8951 7781
8549 8151 8722 7715
8412 8113 8895 7782
8452 8101 8898 7662
8678 8108 8544 7708
8474 8046 8864 7638
8704 8169 8450 7614
8478 8010 8884 7566
8662 8173 8492 7580
8553 8073 8766 7815
8527 8032 8843 7685
8683 8160 8504 7737
8475 7975 8892 7543
8651 8331 8512 7637
8491 8091 8862 7750
8466 7977 8886 7549
8449 8064 8913 7781
8628 8265 8458 7822
8457 7924 8904 7519
8545 8069 8805 7695
8488 7995 8871 7534
8459 7955 8898 7555
8476 8019 8872 7561
8460 8020 8895 7735
8672 8242 8382 7736
8504 8072 8869 7478
8484 8104 8880 7453
8663 8262 8345 7695
8538 8118 8778 7736
8464 8039 8890 7381
8547 8184 8740 7722
8549 8073 8864 7454
8683 8359 8440 7629
8486 8033 8877 7407
8498 8032 8886 7416
8617 8316 8374 7689
8606 8237 8761 7533
8595 8340 8319 7731
8583 8181 8787 7417
8613 8020 8784 7445
8599 8376 8410 7710
8645 8160 8736 7461
8424 8096 8884 7789
8597 8316 8422 7758
8428 8135 8849 7805
8582 7949 8817 7430
8585 7984 8809 7453
8568 8382 8421 7755
8584 8479 8481 7688
8583 8144 8805 7448
8515 8107 8850 7730
8568 8105 8778 7459
8515 8171 8819 7766
8549 8034 8801 7799
8470 8100 8879 7749
8449 8171 8815 7773
8586 8172 8780 7447
8603 8508 8427 7678
8415 8100 8874 7779
8398 8111 8818 7815
8590 8057 8779 7468
8518 8522 8444 7730
8603 8100 8727 7727
8528 8555 8418 7656
8640 8151 8763 7412
8347 8075 8916 7837
8381 8146 8857 7831
8649 8162 8733 7427
8412 8153 8855 7810
8500 8445 8642 7715
8369 8092 8901 7734
8617 8210 8745 7456
8389 8157 8891 7806
8628 8370 8415 7677
8379 8090 8926 7774
8413 8161 8867 7768
8382 8090 8900 7753
8420 8105 8881 7768
8433 8042 8959 7758
8393 8007 8975 7757
8398 7970 8983 7760
8528 8597 8368 7680
8385 8000 8988 7741
8439 8053 8922 7716
8386 8048 8960 7727
8388 8046 8955 7720
8406 8083 8917 7730
8560 8224 8794 7406
8457 8581 8395 7767
8361 8018 8918 7806
8300 8033 8924 7812
8609 8208 8768 7325
8474 8452 8556 7831
8306 8052 8953 7794
8617 8246 8696 7454
8271 8003 8980 7793
8292 8045 8935 7807
8633 8199 8718 7417
8266 7966 8970 7837
8503 8642 8343 7756
8270 8005 8935 7853
8423 8638 8336 7817
8283 7981 8961 7912
8490 8504 8535 7802
8320 8037 8922 7893
8371 8491 8291 7966
8324 8015 8928 7879
8369 8488 8542 7802
8314 7991 8969 7897
8591 8272 8753 7532
8371 7961 8945 7892
8405 8032 8886 7886
8345 8027 8918 7868
8349 8066 8883 7884
8610 8276 8726 7549
8307 8050 8915 7879
8585 8308 8697 7557
8307 8114 8884 7915
8300 8119 8885 7924
8282 8146 8855 7923
8303 8090 8908 7911
8286 8121 8851 7903
8272 8083 8910 7932
8412 8528 8303 7827
8252 8114 8879 7945
8569 8171 8771 7484
8374 8508 8272 7857
8547 8118 8809 7421
8400 8537 8549 7794
8401 8613 8404 7810
8300 8055 8916 7888
8303 8119 8859 7903
8334 8126 8857 7882
8335 8052 8906 7865
8545 8318 8805 7439
8339 8091 8871 7881
8352 8061 8866 7900
8348 8022 8901 7884
8384 8033 8862 7855
8388 8072 8827 7871
8375 8014 8840 7988
8368 8005 8862 7930
8389 7994 8835 7907
8560 8228 8778 7386
8519 8484 8487 7798
8425 8040 8760 7932
8556 8345 8719 7480
8383 8018 8777 7959
8414 8025 8775 7938
8380 7954 8834 7944
8563 8318 8710 7514
8578 8356 8700 7384
8585 8313 8702 7341
8401 8523 8576 7744
8390 8004 8821 7962
8617 8320 8665 7411
8361 8076 8810 7921
8346 8086 8829 7947
8299 8024 8889 7978
8593 8361 8645 7539
8336 7952 8883 7991
8567 8387 8666 7494
8332 7966 8870 8014
8559 8348 8711 7479
8506 8324 8767 7516
8529 8325 8769 7359
8282 8035 8833 8014
8561 8402 8655 7369
8330 8095 8856 7993
8343 8087 8842 7974
8295 8027 8819 7995
8322 8059 8821 7994
8291 8052 8823 8015
8280 8075 8777 8017
8287 8019 8791 8017
8284 8019 8817 8038
8581 8307 8710 7567
8238 7958 8869 8049
8269 7965 8867 8028
8317 7957 8943 7978
8490 8341 8763 7352
8266 7964 8871 7986
8562 8383 8703 7502
8419 8446 8594 7777
8519 8302 8726 7592
8391 8471 8587 7808
8317 7893 8974 7942
8529 8316 8735 7501
8387 8513 8515 7799
8351 7964 8915 7936
8299 7904 8975 7944
8290 7959 8916 7965
8378 8427 8586 7902
8319 7893 8917 7968
8408 8456 8551 7860
8316 7893 8943 7989
8320 7879 8956 7966
8322 7897 8923 7948
8567 8228 8773 7304
8340 7861 8925 7924
8552 8238 8792 7330
8395 8424 8580 7919
8377 7917 8886 7905
8521 8167 8825 7315
8421 7882 8900 7916
8581 8172 8793 7333
8455 7918 8817 7897
8318 8452 8641 7914
8442 7876 8918 7893
8427 7932 8848 7883
8630 8157 8762 7305
8614 8212 8731 7317
8667 8214 8690 7392
8442 7924 8855 7930
8411 8414 8552 7883
8390 7924 8824 7939
8662 8210 8727 7400
8405 8479 8555 7812
8427 7980 8785 7920
8646 8120 8775 7293
8400 8430 8652 7821
8396 7973 8787 7941
8624 8130 8779 7278
8424 8034 8785 7883
8639 8102 8789 7297
8503 8483 8489 7800
8435 7959 8776 7902
8440 7976 8814 7887
8429 8051 8823 7868
8392 7995 8862 7887
8645 8086 8773 7333
8401 8061 8824 7873
8380 8069 8849 7858
8637 8094 8790 7339
8383 8110 8821 7852
8614 8089 8769 7446
8436 8096 8810 7827
8561 8023 8830 7418
8390 8035 8862 7838
8596 8166 8776 7401
8570 8098 8819 7436
8396 8072 8822 7847
8420 8108 8838 7829
8323 8578 8593 7777
8385 8059 8865 7828
8402 8064 8836 7834
8429 8096 8838 7833
8411 8573 8563 7762
8433 8074 8844 7819
8437 8113 8809 7835
8444 8057 8823 7835
8454 8586 8494 7758
8452 8054 8802 7852
8479 8086 8804 7851
8534 8044 8820 7825
8503 8058 8804 7814
8677 8200 8708 7374
8484 8056 8813 7821
8742 8099 8699 7413
8453 7985 8846 7806
8703 8165 8678 7298
8696 8147 8724 7289
8509 8024 8842 7813
8531 8048 8834 7808
8727 8203 8647 7390
8366 8600 8342 7830
8534 8048 8808 7787
8680 8157 8726 7438
8507 8012 8818 7826
8674 8112 8734 7267
8673 8173 8730 7291
8667 8126 8766 7317
8685 8037 8725 7286
8541 8037 8822 7782
8707 8140 8712 7442
8545 8076 8787 7798
8507 8061 8806 7783
8635 8129 8765 7282
8599 8086 8795 7290
8539 8137 8719 7753
8699 8126 8713 7282
8524 8147 8738 7779
8703 8179 8671 7436
8493 8140 8740 7800
8485 8148 8754 7814
8464 8106 8799 7800
8495 8113 8797 7779
8502 8057 8811 7779
8548 8118 8759 7768
8520 8082 8784 7776
8541 8124 8739 7790
8639 8168 8730 7298
8549 8116 8725 7776
8585 8127 8686 7747
8581 8088 8721 7731
8643 8141 8754 7313
8566 8098 8740 7757
8563 8063 8748 7734
8572 8029 8760 7712
8638 8091 8791 7266
8572 8093 8729 7748
8585 8104 8710 7788
8568 8107 8716 7771
8720 8158 8663 7420
8616 8111 8708 7767
8672 8130 8729 7309
8575 8057 8739 7734
8571 8071 8726 7757
8650 8026 8767 7289
8587 7983 8752 7763
8642 8021 8808 7255
8596 8049 8714 7749
8642 8085 8777 7291
8633 8055 8825 7323
8567 7918 8762 7691
8645 8056 8800 7278
8617 7921 8701 7707
8626 8024 8850 7220
8654 7977 8662 7688
8630 8063 8815 7236
8627 7954 8631 7723
8602 8057 8813 7299
8618 7988 8619 7745
8623 8099 8768 7313
8609 7962 8603 7798
8601 8076 8580 7813
8606 8023 8823 7324
8578 7955 8605 7819
8641 8014 8608 7795
8629 7940 8609 7736
8632 8083 8578 7792
8672 8066 8760 7273
8599 7997 8560 7833
8613 7980 8536 7837
8563 7852 8539 7853
8521 7956 8606 7876
8499 7935 8630 7915
8327 8418 8653 7892
8491 7940 8614 7880
8718 8213 8634 7308
8473 7920 8649 7921
8680 8198 8653 7293
8273 8381 8701 7897
8444 7986 8648 7918
8680 8262 8622 7329
8277 8420 8666 7913
8480 8003 8658 7914
8693 8238 8648 7388
8327 8376 8692 7924
8714 8230 8623 7403
8276 8415 8665 7940
8485 7955 8620 7914
8687 8207 8592 7438
8453 7968 8664 7910
8718 8214 8590 7417
8474 8010 8619 7924
8669 8181 8670 7512
8685 8159 8696 7473
8449 7982 8651 7933
8296 8305 8725 7909
8437 7949 8653 7916
8291 8379 8693 7937
8483 8010 8601 7905
8245 8344 8698 7925
8494 7955 8602 7895
8238 8400 8684 7925
8506 7988 8600 7912
8631 8149 8695 7476
8242 8439 8649 7941
8460 7927 8652 7923
8449 7932 8691 7899
8211 8432 8651 7962
8633 8184 8726 7433
8238 8464 8653 7961
8633 8229 8676 7466
8256 8428 8655 7937
8253 8428 8681 7958
8545 7963 8575 7874
8253 8364 8712 7922
8543 7981 8538 7883
8246 8360 8716 7876
8280 8431 8657 7870
8536 7946 8587 7850
8284 8417 8670 7847
8561 7930 8561 7838
8657 8217 8635 7415
8652 8213 8672 7423
8648 8174 8707 7407
8573 7883 8576 7836
8644 8190 8728 7428
8539 7812 8635 7842
8555 7939 8532 7847
8238 8574 8681 7840
8258 8504 8525 7874
8575 8059 8520 7888
8213 8513 8519 7854
8275 8501 8519 7891
8536 7947 8586 7830
8232 8542 8465 7844
8304 8478 8529 7873
8357 8498 8558 7871
8626 7898 8629 7800
8189 8473 8549 7892
8580 7837 8681 7811
8176 8503 8554 7873
8573 7893 8667 7811
8560 8201 8786 7517
8167 8505 8564 7875
8575 7891 8662 7804
8594 8164 8766 7433
8204 8509 8547 7887
8555 8101 8813 7432
8168 8545 8508 7879
8172 8531 8521 7856
8544 8099 8808 7515
8216 8508 8514 7854
8551 7984 8535 7842
8533 7964 8566 7865
8261 8523 8457 7862
8307 8584 8405 7851
8490 7949 8608 7897
8279 8523 8407 7909
8275 8537 8394 7932
8238 8491 8450 7965
8269 8492 8472 7937
8512 7974 8540 7904
8501 7997 8494 7906
8515 7997 8467 7908
8548 8027 8518 7889
8609 8087 8470 7860
8328 8472 8456 7890
8600 7936 8486 7856
8550 7933 8547 7840
8581 8004 8514 7855
8401 8448 8423 7949
8265 8433 8364 7970
8528 7999 8552 7866
8529 7925 8601 7849
8591 8283 8701 7539
8287 8422 8441 8048
8287 8458 8296 7977
8579 8034 8516 7868
8227 8433 8436 8030
8259 8494 8281 7968
8563 8026 8522 7871
8262 8494 8255 7947
8567 8016 8562 7837
8298 8505 8216 7918
8594 8033 8520 7850
8610 8341 8662 7477
8300 8504 8291 7908
8609 8023 8501 7824
8310 8475 8374 7937
8328 8468 8306 7917
8602 8073 8476 7824
8587 8083 8495 7850
8554 8300 8675 7571
8352 8517 8287 7887
8566 8041 8540 7836
8447 8481 8494 7840
8597 8048 8538 7815
8343 8514 8393 7898
8563 7977 8597 7821
8284 8483 8450 7890
8578 8292 8731 7348
8327 8540 8287 7861
8586 7948 8534 7838
8308 8535 8418 7858
8617 7966 8549 7814
8620 8288 8689 7382
8645 8053 8573 7811
8618 8214 8696 7350
8627 8288 8668 7504
8356 8548 8237 7845
8694 8093 8433 7744
8701 8019 8576 7813
8375 8511 8248 7832
8642 8350 8638 7468
8437 8473 8298 7911
8691 8084 8570 7767
8420 8372 8308 7947
8611 8169 8511 7807
8580 8162 8513 7828
8620 8156 8745 7493
8382 8389 8347 7955
8402 8368 8317 7938
8618 8188 8509 7784
8620 8254 8656 7581
8593 8145 8548 7793
8603 8198 8528 7810
8563 8205 8512 7809
8417 8323 8372 7969
8574 8238 8478 7806
8587 8208 8473 7825
8411 8373 8304 7946
8633 8205 8452 7778
8640 8338 8629 7501
8618 8215 8471 7804
8361 8326 8343 7980
8584 8144 8530 7810
8588 8183 8495 7826
8368 8400 8339 7973
8548 8133 8569 7839
8582 8204 8510 7833
8396 8336 8292 7965
8423 8368 8294 7964
8432 8313 8353 7943
8576 8166 8526 7811
8622 8227 8474 7800
8377 8307 8346 7975
8364 8337 8351 7956
8343 8331 8423 7978
8608 8135 8529 7767
8614 8074 8612 7769
8618 8113 8577 7785
8587 8042 8610 7770
8587 8106 8579 7806
8603 8325 8630 7546
8590 8151 8589 7794
8569 8109 8634 7780
8551 8273 8644 7637
8301 8379 8419 8063
8657 7972 8583 7739
8563 8222 8703 7597
8635 8118 8567 7765
8584 8264 8658 7611
8640 8093 8563 7693
8566 8227 8696 7601
8616 8230 8635 7617
8647 8037 8577 7693
8595 8188 8680 7603
8587 8196 8694 7617
8631 8079 8602 7749
8574 8193 8708 7592
8641 8103 8561 7731
8613 8215 8667 7510
8656 8128 8502 7738
8632 8236 8677 7428
8623 8231 8690 7420
8635 8223 8565 7733
8656 8231 8667 7483
8583 8157 8562 7774
8691 8261 8593 7416
8629 8218 8510 7763
8655 8254 8647 7476
8614 8164 8560 7753
8636 8149 8614 7716
8601 8152 8624 7739
8648 8160 8710 7440
8579 8167 8570 7776
8596 8156 8626 7740
8617 8146 8776 7420
8630 8227 8567 7734
8631 8153 8616 7717
8316 8353 8531 7938
8624 8201 8571 7722
8586 8186 8590 7707
8572 8081 8771 7460
8586 8250 8559 7743
8553 8124 8769 7529
8593 8269 8602 7671
8534 8086 8800 7531
8552 8123 8762 7541
8334 8365 8411 8000
8307 8373 8403 7976
8525 8308 8651 7652
8296 8396 8357 7978
8525 8244 8682 7616
8307 8373 8328 8047
8563 8259 8663 7631
8296 8314 8458 8032
8532 8188 8696 7616
8258 8378 8356 8099
8532 8252 8665 7652
8539 8075 8812 7442
8281 8324 8477 8058
8526 8304 8689 7602
8295 8316 8426 8107
8520 8229 8734 7577
8585 8014 8789 7512
8257 8346 8394 8105
8515 8298 8712 7659
8554 7943 8822 7497
8561 8000 8809 7497
8305 8248 8391 8091
8547 8063 8777 7533
8510 8357 8667 7613
8526 8240 8720 7566
8549 8039 8802 7471
8559 8089 8789 7489
8508 8340 8680 7632
8487 8288 8729 7621
8478 8343 8670 7642
8541 8135 8796 7492
8469 8374 8675 7700
8552 8137 8807 7469
8543 8454 8625 7573
8534 8100 8845 7459
8520 8531 8639 7645
8523 8592 8595 7630
8457 8490 8573 7738
8540 8128 8805 7475
8546 8041 8846 7457
8542 8055 8833 7480
8524 8018 8871 7470
8411 8509 8594 7726
8528 8057 8836 7486
8535 8001 8850 7486
8468 8539 8552 7731
8581 8035 8816 7495
8466 8545 8536 7745
8599 7973 8787 7454
8329 8224 8404 8061
8592 8029 8773 7454
8607 8061 8757 7486
8628 8050 8730 7463
8432 8503 8600 7708
8597 8011 8770 7468
8569 8002 8818 7478
8550 7964 8849 7480
8265 8351 8353 8139
8462 8494 8630 7736
8284 8287 8317 8194
8596 8025 8797 7469
8294 8092 8312 8113
8578 7991 8775 7528
8312 8259 8292 8089
8580 7989 8770 7521
8518 8491 8610 7653
8614 8060 8711 7515
8625 8054 8769 7445
8627 8145 8721 7466
8258 8066 8375 8125
8509 8509 8743 7525
8640 8060 8718 7484
8265 8010 8389 8125
8654 8088 8729 7458
8257 8005 8430 8091
8252 8174 8450 8075
8310 8084 8496 8035
8641 8137 8699 7511
8700 8149 8677 7447
8321 8185 8481 8057
8549 8505 8554 7650
8307 8247 8453 8041
8624 8140 8705 7494
8647 8135 8744 7424
8669 8143 8701 7448
8335 8214 8451 8046
8677 8148 8660 7482
8547 8480 8636 7530
8645 8182 8683 7476
8658 8127 8694 7474
8665 8193 8646 7452
8704 8188 8642 7463
8679 8217 8571 7501
8353 8308 8401 8030
8673 8156 8666 7492
8615 8184 8688 7487
8622 8160 8726 7489
8618 8227 8679 7478
8352 8192 8479 8036
8359 8136 8493 8036
8631 8197 8674 7497
8380 8178 8448 8050
8651 8183 8680 7474
8363 8136 8451 8024
8397 8207 8392 8018
8365 8512 8615 7773
8670 8244 8628 7450
8366 8200 8394 8039
8688 8281 8590 7460
8412 8261 8342 8028
8668 8205 8584 7469
8391 8219 8387 8014
8709 8249 8547 7479
8422 8226 8385 7993
8724 8184 8534 7465
8439 8223 8379 8010
8678 8123 8586 7476
8460 8265 8334 8024
8699 8165 8541 7490
8426 8266 8304 8008
8709 8158 8574 7501
8409 8269 8310 7991
8678 8087 8607 7486
8388 8275 8292 8014
8412 8311 8308 7996
8724 8148 8555 7475
8372 8295 8282 8002
8728 8187 8520 7491
8389 8442 8294 7987
8315 8286 8376 8045
8435 8447 8604 7754
8713 8224 8543 7459
8682 8217 8545 7480
8504 8496 8548 7724
8724 8239 8528 7453
8759 8296 8508 7445
8711 8228 8547 7413
8696 8238 8566 7439
8336 8255 8389 8070
8701 8203 8580 7438
8483 8362 8692 7640
8429 8396 8654 7720
8429 8439 8657 7693
8728 8163 8622 7454
8477 8484 8611 7710
8682 8094 8731 7395
8449 8359 8686 7697
8277 8297 8556 8071
8419 8318 8674 7754
8306 8292 8506 8050
8415 8332 8661 7777
8332 8215 8482 8033
8428 8302 8656 7796
8360 8224 8434 8023
8372 8286 8352 7996
8347 8318 8323 8004
8316 8311 8325 8025
8478 8386 8591 7767
8337 8353 8280 8039
8704 8105 8720 7419
8336 8363 8262 8020
8669 8108 8730 7442
8310 8373 8302 8026
8669 8117 8701 7476
8293 8357 8355 8076
8478 8438 8569 7808
8638 8110 8703 7497
8642 8149 8668 7513
8310 8306 8302 8066
8634 8207 8675 7488
8630 8168 8710 7472
8279 8346 8272 8148
8297 8300 8263 8142
8318 8261 8228 8069
8329 8186 8219 8088
8466 8394 8547 7833
8315 8187 8355 8090
8608 8269 8747 7549
8306 8242 8296 8111
8592 8252 8711 7557
8484 8391 8556 7751
8550 8236 8743 7552
8311 8324 8290 8115
8298 8375 8218 8138
8269 8370 8220 8068
8570 8270 8755 7509
8271 8311 8291 8135
8495 8330 8709 7586
8252 8314 8270 8149
8494 8370 8693 7569
8489 8486 8711 7569
8585 8387 8631 7569
8455 8477 8545 7777
8272 8261 8337 8114
8257 8271 8356 8140
8208 8343 8425 8126
8534 8451 8604 7640
8241 8339 8358 8118
8499 8448 8562 7745
8252 8365 8461 8056
8617 8490 8500 7548
8245 8413 8416 8061
8429 8422 8599 7787
8241 8374 8451 8045
8306 8310 8484 8037
8405 8486 8556 7779
8235 8311 8458 8089
8239 8350 8423 8105
8353 8459 8593 7855
8230 8289 8525 8094
8421 8491 8565 7769
8195 8373 8430 8107
8203 8365 8416 8093
8234 8372 8414 8072
8544 8445 8644 7507
8195 8422 8465 8058
8192 8440 8425 8074
8198 8450 8439 8069
8505 8449 8605 7707
8223 8394 8471 8014
8226 8429 8463 8037
8195 8404 8535 8041
8231 8433 8426 8029
8202 8436 8452 8046
8209 8395 8440 8059
8255 8456 8388 8048
8470 8320 8638 7795
8239 8511 8375 8047
8506 8392 8576 7745
8537 8464 8578 7588
8252 8464 8356 8011
8481 8386 8565 7746
8265 8434 8351 8030
8208 8440 8408 8032
8449 8440 8569 7774
8236 8446 8410 7969
8436 8481 8546 7743
8221 8456 8429 7995
8572 8406 8647 7588
8189 8469 8473 7991
8552 8433 8584 7545
8179 8504 8430 8026
8518 8389 8660 7582
8158 8462 8475 8012
8396 8519 8613 7752
8522 8401 8654 7592
8517 8358 8670 7558
8198 8468 8491 7981
8551 8429 8611 7552
8221 8491 8461 7960
8183 8427 8492 7988
8170 8457 8497 7969
8180 8507 8484 7987
8362 8448 8672 7758
8163 8529 8463 7912
8366 8487 8637 7774
8586 8409 8600 7544
8138 8510 8470 7937
8352 8425 8688 7804
8117 8518 8495 7922
8335 8480 8639 7795
8146 8515 8469 7905
8331 8441 8674 7779
8227 8497 8527 7895
8113 8524 8476 7914
8371 8487 8654 7755
8570 8333 8681 7559
8124 8555 8480 7900
8371 8491 8600 7766
8388 8436 8649 7775
8557 8298 8699 7598
8258 8548 8418 7910
8409 8467 8632 7823
8297 8503 8451 7885
8412 8450 8682 7731
8509 8230 8738 7566
8540 8301 8705 7581
8277 8555 8416 7833
8429 8503 8626 7729
8536 8262 8740 7565
8304 8498 8493 7874
8378 8512 8439 7817
8585 8323 8662 7533
8313 8482 8475 7916
8469 8454 8576 7712
8539 8326 8683 7580
8505 8385 8636 7671
8543 8351 8650 7512
8564 8280 8714 7488
8531 8422 8568 7720
8589 8412 8598 7501
8346 8512 8421 7847
8582 8377 8647 7468
8483 8300 8658 7733
8567 8323 8697 7458
8279 8483 8445 7900
8462 8371 8594 7757
8325 8544 8393 7889
8473 8365 8652 7687
8563 8387 8676 7495
8317 8468 8488 7893
8532 8351 8727 7524
8522 8274 8778 7486
8445 8401 8604 7758
8553 8310 8727 7457
8572 8325 8729 7454
8248 8489 8502 7910
8424 8377 8644 7739
8561 8334 8719 7443
8435 8383 8635 7718
8562 8270 8770 7444
8230 8487 8420 7968
8574 8326 8705 7424
8261 8494 8418 7947
8594 8294 8694 7449
8274 8464 8413 7966
8573 8302 8719 7434
8566 8358 8705 7434
8253 8481 8431 7939
8466 8483 8553 7725
8517 8297 8783 7466
8498 8282 8781 7469
8204 8420 8509 7971
8552 8353 8756 7472
8155 8452 8496 7971
8189 8523 8437 7965
8342 8461 8643 7828
8528 8329 8749 7475
8200 8517 8495 7895
8218 8554 8457 7905
8406 8483 8528 7805
8197 8512 8502 7891
8458 8435 8555 7834
8550 8237 8772 7427
8177 8477 8545 7888
8546 8251 8759 7450
8223 8538 8493 7877
8219 8499 8528 7861
8495 8260 8787 7467
8174 8468 8535 7944
8170 8482 8522 7967
8177 8426 8536 7967
8521 8282 8789 7457
8216 8493 8464 7978
8539 8315 8744 7540
8227 8438 8465 7968
8511 8214 8780 7510
8220 8494 8451 7968
8542 8285 8747 7525
8174 8433 8503 7979
8488 8209 8786 7492
8357 8360 8676 7797
8521 8291 8729 7548
8321 8419 8688 7814
8514 8347 8715 7548
8143 8377 8587 7998
8334 8435 8649 7814
8515 8351 8688 7541
8295 8433 8643 7846
8536 8280 8752 7517
8303 8459 8637 7860
8146 8425 8530 7993
8329 8444 8579 7858
8496 8245 8768 7516
8218 8408 8545 8016
8492 8206 8803 7500
8149 8421 8516 8010
8373 8500 8583 7763
8491 8280 8754 7517
8484 8245 8803 7484
8193 8421 8491 7991
8515 8316 8770 7499
8219 8415 8504 8015
8361 8417 8659 7772
8512 8281 8778 7476
8186 8427 8471 8015
8389 8478 8657 7714
8516 8320 8743 7492
8485 8299 8782 7453
8173 8435 8485 8034
8462 8547 8668 7665
8518 8423 8673 7475
8204 8471 8434 8005
8455 8486 8671 7640
8468 8467 8668 7579
8427 8388 8702 7605
8423 8402 8689 7628
8422 8419 8773 7612
8416 8529 8690 7652
8179 8347 8584 7982
8489 8460 8672 7630
8210 8418 8551 7997
8177 8349 8589 7989
8418 8459 8705 7635
8223 8410 8537 7978
8414 8516 8740 7603
8231 8415 8496 8012
8185 8354 8548 8023
8445 8523 8738 7582
8182 8354 8574 8044
8211 8288 8575 8047
8232 8330 8530 8061
8256 8255 8601 8057
8236 8287 8612 8032
8229 8343 8598 8032
8240 8268 8589 8051
8268 8329 8587 7993
8276 8355 8581 8007
8271 8389 8512 7959
8279 8379 8506 7978
8276 8379 8532 7999
8234 8314 8507 8054
8258 8350 8523 8036
8539 8511 8526 7618
8219 8312 8479 8096
8493 8567 8515 7701
8179 8296 8453 8102
8549 8561 8513 7636
8166 8326 8458 8083
8216 8352 8414 8083
8237 8386 8381 8084
8258 8428 8336 8098
8189 8409 8310 8117
8192 8450 8282 8111
8531 8546 8516 7707
8155 8394 8321 8130
8563 8523 8394 7660
8183 8455 8319 8072
8249 8423 8349 8090
8513 8581 8535 7637
8270 8441 8307 8045
8583 8623 8317 7540
8242 8380 8309 8103
8499 8654 8370 7631
8488 8691 8636 7509
8508 8613 8509 7660
8212 8367 8388 8109
8427 8697 8478 7540
8228 8381 8394 8076
8256 8447 8356 8038
8456 8665 8341 7649
8282 8432 8298 8036
8322 8443 8328 7994
8484 8651 8443 7736
8325 8430 8343 7977
8450 8628 8520 7589
8349 8466 8359 7959
8314 8477 8285 7967
8451 8645 8458 7741
8436 8593 8594 7533
8350 8449 8336 7952
8371 8441 8311 7967
8349 8426 8268 7993
8395 8728 8592 7542
8386 8482 8229 7974
8407 8471 8202 7951
8398 8505 8190 7973
8396 8474 8196 7937
8381 8484 8215 7963
8396 8455 8240 7970
8387 8450 8253 7962
8402 8440 8234 7936
8407 8432 8286 7968
8443 8412 8381 7913
8458 8402 8362 7887
8462 8441 8327 7903
8447 8378 8431 7889
8467 8472 8447 7845
8428 8460 8301 7849
8461 8570 8609 7654
8430 8643 8631 7672
8372 8570 8292 7837
8399 8636 8633 7693
8403 8621 8646 7548
8434 8634 8549 7623
8418 8692 8491 7532
8415 8696 8581 7567
8405 8596 8268 7828
8374 8758 8481 7580
8344 8713 8564 7655
8339 8575 8387 7838
8275 8724 8608 7578
8313 8706 8566 7676
8298 8701 8610 7619
8332 8529 8401 7836
8354 8793 8546 7617
8383 8710 8506 7709
8360 8665 8533 7708
8377 8577 8388 7828
8402 8596 8381 7803
8382 8665 8668 7674
8334 8597 8707 7642
8406 8600 8397 7759
8386 8660 8607 7634
8406 8726 8481 7697
8407 8572 8726 7603
8371 8686 8663 7549
8393 8608 8666 7546
8386 8738 8446 7710
8432 8771 8428 7677
8311 8713 8604 7572
8520 8599 8517 7700
8368 8746 8603 7555
8423 8579 8496 7779
8438 8645 8543 7602
8405 8737 8649 7452
8374 8695 8519 7737
8506 8593 8540 7418
8526 8548 8543 7598
8391 8736 8500 7723
8573 8613 8449 7422
8523 8610 8510 7406
8508 8620 8529 7432
8527 8573 8592 7413
8505 8619 8533 7390
8529 8489 8633 7383
8279 8696 8528 7729
8302 8761 8565 7686
8565 8520 8555 7484
8474 8564 8637 7425
8423 8557 8665 7530
8396 8569 8695 7617
8442 8630 8688 7520
8441 8611 8534 7680
8427 8546 8593 7739
8415 8682 8466 7606
8469 8597 8493 7726
8472 8563 8540 7656
8366 8526 8751 7636
8334 8576 8720 7659
8394 8573 8728 7646
8505 8545 8567 7690
8525 8483 8576 7491
8566 8446 8604 7467
8618 8506 8544 7459
8584 8435 8603 7465
8575 8490 8544 7486
8578 8490 8518 7465
8591 8536 8516 7598
8604 8459 8583 7514
8629 8467 8499 7426
8623 8528 8416 7424
8644 8457 8480 7400
8647 8457 8493 7391
8634 8471 8462 7418
8649 8461 8443 7392
8628 8532 8379 7416
8612 8532 8442 7600
8563 8587 8417 7442
8530 8550 8528 7530
8568 8567 8416 7443
8553 8544 8519 7666
8616 8468 8588 7401
8602 8528 8528 7404
8577 8487 8559 7342
8580 8522 8551 7365
8559 8480 8596 7351
8546 8504 8570 7292
8552 8489 8564 7258
8550 8491 8569 7265
8567 8488 8563 7282
8613 8549 8511 7271
8579 8550 8481 7255
8600 8592 8436 7269
8556 8592 8461 7288
8549 8592 8496 7608
8562 8641 8424 7290
8512 8633 8436 7331
8525 8609 8462 7390
8556 8616 8460 7369
8525 8427 8671 7412
8585 8432 8639 7430
8582 8397 8647 7407
8585 8461 8590 7422
8621 8472 8551 7393
8657 8422 8536 7356
8624 8379 8603 7533
8611 8409 8608 7514
8663 8392 8593 7482
8665 8329 8630 7327
8617 8365 8609 7497
8675 8430 8510 7377
8690 8420 8491 7351
8693 8455 8483 7374
8633 8450 8515 7356
8637 8489 8480 7372
8640 8447 8481 7395
8673 8403 8505 7419
8712 8431 8486 7468
8674 8444 8464 7422
8709 8396 8494 7445
8621 8401 8522 7588
8630 8397 8563 7532
8672 8434 8449 7610
8638 8431 8456 7527
8654 8514 8402 7480
8650 8475 8437 7464
8635 8485 8456 7490
8595 8489 8543 7539
8600 8493 8506 7531
8561 8418 8602 7545
8565 8457 8567 7561
8586 8386 8631 7537
8573 8402 8607 7542
8617 8429 8578 7533
8625 8348 8648 7527
8661 8359 8609 7498
8664 8331 8607 7387
8670 8316 8601 7353
8701 8387 8568 7368
8638 8376 8618 7350
8623 8386 8637 7376
8589 8315 8696 7382
8593 8354 8661 7398
8653 8264 8624 7440
8651 8326 8627 7508
8665 8320 8586 7424
8645 8333 8581 7507
8612 8289 8664 7522
8606 8304 8670 7556
8609 8304 8644 7535
8596 8326 8622 7538
8581 8336 8641 7564
8518 8325 8691 7546
8524 8374 8654 7548
8551 8373 8584 7669
8533 8396 8615 7616
8561 8454 8544 7698
8548 8386 8596 7590
8485 8345 8693 7611
8504 8354 8667 7655
8527 8383 8603 7704
8517 8302 8643 7675
8568 8669 8333 7592
8495 8615 8405 7615
8488 8663 8360 7620
8503 8570 8538 7635
8500 8539 8518 7728
8523 8593 8405 7688
8492 8586 8407 7709
8500 8536 8370 7738
8497 8593 8380 7754
8466 8586 8382 7775
8503 8532 8463 7756
8461 8548 8419 7779
8409 8548 8388 7788
8406 8548 8414 7809
8409 8519 8437 7796
8431 8529 8551 7750
8414 8575 8514 7742
8542 8469 8448 7723
8530 8462 8464 7751
8556 8415 8503 7847
8516 8449 8495 7775
8442 8368 8598 7823
8469 8378 8565 7820
8514 8389 8548 7816
8446 8407 8563 7839
8448 8369 8574 7836
8500 8444 8521 7773
8482 8407 8559 7763
8485 8438 8564 7726
8447 8411 8581 7738
8477 8507 8526 7752
8468 8441 8564 7766
8507 8455 8539 7717
8492 8465 8558 7743
8492 8415 8552 7767
8488 8429 8539 7790
8471 8458 8460 7822
8502 8465 8458 7801
8458 8371 8586 7798
8416 8397 8585 7851
8415 8400 8565 7860
8347 8420 8588 7923
8408 8440 8541 7919
8419 8385 8542 7909
8402 8335 8596 7853
8433 8406 8563 7868
8395 8391 8582 7853
8395 8455 8551 7889
8364 8442 8572 7871
8391 8410 8605 7834
8395 8449 8570 7850
8450 8468 8526 7845
8446 8429 8561 7829
8504 8424 8505 7851
8454 8448 8549 7834
8448 8458 8502 7849
8427 8416 8547 7835
8451 8438 8580 7761
8511 8443 8548 7779
8483 8382 8550 7837
8454 8384 8580 7798
8480 8318 8607 7822
8460 8330 8572 7835
8464 8317 8578 7835
8484 8305 8613 7822
8518 8376 8554 7816
8487 8369 8556 7837
8508 8411 8511 7851
8525 8408 8505 7868
8513 8345 8527 7823
8510 8345 8553 7844
8482 8309 8578 7852
8475 8365 8564 7852
8507 8305 8547 7855
8535 8341 8522 7847
8539 8337 8445 7891
8518 8295 8490 7877
8489 8361 8489 7874
8477 8305 8540 7903
8424 8273 8610 7917
8460 8284 8571 7888
8515 8284 8576 7858
8491 8248 8560 7876
8537 8309 8508 7865
8478 8241 8596 7842
8463 8251 8615 7868
8442 8259 8640 7853
8463 8301 8595 7867
8484 8320 8611 7797
8520 8331 8572 7768
8526 8316 8566 7734
8576 8319 8505 7750
8583 8263 8519 7750
8572 8286 8473 7752
8585 8278 8459 7733
8609 8271 8415 7690
8658 8383 8475 7602
8624 8471 8494 7639
8618 8510 8381 7575
8546 8502 8478 7699
8576 8444 8525 7672
8601 8353 8519 7606
8602 8292 8526 7572
8596 8307 8532 7606
8563 8385 8605 7643
8536 8349 8615 7682
8566 8352 8583 7614
8577 8346 8641 7544
8437 8549 8628 7557
8538 8526 8522 7516
8542 8615 8427 7597
8554 8494 8464 7685
8658 8514 8341 7583
8634 8482 8400 7597
8619 8476 8456 7600
8628 8484 8450 7542
8637 8489 8437 7550
8649 8472 8381 7571
8663 8429 8462 7602
8664 8448 8380 7573
8711 8384 8332 7563
8706 8384 8437 7573
8697 8392 8460 7626
8641 8363 8482 7595
8678 8419 8443 7576
8609 8374 8436 7657
8613 8318 8476 7678
8664 8351 8457 7636
8659 8328 8491 7654
8627 8437 8408 7652
8638 8382 8409 7642
8635 8463 8362 7574
8599 8469 8462 7662
8608 8510 8490 7619
8639 8396 8478 7530
8664 8331 8495 7521
8698 8402 8436 7515
8678 8360 8545 7474
8685 8395 8496 7507
8682 8360 8504 7484
8686 8399 8469 7500
8658 8393 8467 7563
8694 8404 8428 7534
8704 8496 8404 7544
8717 8372 8391 7538
8763 8433 8339 7527
8742 8391 8384 7513
8733 8493 8378 7527
8745 8355 8385 7480
8764 8384 8331 7470
8754 8300 8444 7459
8758 8339 8409 7475
8713 8391 8460 7476
8747 8364 8397 7464
8711 8353 8436 7493
8738 8385 8438 7492
8707 8378 8440 7513
8743 8389 8401 7484
8730 8458 8386 7504
8742 8399 8383 7465
8693 8338 8461 7497
8710 8327 8517 7461
8744 8398 8458 7455
8713 8327 8491 7440
8702 8414 8414 7478
8722 8506 8382 7495
8686 8495 8421 7524
8665 8500 8433 7516
8707 8537 8376 7538
8636 8587 8322 7629
8592 8540 8329 7555
8620 8543 8327 7465
8611 8538 8340 7457
8584 8575 8341 7499
8566 8538 8379 7489
8559 8586 8334 7494
8555 8547 8369 7478
8558 8582 8361 7501
8573 8572 8342 7475
8587 8559 8338 7503
8572 8569 8357 7529
8573 8573 8330 7522
8558 8590 8341 7592
8543 8600 8360 7618
8586 8555 8335 7589
8649 8528 8292 7614
8646 8547 8299 7664
8664 8582 8242 7624
8658 8533 8279 7622
8654 8494 8314 7606
8642 8508 8334 7648
8632 8458 8347 7630
8627 8518 8353 7674
8628 8492 8353 7612
8642 8520 8336 7576
8680 8420 8441 7502
8665 8430 8460 7528
8701 8441 8421 7499
8672 8444 8447 7516
8676 8445 8434 7506
8702 8422 8411 7512
8715 8468 8405 7530
8684 8397 8438 7515
8722 8412 8419 7530
8680 8396 8451 7525
8684 8435 8416 7541
8639 8437 8431 7524
8670 8508 8398 7539
8642 8472 8423 7547
8669 8504 8425 7546
8578 8461 8501 7606
8582 8500 8466 7622
8553 8446 8492 7699
8515 8495 8480 7720
8534 8515 8573 7676
8480 8476 8571 7717
8484 8515 8536 7733
8463 8510 8598 7687
8502 8546 8524 7689
8524 8542 8520 7661
8520 8535 8548 7664
8462 8552 8561 7671
8435 8609 8559 7581
8450 8599 8540 7555
8444 8614 8546 7589
8427 8552 8578 7685
8444 8612 8530 7722
8428 8574 8534 7701
8458 8566 8548 7694
8425 8614 8469 7688
8438 8590 8495 7747
8356 8550 8561 7791
8325 8543 8563 7812
8371 8604 8511 7801
8382 8549 8512 7791
8413 8556 8510 7770
8367 8495 8562 7781
8394 8527 8564 7780
8401 8497 8575 7772
8366 8504 8564 7816
8373 8505 8547 7795
8360 8538 8526 7817
8355 8480 8574 7798
8401 8541 8522 7787
8422 8478 8585 7787
8466 8478 8560 7768
8456 8428 8573 7750
8419 8372 8612 7769
8416 8372 8638 7790
8395 8380 8663 7775
8339 8465 8663 7754
8301 8385 8693 7773
8345 8467 8655 7793
8349 8457 8651 7768
8372 8497 8714 7739
8390 8521 8594 7719
8399 8491 8580 7743
8396 8491 8606 7764
8427 8462 8588 7765
8442 8452 8569 7739
8476 8523 8510 7733
8445 8516 8512 7754
8472 8508 8520 7778
8420 8508 8489 7787
8451 8515 8487 7766
8422 8478 8604 7742
8503 8445 8616 7694
8487 8420 8643 7638
8492 8478 8595 7657
8465 8510 8562 7694
8465 8508 8588 7697
8469 8547 8553 7713
8494 8513 8576 7658
8534 8422 8542 7699
8580 8483 8490 7688
8529 8378 8633 7685
8563 8449 8574 7679
8554 8419 8593 7665
8558 8458 8558 7681
8527 8387 8591 7666
8527 8451 8560 7702
8514 8481 8565 7683
8507 8483 8571 7677
8538 8490 8569 7656
8553 8480 8550 7630
8568 8505 8491 7637
8564 8466 8526 7621
8608 8446 8521 7583
8593 8464 8496 7660
8560 8465 8549 7583
8531 8531 8548 7580
8542 8506 8550 7589
8527 8481 8609 7582
8533 8526 8531 7577
8536 8561 8523 7600
8532 8522 8558 7584
8526 8484 8574 7562
8489 8524 8641 7666
8467 8482 8653 7621
8498 8489 8651 7600
8471 8507 8655 7577
8455 8503 8748 7510
8380 8562 8864 7573
8396 8522 8781 7576
8426 8666 8713 7428
8462 8532 8701 7435
8453 8505 8802 7520
8424 8482 8808 7534
8427 8525 8713 7435
8485 8396 8747 7380
8519 8435 8668 7439
8524 8443 8658 7321
8484 8528 8648 7394
8417 8552 8736 7531
8457 8608 8646 7481
8457 8564 8637 7488
8470 8512 8671 7496
8430 8705 8678 7444
8425 8488 8826 7529
8463 8544 8654 7421
8489 8558 8611 7398
8493 8597 8576 7414
8508 8542 8604 7429
8499 8537 8617 7421
8545 8598 8565 7410
8437 8476 8784 7530
8488 8537 8644 7493
8325 8627 8674 7687
8374 8730 8651 7473
8401 8712 8682 7520
8266 8745 8649 7606
8285 8805 8551 7500
8264 8677 8708 7612
8342 8745 8639 7545
8361 8760 8656 7454
8385 8717 8665 7498
8268 8716 8673 7628
8370 8676 8733 7549
8334 8603 8814 7542
8411 8639 8694 7484
8223 8645 8733 7611
8231 8570 8758 7701
8192 8609 8784 7640
8265 8568 8759 7625
8296 8566 8753 7654
8270 8572 8757 7677
8223 8709 8702 7647
8195 8673 8727 7655
8242 8754 8602 7543
8267 8749 8622 7599
8257 8725 8663 7617
8241 8629 8674 7701
8247 8708 8631 7650
8219 8702 8629 7713
8255 8713 8590 7684
8347 8711 8659 7604
8226 8680 8725 7634
8185 8657 8739 7645
8182 8622 8747 7622
8171 8628 8689 7692
8330 8577 8725 7695
8315 8626 8711 7716
8161 8613 8666 7728
8283 8603 8678 7774
8227 8652 8609 7771
8344 8533 8699 7730
8269 8581 8679 7819
8296 8597 8612 7734
8235 8663 8636 7702
8294 8584 8756 7702
8241 8594 8717 7683
8231 8506 8789 7665
8318 8515 8819 7640
8225 8531 8780 7632
8337 8522 8720 7696
8345 8597 8687 7660
8321 8502 8718 7710
8332 8571 8688 7687
8333 8555 8697 7711
8254 8556 8738 7812
8276 8546 8715 7710
8327 8573 8751 7633
8332 8577 8714 7625
8411 8547 8722 7583
8358 8499 8879 7508
8428 8401 8842 7470
8397 8330 8875 7455
8396 8450 8891 7487
8390 8450 8830 7491
8347 8493 8902 7565
8369 8400 8894 7436
8327 8428 8912 7493
8358 8435 8910 7472
8365 8379 8924 7472
8368 8414 8916 7495
8308 8409 8948 7477
8339 8480 8915 7492
8354 8470 8896 7466
8387 8469 8843 7543
8375 8388 8895 7483
8360 8398 8914 7509
8333 8366 8912 7510
8330 8366 8938 7531
8359 8300 8939 7534
8352 8356 8925 7534
8321 8349 8927 7555
8357 8360 8888 7526
8387 8392 8864 7504
8394 8417 8859 7514
8433 8413 8831 7542
8440 8478 8807 7503
8395 8448 8797 7588
8384 8442 8820 7645
8350 8461 8833 7587
8367 8462 8828 7574
8314 8476 8854 7624
8314 8436 8860 7649
8348 8507 8801 7643
8339 8514 8758 7607
8331 8500 8776 7653
8384 8538 8734 7665
8368 8461 8783 7634
8353 8471 8802 7660
8381 8532 8800 7602
8442 8488 8746 7559
8389 8485 8813 7599
8439 8507 8749 7541
8404 8494 8773 7547
8412 8484 8767 7566
8393 8485 8772 7609
8386 8450 8821 7576
8390 8489 8786 7592
8362 8453 8811 7600
8386 8420 8848 7521
8386 8484 8817 7557
8400 8411 8835 7559
8396 8425 8822 7582
8375 8383 8867 7568
8432 8453 8821 7550
8418 8429 8794 7577
8411 8485 8780 7577
8443 8425 8763 7580
8465 8450 8695 7587
8454 8464 8728 7546
8461 8441 8782 7493
8465 8480 8747 7509
8458 8445 8796 7476
8422 8434 8835 7505
8413 8489 8776 7526
8400 8519 8781 7507
8420 8487 8770 7532
8442 8454 8761 7529
8479 8510 8722 7510
8477 8531 8647 7641
8439 8571 8607 7521
8418 8463 8693 7597
8445 8495 8695 7596
8421 8459 8679 7614
8393 8453 8760 7640
8406 8549 8721 7674
8367 8578 8676 7665
8231 8646 8670 7695
8246 8652 8602 7731
8294 8619 8632 7765
8248 8616 8660 7734
8248 8648 8633 7724
8266 8698 8615 7683
8304 8726 8537 7670
8275 8729 8563 7687
8371 8554 8710 7670
8323 8531 8739 7693
8316 8579 8694 7698
8324 8567 8634 7736
8356 8533 8611 7742
8341 8505 8660 7740
8386 8589 8631 7737
8369 8532 8599 7744
8333 8530 8567 7755
8360 8562 8569 7754
8348 8531 8625 7740
8368 8569 8609 7744
8298 8593 8659 7748
8327 8616 8660 7700
8217 8609 8662 7755
8344 8663 8543 7759
8316 8627 8568 7767
8344 8501 8646 7757
8291 8579 8643 7829
8340 8528 8683 7748
8287 8531 8670 7762
8280 8585 8680 7726
8312 8591 8719 7693
8291 8549 8764 7679
8309 8586 8726 7689
8424 8415 8704 7625
8420 8429 8691 7648
8393 8461 8658 7685
8410 8531 8650 7686
8385 8488 8648 7742
8396 8433 8649 7732
8427 8440 8647 7711
8377 8437 8708 7695
8341 8426 8747 7724
8345 8465 8712 7740
8338 8430 8761 7707
8317 8501 8697 7731
8313 8462 8732 7715
8359 8523 8680 7704
8375 8474 8670 7694
8390 8532 8654 7717
8368 8515 8682 7681
8353 8525 8701 7707
8382 8459 8702 7710
8380 8499 8769 7649
8391 8505 8744 7671
8351 8489 8718 7677
8397 8550 8666 7666
8378 8521 8720 7676
8346 8524 8704 7678
8302 8506 8767 7646
8305 8541 8759 7669
8326 8583 8714 7683
8383 8589 8663 7662
8354 8549 8690 7683
8385 8507 8766 7660
8367 8541 8726 7647
8362 8600 8681 7601
8338 8575 8700 7588
8371 8680 8706 7542
8365 8578 8746 7495
8348 8581 8752 7478
8343 8644 8731 7550
8348 8771 8584 7517
8407 8757 8604 7515
8425 8705 8638 7477
8431 8750 8560 7472
8374 8686 8637 7528
8361 8612 8688 7552
8332 8615 8714 7569
8353 8657 8669 7583
8343 8607 8682 7565
8355 8691 8613 7549
8359 8733 8540 7573
8339 8844 8464 7554
8372 8809 8474 7492
8350 8816 8465 7540
8385 8829 8419 7491
8368 8841 8438 7537
8354 8879 8355 7483
8347 8856 8400 7527
8379 8847 8384 7475
8382 8807 8449 7488
8365 8806 8446 7514
8356 8801 8459 7506
8376 8790 8401 7530
8410 8789 8431 7546
8422 8851 8349 7519
8425 8779 8412 7520
8379 8782 8433 7567
8375 8796 8420 7590
8315 8752 8569 7588
8304 8761 8559 7577
8362 8783 8549 7562
8368 8753 8492 7516
8388 8664 8579 7568
8331 8649 8684 7556
8440 8695 8619 7451
8420 8727 8630 7426
8420 8791 8599 7462
8377 8768 8558 7500
8379 8778 8582 7496
8416 8702 8663 7494
8417 8721 8654 7449
8446 8655 8655 7452
8437 8689 8643 7474
8436 8691 8605 7518
8374 8680 8680 7521
8330 8660 8707 7555
8323 8716 8693 7555
8296 8684 8691 7556
8327 8712 8616 7599
8296 8705 8618 7620
8332 8716 8579 7591
8335 8716 8553 7570
8314 8727 8580 7593
8342 8747 8588 7530
8350 8773 8582 7544
8328 8749 8590 7549
8300 8688 8592 7607
8295 8684 8629 7615
8316 8726 8584 7629
8235 8694 8571 7708
8223 8675 8574 7721
8244 8679 8576 7704
8295 8710 8613 7627
8307 8733 8574 7626
8286 8691 8619 7612
8353 8684 8617 7568
8317 8695 8574 7625
8295 8671 8582 7630
8303 8697 8576 7644
8289 8648 8600 7769
8281 8643 8606 7706
8270 8685 8511 7765
8252 8660 8538 7768
8301 8721 8460 7736
8248 8689 8530 7750
8276 8695 8532 7687
8337 8669 8523 7781
8322 8624 8567 7786
8310 8698 8349 7730
8306 8712 8336 7753
8285 8670 8381 7739
8364 8704 8498 7724
8368 8778 8445 7684
8360 8752 8451 7670
8385 8645 8557 7732
8398 8700 8487 7683
8392 8734 8449 7684
8377 8744 8468 7710
8347 8663 8517 7738
8295 8592 8565 7787
8341 8653 8513 7776
8337 8614 8548 7760
8328 8609 8561 7752
8332 8648 8526 7768
8347 8638 8507 7742
8362 8663 8448 7749
8369 8607 8462 7749
8396 8639 8464 7748
8350 8578 8516 7759
8382 8575 8532 7757
8398 8612 8592 7736
8347 8591 8538 7747
8390 8614 8579 7709
8359 8508 8671 7738
8367 8526 8661 7696
8380 8453 8666 7733
8388 8479 8660 7747
8347 8527 8654 7730
8423 8596 8569 7711
8393 8637 8543 7718
8424 8644 8541 7697
8369 8617 8581 7730
8388 8646 8527 7720
8417 8580 8528 7723
8449 8601 8528 7699
8480 8608 8526 7678
8486 8547 8609 7680
8486 8538 8638 7646
8459 8515 8607 7681
8466 8554 8601 7643
8471 8592 8564 7639
8468 8592 8590 7660
8422 8531 8642 7671
8409 8491 8647 7687
8455 8552 8595 7676
8407 8578 8604 7714
8376 8539 8644 7719
8397 8528 8617 7696
8377 8529 8639 7721
8406 8463 8640 7724
8391 8438 8699 7717
8425 8509 8640 7711
8365 8504 8672 7693
8396 8575 8639 7708
8411 8565 8620 7682
8415 8604 8585 7698
8398 8557 8645 7656
8383 8567 8664 7682
8389 8552 8658 7648
8439 8555 8597 7664
8408 8548 8599 7685
8400 8556 8613 7699
8363 8540 8646 7693
8318 8475 8647 7769
8318 8435 8653 7794
8268 8432 8714 7778
8257 8507 8723 7759
8291 8578 8664 7753
8288 8543 8672 7730
8285 8609 8635 7753
8270 8619 8654 7779
8270 8555 8685 7743
8321 8625 8630 7733
8332 8619 8688 7663
8336 8658 8653 7679
8294 8629 8706 7615
8354 8634 8674 7633
8320 8563 8733 7639
8323 8598 8725 7662
8263 8593 8757 7644
8297 8664 8698 7638
8312 8654 8679 7612
8337 8634 8710 7566
8322 8644 8729 7592
8291 8585 8775 7606
8291 8637 8731 7613
8287 8651 8718 7636
8242 8580 8778 7619
8277 8637 8758 7611
8242 8588 8785 7610
8263 8580 8760 7625
8253 8554 8812 7611
8273 8545 8803 7590
8277 8523 8809 7576
8277 8587 8778 7612
8301 8609 8734 7588
8252 8600 8798 7595
8221 8529 8831 7580
8259 8544 8812 7595
8217 8528 8844 7590
8248 8599 8811 7605
8206 8534 8786 7660
8187 8502 8836 7602
8218 8573 8803 7617
8249 8515 8847 7595
8237 8524 8836 7578
8206 8517 8838 7599
8227 8559 8793 7613
8206 8565 8775 7636
8218 8621 8740 7654
8197 8579 8785 7640
8228 8586 8783 7619
8250 8519 8820 7588
8268 8556 8782 7598
8264 8517 8817 7582
8297 8516 8764 7659
8283 8438 8749 7738
8292 8504 8711 7724
8274 8467 8749 7714
8278 8506 8714 7730
8244 8435 8773 7736
8259 8460 8714 7743
8310 8288 8813 7903
8306 8339 8714 7874
8326 8348 8710 7785
8433 8369 8727 7734
8283 8266 8753 7933
8298 8403 8744 7845
8304 8240 8914 7821
8349 8155 8819 7945
8289 8329 8748 7903
8278 8215 8926 7898
8308 8241 8836 7948
8265 8229 8947 7780
8351 8327 8765 7883
8274 8344 8743 7868
8314 8354 8815 7730
8255 8186 8842 7919
8344 8261 8812 7684
8382 8275 8798 7752
8326 8280 8862 7762
8341 8305 8834 7725
8371 8380 8852 7675
8273 8275 8900 7773
8262 8181 8930 7870
8308 8242 8878 7859
8248 8242 8828 7919
8247 8270 8938 7826
8420 8377 8741 7753
8072 8322 8914 7829
8262 8280 8857 7877
8219 8297 8939 7784
8250 8256 8928 7785
8359 8415 8669 7890
8340 8309 8885 7660
8245 8539 8766 7660
8236 8341 8975 7776
8254 7977 8901 7983
8420 8387 8723 7727
8355 8293 8799 7705
8237 8260 8758 7975
8356 8257 8648 8027
8411 8331 8733 7845
8233 8274 8745 7998
8325 8186 8681 8012
8360 8324 8672 7930
8251 8307 8805 7901
8293 8271 8901 7676
8246 8342 8738 7943
8247 8192 8985 7770
8301 8247 8790 7908
8312 8346 8871 7812
8285 8139 8793 8004
8289 8295 8780 7891
8244 8202 8807 8022
8268 8388 8702 7895
8336 8375 8763 7759
8339 8390 8781 7724
8360 8243 8661 8004
8304 8336 8633 7983
8270 8408 8576 8007
8203 8421 8528 7963
8401 8358 8777 7737
8428 8339 8736 7706
8382 8436 8711 7748
8431 8308 8754 7726
8425 8259 8791 7724
8424 8364 8740 7726
8315 8322 8609 7974
8371 8247 8629 8001
8189 8423 8530 7982
8391 8250 8659 7983
8368 8276 8758 7917
8329 8344 8796 7704
8328 8113 8864 7931
8285 8247 8823 7901
8409 8280 8690 7852
8359 8331 8702 7854
8367 8194 8842 7849
8482 8176 8786 7867
8390 8251 8744 7862
8395 8169 8711 7936
8171 8433 8529 8000
8294 8155 8814 7975
8348 8199 8738 7958
8174 8312 8767 7877
8299 8107 8780 7972
8271 8423 8694 7918
8310 8378 8679 7890
8103 8431 8774 7917
8250 8328 8751 7920
8083 8366 8784 7845
8133 8369 8723 7861
8430 8176 8755 7876
8253 8246 8791 7911
8229 8235 8780 7982
8433 8367 8604 7849
8374 8466 8427 7926
8498 8335 8493 7877
8448 8357 8585 7823
8297 8304 8845 7862
8475 8357 8494 7870
8462 8315 8752 7705
8246 8308 8768 7876
8295 8362 8772 7851
8267 8332 8777 7830
8442 8275 8795 7614
8272 8411 8812 7736
8225 8463 8760 7669
8271 8524 8708 7658
8243 8458 8746 7696
8279 8469 8707 7667
8260 8440 8761 7677
8249 8445 8800 7653
8229 8457 8765 7666
8287 8380 8818 7693
8350 8337 8782 7678
8321 8330 8836 7698
8346 8329 8786 7684
8346 8253 8861 7672
8370 8287 8810 7722
8409 8269 8805 7668
8418 8315 8777 7724
8336 8326 8838 7709
8368 8246 8819 7679
8375 8198 8864 7674
8397 8233 8822 7827
8432 8259 8807 7604
8427 8232 8835 7669
8439 8211 8852 7599
8473 8282 8793 7593
8482 8322 8829 7583
8404 8260 8814 7599
8435 8331 8781 7614
8483 8335 8773 7610
8479 8287 8837 7560
8439 8252 8853 7559
8424 8296 8907 7592
8443 8241 8880 7561
8396 8332 8892 7583
8399 8250 8840 7594
8398 8195 8903 7627
8365 8243 8868 7636
8323 8227 8900 7631
8395 8275 8844 7614
8410 8278 8811 7637
8379 8271 8813 7658
8320 8260 8933 7668
8300 8289 8887 7672
8281 8263 8926 7764
8285 8314 8869 7813
8326 8315 8853 7751
8319 8272 8898 7685
8277 8322 8883 7827
8193 8387 8831 7729
8213 8380 8883 7700
8164 8375 8875 7703
8251 8369 8857 7722
8208 8320 8888 7777
8258 8250 8959 7766
8262 8289 8924 7782
8233 8356 8915 7764
8257 8243 8928 7775
8279 8215 8973 7811
8264 8267 8935 7723
8367 8382 8761 7738
8320 8349 8815 7752
8377 8309 8785 7691
8477 8305 8733 7679
8471 8320 8739 7713
8440 8249 8772 7698
8457 8263 8771 7742
8436 8304 8755 7677
8418 8267 8793 7667
8433 8305 8758 7698
8387 8308 8779 7745
8389 8306 8774 7738
8420 8313 8772 7717
8458 8328 8753 7732
8427 8257 8786 7717
8430 8292 8778 7740
8416 8348 8758 7711
8382 8372 8742 7712
8336 8311 8794 7723
8375 8422 8717 7712
8360 8432 8736 7738
8370 8397 8779 7703
8329 8374 8793 7714
8320 8299 8827 7829
8338 8310 8803 7711
8351 8204 8831 7737
8431 8214 8772 7838
8448 8270 8750 7766
8465 8250 8715 7822
8504 8228 8773 7772
8460 8246 8752 7830
8378 8146 8883 7852
8342 8233 8817 7857
8374 8191 8860 7738
8401 8242 8754 7873
8358 8202 8801 7846
8387 8253 8785 7841
8358 8266 8770 7882
8367 8239 8815 7743
8365 8246 8801 7759
8327 8269 8798 7770
8393 8263 8760 7859
8289 8258 8817 7880
8396 8217 8782 7861
8415 8181 8833 7791
8400 8143 8805 7823
8423 8104 8824 7846
8429 8126 8770 7903
8455 8167 8851 7804
8411 8267 8764 7809
8388 8236 8797 7863
8373 8172 8821 7894
8356 8179 8826 7893
8327 8195 8803 7867
8221 8284 8800 7957
8261 8222 8842 7888
8244 8252 8974 7911
8327 8220 8798 7931
8339 8307 8698 7912
8339 8338 8661 7951
8349 8158 8747 7954
8356 8193 8679 7991
8331 8270 8660 7964
8426 8204 8696 7915
8284 8199 8781 7970
8382 8275 8640 7954
8391 8209 8783 7904
8502 8081 8786 7818
8437 8294 8648 7897
8487 8216 8646 7784
8541 8266 8624 7803
8559 8206 8658 7766
8559 8187 8693 7829
8465 8186 8746 7786
8422 8274 8671 7785
8476 8209 8666 7774
8447 8275 8665 7771
8418 8276 8768 7799
8475 8216 8669 7884
8377 8211 8786 7910
8420 8065 8802 7922
8380 8093 8823 7857
8379 8093 8868 7899
8374 7996 8937 7915
8367 8055 8842 7972
8416 8232 8735 7847
8399 8217 8756 7840
8407 8178 8756 7856
8426 8091 8778 7880
8460 8162 8719 7874
8433 8197 8753 7901
8458 8218 8693 7886
8351 8257 8725 7958
8302 8108 8776 8014
8264 8292 8760 7974
8324 8308 8694 7930
8300 8297 8668 7967
8371 8269 8673 7920
8398 8301 8675 7919
8335 8290 8725 7901
8386 8263 8599 7974
8391 8254 8699 7906
8359 8240 8568 8009
8315 8281 8634 7973
8386 8272 8570 8008
8342 8313 8636 7972
8309 8374 8706 7897
8402 8113 8725 7936
8351 8258 8695 7951
8272 8427 8667 7911
8364 8162 8713 7957
8329 8225 8646 8028
8377 8185 8668 7952
8360 8232 8644 8007
8369 8159 8674 7938
8376 8103 8688 7938
8342 8265 8699 7935
8397 8095 8663 7953
8360 8179 8692 7968
8382 8078 8730 7940
8288 8332 8751 7883
8353 8229 8667 7968
8435 8119 8752 7932
8289 8336 8724 7876
8403 8232 8606 7984
8440 8098 8699 7912
8449 8293 8554 7973
8327 8266 8695 7953
8460 8238 8555 7963
8389 8058 8804 7943
8324 8225 8723 7959
8491 8245 8553 7942
8380 8018 8803 7980
8497 8230 8547 7908
8482 8240 8566 7934
8432 8237 8627 7918
8381 8175 8707 7906
8332 8383 8667 7891
8426 8252 8633 7952
8384 8210 8699 7929
8395 8181 8666 7937
8395 8245 8635 7973
8360 8467 8559 7844
8335 8091 8854 7992
8345 8192 8761 7938
8319 8526 8623 7770
8361 8233 8685 7940
8362 8231 8686 7944
8433 8510 8526 7768
8382 8227 8703 7917
8358 8245 8673 7967
8395 8197 8698 7936
8364 8230 8667 7933
8378 8483 8566 7801
8383 8268 8636 7931
8276 8489 8661 7832
8465 8232 8680 7874
8441 8194 8677 7889
8456 8219 8618 7896
8344 8007 8842 8009
8473 8208 8674 7860
8297 8026 8894 7985
8455 8271 8564 7858
8510 8256 8595 7847
8314 8599 8574 7632
8429 8221 8719 7903
8446 8251 8578 7869
8276 8592 8589 7660
8444 8238 8662 7897
8271 8559 8613 7678
8341 7973 8860 7931
8274 8594 8605 7701
8403 8223 8707 7903
8421 8260 8669 7913
8221 8585 8625 7720
8432 8185 8660 7932
8332 8056 8862 7969
8238 8592 8514 7702
8453 8227 8615 7946
8435 8261 8575 7933
8389 8265 8560 7941
8432 8288 8601 7903
8307 8050 8874 7954
8414 8669 8562 7671
8426 8322 8563 7904
8318 8030 8934 7913
8398 8256 8601 7942
8387 8279 8555 7944
8318 8570 8640 7602
8452 8272 8475 7934
8452 8231 8452 7971
8263 8616 8563 7601
8481 8228 8426 7954
8463 8191 8464 7944
8446 8202 8408 7980
8268 8631 8550 7677
8419 8212 8412 7998
8394 8201 8426 8018
8387 8166 8475 7985
8390 8201 8467 8008
8359 8194 8469 8029
8400 8228 8452 7985
8262 8528 8669 7736
8422 8253 8384 7992
8228 8529 8639 7720
8450 8219 8410 7977
8404 8158 8462 7988
8247 8570 8567 7718
8401 8158 8488 8009
8225 8546 8575 7723
8398 8123 8496 7986
8288 8118 8781 7984
8435 8134 8497 7974
8233 8048 8837 8007
8252 8544 8606 7794
8426 8075 8497 7978
8486 8080 8465 7996
8253 8047 8854 8046
8153 8472 8673 7767
8458 8050 8470 7975
8150 8431 8701 7773
8492 8121 8411 7969
8273 8465 8675 7781
8461 8114 8413 7990
8488 8146 8415 7989
8467 8104 8460 7975
8362 8512 8641 7794
8498 8111 8458 7954
8509 8105 8516 7884
8258 8423 8735 7801
8526 8199 8502 7903
8273 8113 8859 7961
8221 8424 8731 7806
8493 8068 8475 7909
8224 8352 8794 7807
8544 8224 8475 7900
8204 8359 8786 7770
8547 8187 8521 7846
8222 8396 8748 7780
8565 8177 8479 7858
8206 8358 8774 7755
8581 8238 8521 7797
8360 8009 8856 7970
8192 8352 8859 7811
8556 8317 8543 7836
8192 8360 8777 7761
8586 8239 8569 7769
8372 8044 8827 7946
8534 8254 8654 7776
8533 8276 8630 7784
8168 8383 8777 7753
8566 8150 8672 7766
8152 8358 8860 7724
8242 8344 8911 7686
8507 8125 8775 7819
8529 8196 8802 7764
8389 7980 8758 7985
8385 7941 8793 7969
8522 8361 8619 7767
8366 8037 8811 8008
8159 8405 8899 7687
8380 8072 8721 7996
8106 8388 8902 7636
8548 8248 8582 7741
8346 8073 8691 7980
8154 8456 8863 7668
8572 8269 8626 7710
8377 8080 8689 7959
8120 8457 8833 7652
8552 8223 8578 7721
8347 8048 8769 7987
8141 8499 8788 7666
8568 8230 8661 7694
8113 8433 8826 7704
8096 8436 8832 7687
8378 8197 8748 7931
8062 8365 8891 7693
8106 8412 8884 7767
8533 8233 8671 7717
8094 8379 8886 7750
8121 8411 8888 7749
8410 8050 8779 7958
8082 8348 8935 7748
8424 8075 8762 7956
8062 8360 8900 7761
8382 8013 8730 7968
8155 8296 8898 7830
8250 8239 8963 7873
8510 8126 8771 7861
8286 8250 8924 7844
8186 8303 8896 7809
8173 8236 8991 7795
8158 8353 8829 7795
8541 8263 8593 7826
8189 8360 8827 7774
8271 8101 8778 8035
8268 8037 8835 8020
8564 8253 8509 7788
8176 8306 8897 7782
8367 8023 8850 8006
8258 8051 8817 8038
8261 8051 8791 8017
8307 8112 8739 8006
8310 8071 8808 8006
8247 8204 8971 7850
8220 8260 8937 7853
8237 8058 8784 8026
8293 8114 8779 7983
8564 8259 8518 7784
8143 8320 8912 7777
8540 8243 8507 7846
8284 8148 8821 7958
8142 8316 8939 7784
8585 8263 8488 7729
8607 8287 8480 7724
8599 8261 8486 7710
8193 8148 8825 8053
8635 8240 8449 7719
8125 8353 8906 7777
8620 8213 8523 7755
8266 8169 8845 7961
8146 8395 8861 7791
8608 8255 8569 7714
8111 8346 8888 7790
8249 8142 8801 7978
8642 8262 8541 7672
8653 8228 8470 7646
8143 8357 8910 7678
8608 8191 8600 7678
8294 8257 8729 7941
8115 8352 8948 7656
8316 8293 8696 7917
8156 8315 8976 7632
8611 8255 8543 7693
8139 8251 9002 7626
8598 8261 8586 7682
8233 8219 8764 8074
8195 8262 8989 7829
8603 8265 8549 7674
8307 8306 8703 7952
8603 8201 8580 7638
8238 8255 8973 7636
8271 8267 8717 7952
8595 8226 8594 7659
8230 8209 8795 8001
8249 8200 8974 7626
8599 8265 8559 7675
8215 8219 8814 8027
8258 8266 8936 7612
8186 8222 8840 8044
8248 8346 8925 7637
8184 8148 8847 8012
8564 8272 8548 7719
8558 8333 8465 7717
8210 8221 8760 8014
8186 8380 8886 7610
8202 8153 8812 8061
8537 8314 8545 7711
8253 8350 8888 7629
8198 8162 8784 8082
8526 8281 8626 7722
8183 8172 8803 8108
8526 8310 8577 7714
8149 8101 8862 8114
8153 8140 8827 8130
8331 8343 8873 7682
8557 8317 8575 7693
8159 8125 8821 8096
8530 8337 8637 7712
8193 8196 8762 8090
8162 8189 8764 8111
8183 8183 8782 8088
8567 8304 8612 7711
8162 8141 8827 8074
8200 8092 8839 8053
8216 8240 8977 7754
8530 8273 8668 7676
8227 8124 8841 8052
8190 8068 8880 8071
8183 8124 8866 8071
8198 8114 8847 8045
8156 8092 8864 8072
8153 8092 8890 8093
8125 8056 8915 8101
8152 8088 8917 8100
8122 8047 8905 8157
8143 8089 8860 8171
8108 8040 8887 8170
8543 8194 8589 7786
8136 8101 8885 8112
8589 8255 8537 7775
8115 8059 8930 8098
8554 8206 8564 7774
8143 8125 8892 8060
8575 8248 8519 7788
8109 8126 8862 8044
8128 8237 8999 7638
8098 8149 8816 8046
8131 8272 8991 7661
8143 8189 8798 8056
8135 8250 8997 7647
8551 8168 8498 7865
8552 8172 8534 7855
8237 8319 8692 7969
8226 8307 8717 7981
8524 8239 8631 7812
8166 8315 8657 8001
8546 8264 8563 7819
8236 8279 8692 8019
8201 8361 8898 7673
8525 8116 8752 7835
8241 8297 8698 7955
8243 8313 8897 7642
8564 8128 8630 7793
8563 8202 8581 7810
8574 8196 8639 7740
8225 8229 8807 7973
8216 8284 8748 7994
8503 8205 8640 7785
8263 8336 8906 7611
8523 8191 8784 7765
8255 8291 8772 7915
8527 8241 8656 7767
8531 8219 8662 7753
8224 8284 8774 7936
8251 8252 8907 7900
8500 8203 8615 7830
8493 8259 8601 7830
8252 8251 8938 7725
8288 8265 8881 7747
8487 8199 8644 7795
8485 8201 8649 7802
8492 8195 8643 7801
8298 8206 8788 7957
8488 8209 8630 7824
8545 8215 8579 7803
8517 8209 8577 7866
8553 8220 8538 7837
8511 8155 8513 7892
8513 8153 8508 7885
8331 8220 8797 7936
8308 8178 8909 7823
8541 8189 8483 7877
8352 8168 8823 7903
8293 8188 8928 7849
8360 8129 8789 7913
8259 8117 8987 7855
8532 8184 8496 7869
8310 8126 8850 7897
8252 8165 8942 7860
8559 8248 8464 7881
8258 8150 8936 7826
8534 8236 8433 7911
8517 8239 8439 7894
8528 8177 8497 7866
8331 8239 8759 7927
8193 8134 8997 7860
8574 8238 8445 7855
8568 8253 8451 7889
8530 8238 8470 7874
8220 8216 8958 7929
8515 8248 8489 7900
8255 8224 8839 7897
8483 8281 8543 7867
8477 8291 8496 7882
8456 8249 8541 7868
8286 8324 8757 7904
8258 8288 8782 7912
8498 8271 8524 7841
8270 8272 8843 7863
8336 8211 8789 7886
8456 8319 8525 7872
8367 8218 8787 7865
8280 8262 8848 7836
8441 8329 8544 7898
8333 8147 8846 7871
8429 8296 8546 7881
8337 8195 8782 7921
8299 8131 8813 7949
8271 8238 8905 7861
8441 8358 8464 7854
8472 8365 8462 7833
8339 8217 8776 7953
8501 8459 8514 7801
8304 8127 8782 7970
8265 8272 8867 7862
8491 8354 8621 7788
8278 8142 8840 7972
8226 8142 8809 7981
8272 8203 8757 7970
8482 8428 8526 7817
8424 8388 8571 7761
8510 8464 8501 7809
8319 8248 8743 7971
8259 8227 8938 7824
8472 8525 8465 7777
8267 8248 8712 7980
8259 8236 8909 7858
8531 8429 8513 7640
8264 8248 8738 8001
8240 8223 8757 7988
8243 8264 8729 7982
8243 8223 8706 8019
8205 8272 8694 8040
8181 8155 8997 7895
8516 8416 8660 7626
8241 8283 8655 8011
8179 8157 9002 7902
8195 8222 8707 8022
8177 8126 9008 7866
8247 8222 8738 8013
8225 8201 8982 7899
8264 8283 8662 7990
8527 8435 8518 7634
8223 8260 8911 7832
8569 8489 8468 7714
8286 8264 8748 7938
8560 8346 8471 7635
8238 8314 8861 7842
8578 8341 8427 7577
8227 8337 8815 7844
8594 8325 8393 7564
8181 8276 8867 7855
8595 8351 8681 7503
8212 8283 8865 7834
8597 8400 8610 7555
8191 8291 8890 7819
8648 8436 8576 7512
8656 8456 8429 7524
8400 8273 8706 7879
8644 8519 8455 7479
8194 8276 8950 7831
8390 8338 8700 7833
8191 8276 8976 7852
8562 8483 8571 7563
8356 8267 8759 7839
8223 8271 8941 7819
8320 8256 8798 7868
8324 8295 8763 7884
8320 8309 8750 7907
8318 8238 8807 7904
8266 8285 8923 7823
8352 8309 8748 7898
8284 8280 8879 7765
8332 8259 8774 7822
8293 8246 8891 7743
8614 8365 8635 7518
8392 8264 8742 7840
8295 8244 8886 7736
8414 8288 8734 7835
8635 8455 8483 7435
8348 8298 8772 7851
8375 8376 8775 7719
8667 8300 8617 7460
8376 8304 8758 7851
8335 8339 8796 7726
8686 8386 8553 7466
8396 8319 8747 7827
8636 8264 8668 7489
8340 8373 8854 7696
8636 8336 8646 7534
8396 8191 8816 7832
8337 8363 8885 7623
8402 8245 8775 7761
8368 8434 8852 7638
8411 8190 8834 7740
8383 8424 8833 7612
8613 8439 8586 7535
8429 8227 8796 7750
8398 8449 8774 7619
8405 8393 8788 7619
8415 8247 8803 7737
8401 8345 8815 7552
8406 8302 8744 7758
8416 8399 8765 7562
8388 8265 8782 7748
8458 8343 8817 7580
8655 8363 8570 7508
8662 8266 8429 7534
8427 8279 8842 7576
8677 8264 8428 7630
8510 8167 8856 7774
8714 8263 8363 7502
8383 8236 8912 7543
8690 8206 8390 7523
8458 8214 8781 7731
8686 8220 8377 7546
8365 8261 8925 7568
8679 8186 8396 7736
8411 8142 8868 7775
8702 8189 8450 7727
8417 8307 8853 7537
8432 8297 8834 7511
8697 8261 8375 7711
8425 8345 8789 7516
8697 8190 8434 7642
8418 8310 8838 7483
8403 8320 8857 7509
8697 8265 8360 7552
8712 8255 8341 7526
8392 8236 8756 7873
8354 8299 8899 7551
8706 8270 8347 7560
8385 8370 8866 7566
8351 8299 8925 7572
8351 8363 8894 7608
8717 8145 8476 7673
8386 8239 8764 7897
8354 8363 8868 7587
8345 8397 8856 7609
8681 8191 8415 7586
8374 8331 8857 7612
8324 8204 8808 7894
8405 8338 8855 7591
8342 8241 8770 7904
8420 8328 8836 7565
8427 8272 8850 7565
8657 8140 8508 7655
8383 8348 8868 7588
8375 8137 8793 7878
8356 8316 8866 7589
8375 8201 8762 7914
8351 8165 8746 7932
8372 8296 8876 7601
8393 8187 8729 7905
8393 8225 8940 7577
8427 8258 8670 7899
8448 8187 8734 7875
8384 8280 8881 7598
8380 8294 8868 7621
8371 8136 8782 7913
8389 8260 8880 7599
8411 8173 8761 7906
8338 8190 8935 7609
8380 8102 8794 7891
8707 8192 8398 7673
8384 8141 8759 7907
8395 8160 8911 7604
8374 8231 8847 7628
8664 8237 8423 7702
8479 8119 8773 7882
8364 8189 8916 7634
8457 8128 8764 7872
8343 8195 8898 7657
8404 8080 8792 7864
8333 8118 8949 7619
8435 8087 8790 7843
8460 8097 8866 7774
8360 8150 8951 7618
8656 8203 8490 7799
8394 8221 8892 7612
8334 8216 8924 7594
8338 8255 8889 7610
8300 8195 8943 7596
8461 8145 8807 7791
8331 8216 8904 7635
8327 8177 8939 7619
8360 8176 8886 7696
8323 8120 8923 7632
8483 8135 8854 7775
8354 8191 8890 7647
8633 8269 8421 7814
8470 8157 8832 7778
8413 8139 8894 7808
8629 8171 8488 7800
8454 8190 8770 7779
8378 8082 8914 7816
8407 8150 8872 7663
8486 8156 8747 7785
8478 8117 8824 7781
8379 8212 8840 7686
8661 8179 8473 7671
8403 8186 8852 7735
8396 8242 8838 7735
8525 8157 8837 7748
8421 8181 8808 7677
8434 8112 8880 7633
8618 8154 8677 7737
8465 8183 8847 7648
8427 8168 8866 7633
8384 8162 8859 7645
8698 8150 8485 7711
8531 8093 8773 7762
8415 8169 8857 7624
8552 8138 8737 7698
8422 8113 8871 7624
8545 8103 8786 7665
8436 8077 8951 7781
8549 8151 8722 7715
8412 8113 8895 7782
8452 8101 8898 7662
8678 8108 8544 7708
8474 8046 8864 7638
8704 8169 8450 7614
8478 8010 8884 7566
8662 8173 8492 7580
8553 8073 8766 7815
8527 8032 8843 7685
8656 8222 8473 7616
8683 8160 8504 7737
8475 7975 8892 7543
8647 8218 8491 7579
8491 8091 8862 7750
8466 7977 8886 7549
8449 8064 8913 7781
8628 8265 8458 7822
8457 7924 8904 7519
8545 8069 8805 7695
8488 7995 8871 7534
8459 7955 8898 7555
8476 8019 8872 7561
8460 8020 8895 7735
8672 8242 8382 7736
8504 8072 8869 7478
8484 8104 8880 7453
8663 8262 8345 7695
8538 8118 8778 7736
8464 8039 8890 7381
8650 8286 8319 7636
8547 8184 8740 7722
8549 8073 8864 7454
8653 8286 8293 7615
8486 8033 8877 7407
8626 8364 8343 7651
8498 8032 8886 7416
8617 8316 8374 7689
8606 8237 8761 7533
8595 8340 8319 7731
8583 8181 8787 7417
8613 8020 8784 7445
8584 8340 8396 7699
8645 8160 8736 7461
8424 8096 8884 7789
8597 8316 8422 7758
8428 8135 8849 7805
8582 7949 8817 7430
8585 7984 8809 7453
8568 8382 8421 7755
8577 8381 8408 7686
8583 8144 8805 7448
8515 8107 8850 7730
8568 8105 8778 7459
8515 8171 8819 7766
8549 8034 8801 7799
8470 8100 8879 7749
8449 8171 8815 7773
8586 8172 8780 7447
8572 8449 8277 7647
8415 8100 8874 7779
8398 8111 8818 7815
8590 8057 8779 7468
8518 8522 8444 7730
8603 8100 8727 7727
8528 8555 8418 7656
8640 8151 8763 7412
8347 8075 8916 7837
8381 8146 8857 7831
8649 8162 8733 7427
8412 8153 8855 7810
8498 8420 8608 7665
8369 8092 8901 7734
8617 8210 8745 7456
8389 8157 8891 7806
8588 8326 8409 7676
8379 8090 8926 7774
8413 8161 8867 7768
8382 8090 8900 7753
8420 8105 8881 7768
8433 8042 8959 7758
8393 8007 8975 7757
8398 7970 8983 7760
8528 8597 8368 7680
8385 8000 8988 7741
8439 8053 8922 7716
8386 8048 8960 7727
8388 8046 8955 7720
8406 8083 8917 7730
8560 8224 8794 7406
8457 8581 8395 7767
8361 8018 8918 7806
8300 8033 8924 7812
8609 8208 8768 7325
8456 8443 8426 7813
8306 8052 8953 7794
8617 8246 8696 7454
8271 8003 8980 7793
8292 8045 8935 7807
8633 8199 8718 7417
8266 7966 8970 7837
8503 8642 8343 7756
8270 8005 8935 7853
8423 8638 8336 7817
8283 7981 8961 7912
8469 8496 8394 7799
8320 8037 8922 7893
8371 8491 8291 7966
8324 8015 8928 7879
8369 8488 8542 7802
8314 7991 8969 7897
8591 8272 8753 7532
8371 7961 8945 7892
8405 8032 8886 7886
8345 8027 8918 7868
8349 8066 8883 7884
8610 8276 8726 7549
8307 8050 8915 7879
8585 8308 8697 7557
8307 8114 8884 7915
8300 8119 8885 7924
8282 8146 8855 7923
8303 8090 8908 7911
8286 8121 8851 7903
8272 8083 8910 7932
8412 8528 8303 7827
8252 8114 8879 7945
8569 8171 8771 7484
8374 8508 8272 7857
8547 8118 8809 7421
8397 8512 8512 7791
8401 8613 8404 7810
8300 8055 8916 7888
8303 8119 8859 7903
8334 8126 8857 7882
8335 8052 8906 7865
8545 8318 8805 7439
8339 8091 8871 7881
8352 8061 8866 7900
8348 8022 8901 7884
8384 8033 8862 7855
8388 8072 8827 7871
8375 8014 8840 7988
8368 8005 8862 7930
8389 7994 8835 7907
8560 8228 8778 7386
8519 8484 8487 7798
8425 8040 8760 7932
8556 8345 8719 7480
8383 8018 8777 7959
8414 8025 8775 7938
8380 7954 8834 7944
8563 8318 8710 7514
8578 8356 8700 7384
8585 8313 8702 7341
8401 8523 8576 7744
8390 8004 8821 7962
8617 8320 8665 7411
8361 8076 8810 7921
8346 8086 8829 7947
8299 8024 8889 7978
8593 8361 8645 7539
8336 7952 8883 7991
8567 8387 8666 7494
8332 7966 8870 8014
8559 8348 8711 7479
8506 8324 8767 7516
8529 8325 8769 7359
8282 8035 8833 8014
8561 8402 8655 7369
8330 8095 8856 7993
8343 8087 8842 7974
8295 8027 8819 7995
8322 8059 8821 7994
8291 8052 8823 8015
8280 8075 8777 8017
8287 8019 8791 8017
8284 8019 8817 8038
8581 8307 8710 7567
8238 7958 8869 8049
8269 7965 8867 8028
8317 7957 8943 7978
8490 8341 8763 7352
8266 7964 8871 7986
8562 8383 8703 7502
8419 8446 8594 7777
8519 8302 8726 7592
8387 8449 8578 7779
8317 7893 8974 7942
8529 8316 8735 7501
8387 8513 8515 7799
8351 7964 8915 7936
8299 7904 8975 7944
8290 7959 8916 7965
8366 8397 8582 7838
8319 7893 8917 7968
8377 8430 8548 7835
8316 7893 8943 7989
8320 7879 8956 7966
8322 7897 8923 7948
8567 8228 8773 7304
8340 7861 8925 7924
8552 8238 8792 7330
8353 8409 8492 7919
8377 7917 8886 7905
8521 8167 8825 7315
8421 7882 8900 7916
8581 8172 8793 7333
8455 7918 8817 7897
8318 8452 8641 7914
8442 7876 8918 7893
8427 7932 8848 7883
8630 8157 8762 7305
8614 8212 8731 7317
8667 8214 8690 7392
8442 7924 8855 7930
8376 8361 8480 7864
8390 7924 8824 7939
8662 8210 8727 7400
8405 8479 8555 7812
8427 7980 8785 7920
8646 8120 8775 7293
8400 8430 8652 7821
8396 7973 8787 7941
8624 8130 8779 7278
8424 8034 8785 7883
8639 8102 8789 7297
8433 8477 8489 7799
8435 7959 8776 7902
8440 7976 8814 7887
8429 8051 8823 7868
8392 7995 8862 7887
8645 8086 8773 7333
8401 8061 8824 7873
8380 8069 8849 7858
8637 8094 8790 7339
8383 8110 8821 7852
8614 8089 8769 7446
8436 8096 8810 7827
8561 8023 8830 7418
8390 8035 8862 7838
8596 8166 8776 7401
8570 8098 8819 7436
8396 8072 8822 7847
8420 8108 8838 7829
8281 8541 8580 7777
8385 8059 8865 7828
8402 8064 8836 7834
8429 8096 8838 7833
8411 8573 8563 7762
8433 8074 8844 7819
8437 8113 8809 7835
8444 8057 8823 7835
8454 8586 8494 7758
8452 8054 8802 7852
8479 8086 8804 7851
8534 8044 8820 7825
8503 8058 8804 7814
8677 8200 8708 7374
8484 8056 8813 7821
8742 8099 8699 7413
8453 7985 8846 7806
8703 8165 8678 7298
8696 8147 8724 7289
8509 8024 8842 7813
8531 8048 8834 7808
8727 8203 8647 7390
8366 8600 8342 7830
8534 8048 8808 7787
8680 8157 8726 7438
8507 8012 8818 7826
8674 8112 8734 7267
8673 8173 8730 7291
8667 8126 8766 7317
8685 8037 8725 7286
8541 8037 8822 7782
8707 8140 8712 7442
8545 8076 8787 7798
8507 8061 8806 7783
8635 8129 8765 7282
8599 8086 8795 7290
8539 8137 8719 7753
8699 8126 8713 7282
8524 8147 8738 7779
8703 8179 8671 7436
8493 8140 8740 7800
8485 8148 8754 7814
8464 8106 8799 7800
8495 8113 8797 7779
8502 8057 8811 7779
8548 8118 8759 7768
8520 8082 8784 7776
8541 8124 8739 7790
8639 8168 8730 7298
8549 8116 8725 7776
8585 8127 8686 7747
8581 8088 8721 7731
8643 8141 8754 7313
8566 8098 8740 7757
8563 8063 8748 7734
8572 8029 8760 7712
8638 8091 8791 7266
8572 8093 8729 7748
8585 8104 8710 7788
8568 8107 8716 7771
8720 8158 8663 7420
8616 8111 8708 7767
8672 8130 8729 7309
8575 8057 8739 7734
8571 8071 8726 7757
8650 8026 8767 7289
8587 7983 8752 7763
8642 8021 8808 7255
8596 8049 8714 7749
8642 8085 8777 7291
8633 8055 8825 7323
8567 7918 8762 7691
8645 8056 8800 7278
8617 7921 8701 7707
8626 8024 8850 7220
8654 7977 8662 7688
8630 8063 8815 7236
8627 7954 8631 7723
8602 8057 8813 7299
8618 7988 8619 7745
8623 8099 8768 7313
8609 7962 8603 7798
8601 8076 8580 7813
8606 8023 8823 7324
8578 7955 8605 7819
8641 8014 8608 7795
8629 7940 8609 7736
8632 8083 8578 7792
8672 8066 8760 7273
8599 7997 8560 7833
8350 8417 8572 7826
8613 7980 8536 7837
8563 7852 8539 7853
8521 7956 8606 7876
8499 7935 8630 7915
8327 8418 8653 7892
8491 7940 8614 7880
8718 8213 8634 7308
8473 7920 8649 7921
8680 8198 8653 7293
8273 8381 8701 7897
8444 7986 8648 7918
8680 8262 8622 7329
8277 8420 8666 7913
8480 8003 8658 7914
8693 8238 8648 7388
8327 8376 8692 7924
8714 8230 8623 7403
8276 8415 8665 7940
8485 7955 8620 7914
8687 8207 8592 7438
8453 7968 8664 7910
8718 8214 8590 7417
8474 8010 8619 7924
8669 8181 8670 7512
8685 8159 8696 7473
8449 7982 8651 7933
8296 8305 8725 7909
8437 7949 8653 7916
8291 8379 8693 7937
8483 8010 8601 7905
8245 8344 8698 7925
8494 7955 8602 7895
8238 8400 8684 7925
8506 7988 8600 7912
8631 8149 8695 7476
8242 8439 8649 7941
8460 7927 8652 7923
8449 7932 8691 7899
8211 8432 8651 7962
8633 8184 8726 7433
8238 8464 8653 7961
8633 8229 8676 7466
8256 8428 8655 7937
8253 8428 8681 7958
8545 7963 8575 7874
8253 8364 8712 7922
8543 7981 8538 7883
8246 8360 8716 7876
8280 8431 8657 7870
8536 7946 8587 7850
8284 8417 8670 7847
8561 7930 8561 7838
8279 8476 8625 7801
8657 8217 8635 7415
8652 8213 8672 7423
8285 8527 8593 7754
8648 8174 8707 7407
8273 8586 8561 7808
8573 7883 8576 7836
8644 8190 8728 7428
8539 7812 8635 7842
8292 8565 8523 7791
8246 8504 8575 7802
8555 7939 8532 7847
8243 8504 8601 7823
8207 8502 8569 7834
8253 8563 8517 7823
8258 8504 8525 7874
8575 8059 8520 7888
8213 8513 8519 7854
8275 8501 8519 7891
8536 7947 8586 7830
8232 8542 8465 7844
8304 8478 8529 7873
8220 8480 8547 7871
8626 7898 8629 7800
8189 8473 8549 7892
8580 7837 8681 7811
8176 8503 8554 7873
8573 7893 8667 7811
8560 8201 8786 7517
8167 8505 8564 7875
8575 7891 8662 7804
8594 8164 8766 7433
8204 8509 8547 7887
8555 8101 8813 7432
8127 8565 8496 7834
8168 8545 8508 7879
8172 8531 8521 7856
8203 8538 8519 7835
8544 8099 8808 7515
8216 8508 8514 7854
8551 7984 8535 7842
8252 8519 8475 7825
8533 7964 8566 7865
8261 8523 8457 7862
8307 8584 8405 7851
8490 7949 8608 7897
8279 8523 8407 7909
8275 8537 8394 7932
8238 8491 8450 7965
8269 8492 8472 7937
8512 7974 8540 7904
8248 8450 8517 7923
8501 7997 8494 7906
8515 7997 8467 7908
8548 8027 8518 7889
8261 8455 8488 7911
8609 8087 8470 7860
8328 8472 8456 7890
8600 7936 8486 7856
8550 7933 8547 7840
8581 8004 8514 7855
8401 8448 8423 7949
8265 8433 8364 7970
8528 7999 8552 7866
8529 7925 8601 7849
8591 8283 8701 7539
8287 8422 8441 8048
8287 8458 8296 7977
8579 8034 8516 7868
8227 8433 8436 8030
8259 8494 8281 7968
8563 8026 8522 7871
8262 8494 8255 7947
8567 8016 8562 7837
8298 8505 8216 7918
8594 8033 8520 7850
8610 8341 8662 7477
8300 8504 8291 7908
8609 8023 8501 7824
8310 8475 8374 7937
8328 8468 8306 7917
8602 8073 8476 7824
8587 8083 8495 7850
8554 8300 8675 7571
8352 8517 8287 7887
8566 8041 8540 7836
8348 8469 8351 7837
8597 8048 8538 7815
8343 8514 8393 7898
8563 7977 8597 7821
8284 8483 8450 7890
8578 8292 8731 7348
8327 8540 8287 7861
8586 7948 8534 7838
8308 8535 8418 7858
8617 7966 8549 7814
8620 8288 8689 7382
8645 8053 8573 7811
8618 8214 8696 7350
8627 8288 8668 7504
8356 8548 8237 7845
8694 8093 8433 7744
8701 8019 8576 7813
8375 8511 8248 7832
8642 8350 8638 7468
8437 8473 8298 7911
8691 8084 8570 7767
8420 8372 8308 7947
8427 8413 8364 7889
8611 8169 8511 7807
8580 8162 8513 7828
8620 8156 8745 7493
8382 8389 8347 7955
8402 8368 8317 7938
8618 8188 8509 7784
8620 8254 8656 7581
8593 8145 8548 7793
8603 8198 8528 7810
8563 8205 8512 7809
8417 8323 8372 7969
8574 8238 8478 7806
8587 8208 8473 7825
8411 8373 8304 7946
8633 8205 8452 7778
8640 8338 8629 7501
8618 8215 8471 7804
8361 8326 8343 7980
8584 8144 8530 7810
8588 8183 8495 7826
8368 8400 8339 7973
8548 8133 8569 7839
8582 8204 8510 7833
8396 8336 8292 7965
8423 8368 8294 7964
8432 8313 8353 7943
8576 8166 8526 7811
8622 8227 8474 7800
8377 8307 8346 7975
8364 8337 8351 7956
8343 8331 8423 7978
8608 8135 8529 7767
8614 8074 8612 7769
8618 8113 8577 7785
8587 8042 8610 7770
8587 8106 8579 7806
8603 8325 8630 7546
8590 8151 8589 7794
8569 8109 8634 7780
8551 8273 8644 7637
8301 8379 8419 8063
8657 7972 8583 7739
8563 8222 8703 7597
8635 8118 8567 7765
8584 8264 8658 7611
8448 8398 8373 7854
8640 8093 8563 7693
8566 8227 8696 7601
8616 8230 8635 7617
8647 8037 8577 7693
8595 8188 8680 7603
8587 8196 8694 7617
8631 8079 8602 7749
8574 8193 8708 7592
8641 8103 8561 7731
8613 8215 8667 7510
8656 8128 8502 7738
8632 8236 8677 7428
8623 8231 8690 7420
8635 8223 8565 7733
8365 8390 8458 7866
8656 8231 8667 7483
8583 8157 8562 7774
8691 8261 8593 7416
8629 8218 8510 7763
8655 8254 8647 7476
8361 8373 8474 7897
8614 8164 8560 7753
8368 8408 8425 7930
8636 8149 8614 7716
8352 8391 8447 7925
8601 8152 8624 7739
8648 8160 8710 7440
8579 8167 8570 7776
8372 8383 8475 7867
8596 8156 8626 7740
8617 8146 8776 7420
8360 8364 8478 7880
8630 8227 8567 7734
8357 8364 8504 7901
8631 8153 8616 7717
8316 8353 8531 7938
8624 8201 8571 7722
8586 8186 8590 7707
8572 8081 8771 7460
8364 8354 8493 7909
8586 8250 8559 7743
8553 8124 8769 7529
8385 8396 8448 7923
8593 8269 8602 7671
8534 8086 8800 7531
8552 8123 8762 7541
8334 8365 8411 8000
8307 8373 8403 7976
8525 8308 8651 7652
8296 8396 8357 7978
8525 8244 8682 7616
8307 8373 8328 8047
8563 8259 8663 7631
8296 8314 8458 8032
8532 8188 8696 7616
8258 8378 8356 8099
8532 8252 8665 7652
8539 8075 8812 7442
8281 8324 8477 8058
8526 8304 8689 7602
8295 8316 8426 8107
8520 8229 8734 7577
8585 8014 8789 7512
8257 8346 8394 8105
8515 8298 8712 7659
8554 7943 8822 7497
8561 8000 8809 7497
8305 8248 8391 8091
8547 8063 8777 7533
8510 8357 8667 7613
8526 8240 8720 7566
8549 8039 8802 7471
8559 8089 8789 7489
8502 8313 8670 7628
8487 8288 8729 7621
8478 8343 8670 7642
8541 8135 8796 7492
8464 8349 8667 7671
8459 8398 8633 7668
8552 8137 8807 7469
8543 8454 8625 7573
8534 8100 8845 7459
8446 8499 8605 7616
8432 8573 8576 7615
8446 8488 8558 7676
8540 8128 8805 7475
8515 8520 8560 7550
8546 8041 8846 7457
8542 8055 8833 7480
8524 8018 8871 7470
8411 8509 8594 7726
8528 8057 8836 7486
8535 8001 8850 7486
8465 8524 8547 7682
8581 8035 8816 7495
8466 8545 8536 7745
8599 7973 8787 7454
8329 8224 8404 8061
8592 8029 8773 7454
8607 8061 8757 7486
8628 8050 8730 7463
8431 8498 8577 7702
8597 8011 8770 7468
8569 8002 8818 7478
8550 7964 8849 7480
8265 8351 8353 8139
8447 8469 8601 7630
8284 8287 8317 8194
8596 8025 8797 7469
8294 8092 8312 8113
8578 7991 8775 7528
8312 8259 8292 8089
8580 7989 8770 7521
8495 8479 8572 7648
8614 8060 8711 7515
8625 8054 8769 7445
8627 8145 8721 7466
8258 8066 8375 8125
8498 8493 8649 7500
8640 8060 8718 7484
8265 8010 8389 8125
8464 8563 8592 7568
8654 8088 8729 7458
8257 8005 8430 8091
8252 8174 8450 8075
8310 8084 8496 8035
8641 8137 8699 7511
8700 8149 8677 7447
8321 8185 8481 8057
8523 8486 8543 7612
8307 8247 8453 8041
8624 8140 8705 7494
8647 8135 8744 7424
8669 8143 8701 7448
8335 8214 8451 8046
8489 8430 8609 7646
8677 8148 8660 7482
8547 8480 8636 7530
8645 8182 8683 7476
8658 8127 8694 7474
8488 8426 8630 7632
8665 8193 8646 7452
8704 8188 8642 7463
8679 8217 8571 7501
8353 8308 8401 8030
8673 8156 8666 7492
8615 8184 8688 7487
8622 8160 8726 7489
8618 8227 8679 7478
8352 8192 8479 8036
8359 8136 8493 8036
8631 8197 8674 7497
8380 8178 8448 8050
8651 8183 8680 7474
8363 8136 8451 8024
8397 8207 8392 8018
8365 8512 8615 7773
8670 8244 8628 7450
8366 8200 8394 8039
8688 8281 8590 7460
8412 8261 8342 8028
8668 8205 8584 7469
8391 8219 8387 8014
8709 8249 8547 7479
8422 8226 8385 7993
8724 8184 8534 7465
8439 8223 8379 8010
8678 8123 8586 7476
8460 8265 8334 8024
8699 8165 8541 7490
8426 8266 8304 8008
8709 8158 8574 7501
8409 8269 8310 7991
8678 8087 8607 7486
8388 8275 8292 8014
8412 8311 8308 7996
8724 8148 8555 7475
8372 8295 8282 8002
8728 8187 8520 7491
8389 8442 8294 7987
8315 8286 8376 8045
8435 8447 8604 7754
8713 8224 8543 7459
8449 8418 8624 7659
8451 8474 8570 7665
8682 8217 8545 7480
8504 8496 8548 7724
8724 8239 8528 7453
8759 8296 8508 7445
8485 8463 8626 7604
8711 8228 8547 7413
8696 8238 8566 7439
8336 8255 8389 8070
8701 8203 8580 7438
8451 8349 8672 7615
8455 8388 8637 7631
8429 8396 8654 7720
8414 8412 8640 7675
8728 8163 8622 7454
8467 8413 8610 7686
8480 8425 8622 7638
8682 8094 8731 7395
8449 8359 8686 7697
8277 8297 8556 8071
8419 8318 8674 7754
8306 8292 8506 8050
8415 8332 8661 7777
8332 8215 8482 8033
8428 8302 8656 7796
8360 8224 8434 8023
8372 8286 8352 7996
8347 8318 8323 8004
8316 8311 8325 8025
8478 8386 8591 7767
8337 8353 8280 8039
8704 8105 8720 7419
8336 8363 8262 8020
8669 8108 8730 7442
8310 8373 8302 8026
8443 8428 8528 7775
8669 8117 8701 7476
8293 8357 8355 8076
8476 8422 8565 7797
8638 8110 8703 7497
8642 8149 8668 7513
8479 8393 8534 7794
8310 8306 8302 8066
8634 8207 8675 7488
8630 8168 8710 7472
8279 8346 8272 8148
8297 8300 8263 8142
8318 8261 8228 8069
8329 8186 8219 8088
8466 8394 8547 7833
8315 8187 8355 8090
8608 8269 8747 7549
8306 8242 8296 8111
8592 8252 8711 7557
8484 8391 8556 7751
8550 8236 8743 7552
8311 8324 8290 8115
8298 8375 8218 8138
8269 8370 8220 8068
8570 8270 8755 7509
8271 8311 8291 8135
8495 8330 8709 7586
8252 8314 8270 8149
8494 8370 8693 7569
8489 8427 8687 7514
8585 8387 8631 7569
8438 8475 8540 7767
8272 8261 8337 8114
8257 8271 8356 8140
8208 8343 8425 8126
8533 8451 8586 7577
8241 8339 8358 8118
8490 8435 8560 7724
8542 8425 8499 7608
8252 8365 8461 8056
8617 8490 8500 7548
8245 8413 8416 8061
8423 8421 8590 7757
8241 8374 8451 8045
8306 8310 8484 8037
8405 8486 8556 7779
8235 8311 8458 8089
8239 8350 8423 8105
8351 8451 8564 7802
8230 8289 8525 8094
8421 8491 8565 7769
8486 8392 8695 7491
8195 8373 8430 8107
8382 8458 8562 7781
8203 8365 8416 8093
8234 8372 8414 8072
8544 8445 8644 7507
8195 8422 8465 8058
8438 8447 8578 7733
8192 8440 8425 8074
8198 8450 8439 8069
8502 8444 8588 7598
8223 8394 8471 8014
8226 8429 8463 8037
8516 8440 8557 7610
8195 8404 8535 8041
8498 8459 8576 7633
8231 8433 8426 8029
8202 8436 8452 8046
8436 8377 8566 7780
8209 8395 8440 8059
8542 8468 8541 7580
8255 8456 8388 8048
8430 8318 8630 7735
8239 8511 8375 8047
8464 8389 8571 7729
8537 8464 8578 7588
8252 8464 8356 8011
8481 8386 8565 7746
8265 8434 8351 8030
8208 8440 8408 8032
8449 8440 8569 7774
8516 8422 8623 7574
8236 8446 8410 7969
8436 8481 8546 7743
8221 8456 8429 7995
8548 8394 8619 7529
8189 8469 8473 7991
8552 8433 8584 7545
8179 8504 8430 8026
8518 8389 8660 7582
8158 8462 8475 8012
8396 8519 8613 7752
8522 8401 8654 7592
8517 8358 8670 7558
8198 8468 8491 7981
8551 8429 8611 7552
8221 8491 8461 7960
8183 8427 8492 7988
8170 8457 8497 7969
8180 8507 8484 7987
8362 8448 8672 7758
8163 8529 8463 7912
8366 8487 8637 7774
8586 8409 8600 7544
8138 8510 8470 7937
8335 8416 8670 7759
8117 8518 8495 7922
8335 8480 8639 7795
8146 8515 8469 7905
8331 8441 8674 7779
8227 8497 8527 7895
8113 8524 8476 7914
8367 8452 8635 7750
8570 8333 8681 7559
8124 8555 8480 7900
8371 8491 8600 7766
8569 8364 8635 7563
8378 8435 8614 7766
8557 8298 8699 7598
8258 8548 8418 7910
8409 8442 8612 7745
8297 8503 8451 7885
8405 8403 8647 7729
8509 8230 8738 7566
8439 8474 8588 7723
8540 8301 8705 7581
8277 8555 8416 7833
8408 8403 8621 7708
8536 8262 8740 7565
8304 8498 8493 7874
8408 8467 8590 7744
8378 8512 8439 7817
8585 8323 8662 7533
8433 8435 8619 7736
8313 8482 8475 7916
8469 8454 8576 7712
8539 8326 8683 7580
8460 8375 8634 7657
8534 8385 8638 7534
8312 8493 8432 7859
8510 8378 8573 7673
8543 8351 8650 7512
8564 8280 8714 7488
8528 8378 8523 7720
8524 8339 8558 7704
8319 8480 8419 7848
8589 8412 8598 7501
8346 8512 8421 7847
8582 8377 8647 7468
8315 8494 8406 7871
8483 8300 8658 7733
8567 8323 8697 7458
8279 8483 8445 7900
8462 8371 8594 7757
8325 8544 8393 7889
8473 8365 8652 7687
8464 8420 8593 7708
8563 8387 8676 7495
8436 8384 8618 7716
8317 8468 8488 7893
8482 8445 8566 7705
8532 8351 8727 7524
8522 8274 8778 7486
8445 8401 8604 7758
8473 8438 8566 7707
8553 8310 8727 7457
8439 8367 8625 7713
8572 8325 8729 7454
8248 8489 8502 7910
8424 8377 8644 7739
8561 8334 8719 7443
8435 8383 8635 7718
8562 8270 8770 7444
8230 8487 8420 7968
8574 8326 8705 7424
8261 8494 8418 7947
8594 8294 8694 7449
8274 8464 8413 7966
8573 8302 8719 7434
8466 8419 8584 7689
8566 8358 8705 7434
8253 8481 8431 7939
8466 8483 8553 7725
8517 8297 8783 7466
8416 8480 8614 7709
8498 8282 8781 7469
8204 8420 8509 7971
8552 8353 8756 7472
8365 8449 8577 7786
8155 8452 8496 7971
8189 8523 8437 7965
8342 8461 8643 7828
8528 8329 8749 7475
8200 8517 8495 7895
8218 8554 8457 7905
8406 8483 8528 7805
8197 8512 8502 7891
8424 8411 8527 7813
8550 8237 8772 7427
8177 8477 8545 7888
8546 8251 8759 7450
8223 8538 8493 7877
8219 8499 8528 7861
8359 8418 8607 7823
8495 8260 8787 7467
8174 8468 8535 7944
8170 8482 8522 7967
8177 8426 8536 7967
8521 8282 8789 7457
8216 8493 8464 7978
8391 8438 8572 7810
8539 8315 8744 7540
8227 8438 8465 7968
8511 8214 8780 7510
8220 8494 8451 7968
8542 8285 8747 7525
8174 8433 8503 7979
8488 8209 8786 7492
8357 8360 8676 7797
8350 8416 8662 7797
8521 8291 8729 7548
8321 8419 8688 7814
8514 8347 8715 7548
8143 8377 8587 7998
8334 8435 8649 7814
8515 8351 8688 7541
8295 8433 8643 7846
8536 8280 8752 7517
8303 8459 8637 7860
8146 8425 8530 7993
8329 8444 8579 7858
8496 8245 8768 7516
8218 8408 8545 8016
8328 8435 8584 7839
8492 8206 8803 7500
8149 8421 8516 8010
8373 8500 8583 7763
8491 8280 8754 7517
8384 8439 8595 7806
8484 8245 8803 7484
8193 8421 8491 7991
8366 8444 8609 7779
8515 8316 8770 7499
8219 8415 8504 8015
8361 8417 8659 7772
8512 8281 8778 7476
8186 8427 8471 8015
8389 8478 8657 7714
8516 8320 8743 7492
8415 8401 8633 7697
8485 8299 8782 7453
8411 8415 8620 7720
8464 8370 8718 7477
8173 8435 8485 8034
8436 8434 8613 7695
8481 8367 8712 7494
8431 8407 8648 7662
8518 8423 8673 7475
8204 8471 8434 8005
8435 8393 8661 7639
8468 8467 8668 7579
8427 8388 8702 7605
8423 8402 8689 7628
8412 8407 8728 7604
8403 8462 8669 7625
8179 8347 8584 7982
8425 8457 8650 7602
8210 8418 8551 7997
8421 8451 8668 7623
8177 8349 8589 7989
8393 8415 8693 7631
8223 8410 8537 7978
8405 8434 8690 7618
8409 8420 8703 7595
8231 8415 8496 8012
8185 8354 8548 8023
8431 8397 8719 7581
8182 8354 8574 8044
8437 8396 8701 7564
8211 8288 8575 8047
8232 8330 8530 8061
8467 8408 8680 7552
8462 8392 8688 7557
8256 8255 8601 8057
8460 8394 8693 7564
8236 8287 8612 8032
8229 8343 8598 8032
8240 8268 8589 8051
8268 8329 8587 7993
8276 8355 8581 8007
8489 8464 8613 7594
8271 8389 8512 7959
8461 8403 8615 7652
8279 8379 8506 7978
8276 8379 8532 7999
8509 8384 8567 7652
8234 8314 8507 8054
8530 8426 8522 7666
8258 8350 8523 8036
8511 8492 8525 7606
8219 8312 8479 8096
8469 8560 8492 7590
8179 8296 8453 8102
8527 8558 8502 7558
8166 8326 8458 8083
8216 8352 8414 8083
8237 8386 8381 8084
8258 8428 8336 8098
8189 8409 8310 8117
8192 8450 8282 8111
8505 8534 8510 7563
8155 8394 8321 8130
8550 8511 8378 7622
8183 8455 8319 8072
8249 8423 8349 8090
8513 8552 8528 7431
8270 8441 8307 8045
8511 8621 8309 7425
8242 8380 8309 8103
8499 8654 8370 7631
8468 8588 8559 7500
8465 8599 8506 7606
8212 8367 8388 8109
8427 8697 8478 7540
8228 8381 8394 8076
8256 8447 8356 8038
8456 8665 8341 7649
8282 8432 8298 8036
8322 8443 8328 7994
8472 8645 8389 7662
8325 8430 8343 7977
8450 8628 8520 7589
8473 8623 8551 7441
8473 8665 8342 7444
8349 8466 8359 7959
8314 8477 8285 7967
8451 8645 8458 7741
8436 8593 8594 7533
8350 8449 8336 7952
8371 8441 8311 7967
8349 8426 8268 7993
8361 8715 8339 7461
8386 8482 8229 7974
8407 8471 8202 7951
8398 8505 8190 7973
8396 8474 8196 7937
8381 8484 8215 7963
8396 8455 8240 7970
8387 8450 8253 7962
8402 8440 8234 7936
8407 8432 8286 7968
8443 8412 8381 7913
8458 8402 8362 7887
8416 8380 8379 7914
8462 8441 8327 7903
8447 8378 8431 7889
8402 8380 8406 7912
8401 8414 8457 7889
8420 8346 8429 7890
8451 8364 8444 7866
8438 8394 8449 7847
8455 8417 8501 7835
8425 8437 8374 7845
8383 8453 8330 7868
8428 8460 8301 7849
8378 8457 8362 7833
8475 8532 8573 7500
8471 8546 8560 7523
8443 8537 8608 7533
8405 8586 8596 7554
8372 8570 8292 7837
8382 8562 8590 7648
8369 8615 8573 7546
8434 8634 8549 7623
8425 8629 8562 7615
8418 8692 8491 7532
8376 8676 8523 7527
8405 8596 8268 7828
8355 8747 8459 7551
8315 8710 8480 7558
8319 8749 8445 7574
8339 8575 8387 7838
8274 8678 8505 7557
8312 8693 8486 7572
8270 8684 8461 7585
8332 8529 8401 7836
8327 8722 8455 7572
8367 8681 8504 7635
8315 8648 8511 7681
8377 8577 8388 7828
8401 8603 8572 7620
8402 8596 8381 7803
8331 8540 8635 7621
8283 8592 8576 7653
8280 8582 8607 7580
8311 8653 8574 7595
8452 8597 8376 7712
8311 8589 8605 7559
8315 8628 8570 7575
8272 8612 8570 7602
8406 8600 8397 7759
8268 8602 8587 7565
8369 8592 8595 7629
8399 8683 8413 7655
8335 8562 8648 7497
8369 8633 8589 7491
8309 8628 8621 7473
8313 8667 8586 7489
8386 8604 8634 7493
8378 8706 8301 7612
8282 8660 8588 7510
8391 8682 8327 7671
8278 8621 8623 7494
8422 8689 8325 7650
8309 8692 8590 7509
8307 8618 8597 7477
8365 8710 8517 7491
8468 8550 8450 7638
8472 8589 8415 7654
8465 8606 8434 7679
8329 8656 8578 7415
8423 8579 8496 7779
8438 8645 8543 7602
8435 8671 8524 7407
8345 8651 8564 7406
8348 8686 8556 7429
8330 8649 8594 7419
8385 8681 8454 7682
8428 8656 8525 7431
8470 8582 8579 7447
8297 8576 8512 7697
8506 8593 8540 7418
8339 8620 8506 7693
8517 8538 8541 7408
8334 8642 8468 7703
8573 8613 8449 7422
8294 8634 8471 7689
8523 8610 8510 7406
8508 8620 8529 7432
8508 8560 8569 7407
8505 8619 8533 7390
8477 8553 8571 7428
8308 8584 8498 7707
8529 8489 8633 7383
8279 8650 8497 7704
8509 8501 8598 7396
8288 8616 8509 7682
8565 8520 8555 7484
8480 8508 8591 7434
8467 8538 8596 7415
8401 8594 8615 7467
8333 8673 8484 7678
8355 8523 8651 7496
8317 8465 8675 7462
8348 8536 8642 7477
8348 8472 8673 7441
8351 8537 8638 7519
8337 8560 8674 7504
8348 8579 8637 7496
8381 8606 8580 7480
8334 8679 8461 7647
8355 8533 8667 7478
8355 8597 8636 7514
8433 8601 8534 7672
8341 8599 8639 7520
8306 8542 8659 7528
8374 8533 8566 7667
8337 8613 8626 7543
8352 8603 8607 7517
8370 8640 8569 7527
8366 8601 8604 7511
8351 8611 8623 7537
8333 8574 8661 7527
8416 8621 8548 7631
8393 8579 8629 7545
8415 8682 8466 7606
8390 8544 8637 7522
8362 8547 8633 7600
8283 8620 8591 7535
8451 8596 8490 7614
8466 8560 8518 7611
8416 8557 8579 7595
8413 8569 8588 7627
8406 8534 8637 7594
8387 8506 8638 7623
8411 8544 8594 7598
8424 8514 8589 7617
8461 8570 8550 7598
8388 8573 8601 7634
8410 8609 8568 7610
8407 8574 8576 7587
8436 8571 8550 7570
8421 8581 8569 7596
8418 8513 8636 7602
8391 8549 8593 7618
8349 8533 8625 7613
8387 8548 8606 7628
8398 8493 8607 7618
8385 8523 8612 7599
8374 8490 8646 7602
8313 8505 8652 7608
8322 8450 8711 7587
8356 8521 8652 7581
8325 8514 8654 7602
8327 8501 8670 7605
8358 8508 8668 7584
8331 8476 8666 7585
8369 8491 8647 7600
8365 8452 8682 7584
8465 8431 8577 7617
8451 8487 8557 7588
8462 8565 8582 7568
8488 8488 8558 7551
8525 8483 8576 7491
8566 8446 8604 7467
8618 8506 8544 7459
8584 8435 8603 7465
8575 8490 8544 7486
8578 8490 8518 7465
8569 8524 8506 7487
8604 8459 8583 7514
8629 8467 8499 7426
8623 8528 8416 7424
8644 8457 8480 7400
8647 8457 8493 7391
8634 8471 8462 7418
8649 8461 8443 7392
8628 8532 8379 7416
8592 8521 8418 7445
8563 8587 8417 7442
8528 8530 8437 7450
8568 8567 8416 7443
8561 8532 8465 7410
8546 8542 8484 7436
8550 8528 8497 7413
8616 8468 8588 7401
8602 8528 8528 7404
8581 8535 8495 7392
8577 8487 8559 7342
8580 8522 8551 7365
8559 8480 8596 7351
8546 8504 8570 7292
8552 8489 8564 7258
8550 8491 8569 7265
8567 8488 8563 7282
8613 8549 8511 7271
8579 8550 8481 7255
8600 8592 8436 7269
8563 8536 8475 7288
8556 8592 8461 7288
8525 8585 8463 7309
8562 8641 8424 7290
8512 8633 8436 7331
8525 8609 8462 7390
8556 8616 8460 7369
8522 8545 8519 7375
8516 8560 8525 7409
8519 8488 8588 7410
8504 8498 8607 7436
8525 8427 8671 7412
8585 8432 8639 7430
8582 8397 8647 7407
8585 8461 8590 7422
8621 8472 8551 7393
8657 8422 8536 7356
8624 8379 8603 7533
8611 8409 8608 7514
8663 8392 8593 7482
8665 8329 8630 7327
8617 8365 8609 7497
8675 8430 8510 7377
8690 8420 8491 7351
8693 8455 8483 7374
8633 8450 8515 7356
8637 8489 8480 7372
8640 8447 8481 7395
8673 8403 8505 7419
8678 8404 8474 7413
8674 8444 8464 7422
8685 8394 8453 7415
8576 8388 8509 7577
8607 8395 8507 7556
8630 8397 8563 7532
8653 8421 8437 7501
8638 8431 8456 7527
8608 8399 8480 7549
8654 8514 8402 7480
8650 8475 8437 7464
8635 8485 8456 7490
8595 8489 8543 7539
8600 8493 8506 7531
8561 8418 8602 7545
8565 8457 8567 7561
8586 8386 8631 7537
8577 8441 8572 7558
8573 8402 8607 7542
8617 8429 8578 7533
8625 8348 8648 7527
8661 8359 8609 7498
8664 8331 8607 7387
8670 8316 8601 7353
8701 8387 8568 7368
8638 8376 8618 7350
8623 8386 8637 7376
8589 8315 8696 7382
8593 8354 8661 7398
8653 8264 8624 7440
8651 8326 8627 7508
8665 8320 8586 7424
8645 8333 8581 7507
8612 8289 8664 7522
8606 8304 8670 7556
8609 8304 8644 7535
8596 8326 8622 7538
8581 8336 8641 7564
8518 8325 8691 7546
8524 8374 8654 7548
8551 8373 8584 7669
8533 8396 8615 7616
8527 8379 8558 7658
8506 8385 8540 7681
8537 8392 8538 7660
8548 8386 8596 7590
8485 8345 8693 7611
8519 8416 8634 7605
8457 8355 8663 7617
8485 8425 8634 7590
8483 8376 8635 7639
8490 8320 8649 7639
8511 8362 8604 7653
8520 8366 8586 7690
8517 8302 8643 7675
8516 8376 8594 7692
8500 8351 8621 7636
8518 8388 8583 7646
8524 8433 8505 7641
8523 8428 8520 7725
8546 8583 8327 7576
8495 8615 8405 7615
8488 8663 8360 7620
8478 8574 8409 7620
8494 8537 8437 7583
8507 8513 8463 7642
8538 8520 8461 7621
8486 8535 8498 7655
8482 8554 8458 7619
8475 8519 8507 7586
8454 8590 8443 7610
8523 8593 8405 7688
8493 8570 8449 7688
8453 8616 8443 7672
8483 8537 8470 7728
8489 8522 8464 7694
8492 8586 8407 7709
8500 8536 8370 7738
8497 8593 8380 7754
8466 8586 8382 7775
8503 8532 8463 7756
8461 8548 8419 7779
8409 8548 8388 7788
8406 8548 8414 7809
8409 8519 8437 7796
8414 8511 8545 7706
8414 8575 8514 7742
8435 8474 8569 7730
8466 8481 8567 7709
8473 8425 8581 7709
8549 8413 8462 7723
8542 8469 8448 7723
8539 8428 8476 7729
8530 8462 8464 7751
8529 8396 8473 7810
8516 8449 8495 7775
8506 8399 8508 7757
8438 8307 8598 7805
8469 8378 8565 7820
8484 8368 8546 7794
8502 8405 8508 7804
8437 8392 8528 7838
8448 8369 8574 7836
8484 8380 8535 7807
8500 8444 8521 7773
8482 8407 8559 7763
8414 8391 8596 7773
8435 8433 8551 7787
8310 8288 8813 7903
8306 8339 8714 7874
8326 8348 8710 7785
8433 8369 8727 7734
8283 8266 8753 7933
8298 8403 8744 7845
8304 8240 8914 7821
8349 8155 8819 7945
8289 8329 8748 7903
8278 8215 8926 7898
8308 8241 8836 7948
8265 8229 8947 7780
8351 8327 8765 7883
8274 8344 8743 7868
8314 8354 8815 7730
8255 8186 8842 7919
8354 8419 8815 7701
8382 8275 8798 7752
8326 8280 8862 7762
8341 8305 8834 7725
8371 8380 8852 7675
8273 8275 8900 7773
8262 8181 8930 7870
8308 8242 8878 7859
8248 8242 8828 7919
8247 8270 8938 7826
8420 8377 8741 7753
8072 8322 8914 7829
8262 8280 8857 7877
8219 8297 8939 7784
8250 8256 8928 7785
8359 8415 8669 7890
8340 8309 8885 7660
8245 8539 8766 7660
8236 8341 8975 7776
8254 7977 8901 7983
8420 8387 8723 7727
8355 8293 8799 7705
8237 8260 8758 7975
8356 8257 8648 8027
8411 8331 8733 7845
8233 8274 8745 7998
8325 8186 8681 8012
8360 8324 8672 7930
8251 8307 8805 7901
8293 8271 8901 7676
8246 8342 8738 7943
8247 8192 8985 7770
8301 8247 8790 7908
8312 8346 8871 7812
8285 8139 8793 8004
8289 8295 8780 7891
8244 8202 8807 8022
8268 8388 8702 7895
8336 8375 8763 7759
8339 8390 8781 7724
8360 8243 8661 8004
8304 8336 8633 7983
8270 8408 8576 8007
8203 8421 8528 7963
8401 8358 8777 7737
8428 8339 8736 7706
8382 8436 8711 7748
8431 8308 8754 7726
8425 8259 8791 7724
8424 8364 8740 7726
8315 8322 8609 7974
8371 8247 8629 8001
8189 8423 8530 7982
8391 8250 8659 7983
8368 8276 8758 7917
8329 8344 8796 7704
8328 8113 8864 7931
8285 8247 8823 7901
8409 8280 8690 7852
8359 8331 8702 7854
8367 8194 8842 7849
8482 8176 8786 7867
8390 8251 8744 7862
8395 8169 8711 7936
8171 8433 8529 8000
8294 8155 8814 7975
8348 8199 8738 7958
8174 8312 8767 7877
8299 8107 8780 7972
8271 8423 8694 7918
8310 8378 8679 7890
8103 8431 8774 7917
8250 8328 8751 7920
8083 8366 8784 7845
8133 8369 8723 7861
8430 8176 8755 7876
8253 8246 8791 7911
8229 8235 8780 7982
8433 8367 8604 7849
8416 8466 8535 7933
8498 8335 8493 7877
8448 8357 8585 7823
8297 8304 8845 7862
8475 8357 8494 7870
8462 8315 8752 7705
8246 8308 8768 7876
8295 8362 8772 7851
8267 8332 8777 7830
8442 8275 8795 7614
8272 8411 8812 7736
8242 8471 8773 7716
8319 8607 8726 7668
8282 8508 8752 7709
8306 8515 8722 7717
8347 8475 8801 7701
8287 8380 8818 7693
8321 8330 8836 7698
8346 8253 8861 7672
8370 8287 8810 7722
8409 8269 8805 7668
8418 8315 8777 7724
8336 8326 8838 7709
8368 8246 8819 7679
8375 8198 8864 7674
8397 8233 8822 7827
8432 8259 8807 7604
8427 8232 8835 7669
8439 8211 8852 7599
8473 8282 8793 7593
8482 8322 8829 7583
8404 8260 8814 7599
8435 8331 8781 7614
8483 8335 8773 7610
8479 8287 8837 7560
8439 8252 8853 7559
8424 8296 8907 7592
8443 8241 8880 7561
8396 8332 8892 7583
8399 8250 8840 7594
8398 8195 8903 7627
8365 8243 8868 7636
8323 8227 8900 7631
8395 8275 8844 7614
8410 8278 8811 7637
8381 8442 8846 7666
8320 8260 8933 7668
8300 8289 8887 7672
8281 8263 8926 7764
8285 8314 8869 7813
8326 8315 8853 7751
8319 8272 8898 7685
8277 8322 8883 7827
8193 8387 8831 7729
8213 8380 8883 7700
8164 8375 8875 7703
8251 8369 8857 7722
8208 8320 8888 7777
8258 8250 8959 7766
8262 8289 8924 7782
8233 8356 8915 7764
8257 8243 8928 7775
8279 8215 8973 7811
8264 8267 8935 7723
8367 8382 8761 7738
8320 8349 8815 7752
8377 8309 8785 7691
8477 8305 8733 7679
8471 8320 8739 7713
8440 8249 8772 7698
8457 8263 8771 7742
8436 8304 8755 7677
8418 8267 8793 7667
8433 8305 8758 7698
8387 8308 8779 7745
8389 8306 8774 7738
8420 8313 8772 7717
8458 8328 8753 7732
8427 8257 8786 7717
8430 8292 8778 7740
8416 8348 8758 7711
8382 8372 8742 7712
8336 8311 8794 7723
8375 8422 8717 7712
8360 8432 8736 7738
8370 8397 8779 7703
8329 8374 8793 7714
8320 8299 8827 7829
8338 8310 8803 7711
8351 8204 8831 7737
8431 8214 8772 7838
8448 8270 8750 7766
8465 8250 8715 7822
8504 8228 8773 7772
8460 8246 8752 7830
8378 8146 8883 7852
8342 8233 8817 7857
8374 8191 8860 7738
8401 8242 8754 7873
8358 8202 8801 7846
8387 8253 8785 7841
8358 8266 8770 7882
8367 8239 8815 7743
8365 8246 8801 7759
8327 8269 8798 7770
8393 8263 8760 7859
8289 8258 8817 7880
8396 8217 8782 7861
8415 8181 8833 7791
8400 8143 8805 7823
8423 8104 8824 7846
8429 8126 8770 7903
8455 8167 8851 7804
8411 8267 8764 7809
8388 8236 8797 7863
8373 8172 8821 7894
8356 8179 8826 7893
8327 8195 8803 7867
8221 8284 8800 7957
8261 8222 8842 7888
8244 8252 8974 7911
8327 8220 8798 7931
8339 8307 8698 7912
8339 8338 8661 7951
8349 8158 8747 7954
8356 8193 8679 7991
8331 8270 8660 7964
8426 8204 8696 7915
8284 8199 8781 7970
8382 8275 8640 7954
8391 8209 8783 7904
8502 8081 8786 7818
8437 8294 8648 7897
8487 8216 8646 7784
8541 8266 8624 7803
8559 8206 8658 7766
8559 8187 8693 7829
8465 8186 8746 7786
8422 8274 8671 7785
8476 8209 8666 7774
8447 8275 8665 7771
8418 8276 8768 7799
8475 8216 8669 7884
8377 8211 8786 7910
8420 8065 8802 7922
8380 8093 8823 7857
8379 8093 8868 7899
8374 7996 8937 7915
8367 8055 8842 7972
8416 8232 8735 7847
8399 8217 8756 7840
8407 8178 8756 7856
8426 8091 8778 7880
8460 8162 8719 7874
8433 8197 8753 7901
8458 8218 8693 7886
8351 8257 8725 7958
8302 8108 8776 8014
8264 8292 8760 7974
8324 8308 8694 7930
8300 8297 8668 7967
8371 8269 8673 7920
8398 8301 8675 7919
8335 8290 8725 7901
8386 8263 8599 7974
8391 8254 8699 7906
8359 8240 8568 8009
8315 8281 8634 7973
8386 8272 8570 8008
8342 8313 8636 7972
8309 8374 8706 7897
8402 8113 8725 7936
8351 8258 8695 7951
8272 8427 8667 7911
8364 8162 8713 7957
8329 8225 8646 8028
8377 8185 8668 7952
8360 8232 8644 8007
8369 8159 8674 7938
8376 8103 8688 7938
8342 8265 8699 7935
8397 8095 8663 7953
8360 8179 8692 7968
8382 8078 8730 7940
8288 8332 8751 7883
8353 8229 8667 7968
8435 8119 8752 7932
8289 8336 8724 7876
8403 8232 8606 7984
8440 8098 8699 7912
8449 8293 8554 7973
8327 8266 8695 7953
8460 8238 8555 7963
8389 8058 8804 7943
8324 8225 8723 7959
8491 8245 8553 7942
8380 8018 8803 7980
8497 8230 8547 7908
8482 8240 8566 7934
8432 8237 8627 7918
8381 8175 8707 7906
8332 8383 8667 7891
8426 8252 8633 7952
8384 8210 8699 7929
8395 8181 8666 7937
8395 8245 8635 7973
8391 8474 8574 7870
8335 8091 8854 7992
8345 8192 8761 7938
8322 8586 8641 7808
8361 8233 8685 7940
8362 8231 8686 7944
8433 8510 8526 7768
8382 8227 8703 7917
8358 8245 8673 7967
8395 8197 8698 7936
8364 8230 8667 7933
8378 8483 8566 7801
8383 8268 8636 7931
8276 8489 8661 7832
8465 8232 8680 7874
8441 8194 8677 7889
8456 8219 8618 7896
8344 8007 8842 8009
8473 8208 8674 7860
8297 8026 8894 7985
8455 8280 8608 7896
8510 8256 8595 7847
8341 8657 8611 7680
8429 8221 8719 7903
8470 8270 8589 7870
8279 8655 8631 7703
8444 8238 8662 7897
8341 7973 8860 7931
8284 8635 8629 7829
8403 8223 8707 7903
8421 8260 8669 7913
8258 8595 8703 7828
8432 8185 8660 7932
8332 8056 8862 7969
8346 8603 8518 7748
8453 8227 8615 7946
8435 8261 8575 7933
8389 8265 8560 7941
8432 8288 8601 7903
8307 8050 8874 7954
8414 8669 8562 7671
8426 8322 8563 7904
8318 8030 8934 7913
8398 8256 8601 7942
8387 8279 8555 7944
8391 8576 8640 7629
8452 8272 8475 7934
8452 8231 8452 7971
8278 8717 8612 7670
8481 8228 8426 7954
8463 8191 8464 7944
8446 8202 8408 7980
8419 8212 8412 7998
8394 8201 8426 8018
8387 8166 8475 7985
8390 8201 8467 8008
8359 8194 8469 8029
8400 8228 8452 7985
8271 8542 8704 7752
8422 8253 8384 7992
8450 8219 8410 7977
8404 8158 8462 7988
8401 8158 8488 8009
8326 8558 8579 7788
8398 8123 8496 7986
8288 8118 8781 7984
8435 8134 8497 7974
8233 8048 8837 8007
8299 8585 8637 7820
8426 8075 8497 7978
8486 8080 8465 7996
8253 8047 8854 8046
8458 8050 8470 7975
8227 8524 8736 7813
8492 8121 8411 7969
8273 8465 8675 7781
8461 8114 8413 7990
8488 8146 8415 7989
8467 8104 8460 7975
8362 8512 8641 7794
8498 8111 8458 7954
8509 8105 8516 7884
8258 8423 8735 7801
8526 8199 8502 7903
8273 8113 8859 7961
8494 8302 8534 7920
8224 8352 8794 7807
8544 8224 8475 7900
8204 8359 8786 7770
8547 8187 8521 7846
8222 8396 8748 7780
8565 8177 8479 7858
8206 8358 8774 7755
8581 8238 8521 7797
8360 8009 8856 7970
8192 8352 8859 7811
8556 8317 8543 7836
8192 8360 8777 7761
8586 8239 8569 7769
8372 8044 8827 7946
8534 8254 8654 7776
8533 8276 8630 7784
8168 8383 8777 7753
8566 8150 8672 7766
8152 8358 8860 7724
8242 8344 8911 7686
8507 8125 8775 7819
8529 8196 8802 7764
8389 7980 8758 7985
8385 7941 8793 7969
8522 8361 8619 7767
8366 8037 8811 8008
8159 8405 8899 7687
8380 8072 8721 7996
8106 8388 8902 7636
8548 8248 8582 7741
8346 8073 8691 7980
8154 8456 8863 7668
8572 8269 8626 7710
8377 8080 8689 7959
8120 8457 8833 7652
8552 8223 8578 7721
8347 8048 8769 7987
8141 8499 8788 7666
8568 8230 8661 7694
8113 8433 8826 7704
8096 8436 8832 7687
8378 8197 8748 7931
8062 8365 8891 7693
8106 8412 8884 7767
8533 8233 8671 7717
8094 8379 8886 7750
8121 8411 8888 7749
8410 8050 8779 7958
8082 8348 8935 7748
8424 8075 8762 7956
8062 8360 8900 7761
8382 8013 8730 7968
8155 8296 8898 7830
8250 8239 8963 7873
8510 8126 8771 7861
8286 8250 8924 7844
8186 8303 8896 7809
8173 8236 8991 7795
8158 8353 8829 7795
8541 8263 8593 7826
8189 8360 8827 7774
8271 8101 8778 8035
8268 8037 8835 8020
8564 8253 8509 7788
8176 8306 8897 7782
8367 8023 8850 8006
8258 8051 8817 8038
8261 8051 8791 8017
8307 8112 8739 8006
8310 8071 8808 8006
8247 8204 8971 7850
8220 8260 8937 7853
8237 8058 8784 8026
8293 8114 8779 7983
8564 8259 8518 7784
8143 8320 8912 7777
8540 8243 8507 7846
8284 8148 8821 7958
8142 8316 8939 7784
8585 8263 8488 7729
8607 8287 8480 7724
8599 8261 8486 7710
8193 8148 8825 8053
8635 8240 8449 7719
8125 8353 8906 7777
8620 8213 8523 7755
8266 8169 8845 7961
8146 8395 8861 7791
8608 8255 8569 7714
8111 8346 8888 7790
8249 8142 8801 7978
8642 8262 8541 7672
8661 8351 8483 7657
8143 8357 8910 7678
8608 8191 8600 7678
8294 8257 8729 7941
8115 8352 8948 7656
8316 8293 8696 7917
8156 8315 8976 7632
8611 8255 8543 7693
8139 8251 9002 7626
8598 8261 8586 7682
8233 8219 8764 8074
8195 8262 8989 7829
8603 8265 8549 7674
8307 8306 8703 7952
8603 8201 8580 7638
8238 8255 8973 7636
8271 8267 8717 7952
8595 8226 8594 7659
8230 8209 8795 8001
8249 8200 8974 7626
8599 8265 8559 7675
8215 8219 8814 8027
8258 8266 8936 7612
8186 8222 8840 8044
8248 8346 8925 7637
8184 8148 8847 8012
8564 8272 8548 7719
8558 8333 8465 7717
8210 8221 8760 8014
8186 8380 8886 7610
8202 8153 8812 8061
8537 8314 8545 7711
8253 8350 8888 7629
8198 8162 8784 8082
8526 8281 8626 7722
8183 8172 8803 8108
8536 8413 8584 7718
8149 8101 8862 8114
8153 8140 8827 8130
8331 8343 8873 7682
8567 8420 8582 7697
8159 8125 8821 8096
8530 8337 8637 7712
8193 8196 8762 8090
8162 8189 8764 8111
8183 8183 8782 8088
8567 8304 8612 7711
8162 8141 8827 8074
8200 8092 8839 8053
8216 8240 8977 7754
8530 8273 8668 7676
8227 8124 8841 8052
8190 8068 8880 8071
8183 8124 8866 8071
8198 8114 8847 8045
8156 8092 8864 8072
8153 8092 8890 8093
8125 8056 8915 8101
8152 8088 8917 8100
8122 8047 8905 8157
8143 8089 8860 8171
8108 8040 8887 8170
8543 8194 8589 7786
8136 8101 8885 8112
8589 8255 8537 7775
8115 8059 8930 8098
8554 8206 8564 7774
8143 8125 8892 8060
8575 8248 8519 7788
8109 8126 8862 8044
8128 8237 8999 7638
8098 8149 8816 8046
8131 8272 8991 7661
8143 8189 8798 8056
8135 8250 8997 7647
8551 8168 8498 7865
8552 8172 8534 7855
8237 8319 8692 7969
8226 8307 8717 7981
8524 8239 8631 7812
8166 8315 8657 8001
8546 8264 8563 7819
8236 8279 8692 8019
8201 8361 8898 7673
8525 8116 8752 7835
8241 8297 8698 7955
8243 8313 8897 7642
8564 8128 8630 7793
8563 8202 8581 7810
8574 8196 8639 7740
8225 8229 8807 7973
8216 8284 8748 7994
8503 8205 8640 7785
8263 8336 8906 7611
8523 8191 8784 7765
8255 8291 8772 7915
8527 8241 8656 7767
8531 8219 8662 7753
8224 8284 8774 7936
8251 8252 8907 7900
8500 8203 8615 7830
8493 8259 8601 7830
8252 8251 8938 7725
8288 8265 8881 7747
8487 8199 8644 7795
8485 8201 8649 7802
8492 8195 8643 7801
8298 8206 8788 7957
8488 8209 8630 7824
8545 8215 8579 7803
8517 8209 8577 7866
8553 8220 8538 7837
8511 8155 8513 7892
8513 8153 8508 7885
8331 8220 8797 7936
8308 8178 8909 7823
8541 8189 8483 7877
8352 8168 8823 7903
8293 8188 8928 7849
8360 8129 8789 7913
8259 8117 8987 7855
8532 8305 8545 7873
8310 8126 8850 7897
8252 8165 8942 7860
8559 8248 8464 7881
8258 8150 8936 7826
8534 8236 8433 7911
8517 8239 8439 7894
8331 8239 8759 7927
8193 8134 8997 7860
8574 8238 8445 7855
8568 8253 8451 7889
8530 8238 8470 7874
8220 8216 8958 7929
8515 8248 8489 7900
8255 8224 8839 7897
8501 8298 8547 7894
8286 8324 8757 7904
8258 8288 8782 7912
8506 8434 8529 7847
8270 8272 8843 7863
8336 8211 8789 7886
8456 8319 8525 7872
8367 8218 8787 7865
8280 8262 8848 7836
8446 8417 8544 7908
8333 8147 8846 7871
8450 8403 8557 7885
8337 8195 8782 7921
8299 8131 8813 7949
8271 8238 8905 7861
8475 8427 8531 7868
8339 8217 8776 7953
8501 8459 8514 7801
8304 8127 8782 7970
8265 8272 8867 7862
8491 8354 8621 7788
8278 8142 8840 7972
8226 8142 8809 7981
8272 8203 8757 7970
8438 8390 8592 7837
8510 8464 8501 7809
8319 8248 8743 7971
8259 8227 8938 7824
8472 8525 8465 7777
8267 8248 8712 7980
8259 8236 8909 7858
8552 8453 8524 7734
8264 8248 8738 8001
8240 8223 8757 7988
8243 8264 8729 7982
8243 8223 8706 8019
8205 8272 8694 8040
8181 8155 8997 7895
8516 8416 8660 7626
8241 8283 8655 8011
8179 8157 9002 7902
8195 8222 8707 8022
8177 8126 9008 7866
8247 8222 8738 8013
8225 8201 8982 7899
8264 8283 8662 7990
8223 8260 8911 7832
8569 8489 8468 7714
8286 8264 8748 7938
8594 8456 8572 7658
8238 8314 8861 7842
8227 8337 8815 7844
8594 8517 8425 7618
8181 8276 8867 7855
8595 8351 8681 7503
8212 8283 8865 7834
8597 8400 8610 7555
8191 8291 8890 7819
8648 8436 8576 7512
8656 8456 8429 7524
8400 8273 8706 7879
8644 8519 8455 7479
8194 8276 8950 7831
8390 8338 8700 7833
8191 8276 8976 7852
8562 8483 8571 7563
8356 8267 8759 7839
8223 8271 8941 7819
8320 8256 8798 7868
8324 8295 8763 7884
8320 8309 8750 7907
8318 8238 8807 7904
8266 8285 8923 7823
8352 8309 8748 7898
8284 8280 8879 7765
8332 8259 8774 7822
8293 8246 8891 7743
8614 8365 8635 7518
8392 8264 8742 7840
8295 8244 8886 7736
8414 8288 8734 7835
8635 8455 8483 7435
8348 8298 8772 7851
8375 8376 8775 7719
8667 8300 8617 7460
8376 8304 8758 7851
8335 8339 8796 7726
8686 8386 8553 7466
8396 8319 8747 7827
8636 8264 8668 7489
8340 8373 8854 7696
8636 8336 8646 7534
8396 8191 8816 7832
8337 8363 8885 7623
8402 8245 8775 7761
8368 8434 8852 7638
8411 8190 8834 7740
8383 8424 8833 7612
8613 8439 8586 7535
8429 8227 8796 7750
8398 8449 8774 7619
8405 8393 8788 7619
8415 8247 8803 7737
8423 8387 8859 7564
8406 8302 8744 7758
8427 8498 8765 7585
8388 8265 8782 7748
8458 8343 8817 7580
8655 8363 8570 7508
8688 8387 8473 7618
8427 8279 8842 7576
8680 8370 8446 7668
8510 8167 8856 7774
8719 8370 8401 7600
8383 8236 8912 7543
8458 8214 8781 7731
8365 8261 8925 7568
8679 8186 8396 7736
8411 8142 8868 7775
8702 8189 8450 7727
8432 8297 8834 7511
8697 8261 8375 7711
8444 8420 8798 7530
8697 8190 8434 7642
8406 8390 8865 7547
8392 8236 8756 7873
8354 8299 8899 7551
8385 8370 8866 7566
8351 8299 8925 7572
8351 8363 8894 7608
8717 8145 8476 7673
8386 8239 8764 7897
8354 8363 8868 7587
8345 8397 8856 7609
8374 8331 8857 7612
8324 8204 8808 7894
8405 8338 8855 7591
8342 8241 8770 7904
8420 8328 8836 7565
8427 8272 8850 7565
8657 8140 8508 7655
8383 8348 8868 7588
8375 8137 8793 7878
8356 8316 8866 7589
8375 8201 8762 7914
8351 8165 8746 7932
8372 8296 8876 7601
8393 8187 8729 7905
8393 8225 8940 7577
8427 8258 8670 7899
8448 8187 8734 7875
8384 8280 8881 7598
8380 8294 8868 7621
8371 8136 8782 7913
8389 8260 8880 7599
8411 8173 8761 7906
8338 8190 8935 7609
8380 8102 8794 7891
8707 8192 8398 7673
8384 8141 8759 7907
8395 8160 8911 7604
8374 8231 8847 7628
8664 8237 8423 7702
8479 8119 8773 7882
8364 8189 8916 7634
8457 8128 8764 7872
8343 8195 8898 7657
8404 8080 8792 7864
8333 8118 8949 7619
8435 8087 8790 7843
8460 8097 8866 7774
8360 8150 8951 7618
8656 8203 8490 7799
8394 8221 8892 7612
8334 8216 8924 7594
8338 8255 8889 7610
8300 8195 8943 7596
8461 8145 8807 7791
8331 8216 8904 7635
8327 8177 8939 7619
8360 8176 8886 7696
8323 8120 8923 7632
8483 8135 8854 7775
8354 8191 8890 7647
8633 8269 8421 7814
8470 8157 8832 7778
8413 8139 8894 7808
8629 8171 8488 7800
8454 8190 8770 7779
8378 8082 8914 7816
8407 8150 8872 7663
8486 8156 8747 7785
8478 8117 8824 7781
8379 8212 8840 7686
8661 8179 8473 7671
8403 8186 8852 7735
8396 8242 8838 7735
8525 8157 8837 7748
8421 8181 8808 7677
8434 8112 8880 7633
8618 8154 8677 7737
8465 8183 8847 7648
8427 8168 8866 7633
8384 8162 8859 7645
8698 8150 8485 7711
8531 8093 8773 7762
8415 8169 8857 7624
8552 8138 8737 7698
8422 8113 8871 7624
8545 8103 8786 7665
8436 8077 8951 7781
8549 8151 8722 7715
8412 8113 8895 7782
8452 8101 8898 7662
8678 8108 8544 7708
8474 8046 8864 7638
8704 8169 8450 7614
8478 8010 8884 7566
8662 8173 8492 7580
8553 8073 8766 7815
8527 8032 8843 7685
8683 8160 8504 7737
8475 7975 8892 7543
8651 8331 8512 7637
8491 8091 8862 7750
8466 7977 8886 7549
8449 8064 8913 7781
8628 8265 8458 7822
8457 7924 8904 7519
8545 8069 8805 7695
8488 7995 8871 7534
8459 7955 8898 7555
8476 8019 8872 7561
8460 8020 8895 7735
8672 8242 8382 7736
8504 8072 8869 7478
8484 8104 8880 7453
8663 8262 8345 7695
8538 8118 8778 7736
8464 8039 8890 7381
8547 8184 8740 7722
8549 8073 8864 7454
8683 8359 8440 7629
8486 8033 8877 7407
8498 8032 8886 7416
8617 8316 8374 7689
8606 8237 8761 7533
8595 8340 8319 7731
8583 8181 8787 7417
8613 8020 8784 7445
8599 8376 8410 7710
8645 8160 8736 7461
8424 8096 8884 7789
8597 8316 8422 7758
8428 8135 8849 7805
8582 7949 8817 7430
8585 7984 8809 7453
8568 8382 8421 7755
8584 8479 8481 7688
8583 8144 8805 7448
8515 8107 8850 7730
8568 8105 8778 7459
8515 8171 8819 7766
8549 8034 8801 7799
8470 8100 8879 7749
8449 8171 8815 7773
8586 8172 8780 7447
8603 8508 8427 7678
8415 8100 8874 7779
8398 8111 8818 7815
8590 8057 8779 7468
8518 8522 8444 7730
8603 8100 8727 7727
8528 8555 8418 7656
8640 8151 8763 7412
8347 8075 8916 7837
8381 8146 8857 7831
8649 8162 8733 7427
8412 8153 8855 7810
8500 8445 8642 7715
8369 8092 8901 7734
8617 8210 8745 7456
8389 8157 8891 7806
8628 8370 8415 7677
8379 8090 8926 7774
8413 8161 8867 7768
8382 8090 8900 7753
8420 8105 8881 7768
8433 8042 8959 7758
8393 8007 8975 7757
8398 7970 8983 7760
8528 8597 8368 7680
8385 8000 8988 7741
8439 8053 8922 7716
8386 8048 8960 7727
8388 8046 8955 7720
8406 8083 8917 7730
8560 8224 8794 7406
8457 8581 8395 7767
8361 8018 8918 7806
8300 8033 8924 7812
8609 8208 8768 7325
8474 8452 8556 7831
8306 8052 8953 7794
8617 8246 8696 7454
8271 8003 8980 7793
8292 8045 8935 7807
8633 8199 8718 7417
8266 7966 8970 7837
8503 8642 8343 7756
8270 8005 8935 7853
8423 8638 8336 7817
8283 7981 8961 7912
8490 8504 8535 7802
8320 8037 8922 7893
8371 8491 8291 7966
8324 8015 8928 7879
8369 8488 8542 7802
8314 7991 8969 7897
8591 8272 8753 7532
8371 7961 8945 7892
8405 8032 8886 7886
8345 8027 8918 7868
8349 8066 8883 7884
8610 8276 8726 7549
8307 8050 8915 7879
8585 8308 8697 7557
8307 8114 8884 7915
8300 8119 8885 7924
8282 8146 8855 7923
8303 8090 8908 7911
8286 8121 8851 7903
8272 8083 8910 7932
8412 8528 8303 7827
8252 8114 8879 7945
8569 8171 8771 7484
8374 8508 8272 7857
8547 8118 8809 7421
8400 8537 8549 7794
8401 8613 8404 7810
8300 8055 8916 7888
8303 8119 8859 7903
8334 8126 8857 7882
8335 8052 8906 7865
8545 8318 8805 7439
8339 8091 8871 7881
8352 8061 8866 7900
8348 8022 8901 7884
8384 8033 8862 7855
8388 8072 8827 7871
8375 8014 8840 7988
8368 8005 8862 7930
8389 7994 8835 7907
8560 8228 8778 7386
8519 8484 8487 7798
8425 8040 8760 7932
8556 8345 8719 7480
8383 8018 8777 7959
8414 8025 8775 7938
8380 7954 8834 7944
8563 8318 8710 7514
8578 8356 8700 7384
8585 8313 8702 7341
8401 8523 8576 7744
8390 8004 8821 7962
8617 8320 8665 7411
8361 8076 8810 7921
8346 8086 8829 7947
8299 8024 8889 7978
8593 8361 8645 7539
8336 7952 8883 7991
8567 8387 8666 7494
8332 7966 8870 8014
8559 8348 8711 7479
8506 8324 8767 7516
8529 8325 8769 7359
8282 8035 8833 8014
8561 8402 8655 7369
8330 8095 8856 7993
8343 8087 8842 7974
8295 8027 8819 7995
8322 8059 8821 7994
8291 8052 8823 8015
8280 8075 8777 8017
8287 8019 8791 8017
8284 8019 8817 8038
8581 8307 8710 7567
8238 7958 8869 8049
8269 7965 8867 8028
8317 7957 8943 7978
8490 8341 8763 7352
8266 7964 8871 7986
8562 8383 8703 7502
8419 8446 8594 7777
8519 8302 8726 7592
8391 8471 8587 7808
8317 7893 8974 7942
8529 8316 8735 7501
8387 8513 8515 7799
8351 7964 8915 7936
8299 7904 8975 7944
8290 7959 8916 7965
8378 8427 8586 7902
8319 7893 8917 7968
8408 8456 8551 7860
8316 7893 8943 7989
8320 7879 8956 7966
8322 7897 8923 7948
8567 8228 8773 7304
8340 7861 8925 7924
8552 8238 8792 7330
8395 8424 8580 7919
8377 7917 8886 7905
8521 8167 8825 7315
8421 7882 8900 7916
8581 8172 8793 7333
8455 7918 8817 7897
8318 8452 8641 7914
8442 7876 8918 7893
8427 7932 8848 7883
8630 8157 8762 7305
8614 8212 8731 7317
8667 8214 8690 7392
8442 7924 8855 7930
8411 8414 8552 7883
8390 7924 8824 7939
8662 8210 8727 7400
8405 8479 8555 7812
8427 7980 8785 7920
8646 8120 8775 7293
8400 8430 8652 7821
8396 7973 8787 7941
8624 8130 8779 7278
8424 8034 8785 7883
8639 8102 8789 7297
8503 8483 8489 7800
8435 7959 8776 7902
8440 7976 8814 7887
8429 8051 8823 7868
8392 7995 8862 7887
8645 8086 8773 7333
8401 8061 8824 7873
8380 8069 8849 7858
8637 8094 8790 7339
8383 8110 8821 7852
8614 8089 8769 7446
8436 8096 8810 7827
8561 8023 8830 7418
8390 8035 8862 7838
8596 8166 8776 7401
8570 8098 8819 7436
8396 8072 8822 7847
8420 8108 8838 7829
8323 8578 8593 7777
8385 8059 8865 7828
8402 8064 8836 7834
8429 8096 8838 7833
8411 8573 8563 7762
8433 8074 8844 7819
8437 8113 8809 7835
8444 8057 8823 7835
8454 8586 8494 7758
8452 8054 8802 7852
8479 8086 8804 7851
8534 8044 8820 7825
8503 8058 8804 7814
8677 8200 8708 7374
8484 8056 8813 7821
8742 8099 8699 7413
8453 7985 8846 7806
8703 8165 8678 7298
8696 8147 8724 7289
8509 8024 8842 7813
8531 8048 8834 7808
8727 8203 8647 7390
8366 8600 8342 7830
8534 8048 8808 7787
8680 8157 8726 7438
8507 8012 8818 7826
8674 8112 8734 7267
8673 8173 8730 7291
8667 8126 8766 7317
8685 8037 8725 7286
8541 8037 8822 7782
8707 8140 8712 7442
8545 8076 8787 7798
8507 8061 8806 7783
8635 8129 8765 7282
8599 8086 8795 7290
8539 8137 8719 7753
8699 8126 8713 7282
8524 8147 8738 7779
8703 8179 8671 7436
8493 8140 8740 7800
8485 8148 8754 7814
8464 8106 8799 7800
8495 8113 8797 7779
8502 8057 8811 7779
8548 8118 8759 7768
8520 8082 8784 7776
8541 8124 8739 7790
8639 8168 8730 7298
8549 8116 8725 7776
8585 8127 8686 7747
8581 8088 8721 7731
8643 8141 8754 7313
8566 8098 8740 7757
8563 8063 8748 7734
8572 8029 8760 7712
8638 8091 8791 7266
8572 8093 8729 7748
8585 8104 8710 7788
8568 8107 8716 7771
8720 8158 8663 7420
8616 8111 8708 7767
8672 8130 8729 7309
8575 8057 8739 7734
8571 8071 8726 7757
8650 8026 8767 7289
8587 7983 8752 7763
8642 8021 8808 7255
8596 8049 8714 7749
8642 8085 8777 7291
8633 8055 8825 7323
8567 7918 8762 7691
8645 8056 8800 7278
8617 7921 8701 7707
8626 8024 8850 7220
8654 7977 8662 7688
8630 8063 8815 7236
8627 7954 8631 7723
8602 8057 8813 7299
8618 7988 8619 7745
8623 8099 8768 7313
8609 7962 8603 7798
8601 8076 8580 7813
8606 8023 8823 7324
8578 7955 8605 7819
8641 8014 8608 7795
8629 7940 8609 7736
8632 8083 8578 7792
8672 8066 8760 7273
8599 7997 8560 7833
8613 7980 8536 7837
8563 7852 8539 7853
8521 7956 8606 7876
8499 7935 8630 7915
8327 8418 8653 7892
8491 7940 8614 7880
8718 8213 8634 7308
8473 7920 8649 7921
8680 8198 8653 7293
8273 8381 8701 7897
8444 7986 8648 7918
8680 8262 8622 7329
8277 8420 8666 7913
8480 8003 8658 7914
8693 8238 8648 7388
8327 8376 8692 7924
8714 8230 8623 7403
8276 8415 8665 7940
8485 7955 8620 7914
8687 8207 8592 7438
8453 7968 8664 7910
8718 8214 8590 7417
8474 8010 8619 7924
8669 8181 8670 7512
8685 8159 8696 7473
8449 7982 8651 7933
8296 8305 8725 7909
8437 7949 8653 7916
8291 8379 8693 7937
8483 8010 8601 7905
8245 8344 8698 7925
8494 7955 8602 7895
8238 8400 8684 7925
8506 7988 8600 7912
8631 8149 8695 7476
8242 8439 8649 7941
8460 7927 8652 7923
8449 7932 8691 7899
8211 8432 8651 7962
8633 8184 8726 7433
8238 8464 8653 7961
8633 8229 8676 7466
8256 8428 8655 7937
8253 8428 8681 7958
8545 7963 8575 7874
8253 8364 8712 7922
8543 7981 8538 7883
8246 8360 8716 7876
8280 8431 8657 7870
8536 7946 8587 7850
8284 8417 8670 7847
8561 7930 8561 7838
8657 8217 8635 7415
8652 8213 8672 7423
8648 8174 8707 7407
8573 7883 8576 7836
8644 8190 8728 7428
8539 7812 8635 7842
8555 7939 8532 7847
8238 8574 8681 7840
8258 8504 8525 7874
8575 8059 8520 7888
8213 8513 8519 7854
8275 8501 8519 7891
8536 7947 8586 7830
8232 8542 8465 7844
8304 8478 8529 7873
8357 8498 8558 7871
8626 7898 8629 7800
8189 8473 8549 7892
8580 7837 8681 7811
8176 8503 8554 7873
8573 7893 8667 7811
8560 8201 8786 7517
8167 8505 8564 7875
8575 7891 8662 7804
8594 8164 8766 7433
8204 8509 8547 7887
8555 8101 8813 7432
8168 8545 8508 7879
8172 8531 8521 7856
8544 8099 8808 7515
8216 8508 8514 7854
8551 7984 8535 7842
8533 7964 8566 7865
8261 8523 8457 7862
8307 8584 8405 7851
8490 7949 8608 7897
8279 8523 8407 7909
8275 8537 8394 7932
8238 8491 8450 7965
8269 8492 8472 7937
8512 7974 8540 7904
8501 7997 8494 7906
8515 7997 8467 7908
8548 8027 8518 7889
8609 8087 8470 7860
8328 8472 8456 7890
8600 7936 8486 7856
8550 7933 8547 7840
8581 8004 8514 7855
8401 8448 8423 7949
8265 8433 8364 7970
8528 7999 8552 7866
8529 7925 8601 7849
8591 8283 8701 7539
8287 8422 8441 8048
8287 8458 8296 7977
8579 8034 8516 7868
8227 8433 8436 8030
8259 8494 8281 7968
8563 8026 8522 7871
8262 8494 8255 7947
8567 8016 8562 7837
8298 8505 8216 7918
8594 8033 8520 7850
8610 8341 8662 7477
8300 8504 8291 7908
8609 8023 8501 7824
8310 8475 8374 7937
8328 8468 8306 7917
8602 8073 8476 7824
8587 8083 8495 7850
8554 8300 8675 7571
8352 8517 8287 7887
8566 8041 8540 7836
8447 8481 8494 7840
8597 8048 8538 7815
8343 8514 8393 7898
8563 7977 8597 7821
8284 8483 8450 7890
8578 8292 8731 7348
8327 8540 8287 7861
8586 7948 8534 7838
8308 8535 8418 7858
8617 7966 8549 7814
8620 8288 8689 7382
8645 8053 8573 7811
8618 8214 8696 7350
8627 8288 8668 7504
8356 8548 8237 7845
8694 8093 8433 7744
8701 8019 8576 7813
8375 8511 8248 7832
8642 8350 8638 7468
8437 8473 8298 7911
8691 8084 8570 7767
8420 8372 8308 7947
8611 8169 8511 7807
8580 8162 8513 7828
8620 8156 8745 7493
8382 8389 8347 7955
8402 8368 8317 7938
8618 8188 8509 7784
8620 8254 8656 7581
8593 8145 8548 7793
8603 8198 8528 7810
8563 8205 8512 7809
8417 8323 8372 7969
8574 8238 8478 7806
8587 8208 8473 7825
8411 8373 8304 7946
8633 8205 8452 7778
8640 8338 8629 7501
8618 8215 8471 7804
8361 8326 8343 7980
8584 8144 8530 7810
8588 8183 8495 7826
8368 8400 8339 7973
8548 8133 8569 7839
8582 8204 8510 7833
8396 8336 8292 7965
8423 8368 8294 7964
8432 8313 8353 7943
8576 8166 8526 7811
8622 8227 8474 7800
8377 8307 8346 7975
8364 8337 8351 7956
8343 8331 8423 7978
8608 8135 8529 7767
8614 8074 8612 7769
8618 8113 8577 7785
8587 8042 8610 7770
8587 8106 8579 7806
8603 8325 8630 7546
8590 8151 8589 7794
8569 8109 8634 7780
8551 8273 8644 7637
8301 8379 8419 8063
8657 7972 8583 7739
8563 8222 8703 7597
8635 8118 8567 7765
8584 8264 8658 7611
8640 8093 8563 7693
8566 8227 8696 7601
8616 8230 8635 7617
8647 8037 8577 7693
8595 8188 8680 7603
8587 8196 8694 7617
8631 8079 8602 7749
8574 8193 8708 7592
8641 8103 8561 7731
8613 8215 8667 7510
8656 8128 8502 7738
8632 8236 8677 7428
8623 8231 8690 7420
8635 8223 8565 7733
8656 8231 8667 7483
8583 8157 8562 7774
8691 8261 8593 7416
8629 8218 8510 7763
8655 8254 8647 7476
8614 8164 8560 7753
8636 8149 8614 7716
8601 8152 8624 7739
8648 8160 8710 7440
8579 8167 8570 7776
8596 8156 8626 7740
8617 8146 8776 7420
8630 8227 8567 7734
8631 8153 8616 7717
8316 8353 8531 7938
8624 8201 8571 7722
8586 8186 8590 7707
8572 8081 8771 7460
8586 8250 8559 7743
8553 8124 8769 7529
8593 8269 8602 7671
8534 8086 8800 7531
8552 8123 8762 7541
8334 8365 8411 8000
8307 8373 8403 7976
8525 8308 8651 7652
8296 8396 8357 7978
8525 8244 8682 7616
8307 8373 8328 8047
8563 8259 8663 7631
8296 8314 8458 8032
8532 8188 8696 7616
8258 8378 8356 8099
8532 8252 8665 7652
8539 8075 8812 7442
8281 8324 8477 8058
8526 8304 8689 7602
8295 8316 8426 8107
8520 8229 8734 7577
8585 8014 8789 7512
8257 8346 8394 8105
8515 8298 8712 7659
8554 7943 8822 7497
8561 8000 8809 7497
8305 8248 8391 8091
8547 8063 8777 7533
8510 8357 8667 7613
8526 8240 8720 7566
8549 8039 8802 7471
8559 8089 8789 7489
8508 8340 8680 7632
8487 8288 8729 7621
8478 8343 8670 7642
8541 8135 8796 7492
8469 8374 8675 7700
8552 8137 8807 7469
8543 8454 8625 7573
8534 8100 8845 7459
8520 8531 8639 7645
8432 8573 8576 7615
8457 8490 8573 7738
8540 8128 8805 7475
8516 8541 8567 7606
8546 8041 8846 7457
8542 8055 8833 7480
8524 8018 8871 7470
8411 8509 8594 7726
8528 8057 8836 7486
8535 8001 8850 7486
8468 8539 8552 7731
8581 8035 8816 7495
8466 8545 8536 7745
8599 7973 8787 7454
8329 8224 8404 8061
8592 8029 8773 7454
8607 8061 8757 7486
8628 8050 8730 7463
8432 8503 8600 7708
8597 8011 8770 7468
8569 8002 8818 7478
8550 7964 8849 7480
8265 8351 8353 8139
8462 8494 8630 7736
8284 8287 8317 8194
8596 8025 8797 7469
8294 8092 8312 8113
8578 7991 8775 7528
8312 8259 8292 8089
8580 7989 8770 7521
8518 8491 8610 7653
8614 8060 8711 7515
8625 8054 8769 7445
8627 8145 8721 7466
8258 8066 8375 8125
8509 8509 8743 7525
8640 8060 8718 7484
8265 8010 8389 8125
8464 8563 8592 7568
8654 8088 8729 7458
8257 8005 8430 8091
8252 8174 8450 8075
8310 8084 8496 8035
8641 8137 8699 7511
8700 8149 8677 7447
8321 8185 8481 8057
8549 8505 8554 7650
8307 8247 8453 8041
8624 8140 8705 7494
8647 8135 8744 7424
8669 8143 8701 7448
8335 8214 8451 8046
8677 8148 8660 7482
8547 8480 8636 7530
8645 8182 8683 7476
8658 8127 8694 7474
8665 8193 8646 7452
8704 8188 8642 7463
8679 8217 8571 7501
8353 8308 8401 8030
8673 8156 8666 7492
8615 8184 8688 7487
8622 8160 8726 7489
8618 8227 8679 7478
8352 8192 8479 8036
8359 8136 8493 8036
8631 8197 8674 7497
8380 8178 8448 8050
8651 8183 8680 7474
8363 8136 8451 8024
8397 8207 8392 8018
8365 8512 8615 7773
8670 8244 8628 7450
8366 8200 8394 8039
8688 8281 8590 7460
8412 8261 8342 8028
8668 8205 8584 7469
8391 8219 8387 8014
8709 8249 8547 7479
8422 8226 8385 7993
8724 8184 8534 7465
8439 8223 8379 8010
8678 8123 8586 7476
8460 8265 8334 8024
8699 8165 8541 7490
8426 8266 8304 8008
8709 8158 8574 7501
8409 8269 8310 7991
8678 8087 8607 7486
8388 8275 8292 8014
8412 8311 8308 7996
8724 8148 8555 7475
8372 8295 8282 8002
8728 8187 8520 7491
8389 8442 8294 7987
8315 8286 8376 8045
8435 8447 8604 7754
8713 8224 8543 7459
8682 8217 8545 7480
8504 8496 8548 7724
8724 8239 8528 7453
8759 8296 8508 7445
8711 8228 8547 7413
8696 8238 8566 7439
8336 8255 8389 8070
8701 8203 8580 7438
8483 8362 8692 7640
8429 8396 8654 7720
8429 8439 8657 7693
8728 8163 8622 7454
8477 8484 8611 7710
8682 8094 8731 7395
8449 8359 8686 7697
8277 8297 8556 8071
8419 8318 8674 7754
8306 8292 8506 8050
8415 8332 8661 7777
8332 8215 8482 8033
8428 8302 8656 7796
8360 8224 8434 8023
8372 8286 8352 7996
8347 8318 8323 8004
8316 8311 8325 8025
8478 8386 8591 7767
8337 8353 8280 8039
8704 8105 8720 7419
8336 8363 8262 8020
8669 8108 8730 7442
8310 8373 8302 8026
8669 8117 8701 7476
8293 8357 8355 8076
8478 8438 8569 7808
8638 8110 8703 7497
8642 8149 8668 7513
8310 8306 8302 8066
8634 8207 8675 7488
8630 8168 8710 7472
8279 8346 8272 8148
8297 8300 8263 8142
8318 8261 8228 8069
8329 8186 8219 8088
8466 8394 8547 7833
8315 8187 8355 8090
8608 8269 8747 7549
8306 8242 8296 8111
8592 8252 8711 7557
8484 8391 8556 7751
8550 8236 8743 7552
8311 8324 8290 8115
8298 8375 8218 8138
8269 8370 8220 8068
8570 8270 8755 7509
8271 8311 8291 8135
8495 8330 8709 7586
8252 8314 8270 8149
8494 8370 8693 7569
8489 8486 8711 7569
8585 8387 8631 7569
8455 8477 8545 7777
8272 8261 8337 8114
8257 8271 8356 8140
8208 8343 8425 8126
8534 8451 8604 7640
8241 8339 8358 8118
8499 8448 8562 7745
8252 8365 8461 8056
8617 8490 8500 7548
8245 8413 8416 8061
8429 8422 8599 7787
8241 8374 8451 8045
8306 8310 8484 8037
8405 8486 8556 7779
8235 8311 8458 8089
8239 8350 8423 8105
8353 8459 8593 7855
8230 8289 8525 8094
8421 8491 8565 7769
8195 8373 8430 8107
8203 8365 8416 8093
8234 8372 8414 8072
8544 8445 8644 7507
8195 8422 8465 8058
8192 8440 8425 8074
8198 8450 8439 8069
8505 8449 8605 7707
8223 8394 8471 8014
8226 8429 8463 8037
8195 8404 8535 8041
8231 8433 8426 8029
8202 8436 8452 8046
8209 8395 8440 8059
8255 8456 8388 8048
8470 8320 8638 7795
8239 8511 8375 8047
8506 8392 8576 7745
8537 8464 8578 7588
8252 8464 8356 8011
8481 8386 8565 7746
8265 8434 8351 8030
8208 8440 8408 8032
8449 8440 8569 7774
8236 8446 8410 7969
8436 8481 8546 7743
8221 8456 8429 7995
8572 8406 8647 7588
8189 8469 8473 7991
8552 8433 8584 7545
8179 8504 8430 8026
8518 8389 8660 7582
8158 8462 8475 8012
8396 8519 8613 7752
8522 8401 8654 7592
8517 8358 8670 7558
8198 8468 8491 7981
8551 8429 8611 7552
8221 8491 8461 7960
8183 8427 8492 7988
8170 8457 8497 7969
8180 8507 8484 7987
8362 8448 8672 7758
8163 8529 8463 7912
8366 8487 8637 7774
8586 8409 8600 7544
8138 8510 8470 7937
8352 8425 8688 7804
8117 8518 8495 7922
8335 8480 8639 7795
8146 8515 8469 7905
8331 8441 8674 7779
8227 8497 8527 7895
8113 8524 8476 7914
8371 8487 8654 7755
8570 8333 8681 7559
8124 8555 8480 7900
8371 8491 8600 7766
8388 8436 8649 7775
8557 8298 8699 7598
8258 8548 8418 7910
8409 8467 8632 7823
8297 8503 8451 7885
8412 8450 8682 7731
8509 8230 8738 7566
8540 8301 8705 7581
8277 8555 8416 7833
8429 8503 8626 7729
8536 8262 8740 7565
8304 8498 8493 7874
8378 8512 8439 7817
8585 8323 8662 7533
8313 8482 8475 7916
8469 8454 8576 7712
8539 8326 8683 7580
8505 8385 8636 7671
8543 8351 8650 7512
8564 8280 8714 7488
8531 8422 8568 7720
8589 8412 8598 7501
8346 8512 8421 7847
8582 8377 8647 7468
8483 8300 8658 7733
8567 8323 8697 7458
8279 8483 8445 7900
8462 8371 8594 7757
8325 8544 8393 7889
8473 8365 8652 7687
8563 8387 8676 7495
8317 8468 8488 7893
8532 8351 8727 7524
8522 8274 8778 7486
8445 8401 8604 7758
8553 8310 8727 7457
8572 8325 8729 7454
8248 8489 8502 7910
8424 8377 8644 7739
8561 8334 8719 7443
8435 8383 8635 7718
8562 8270 8770 7444
8230 8487 8420 7968
8574 8326 8705 7424
8261 8494 8418 7947
8594 8294 8694 7449
8274 8464 8413 7966
8573 8302 8719 7434
8566 8358 8705 7434
8253 8481 8431 7939
8466 8483 8553 7725
8517 8297 8783 7466
8498 8282 8781 7469
8204 8420 8509 7971
8552 8353 8756 7472
8155 8452 8496 7971
8189 8523 8437 7965
8342 8461 8643 7828
8528 8329 8749 7475
8200 8517 8495 7895
8218 8554 8457 7905
8406 8483 8528 7805
8197 8512 8502 7891
8458 8435 8555 7834
8550 8237 8772 7427
8177 8477 8545 7888
8546 8251 8759 7450
8223 8538 8493 7877
8219 8499 8528 7861
8495 8260 8787 7467
8174 8468 8535 7944
8170 8482 8522 7967
8177 8426 8536 7967
8521 8282 8789 7457
8216 8493 8464 7978
8539 8315 8744 7540
8227 8438 8465 7968
8511 8214 8780 7510
8220 8494 8451 7968
8542 8285 8747 7525
8174 8433 8503 7979
8488 8209 8786 7492
8357 8360 8676 7797
8521 8291 8729 7548
8321 8419 8688 7814
8514 8347 8715 7548
8143 8377 8587 7998
8334 8435 8649 7814
8515 8351 8688 7541
8295 8433 8643 7846
8536 8280 8752 7517
8303 8459 8637 7860
8146 8425 8530 7993
8329 8444 8579 7858
8496 8245 8768 7516
8218 8408 8545 8016
8492 8206 8803 7500
8149 8421 8516 8010
8373 8500 8583 7763
8491 8280 8754 7517
8484 8245 8803 7484
8193 8421 8491 7991
8515 8316 8770 7499
8219 8415 8504 8015
8361 8417 8659 7772
8512 8281 8778 7476
8186 8427 8471 8015
8389 8478 8657 7714
8516 8320 8743 7492
8485 8299 8782 7453
8173 8435 8485 8034
8431 8407 8648 7662
8518 8423 8673 7475
8204 8471 8434 8005
8455 8486 8671 7640
8468 8467 8668 7579
8427 8388 8702 7605
8423 8402 8689 7628
8422 8419 8773 7612
8416 8529 8690 7652
8179 8347 8584 7982
8489 8460 8672 7630
8210 8418 8551 7997
8177 8349 8589 7989
8418 8459 8705 7635
8223 8410 8537 7978
8414 8516 8740 7603
8231 8415 8496 8012
8185 8354 8548 8023
8445 8523 8738 7582
8182 8354 8574 8044
8211 8288 8575 8047
8232 8330 8530 8061
8256 8255 8601 8057
8236 8287 8612 8032
8229 8343 8598 8032
8240 8268 8589 8051
8268 8329 8587 7993
8276 8355 8581 8007
8271 8389 8512 7959
8279 8379 8506 7978
8276 8379 8532 7999
8234 8314 8507 8054
8258 8350 8523 8036
8539 8511 8526 7618
8219 8312 8479 8096
8493 8567 8515 7701
8179 8296 8453 8102
8549 8561 8513 7636
8166 8326 8458 8083
8216 8352 8414 8083
8237 8386 8381 8084
8258 8428 8336 8098
8189 8409 8310 8117
8192 8450 8282 8111
8531 8546 8516 7707
8155 8394 8321 8130
8563 8523 8394 7660
8183 8455 8319 8072
8249 8423 8349 8090
8513 8581 8535 7637
8270 8441 8307 8045
8583 8623 8317 7540
8242 8380 8309 8103
8499 8654 8370 7631
8488 8691 8636 7509
8508 8613 8509 7660
8212 8367 8388 8109
8427 8697 8478 7540
8228 8381 8394 8076
8256 8447 8356 8038
8456 8665 8341 7649
8282 8432 8298 8036
8322 8443 8328 7994
8484 8651 8443 7736
8325 8430 8343 7977
8450 8628 8520 7589
8349 8466 8359 7959
8314 8477 8285 7967
8451 8645 8458 7741
8436 8593 8594 7533
8350 8449 8336 7952
8371 8441 8311 7967
8349 8426 8268 7993
8395 8728 8592 7542
8386 8482 8229 7974
8407 8471 8202 7951
8398 8505 8190 7973
8396 8474 8196 7937
8381 8484 8215 7963
8396 8455 8240 7970
8387 8450 8253 7962
8402 8440 8234 7936
8407 8432 8286 7968
8443 8412 8381 7913
8458 8402 8362 7887
8462 8441 8327 7903
8447 8378 8431 7889
8467 8472 8447 7845
8428 8460 8301 7849
8517 8532 8577 7610
8476 8560 8590 7628
8443 8537 8608 7533
8430 8643 8631 7672
8372 8570 8292 7837
8399 8636 8633 7693
8403 8621 8646 7548
8434 8634 8549 7623
8418 8692 8491 7532
8415 8696 8581 7567
8405 8596 8268 7828
8374 8758 8481 7580
8344 8713 8564 7655
8339 8575 8387 7838
8275 8724 8608 7578
8313 8706 8566 7676
8298 8701 8610 7619
8332 8529 8401 7836
8354 8793 8546 7617
8383 8710 8506 7709
8360 8665 8533 7708
8377 8577 8388 7828
8402 8596 8381 7803
8382 8665 8668 7674
8334 8597 8707 7642
8406 8600 8397 7759
8386 8660 8607 7634
8406 8726 8481 7697
8407 8572 8726 7603
8371 8686 8663 7549
8393 8608 8666 7546
8386 8738 8446 7710
8432 8771 8428 7677
8311 8713 8604 7572
8520 8599 8517 7700
8368 8746 8603 7555
8423 8579 8496 7779
8438 8645 8543 7602
8405 8737 8649 7452
8374 8695 8519 7737
8506 8593 8540 7418
8526 8548 8543 7598
8391 8736 8500 7723
8573 8613 8449 7422
8523 8610 8510 7406
8508 8620 8529 7432
8527 8573 8592 7413
8505 8619 8533 7390
8529 8489 8633 7383
8279 8696 8528 7729
8302 8761 8565 7686
8565 8520 8555 7484
8474 8564 8637 7425
8420 8532 8662 7584
8423 8557 8665 7530
8396 8569 8695 7617
8442 8630 8688 7520
8441 8611 8534 7680
8423 8537 8588 7730
8415 8682 8466 7606
8469 8597 8493 7726
8472 8563 8540 7656
8431 8536 8598 7627
8461 8570 8550 7598
8436 8571 8550 7570
8366 8526 8751 7636
8334 8576 8720 7659
8394 8573 8728 7646
8462 8565 8582 7568
8505 8545 8567 7690
8525 8483 8576 7491
8566 8446 8604 7467
8618 8506 8544 7459
8584 8435 8603 7465
8575 8490 8544 7486
8578 8490 8518 7465
8591 8536 8516 7598
8604 8459 8583 7514
8629 8467 8499 7426
8623 8528 8416 7424
8644 8457 8480 7400
8647 8457 8493 7391
8634 8471 8462 7418
8649 8461 8443 7392
8628 8532 8379 7416
8612 8532 8442 7600
8563 8587 8417 7442
8530 8550 8528 7530
8568 8567 8416 7443
8553 8544 8519 7666
8616 8468 8588 7401
8602 8528 8528 7404
8577 8487 8559 7342
8580 8522 8551 7365
8559 8480 8596 7351
8546 8504 8570 7292
8552 8489 8564 7258
8550 8491 8569 7265
8567 8488 8563 7282
8613 8549 8511 7271
8579 8550 8481 7255
8600 8592 8436 7269
8556 8592 8461 7288
8549 8592 8496 7608
8562 8641 8424 7290
8512 8633 8436 7331
8525 8609 8462 7390
8556 8616 8460 7369
8525 8427 8671 7412
8585 8432 8639 7430
8582 8397 8647 7407
8585 8461 8590 7422
8621 8472 8551 7393
8657 8422 8536 7356
8624 8379 8603 7533
8611 8409 8608 7514
8663 8392 8593 7482
8665 8329 8630 7327
8617 8365 8609 7497
8675 8430 8510 7377
8690 8420 8491 7351
8693 8455 8483 7374
8633 8450 8515 7356
8637 8489 8480 7372
8640 8447 8481 7395
8673 8403 8505 7419
8712 8431 8486 7468
8674 8444 8464 7422
8709 8396 8494 7445
8621 8401 8522 7588
8630 8397 8563 7532
8672 8434 8449 7610
8638 8431 8456 7527
8654 8514 8402 7480
8650 8475 8437 7464
8635 8485 8456 7490
8595 8489 8543 7539
8600 8493 8506 7531
8561 8418 8602 7545
8565 8457 8567 7561
8586 8386 8631 7537
8573 8402 8607 7542
8617 8429 8578 7533
8625 8348 8648 7527
8661 8359 8609 7498
8664 8331 8607 7387
8670 8316 8601 7353
8701 8387 8568 7368
8638 8376 8618 7350
8623 8386 8637 7376
8589 8315 8696 7382
8593 8354 8661 7398
8653 8264 8624 7440
8651 8326 8627 7508
8665 8320 8586 7424
8645 8333 8581 7507
8612 8289 8664 7522
8606 8304 8670 7556
8609 8304 8644 7535
8596 8326 8622 7538
8581 8336 8641 7564
8518 8325 8691 7546
8524 8374 8654 7548
8551 8373 8584 7669
8533 8396 8615 7616
8561 8454 8544 7698
8548 8386 8596 7590
8485 8345 8693 7611
8504 8354 8667 7655
8527 8383 8603 7704
8517 8302 8643 7675
8568 8669 8333 7592
8495 8615 8405 7615
8488 8663 8360 7620
8503 8570 8538 7635
8500 8539 8518 7728
8523 8593 8405 7688
8492 8586 8407 7709
8500 8536 8370 7738
8497 8593 8380 7754
8466 8586 8382 7775
8503 8532 8463 7756
8461 8548 8419 7779
8409 8548 8388 7788
8406 8548 8414 7809
8409 8519 8437 7796
8431 8529 8551 7750
8414 8575 8514 7742
8542 8469 8448 7723
8530 8462 8464 7751
8556 8415 8503 7847
8516 8449 8495 7775
8442 8368 8598 7823
8469 8378 8565 7820
8514 8389 8548 7816
8446 8407 8563 7839
8448 8369 8574 7836
8500 8444 8521 7773
8482 8407 8559 7763
8485 8438 8564 7726
8447 8411 8581 7738
8477 8507 8526 7752
8468 8441 8564 7766
8507 8455 8539 7717
8492 8465 8558 7743
8492 8415 8552 7767
8488 8429 8539 7790
8471 8458 8460 7822
8502 8465 8458 7801
8458 8371 8586 7798
8416 8397 8585 7851
8415 8400 8565 7860
8347 8420 8588 7923
8408 8440 8541 7919
8419 8385 8542 7909
8402 8335 8596 7853
8433 8406 8563 7868
8395 8391 8582 7853
8395 8455 8551 7889
8364 8442 8572 7871
8391 8410 8605 7834
8395 8449 8570 7850
8450 8468 8526 7845
8446 8429 8561 7829
8504 8424 8505 7851
8454 8448 8549 7834
8448 8458 8502 7849
8427 8416 8547 7835
8451 8438 8580 7761
8511 8443 8548 7779
8483 8382 8550 7837
8454 8384 8580 7798
8480 8318 8607 7822
8460 8330 8572 7835
8464 8317 8578 7835
8484 8305 8613 7822
8518 8376 8554 7816
8487 8369 8556 7837
8508 8411 8511 7851
8525 8408 8505 7868
8513 8345 8527 7823
8510 8345 8553 7844
8482 8309 8578 7852
8475 8365 8564 7852
8507 8305 8547 7855
8535 8341 8522 7847
8539 8337 8445 7891
8518 8295 8490 7877
8489 8361 8489 7874
8477 8305 8540 7903
8424 8273 8610 7917
8460 8284 8571 7888
8515 8284 8576 7858
8491 8248 8560 7876
8537 8309 8508 7865
8478 8241 8596 7842
8463 8251 8615 7868
8442 8259 8640 7853
8463 8301 8595 7867
8484 8320 8611 7797
8520 8331 8572 7768
8526 8316 8566 7734
8576 8319 8505 7750
8583 8263 8519 7750
8572 8286 8473 7752
8585 8278 8459 7733
8609 8271 8415 7690
8658 8383 8475 7602
8624 8471 8494 7639
8618 8510 8381 7575
8546 8502 8478 7699
8576 8444 8525 7672
8601 8353 8519 7606
8602 8292 8526 7572
8596 8307 8532 7606
8563 8385 8605 7643
8536 8349 8615 7682
8566 8352 8583 7614
8577 8346 8641 7544
8437 8549 8628 7557
8538 8526 8522 7516
8542 8615 8427 7597
8554 8494 8464 7685
8658 8514 8341 7583
8634 8482 8400 7597
8619 8476 8456 7600
8628 8484 8450 7542
8637 8489 8437 7550
8649 8472 8381 7571
8663 8429 8462 7602
8664 8448 8380 7573
8711 8384 8332 7563
8706 8384 8437 7573
8697 8392 8460 7626
8641 8363 8482 7595
8678 8419 8443 7576
8609 8374 8436 7657
8613 8318 8476 7678
8664 8351 8457 7636
8659 8328 8491 7654
8627 8437 8408 7652
8638 8382 8409 7642
8635 8463 8362 7574
8599 8469 8462 7662
8608 8510 8490 7619
8639 8396 8478 7530
8664 8331 8495 7521
8698 8402 8436 7515
8678 8360 8545 7474
8685 8395 8496 7507
8682 8360 8504 7484
8686 8399 8469 7500
8658 8393 8467 7563
8694 8404 8428 7534
8704 8496 8404 7544
8717 8372 8391 7538
8763 8433 8339 7527
8742 8391 8384 7513
8733 8493 8378 7527
8745 8355 8385 7480
8764 8384 8331 7470
8754 8300 8444 7459
8758 8339 8409 7475
8713 8391 8460 7476
8747 8364 8397 7464
8711 8353 8436 7493
8738 8385 8438 7492
8707 8378 8440 7513
8743 8389 8401 7484
8730 8458 8386 7504
8742 8399 8383 7465
8693 8338 8461 7497
8710 8327 8517 7461
8744 8398 8458 7455
8713 8327 8491 7440
8702 8414 8414 7478
8722 8506 8382 7495
8686 8495 8421 7524
8665 8500 8433 7516
8707 8537 8376 7538
8636 8587 8322 7629
8592 8540 8329 7555
8620 8543 8327 7465
8611 8538 8340 7457
8584 8575 8341 7499
8566 8538 8379 7489
8559 8586 8334 7494
8555 8547 8369 7478
8558 8582 8361 7501
8573 8572 8342 7475
8587 8559 8338 7503
8572 8569 8357 7529
8573 8573 8330 7522
8558 8590 8341 7592
8543 8600 8360 7618
8586 8555 8335 7589
8649 8528 8292 7614
8646 8547 8299 7664
8664 8582 8242 7624
8658 8533 8279 7622
8654 8494 8314 7606
8642 8508 8334 7648
8632 8458 8347 7630
8627 8518 8353 7674
8628 8492 8353 7612
8642 8520 8336 7576
8680 8420 8441 7502
8665 8430 8460 7528
8701 8441 8421 7499
8672 8444 8447 7516
8676 8445 8434 7506
8702 8422 8411 7512
8715 8468 8405 7530
8684 8397 8438 7515
8722 8412 8419 7530
8680 8396 8451 7525
8684 8435 8416 7541
8639 8437 8431 7524
8670 8508 8398 7539
8642 8472 8423 7547
8669 8504 8425 7546
8578 8461 8501 7606
8582 8500 8466 7622
8553 8446 8492 7699
8515 8495 8480 7720
8534 8515 8573 7676
8480 8476 8571 7717
8484 8515 8536 7733
8463 8510 8598 7687
8502 8546 8524 7689
8524 8542 8520 7661
8520 8535 8548 7664
8489 8583 8538 7573
8462 8552 8561 7671
8435 8609 8559 7581
8450 8599 8540 7555
8444 8614 8546 7589
8427 8552 8578 7685
8444 8612 8530 7722
8428 8574 8534 7701
8458 8566 8548 7694
8425 8614 8469 7688
8438 8590 8495 7747
8356 8550 8561 7791
8325 8543 8563 7812
8371 8604 8511 7801
8382 8549 8512 7791
8413 8556 8510 7770
8367 8495 8562 7781
8394 8527 8564 7780
8401 8497 8575 7772
8366 8504 8564 7816
8373 8505 8547 7795
8360 8538 8526 7817
8355 8480 8574 7798
8401 8541 8522 7787
8422 8478 8585 7787
8466 8478 8560 7768
8456 8428 8573 7750
8419 8372 8612 7769
8416 8372 8638 7790
8395 8380 8663 7775
8339 8465 8663 7754
8301 8385 8693 7773
8310 8451 8655 7759
8349 8457 8651 7768
8372 8497 8714 7739
8390 8521 8594 7719
8396 8545 8580 7706
8399 8491 8580 7743
8396 8491 8606 7764
8427 8462 8588 7765
8442 8452 8569 7739
8476 8523 8510 7733
8445 8516 8512 7754
8472 8508 8520 7778
8420 8508 8489 7787
8451 8515 8487 7766
8422 8478 8604 7742
8503 8445 8616 7694
8487 8420 8643 7638
8492 8478 8595 7657
8465 8510 8562 7694
8465 8508 8588 7697
8469 8547 8553 7713
8494 8513 8576 7658
8534 8422 8542 7699
8580 8483 8490 7688
8529 8378 8633 7685
8563 8449 8574 7679
8554 8419 8593 7665
8558 8458 8558 7681
8527 8387 8591 7666
8527 8451 8560 7702
8514 8481 8565 7683
8507 8483 8571 7677
8538 8490 8569 7656
8553 8480 8550 7630
8568 8505 8491 7637
8564 8466 8526 7621
8608 8446 8521 7583
8593 8464 8496 7660
8560 8465 8549 7583
8531 8531 8548 7580
8482 8565 8551 7607
8542 8506 8550 7589
8527 8481 8609 7582
8518 8536 8550 7603
8533 8526 8531 7577
8536 8561 8523 7600
8532 8522 8558 7584
8461 8566 8574 7608
8522 8509 8578 7582
8526 8484 8574 7562
8489 8524 8641 7666
8467 8482 8653 7621
8498 8489 8651 7600
8471 8507 8655 7577
8455 8503 8748 7510
8380 8562 8864 7573
8396 8522 8781 7576
8426 8666 8713 7428
8462 8532 8701 7435
8453 8505 8802 7520
8424 8482 8808 7534
8427 8525 8713 7435
8485 8396 8747 7380
8519 8435 8668 7439
8524 8443 8658 7321
8484 8528 8648 7394
8417 8552 8736 7531
8457 8608 8646 7481
8457 8564 8637 7488
8470 8512 8671 7496
8430 8705 8678 7444
8425 8488 8826 7529
8463 8544 8654 7421
8489 8558 8611 7398
8493 8597 8576 7414
8508 8542 8604 7429
8499 8537 8617 7421
8545 8598 8565 7410
8454 8539 8663 7338
8461 8536 8663 7518
8437 8476 8784 7530
8488 8537 8644 7493
8325 8627 8674 7687
8374 8730 8651 7473
8401 8712 8682 7520
8266 8745 8649 7606
8285 8805 8551 7500
8264 8677 8708 7612
8342 8745 8639 7545
8361 8760 8656 7454
8385 8717 8665 7498
8268 8716 8673 7628
8370 8676 8733 7549
8334 8603 8814 7542
8411 8639 8694 7484
8223 8645 8733 7611
8231 8570 8758 7701
8192 8609 8784 7640
8265 8568 8759 7625
8296 8566 8753 7654
8270 8572 8757 7677
8223 8709 8702 7647
8195 8673 8727 7655
8242 8754 8602 7543
8267 8749 8622 7599
8257 8725 8663 7617
8241 8629 8674 7701
8247 8708 8631 7650
8219 8702 8629 7713
8255 8713 8590 7684
8335 8688 8649 7572
8226 8680 8725 7634
8185 8657 8739 7645
8182 8622 8747 7622
8171 8628 8689 7692
8330 8577 8725 7695
8315 8626 8711 7716
8161 8613 8666 7728
8212 8598 8659 7761
8227 8652 8609 7771
8276 8546 8667 7744
8344 8533 8699 7730
8269 8581 8679 7819
8296 8597 8612 7734
8235 8663 8636 7702
8294 8584 8756 7702
8241 8594 8717 7683
8231 8506 8789 7665
8318 8515 8819 7640
8225 8531 8780 7632
8337 8522 8720 7696
8345 8597 8687 7660
8307 8500 8714 7697
8332 8571 8688 7687
8333 8555 8697 7711
8254 8556 8738 7812
8276 8546 8715 7710
8327 8573 8751 7633
8332 8577 8714 7625
8411 8547 8722 7583
8358 8499 8879 7508
8428 8401 8842 7470
8397 8330 8875 7455
8396 8450 8891 7487
8390 8450 8830 7491
8347 8493 8902 7565
8369 8400 8894 7436
8327 8428 8912 7493
8358 8435 8910 7472
8365 8379 8924 7472
8368 8414 8916 7495
8308 8409 8948 7477
8339 8480 8915 7492
8354 8470 8896 7466
8387 8469 8843 7543
8375 8388 8895 7483
8360 8398 8914 7509
8333 8366 8912 7510
8330 8366 8938 7531
8359 8300 8939 7534
8352 8356 8925 7534
8321 8349 8927 7555
8357 8360 8888 7526
8387 8392 8864 7504
8394 8417 8859 7514
8433 8413 8831 7542
8440 8478 8807 7503
8395 8448 8797 7588
8384 8442 8820 7645
8350 8461 8833 7587
8367 8462 8828 7574
8314 8476 8854 7624
8314 8436 8860 7649
8348 8507 8801 7643
8339 8514 8758 7607
8331 8500 8776 7653
8384 8538 8734 7665
8368 8461 8783 7634
8353 8471 8802 7660
8381 8532 8800 7602
8442 8488 8746 7559
8389 8485 8813 7599
8439 8507 8749 7541
8404 8494 8773 7547
8412 8484 8767 7566
8393 8485 8772 7609
8386 8450 8821 7576
8390 8489 8786 7592
8362 8453 8811 7600
8386 8420 8848 7521
8386 8484 8817 7557
8400 8411 8835 7559
8396 8425 8822 7582
8375 8383 8867 7568
8432 8453 8821 7550
8418 8429 8794 7577
8411 8485 8780 7577
8443 8425 8763 7580
8465 8450 8695 7587
8460 8509 8650 7541
8454 8464 8728 7546
8461 8441 8782 7493
8465 8480 8747 7509
8458 8445 8796 7476
8422 8434 8835 7505
8413 8489 8776 7526
8400 8519 8781 7507
8420 8487 8770 7532
8442 8454 8761 7529
8479 8510 8722 7510
8462 8529 8647 7456
8439 8571 8607 7521
8455 8519 8654 7578
8418 8463 8693 7597
8445 8495 8695 7596
8421 8459 8679 7614
8393 8453 8760 7640
8406 8549 8721 7674
8367 8578 8676 7665
8231 8646 8670 7695
8246 8652 8602 7731
8294 8619 8632 7765
8248 8616 8660 7734
8248 8648 8633 7724
8266 8698 8615 7683
8304 8726 8537 7670
8275 8729 8563 7687
8371 8554 8710 7670
8323 8531 8739 7693
8316 8579 8694 7698
8324 8567 8634 7736
8356 8533 8611 7742
8341 8505 8660 7740
8374 8548 8621 7711
8369 8532 8599 7744
8333 8530 8567 7755
8360 8562 8569 7754
8348 8531 8625 7740
8368 8569 8609 7744
8292 8558 8647 7718
8327 8616 8660 7700
8217 8609 8662 7755
8344 8663 8543 7759
8316 8627 8568 7767
8344 8501 8646 7757
8291 8579 8643 7829
8302 8521 8651 7736
8287 8531 8670 7762
8355 8580 8629 7718
8280 8585 8680 7726
8312 8591 8719 7693
8291 8549 8764 7679
8309 8586 8726 7689
8424 8415 8704 7625
8420 8429 8691 7648
8424 8468 8656 7664
8393 8461 8658 7685
8410 8531 8650 7686
8385 8488 8648 7742
8396 8433 8649 7732
8427 8440 8647 7711
8377 8437 8708 7695
8341 8426 8747 7724
8345 8465 8712 7740
8338 8430 8761 7707
8317 8501 8697 7731
8313 8462 8732 7715
8359 8523 8680 7704
8375 8474 8670 7694
8379 8513 8635 7710
8383 8499 8648 7687
8368 8515 8682 7681
8353 8525 8701 7707
8382 8459 8702 7710
8380 8499 8769 7649
8391 8505 8744 7671
8351 8489 8718 7677
8397 8550 8666 7666
8378 8521 8720 7676
8346 8524 8704 7678
8302 8506 8767 7646
8305 8541 8759 7669
8326 8583 8714 7683
8383 8589 8663 7662
8354 8549 8690 7683
8385 8507 8766 7660
8367 8541 8726 7647
8362 8600 8681 7601
8338 8575 8700 7588
8371 8680 8706 7542
8365 8578 8746 7495
8348 8581 8752 7478
8343 8644 8731 7550
8348 8771 8584 7517
8407 8757 8604 7515
8425 8705 8638 7477
8431 8750 8560 7472
8374 8686 8637 7528
8361 8612 8688 7552
8332 8615 8714 7569
8353 8657 8669 7583
8343 8607 8682 7565
8355 8691 8613 7549
8359 8733 8540 7573
8339 8844 8464 7554
8372 8809 8474 7492
8350 8816 8465 7540
8385 8829 8419 7491
8368 8841 8438 7537
8354 8879 8355 7483
8347 8856 8400 7527
8379 8847 8384 7475
8382 8807 8449 7488
8365 8806 8446 7514
8356 8801 8459 7506
8376 8790 8401 7530
8410 8789 8431 7546
8422 8851 8349 7519
8425 8779 8412 7520
8379 8782 8433 7567
8375 8796 8420 7590
8315 8752 8569 7588
8304 8761 8559 7577
8362 8783 8549 7562
8368 8753 8492 7516
8388 8664 8579 7568
8331 8649 8684 7556
8338 8688 8623 7551
8440 8695 8619 7451
8420 8727 8630 7426
8420 8791 8599 7462
8377 8768 8558 7500
8379 8778 8582 7496
8416 8702 8663 7494
8417 8721 8654 7449
8446 8655 8655 7452
8437 8689 8643 7474
8436 8691 8605 7518
8374 8680 8680 7521
8330 8660 8707 7555
8323 8716 8693 7555
8296 8684 8691 7556
8300 8680 8614 7600
8327 8712 8616 7599
8296 8705 8618 7620
8332 8716 8579 7591
8335 8716 8553 7570
8314 8727 8580 7593
8342 8747 8588 7530
8350 8773 8582 7544
8328 8749 8590 7549
8300 8688 8592 7607
8331 8695 8590 7586
8295 8684 8629 7615
8316 8726 8584 7629
8235 8694 8571 7708
8223 8675 8574 7721
8244 8679 8576 7704
8295 8710 8613 7627
8307 8733 8574 7626
8286 8691 8619 7612
8278 8701 8625 7593
8270 8675 8631 7579
8292 8699 8623 7574
8353 8684 8617 7568
8317 8695 8574 7625
8295 8671 8582 7630
8303 8697 8576 7644
8284 8643 8580 7685
8281 8643 8606 7706
8283 8642 8586 7767
8249 8643 8556 7751
8270 8685 8511 7765
8252 8660 8538 7768
8301 8721 8460 7736
8248 8689 8530 7750
8276 8695 8532 7687
8337 8669 8523 7781
8322 8624 8567 7786
8310 8698 8349 7730
8306 8712 8336 7753
8285 8670 8381 7739
8364 8704 8498 7724
8368 8778 8445 7684
8360 8752 8451 7670
8385 8645 8557 7732
8398 8700 8487 7683
8392 8734 8449 7684
8377 8744 8468 7710
8347 8663 8517 7738
8295 8592 8565 7787
8341 8653 8513 7776
8337 8614 8548 7760
8328 8609 8561 7752
8332 8648 8526 7768
8347 8638 8507 7742
8362 8663 8448 7749
8369 8607 8462 7749
8396 8639 8464 7748
8350 8578 8516 7759
8382 8575 8532 7757
8355 8583 8524 7733
8347 8591 8538 7747
8390 8614 8579 7709
8369 8572 8624 7695
8359 8508 8671 7738
8367 8526 8661 7696
8380 8453 8666 7733
8388 8479 8660 7747
8383 8538 8615 7701
8347 8527 8654 7730
8377 8535 8621 7722
8423 8596 8569 7711
8392 8589 8571 7732
8393 8637 8543 7718
8424 8644 8541 7697
8378 8583 8593 7708
8369 8617 8581 7730
8342 8585 8579 7731
8388 8646 8527 7720
8417 8580 8528 7723
8441 8547 8565 7644
8449 8601 8528 7699
8480 8608 8526 7678
8310 8288 8813 7903
8306 8339 8714 7874
8326 8348 8710 7785
8433 8369 8727 7734
8283 8266 8753 7933
8298 8403 8744 7845
8304 8240 8914 7821
8349 8155 8819 7945
8289 8329 8748 7903
8278 8215 8926 7898
8308 8241 8836 7948
8265 8229 8947 7780
8351 8327 8765 7883
8274 8344 8743 7868
8314 8354 8815 7730
8255 8186 8842 7919
8354 8419 8815 7701
8382 8275 8798 7752
8326 8280 8862 7762
8341 8305 8834 7725
8371 8380 8852 7675
8273 8275 8900 7773
8262 8181 8930 7870
8308 8242 8878 7859
8248 8242 8828 7919
8247 8270 8938 7826
8420 8377 8741 7753
8072 8322 8914 7829
8262 8280 8857 7877
8219 8297 8939 7784
8250 8256 8928 7785
8359 8415 8669 7890
8340 8309 8885 7660
8245 8539 8766 7660
8236 8341 8975 7776
8254 7977 8901 7983
8420 8387 8723 7727
8355 8293 8799 7705
8237 8260 8758 7975
8356 8257 8648 8027
8411 8331 8733 7845
8233 8274 8745 7998
8325 8186 8681 8012
8360 8324 8672 7930
8251 8307 8805 7901
8293 8271 8901 7676
8246 8342 8738 7943
8247 8192 8985 7770
8301 8247 8790 7908
8312 8346 8871 7812
8285 8139 8793 8004
8289 8295 8780 7891
8244 8202 8807 8022
8268 8388 8702 7895
8336 8375 8763 7759
8339 8390 8781 7724
8360 8243 8661 8004
8304 8336 8633 7983
8270 8408 8576 8007
8203 8421 8528 7963
8401 8358 8777 7737
8428 8339 8736 7706
8382 8436 8711 7748
8431 8308 8754 7726
8425 8259 8791 7724
8424 8364 8740 7726
8315 8322 8609 7974
8371 8247 8629 8001
8189 8423 8530 7982
8391 8250 8659 7983
8368 8276 8758 7917
8329 8344 8796 7704
8328 8113 8864 7931
8285 8247 8823 7901
8409 8280 8690 7852
8359 8331 8702 7854
8367 8194 8842 7849
8482 8176 8786 7867
8390 8251 8744 7862
8395 8169 8711 7936
8171 8433 8529 8000
8294 8155 8814 7975
8348 8199 8738 7958
8174 8312 8767 7877
8299 8107 8780 7972
8271 8423 8694 7918
8310 8378 8679 7890
8103 8431 8774 7917
8250 8328 8751 7920
8083 8366 8784 7845
8133 8369 8723 7861
8430 8176 8755 7876
8253 8246 8791 7911
8229 8235 8780 7982
8433 8367 8604 7849
8416 8466 8535 7933
8498 8335 8493 7877
8448 8357 8585 7823
8297 8304 8845 7862
8475 8357 8494 7870
8462 8315 8752 7705
8246 8308 8768 7876
8295 8362 8772 7851
8267 8332 8777 7830
8442 8275 8795 7614
8272 8411 8812 7736
8242 8471 8773 7716
8307 8544 8718 7660
8282 8508 8752 7709
8306 8515 8722 7717
8347 8475 8801 7701
8287 8380 8818 7693
8321 8330 8836 7698
8346 8253 8861 7672
8370 8287 8810 7722
8409 8269 8805 7668
8418 8315 8777 7724
8336 8326 8838 7709
8368 8246 8819 7679
8375 8198 8864 7674
8397 8233 8822 7827
8432 8259 8807 7604
8427 8232 8835 7669
8439 8211 8852 7599
8473 8282 8793 7593
8482 8322 8829 7583
8404 8260 8814 7599
8435 8331 8781 7614
8483 8335 8773 7610
8479 8287 8837 7560
8439 8252 8853 7559
8424 8296 8907 7592
8443 8241 8880 7561
8396 8332 8892 7583
8399 8250 8840 7594
8398 8195 8903 7627
8365 8243 8868 7636
8323 8227 8900 7631
8395 8275 8844 7614
8410 8278 8811 7637
8381 8442 8846 7666
8320 8260 8933 7668
8300 8289 8887 7672
8281 8263 8926 7764
8285 8314 8869 7813
8326 8315 8853 7751
8319 8272 8898 7685
8277 8322 8883 7827
8193 8387 8831 7729
8213 8380 8883 7700
8164 8375 8875 7703
8251 8369 8857 7722
8208 8320 8888 7777
8258 8250 8959 7766
8262 8289 8924 7782
8233 8356 8915 7764
8257 8243 8928 7775
8279 8215 8973 7811
8264 8267 8935 7723
8367 8382 8761 7738
8320 8349 8815 7752
8377 8309 8785 7691
8477 8305 8733 7679
8471 8320 8739 7713
8440 8249 8772 7698
8457 8263 8771 7742
8436 8304 8755 7677
8418 8267 8793 7667
8433 8305 8758 7698
8387 8308 8779 7745
8389 8306 8774 7738
8420 8313 8772 7717
8458 8328 8753 7732
8427 8257 8786 7717
8430 8292 8778 7740
8416 8348 8758 7711
8382 8372 8742 7712
8336 8311 8794 7723
8375 8422 8717 7712
8360 8432 8736 7738
8370 8397 8779 7703
8329 8374 8793 7714
8320 8299 8827 7829
8338 8310 8803 7711
8351 8204 8831 7737
8431 8214 8772 7838
8448 8270 8750 7766
8465 8250 8715 7822
8504 8228 8773 7772
8460 8246 8752 7830
8378 8146 8883 7852
8342 8233 8817 7857
8374 8191 8860 7738
8401 8242 8754 7873
8358 8202 8801 7846
8387 8253 8785 7841
8358 8266 8770 7882
8367 8239 8815 7743
8365 8246 8801 7759
8327 8269 8798 7770
8393 8263 8760 7859
8289 8258 8817 7880
8396 8217 8782 7861
8415 8181 8833 7791
8400 8143 8805 7823
8423 8104 8824 7846
8429 8126 8770 7903
8455 8167 8851 7804
8411 8267 8764 7809
8388 8236 8797 7863
8373 8172 8821 7894
8356 8179 8826 7893
8327 8195 8803 7867
8221 8284 8800 7957
8261 8222 8842 7888
8244 8252 8974 7911
8327 8220 8798 7931
8339 8307 8698 7912
8339 8338 8661 7951
8349 8158 8747 7954
8356 8193 8679 7991
8331 8270 8660 7964
8426 8204 8696 7915
8284 8199 8781 7970
8382 8275 8640 7954
8391 8209 8783 7904
8502 8081 8786 7818
8437 8294 8648 7897
8487 8216 8646 7784
8541 8266 8624 7803
8559 8206 8658 7766
8559 8187 8693 7829
8465 8186 8746 7786
8422 8274 8671 7785
8476 8209 8666 7774
8447 8275 8665 7771
8418 8276 8768 7799
8475 8216 8669 7884
8377 8211 8786 7910
8420 8065 8802 7922
8380 8093 8823 7857
8379 8093 8868 7899
8374 7996 8937 7915
8367 8055 8842 7972
8416 8232 8735 7847
8399 8217 8756 7840
8407 8178 8756 7856
8426 8091 8778 7880
8460 8162 8719 7874
8433 8197 8753 7901
8458 8218 8693 7886
8351 8257 8725 7958
8302 8108 8776 8014
8264 8292 8760 7974
8324 8308 8694 7930
8300 8297 8668 7967
8371 8269 8673 7920
8398 8301 8675 7919
8335 8290 8725 7901
8386 8263 8599 7974
8391 8254 8699 7906
8359 8240 8568 8009
8315 8281 8634 7973
8386 8272 8570 8008
8342 8313 8636 7972
8309 8374 8706 7897
8402 8113 8725 7936
8351 8258 8695 7951
8272 8427 8667 7911
8364 8162 8713 7957
8329 8225 8646 8028
8377 8185 8668 7952
8360 8232 8644 8007
8369 8159 8674 7938
8376 8103 8688 7938
8342 8265 8699 7935
8397 8095 8663 7953
8360 8179 8692 7968
8382 8078 8730 7940
8288 8332 8751 7883
8353 8229 8667 7968
8435 8119 8752 7932
8289 8336 8724 7876
8403 8232 8606 7984
8440 8098 8699 7912
8449 8293 8554 7973
8327 8266 8695 7953
8460 8238 8555 7963
8389 8058 8804 7943
8324 8225 8723 7959
8491 8245 8553 7942
8380 8018 8803 7980
8497 8230 8547 7908
8482 8240 8566 7934
8432 8237 8627 7918
8381 8175 8707 7906
8332 8383 8667 7891
8426 8252 8633 7952
8384 8210 8699 7929
8395 8181 8666 7937
8395 8245 8635 7973
8391 8474 8574 7870
8335 8091 8854 7992
8345 8192 8761 7938
8319 8526 8623 7770
8361 8233 8685 7940
8362 8231 8686 7944
8433 8510 8526 7768
8382 8227 8703 7917
8358 8245 8673 7967
8395 8197 8698 7936
8364 8230 8667 7933
8378 8483 8566 7801
8383 8268 8636 7931
8276 8489 8661 7832
8465 8232 8680 7874
8441 8194 8677 7889
8456 8219 8618 7896
8344 8007 8842 8009
8473 8208 8674 7860
8297 8026 8894 7985
8455 8280 8608 7896
8510 8256 8595 7847
8341 8657 8611 7680
8429 8221 8719 7903
8470 8270 8589 7870
8279 8655 8631 7703
8444 8238 8662 7897
8341 7973 8860 7931
8274 8618 8628 7716
8403 8223 8707 7903
8421 8260 8669 7913
8233 8591 8692 7773
8432 8185 8660 7932
8332 8056 8862 7969
8346 8603 8518 7748
8453 8227 8615 7946
8435 8261 8575 7933
8389 8265 8560 7941
8432 8288 8601 7903
8307 8050 8874 7954
8414 8669 8562 7671
8426 8322 8563 7904
8318 8030 8934 7913
8398 8256 8601 7942
8387 8279 8555 7944
8391 8576 8640 7629
8452 8272 8475 7934
8452 8231 8452 7971
8273 8677 8592 7660
8481 8228 8426 7954
8463 8191 8464 7944
8446 8202 8408 7980
8419 8212 8412 7998
8394 8201 8426 8018
8387 8166 8475 7985
8390 8201 8467 8008
8359 8194 8469 8029
8400 8228 8452 7985
8271 8542 8704 7752
8422 8253 8384 7992
8248 8581 8673 7747
8450 8219 8410 7977
8404 8158 8462 7988
8401 8158 8488 8009
8326 8558 8579 7788
8398 8123 8496 7986
8288 8118 8781 7984
8435 8134 8497 7974
8233 8048 8837 8007
8252 8544 8606 7794
8426 8075 8497 7978
8486 8080 8465 7996
8253 8047 8854 8046
8458 8050 8470 7975
8150 8431 8701 7773
8492 8121 8411 7969
8273 8465 8675 7781
8461 8114 8413 7990
8488 8146 8415 7989
8467 8104 8460 7975
8362 8512 8641 7794
8498 8111 8458 7954
8509 8105 8516 7884
8258 8423 8735 7801
8526 8199 8502 7903
8273 8113 8859 7961
8221 8424 8731 7806
8494 8302 8534 7920
8224 8352 8794 7807
8544 8224 8475 7900
8204 8359 8786 7770
8547 8187 8521 7846
8222 8396 8748 7780
8565 8177 8479 7858
8206 8358 8774 7755
8581 8238 8521 7797
8360 8009 8856 7970
8192 8352 8859 7811
8556 8317 8543 7836
8192 8360 8777 7761
8586 8239 8569 7769
8372 8044 8827 7946
8534 8254 8654 7776
8533 8276 8630 7784
8168 8383 8777 7753
8566 8150 8672 7766
8152 8358 8860 7724
8242 8344 8911 7686
8507 8125 8775 7819
8529 8196 8802 7764
8389 7980 8758 7985
8385 7941 8793 7969
8522 8361 8619 7767
8366 8037 8811 8008
8159 8405 8899 7687
8380 8072 8721 7996
8106 8388 8902 7636
8548 8248 8582 7741
8346 8073 8691 7980
8154 8456 8863 7668
8572 8269 8626 7710
8377 8080 8689 7959
8120 8457 8833 7652
8552 8223 8578 7721
8347 8048 8769 7987
8141 8499 8788 7666
8568 8230 8661 7694
8113 8433 8826 7704
8096 8436 8832 7687
8378 8197 8748 7931
8062 8365 8891 7693
8106 8412 8884 7767
8533 8233 8671 7717
8094 8379 8886 7750
8121 8411 8888 7749
8410 8050 8779 7958
8082 8348 8935 7748
8424 8075 8762 7956
8062 8360 8900 7761
8382 8013 8730 7968
8155 8296 8898 7830
8250 8239 8963 7873
8510 8126 8771 7861
8286 8250 8924 7844
8186 8303 8896 7809
8173 8236 8991 7795
8158 8353 8829 7795
8541 8263 8593 7826
8189 8360 8827 7774
8271 8101 8778 8035
8268 8037 8835 8020
8564 8253 8509 7788
8176 8306 8897 7782
8367 8023 8850 8006
8258 8051 8817 8038
8261 8051 8791 8017
8307 8112 8739 8006
8310 8071 8808 8006
8247 8204 8971 7850
8220 8260 8937 7853
8237 8058 8784 8026
8293 8114 8779 7983
8564 8259 8518 7784
8143 8320 8912 7777
8540 8243 8507 7846
8284 8148 8821 7958
8142 8316 8939 7784
8585 8263 8488 7729
8607 8287 8480 7724
8599 8261 8486 7710
8193 8148 8825 8053
8635 8240 8449 7719
8125 8353 8906 7777
8620 8213 8523 7755
8266 8169 8845 7961
8146 8395 8861 7791
8608 8255 8569 7714
8111 8346 8888 7790
8249 8142 8801 7978
8642 8262 8541 7672
8661 8351 8483 7657
8143 8357 8910 7678
8608 8191 8600 7678
8294 8257 8729 7941
8115 8352 8948 7656
8316 8293 8696 7917
8156 8315 8976 7632
8611 8255 8543 7693
8139 8251 9002 7626
8598 8261 8586 7682
8233 8219 8764 8074
8195 8262 8989 7829
8603 8265 8549 7674
8307 8306 8703 7952
8603 8201 8580 7638
8238 8255 8973 7636
8271 8267 8717 7952
8595 8226 8594 7659
8230 8209 8795 8001
8249 8200 8974 7626
8599 8265 8559 7675
8215 8219 8814 8027
8258 8266 8936 7612
8186 8222 8840 8044
8248 8346 8925 7637
8184 8148 8847 8012
8564 8272 8548 7719
8558 8333 8465 7717
8210 8221 8760 8014
8186 8380 8886 7610
8202 8153 8812 8061
8537 8314 8545 7711
8253 8350 8888 7629
8198 8162 8784 8082
8526 8281 8626 7722
8183 8172 8803 8108
8536 8413 8584 7718
8149 8101 8862 8114
8153 8140 8827 8130
8331 8343 8873 7682
8567 8420 8582 7697
8159 8125 8821 8096
8530 8337 8637 7712
8193 8196 8762 8090
8162 8189 8764 8111
8183 8183 8782 8088
8567 8304 8612 7711
8162 8141 8827 8074
8200 8092 8839 8053
8216 8240 8977 7754
8530 8273 8668 7676
8227 8124 8841 8052
8190 8068 8880 8071
8183 8124 8866 8071
8198 8114 8847 8045
8156 8092 8864 8072
8153 8092 8890 8093
8125 8056 8915 8101
8152 8088 8917 8100
8122 8047 8905 8157
8143 8089 8860 8171
8108 8040 8887 8170
8543 8194 8589 7786
8136 8101 8885 8112
8589 8255 8537 7775
8115 8059 8930 8098
8554 8206 8564 7774
8143 8125 8892 8060
8575 8248 8519 7788
8109 8126 8862 8044
8128 8237 8999 7638
8098 8149 8816 8046
8131 8272 8991 7661
8143 8189 8798 8056
8135 8250 8997 7647
8551 8168 8498 7865
8552 8172 8534 7855
8237 8319 8692 7969
8226 8307 8717 7981
8524 8239 8631 7812
8166 8315 8657 8001
8546 8264 8563 7819
8236 8279 8692 8019
8201 8361 8898 7673
8525 8116 8752 7835
8241 8297 8698 7955
8243 8313 8897 7642
8564 8128 8630 7793
8563 8202 8581 7810
8574 8196 8639 7740
8225 8229 8807 7973
8216 8284 8748 7994
8503 8205 8640 7785
8263 8336 8906 7611
8523 8191 8784 7765
8255 8291 8772 7915
8527 8241 8656 7767
8531 8219 8662 7753
8224 8284 8774 7936
8251 8252 8907 7900
8500 8203 8615 7830
8493 8259 8601 7830
8252 8251 8938 7725
8288 8265 8881 7747
8487 8199 8644 7795
8485 8201 8649 7802
8492 8195 8643 7801
8298 8206 8788 7957
8488 8209 8630 7824
8545 8215 8579 7803
8517 8209 8577 7866
8553 8220 8538 7837
8511 8155 8513 7892
8513 8153 8508 7885
8331 8220 8797 7936
8308 8178 8909 7823
8541 8189 8483 7877
8352 8168 8823 7903
8293 8188 8928 7849
8360 8129 8789 7913
8259 8117 8987 7855
8532 8305 8545 7873
8310 8126 8850 7897
8252 8165 8942 7860
8559 8248 8464 7881
8258 8150 8936 7826
8534 8236 8433 7911
8517 8239 8439 7894
8331 8239 8759 7927
8193 8134 8997 7860
8574 8238 8445 7855
8568 8253 8451 7889
8530 8238 8470 7874
8220 8216 8958 7929
8515 8248 8489 7900
8255 8224 8839 7897
8501 8298 8547 7894
8286 8324 8757 7904
8258 8288 8782 7912
8506 8434 8529 7847
8270 8272 8843 7863
8336 8211 8789 7886
8456 8319 8525 7872
8367 8218 8787 7865
8280 8262 8848 7836
8446 8417 8544 7908
8333 8147 8846 7871
8450 8403 8557 7885
8337 8195 8782 7921
8299 8131 8813 7949
8271 8238 8905 7861
8475 8427 8531 7868
8339 8217 8776 7953
8501 8459 8514 7801
8304 8127 8782 7970
8265 8272 8867 7862
8491 8354 8621 7788
8278 8142 8840 7972
8226 8142 8809 7981
8272 8203 8757 7970
8438 8390 8592 7837
8510 8464 8501 7809
8319 8248 8743 7971
8259 8227 8938 7824
8472 8525 8465 7777
8267 8248 8712 7980
8259 8236 8909 7858
8552 8453 8524 7734
8264 8248 8738 8001
8240 8223 8757 7988
8243 8264 8729 7982
8243 8223 8706 8019
8205 8272 8694 8040
8181 8155 8997 7895
8516 8416 8660 7626
8241 8283 8655 8011
8179 8157 9002 7902
8195 8222 8707 8022
8177 8126 9008 7866
8247 8222 8738 8013
8225 8201 8982 7899
8264 8283 8662 7990
8223 8260 8911 7832
8569 8489 8468 7714
8286 8264 8748 7938
8594 8456 8572 7658
8238 8314 8861 7842
8227 8337 8815 7844
8594 8517 8425 7618
8181 8276 8867 7855
8595 8351 8681 7503
8212 8283 8865 7834
8597 8400 8610 7555
8191 8291 8890 7819
8648 8436 8576 7512
8656 8456 8429 7524
8400 8273 8706 7879
8644 8519 8455 7479
8194 8276 8950 7831
8390 8338 8700 7833
8191 8276 8976 7852
8562 8483 8571 7563
8356 8267 8759 7839
8223 8271 8941 7819
8320 8256 8798 7868
8324 8295 8763 7884
8320 8309 8750 7907
8318 8238 8807 7904
8266 8285 8923 7823
8352 8309 8748 7898
8284 8280 8879 7765
8332 8259 8774 7822
8293 8246 8891 7743
8614 8365 8635 7518
8392 8264 8742 7840
8295 8244 8886 7736
8414 8288 8734 7835
8635 8455 8483 7435
8348 8298 8772 7851
8375 8376 8775 7719
8667 8300 8617 7460
8376 8304 8758 7851
8335 8339 8796 7726
8686 8386 8553 7466
8396 8319 8747 7827
8636 8264 8668 7489
8340 8373 8854 7696
8636 8336 8646 7534
8396 8191 8816 7832
8337 8363 8885 7623
8402 8245 8775 7761
8368 8434 8852 7638
8411 8190 8834 7740
8383 8424 8833 7612
8613 8439 8586 7535
8429 8227 8796 7750
8398 8449 8774 7619
8405 8393 8788 7619
8415 8247 8803 7737
8423 8387 8859 7564
8406 8302 8744 7758
8427 8498 8765 7585
8388 8265 8782 7748
8458 8343 8817 7580
8655 8363 8570 7508
8688 8387 8473 7618
8427 8279 8842 7576
8680 8370 8446 7668
8510 8167 8856 7774
8719 8370 8401 7600
8383 8236 8912 7543
8458 8214 8781 7731
8365 8261 8925 7568
8679 8186 8396 7736
8411 8142 8868 7775
8702 8189 8450 7727
8432 8297 8834 7511
8697 8261 8375 7711
8444 8420 8798 7530
8697 8190 8434 7642
8406 8390 8865 7547
8392 8236 8756 7873
8354 8299 8899 7551
8385 8370 8866 7566
8351 8299 8925 7572
8351 8363 8894 7608
8717 8145 8476 7673
8386 8239 8764 7897
8354 8363 8868 7587
8345 8397 8856 7609
8374 8331 8857 7612
8324 8204 8808 7894
8405 8338 8855 7591
8342 8241 8770 7904
8420 8328 8836 7565
8427 8272 8850 7565
8657 8140 8508 7655
8383 8348 8868 7588
8375 8137 8793 7878
8356 8316 8866 7589
8375 8201 8762 7914
8351 8165 8746 7932
8372 8296 8876 7601
8393 8187 8729 7905
8393 8225 8940 7577
8427 8258 8670 7899
8448 8187 8734 7875
8384 8280 8881 7598
8380 8294 8868 7621
8371 8136 8782 7913
8389 8260 8880 7599
8411 8173 8761 7906
8338 8190 8935 7609
8380 8102 8794 7891
8707 8192 8398 7673
8384 8141 8759 7907
8395 8160 8911 7604
8374 8231 8847 7628
8664 8237 8423 7702
8479 8119 8773 7882
8364 8189 8916 7634
8457 8128 8764 7872
8343 8195 8898 7657
8404 8080 8792 7864
8333 8118 8949 7619
8435 8087 8790 7843
8460 8097 8866 7774
8360 8150 8951 7618
8656 8203 8490 7799
8394 8221 8892 7612
8334 8216 8924 7594
8338 8255 8889 7610
8300 8195 8943 7596
8461 8145 8807 7791
8331 8216 8904 7635
8327 8177 8939 7619
8360 8176 8886 7696
8323 8120 8923 7632
8483 8135 8854 7775
8354 8191 8890 7647
8633 8269 8421 7814
8470 8157 8832 7778
8413 8139 8894 7808
8629 8171 8488 7800
8454 8190 8770 7779
8378 8082 8914 7816
8407 8150 8872 7663
8486 8156 8747 7785
8478 8117 8824 7781
8379 8212 8840 7686
8661 8179 8473 7671
8403 8186 8852 7735
8396 8242 8838 7735
8525 8157 8837 7748
8421 8181 8808 7677
8434 8112 8880 7633
8618 8154 8677 7737
8465 8183 8847 7648
8427 8168 8866 7633
8384 8162 8859 7645
8698 8150 8485 7711
8531 8093 8773 7762
8415 8169 8857 7624
8552 8138 8737 7698
8422 8113 8871 7624
8545 8103 8786 7665
8436 8077 8951 7781
8549 8151 8722 7715
8412 8113 8895 7782
8452 8101 8898 7662
8678 8108 8544 7708
8474 8046 8864 7638
8704 8169 8450 7614
8478 8010 8884 7566
8662 8173 8492 7580
8553 8073 8766 7815
8527 8032 8843 7685
8683 8160 8504 7737
8475 7975 8892 7543
8651 8331 8512 7637
8491 8091 8862 7750
8466 7977 8886 7549
8449 8064 8913 7781
8628 8265 8458 7822
8457 7924 8904 7519
8545 8069 8805 7695
8488 7995 8871 7534
8459 7955 8898 7555
8476 8019 8872 7561
8460 8020 8895 7735
8672 8242 8382 7736
8504 8072 8869 7478
8484 8104 8880 7453
8663 8262 8345 7695
8538 8118 8778 7736
8464 8039 8890 7381
8547 8184 8740 7722
8549 8073 8864 7454
8683 8359 8440 7629
8486 8033 8877 7407
8498 8032 8886 7416
8617 8316 8374 7689
8606 8237 8761 7533
8595 8340 8319 7731
8583 8181 8787 7417
8613 8020 8784 7445
8599 8376 8410 7710
8645 8160 8736 7461
8424 8096 8884 7789
8597 8316 8422 7758
8428 8135 8849 7805
8582 7949 8817 7430
8585 7984 8809 7453
8568 8382 8421 7755
8584 8479 8481 7688
8583 8144 8805 7448
8515 8107 8850 7730
8568 8105 8778 7459
8515 8171 8819 7766
8549 8034 8801 7799
8470 8100 8879 7749
8449 8171 8815 7773
8586 8172 8780 7447
8603 8508 8427 7678
8415 8100 8874 7779
8398 8111 8818 7815
8590 8057 8779 7468
8518 8522 8444 7730
8603 8100 8727 7727
8528 8555 8418 7656
8640 8151 8763 7412
8347 8075 8916 7837
8381 8146 8857 7831
8649 8162 8733 7427
8412 8153 8855 7810
8500 8445 8642 7715
8369 8092 8901 7734
8617 8210 8745 7456
8389 8157 8891 7806
8628 8370 8415 7677
8379 8090 8926 7774
8413 8161 8867 7768
8382 8090 8900 7753
8420 8105 8881 7768
8433 8042 8959 7758
8393 8007 8975 7757
8398 7970 8983 7760
8528 8597 8368 7680
8385 8000 8988 7741
8439 8053 8922 7716
8386 8048 8960 7727
8388 8046 8955 7720
8406 8083 8917 7730
8560 8224 8794 7406
8457 8581 8395 7767
8361 8018 8918 7806
8300 8033 8924 7812
8609 8208 8768 7325
8474 8452 8556 7831
8306 8052 8953 7794
8617 8246 8696 7454
8271 8003 8980 7793
8292 8045 8935 7807
8633 8199 8718 7417
8266 7966 8970 7837
8503 8642 8343 7756
8270 8005 8935 7853
8423 8638 8336 7817
8283 7981 8961 7912
8490 8504 8535 7802
8320 8037 8922 7893
8371 8491 8291 7966
8324 8015 8928 7879
8369 8488 8542 7802
8314 7991 8969 7897
8591 8272 8753 7532
8371 7961 8945 7892
8405 8032 8886 7886
8345 8027 8918 7868
8349 8066 8883 7884
8610 8276 8726 7549
8307 8050 8915 7879
8585 8308 8697 7557
8307 8114 8884 7915
8300 8119 8885 7924
8282 8146 8855 7923
8303 8090 8908 7911
8286 8121 8851 7903
8272 8083 8910 7932
8412 8528 8303 7827
8252 8114 8879 7945
8569 8171 8771 7484
8374 8508 8272 7857
8547 8118 8809 7421
8400 8537 8549 7794
8401 8613 8404 7810
8300 8055 8916 7888
8303 8119 8859 7903
8334 8126 8857 7882
8335 8052 8906 7865
8545 8318 8805 7439
8339 8091 8871 7881
8352 8061 8866 7900
8348 8022 8901 7884
8384 8033 8862 7855
8388 8072 8827 7871
8375 8014 8840 7988
8368 8005 8862 7930
8389 7994 8835 7907
8560 8228 8778 7386
8519 8484 8487 7798
8425 8040 8760 7932
8556 8345 8719 7480
8383 8018 8777 7959
8414 8025 8775 7938
8380 7954 8834 7944
8563 8318 8710 7514
8578 8356 8700 7384
8585 8313 8702 7341
8401 8523 8576 7744
8390 8004 8821 7962
8617 8320 8665 7411
8361 8076 8810 7921
8346 8086 8829 7947
8299 8024 8889 7978
8593 8361 8645 7539
8336 7952 8883 7991
8567 8387 8666 7494
8332 7966 8870 8014
8559 8348 8711 7479
8506 8324 8767 7516
8529 8325 8769 7359
8282 8035 8833 8014
8561 8402 8655 7369
8330 8095 8856 7993
8343 8087 8842 7974
8295 8027 8819 7995
8322 8059 8821 7994
8291 8052 8823 8015
8280 8075 8777 8017
8287 8019 8791 8017
8284 8019 8817 8038
8581 8307 8710 7567
8238 7958 8869 8049
8269 7965 8867 8028
8317 7957 8943 7978
8490 8341 8763 7352
8266 7964 8871 7986
8562 8383 8703 7502
8419 8446 8594 7777
8519 8302 8726 7592
8391 8471 8587 7808
8317 7893 8974 7942
8529 8316 8735 7501
8387 8513 8515 7799
8351 7964 8915 7936
8299 7904 8975 7944
8290 7959 8916 7965
8378 8427 8586 7902
8319 7893 8917 7968
8408 8456 8551 7860
8316 7893 8943 7989
8320 7879 8956 7966
8322 7897 8923 7948
8567 8228 8773 7304
8340 7861 8925 7924
8552 8238 8792 7330
8395 8424 8580 7919
8377 7917 8886 7905
8521 8167 8825 7315
8421 7882 8900 7916
8581 8172 8793 7333
8455 7918 8817 7897
8318 8452 8641 7914
8442 7876 8918 7893
8427 7932 8848 7883
8630 8157 8762 7305
8614 8212 8731 7317
8667 8214 8690 7392
8442 7924 8855 7930
8411 8414 8552 7883
8390 7924 8824 7939
8662 8210 8727 7400
8405 8479 8555 7812
8427 7980 8785 7920
8646 8120 8775 7293
8400 8430 8652 7821
8396 7973 8787 7941
8624 8130 8779 7278
8424 8034 8785 7883
8639 8102 8789 7297
8503 8483 8489 7800
8435 7959 8776 7902
8440 7976 8814 7887
8429 8051 8823 7868
8392 7995 8862 7887
8645 8086 8773 7333
8401 8061 8824 7873
8380 8069 8849 7858
8637 8094 8790 7339
8383 8110 8821 7852
8614 8089 8769 7446
8436 8096 8810 7827
8561 8023 8830 7418
8390 8035 8862 7838
8596 8166 8776 7401
8570 8098 8819 7436
8396 8072 8822 7847
8420 8108 8838 7829
8281 8541 8580 7777
8385 8059 8865 7828
8402 8064 8836 7834
8429 8096 8838 7833
8411 8573 8563 7762
8433 8074 8844 7819
8437 8113 8809 7835
8444 8057 8823 7835
8454 8586 8494 7758
8452 8054 8802 7852
8479 8086 8804 7851
8534 8044 8820 7825
8503 8058 8804 7814
8677 8200 8708 7374
8484 8056 8813 7821
8742 8099 8699 7413
8453 7985 8846 7806
8703 8165 8678 7298
8696 8147 8724 7289
8509 8024 8842 7813
8531 8048 8834 7808
8727 8203 8647 7390
8366 8600 8342 7830
8534 8048 8808 7787
8680 8157 8726 7438
8507 8012 8818 7826
8674 8112 8734 7267
8673 8173 8730 7291
8667 8126 8766 7317
8685 8037 8725 7286
8541 8037 8822 7782
8707 8140 8712 7442
8545 8076 8787 7798
8507 8061 8806 7783
8635 8129 8765 7282
8599 8086 8795 7290
8539 8137 8719 7753
8699 8126 8713 7282
8524 8147 8738 7779
8703 8179 8671 7436
8493 8140 8740 7800
8485 8148 8754 7814
8464 8106 8799 7800
8495 8113 8797 7779
8502 8057 8811 7779
8548 8118 8759 7768
8520 8082 8784 7776
8541 8124 8739 7790
8639 8168 8730 7298
8549 8116 8725 7776
8585 8127 8686 7747
8581 8088 8721 7731
8643 8141 8754 7313
8566 8098 8740 7757
8563 8063 8748 7734
8572 8029 8760 7712
8638 8091 8791 7266
8572 8093 8729 7748
8585 8104 8710 7788
8568 8107 8716 7771
8720 8158 8663 7420
8616 8111 8708 7767
8672 8130 8729 7309
8575 8057 8739 7734
8571 8071 8726 7757
8650 8026 8767 7289
8587 7983 8752 7763
8642 8021 8808 7255
8596 8049 8714 7749
8642 8085 8777 7291
8633 8055 8825 7323
8567 7918 8762 7691
8645 8056 8800 7278
8617 7921 8701 7707
8626 8024 8850 7220
8654 7977 8662 7688
8630 8063 8815 7236
8627 7954 8631 7723
8602 8057 8813 7299
8618 7988 8619 7745
8623 8099 8768 7313
8609 7962 8603 7798
8601 8076 8580 7813
8606 8023 8823 7324
8578 7955 8605 7819
8641 8014 8608 7795
8629 7940 8609 7736
8632 8083 8578 7792
8672 8066 8760 7273
8599 7997 8560 7833
8613 7980 8536 7837
8563 7852 8539 7853
8521 7956 8606 7876
8499 7935 8630 7915
8327 8418 8653 7892
8491 7940 8614 7880
8718 8213 8634 7308
8473 7920 8649 7921
8680 8198 8653 7293
8273 8381 8701 7897
8444 7986 8648 7918
8680 8262 8622 7329
8277 8420 8666 7913
8480 8003 8658 7914
8693 8238 8648 7388
8327 8376 8692 7924
8714 8230 8623 7403
8276 8415 8665 7940
8485 7955 8620 7914
8687 8207 8592 7438
8453 7968 8664 7910
8718 8214 8590 7417
8474 8010 8619 7924
8669 8181 8670 7512
8685 8159 8696 7473
8449 7982 8651 7933
8296 8305 8725 7909
8437 7949 8653 7916
8291 8379 8693 7937
8483 8010 8601 7905
8245 8344 8698 7925
8494 7955 8602 7895
8238 8400 8684 7925
8506 7988 8600 7912
8631 8149 8695 7476
8242 8439 8649 7941
8460 7927 8652 7923
8449 7932 8691 7899
8211 8432 8651 7962
8633 8184 8726 7433
8238 8464 8653 7961
8633 8229 8676 7466
8256 8428 8655 7937
8253 8428 8681 7958
8545 7963 8575 7874
8253 8364 8712 7922
8543 7981 8538 7883
8246 8360 8716 7876
8280 8431 8657 7870
8536 7946 8587 7850
8284 8417 8670 7847
8561 7930 8561 7838
8279 8476 8625 7801
8657 8217 8635 7415
8652 8213 8672 7423
8285 8527 8593 7754
8648 8174 8707 7407
8273 8586 8561 7808
8573 7883 8576 7836
8644 8190 8728 7428
8539 7812 8635 7842
8292 8565 8523 7791
8246 8504 8575 7802
8555 7939 8532 7847
8243 8504 8601 7823
8207 8502 8569 7834
8253 8563 8517 7823
8258 8504 8525 7874
8575 8059 8520 7888
8213 8513 8519 7854
8275 8501 8519 7891
8536 7947 8586 7830
8232 8542 8465 7844
8304 8478 8529 7873
8357 8498 8558 7871
8626 7898 8629 7800
8189 8473 8549 7892
8580 7837 8681 7811
8176 8503 8554 7873
8573 7893 8667 7811
8560 8201 8786 7517
8167 8505 8564 7875
8575 7891 8662 7804
8594 8164 8766 7433
8204 8509 8547 7887
8555 8101 8813 7432
8127 8565 8496 7834
8168 8545 8508 7879
8172 8531 8521 7856
8203 8538 8519 7835
8544 8099 8808 7515
8216 8508 8514 7854
8551 7984 8535 7842
8252 8519 8475 7825
8533 7964 8566 7865
8261 8523 8457 7862
8307 8584 8405 7851
8490 7949 8608 7897
8279 8523 8407 7909
8275 8537 8394 7932
8238 8491 8450 7965
8269 8492 8472 7937
8512 7974 8540 7904
8501 7997 8494 7906
8515 7997 8467 7908
8548 8027 8518 7889
8609 8087 8470 7860
8328 8472 8456 7890
8600 7936 8486 7856
8550 7933 8547 7840
8581 8004 8514 7855
8401 8448 8423 7949
8265 8433 8364 7970
8528 7999 8552 7866
8529 7925 8601 7849
8591 8283 8701 7539
8287 8422 8441 8048
8287 8458 8296 7977
8579 8034 8516 7868
8227 8433 8436 8030
8259 8494 8281 7968
8563 8026 8522 7871
8262 8494 8255 7947
8567 8016 8562 7837
8298 8505 8216 7918
8594 8033 8520 7850
8610 8341 8662 7477
8300 8504 8291 7908
8609 8023 8501 7824
8310 8475 8374 7937
8328 8468 8306 7917
8602 8073 8476 7824
8587 8083 8495 7850
8554 8300 8675 7571
8352 8517 8287 7887
8566 8041 8540 7836
8447 8481 8494 7840
8597 8048 8538 7815
8343 8514 8393 7898
8563 7977 8597 7821
8284 8483 8450 7890
8578 8292 8731 7348
8327 8540 8287 7861
8586 7948 8534 7838
8308 8535 8418 7858
8617 7966 8549 7814
8620 8288 8689 7382
8645 8053 8573 7811
8618 8214 8696 7350
8627 8288 8668 7504
8356 8548 8237 7845
8694 8093 8433 7744
8701 8019 8576 7813
8375 8511 8248 7832
8642 8350 8638 7468
8437 8473 8298 7911
8691 8084 8570 7767
8420 8372 8308 7947
8611 8169 8511 7807
8580 8162 8513 7828
8620 8156 8745 7493
8382 8389 8347 7955
8402 8368 8317 7938
8618 8188 8509 7784
8620 8254 8656 7581
8593 8145 8548 7793
8603 8198 8528 7810
8563 8205 8512 7809
8417 8323 8372 7969
8574 8238 8478 7806
8587 8208 8473 7825
8411 8373 8304 7946
8633 8205 8452 7778
8640 8338 8629 7501
8618 8215 8471 7804
8361 8326 8343 7980
8584 8144 8530 7810
8588 8183 8495 7826
8368 8400 8339 7973
8548 8133 8569 7839
8582 8204 8510 7833
8396 8336 8292 7965
8423 8368 8294 7964
8432 8313 8353 7943
8576 8166 8526 7811
8622 8227 8474 7800
8377 8307 8346 7975
8364 8337 8351 7956
8343 8331 8423 7978
8608 8135 8529 7767
8614 8074 8612 7769
8618 8113 8577 7785
8587 8042 8610 7770
8587 8106 8579 7806
8603 8325 8630 7546
8590 8151 8589 7794
8569 8109 8634 7780
8551 8273 8644 7637
8301 8379 8419 8063
8657 7972 8583 7739
8563 8222 8703 7597
8635 8118 8567 7765
8584 8264 8658 7611
8640 8093 8563 7693
8566 8227 8696 7601
8616 8230 8635 7617
8647 8037 8577 7693
8595 8188 8680 7603
8587 8196 8694 7617
8631 8079 8602 7749
8574 8193 8708 7592
8641 8103 8561 7731
8613 8215 8667 7510
8656 8128 8502 7738
8632 8236 8677 7428
8623 8231 8690 7420
8635 8223 8565 7733
8656 8231 8667 7483
8583 8157 8562 7774
8691 8261 8593 7416
8629 8218 8510 7763
8655 8254 8647 7476
8614 8164 8560 7753
8636 8149 8614 7716
8601 8152 8624 7739
8648 8160 8710 7440
8579 8167 8570 7776
8596 8156 8626 7740
8617 8146 8776 7420
8630 8227 8567 7734
8631 8153 8616 7717
8316 8353 8531 7938
8624 8201 8571 7722
8586 8186 8590 7707
8572 8081 8771 7460
8586 8250 8559 7743
8553 8124 8769 7529
8593 8269 8602 7671
8534 8086 8800 7531
8552 8123 8762 7541
8334 8365 8411 8000
8307 8373 8403 7976
8525 8308 8651 7652
8296 8396 8357 7978
8525 8244 8682 7616
8307 8373 8328 8047
8563 8259 8663 7631
8296 8314 8458 8032
8532 8188 8696 7616
8258 8378 8356 8099
8532 8252 8665 7652
8539 8075 8812 7442
8281 8324 8477 8058
8526 8304 8689 7602
8295 8316 8426 8107
8520 8229 8734 7577
8585 8014 8789 7512
8257 8346 8394 8105
8515 8298 8712 7659
8554 7943 8822 7497
8561 8000 8809 7497
8305 8248 8391 8091
8547 8063 8777 7533
8510 8357 8667 7613
8526 8240 8720 7566
8549 8039 8802 7471
8559 8089 8789 7489
8508 8340 8680 7632
8487 8288 8729 7621
8478 8343 8670 7642
8541 8135 8796 7492
8469 8374 8675 7700
8552 8137 8807 7469
8543 8454 8625 7573
8534 8100 8845 7459
8520 8531 8639 7645
8432 8573 8576 7615
8457 8490 8573 7738
8540 8128 8805 7475
8516 8541 8567 7606
8546 8041 8846 7457
8542 8055 8833 7480
8524 8018 8871 7470
8411 8509 8594 7726
8528 8057 8836 7486
8535 8001 8850 7486
8468 8539 8552 7731
8581 8035 8816 7495
8466 8545 8536 7745
8599 7973 8787 7454
8329 8224 8404 8061
8592 8029 8773 7454
8607 8061 8757 7486
8628 8050 8730 7463
8432 8503 8600 7708
8597 8011 8770 7468
8569 8002 8818 7478
8550 7964 8849 7480
8265 8351 8353 8139
8462 8494 8630 7736
8284 8287 8317 8194
8596 8025 8797 7469
8294 8092 8312 8113
8578 7991 8775 7528
8312 8259 8292 8089
8580 7989 8770 7521
8518 8491 8610 7653
8614 8060 8711 7515
8625 8054 8769 7445
8627 8145 8721 7466
8258 8066 8375 8125
8509 8509 8743 7525
8640 8060 8718 7484
8265 8010 8389 8125
8464 8563 8592 7568
8654 8088 8729 7458
8257 8005 8430 8091
8252 8174 8450 8075
8310 8084 8496 8035
8641 8137 8699 7511
8700 8149 8677 7447
8321 8185 8481 8057
8549 8505 8554 7650
8307 8247 8453 8041
8624 8140 8705 7494
8647 8135 8744 7424
8669 8143 8701 7448
8335 8214 8451 8046
8677 8148 8660 7482
8547 8480 8636 7530
8645 8182 8683 7476
8658 8127 8694 7474
8665 8193 8646 7452
8704 8188 8642 7463
8679 8217 8571 7501
8353 8308 8401 8030
8673 8156 8666 7492
8615 8184 8688 7487
8622 8160 8726 7489
8618 8227 8679 7478
8352 8192 8479 8036
8359 8136 8493 8036
8631 8197 8674 7497
8380 8178 8448 8050
8651 8183 8680 7474
8363 8136 8451 8024
8397 8207 8392 8018
8365 8512 8615 7773
8670 8244 8628 7450
8366 8200 8394 8039
8688 8281 8590 7460
8412 8261 8342 8028
8668 8205 8584 7469
8391 8219 8387 8014
8709 8249 8547 7479
8422 8226 8385 7993
8724 8184 8534 7465
8439 8223 8379 8010
8678 8123 8586 7476
8460 8265 8334 8024
8699 8165 8541 7490
8426 8266 8304 8008
8709 8158 8574 7501
8409 8269 8310 7991
8678 8087 8607 7486
8388 8275 8292 8014
8412 8311 8308 7996
8724 8148 8555 7475
8372 8295 8282 8002
8728 8187 8520 7491
8389 8442 8294 7987
8315 8286 8376 8045
8435 8447 8604 7754
8713 8224 8543 7459
8682 8217 8545 7480
8504 8496 8548 7724
8724 8239 8528 7453
8759 8296 8508 7445
8711 8228 8547 7413
8696 8238 8566 7439
8336 8255 8389 8070
8701 8203 8580 7438
8483 8362 8692 7640
8429 8396 8654 7720
8429 8439 8657 7693
8728 8163 8622 7454
8477 8484 8611 7710
8682 8094 8731 7395
8449 8359 8686 7697
8277 8297 8556 8071
8419 8318 8674 7754
8306 8292 8506 8050
8415 8332 8661 7777
8332 8215 8482 8033
8428 8302 8656 7796
8360 8224 8434 8023
8372 8286 8352 7996
8347 8318 8323 8004
8316 8311 8325 8025
8478 8386 8591 7767
8337 8353 8280 8039
8704 8105 8720 7419
8336 8363 8262 8020
8669 8108 8730 7442
8310 8373 8302 8026
8669 8117 8701 7476
8293 8357 8355 8076
8478 8438 8569 7808
8638 8110 8703 7497
8642 8149 8668 7513
8310 8306 8302 8066
8634 8207 8675 7488
8630 8168 8710 7472
8279 8346 8272 8148
8297 8300 8263 8142
8318 8261 8228 8069
8329 8186 8219 8088
8466 8394 8547 7833
8315 8187 8355 8090
8608 8269 8747 7549
8306 8242 8296 8111
8592 8252 8711 7557
8484 8391 8556 7751
8550 8236 8743 7552
8311 8324 8290 8115
8298 8375 8218 8138
8269 8370 8220 8068
8570 8270 8755 7509
8271 8311 8291 8135
8495 8330 8709 7586
8252 8314 8270 8149
8494 8370 8693 7569
8489 8486 8711 7569
8585 8387 8631 7569
8455 8477 8545 7777
8272 8261 8337 8114
8257 8271 8356 8140
8208 8343 8425 8126
8534 8451 8604 7640
8241 8339 8358 8118
8499 8448 8562 7745
8252 8365 8461 8056
8617 8490 8500 7548
8245 8413 8416 8061
8429 8422 8599 7787
8241 8374 8451 8045
8306 8310 8484 8037
8405 8486 8556 7779
8235 8311 8458 8089
8239 8350 8423 8105
8353 8459 8593 7855
8230 8289 8525 8094
8421 8491 8565 7769
8195 8373 8430 8107
8203 8365 8416 8093
8234 8372 8414 8072
8544 8445 8644 7507
8195 8422 8465 8058
8192 8440 8425 8074
8198 8450 8439 8069
8505 8449 8605 7707
8223 8394 8471 8014
8226 8429 8463 8037
8195 8404 8535 8041
8231 8433 8426 8029
8202 8436 8452 8046
8209 8395 8440 8059
8255 8456 8388 8048
8470 8320 8638 7795
8239 8511 8375 8047
8506 8392 8576 7745
8537 8464 8578 7588
8252 8464 8356 8011
8481 8386 8565 7746
8265 8434 8351 8030
8208 8440 8408 8032
8449 8440 8569 7774
8236 8446 8410 7969
8436 8481 8546 7743
8221 8456 8429 7995
8572 8406 8647 7588
8189 8469 8473 7991
8552 8433 8584 7545
8179 8504 8430 8026
8518 8389 8660 7582
8158 8462 8475 8012
8396 8519 8613 7752
8522 8401 8654 7592
8517 8358 8670 7558
8198 8468 8491 7981
8551 8429 8611 7552
8221 8491 8461 7960
8183 8427 8492 7988
8170 8457 8497 7969
8180 8507 8484 7987
8362 8448 8672 7758
8163 8529 8463 7912
8366 8487 8637 7774
8586 8409 8600 7544
8138 8510 8470 7937
8352 8425 8688 7804
8117 8518 8495 7922
8335 8480 8639 7795
8146 8515 8469 7905
8331 8441 8674 7779
8227 8497 8527 7895
8113 8524 8476 7914
8367 8452 8635 7750
8570 8333 8681 7559
8124 8555 8480 7900
8371 8491 8600 7766
8388 8436 8649 7775
8557 8298 8699 7598
8258 8548 8418 7910
8409 8467 8632 7823
8297 8503 8451 7885
8405 8403 8647 7729
8509 8230 8738 7566
8540 8301 8705 7581
8277 8555 8416 7833
8429 8503 8626 7729
8536 8262 8740 7565
8304 8498 8493 7874
8378 8512 8439 7817
8585 8323 8662 7533
8313 8482 8475 7916
8469 8454 8576 7712
8539 8326 8683 7580
8505 8385 8636 7671
8543 8351 8650 7512
8564 8280 8714 7488
8531 8422 8568 7720
8589 8412 8598 7501
8346 8512 8421 7847
8582 8377 8647 7468
8483 8300 8658 7733
8567 8323 8697 7458
8279 8483 8445 7900
8462 8371 8594 7757
8325 8544 8393 7889
8473 8365 8652 7687
8563 8387 8676 7495
8317 8468 8488 7893
8532 8351 8727 7524
8522 8274 8778 7486
8445 8401 8604 7758
8553 8310 8727 7457
8572 8325 8729 7454
8248 8489 8502 7910
8424 8377 8644 7739
8561 8334 8719 7443
8435 8383 8635 7718
8562 8270 8770 7444
8230 8487 8420 7968
8574 8326 8705 7424
8261 8494 8418 7947
8594 8294 8694 7449
8274 8464 8413 7966
8573 8302 8719 7434
8566 8358 8705 7434
8253 8481 8431 7939
8466 8483 8553 7725
8517 8297 8783 7466
8498 8282 8781 7469
8204 8420 8509 7971
8552 8353 8756 7472
8155 8452 8496 7971
8189 8523 8437 7965
8342 8461 8643 7828
8528 8329 8749 7475
8200 8517 8495 7895
8218 8554 8457 7905
8406 8483 8528 7805
8197 8512 8502 7891
8458 8435 8555 7834
8550 8237 8772 7427
8177 8477 8545 7888
8546 8251 8759 7450
8223 8538 8493 7877
8219 8499 8528 7861
8495 8260 8787 7467
8174 8468 8535 7944
8170 8482 8522 7967
8177 8426 8536 7967
8521 8282 8789 7457
8216 8493 8464 7978
8539 8315 8744 7540
8227 8438 8465 7968
8511 8214 8780 7510
8220 8494 8451 7968
8542 8285 8747 7525
8174 8433 8503 7979
8488 8209 8786 7492
8357 8360 8676 7797
8521 8291 8729 7548
8321 8419 8688 7814
8514 8347 8715 7548
8143 8377 8587 7998
8334 8435 8649 7814
8515 8351 8688 7541
8295 8433 8643 7846
8536 8280 8752 7517
8303 8459 8637 7860
8146 8425 8530 7993
8329 8444 8579 7858
8496 8245 8768 7516
8218 8408 8545 8016
8492 8206 8803 7500
8149 8421 8516 8010
8373 8500 8583 7763
8491 8280 8754 7517
8484 8245 8803 7484
8193 8421 8491 7991
8515 8316 8770 7499
8219 8415 8504 8015
8361 8417 8659 7772
8512 8281 8778 7476
8186 8427 8471 8015
8389 8478 8657 7714
8516 8320 8743 7492
8485 8299 8782 7453
8173 8435 8485 8034
8431 8407 8648 7662
8518 8423 8673 7475
8204 8471 8434 8005
8435 8393 8661 7639
8468 8467 8668 7579
8427 8388 8702 7605
8423 8402 8689 7628
8422 8419 8773 7612
8403 8462 8669 7625
8179 8347 8584 7982
8489 8460 8672 7630
8210 8418 8551 7997
8177 8349 8589 7989
8418 8459 8705 7635
8223 8410 8537 7978
8414 8516 8740 7603
8231 8415 8496 8012
8185 8354 8548 8023
8445 8523 8738 7582
8182 8354 8574 8044
8211 8288 8575 8047
8232 8330 8530 8061
8256 8255 8601 8057
8236 8287 8612 8032
8229 8343 8598 8032
8240 8268 8589 8051
8268 8329 8587 7993
8276 8355 8581 8007
8271 8389 8512 7959
8279 8379 8506 7978
8276 8379 8532 7999
8234 8314 8507 8054
8258 8350 8523 8036
8539 8511 8526 7618
8219 8312 8479 8096
8493 8567 8515 7701
8179 8296 8453 8102
8549 8561 8513 7636
8166 8326 8458 8083
8216 8352 8414 8083
8237 8386 8381 8084
8258 8428 8336 8098
8189 8409 8310 8117
8192 8450 8282 8111
8531 8546 8516 7707
8155 8394 8321 8130
8563 8523 8394 7660
8183 8455 8319 8072
8249 8423 8349 8090
8513 8581 8535 7637
8270 8441 8307 8045
8583 8623 8317 7540
8242 8380 8309 8103
8499 8654 8370 7631
8468 8588 8559 7500
8508 8613 8509 7660
8212 8367 8388 8109
8427 8697 8478 7540
8228 8381 8394 8076
8256 8447 8356 8038
8456 8665 8341 7649
8282 8432 8298 8036
8322 8443 8328 7994
8484 8651 8443 7736
8325 8430 8343 7977
8450 8628 8520 7589
8473 8623 8551 7441
8473 8665 8342 7444
8349 8466 8359 7959
8314 8477 8285 7967
8451 8645 8458 7741
8436 8593 8594 7533
8350 8449 8336 7952
8371 8441 8311 7967
8349 8426 8268 7993
8361 8715 8339 7461
8386 8482 8229 7974
8407 8471 8202 7951
8398 8505 8190 7973
8396 8474 8196 7937
8381 8484 8215 7963
8396 8455 8240 7970
8387 8450 8253 7962
8402 8440 8234 7936
8407 8432 8286 7968
8443 8412 8381 7913
8458 8402 8362 7887
8462 8441 8327 7903
8447 8378 8431 7889
8467 8472 8447 7845
8428 8460 8301 7849
8517 8532 8577 7610
8471 8546 8560 7523
8443 8537 8608 7533
8430 8643 8631 7672
8372 8570 8292 7837
8399 8636 8633 7693
8403 8621 8646 7548
8434 8634 8549 7623
8418 8692 8491 7532
8376 8676 8523 7527
8405 8596 8268 7828
8355 8747 8459 7551
8344 8713 8564 7655
8319 8749 8445 7574
8339 8575 8387 7838
8275 8724 8608 7578
8313 8706 8566 7676
8298 8701 8610 7619
8332 8529 8401 7836
8327 8722 8455 7572
8367 8681 8504 7635
8315 8648 8511 7681
8377 8577 8388 7828
8402 8596 8381 7803
8327 8607 8634 7663
8303 8585 8704 7585
8342 8661 8584 7673
8372 8614 8648 7569
8406 8600 8397 7759
8386 8660 8607 7634
8399 8683 8413 7655
8407 8572 8726 7603
8369 8645 8630 7549
8313 8667 8586 7489
8393 8608 8666 7546
8378 8706 8301 7612
8391 8682 8327 7671
8422 8689 8325 7650
8309 8692 8590 7509
8365 8710 8517 7491
8520 8599 8517 7700
8342 8733 8580 7458
8423 8579 8496 7779
8438 8645 8543 7602
8448 8681 8544 7500
8402 8659 8571 7541
8348 8686 8556 7429
8357 8683 8603 7423
8385 8681 8454 7682
8479 8612 8621 7491
8352 8588 8512 7714
8506 8593 8540 7418
8526 8548 8543 7598
8334 8642 8468 7703
8573 8613 8449 7422
8523 8610 8510 7406
8508 8620 8529 7432
8527 8573 8592 7413
8505 8619 8533 7390
8483 8573 8617 7432
8529 8489 8633 7383
8279 8650 8497 7704
8302 8761 8565 7686
8565 8520 8555 7484
8474 8564 8637 7425
8333 8673 8484 7678
8420 8532 8662 7584
8423 8557 8665 7530
8396 8569 8695 7617
8419 8547 8682 7493
8433 8601 8534 7672
8423 8537 8588 7730
8415 8682 8466 7606
8469 8597 8493 7726
8472 8563 8540 7656
8431 8536 8598 7627
8461 8570 8550 7598
8436 8571 8550 7570
8364 8517 8697 7628
8334 8576 8720 7659
8354 8552 8723 7638
8462 8565 8582 7568
8505 8545 8567 7690
8525 8483 8576 7491
8566 8446 8604 7467
8618 8506 8544 7459
8584 8435 8603 7465
8575 8490 8544 7486
8578 8490 8518 7465
8591 8536 8516 7598
8604 8459 8583 7514
8629 8467 8499 7426
8623 8528 8416 7424
8644 8457 8480 7400
8647 8457 8493 7391
8634 8471 8462 7418
8649 8461 8443 7392
8628 8532 8379 7416
8612 8532 8442 7600
8563 8587 8417 7442
8530 8550 8528 7530
8568 8567 8416 7443
8553 8544 8519 7666
8616 8468 8588 7401
8602 8528 8528 7404
8577 8487 8559 7342
8580 8522 8551 7365
8559 8480 8596 7351
8546 8504 8570 7292
8552 8489 8564 7258
8550 8491 8569 7265
8567 8488 8563 7282
8613 8549 8511 7271
8579 8550 8481 7255
8600 8592 8436 7269
8556 8592 8461 7288
8549 8592 8496 7608
8562 8641 8424 7290
8512 8633 8436 7331
8525 8609 8462 7390
8556 8616 8460 7369
8525 8427 8671 7412
8585 8432 8639 7430
8582 8397 8647 7407
8585 8461 8590 7422
8621 8472 8551 7393
8657 8422 8536 7356
8624 8379 8603 7533
8611 8409 8608 7514
8663 8392 8593 7482
8665 8329 8630 7327
8617 8365 8609 7497
8675 8430 8510 7377
8690 8420 8491 7351
8693 8455 8483 7374
8633 8450 8515 7356
8637 8489 8480 7372
8640 8447 8481 7395
8673 8403 8505 7419
8712 8431 8486 7468
8674 8444 8464 7422
8709 8396 8494 7445
8621 8401 8522 7588
8630 8397 8563 7532
8672 8434 8449 7610
8638 8431 8456 7527
8654 8514 8402 7480
8650 8475 8437 7464
8635 8485 8456 7490
8595 8489 8543 7539
8600 8493 8506 7531
8561 8418 8602 7545
8565 8457 8567 7561
8586 8386 8631 7537
8573 8402 8607 7542
8617 8429 8578 7533
8625 8348 8648 7527
8661 8359 8609 7498
8664 8331 8607 7387
8670 8316 8601 7353
8701 8387 8568 7368
8638 8376 8618 7350
8623 8386 8637 7376
8589 8315 8696 7382
8593 8354 8661 7398
8653 8264 8624 7440
8651 8326 8627 7508
8665 8320 8586 7424
8645 8333 8581 7507
8612 8289 8664 7522
8606 8304 8670 7556
8609 8304 8644 7535
8596 8326 8622 7538
8581 8336 8641 7564
8518 8325 8691 7546
8524 8374 8654 7548
8551 8373 8584 7669
8533 8396 8615 7616
8561 8454 8544 7698
8548 8386 8596 7590
8485 8345 8693 7611
8504 8354 8667 7655
8527 8383 8603 7704
8517 8302 8643 7675
8568 8669 8333 7592
8495 8615 8405 7615
8488 8663 8360 7620
8503 8570 8538 7635
8500 8539 8518 7728
8523 8593 8405 7688
8492 8586 8407 7709
8500 8536 8370 7738
8497 8593 8380 7754
8466 8586 8382 7775
8503 8532 8463 7756
8461 8548 8419 7779
8409 8548 8388 7788
8406 8548 8414 7809
8409 8519 8437 7796
8431 8529 8551 7750
8414 8575 8514 7742
8542 8469 8448 7723
8530 8462 8464 7751
8556 8415 8503 7847
8516 8449 8495 7775
8442 8368 8598 7823
8469 8378 8565 7820
8514 8389 8548 7816
8446 8407 8563 7839
8448 8369 8574 7836
8500 8444 8521 7773
8482 8407 8559 7763
8485 8438 8564 7726
8447 8411 8581 7738
8477 8507 8526 7752
8468 8441 8564 7766
8507 8455 8539 7717
8492 8465 8558 7743
8492 8415 8552 7767
8488 8429 8539 7790
8471 8458 8460 7822
8502 8465 8458 7801
8458 8371 8586 7798
8416 8397 8585 7851
8415 8400 8565 7860
8347 8420 8588 7923
8408 8440 8541 7919
8419 8385 8542 7909
8402 8335 8596 7853
8433 8406 8563 7868
8395 8391 8582 7853
8395 8455 8551 7889
8364 8442 8572 7871
8391 8410 8605 7834
8395 8449 8570 7850
8450 8468 8526 7845
8446 8429 8561 7829
8504 8424 8505 7851
8454 8448 8549 7834
8448 8458 8502 7849
8427 8416 8547 7835
8451 8438 8580 7761
8511 8443 8548 7779
8483 8382 8550 7837
8454 8384 8580 7798
8480 8318 8607 7822
8460 8330 8572 7835
8464 8317 8578 7835
8484 8305 8613 7822
8518 8376 8554 7816
8487 8369 8556 7837
8508 8411 8511 7851
8525 8408 8505 7868
8513 8345 8527 7823
8510 8345 8553 7844
8482 8309 8578 7852
8475 8365 8564 7852
8507 8305 8547 7855
8535 8341 8522 7847
8539 8337 8445 7891
8518 8295 8490 7877
8489 8361 8489 7874
8477 8305 8540 7903
8424 8273 8610 7917
8460 8284 8571 7888
8515 8284 8576 7858
8491 8248 8560 7876
8537 8309 8508 7865
8478 8241 8596 7842
8463 8251 8615 7868
8442 8259 8640 7853
8463 8301 8595 7867
8484 8320 8611 7797
8520 8331 8572 7768
8526 8316 8566 7734
8576 8319 8505 7750
8583 8263 8519 7750
8572 8286 8473 7752
8585 8278 8459 7733
8609 8271 8415 7690
8658 8383 8475 7602
8624 8471 8494 7639
8618 8510 8381 7575
8546 8502 8478 7699
8576 8444 8525 7672
8601 8353 8519 7606
8602 8292 8526 7572
8596 8307 8532 7606
8563 8385 8605 7643
8536 8349 8615 7682
8566 8352 8583 7614
8577 8346 8641 7544
8437 8387 8664 7638
8432 8443 8663 7633
8410 8419 8671 7638
8437 8549 8628 7557
8538 8526 8522 7516
8542 8615 8427 7597
8554 8494 8464 7685
8658 8514 8341 7583
8634 8482 8400 7597
8619 8476 8456 7600
8628 8484 8450 7542
8637 8489 8437 7550
8649 8472 8381 7571
8663 8429 8462 7602
8664 8448 8380 7573
8711 8384 8332 7563
8706 8384 8437 7573
8697 8392 8460 7626
8641 8363 8482 7595
8678 8419 8443 7576
8609 8374 8436 7657
8613 8318 8476 7678
8664 8351 8457 7636
8659 8328 8491 7654
8627 8437 8408 7652
8638 8382 8409 7642
8635 8463 8362 7574
8599 8469 8462 7662
8608 8510 8490 7619
8639 8396 8478 7530
8664 8331 8495 7521
8698 8402 8436 7515
8678 8360 8545 7474
8685 8395 8496 7507
8682 8360 8504 7484
8686 8399 8469 7500
8658 8393 8467 7563
8694 8404 8428 7534
8704 8496 8404 7544
8717 8372 8391 7538
8763 8433 8339 7527
8742 8391 8384 7513
8733 8493 8378 7527
8745 8355 8385 7480
8764 8384 8331 7470
8754 8300 8444 7459
8758 8339 8409 7475
8713 8391 8460 7476
8747 8364 8397 7464
8711 8353 8436 7493
8738 8385 8438 7492
8707 8378 8440 7513
8743 8389 8401 7484
8730 8458 8386 7504
8742 8399 8383 7465
8693 8338 8461 7497
8710 8327 8517 7461
8744 8398 8458 7455
8713 8327 8491 7440
8702 8414 8414 7478
8722 8506 8382 7495
8686 8495 8421 7524
8665 8500 8433 7516
8707 8537 8376 7538
8636 8587 8322 7629
8592 8540 8329 7555
8620 8543 8327 7465
8611 8538 8340 7457
8584 8575 8341 7499
8566 8538 8379 7489
8559 8586 8334 7494
8555 8547 8369 7478
8558 8582 8361 7501
8573 8572 8342 7475
8587 8559 8338 7503
8572 8569 8357 7529
8573 8573 8330 7522
8558 8590 8341 7592
8543 8600 8360 7618
8586 8555 8335 7589
8649 8528 8292 7614
8646 8547 8299 7664
8664 8582 8242 7624
8658 8533 8279 7622
8654 8494 8314 7606
8642 8508 8334 7648
8632 8458 8347 7630
8627 8518 8353 7674
8628 8492 8353 7612
8642 8520 8336 7576
8680 8420 8441 7502
8665 8430 8460 7528
8701 8441 8421 7499
8672 8444 8447 7516
8676 8445 8434 7506
8702 8422 8411 7512
8715 8468 8405 7530
8684 8397 8438 7515
8722 8412 8419 7530
8680 8396 8451 7525
8684 8435 8416 7541
8639 8437 8431 7524
8670 8508 8398 7539
8642 8472 8423 7547
8669 8504 8425 7546
8578 8461 8501 7606
8582 8500 8466 7622
8553 8446 8492 7699
8515 8495 8480 7720
8534 8515 8573 7676
8480 8476 8571 7717
8484 8515 8536 7733
8463 8510 8598 7687
8502 8546 8524 7689
8524 8542 8520 7661
8520 8535 8548 7664
8489 8583 8538 7573
8462 8552 8561 7671
8435 8609 8559 7581
8450 8599 8540 7555
8444 8614 8546 7589
8427 8552 8578 7685
8434 8587 8522 7630
8428 8574 8534 7701
8458 8566 8548 7694
8425 8614 8469 7688
8438 8590 8495 7747
8394 8604 8480 7719
8315 8567 8569 7777
8322 8519 8614 7772
8322 8479 8620 7797
8356 8550 8561 7791
8325 8543 8563 7812
8371 8604 8511 7801
8382 8549 8512 7791
8413 8556 8510 7770
8367 8495 8562 7781
8394 8527 8564 7780
8401 8497 8575 7772
8366 8504 8564 7816
8373 8505 8547 7795
8360 8538 8526 7817
8355 8480 8574 7798
8401 8541 8522 7787
8422 8478 8585 7787
8466 8478 8560 7768
8456 8428 8573 7750
8419 8372 8612 7769
8416 8372 8638 7790
8395 8380 8663 7775
8339 8449 8662 7745
8301 8385 8693 7773
8310 8451 8655 7759
8349 8457 8651 7768
8356 8450 8653 7725
8390 8521 8594 7719
8411 8450 8658 7695
8396 8545 8580 7706
8399 8491 8580 7743
8396 8491 8606 7764
8427 8462 8588 7765
8442 8452 8569 7739
8476 8523 8510 7733
8445 8516 8512 7754
8472 8508 8520 7778
8420 8508 8489 7787
8451 8515 8487 7766
8422 8478 8604 7742
8503 8445 8616 7694
8487 8420 8643 7638
8492 8478 8595 7657
8465 8510 8562 7694
8465 8508 8588 7697
8469 8547 8553 7713
8494 8513 8576 7658
8534 8422 8542 7699
8580 8483 8490 7688
8529 8378 8633 7685
8563 8449 8574 7679
8554 8419 8593 7665
8558 8458 8558 7681
8527 8387 8591 7666
8527 8451 8560 7702
8514 8481 8565 7683
8507 8483 8571 7677
8538 8490 8569 7656
8553 8480 8550 7630
8568 8505 8491 7637
8564 8466 8526 7621
8608 8446 8521 7583
8593 8464 8496 7660
8560 8465 8549 7583
8531 8531 8548 7580
8482 8565 8551 7607
8542 8506 8550 7589
8527 8481 8609 7582
8518 8536 8550 7603
8533 8526 8531 7577
8536 8561 8523 7600
8532 8522 8558 7584
8461 8566 8574 7608
8522 8509 8578 7582
8526 8484 8574 7562
8489 8524 8641 7666
8467 8482 8653 7621
8498 8489 8651 7600
8471 8507 8655 7577
8455 8503 8748 7510
8419 8525 8674 7510
8380 8562 8864 7573
8396 8522 8781 7576
8426 8540 8688 7423
8462 8532 8701 7435
8453 8505 8802 7520
8424 8482 8808 7534
8427 8525 8713 7435
8485 8396 8747 7380
8519 8435 8668 7439
8524 8443 8658 7321
8484 8528 8648 7394
8417 8552 8736 7531
8457 8608 8646 7481
8457 8564 8637 7488
8470 8512 8671 7496
8436 8549 8656 7410
8421 8559 8675 7436
8425 8488 8826 7529
8463 8544 8654 7421
8489 8558 8611 7398
8472 8598 8627 7455
8493 8597 8576 7414
8508 8542 8604 7429
8499 8537 8617 7421
8545 8598 8565 7410
8454 8539 8663 7338
8458 8578 8628 7354
8431 8572 8658 7466
8476 8633 8574 7406
8464 8628 8598 7490
8461 8536 8663 7518
8434 8566 8653 7459
8430 8566 8663 7460
8437 8476 8784 7530
8488 8537 8644 7493
8428 8532 8676 7475
8422 8606 8672 7512
8370 8610 8662 7486
8376 8589 8644 7549
8316 8628 8643 7504
8272 8626 8661 7490
8310 8670 8609 7477
8276 8665 8626 7506
8306 8697 8602 7484
8327 8725 8623 7464
8325 8726 8548 7474
8327 8661 8654 7428
8296 8654 8656 7449
8274 8695 8641 7511
8241 8659 8668 7648
8266 8745 8649 7606
8285 8805 8551 7500
8279 8635 8635 7467
8264 8677 8708 7612
8277 8695 8615 7490
8276 8704 8643 7444
8292 8741 8609 7449
8306 8679 8665 7427
8291 8750 8637 7403
8268 8716 8673 7628
8267 8738 8631 7466
8282 8728 8612 7440
8355 8684 8528 7433
8337 8715 8614 7398
8303 8644 8673 7404
8304 8623 8662 7457
8334 8603 8814 7542
8335 8659 8611 7428
8352 8639 8673 7431
8292 8634 8705 7413
8270 8657 8700 7420
8223 8645 8733 7611
8231 8570 8758 7701
8192 8609 8784 7640
8265 8568 8759 7625
8296 8566 8753 7654
8237 8555 8752 7667
8223 8709 8702 7647
8195 8673 8727 7655
8242 8754 8602 7543
8267 8749 8622 7599
8257 8725 8663 7617
8241 8629 8674 7701
8247 8708 8631 7650
8219 8702 8629 7713
8255 8713 8590 7684
8271 8685 8643 7562
8226 8680 8725 7634
8185 8657 8739 7645
8182 8622 8747 7622
8171 8628 8689 7692
8226 8575 8724 7691
8140 8621 8691 7713
8161 8613 8666 7728
8212 8598 8659 7761
8253 8542 8598 7781
8227 8652 8609 7771
8276 8546 8667 7744
8286 8532 8685 7726
8265 8603 8621 7750
8261 8564 8656 7734
8246 8574 8675 7760
8243 8573 8679 7718
8215 8567 8677 7781
8251 8578 8638 7752
8266 8568 8619 7726
8281 8593 8560 7733
8262 8653 8668 7674
8296 8600 8636 7684
8312 8590 8656 7650
8309 8580 8687 7577
8288 8651 8623 7601
8232 8624 8687 7693
8235 8663 8636 7702
8189 8602 8688 7713
8204 8538 8756 7702
8241 8594 8717 7683
8231 8506 8789 7665
8235 8545 8754 7681
8318 8515 8819 7640
8225 8531 8780 7632
8337 8522 8720 7696
8341 8507 8686 7655
8307 8500 8714 7697
8299 8555 8687 7686
8310 8480 8678 7705
8281 8546 8677 7702
8245 8535 8716 7731
8276 8542 8714 7710
8327 8573 8751 7633
8332 8577 8714 7625
8411 8547 8722 7583
8358 8499 8879 7508
8428 8401 8842 7470
8397 8330 8875 7455
8396 8450 8891 7487
8390 8450 8830 7491
8347 8493 8902 7565
8369 8400 8894 7436
8327 8428 8912 7493
8358 8435 8910 7472
8365 8379 8924 7472
8368 8414 8916 7495
8308 8409 8948 7477
8339 8480 8915 7492
8354 8470 8896 7466
8387 8469 8843 7543
8375 8388 8895 7483
8360 8398 8914 7509
8333 8366 8912 7510
8330 8366 8938 7531
8359 8300 8939 7534
8352 8356 8925 7534
8321 8349 8927 7555
8357 8360 8888 7526
8387 8392 8864 7504
8394 8417 8859 7514
8433 8413 8831 7542
8440 8478 8807 7503
8395 8448 8797 7588
8384 8442 8820 7645
8350 8461 8833 7587
8367 8462 8828 7574
8314 8476 8854 7624
8314 8436 8860 7649
8348 8507 8801 7643
8339 8514 8758 7607
8308 8491 8775 7649
8383 8486 8724 7641
8368 8461 8783 7634
8353 8471 8802 7660
8381 8532 8800 7602
8380 8540 8724 7604
8442 8488 8746 7559
8389 8485 8813 7599
8439 8507 8749 7541
8404 8494 8773 7547
8412 8484 8767 7566
8393 8485 8772 7609
8386 8450 8821 7576
8390 8489 8786 7592
8362 8453 8811 7600
8386 8420 8848 7521
8386 8484 8817 7557
8400 8411 8835 7559
8396 8425 8822 7582
8375 8383 8867 7568
8432 8453 8821 7550
8418 8429 8794 7577
8411 8485 8780 7577
8443 8425 8763 7580
8465 8450 8695 7587
8460 8509 8650 7541
8454 8464 8728 7546
8461 8441 8782 7493
8465 8480 8747 7509
8458 8445 8796 7476
8422 8434 8835 7505
8413 8489 8776 7526
8400 8519 8781 7507
8420 8487 8770 7532
8442 8454 8761 7529
8479 8510 8722 7510
8433 8551 8673 7502
8455 8623 8611 7482
8467 8632 8605 7463
8462 8529 8647 7456
8404 8640 8632 7499
8395 8574 8670 7513
8430 8576 8644 7482
8439 8571 8607 7521
8460 8565 8625 7498
8438 8541 8633 7503
8455 8519 8654 7578
8418 8463 8693 7597
8445 8495 8695 7596
8421 8459 8679 7614
8376 8443 8737 7630
8380 8482 8702 7646
8359 8488 8684 7669
8362 8529 8656 7663
8341 8487 8701 7649
8377 8498 8662 7620
8349 8492 8660 7683
8282 8536 8664 7689
8310 8572 8639 7681
8247 8561 8689 7663
8285 8576 8670 7678
8228 8582 8727 7680
8231 8646 8670 7695
8267 8657 8631 7666
8246 8652 8602 7731
8243 8611 8630 7737
8240 8547 8687 7722
8233 8595 8642 7727
8245 8584 8690 7709
8248 8648 8633 7724
8235 8672 8607 7665
8258 8665 8589 7681
8304 8726 8537 7670
8275 8729 8563 7687
8276 8579 8645 7659
8340 8599 8659 7645
8323 8602 8665 7628
8310 8288 8813 7903
8306 8339 8714 7874
8326 8348 8710 7785
8433 8369 8727 7734
8283 8266 8753 7933
8298 8403 8744 7845
8304 8240 8914 7821
8349 8155 8819 7945
8289 8329 8748 7903
8278 8215 8926 7898
8308 8241 8836 7948
8265 8229 8947 7780
8351 8327 8765 7883
8274 8344 8743 7868
8314 8354 8815 7730
8255 8186 8842 7919
8344 8261 8812 7684
8382 8275 8798 7752
8326 8280 8862 7762
8341 8305 8834 7725
8371 8380 8852 7675
8273 8275 8900 7773
8262 8181 8930 7870
8308 8242 8878 7859
8248 8242 8828 7919
8247 8270 8938 7826
8420 8377 8741 7753
8072 8322 8914 7829
8262 8280 8857 7877
8219 8297 8939 7784
8250 8256 8928 7785
8359 8415 8669 7890
8340 8309 8885 7660
8245 8539 8766 7660
8236 8341 8975 7776
8254 7977 8901 7983
8420 8387 8723 7727
8355 8293 8799 7705
8237 8260 8758 7975
8356 8257 8648 8027
8411 8331 8733 7845
8233 8274 8745 7998
8325 8186 8681 8012
8360 8324 8672 7930
8251 8307 8805 7901
8293 8271 8901 7676
8246 8342 8738 7943
8247 8192 8985 7770
8301 8247 8790 7908
8312 8346 8871 7812
8285 8139 8793 8004
8289 8295 8780 7891
8244 8202 8807 8022
8268 8388 8702 7895
8336 8375 8763 7759
8339 8390 8781 7724
8360 8243 8661 8004
8304 8336 8633 7983
8270 8408 8576 8007
8203 8421 8528 7963
8401 8358 8777 7737
8428 8339 8736 7706
8382 8436 8711 7748
8431 8308 8754 7726
8425 8259 8791 7724
8424 8364 8740 7726
8315 8322 8609 7974
8371 8247 8629 8001
8189 8423 8530 7982
8391 8250 8659 7983
8368 8276 8758 7917
8329 8344 8796 7704
8328 8113 8864 7931
8285 8247 8823 7901
8409 8280 8690 7852
8359 8331 8702 7854
8367 8194 8842 7849
8482 8176 8786 7867
8390 8251 8744 7862
8395 8169 8711 7936
8171 8433 8529 8000
8294 8155 8814 7975
8348 8199 8738 7958
8174 8312 8767 7877
8299 8107 8780 7972
8271 8423 8694 7918
8310 8378 8679 7890
8103 8431 8774 7917
8250 8328 8751 7920
8083 8366 8784 7845
8133 8369 8723 7861
8430 8176 8755 7876
8253 8246 8791 7911
8229 8235 8780 7982
8433 8367 8604 7849
8416 8466 8535 7933
8498 8335 8493 7877
8448 8357 8585 7823
8297 8304 8845 7862
8475 8357 8494 7870
8462 8315 8752 7705
8246 8308 8768 7876
8295 8362 8772 7851
8267 8332 8777 7830
8442 8275 8795 7614
8272 8411 8812 7736
8225 8463 8760 7669
8271 8524 8708 7658
8243 8458 8746 7696
8279 8469 8707 7667
8260 8440 8761 7677
8249 8445 8800 7653
8229 8457 8765 7666
8287 8380 8818 7693
8350 8337 8782 7678
8321 8330 8836 7698
8346 8329 8786 7684
8346 8253 8861 7672
8370 8287 8810 7722
8409 8269 8805 7668
8418 8315 8777 7724
8336 8326 8838 7709
8368 8246 8819 7679
8375 8198 8864 7674
8397 8233 8822 7827
8432 8259 8807 7604
8427 8232 8835 7669
8439 8211 8852 7599
8473 8282 8793 7593
8482 8322 8829 7583
8404 8260 8814 7599
8435 8331 8781 7614
8483 8335 8773 7610
8479 8287 8837 7560
8439 8252 8853 7559
8424 8296 8907 7592
8443 8241 8880 7561
8396 8332 8892 7583
8399 8250 8840 7594
8398 8195 8903 7627
8365 8243 8868 7636
8323 8227 8900 7631
8395 8275 8844 7614
8410 8278 8811 7637
8379 8271 8813 7658
8320 8260 8933 7668
8300 8289 8887 7672
8281 8263 8926 7764
8285 8314 8869 7813
8326 8315 8853 7751
8319 8272 8898 7685
8277 8322 8883 7827
8193 8387 8831 7729
8213 8380 8883 7700
8164 8375 8875 7703
8251 8369 8857 7722
8208 8320 8888 7777
8258 8250 8959 7766
8262 8289 8924 7782
8233 8356 8915 7764
8257 8243 8928 7775
8279 8215 8973 7811
8264 8267 8935 7723
8367 8382 8761 7738
8320 8349 8815 7752
8377 8309 8785 7691
8477 8305 8733 7679
8471 8320 8739 7713
8440 8249 8772 7698
8457 8263 8771 7742
8436 8304 8755 7677
8418 8267 8793 7667
8433 8305 8758 7698
8387 8308 8779 7745
8389 8306 8774 7738
8420 8313 8772 7717
8458 8328 8753 7732
8427 8257 8786 7717
8430 8292 8778 7740
8416 8348 8758 7711
8382 8372 8742 7712
8336 8311 8794 7723
8375 8422 8717 7712
8360 8432 8736 7738
8370 8397 8779 7703
8329 8374 8793 7714
8320 8299 8827 7829
8338 8310 8803 7711
8351 8204 8831 7737
8431 8214 8772 7838
8448 8270 8750 7766
8465 8250 8715 7822
8504 8228 8773 7772
8460 8246 8752 7830
8378 8146 8883 7852
8342 8233 8817 7857
8374 8191 8860 7738
8401 8242 8754 7873
8358 8202 8801 7846
8387 8253 8785 7841
8358 8266 8770 7882
8367 8239 8815 7743
8365 8246 8801 7759
8327 8269 8798 7770
8393 8263 8760 7859
8289 8258 8817 7880
8396 8217 8782 7861
8415 8181 8833 7791
8400 8143 8805 7823
8423 8104 8824 7846
8429 8126 8770 7903
8455 8167 8851 7804
8411 8267 8764 7809
8388 8236 8797 7863
8373 8172 8821 7894
8356 8179 8826 7893
8327 8195 8803 7867
8221 8284 8800 7957
8261 8222 8842 7888
8244 8252 8974 7911
8327 8220 8798 7931
8339 8307 8698 7912
8339 8338 8661 7951
8349 8158 8747 7954
8356 8193 8679 7991
8331 8270 8660 7964
8426 8204 8696 7915
8284 8199 8781 7970
8382 8275 8640 7954
8391 8209 8783 7904
8502 8081 8786 7818
8437 8294 8648 7897
8487 8216 8646 7784
8541 8266 8624 7803
8559 8206 8658 7766
8559 8187 8693 7829
8465 8186 8746 7786
8422 8274 8671 7785
8476 8209 8666 7774
8447 8275 8665 7771
8418 8276 8768 7799
8475 8216 8669 7884
8377 8211 8786 7910
8420 8065 8802 7922
8380 8093 8823 7857
8379 8093 8868 7899
8374 7996 8937 7915
8367 8055 8842 7972
8416 8232 8735 7847
8399 8217 8756 7840
8407 8178 8756 7856
8426 8091 8778 7880
8460 8162 8719 7874
8433 8197 8753 7901
8458 8218 8693 7886
8351 8257 8725 7958
8302 8108 8776 8014
8264 8292 8760 7974
8324 8308 8694 7930
8300 8297 8668 7967
8371 8269 8673 7920
8398 8301 8675 7919
8335 8290 8725 7901
8386 8263 8599 7974
8391 8254 8699 7906
8359 8240 8568 8009
8315 8281 8634 7973
8386 8272 8570 8008
8342 8313 8636 7972
8309 8374 8706 7897
8402 8113 8725 7936
8351 8258 8695 7951
8272 8427 8667 7911
8364 8162 8713 7957
8329 8225 8646 8028
8377 8185 8668 7952
8360 8232 8644 8007
8369 8159 8674 7938
8376 8103 8688 7938
8342 8265 8699 7935
8397 8095 8663 7953
8360 8179 8692 7968
8382 8078 8730 7940
8288 8332 8751 7883
8353 8229 8667 7968
8435 8119 8752 7932
8289 8336 8724 7876
8403 8232 8606 7984
8440 8098 8699 7912
8449 8293 8554 7973
8327 8266 8695 7953
8460 8238 8555 7963
8389 8058 8804 7943
8324 8225 8723 7959
8491 8245 8553 7942
8380 8018 8803 7980
8497 8230 8547 7908
8482 8240 8566 7934
8432 8237 8627 7918
8381 8175 8707 7906
8332 8383 8667 7891
8426 8252 8633 7952
8384 8210 8699 7929
8395 8181 8666 7937
8395 8245 8635 7973
8391 8474 8574 7870
8335 8091 8854 7992
8345 8192 8761 7938
8319 8526 8623 7770
8361 8233 8685 7940
8362 8231 8686 7944
8433 8510 8526 7768
8382 8227 8703 7917
8358 8245 8673 7967
8395 8197 8698 7936
8364 8230 8667 7933
8378 8483 8566 7801
8383 8268 8636 7931
8276 8489 8661 7832
8465 8232 8680 7874
8441 8194 8677 7889
8456 8219 8618 7896
8344 8007 8842 8009
8473 8208 8674 7860
8297 8026 8894 7985
8455 8280 8608 7896
8510 8256 8595 7847
8314 8599 8574 7632
8429 8221 8719 7903
8470 8270 8589 7870
8276 8592 8589 7660
8444 8238 8662 7897
8271 8559 8613 7678
8341 7973 8860 7931
8274 8594 8605 7701
8403 8223 8707 7903
8421 8260 8669 7913
8221 8585 8625 7720
8432 8185 8660 7932
8332 8056 8862 7969
8238 8592 8514 7702
8453 8227 8615 7946
8435 8261 8575 7933
8389 8265 8560 7941
8432 8288 8601 7903
8307 8050 8874 7954
8414 8669 8562 7671
8426 8322 8563 7904
8318 8030 8934 7913
8398 8256 8601 7942
8387 8279 8555 7944
8318 8570 8640 7602
8452 8272 8475 7934
8452 8231 8452 7971
8263 8616 8563 7601
8481 8228 8426 7954
8463 8191 8464 7944
8446 8202 8408 7980
8268 8631 8550 7677
8419 8212 8412 7998
8394 8201 8426 8018
8387 8166 8475 7985
8390 8201 8467 8008
8359 8194 8469 8029
8400 8228 8452 7985
8262 8528 8669 7736
8422 8253 8384 7992
8228 8529 8639 7720
8450 8219 8410 7977
8404 8158 8462 7988
8247 8570 8567 7718
8401 8158 8488 8009
8225 8546 8575 7723
8398 8123 8496 7986
8288 8118 8781 7984
8435 8134 8497 7974
8233 8048 8837 8007
8252 8544 8606 7794
8426 8075 8497 7978
8486 8080 8465 7996
8253 8047 8854 8046
8153 8472 8673 7767
8458 8050 8470 7975
8150 8431 8701 7773
8492 8121 8411 7969
8273 8465 8675 7781
8461 8114 8413 7990
8488 8146 8415 7989
8467 8104 8460 7975
8362 8512 8641 7794
8498 8111 8458 7954
8509 8105 8516 7884
8258 8423 8735 7801
8526 8199 8502 7903
8273 8113 8859 7961
8221 8424 8731 7806
8494 8302 8534 7920
8224 8352 8794 7807
8544 8224 8475 7900
8204 8359 8786 7770
8547 8187 8521 7846
8222 8396 8748 7780
8565 8177 8479 7858
8206 8358 8774 7755
8581 8238 8521 7797
8360 8009 8856 7970
8192 8352 8859 7811
8556 8317 8543 7836
8192 8360 8777 7761
8586 8239 8569 7769
8372 8044 8827 7946
8534 8254 8654 7776
8533 8276 8630 7784
8168 8383 8777 7753
8566 8150 8672 7766
8152 8358 8860 7724
8242 8344 8911 7686
8507 8125 8775 7819
8529 8196 8802 7764
8389 7980 8758 7985
8385 7941 8793 7969
8522 8361 8619 7767
8366 8037 8811 8008
8159 8405 8899 7687
8380 8072 8721 7996
8106 8388 8902 7636
8548 8248 8582 7741
8346 8073 8691 7980
8154 8456 8863 7668
8572 8269 8626 7710
8377 8080 8689 7959
8120 8457 8833 7652
8552 8223 8578 7721
8347 8048 8769 7987
8141 8499 8788 7666
8568 8230 8661 7694
8113 8433 8826 7704
8096 8436 8832 7687
8378 8197 8748 7931
8062 8365 8891 7693
8106 8412 8884 7767
8533 8233 8671 7717
8094 8379 8886 7750
8121 8411 8888 7749
8410 8050 8779 7958
8082 8348 8935 7748
8424 8075 8762 7956
8062 8360 8900 7761
8382 8013 8730 7968
8155 8296 8898 7830
8250 8239 8963 7873
8510 8126 8771 7861
8286 8250 8924 7844
8186 8303 8896 7809
8173 8236 8991 7795
8158 8353 8829 7795
8541 8263 8593 7826
8189 8360 8827 7774
8271 8101 8778 8035
8268 8037 8835 8020
8564 8253 8509 7788
8176 8306 8897 7782
8367 8023 8850 8006
8258 8051 8817 8038
8261 8051 8791 8017
8307 8112 8739 8006
8310 8071 8808 8006
8247 8204 8971 7850
8220 8260 8937 7853
8237 8058 8784 8026
8293 8114 8779 7983
8564 8259 8518 7784
8143 8320 8912 7777
8540 8243 8507 7846
8284 8148 8821 7958
8142 8316 8939 7784
8585 8263 8488 7729
8607 8287 8480 7724
8599 8261 8486 7710
8193 8148 8825 8053
8635 8240 8449 7719
8125 8353 8906 7777
8620 8213 8523 7755
8266 8169 8845 7961
8146 8395 8861 7791
8608 8255 8569 7714
8111 8346 8888 7790
8249 8142 8801 7978
8642 8262 8541 7672
8653 8228 8470 7646
8143 8357 8910 7678
8608 8191 8600 7678
8294 8257 8729 7941
8115 8352 8948 7656
8316 8293 8696 7917
8156 8315 8976 7632
8611 8255 8543 7693
8139 8251 9002 7626
8598 8261 8586 7682
8233 8219 8764 8074
8195 8262 8989 7829
8603 8265 8549 7674
8307 8306 8703 7952
8603 8201 8580 7638
8238 8255 8973 7636
8271 8267 8717 7952
8595 8226 8594 7659
8230 8209 8795 8001
8249 8200 8974 7626
8599 8265 8559 7675
8215 8219 8814 8027
8258 8266 8936 7612
8186 8222 8840 8044
8248 8346 8925 7637
8184 8148 8847 8012
8564 8272 8548 7719
8558 8333 8465 7717
8210 8221 8760 8014
8186 8380 8886 7610
8202 8153 8812 8061
8537 8314 8545 7711
8253 8350 8888 7629
8198 8162 8784 8082
8526 8281 8626 7722
8183 8172 8803 8108
8526 8310 8577 7714
8149 8101 8862 8114
8153 8140 8827 8130
8331 8343 8873 7682
8557 8317 8575 7693
8159 8125 8821 8096
8530 8337 8637 7712
8193 8196 8762 8090
8162 8189 8764 8111
8183 8183 8782 8088
8567 8304 8612 7711
8162 8141 8827 8074
8200 8092 8839 8053
8216 8240 8977 7754
8530 8273 8668 7676
8227 8124 8841 8052
8190 8068 8880 8071
8183 8124 8866 8071
8198 8114 8847 8045
8156 8092 8864 8072
8153 8092 8890 8093
8125 8056 8915 8101
8152 8088 8917 8100
8122 8047 8905 8157
8143 8089 8860 8171
8108 8040 8887 8170
8543 8194 8589 7786
8136 8101 8885 8112
8589 8255 8537 7775
8115 8059 8930 8098
8554 8206 8564 7774
8143 8125 8892 8060
8575 8248 8519 7788
8109 8126 8862 8044
8128 8237 8999 7638
8098 8149 8816 8046
8131 8272 8991 7661
8143 8189 8798 8056
8135 8250 8997 7647
8551 8168 8498 7865
8552 8172 8534 7855
8237 8319 8692 7969
8226 8307 8717 7981
8524 8239 8631 7812
8166 8315 8657 8001
8546 8264 8563 7819
8236 8279 8692 8019
8201 8361 8898 7673
8525 8116 8752 7835
8241 8297 8698 7955
8243 8313 8897 7642
8564 8128 8630 7793
8563 8202 8581 7810
8574 8196 8639 7740
8225 8229 8807 7973
8216 8284 8748 7994
8503 8205 8640 7785
8263 8336 8906 7611
8523 8191 8784 7765
8255 8291 8772 7915
8527 8241 8656 7767
8531 8219 8662 7753
8224 8284 8774 7936
8251 8252 8907 7900
8500 8203 8615 7830
8493 8259 8601 7830
8252 8251 8938 7725
8288 8265 8881 7747
8487 8199 8644 7795
8485 8201 8649 7802
8492 8195 8643 7801
8298 8206 8788 7957
8488 8209 8630 7824
8545 8215 8579 7803
8517 8209 8577 7866
8553 8220 8538 7837
8511 8155 8513 7892
8513 8153 8508 7885
8331 8220 8797 7936
8308 8178 8909 7823
8541 8189 8483 7877
8352 8168 8823 7903
8293 8188 8928 7849
8360 8129 8789 7913
8259 8117 8987 7855
8532 8305 8545 7873
8310 8126 8850 7897
8252 8165 8942 7860
8559 8248 8464 7881
8258 8150 8936 7826
8534 8236 8433 7911
8517 8239 8439 7894
8331 8239 8759 7927
8193 8134 8997 7860
8574 8238 8445 7855
8568 8253 8451 7889
8530 8238 8470 7874
8220 8216 8958 7929
8515 8248 8489 7900
8255 8224 8839 7897
8501 8298 8547 7894
8286 8324 8757 7904
8258 8288 8782 7912
8506 8434 8529 7847
8270 8272 8843 7863
8336 8211 8789 7886
8456 8319 8525 7872
8367 8218 8787 7865
8280 8262 8848 7836
8446 8417 8544 7908
8333 8147 8846 7871
8450 8403 8557 7885
8337 8195 8782 7921
8299 8131 8813 7949
8271 8238 8905 7861
8475 8427 8531 7868
8339 8217 8776 7953
8501 8459 8514 7801
8304 8127 8782 7970
8265 8272 8867 7862
8491 8354 8621 7788
8278 8142 8840 7972
8226 8142 8809 7981
8272 8203 8757 7970
8438 8390 8592 7837
8510 8464 8501 7809
8319 8248 8743 7971
8259 8227 8938 7824
8472 8525 8465 7777
8267 8248 8712 7980
8259 8236 8909 7858
8552 8453 8524 7734
8264 8248 8738 8001
8240 8223 8757 7988
8243 8264 8729 7982
8243 8223 8706 8019
8205 8272 8694 8040
8181 8155 8997 7895
8516 8416 8660 7626
8241 8283 8655 8011
8179 8157 9002 7902
8195 8222 8707 8022
8177 8126 9008 7866
8247 8222 8738 8013
8225 8201 8982 7899
8264 8283 8662 7990
8223 8260 8911 7832
8569 8489 8468 7714
8286 8264 8748 7938
8584 8380 8490 7648
8238 8314 8861 7842
8590 8433 8498 7587
8227 8337 8815 7844
8594 8517 8425 7618
8181 8276 8867 7855
8595 8351 8681 7503
8212 8283 8865 7834
8597 8400 8610 7555
8191 8291 8890 7819
8648 8436 8576 7512
8656 8456 8429 7524
8400 8273 8706 7879
8644 8519 8455 7479
8194 8276 8950 7831
8390 8338 8700 7833
8191 8276 8976 7852
8562 8483 8571 7563
8356 8267 8759 7839
8223 8271 8941 7819
8320 8256 8798 7868
8324 8295 8763 7884
8320 8309 8750 7907
8318 8238 8807 7904
8266 8285 8923 7823
8352 8309 8748 7898
8284 8280 8879 7765
8332 8259 8774 7822
8293 8246 8891 7743
8614 8365 8635 7518
8392 8264 8742 7840
8295 8244 8886 7736
8414 8288 8734 7835
8635 8455 8483 7435
8348 8298 8772 7851
8375 8376 8775 7719
8667 8300 8617 7460
8376 8304 8758 7851
8335 8339 8796 7726
8686 8386 8553 7466
8396 8319 8747 7827
8636 8264 8668 7489
8340 8373 8854 7696
8636 8336 8646 7534
8396 8191 8816 7832
8337 8363 8885 7623
8402 8245 8775 7761
8368 8434 8852 7638
8411 8190 8834 7740
8383 8424 8833 7612
8613 8439 8586 7535
8429 8227 8796 7750
8398 8449 8774 7619
8405 8393 8788 7619
8415 8247 8803 7737
8401 8345 8815 7552
8406 8302 8744 7758
8416 8399 8765 7562
8388 8265 8782 7748
8458 8343 8817 7580
8655 8363 8570 7508
8685 8328 8450 7598
8427 8279 8842 7576
8677 8264 8428 7630
8510 8167 8856 7774
8719 8370 8401 7600
8383 8236 8912 7543
8458 8214 8781 7731
8365 8261 8925 7568
8679 8186 8396 7736
8411 8142 8868 7775
8702 8189 8450 7727
8417 8307 8853 7537
8432 8297 8834 7511
8697 8261 8375 7711
8425 8345 8789 7516
8697 8190 8434 7642
8418 8310 8838 7483
8403 8320 8857 7509
8392 8236 8756 7873
8354 8299 8899 7551
8385 8370 8866 7566
8351 8299 8925 7572
8351 8363 8894 7608
8717 8145 8476 7673
8386 8239 8764 7897
8354 8363 8868 7587
8345 8397 8856 7609
8374 8331 8857 7612
8324 8204 8808 7894
8405 8338 8855 7591
8342 8241 8770 7904
8420 8328 8836 7565
8427 8272 8850 7565
8657 8140 8508 7655
8383 8348 8868 7588
8375 8137 8793 7878
8356 8316 8866 7589
8375 8201 8762 7914
8351 8165 8746 7932
8372 8296 8876 7601
8393 8187 8729 7905
8393 8225 8940 7577
8427 8258 8670 7899
8448 8187 8734 7875
8384 8280 8881 7598
8380 8294 8868 7621
8371 8136 8782 7913
8389 8260 8880 7599
8411 8173 8761 7906
8338 8190 8935 7609
8380 8102 8794 7891
8707 8192 8398 7673
8384 8141 8759 7907
8395 8160 8911 7604
8374 8231 8847 7628
8664 8237 8423 7702
8479 8119 8773 7882
8364 8189 8916 7634
8457 8128 8764 7872
8343 8195 8898 7657
8404 8080 8792 7864
8333 8118 8949 7619
8435 8087 8790 7843
8460 8097 8866 7774
8360 8150 8951 7618
8656 8203 8490 7799
8394 8221 8892 7612
8334 8216 8924 7594
8338 8255 8889 7610
8300 8195 8943 7596
8461 8145 8807 7791
8331 8216 8904 7635
8327 8177 8939 7619
8360 8176 8886 7696
8323 8120 8923 7632
8483 8135 8854 7775
8354 8191 8890 7647
8633 8269 8421 7814
8470 8157 8832 7778
8413 8139 8894 7808
8629 8171 8488 7800
8454 8190 8770 7779
8378 8082 8914 7816
8407 8150 8872 7663
8486 8156 8747 7785
8478 8117 8824 7781
8379 8212 8840 7686
8661 8179 8473 7671
8403 8186 8852 7735
8396 8242 8838 7735
8525 8157 8837 7748
8421 8181 8808 7677
8434 8112 8880 7633
8618 8154 8677 7737
8465 8183 8847 7648
8427 8168 8866 7633
8384 8162 8859 7645
8698 8150 8485 7711
8531 8093 8773 7762
8415 8169 8857 7624
8552 8138 8737 7698
8422 8113 8871 7624
8545 8103 8786 7665
8436 8077 8951 7781
8549 8151 8722 7715
8412 8113 8895 7782
8452 8101 8898 7662
8678 8108 8544 7708
8474 8046 8864 7638
8704 8169 8450 7614
8478 8010 8884 7566
8662 8173 8492 7580
8553 8073 8766 7815
8527 8032 8843 7685
8656 8222 8473 7616
8683 8160 8504 7737
8475 7975 8892 7543
8647 8218 8491 7579
8491 8091 8862 7750
8466 7977 8886 7549
8449 8064 8913 7781
8628 8265 8458 7822
8457 7924 8904 7519
8545 8069 8805 7695
8488 7995 8871 7534
8459 7955 8898 7555
8476 8019 8872 7561
8460 8020 8895 7735
8672 8242 8382 7736
8504 8072 8869 7478
8484 8104 8880 7453
8663 8262 8345 7695
8538 8118 8778 7736
8464 8039 8890 7381
8652 8294 8456 7652
8547 8184 8740 7722
8549 8073 8864 7454
8683 8359 8440 7629
8486 8033 8877 7407
8626 8364 8343 7651
8498 8032 8886 7416
8617 8316 8374 7689
8606 8237 8761 7533
8595 8340 8319 7731
8583 8181 8787 7417
8613 8020 8784 7445
8584 8340 8396 7699
8645 8160 8736 7461
8424 8096 8884 7789
8597 8316 8422 7758
8428 8135 8849 7805
8582 7949 8817 7430
8585 7984 8809 7453
8568 8382 8421 7755
8577 8381 8408 7686
8583 8144 8805 7448
8515 8107 8850 7730
8568 8105 8778 7459
8515 8171 8819 7766
8549 8034 8801 7799
8470 8100 8879 7749
8449 8171 8815 7773
8586 8172 8780 7447
8572 8449 8277 7647
8415 8100 8874 7779
8398 8111 8818 7815
8590 8057 8779 7468
8518 8522 8444 7730
8603 8100 8727 7727
8528 8555 8418 7656
8640 8151 8763 7412
8347 8075 8916 7837
8381 8146 8857 7831
8649 8162 8733 7427
8412 8153 8855 7810
8498 8420 8608 7665
8369 8092 8901 7734
8617 8210 8745 7456
8389 8157 8891 7806
8588 8326 8409 7676
8379 8090 8926 7774
8413 8161 8867 7768
8382 8090 8900 7753
8420 8105 8881 7768
8433 8042 8959 7758
8393 8007 8975 7757
8398 7970 8983 7760
8528 8597 8368 7680
8385 8000 8988 7741
8439 8053 8922 7716
8386 8048 8960 7727
8388 8046 8955 7720
8406 8083 8917 7730
8560 8224 8794 7406
8457 8581 8395 7767
8361 8018 8918 7806
8300 8033 8924 7812
8609 8208 8768 7325
8474 8452 8556 7831
8306 8052 8953 7794
8617 8246 8696 7454
8271 8003 8980 7793
8292 8045 8935 7807
8633 8199 8718 7417
8266 7966 8970 7837
8503 8642 8343 7756
8270 8005 8935 7853
8423 8638 8336 7817
8283 7981 8961 7912
8490 8504 8535 7802
8320 8037 8922 7893
8371 8491 8291 7966
8324 8015 8928 7879
8369 8488 8542 7802
8314 7991 8969 7897
8591 8272 8753 7532
8371 7961 8945 7892
8405 8032 8886 7886
8345 8027 8918 7868
8349 8066 8883 7884
8610 8276 8726 7549
8307 8050 8915 7879
8585 8308 8697 7557
8307 8114 8884 7915
8300 8119 8885 7924
8282 8146 8855 7923
8303 8090 8908 7911
8286 8121 8851 7903
8272 8083 8910 7932
8412 8528 8303 7827
8252 8114 8879 7945
8569 8171 8771 7484
8374 8508 8272 7857
8547 8118 8809 7421
8397 8512 8512 7791
8401 8613 8404 7810
8300 8055 8916 7888
8303 8119 8859 7903
8334 8126 8857 7882
8335 8052 8906 7865
8545 8318 8805 7439
8339 8091 8871 7881
8352 8061 8866 7900
8348 8022 8901 7884
8384 8033 8862 7855
8388 8072 8827 7871
8375 8014 8840 7988
8368 8005 8862 7930
8389 7994 8835 7907
8560 8228 8778 7386
8519 8484 8487 7798
8425 8040 8760 7932
8556 8345 8719 7480
8383 8018 8777 7959
8414 8025 8775 7938
8380 7954 8834 7944
8563 8318 8710 7514
8578 8356 8700 7384
8585 8313 8702 7341
8401 8523 8576 7744
8390 8004 8821 7962
8617 8320 8665 7411
8361 8076 8810 7921
8346 8086 8829 7947
8299 8024 8889 7978
8593 8361 8645 7539
8336 7952 8883 7991
8567 8387 8666 7494
8332 7966 8870 8014
8559 8348 8711 7479
8506 8324 8767 7516
8529 8325 8769 7359
8282 8035 8833 8014
8561 8402 8655 7369
8330 8095 8856 7993
8343 8087 8842 7974
8295 8027 8819 7995
8322 8059 8821 7994
8291 8052 8823 8015
8280 8075 8777 8017
8287 8019 8791 8017
8284 8019 8817 8038
8581 8307 8710 7567
8238 7958 8869 8049
8269 7965 8867 8028
8317 7957 8943 7978
8490 8341 8763 7352
8266 7964 8871 7986
8562 8383 8703 7502
8419 8446 8594 7777
8519 8302 8726 7592
8387 8449 8578 7779
8317 7893 8974 7942
8529 8316 8735 7501
8387 8513 8515 7799
8351 7964 8915 7936
8299 7904 8975 7944
8290 7959 8916 7965
8378 8427 8586 7902
8319 7893 8917 7968
8408 8456 8551 7860
8316 7893 8943 7989
8320 7879 8956 7966
8322 7897 8923 7948
8567 8228 8773 7304
8340 7861 8925 7924
8552 8238 8792 7330
8395 8424 8580 7919
8377 7917 8886 7905
8521 8167 8825 7315
8421 7882 8900 7916
8581 8172 8793 7333
8455 7918 8817 7897
8318 8452 8641 7914
8442 7876 8918 7893
8427 7932 8848 7883
8630 8157 8762 7305
8614 8212 8731 7317
8667 8214 8690 7392
8442 7924 8855 7930
8411 8414 8552 7883
8390 7924 8824 7939
8662 8210 8727 7400
8405 8479 8555 7812
8427 7980 8785 7920
8646 8120 8775 7293
8400 8430 8652 7821
8396 7973 8787 7941
8624 8130 8779 7278
8424 8034 8785 7883
8639 8102 8789 7297
8503 8483 8489 7800
8435 7959 8776 7902
8440 7976 8814 7887
8429 8051 8823 7868
8392 7995 8862 7887
8645 8086 8773 7333
8401 8061 8824 7873
8380 8069 8849 7858
8637 8094 8790 7339
8383 8110 8821 7852
8614 8089 8769 7446
8436 8096 8810 7827
8561 8023 8830 7418
8390 8035 8862 7838
8596 8166 8776 7401
8570 8098 8819 7436
8396 8072 8822 7847
8420 8108 8838 7829
8281 8541 8580 7777
8385 8059 8865 7828
8402 8064 8836 7834
8429 8096 8838 7833
8411 8573 8563 7762
8433 8074 8844 7819
8437 8113 8809 7835
8444 8057 8823 7835
8454 8586 8494 7758
8452 8054 8802 7852
8479 8086 8804 7851
8534 8044 8820 7825
8503 8058 8804 7814
8677 8200 8708 7374
8484 8056 8813 7821
8742 8099 8699 7413
8453 7985 8846 7806
8703 8165 8678 7298
8696 8147 8724 7289
8509 8024 8842 7813
8531 8048 8834 7808
8727 8203 8647 7390
8366 8600 8342 7830
8534 8048 8808 7787
8680 8157 8726 7438
8507 8012 8818 7826
8674 8112 8734 7267
8673 8173 8730 7291
8667 8126 8766 7317
8685 8037 8725 7286
8541 8037 8822 7782
8707 8140 8712 7442
8545 8076 8787 7798
8507 8061 8806 7783
8635 8129 8765 7282
8599 8086 8795 7290
8539 8137 8719 7753
8699 8126 8713 7282
8524 8147 8738 7779
8703 8179 8671 7436
8493 8140 8740 7800
8485 8148 8754 7814
8464 8106 8799 7800
8495 8113 8797 7779
8502 8057 8811 7779
8548 8118 8759 7768
8520 8082 8784 7776
8541 8124 8739 7790
8639 8168 8730 7298
8549 8116 8725 7776
8585 8127 8686 7747
8581 8088 8721 7731
8643 8141 8754 7313
8566 8098 8740 7757
8563 8063 8748 7734
8572 8029 8760 7712
8638 8091 8791 7266
8572 8093 8729 7748
8585 8104 8710 7788
8568 8107 8716 7771
8720 8158 8663 7420
8616 8111 8708 7767
8672 8130 8729 7309
8575 8057 8739 7734
8571 8071 8726 7757
8650 8026 8767 7289
8587 7983 8752 7763
8642 8021 8808 7255
8596 8049 8714 7749
8642 8085 8777 7291
8633 8055 8825 7323
8567 7918 8762 7691
8645 8056 8800 7278
8617 7921 8701 7707
8626 8024 8850 7220
8654 7977 8662 7688
8630 8063 8815 7236
8627 7954 8631 7723
8602 8057 8813 7299
8618 7988 8619 7745
8623 8099 8768 7313
8609 7962 8603 7798
8601 8076 8580 7813
8606 8023 8823 7324
8578 7955 8605 7819
8641 8014 8608 7795
8629 7940 8609 7736
8632 8083 8578 7792
8672 8066 8760 7273
8599 7997 8560 7833
8613 7980 8536 7837
8563 7852 8539 7853
8521 7956 8606 7876
8499 7935 8630 7915
8327 8418 8653 7892
8491 7940 8614 7880
8718 8213 8634 7308
8473 7920 8649 7921
8680 8198 8653 7293
8273 8381 8701 7897
8444 7986 8648 7918
8680 8262 8622 7329
8277 8420 8666 7913
8480 8003 8658 7914
8693 8238 8648 7388
8327 8376 8692 7924
8714 8230 8623 7403
8276 8415 8665 7940
8485 7955 8620 7914
8687 8207 8592 7438
8453 7968 8664 7910
8718 8214 8590 7417
8474 8010 8619 7924
8669 8181 8670 7512
8685 8159 8696 7473
8449 7982 8651 7933
8296 8305 8725 7909
8437 7949 8653 7916
8291 8379 8693 7937
8483 8010 8601 7905
8245 8344 8698 7925
8494 7955 8602 7895
8238 8400 8684 7925
8506 7988 8600 7912
8631 8149 8695 7476
8242 8439 8649 7941
8460 7927 8652 7923
8449 7932 8691 7899
8211 8432 8651 7962
8633 8184 8726 7433
8238 8464 8653 7961
8633 8229 8676 7466
8256 8428 8655 7937
8253 8428 8681 7958
8545 7963 8575 7874
8253 8364 8712 7922
8543 7981 8538 7883
8246 8360 8716 7876
8280 8431 8657 7870
8536 7946 8587 7850
8284 8417 8670 7847
8561 7930 8561 7838
8279 8476 8625 7801
8657 8217 8635 7415
8652 8213 8672 7423
8285 8527 8593 7754
8648 8174 8707 7407
8273 8586 8561 7808
8573 7883 8576 7836
8644 8190 8728 7428
8539 7812 8635 7842
8292 8565 8523 7791
8246 8504 8575 7802
8555 7939 8532 7847
8243 8504 8601 7823
8207 8502 8569 7834
8253 8563 8517 7823
8258 8504 8525 7874
8575 8059 8520 7888
8213 8513 8519 7854
8275 8501 8519 7891
8536 7947 8586 7830
8232 8542 8465 7844
8304 8478 8529 7873
8357 8498 8558 7871
8626 7898 8629 7800
8189 8473 8549 7892
8580 7837 8681 7811
8176 8503 8554 7873
8573 7893 8667 7811
8560 8201 8786 7517
8167 8505 8564 7875
8575 7891 8662 7804
8594 8164 8766 7433
8204 8509 8547 7887
8555 8101 8813 7432
8127 8565 8496 7834
8168 8545 8508 7879
8172 8531 8521 7856
8203 8538 8519 7835
8544 8099 8808 7515
8216 8508 8514 7854
8551 7984 8535 7842
8252 8519 8475 7825
8533 7964 8566 7865
8261 8523 8457 7862
8307 8584 8405 7851
8490 7949 8608 7897
8279 8523 8407 7909
8275 8537 8394 7932
8238 8491 8450 7965
8269 8492 8472 7937
8512 7974 8540 7904
8501 7997 8494 7906
8515 7997 8467 7908
8548 8027 8518 7889
8609 8087 8470 7860
8328 8472 8456 7890
8600 7936 8486 7856
8550 7933 8547 7840
8581 8004 8514 7855
8401 8448 8423 7949
8265 8433 8364 7970
8528 7999 8552 7866
8529 7925 8601 7849
8591 8283 8701 7539
8287 8422 8441 8048
8287 8458 8296 7977
8579 8034 8516 7868
8227 8433 8436 8030
8259 8494 8281 7968
8563 8026 8522 7871
8262 8494 8255 7947
8567 8016 8562 7837
8298 8505 8216 7918
8594 8033 8520 7850
8610 8341 8662 7477
8300 8504 8291 7908
8609 8023 8501 7824
8310 8475 8374 7937
8328 8468 8306 7917
8602 8073 8476 7824
8587 8083 8495 7850
8554 8300 8675 7571
8352 8517 8287 7887
8566 8041 8540 7836
8447 8481 8494 7840
8597 8048 8538 7815
8343 8514 8393 7898
8563 7977 8597 7821
8284 8483 8450 7890
8578 8292 8731 7348
8327 8540 8287 7861
8586 7948 8534 7838
8308 8535 8418 7858
8617 7966 8549 7814
8620 8288 8689 7382
8645 8053 8573 7811
8618 8214 8696 7350
8627 8288 8668 7504
8356 8548 8237 7845
8694 8093 8433 7744
8701 8019 8576 7813
8375 8511 8248 7832
8642 8350 8638 7468
8437 8473 8298 7911
8691 8084 8570 7767
8420 8372 8308 7947
8611 8169 8511 7807
8580 8162 8513 7828
8620 8156 8745 7493
8382 8389 8347 7955
8402 8368 8317 7938
8618 8188 8509 7784
8620 8254 8656 7581
8593 8145 8548 7793
8603 8198 8528 7810
8563 8205 8512 7809
8417 8323 8372 7969
8574 8238 8478 7806
8587 8208 8473 7825
8411 8373 8304 7946
8633 8205 8452 7778
8640 8338 8629 7501
8618 8215 8471 7804
8361 8326 8343 7980
8584 8144 8530 7810
8588 8183 8495 7826
8368 8400 8339 7973
8548 8133 8569 7839
8582 8204 8510 7833
8396 8336 8292 7965
8423 8368 8294 7964
8432 8313 8353 7943
8576 8166 8526 7811
8622 8227 8474 7800
8377 8307 8346 7975
8364 8337 8351 7956
8343 8331 8423 7978
8608 8135 8529 7767
8614 8074 8612 7769
8618 8113 8577 7785
8587 8042 8610 7770
8587 8106 8579 7806
8603 8325 8630 7546
8590 8151 8589 7794
8569 8109 8634 7780
8551 8273 8644 7637
8301 8379 8419 8063
8657 7972 8583 7739
8563 8222 8703 7597
8635 8118 8567 7765
8584 8264 8658 7611
8640 8093 8563 7693
8566 8227 8696 7601
8616 8230 8635 7617
8647 8037 8577 7693
8595 8188 8680 7603
8587 8196 8694 7617
8631 8079 8602 7749
8574 8193 8708 7592
8641 8103 8561 7731
8613 8215 8667 7510
8656 8128 8502 7738
8632 8236 8677 7428
8623 8231 8690 7420
8635 8223 8565 7733
8656 8231 8667 7483
8583 8157 8562 7774
8691 8261 8593 7416
8629 8218 8510 7763
8655 8254 8647 7476
8614 8164 8560 7753
8636 8149 8614 7716
8601 8152 8624 7739
8648 8160 8710 7440
8579 8167 8570 7776
8596 8156 8626 7740
8617 8146 8776 7420
8630 8227 8567 7734
8631 8153 8616 7717
8316 8353 8531 7938
8624 8201 8571 7722
8586 8186 8590 7707
8572 8081 8771 7460
8586 8250 8559 7743
8553 8124 8769 7529
8593 8269 8602 7671
8534 8086 8800 7531
8552 8123 8762 7541
8334 8365 8411 8000
8307 8373 8403 7976
8525 8308 8651 7652
8296 8396 8357 7978
8525 8244 8682 7616
8307 8373 8328 8047
8563 8259 8663 7631
8296 8314 8458 8032
8532 8188 8696 7616
8258 8378 8356 8099
8532 8252 8665 7652
8539 8075 8812 7442
8281 8324 8477 8058
8526 8304 8689 7602
8295 8316 8426 8107
8520 8229 8734 7577
8585 8014 8789 7512
8257 8346 8394 8105
8515 8298 8712 7659
8554 7943 8822 7497
8561 8000 8809 7497
8305 8248 8391 8091
8547 8063 8777 7533
8510 8357 8667 7613
8526 8240 8720 7566
8549 8039 8802 7471
8559 8089 8789 7489
8508 8340 8680 7632
8487 8288 8729 7621
8478 8343 8670 7642
8541 8135 8796 7492
8464 8349 8667 7671
8459 8398 8633 7668
8552 8137 8807 7469
8543 8454 8625 7573
8534 8100 8845 7459
8446 8499 8605 7616
8432 8573 8576 7615
8457 8490 8573 7738
8540 8128 8805 7475
8515 8520 8560 7550
8546 8041 8846 7457
8542 8055 8833 7480
8524 8018 8871 7470
8411 8509 8594 7726
8528 8057 8836 7486
8535 8001 8850 7486
8465 8524 8547 7682
8581 8035 8816 7495
8466 8545 8536 7745
8599 7973 8787 7454
8329 8224 8404 8061
8592 8029 8773 7454
8607 8061 8757 7486
8628 8050 8730 7463
8431 8498 8577 7702
8597 8011 8770 7468
8569 8002 8818 7478
8550 7964 8849 7480
8265 8351 8353 8139
8447 8469 8601 7630
8284 8287 8317 8194
8596 8025 8797 7469
8294 8092 8312 8113
8578 7991 8775 7528
8312 8259 8292 8089
8580 7989 8770 7521
8495 8479 8572 7648
8614 8060 8711 7515
8625 8054 8769 7445
8627 8145 8721 7466
8258 8066 8375 8125
8498 8493 8649 7500
8640 8060 8718 7484
8265 8010 8389 8125
8464 8563 8592 7568
8654 8088 8729 7458
8257 8005 8430 8091
8252 8174 8450 8075
8310 8084 8496 8035
8641 8137 8699 7511
8700 8149 8677 7447
8321 8185 8481 8057
8523 8486 8543 7612
8307 8247 8453 8041
8624 8140 8705 7494
8647 8135 8744 7424
8669 8143 8701 7448
8335 8214 8451 8046
8489 8430 8609 7646
8677 8148 8660 7482
8547 8480 8636 7530
8645 8182 8683 7476
8658 8127 8694 7474
8488 8426 8630 7632
8665 8193 8646 7452
8704 8188 8642 7463
8679 8217 8571 7501
8353 8308 8401 8030
8673 8156 8666 7492
8615 8184 8688 7487
8622 8160 8726 7489
8618 8227 8679 7478
8352 8192 8479 8036
8359 8136 8493 8036
8631 8197 8674 7497
8380 8178 8448 8050
8651 8183 8680 7474
8363 8136 8451 8024
8397 8207 8392 8018
8365 8512 8615 7773
8670 8244 8628 7450
8366 8200 8394 8039
8688 8281 8590 7460
8412 8261 8342 8028
8668 8205 8584 7469
8391 8219 8387 8014
8709 8249 8547 7479
8422 8226 8385 7993
8724 8184 8534 7465
8439 8223 8379 8010
8678 8123 8586 7476
8460 8265 8334 8024
8699 8165 8541 7490
8426 8266 8304 8008
8709 8158 8574 7501
8409 8269 8310 7991
8678 8087 8607 7486
8388 8275 8292 8014
8412 8311 8308 7996
8724 8148 8555 7475
8372 8295 8282 8002
8728 8187 8520 7491
8389 8442 8294 7987
8315 8286 8376 8045
8435 8447 8604 7754
8713 8224 8543 7459
8449 8418 8624 7659
8682 8217 8545 7480
8504 8496 8548 7724
8724 8239 8528 7453
8759 8296 8508 7445
8485 8463 8626 7604
8711 8228 8547 7413
8696 8238 8566 7439
8336 8255 8389 8070
8701 8203 8580 7438
8483 8362 8692 7640
8455 8388 8637 7631
8429 8396 8654 7720
8414 8412 8640 7675
8728 8163 8622 7454
8467 8413 8610 7686
8480 8425 8622 7638
8682 8094 8731 7395
8449 8359 8686 7697
8277 8297 8556 8071
8419 8318 8674 7754
8306 8292 8506 8050
8415 8332 8661 7777
8332 8215 8482 8033
8428 8302 8656 7796
8360 8224 8434 8023
8372 8286 8352 7996
8347 8318 8323 8004
8316 8311 8325 8025
8478 8386 8591 7767
8337 8353 8280 8039
8704 8105 8720 7419
8336 8363 8262 8020
8669 8108 8730 7442
8310 8373 8302 8026
8669 8117 8701 7476
8293 8357 8355 8076
8478 8438 8569 7808
8638 8110 8703 7497
8642 8149 8668 7513
8310 8306 8302 8066
8634 8207 8675 7488
8630 8168 8710 7472
8279 8346 8272 8148
8297 8300 8263 8142
8318 8261 8228 8069
8329 8186 8219 8088
8466 8394 8547 7833
8315 8187 8355 8090
8608 8269 8747 7549
8306 8242 8296 8111
8592 8252 8711 7557
8484 8391 8556 7751
8550 8236 8743 7552
8311 8324 8290 8115
8298 8375 8218 8138
8269 8370 8220 8068
8570 8270 8755 7509
8271 8311 8291 8135
8495 8330 8709 7586
8252 8314 8270 8149
8494 8370 8693 7569
8489 8427 8687 7514
8585 8387 8631 7569
8455 8477 8545 7777
8272 8261 8337 8114
8257 8271 8356 8140
8208 8343 8425 8126
8533 8451 8586 7577
8241 8339 8358 8118
8499 8448 8562 7745
8252 8365 8461 8056
8617 8490 8500 7548
8245 8413 8416 8061
8423 8421 8590 7757
8241 8374 8451 8045
8306 8310 8484 8037
8405 8486 8556 7779
8235 8311 8458 8089
8239 8350 8423 8105
8353 8459 8593 7855
8230 8289 8525 8094
8421 8491 8565 7769
8486 8392 8695 7491
8195 8373 8430 8107
8203 8365 8416 8093
8234 8372 8414 8072
8544 8445 8644 7507
8195 8422 8465 8058
8438 8447 8578 7733
8192 8440 8425 8074
8198 8450 8439 8069
8502 8444 8588 7598
8223 8394 8471 8014
8226 8429 8463 8037
8516 8440 8557 7610
8195 8404 8535 8041
8498 8459 8576 7633
8231 8433 8426 8029
8202 8436 8452 8046
8209 8395 8440 8059
8542 8468 8541 7580
8255 8456 8388 8048
8470 8320 8638 7795
8239 8511 8375 8047
8506 8392 8576 7745
8537 8464 8578 7588
8252 8464 8356 8011
8481 8386 8565 7746
8265 8434 8351 8030
8208 8440 8408 8032
8449 8440 8569 7774
8516 8422 8623 7574
8236 8446 8410 7969
8436 8481 8546 7743
8221 8456 8429 7995
8572 8406 8647 7588
8189 8469 8473 7991
8552 8433 8584 7545
8179 8504 8430 8026
8518 8389 8660 7582
8158 8462 8475 8012
8396 8519 8613 7752
8522 8401 8654 7592
8517 8358 8670 7558
8198 8468 8491 7981
8551 8429 8611 7552
8221 8491 8461 7960
8183 8427 8492 7988
8170 8457 8497 7969
8180 8507 8484 7987
8362 8448 8672 7758
8163 8529 8463 7912
8366 8487 8637 7774
8586 8409 8600 7544
8138 8510 8470 7937
8335 8416 8670 7759
8117 8518 8495 7922
8335 8480 8639 7795
8146 8515 8469 7905
8331 8441 8674 7779
8227 8497 8527 7895
8113 8524 8476 7914
8367 8452 8635 7750
8570 8333 8681 7559
8124 8555 8480 7900
8371 8491 8600 7766
8378 8435 8614 7766
8557 8298 8699 7598
8258 8548 8418 7910
8409 8442 8612 7745
8297 8503 8451 7885
8405 8403 8647 7729
8509 8230 8738 7566
8439 8474 8588 7723
8540 8301 8705 7581
8277 8555 8416 7833
8408 8403 8621 7708
8536 8262 8740 7565
8304 8498 8493 7874
8408 8467 8590 7744
8378 8512 8439 7817
8585 8323 8662 7533
8433 8435 8619 7736
8313 8482 8475 7916
8469 8454 8576 7712
8539 8326 8683 7580
8460 8375 8634 7657
8510 8378 8573 7673
8543 8351 8650 7512
8564 8280 8714 7488
8524 8339 8558 7704
8589 8412 8598 7501
8346 8512 8421 7847
8582 8377 8647 7468
8483 8300 8658 7733
8567 8323 8697 7458
8279 8483 8445 7900
8462 8371 8594 7757
8325 8544 8393 7889
8473 8365 8652 7687
8464 8420 8593 7708
8563 8387 8676 7495
8436 8384 8618 7716
8317 8468 8488 7893
8482 8445 8566 7705
8532 8351 8727 7524
8522 8274 8778 7486
8445 8401 8604 7758
8553 8310 8727 7457
8439 8367 8625 7713
8572 8325 8729 7454
8248 8489 8502 7910
8424 8377 8644 7739
8561 8334 8719 7443
8435 8383 8635 7718
8562 8270 8770 7444
8230 8487 8420 7968
8574 8326 8705 7424
8261 8494 8418 7947
8594 8294 8694 7449
8274 8464 8413 7966
8573 8302 8719 7434
8466 8419 8584 7689
8566 8358 8705 7434
8253 8481 8431 7939
8466 8483 8553 7725
8517 8297 8783 7466
8416 8480 8614 7709
8498 8282 8781 7469
8204 8420 8509 7971
8552 8353 8756 7472
8365 8449 8577 7786
8155 8452 8496 7971
8189 8523 8437 7965
8342 8461 8643 7828
8528 8329 8749 7475
8200 8517 8495 7895
8218 8554 8457 7905
8406 8483 8528 7805
8197 8512 8502 7891
8458 8435 8555 7834
8550 8237 8772 7427
8177 8477 8545 7888
8546 8251 8759 7450
8223 8538 8493 7877
8219 8499 8528 7861
8359 8418 8607 7823
8495 8260 8787 7467
8174 8468 8535 7944
8170 8482 8522 7967
8177 8426 8536 7967
8521 8282 8789 7457
8216 8493 8464 7978
8539 8315 8744 7540
8227 8438 8465 7968
8511 8214 8780 7510
8220 8494 8451 7968
8542 8285 8747 7525
8174 8433 8503 7979
8488 8209 8786 7492
8357 8360 8676 7797
8350 8416 8662 7797
8521 8291 8729 7548
8321 8419 8688 7814
8514 8347 8715 7548
8143 8377 8587 7998
8334 8435 8649 7814
8515 8351 8688 7541
8295 8433 8643 7846
8536 8280 8752 7517
8303 8459 8637 7860
8146 8425 8530 7993
8329 8444 8579 7858
8496 8245 8768 7516
8218 8408 8545 8016
8492 8206 8803 7500
8149 8421 8516 8010
8373 8500 8583 7763
8491 8280 8754 7517
8384 8439 8595 7806
8484 8245 8803 7484
8193 8421 8491 7991
8366 8444 8609 7779
8515 8316 8770 7499
8219 8415 8504 8015
8361 8417 8659 7772
8512 8281 8778 7476
8186 8427 8471 8015
8389 8478 8657 7714
8516 8320 8743 7492
8415 8401 8633 7697
8485 8299 8782 7453
8411 8415 8620 7720
8464 8370 8718 7477
8173 8435 8485 8034
8436 8434 8613 7695
8481 8367 8712 7494
8431 8407 8648 7662
8518 8423 8673 7475
8204 8471 8434 8005
8435 8393 8661 7639
8468 8467 8668 7579
8427 8388 8702 7605
8423 8402 8689 7628
8412 8407 8728 7604
8403 8462 8669 7625
8179 8347 8584 7982
8425 8457 8650 7602
8210 8418 8551 7997
8421 8451 8668 7623
8177 8349 8589 7989
8393 8415 8693 7631
8223 8410 8537 7978
8405 8434 8690 7618
8409 8420 8703 7595
8231 8415 8496 8012
8185 8354 8548 8023
8431 8397 8719 7581
8182 8354 8574 8044
8437 8396 8701 7564
8211 8288 8575 8047
8232 8330 8530 8061
8467 8408 8680 7552
8462 8392 8688 7557
8256 8255 8601 8057
8460 8394 8693 7564
8236 8287 8612 8032
8229 8343 8598 8032
8240 8268 8589 8051
8268 8329 8587 7993
8276 8355 8581 8007
8489 8464 8613 7594
8271 8389 8512 7959
8461 8403 8615 7652
8279 8379 8506 7978
8276 8379 8532 7999
8509 8384 8567 7652
8234 8314 8507 8054
8258 8350 8523 8036
8511 8492 8525 7606
8219 8312 8479 8096
8469 8560 8492 7590
8179 8296 8453 8102
8527 8558 8502 7558
8166 8326 8458 8083
8216 8352 8414 8083
8237 8386 8381 8084
8258 8428 8336 8098
8189 8409 8310 8117
8192 8450 8282 8111
8505 8534 8510 7563
8155 8394 8321 8130
8563 8523 8394 7660
8183 8455 8319 8072
8249 8423 8349 8090
8513 8552 8528 7431
8270 8441 8307 8045
8511 8621 8309 7425
8242 8380 8309 8103
8499 8654 8370 7631
8468 8588 8559 7500
8465 8599 8506 7606
8212 8367 8388 8109
8427 8697 8478 7540
8228 8381 8394 8076
8256 8447 8356 8038
8456 8665 8341 7649
8282 8432 8298 8036
8322 8443 8328 7994
8472 8645 8389 7662
8325 8430 8343 7977
8450 8628 8520 7589
8473 8623 8551 7441
8473 8665 8342 7444
8349 8466 8359 7959
8314 8477 8285 7967
8451 8645 8458 7741
8436 8593 8594 7533
8350 8449 8336 7952
8371 8441 8311 7967
8349 8426 8268 7993
8361 8715 8339 7461
8386 8482 8229 7974
8407 8471 8202 7951
8398 8505 8190 7973
8396 8474 8196 7937
8381 8484 8215 7963
8396 8455 8240 7970
8387 8450 8253 7962
8402 8440 8234 7936
8407 8432 8286 7968
8443 8412 8381 7913
8458 8402 8362 7887
8462 8441 8327 7903
8447 8378 8431 7889
8467 8472 8447 7845
8428 8460 8301 7849
8475 8532 8573 7500
8471 8546 8560 7523
8443 8537 8608 7533
8405 8586 8596 7554
8372 8570 8292 7837
8382 8562 8590 7648
8369 8615 8573 7546
8434 8634 8549 7623
8425 8629 8562 7615
8418 8692 8491 7532
8376 8676 8523 7527
8405 8596 8268 7828
8355 8747 8459 7551
8315 8710 8480 7558
8319 8749 8445 7574
8339 8575 8387 7838
8274 8678 8505 7557
8312 8693 8486 7572
8270 8684 8461 7585
8332 8529 8401 7836
8327 8722 8455 7572
8367 8681 8504 7635
8315 8648 8511 7681
8377 8577 8388 7828
8401 8603 8572 7620
8402 8596 8381 7803
8331 8540 8635 7621
8283 8592 8576 7653
8280 8582 8607 7580
8311 8653 8574 7595
8452 8597 8376 7712
8311 8589 8605 7559
8315 8628 8570 7575
8272 8612 8570 7602
8406 8600 8397 7759
8268 8602 8587 7565
8369 8592 8595 7629
8399 8683 8413 7655
8335 8562 8648 7497
8369 8633 8589 7491
8309 8628 8621 7473
8313 8667 8586 7489
8386 8604 8634 7493
8378 8706 8301 7612
8282 8660 8588 7510
8391 8682 8327 7671
8278 8621 8623 7494
8422 8689 8325 7650
8309 8692 8590 7509
8307 8618 8597 7477
8365 8710 8517 7491
8468 8550 8450 7638
8472 8589 8415 7654
8465 8606 8434 7679
8329 8656 8578 7415
8423 8579 8496 7779
8438 8645 8543 7602
8435 8671 8524 7407
8345 8651 8564 7406
8348 8686 8556 7429
8330 8649 8594 7419
8385 8681 8454 7682
8428 8656 8525 7431
8470 8582 8579 7447
8297 8576 8512 7697
8506 8593 8540 7418
8339 8620 8506 7693
8517 8538 8541 7408
8334 8642 8468 7703
8573 8613 8449 7422
8294 8634 8471 7689
8523 8610 8510 7406
8508 8620 8529 7432
8508 8560 8569 7407
8505 8619 8533 7390
8477 8553 8571 7428
8308 8584 8498 7707
8529 8489 8633 7383
8279 8650 8497 7704
8509 8501 8598 7396
8288 8616 8509 7682
8565 8520 8555 7484
8480 8508 8591 7434
8467 8538 8596 7415
8401 8594 8615 7467
8333 8673 8484 7678
8355 8523 8651 7496
8427 8472 8679 7519
8348 8536 8642 7477
8351 8537 8638 7519
8337 8560 8674 7504
8348 8579 8637 7496
8381 8606 8580 7480
8334 8679 8461 7647
8355 8533 8667 7478
8355 8597 8636 7514
8433 8601 8534 7672
8341 8599 8639 7520
8306 8542 8659 7528
8374 8533 8566 7667
8337 8613 8626 7543
8352 8603 8607 7517
8370 8640 8569 7527
8366 8601 8604 7511
8351 8611 8623 7537
8333 8574 8661 7527
8416 8621 8548 7631
8393 8579 8629 7545
8415 8682 8466 7606
8390 8544 8637 7522
8362 8547 8633 7600
8283 8620 8591 7535
8451 8596 8490 7614
8466 8560 8518 7611
8416 8557 8579 7595
8413 8569 8588 7627
8406 8534 8637 7594
8387 8506 8638 7623
8411 8544 8594 7598
8424 8514 8589 7617
8461 8570 8550 7598
8388 8573 8601 7634
8410 8609 8568 7610
8407 8574 8576 7587
8436 8571 8550 7570
8421 8581 8569 7596
8418 8513 8636 7602
8391 8549 8593 7618
8349 8533 8625 7613
8387 8548 8606 7628
8398 8493 8607 7618
8385 8523 8612 7599
8374 8490 8646 7602
8313 8505 8652 7608
8322 8450 8711 7587
8356 8521 8652 7581
8325 8514 8654 7602
8327 8501 8670 7605
8358 8508 8668 7584
8331 8476 8666 7585
8369 8491 8647 7600
8365 8452 8682 7584
8465 8431 8577 7617
8462 8565 8582 7568
8494 8539 8567 7559
8525 8483 8576 7491
8566 8446 8604 7467
8618 8506 8544 7459
8584 8435 8603 7465
8575 8490 8544 7486
8578 8490 8518 7465
8569 8524 8506 7487
8604 8459 8583 7514
8629 8467 8499 7426
8623 8528 8416 7424
8644 8457 8480 7400
8647 8457 8493 7391
8634 8471 8462 7418
8649 8461 8443 7392
8628 8532 8379 7416
8592 8521 8418 7445
8563 8587 8417 7442
8530 8550 8528 7530
8568 8567 8416 7443
8561 8532 8465 7410
8546 8542 8484 7436
8550 8528 8497 7413
8616 8468 8588 7401
8602 8528 8528 7404
8581 8535 8495 7392
8577 8487 8559 7342
8580 8522 8551 7365
8559 8480 8596 7351
8546 8504 8570 7292
8552 8489 8564 7258
8550 8491 8569 7265
8567 8488 8563 7282
8613 8549 8511 7271
8579 8550 8481 7255
8600 8592 8436 7269
8563 8536 8475 7288
8556 8592 8461 7288
8525 8585 8463 7309
8562 8641 8424 7290
8512 8633 8436 7331
8525 8609 8462 7390
8556 8616 8460 7369
8516 8560 8525 7409
8519 8488 8588 7410
8504 8498 8607 7436
8525 8427 8671 7412
8585 8432 8639 7430
8582 8397 8647 7407
8585 8461 8590 7422
8621 8472 8551 7393
8657 8422 8536 7356
8624 8379 8603 7533
8611 8409 8608 7514
8663 8392 8593 7482
8665 8329 8630 7327
8617 8365 8609 7497
8675 8430 8510 7377
8690 8420 8491 7351
8693 8455 8483 7374
8633 8450 8515 7356
8637 8489 8480 7372
8640 8447 8481 7395
8673 8403 8505 7419
8678 8404 8474 7413
8674 8444 8464 7422
8685 8394 8453 7415
8576 8388 8509 7577
8607 8395 8507 7556
8630 8397 8563 7532
8653 8421 8437 7501
8638 8431 8456 7527
8608 8399 8480 7549
8654 8514 8402 7480
8650 8475 8437 7464
8635 8485 8456 7490
8595 8489 8543 7539
8600 8493 8506 7531
8561 8418 8602 7545
8565 8457 8567 7561
8586 8386 8631 7537
8577 8441 8572 7558
8573 8402 8607 7542
8617 8429 8578 7533
8625 8348 8648 7527
8661 8359 8609 7498
8664 8331 8607 7387
8670 8316 8601 7353
8701 8387 8568 7368
8638 8376 8618 7350
8623 8386 8637 7376
8589 8315 8696 7382
8593 8354 8661 7398
8653 8264 8624 7440
8651 8326 8627 7508
8665 8320 8586 7424
8645 8333 8581 7507
8612 8289 8664 7522
8606 8304 8670 7556
8609 8304 8644 7535
8596 8326 8622 7538
8581 8336 8641 7564
8518 8325 8691 7546
8524 8374 8654 7548
8551 8373 8584 7669
8533 8396 8615 7616
8527 8379 8558 7658
8537 8392 8538 7660
8548 8386 8596 7590
8485 8345 8693 7611
8519 8416 8634 7605
8485 8425 8634 7590
8483 8376 8635 7639
8504 8354 8667 7655
8511 8362 8604 7653
8520 8366 8586 7690
8517 8302 8643 7675
8516 8376 8594 7692
8518 8388 8583 7646
8546 8583 8327 7576
8495 8615 8405 7615
8488 8663 8360 7620
8478 8574 8409 7620
8502 8544 8526 7593
8507 8513 8463 7642
8538 8520 8461 7621
8486 8535 8498 7655
8482 8554 8458 7619
8454 8590 8443 7610
8523 8593 8405 7688
8493 8570 8449 7688
8453 8616 8443 7672
8483 8537 8470 7728
8489 8522 8464 7694
8492 8586 8407 7709
8500 8536 8370 7738
8497 8593 8380 7754
8466 8586 8382 7775
8503 8532 8463 7756
8461 8548 8419 7779
8409 8548 8388 7788
8406 8548 8414 7809
8409 8519 8437 7796
8414 8511 8545 7706
8414 8575 8514 7742
8466 8481 8567 7709
8473 8425 8581 7709
8542 8469 8448 7723
8530 8462 8464 7751
8556 8415 8503 7847
8516 8449 8495 7775
8442 8368 8598 7823
8469 8378 8565 7820
8514 8389 8548 7816
8446 8407 8563 7839
8448 8369 8574 7836
8500 8444 8521 7773
8482 8407 8559 7763
8414 8391 8596 7773
8485 8438 8564 7726
8447 8411 8581 7738
8477 8507 8526 7752
8468 8441 8564 7766
8507 8455 8539 7717
8492 8465 8558 7743
8492 8415 8552 7767
8488 8429 8539 7790
8471 8458 8460 7822
8502 8465 8458 7801
8458 8371 8586 7798
8416 8397 8585 7851
8415 8400 8565 7860
8347 8420 8588 7923
8408 8440 8541 7919
8419 8385 8542 7909
8402 8335 8596 7853
8433 8406 8563 7868
8395 8391 8582 7853
8395 8455 8551 7889
8364 8442 8572 7871
8391 8410 8605 7834
8395 8449 8570 7850
8450 8468 8526 7845
8446 8429 8561 7829
8504 8424 8505 7851
8454 8448 8549 7834
8448 8458 8502 7849
8427 8416 8547 7835
8424 8406 8578 7762
8451 8438 8580 7761
8511 8443 8548 7779
8483 8382 8550 7837
8454 8384 8580 7798
8480 8318 8607 7822
8460 8330 8572 7835
8464 8317 8578 7835
8484 8305 8613 7822
8518 8376 8554 7816
8487 8369 8556 7837
8508 8411 8511 7851
8525 8408 8505 7868
8513 8345 8527 7823
8510 8345 8553 7844
8482 8309 8578 7852
8475 8365 8564 7852
8507 8305 8547 7855
8535 8341 8522 7847
8539 8337 8445 7891
8518 8295 8490 7877
8489 8361 8489 7874
8477 8305 8540 7903
8424 8273 8610 7917
8460 8284 8571 7888
8515 8284 8576 7858
8491 8248 8560 7876
8537 8309 8508 7865
8478 8241 8596 7842
8463 8251 8615 7868
8442 8259 8640 7853
8463 8301 8595 7867
8484 8320 8611 7797
8520 8331 8572 7768
8526 8316 8566 7734
8576 8319 8505 7750
8583 8263 8519 7750
8572 8286 8473 7752
8585 8278 8459 7733
8609 8271 8415 7690
8618 8295 8426 7636
8635 8381 8469 7578
8620 8462 8371 7638
8629 8380 8309 7614
8618 8510 8381 7575
8583 8406 8410 7657
8573 8475 8470 7604
8543 8515 8432 7583
8548 8456 8477 7629
8556 8478 8476 7587
8525 8471 8478 7608
8512 8501 8483 7589
8523 8586 8481 7607
8505 8493 8477 7613
8546 8456 8505 7589
8559 8426 8500 7608
8563 8381 8560 7627
8560 8401 8522 7609
8571 8326 8513 7628
8567 8340 8500 7651
8597 8372 8476 7629
8599 8370 8471 7622
8581 8354 8553 7601
8581 8379 8494 7606
8601 8353 8519 7606
8585 8334 8508 7612
8589 8320 8521 7589
8577 8353 8566 7611
8606 8293 8513 7562
8644 8308 8494 7577
8602 8292 8526 7572
8596 8307 8532 7606
8539 8313 8589 7608
8538 8387 8540 7625
8559 8316 8604 7601
8588 8298 8567 7601
8563 8317 8591 7591
8535 8345 8585 7635
8566 8352 8583 7614
8577 8346 8641 7544
8520 8406 8616 7597
8478 8421 8647 7594
8437 8387 8664 7638
8424 8417 8669 7619
8432 8443 8663 7633
8410 8419 8671 7638
8404 8453 8633 7639
8426 8420 8624 7636
8454 8456 8599 7628
8444 8488 8606 7599
8448 8474 8619 7576
8406 8478 8661 7542
8437 8549 8628 7557
8442 8497 8620 7526
8446 8501 8603 7567
8466 8500 8581 7542
8512 8561 8529 7531
8538 8526 8522 7516
8523 8536 8541 7542
8496 8554 8479 7608
8542 8615 8427 7597
8514 8554 8429 7655
8510 8568 8416 7678
8536 8491 8392 7661
8551 8490 8396 7643
8538 8520 8401 7624
8608 8488 8385 7583
8621 8458 8380 7602
8658 8514 8341 7583
8612 8453 8393 7594
8583 8519 8392 7591
8547 8508 8431 7620
8575 8514 8433 7557
8604 8448 8434 7560
8628 8484 8450 7542
8591 8428 8489 7561
8637 8489 8437 7550
8613 8453 8421 7568
8641 8462 8373 7558
8620 8468 8355 7581
8591 8534 8354 7578
8596 8475 8399 7624
8593 8475 8425 7645
8572 8433 8470 7631
8601 8430 8444 7614
8604 8430 8418 7593
8636 8427 8434 7591
8590 8366 8486 7602
8627 8422 8447 7583
8631 8408 8460 7560
8620 8431 8414 7562
8649 8429 8409 7607
8640 8424 8422 7599
8603 8368 8461 7618
8652 8429 8383 7586
8664 8448 8380 7573
8675 8373 8371 7592
8711 8384 8332 7563
8683 8375 8380 7573
8679 8389 8367 7596
8673 8309 8453 7611
8310 8288 8813 7903
8306 8339 8714 7874
8326 8348 8710 7785
8433 8369 8727 7734
8283 8266 8753 7933
8298 8403 8744 7845
8304 8240 8914 7821
8349 8155 8819 7945
8289 8329 8748 7903
8278 8215 8926 7898
8308 8241 8836 7948
8265 8229 8947 7780
8351 8327 8765 7883
8274 8344 8743 7868
8314 8354 8815 7730
8255 8186 8842 7919
8354 8419 8815 7701
8382 8275 8798 7752
8326 8280 8862 7762
8341 8305 8834 7725
8371 8380 8852 7675
8273 8275 8900 7773
8262 8181 8930 7870
8308 8242 8878 7859
8248 8242 8828 7919
8247 8270 8938 7826
8420 8377 8741 7753
8072 8322 8914 7829
8262 8280 8857 7877
8219 8297 8939 7784
8250 8256 8928 7785
8359 8415 8669 7890
8340 8309 8885 7660
8245 8539 8766 7660
8236 8341 8975 7776
8254 7977 8901 7983
8420 8387 8723 7727
8355 8293 8799 7705
8237 8260 8758 7975
8356 8257 8648 8027
8411 8331 8733 7845
8233 8274 8745 7998
8325 8186 8681 8012
8360 8324 8672 7930
8251 8307 8805 7901
8293 8271 8901 7676
8246 8342 8738 7943
8247 8192 8985 7770
8301 8247 8790 7908
8312 8346 8871 7812
8285 8139 8793 8004
8289 8295 8780 7891
8244 8202 8807 8022
8268 8388 8702 7895
8336 8375 8763 7759
8339 8390 8781 7724
8360 8243 8661 8004
8304 8336 8633 7983
8270 8408 8576 8007
8203 8421 8528 7963
8401 8358 8777 7737
8428 8339 8736 7706
8382 8436 8711 7748
8431 8308 8754 7726
8425 8259 8791 7724
8424 8364 8740 7726
8315 8322 8609 7974
8371 8247 8629 8001
8189 8423 8530 7982
8391 8250 8659 7983
8368 8276 8758 7917
8329 8344 8796 7704
8328 8113 8864 7931
8285 8247 8823 7901
8409 8280 8690 7852
8359 8331 8702 7854
8367 8194 8842 7849
8482 8176 8786 7867
8390 8251 8744 7862
8395 8169 8711 7936
8171 8433 8529 8000
8294 8155 8814 7975
8348 8199 8738 7958
8174 8312 8767 7877
8299 8107 8780 7972
8271 8423 8694 7918
8310 8378 8679 7890
8103 8431 8774 7917
8250 8328 8751 7920
8083 8366 8784 7845
8133 8369 8723 7861
8430 8176 8755 7876
8253 8246 8791 7911
8229 8235 8780 7982
8433 8367 8604 7849
8416 8466 8535 7933
8498 8335 8493 7877
8448 8357 8585 7823
8297 8304 8845 7862
8475 8357 8494 7870
8462 8315 8752 7705
8246 8308 8768 7876
8295 8362 8772 7851
8267 8332 8777 7830
8442 8275 8795 7614
8272 8411 8812 7736
8242 8471 8773 7716
8319 8607 8726 7668
8282 8508 8752 7709
8306 8515 8722 7717
8347 8475 8801 7701
8287 8380 8818 7693
8321 8330 8836 7698
8346 8253 8861 7672
8370 8287 8810 7722
8409 8269 8805 7668
8418 8315 8777 7724
8336 8326 8838 7709
8368 8246 8819 7679
8375 8198 8864 7674
8397 8233 8822 7827
8432 8259 8807 7604
8427 8232 8835 7669
8439 8211 8852 7599
8473 8282 8793 7593
8482 8322 8829 7583
8404 8260 8814 7599
8435 8331 8781 7614
8483 8335 8773 7610
8479 8287 8837 7560
8439 8252 8853 7559
8424 8296 8907 7592
8443 8241 8880 7561
8396 8332 8892 7583
8399 8250 8840 7594
8398 8195 8903 7627
8365 8243 8868 7636
8323 8227 8900 7631
8395 8275 8844 7614
8410 8278 8811 7637
8381 8442 8846 7666
8320 8260 8933 7668
8300 8289 8887 7672
8281 8263 8926 7764
8285 8314 8869 7813
8326 8315 8853 7751
8319 8272 8898 7685
8277 8322 8883 7827
8193 8387 8831 7729
8213 8380 8883 7700
8164 8375 8875 7703
8251 8369 8857 7722
8208 8320 8888 7777
8258 8250 8959 7766
8262 8289 8924 7782
8233 8356 8915 7764
8257 8243 8928 7775
8279 8215 8973 7811
8264 8267 8935 7723
8367 8382 8761 7738
8320 8349 8815 7752
8377 8309 8785 7691
8477 8305 8733 7679
8471 8320 8739 7713
8440 8249 8772 7698
8457 8263 8771 7742
8436 8304 8755 7677
8418 8267 8793 7667
8433 8305 8758 7698
8387 8308 8779 7745
8389 8306 8774 7738
8420 8313 8772 7717
8458 8328 8753 7732
8427 8257 8786 7717
8430 8292 8778 7740
8416 8348 8758 7711
8382 8372 8742 7712
8336 8311 8794 7723
8375 8422 8717 7712
8360 8432 8736 7738
8370 8397 8779 7703
8329 8374 8793 7714
8320 8299 8827 7829
8338 8310 8803 7711
8351 8204 8831 7737
8431 8214 8772 7838
8448 8270 8750 7766
8465 8250 8715 7822
8504 8228 8773 7772
8460 8246 8752 7830
8378 8146 8883 7852
8342 8233 8817 7857
8374 8191 8860 7738
8401 8242 8754 7873
8358 8202 8801 7846
8387 8253 8785 7841
8358 8266 8770 7882
8367 8239 8815 7743
8365 8246 8801 7759
8327 8269 8798 7770
8393 8263 8760 7859
8289 8258 8817 7880
8396 8217 8782 7861
8415 8181 8833 7791
8400 8143 8805 7823
8423 8104 8824 7846
8429 8126 8770 7903
8455 8167 8851 7804
8411 8267 8764 7809
8388 8236 8797 7863
8373 8172 8821 7894
8356 8179 8826 7893
8327 8195 8803 7867
8221 8284 8800 7957
8261 8222 8842 7888
8244 8252 8974 7911
8327 8220 8798 7931
8339 8307 8698 7912
8339 8338 8661 7951
8349 8158 8747 7954
8356 8193 8679 7991
8331 8270 8660 7964
8426 8204 8696 7915
8284 8199 8781 7970
8382 8275 8640 7954
8391 8209 8783 7904
8502 8081 8786 7818
8437 8294 8648 7897
8487 8216 8646 7784
8541 8266 8624 7803
8559 8206 8658 7766
8559 8187 8693 7829
8465 8186 8746 7786
8422 8274 8671 7785
8476 8209 8666 7774
8447 8275 8665 7771
8418 8276 8768 7799
8475 8216 8669 7884
8377 8211 8786 7910
8420 8065 8802 7922
8380 8093 8823 7857
8379 8093 8868 7899
8374 7996 8937 7915
8367 8055 8842 7972
8416 8232 8735 7847
8399 8217 8756 7840
8407 8178 8756 7856
8426 8091 8778 7880
8460 8162 8719 7874
8433 8197 8753 7901
8458 8218 8693 7886
8351 8257 8725 7958
8302 8108 8776 8014
8264 8292 8760 7974
8324 8308 8694 7930
8300 8297 8668 7967
8371 8269 8673 7920
8398 8301 8675 7919
8335 8290 8725 7901
8386 8263 8599 7974
8391 8254 8699 7906
8359 8240 8568 8009
8315 8281 8634 7973
8386 8272 8570 8008
8342 8313 8636 7972
8309 8374 8706 7897
8402 8113 8725 7936
8351 8258 8695 7951
8272 8427 8667 7911
8364 8162 8713 7957
8329 8225 8646 8028
8377 8185 8668 7952
8360 8232 8644 8007
8369 8159 8674 7938
8376 8103 8688 7938
8342 8265 8699 7935
8397 8095 8663 7953
8360 8179 8692 7968
8382 8078 8730 7940
8288 8332 8751 7883
8353 8229 8667 7968
8435 8119 8752 7932
8289 8336 8724 7876
8403 8232 8606 7984
8440 8098 8699 7912
8449 8293 8554 7973
8327 8266 8695 7953
8460 8238 8555 7963
8389 8058 8804 7943
8324 8225 8723 7959
8491 8245 8553 7942
8380 8018 8803 7980
8497 8230 8547 7908
8482 8240 8566 7934
8432 8237 8627 7918
8381 8175 8707 7906
8332 8383 8667 7891
8426 8252 8633 7952
8384 8210 8699 7929
8395 8181 8666 7937
8395 8245 8635 7973
8391 8474 8574 7870
8335 8091 8854 7992
8345 8192 8761 7938
8322 8586 8641 7808
8361 8233 8685 7940
8362 8231 8686 7944
8433 8510 8526 7768
8382 8227 8703 7917
8358 8245 8673 7967
8395 8197 8698 7936
8364 8230 8667 7933
8378 8483 8566 7801
8383 8268 8636 7931
8276 8489 8661 7832
8465 8232 8680 7874
8441 8194 8677 7889
8456 8219 8618 7896
8344 8007 8842 8009
8473 8208 8674 7860
8297 8026 8894 7985
8455 8280 8608 7896
8510 8256 8595 7847
8341 8657 8611 7680
8429 8221 8719 7903
8470 8270 8589 7870
8279 8655 8631 7703
8444 8238 8662 7897
8341 7973 8860 7931
8284 8635 8629 7829
8403 8223 8707 7903
8421 8260 8669 7913
8258 8595 8703 7828
8432 8185 8660 7932
8332 8056 8862 7969
8346 8603 8518 7748
8453 8227 8615 7946
8435 8261 8575 7933
8389 8265 8560 7941
8432 8288 8601 7903
8307 8050 8874 7954
8414 8669 8562 7671
8426 8322 8563 7904
8318 8030 8934 7913
8398 8256 8601 7942
8387 8279 8555 7944
8391 8576 8640 7629
8452 8272 8475 7934
8452 8231 8452 7971
8278 8717 8612 7670
8481 8228 8426 7954
8463 8191 8464 7944
8446 8202 8408 7980
8419 8212 8412 7998
8394 8201 8426 8018
8387 8166 8475 7985
8390 8201 8467 8008
8359 8194 8469 8029
8400 8228 8452 7985
8271 8542 8704 7752
8422 8253 8384 7992
8450 8219 8410 7977
8404 8158 8462 7988
8401 8158 8488 8009
8326 8558 8579 7788
8398 8123 8496 7986
8288 8118 8781 7984
8435 8134 8497 7974
8233 8048 8837 8007
8299 8585 8637 7820
8426 8075 8497 7978
8486 8080 8465 7996
8253 8047 8854 8046
8458 8050 8470 7975
8227 8524 8736 7813
8492 8121 8411 7969
8299 8503 8681 7793
8461 8114 8413 7990
8488 8146 8415 7989
8467 8104 8460 7975
8362 8512 8641 7794
8498 8111 8458 7954
8509 8105 8516 7884
8258 8423 8735 7801
8526 8199 8502 7903
8273 8113 8859 7961
8494 8302 8534 7920
8224 8352 8794 7807
8544 8224 8475 7900
8204 8359 8786 7770
8547 8187 8521 7846
8222 8396 8748 7780
8565 8177 8479 7858
8206 8358 8774 7755
8581 8238 8521 7797
8360 8009 8856 7970
8192 8352 8859 7811
8556 8317 8543 7836
8192 8360 8777 7761
8586 8239 8569 7769
8372 8044 8827 7946
8534 8254 8654 7776
8533 8276 8630 7784
8168 8383 8777 7753
8566 8150 8672 7766
8152 8358 8860 7724
8242 8344 8911 7686
8507 8125 8775 7819
8529 8196 8802 7764
8389 7980 8758 7985
8385 7941 8793 7969
8522 8361 8619 7767
8366 8037 8811 8008
8159 8405 8899 7687
8380 8072 8721 7996
8106 8388 8902 7636
8548 8248 8582 7741
8346 8073 8691 7980
8154 8456 8863 7668
8572 8269 8626 7710
8377 8080 8689 7959
8120 8457 8833 7652
8552 8223 8578 7721
8347 8048 8769 7987
8141 8499 8788 7666
8568 8230 8661 7694
8113 8433 8826 7704
8096 8436 8832 7687
8378 8197 8748 7931
8062 8365 8891 7693
8106 8412 8884 7767
8533 8233 8671 7717
8094 8379 8886 7750
8121 8411 8888 7749
8410 8050 8779 7958
8082 8348 8935 7748
8424 8075 8762 7956
8062 8360 8900 7761
8382 8013 8730 7968
8155 8296 8898 7830
8250 8239 8963 7873
8510 8126 8771 7861
8286 8250 8924 7844
8186 8303 8896 7809
8173 8236 8991 7795
8158 8353 8829 7795
8541 8263 8593 7826
8189 8360 8827 7774
8271 8101 8778 8035
8268 8037 8835 8020
8564 8253 8509 7788
8176 8306 8897 7782
8367 8023 8850 8006
8258 8051 8817 8038
8261 8051 8791 8017
8307 8112 8739 8006
8310 8071 8808 8006
8247 8204 8971 7850
8220 8260 8937 7853
8237 8058 8784 8026
8293 8114 8779 7983
8564 8259 8518 7784
8143 8320 8912 7777
8540 8243 8507 7846
8284 8148 8821 7958
8142 8316 8939 7784
8585 8263 8488 7729
8607 8287 8480 7724
8599 8261 8486 7710
8193 8148 8825 8053
8635 8240 8449 7719
8125 8353 8906 7777
8620 8213 8523 7755
8266 8169 8845 7961
8146 8395 8861 7791
8608 8255 8569 7714
8111 8346 8888 7790
8249 8142 8801 7978
8642 8262 8541 7672
8661 8351 8483 7657
8143 8357 8910 7678
8608 8191 8600 7678
8294 8257 8729 7941
8115 8352 8948 7656
8316 8293 8696 7917
8156 8315 8976 7632
8611 8255 8543 7693
8139 8251 9002 7626
8598 8261 8586 7682
8233 8219 8764 8074
8195 8262 8989 7829
8603 8265 8549 7674
8307 8306 8703 7952
8603 8201 8580 7638
8238 8255 8973 7636
8271 8267 8717 7952
8595 8226 8594 7659
8230 8209 8795 8001
8249 8200 8974 7626
8599 8265 8559 7675
8215 8219 8814 8027
8258 8266 8936 7612
8186 8222 8840 8044
8248 8346 8925 7637
8184 8148 8847 8012
8564 8272 8548 7719
8558 8333 8465 7717
8210 8221 8760 8014
8186 8380 8886 7610
8202 8153 8812 8061
8537 8314 8545 7711
8253 8350 8888 7629
8198 8162 8784 8082
8526 8281 8626 7722
8183 8172 8803 8108
8536 8413 8584 7718
8149 8101 8862 8114
8153 8140 8827 8130
8331 8343 8873 7682
8567 8420 8582 7697
8159 8125 8821 8096
8530 8337 8637 7712
8193 8196 8762 8090
8162 8189 8764 8111
8183 8183 8782 8088
8567 8304 8612 7711
8162 8141 8827 8074
8200 8092 8839 8053
8216 8240 8977 7754
8530 8273 8668 7676
8227 8124 8841 8052
8190 8068 8880 8071
8183 8124 8866 8071
8198 8114 8847 8045
8156 8092 8864 8072
8153 8092 8890 8093
8125 8056 8915 8101
8152 8088 8917 8100
8122 8047 8905 8157
8143 8089 8860 8171
8108 8040 8887 8170
8543 8194 8589 7786
8136 8101 8885 8112
8589 8255 8537 7775
8115 8059 8930 8098
8554 8206 8564 7774
8143 8125 8892 8060
8575 8248 8519 7788
8109 8126 8862 8044
8128 8237 8999 7638
8098 8149 8816 8046
8131 8272 8991 7661
8143 8189 8798 8056
8135 8250 8997 7647
8551 8168 8498 7865
8552 8172 8534 7855
8237 8319 8692 7969
8226 8307 8717 7981
8524 8239 8631 7812
8166 8315 8657 8001
8546 8264 8563 7819
8236 8279 8692 8019
8201 8361 8898 7673
8525 8116 8752 7835
8241 8297 8698 7955
8243 8313 8897 7642
8564 8128 8630 7793
8563 8202 8581 7810
8574 8196 8639 7740
8225 8229 8807 7973
8216 8284 8748 7994
8503 8205 8640 7785
8263 8336 8906 7611
8523 8191 8784 7765
8255 8291 8772 7915
8527 8241 8656 7767
8531 8219 8662 7753
8224 8284 8774 7936
8251 8252 8907 7900
8500 8203 8615 7830
8493 8259 8601 7830
8252 8251 8938 7725
8288 8265 8881 7747
8487 8199 8644 7795
8485 8201 8649 7802
8492 8195 8643 7801
8298 8206 8788 7957
8488 8209 8630 7824
8545 8215 8579 7803
8517 8209 8577 7866
8553 8220 8538 7837
8511 8155 8513 7892
8513 8153 8508 7885
8331 8220 8797 7936
8308 8178 8909 7823
8541 8189 8483 7877
8352 8168 8823 7903
8293 8188 8928 7849
8360 8129 8789 7913
8259 8117 8987 7855
8532 8305 8545 7873
8310 8126 8850 7897
8252 8165 8942 7860
8559 8248 8464 7881
8258 8150 8936 7826
8534 8236 8433 7911
8517 8239 8439 7894
8331 8239 8759 7927
8193 8134 8997 7860
8574 8238 8445 7855
8568 8253 8451 7889
8530 8238 8470 7874
8220 8216 8958 7929
8515 8248 8489 7900
8255 8224 8839 7897
8501 8298 8547 7894
8286 8324 8757 7904
8258 8288 8782 7912
8506 8434 8529 7847
8270 8272 8843 7863
8336 8211 8789 7886
8456 8319 8525 7872
8367 8218 8787 7865
8280 8262 8848 7836
8446 8417 8544 7908
8333 8147 8846 7871
8450 8403 8557 7885
8337 8195 8782 7921
8299 8131 8813 7949
8271 8238 8905 7861
8475 8427 8531 7868
8339 8217 8776 7953
8501 8459 8514 7801
8304 8127 8782 7970
8265 8272 8867 7862
8491 8354 8621 7788
8278 8142 8840 7972
8226 8142 8809 7981
8272 8203 8757 7970
8438 8390 8592 7837
8510 8464 8501 7809
8319 8248 8743 7971
8259 8227 8938 7824
8472 8525 8465 7777
8267 8248 8712 7980
8259 8236 8909 7858
8552 8453 8524 7734
8264 8248 8738 8001
8240 8223 8757 7988
8243 8264 8729 7982
8243 8223 8706 8019
8205 8272 8694 8040
8181 8155 8997 7895
8516 8416 8660 7626
8241 8283 8655 8011
8179 8157 9002 7902
8195 8222 8707 8022
8177 8126 9008 7866
8247 8222 8738 8013
8225 8201 8982 7899
8264 8283 8662 7990
8223 8260 8911 7832
8569 8489 8468 7714
8286 8264 8748 7938
8594 8456 8572 7658
8238 8314 8861 7842
8227 8337 8815 7844
8594 8517 8425 7618
8181 8276 8867 7855
8595 8351 8681 7503
8212 8283 8865 7834
8597 8400 8610 7555
8191 8291 8890 7819
8648 8436 8576 7512
8656 8456 8429 7524
8400 8273 8706 7879
8644 8519 8455 7479
8194 8276 8950 7831
8390 8338 8700 7833
8191 8276 8976 7852
8562 8483 8571 7563
8356 8267 8759 7839
8223 8271 8941 7819
8320 8256 8798 7868
8324 8295 8763 7884
8320 8309 8750 7907
8318 8238 8807 7904
8266 8285 8923 7823
8352 8309 8748 7898
8284 8280 8879 7765
8332 8259 8774 7822
8293 8246 8891 7743
8614 8365 8635 7518
8392 8264 8742 7840
8295 8244 8886 7736
8414 8288 8734 7835
8635 8455 8483 7435
8348 8298 8772 7851
8375 8376 8775 7719
8667 8300 8617 7460
8376 8304 8758 7851
8335 8339 8796 7726
8686 8386 8553 7466
8396 8319 8747 7827
8636 8264 8668 7489
8340 8373 8854 7696
8636 8336 8646 7534
8396 8191 8816 7832
8337 8363 8885 7623
8402 8245 8775 7761
8368 8434 8852 7638
8411 8190 8834 7740
8383 8424 8833 7612
8613 8439 8586 7535
8429 8227 8796 7750
8398 8449 8774 7619
8405 8393 8788 7619
8415 8247 8803 7737
8423 8387 8859 7564
8406 8302 8744 7758
8427 8498 8765 7585
8388 8265 8782 7748
8458 8343 8817 7580
8655 8363 8570 7508
8688 8387 8473 7618
8427 8279 8842 7576
8680 8370 8446 7668
8510 8167 8856 7774
8719 8370 8401 7600
8383 8236 8912 7543
8458 8214 8781 7731
8365 8261 8925 7568
8679 8186 8396 7736
8411 8142 8868 7775
8702 8189 8450 7727
8432 8297 8834 7511
8697 8261 8375 7711
8444 8420 8798 7530
8697 8190 8434 7642
8406 8390 8865 7547
8392 8236 8756 7873
8354 8299 8899 7551
8385 8370 8866 7566
8351 8299 8925 7572
8351 8363 8894 7608
8717 8145 8476 7673
8386 8239 8764 7897
8354 8363 8868 7587
8345 8397 8856 7609
8374 8331 8857 7612
8324 8204 8808 7894
8405 8338 8855 7591
8342 8241 8770 7904
8420 8328 8836 7565
8427 8272 8850 7565
8657 8140 8508 7655
8383 8348 8868 7588
8375 8137 8793 7878
8356 8316 8866 7589
8375 8201 8762 7914
8351 8165 8746 7932
8372 8296 8876 7601
8393 8187 8729 7905
8393 8225 8940 7577
8427 8258 8670 7899
8448 8187 8734 7875
8384 8280 8881 7598
8380 8294 8868 7621
8371 8136 8782 7913
8389 8260 8880 7599
8411 8173 8761 7906
8338 8190 8935 7609
8380 8102 8794 7891
8707 8192 8398 7673
8384 8141 8759 7907
8395 8160 8911 7604
8374 8231 8847 7628
8664 8237 8423 7702
8479 8119 8773 7882
8364 8189 8916 7634
8457 8128 8764 7872
8343 8195 8898 7657
8404 8080 8792 7864
8333 8118 8949 7619
8435 8087 8790 7843
8460 8097 8866 7774
8360 8150 8951 7618
8656 8203 8490 7799
8394 8221 8892 7612
8334 8216 8924 7594
8338 8255 8889 7610
8300 8195 8943 7596
8461 8145 8807 7791
8331 8216 8904 7635
8327 8177 8939 7619
8360 8176 8886 7696
8323 8120 8923 7632
8483 8135 8854 7775
8354 8191 8890 7647
8633 8269 8421 7814
8470 8157 8832 7778
8413 8139 8894 7808
8629 8171 8488 7800
8454 8190 8770 7779
8378 8082 8914 7816
8407 8150 8872 7663
8486 8156 8747 7785
8478 8117 8824 7781
8379 8212 8840 7686
8661 8179 8473 7671
8403 8186 8852 7735
8396 8242 8838 7735
8525 8157 8837 7748
8421 8181 8808 7677
8434 8112 8880 7633
8618 8154 8677 7737
8465 8183 8847 7648
8427 8168 8866 7633
8384 8162 8859 7645
8698 8150 8485 7711
8531 8093 8773 7762
8415 8169 8857 7624
8552 8138 8737 7698
8422 8113 8871 7624
8545 8103 8786 7665
8436 8077 8951 7781
8549 8151 8722 7715
8412 8113 8895 7782
8452 8101 8898 7662
8678 8108 8544 7708
8474 8046 8864 7638
8704 8169 8450 7614
8478 8010 8884 7566
8662 8173 8492 7580
8553 8073 8766 7815
8527 8032 8843 7685
8683 8160 8504 7737
8475 7975 8892 7543
8651 8331 8512 7637
8491 8091 8862 7750
8466 7977 8886 7549
8449 8064 8913 7781
8628 8265 8458 7822
8457 7924 8904 7519
8545 8069 8805 7695
8488 7995 8871 7534
8459 7955 8898 7555
8476 8019 8872 7561
8460 8020 8895 7735
8672 8242 8382 7736
8504 8072 8869 7478
8484 8104 8880 7453
8663 8262 8345 7695
8538 8118 8778 7736
8464 8039 8890 7381
8547 8184 8740 7722
8549 8073 8864 7454
8683 8359 8440 7629
8486 8033 8877 7407
8498 8032 8886 7416
8617 8316 8374 7689
8606 8237 8761 7533
8595 8340 8319 7731
8583 8181 8787 7417
8613 8020 8784 7445
8599 8376 8410 7710
8645 8160 8736 7461
8424 8096 8884 7789
8597 8316 8422 7758
8428 8135 8849 7805
8582 7949 8817 7430
8585 7984 8809 7453
8568 8382 8421 7755
8584 8479 8481 7688
8583 8144 8805 7448
8515 8107 8850 7730
8568 8105 8778 7459
8515 8171 8819 7766
8549 8034 8801 7799
8470 8100 8879 7749
8449 8171 8815 7773
8586 8172 8780 7447
8603 8508 8427 7678
8415 8100 8874 7779
8398 8111 8818 7815
8590 8057 8779 7468
8518 8522 8444 7730
8603 8100 8727 7727
8528 8555 8418 7656
8640 8151 8763 7412
8347 8075 8916 7837
8381 8146 8857 7831
8649 8162 8733 7427
8412 8153 8855 7810
8500 8445 8642 7715
8369 8092 8901 7734
8617 8210 8745 7456
8389 8157 8891 7806
8628 8370 8415 7677
8379 8090 8926 7774
8413 8161 8867 7768
8382 8090 8900 7753
8420 8105 8881 7768
8433 8042 8959 7758
8393 8007 8975 7757
8398 7970 8983 7760
8528 8597 8368 7680
8385 8000 8988 7741
8439 8053 8922 7716
8386 8048 8960 7727
8388 8046 8955 7720
8406 8083 8917 7730
8560 8224 8794 7406
8457 8581 8395 7767
8361 8018 8918 7806
8300 8033 8924 7812
8609 8208 8768 7325
8474 8452 8556 7831
8306 8052 8953 7794
8617 8246 8696 7454
8271 8003 8980 7793
8292 8045 8935 7807
8633 8199 8718 7417
8266 7966 8970 7837
8503 8642 8343 7756
8270 8005 8935 7853
8423 8638 8336 7817
8283 7981 8961 7912
8490 8504 8535 7802
8320 8037 8922 7893
8371 8491 8291 7966
8324 8015 8928 7879
8369 8488 8542 7802
8314 7991 8969 7897
8591 8272 8753 7532
8371 7961 8945 7892
8405 8032 8886 7886
8345 8027 8918 7868
8349 8066 8883 7884
8610 8276 8726 7549
8307 8050 8915 7879
8585 8308 8697 7557
8307 8114 8884 7915
8300 8119 8885 7924
8282 8146 8855 7923
8303 8090 8908 7911
8286 8121 8851 7903
8272 8083 8910 7932
8412 8528 8303 7827
8252 8114 8879 7945
8569 8171 8771 7484
8374 8508 8272 7857
8547 8118 8809 7421
8400 8537 8549 7794
8401 8613 8404 7810
8300 8055 8916 7888
8303 8119 8859 7903
8334 8126 8857 7882
8335 8052 8906 7865
8545 8318 8805 7439
8339 8091 8871 7881
8352 8061 8866 7900
8348 8022 8901 7884
8384 8033 8862 7855
8388 8072 8827 7871
8375 8014 8840 7988
8368 8005 8862 7930
8389 7994 8835 7907
8560 8228 8778 7386
8519 8484 8487 7798
8425 8040 8760 7932
8556 8345 8719 7480
8383 8018 8777 7959
8414 8025 8775 7938
8380 7954 8834 7944
8563 8318 8710 7514
8578 8356 8700 7384
8585 8313 8702 7341
8401 8523 8576 7744
8390 8004 8821 7962
8617 8320 8665 7411
8361 8076 8810 7921
8346 8086 8829 7947
8299 8024 8889 7978
8593 8361 8645 7539
8336 7952 8883 7991
8567 8387 8666 7494
8332 7966 8870 8014
8559 8348 8711 7479
8506 8324 8767 7516
8529 8325 8769 7359
8282 8035 8833 8014
8561 8402 8655 7369
8330 8095 8856 7993
8343 8087 8842 7974
8295 8027 8819 7995
8322 8059 8821 7994
8291 8052 8823 8015
8280 8075 8777 8017
8287 8019 8791 8017
8284 8019 8817 8038
8581 8307 8710 7567
8238 7958 8869 8049
8269 7965 8867 8028
8317 7957 8943 7978
8490 8341 8763 7352
8266 7964 8871 7986
8562 8383 8703 7502
8419 8446 8594 7777
8519 8302 8726 7592
8391 8471 8587 7808
8317 7893 8974 7942
8529 8316 8735 7501
8387 8513 8515 7799
8351 7964 8915 7936
8299 7904 8975 7944
8290 7959 8916 7965
8378 8427 8586 7902
8319 7893 8917 7968
8408 8456 8551 7860
8316 7893 8943 7989
8320 7879 8956 7966
8322 7897 8923 7948
8567 8228 8773 7304
8340 7861 8925 7924
8552 8238 8792 7330
8395 8424 8580 7919
8377 7917 8886 7905
8521 8167 8825 7315
8421 7882 8900 7916
8581 8172 8793 7333
8455 7918 8817 7897
8318 8452 8641 7914
8442 7876 8918 7893
8427 7932 8848 7883
8630 8157 8762 7305
8614 8212 8731 7317
8667 8214 8690 7392
8442 7924 8855 7930
8411 8414 8552 7883
8390 7924 8824 7939
8662 8210 8727 7400
8405 8479 8555 7812
8427 7980 8785 7920
8646 8120 8775 7293
8400 8430 8652 7821
8396 7973 8787 7941
8624 8130 8779 7278
8424 8034 8785 7883
8639 8102 8789 7297
8503 8483 8489 7800
8435 7959 8776 7902
8440 7976 8814 7887
8429 8051 8823 7868
8392 7995 8862 7887
8645 8086 8773 7333
8401 8061 8824 7873
8380 8069 8849 7858
8637 8094 8790 7339
8383 8110 8821 7852
8614 8089 8769 7446
8436 8096 8810 7827
8561 8023 8830 7418
8390 8035 8862 7838
8596 8166 8776 7401
8570 8098 8819 7436
8396 8072 8822 7847
8420 8108 8838 7829
8323 8578 8593 7777
8385 8059 8865 7828
8402 8064 8836 7834
8429 8096 8838 7833
8411 8573 8563 7762
8433 8074 8844 7819
8437 8113 8809 7835
8444 8057 8823 7835
8454 8586 8494 7758
8452 8054 8802 7852
8479 8086 8804 7851
8534 8044 8820 7825
8503 8058 8804 7814
8677 8200 8708 7374
8484 8056 8813 7821
8742 8099 8699 7413
8453 7985 8846 7806
8703 8165 8678 7298
8696 8147 8724 7289
8509 8024 8842 7813
8531 8048 8834 7808
8727 8203 8647 7390
8366 8600 8342 7830
8534 8048 8808 7787
8680 8157 8726 7438
8507 8012 8818 7826
8674 8112 8734 7267
8673 8173 8730 7291
8667 8126 8766 7317
8685 8037 8725 7286
8541 8037 8822 7782
8707 8140 8712 7442
8545 8076 8787 7798
8507 8061 8806 7783
8635 8129 8765 7282
8599 8086 8795 7290
8539 8137 8719 7753
8699 8126 8713 7282
8524 8147 8738 7779
8703 8179 8671 7436
8493 8140 8740 7800
8485 8148 8754 7814
8464 8106 8799 7800
8495 8113 8797 7779
8502 8057 8811 7779
8548 8118 8759 7768
8520 8082 8784 7776
8541 8124 8739 7790
8639 8168 8730 7298
8549 8116 8725 7776
8585 8127 8686 7747
8581 8088 8721 7731
8643 8141 8754 7313
8566 8098 8740 7757
8563 8063 8748 7734
8572 8029 8760 7712
8638 8091 8791 7266
8572 8093 8729 7748
8585 8104 8710 7788
8568 8107 8716 7771
8720 8158 8663 7420
8616 8111 8708 7767
8672 8130 8729 7309
8575 8057 8739 7734
8571 8071 8726 7757
8650 8026 8767 7289
8587 7983 8752 7763
8642 8021 8808 7255
8596 8049 8714 7749
8642 8085 8777 7291
8633 8055 8825 7323
8567 7918 8762 7691
8645 8056 8800 7278
8617 7921 8701 7707
8626 8024 8850 7220
8654 7977 8662 7688
8630 8063 8815 7236
8627 7954 8631 7723
8602 8057 8813 7299
8618 7988 8619 7745
8623 8099 8768 7313
8609 7962 8603 7798
8601 8076 8580 7813
8606 8023 8823 7324
8578 7955 8605 7819
8641 8014 8608 7795
8629 7940 8609 7736
8632 8083 8578 7792
8672 8066 8760 7273
8599 7997 8560 7833
8613 7980 8536 7837
8563 7852 8539 7853
8521 7956 8606 7876
8499 7935 8630 7915
8327 8418 8653 7892
8491 7940 8614 7880
8718 8213 8634 7308
8473 7920 8649 7921
8680 8198 8653 7293
8273 8381 8701 7897
8444 7986 8648 7918
8680 8262 8622 7329
8277 8420 8666 7913
8480 8003 8658 7914
8693 8238 8648 7388
8327 8376 8692 7924
8714 8230 8623 7403
8276 8415 8665 7940
8485 7955 8620 7914
8687 8207 8592 7438
8453 7968 8664 7910
8718 8214 8590 7417
8474 8010 8619 7924
8669 8181 8670 7512
8685 8159 8696 7473
8449 7982 8651 7933
8296 8305 8725 7909
8437 7949 8653 7916
8291 8379 8693 7937
8483 8010 8601 7905
8245 8344 8698 7925
8494 7955 8602 7895
8238 8400 8684 7925
8506 7988 8600 7912
8631 8149 8695 7476
8242 8439 8649 7941
8460 7927 8652 7923
8449 7932 8691 7899
8211 8432 8651 7962
8633 8184 8726 7433
8238 8464 8653 7961
8633 8229 8676 7466
8256 8428 8655 7937
8253 8428 8681 7958
8545 7963 8575 7874
8253 8364 8712 7922
8543 7981 8538 7883
8246 8360 8716 7876
8280 8431 8657 7870
8536 7946 8587 7850
8284 8417 8670 7847
8561 7930 8561 7838
8657 8217 8635 7415
8652 8213 8672 7423
8648 8174 8707 7407
8573 7883 8576 7836
8644 8190 8728 7428
8539 7812 8635 7842
8555 7939 8532 7847
8238 8574 8681 7840
8258 8504 8525 7874
8575 8059 8520 7888
8241 8564 8545 7859
8275 8501 8519 7891
8536 7947 8586 7830
8304 8478 8529 7873
8357 8498 8558 7871
8626 7898 8629 7800
8189 8473 8549 7892
8580 7837 8681 7811
8176 8503 8554 7873
8573 7893 8667 7811
8560 8201 8786 7517
8167 8505 8564 7875
8575 7891 8662 7804
8594 8164 8766 7433
8204 8509 8547 7887
8555 8101 8813 7432
8239 8564 8516 7880
8544 8099 8808 7515
8247 8510 8590 7859
8551 7984 8535 7842
8533 7964 8566 7865
8261 8523 8457 7862
8307 8584 8405 7851
8490 7949 8608 7897
8279 8523 8407 7909
8275 8537 8394 7932
8238 8491 8450 7965
8269 8492 8472 7937
8512 7974 8540 7904
8501 7997 8494 7906
8515 7997 8467 7908
8548 8027 8518 7889
8609 8087 8470 7860
8328 8472 8456 7890
8600 7936 8486 7856
8550 7933 8547 7840
8581 8004 8514 7855
8401 8448 8423 7949
8265 8433 8364 7970
8528 7999 8552 7866
8529 7925 8601 7849
8591 8283 8701 7539
8287 8422 8441 8048
8287 8458 8296 7977
8579 8034 8516 7868
8227 8433 8436 8030
8259 8494 8281 7968
8563 8026 8522 7871
8262 8494 8255 7947
8567 8016 8562 7837
8298 8505 8216 7918
8594 8033 8520 7850
8610 8341 8662 7477
8300 8504 8291 7908
8609 8023 8501 7824
8310 8475 8374 7937
8328 8468 8306 7917
8602 8073 8476 7824
8587 8083 8495 7850
8554 8300 8675 7571
8352 8517 8287 7887
8566 8041 8540 7836
8447 8481 8494 7840
8597 8048 8538 7815
8343 8514 8393 7898
8563 7977 8597 7821
8284 8483 8450 7890
8578 8292 8731 7348
8327 8540 8287 7861
8586 7948 8534 7838
8308 8535 8418 7858
8617 7966 8549 7814
8620 8288 8689 7382
8645 8053 8573 7811
8618 8214 8696 7350
8627 8288 8668 7504
8356 8548 8237 7845
8694 8093 8433 7744
8701 8019 8576 7813
8375 8511 8248 7832
8642 8350 8638 7468
8437 8473 8298 7911
8691 8084 8570 7767
8420 8372 8308 7947
8611 8169 8511 7807
8580 8162 8513 7828
8620 8156 8745 7493
8382 8389 8347 7955
8402 8368 8317 7938
8618 8188 8509 7784
8620 8254 8656 7581
8593 8145 8548 7793
8603 8198 8528 7810
8563 8205 8512 7809
8417 8323 8372 7969
8574 8238 8478 7806
8587 8208 8473 7825
8411 8373 8304 7946
8633 8205 8452 7778
8640 8338 8629 7501
8618 8215 8471 7804
8361 8326 8343 7980
8584 8144 8530 7810
8588 8183 8495 7826
8368 8400 8339 7973
8548 8133 8569 7839
8582 8204 8510 7833
8396 8336 8292 7965
8423 8368 8294 7964
8432 8313 8353 7943
8576 8166 8526 7811
8622 8227 8474 7800
8377 8307 8346 7975
8364 8337 8351 7956
8343 8331 8423 7978
8608 8135 8529 7767
8614 8074 8612 7769
8618 8113 8577 7785
8587 8042 8610 7770
8587 8106 8579 7806
8603 8325 8630 7546
8590 8151 8589 7794
8569 8109 8634 7780
8551 8273 8644 7637
8301 8379 8419 8063
8657 7972 8583 7739
8563 8222 8703 7597
8635 8118 8567 7765
8584 8264 8658 7611
8640 8093 8563 7693
8566 8227 8696 7601
8616 8230 8635 7617
8647 8037 8577 7693
8595 8188 8680 7603
8587 8196 8694 7617
8631 8079 8602 7749
8574 8193 8708 7592
8641 8103 8561 7731
8613 8215 8667 7510
8656 8128 8502 7738
8632 8236 8677 7428
8623 8231 8690 7420
8635 8223 8565 7733
8656 8231 8667 7483
8583 8157 8562 7774
8691 8261 8593 7416
8629 8218 8510 7763
8655 8254 8647 7476
8614 8164 8560 7753
8636 8149 8614 7716
8601 8152 8624 7739
8648 8160 8710 7440
8579 8167 8570 7776
8596 8156 8626 7740
8617 8146 8776 7420
8630 8227 8567 7734
8631 8153 8616 7717
8316 8353 8531 7938
8624 8201 8571 7722
8586 8186 8590 7707
8572 8081 8771 7460
8586 8250 8559 7743
8553 8124 8769 7529
8593 8269 8602 7671
8534 8086 8800 7531
8552 8123 8762 7541
8334 8365 8411 8000
8307 8373 8403 7976
8525 8308 8651 7652
8296 8396 8357 7978
8525 8244 8682 7616
8307 8373 8328 8047
8563 8259 8663 7631
8296 8314 8458 8032
8532 8188 8696 7616
8258 8378 8356 8099
8532 8252 8665 7652
8539 8075 8812 7442
8281 8324 8477 8058
8526 8304 8689 7602
8295 8316 8426 8107
8520 8229 8734 7577
8585 8014 8789 7512
8257 8346 8394 8105
8515 8298 8712 7659
8554 7943 8822 7497
8561 8000 8809 7497
8305 8248 8391 8091
8547 8063 8777 7533
8510 8357 8667 7613
8526 8240 8720 7566
8549 8039 8802 7471
8559 8089 8789 7489
8508 8340 8680 7632
8487 8288 8729 7621
8478 8343 8670 7642
8541 8135 8796 7492
8469 8374 8675 7700
8552 8137 8807 7469
8543 8454 8625 7573
8534 8100 8845 7459
8520 8531 8639 7645
8523 8592 8595 7630
8457 8490 8573 7738
8540 8128 8805 7475
8546 8041 8846 7457
8542 8055 8833 7480
8524 8018 8871 7470
8411 8509 8594 7726
8528 8057 8836 7486
8535 8001 8850 7486
8468 8539 8552 7731
8581 8035 8816 7495
8466 8545 8536 7745
8599 7973 8787 7454
8329 8224 8404 8061
8592 8029 8773 7454
8607 8061 8757 7486
8628 8050 8730 7463
8432 8503 8600 7708
8597 8011 8770 7468
8569 8002 8818 7478
8550 7964 8849 7480
8265 8351 8353 8139
8462 8494 8630 7736
8284 8287 8317 8194
8596 8025 8797 7469
8294 8092 8312 8113
8578 7991 8775 7528
8312 8259 8292 8089
8580 7989 8770 7521
8518 8491 8610 7653
8614 8060 8711 7515
8625 8054 8769 7445
8627 8145 8721 7466
8258 8066 8375 8125
8509 8509 8743 7525
8640 8060 8718 7484
8265 8010 8389 8125
8654 8088 8729 7458
8257 8005 8430 8091
8252 8174 8450 8075
8310 8084 8496 8035
8641 8137 8699 7511
8700 8149 8677 7447
8321 8185 8481 8057
8549 8505 8554 7650
8307 8247 8453 8041
8624 8140 8705 7494
8647 8135 8744 7424
8669 8143 8701 7448
8335 8214 8451 8046
8677 8148 8660 7482
8547 8480 8636 7530
8645 8182 8683 7476
8658 8127 8694 7474
8665 8193 8646 7452
8704 8188 8642 7463
8679 8217 8571 7501
8353 8308 8401 8030
8673 8156 8666 7492
8615 8184 8688 7487
8622 8160 8726 7489
8618 8227 8679 7478
8352 8192 8479 8036
8359 8136 8493 8036
8631 8197 8674 7497
8380 8178 8448 8050
8651 8183 8680 7474
8363 8136 8451 8024
8397 8207 8392 8018
8365 8512 8615 7773
8670 8244 8628 7450
8366 8200 8394 8039
8688 8281 8590 7460
8412 8261 8342 8028
8668 8205 8584 7469
8391 8219 8387 8014
8709 8249 8547 7479
8422 8226 8385 7993
8724 8184 8534 7465
8439 8223 8379 8010
8678 8123 8586 7476
8460 8265 8334 8024
8699 8165 8541 7490
8426 8266 8304 8008
8709 8158 8574 7501
8409 8269 8310 7991
8678 8087 8607 7486
8388 8275 8292 8014
8412 8311 8308 7996
8724 8148 8555 7475
8372 8295 8282 8002
8728 8187 8520 7491
8389 8442 8294 7987
8315 8286 8376 8045
8435 8447 8604 7754
8713 8224 8543 7459
8682 8217 8545 7480
8504 8496 8548 7724
8724 8239 8528 7453
8759 8296 8508 7445
8711 8228 8547 7413
8696 8238 8566 7439
8336 8255 8389 8070
8701 8203 8580 7438
8483 8362 8692 7640
8429 8396 8654 7720
8429 8439 8657 7693
8728 8163 8622 7454
8477 8484 8611 7710
8682 8094 8731 7395
8449 8359 8686 7697
8277 8297 8556 8071
8419 8318 8674 7754
8306 8292 8506 8050
8415 8332 8661 7777
8332 8215 8482 8033
8428 8302 8656 7796
8360 8224 8434 8023
8372 8286 8352 7996
8347 8318 8323 8004
8316 8311 8325 8025
8478 8386 8591 7767
8337 8353 8280 8039
8704 8105 8720 7419
8336 8363 8262 8020
8669 8108 8730 7442
8310 8373 8302 8026
8669 8117 8701 7476
8293 8357 8355 8076
8478 8438 8569 7808
8638 8110 8703 7497
8642 8149 8668 7513
8310 8306 8302 8066
8634 8207 8675 7488
8630 8168 8710 7472
8279 8346 8272 8148
8297 8300 8263 8142
8318 8261 8228 8069
8329 8186 8219 8088
8466 8394 8547 7833
8315 8187 8355 8090
8608 8269 8747 7549
8306 8242 8296 8111
8592 8252 8711 7557
8484 8391 8556 7751
8550 8236 8743 7552
8311 8324 8290 8115
8298 8375 8218 8138
8269 8370 8220 8068
8570 8270 8755 7509
8271 8311 8291 8135
8495 8330 8709 7586
8252 8314 8270 8149
8494 8370 8693 7569
8489 8486 8711 7569
8585 8387 8631 7569
8455 8477 8545 7777
8272 8261 8337 8114
8257 8271 8356 8140
8208 8343 8425 8126
8534 8451 8604 7640
8241 8339 8358 8118
8499 8448 8562 7745
8252 8365 8461 8056
8617 8490 8500 7548
8245 8413 8416 8061
8429 8422 8599 7787
8241 8374 8451 8045
8306 8310 8484 8037
8405 8486 8556 7779
8235 8311 8458 8089
8239 8350 8423 8105
8353 8459 8593 7855
8230 8289 8525 8094
8421 8491 8565 7769
8195 8373 8430 8107
8203 8365 8416 8093
8234 8372 8414 8072
8544 8445 8644 7507
8195 8422 8465 8058
8192 8440 8425 8074
8198 8450 8439 8069
8505 8449 8605 7707
8223 8394 8471 8014
8226 8429 8463 8037
8195 8404 8535 8041
8231 8433 8426 8029
8202 8436 8452 8046
8209 8395 8440 8059
8255 8456 8388 8048
8470 8320 8638 7795
8239 8511 8375 8047
8506 8392 8576 7745
8537 8464 8578 7588
8252 8464 8356 8011
8481 8386 8565 7746
8265 8434 8351 8030
8208 8440 8408 8032
8449 8440 8569 7774
8236 8446 8410 7969
8436 8481 8546 7743
8221 8456 8429 7995
8572 8406 8647 7588
8189 8469 8473 7991
8552 8433 8584 7545
8179 8504 8430 8026
8518 8389 8660 7582
8158 8462 8475 8012
8396 8519 8613 7752
8522 8401 8654 7592
8517 8358 8670 7558
8198 8468 8491 7981
8551 8429 8611 7552
8221 8491 8461 7960
8183 8427 8492 7988
8170 8457 8497 7969
8180 8507 8484 7987
8362 8448 8672 7758
8163 8529 8463 7912
8366 8487 8637 7774
8586 8409 8600 7544
8138 8510 8470 7937
8352 8425 8688 7804
8117 8518 8495 7922
8335 8480 8639 7795
8146 8515 8469 7905
8331 8441 8674 7779
8227 8497 8527 7895
8113 8524 8476 7914
8371 8487 8654 7755
8570 8333 8681 7559
8124 8555 8480 7900
8371 8491 8600 7766
8388 8436 8649 7775
8557 8298 8699 7598
8258 8548 8418 7910
8409 8467 8632 7823
8297 8503 8451 7885
8412 8450 8682 7731
8509 8230 8738 7566
8540 8301 8705 7581
8277 8555 8416 7833
8429 8503 8626 7729
8536 8262 8740 7565
8304 8498 8493 7874
8378 8512 8439 7817
8585 8323 8662 7533
8313 8482 8475 7916
8469 8454 8576 7712
8539 8326 8683 7580
8505 8385 8636 7671
8543 8351 8650 7512
8564 8280 8714 7488
8531 8422 8568 7720
8589 8412 8598 7501
8346 8512 8421 7847
8582 8377 8647 7468
8483 8300 8658 7733
8567 8323 8697 7458
8279 8483 8445 7900
8462 8371 8594 7757
8325 8544 8393 7889
8473 8365 8652 7687
8563 8387 8676 7495
8317 8468 8488 7893
8532 8351 8727 7524
8522 8274 8778 7486
8445 8401 8604 7758
8553 8310 8727 7457
8572 8325 8729 7454
8248 8489 8502 7910
8424 8377 8644 7739
8561 8334 8719 7443
8435 8383 8635 7718
8562 8270 8770 7444
8230 8487 8420 7968
8574 8326 8705 7424
8261 8494 8418 7947
8594 8294 8694 7449
8274 8464 8413 7966
8573 8302 8719 7434
8566 8358 8705 7434
8253 8481 8431 7939
8466 8483 8553 7725
8517 8297 8783 7466
8498 8282 8781 7469
8204 8420 8509 7971
8552 8353 8756 7472
8155 8452 8496 7971
8189 8523 8437 7965
8342 8461 8643 7828
8528 8329 8749 7475
8200 8517 8495 7895
8218 8554 8457 7905
8406 8483 8528 7805
8197 8512 8502 7891
8458 8435 8555 7834
8550 8237 8772 7427
8177 8477 8545 7888
8546 8251 8759 7450
8219 8499 8528 7861
8495 8260 8787 7467
8174 8468 8535 7944
8170 8482 8522 7967
8177 8426 8536 7967
8521 8282 8789 7457
8216 8493 8464 7978
8539 8315 8744 7540
8227 8438 8465 7968
8511 8214 8780 7510
8220 8494 8451 7968
8542 8285 8747 7525
8174 8433 8503 7979
8488 8209 8786 7492
8357 8360 8676 7797
8521 8291 8729 7548
8321 8419 8688 7814
8514 8347 8715 7548
8143 8377 8587 7998
8334 8435 8649 7814
8515 8351 8688 7541
8295 8433 8643 7846
8536 8280 8752 7517
8303 8459 8637 7860
8146 8425 8530 7993
8329 8444 8579 7858
8496 8245 8768 7516
8218 8408 8545 8016
8492 8206 8803 7500
8149 8421 8516 8010
8373 8500 8583 7763
8491 8280 8754 7517
8484 8245 8803 7484
8193 8421 8491 7991
8515 8316 8770 7499
8219 8415 8504 8015
8361 8417 8659 7772
8512 8281 8778 7476
8186 8427 8471 8015
8389 8478 8657 7714
8516 8320 8743 7492
8485 8299 8782 7453
8173 8435 8485 8034
8462 8547 8668 7665
8518 8423 8673 7475
8204 8471 8434 8005
8455 8486 8671 7640
8468 8467 8668 7579
8427 8388 8702 7605
8423 8402 8689 7628
8422 8419 8773 7612
8416 8529 8690 7652
8179 8347 8584 7982
8489 8460 8672 7630
8210 8418 8551 7997
8177 8349 8589 7989
8418 8459 8705 7635
8223 8410 8537 7978
8414 8516 8740 7603
8231 8415 8496 8012
8185 8354 8548 8023
8445 8523 8738 7582
8182 8354 8574 8044
8211 8288 8575 8047
8232 8330 8530 8061
8256 8255 8601 8057
8236 8287 8612 8032
8229 8343 8598 8032
8240 8268 8589 8051
8268 8329 8587 7993
8276 8355 8581 8007
8271 8389 8512 7959
8279 8379 8506 7978
8276 8379 8532 7999
8234 8314 8507 8054
8258 8350 8523 8036
8539 8511 8526 7618
8219 8312 8479 8096
8493 8567 8515 7701
8179 8296 8453 8102
8549 8561 8513 7636
8166 8326 8458 8083
8216 8352 8414 8083
8237 8386 8381 8084
8258 8428 8336 8098
8189 8409 8310 8117
8192 8450 8282 8111
8531 8546 8516 7707
8155 8394 8321 8130
8563 8523 8394 7660
8183 8455 8319 8072
8249 8423 8349 8090
8513 8581 8535 7637
8270 8441 8307 8045
8583 8623 8317 7540
8242 8380 8309 8103
8499 8654 8370 7631
8488 8691 8636 7509
8508 8613 8509 7660
8212 8367 8388 8109
8427 8697 8478 7540
8228 8381 8394 8076
8256 8447 8356 8038
8456 8665 8341 7649
8282 8432 8298 8036
8322 8443 8328 7994
8484 8651 8443 7736
8325 8430 8343 7977
8450 8628 8520 7589
8349 8466 8359 7959
8314 8477 8285 7967
8451 8645 8458 7741
8436 8593 8594 7533
8350 8449 8336 7952
8371 8441 8311 7967
8349 8426 8268 7993
8395 8728 8592 7542
8386 8482 8229 7974
8407 8471 8202 7951
8398 8505 8190 7973
8396 8474 8196 7937
8381 8484 8215 7963
8396 8455 8240 7970
8387 8450 8253 7962
8402 8440 8234 7936
8407 8432 8286 7968
8443 8412 8381 7913
8458 8402 8362 7887
8462 8441 8327 7903
8447 8378 8431 7889
8467 8472 8447 7845
8428 8460 8301 7849
8461 8570 8609 7654
8430 8643 8631 7672
8372 8570 8292 7837
8399 8636 8633 7693
8403 8621 8646 7548
8434 8634 8549 7623
8418 8692 8491 7532
8415 8696 8581 7567
8405 8596 8268 7828
8374 8758 8481 7580
8344 8713 8564 7655
8339 8575 8387 7838
8275 8724 8608 7578
8313 8706 8566 7676
8298 8701 8610 7619
8332 8529 8401 7836
8354 8793 8546 7617
8383 8710 8506 7709
8360 8665 8533 7708
8377 8577 8388 7828
8402 8596 8381 7803
8382 8665 8668 7674
8334 8597 8707 7642
8406 8600 8397 7759
8386 8660 8607 7634
8406 8726 8481 7697
8407 8572 8726 7603
8371 8686 8663 7549
8393 8608 8666 7546
8386 8738 8446 7710
8432 8771 8428 7677
8311 8713 8604 7572
8520 8599 8517 7700
8368 8746 8603 7555
8423 8579 8496 7779
8438 8645 8543 7602
8405 8737 8649 7452
8374 8695 8519 7737
8506 8593 8540 7418
8526 8548 8543 7598
8391 8736 8500 7723
8573 8613 8449 7422
8523 8610 8510 7406
8508 8620 8529 7432
8527 8573 8592 7413
8505 8619 8533 7390
8529 8489 8633 7383
8279 8696 8528 7729
8302 8761 8565 7686
8565 8520 8555 7484
8474 8564 8637 7425
8423 8557 8665 7530
8396 8569 8695 7617
8442 8630 8688 7520
8441 8611 8534 7680
8427 8546 8593 7739
8415 8682 8466 7606
8469 8597 8493 7726
8472 8563 8540 7656
8366 8526 8751 7636
8334 8576 8720 7659
8394 8573 8728 7646
8505 8545 8567 7690
8525 8483 8576 7491
8566 8446 8604 7467
8618 8506 8544 7459
8584 8435 8603 7465
8575 8490 8544 7486
8578 8490 8518 7465
8591 8536 8516 7598
8604 8459 8583 7514
8629 8467 8499 7426
8623 8528 8416 7424
8644 8457 8480 7400
8647 8457 8493 7391
8634 8471 8462 7418
8649 8461 8443 7392
8628 8532 8379 7416
8612 8532 8442 7600
8563 8587 8417 7442
8530 8550 8528 7530
8568 8567 8416 7443
8553 8544 8519 7666
8616 8468 8588 7401
8602 8528 8528 7404
8577 8487 8559 7342
8580 8522 8551 7365
8559 8480 8596 7351
8546 8504 8570 7292
8552 8489 8564 7258
8550 8491 8569 7265
8567 8488 8563 7282
8613 8549 8511 7271
8579 8550 8481 7255
8600 8592 8436 7269
8556 8592 8461 7288
8549 8592 8496 7608
8562 8641 8424 7290
8512 8633 8436 7331
8525 8609 8462 7390
8556 8616 8460 7369
8525 8427 8671 7412
8585 8432 8639 7430
8582 8397 8647 7407
8585 8461 8590 7422
8621 8472 8551 7393
8657 8422 8536 7356
8624 8379 8603 7533
8611 8409 8608 7514
8663 8392 8593 7482
8665 8329 8630 7327
8617 8365 8609 7497
8675 8430 8510 7377
8690 8420 8491 7351
8693 8455 8483 7374
8633 8450 8515 7356
8637 8489 8480 7372
8640 8447 8481 7395
8673 8403 8505 7419
8712 8431 8486 7468
8674 8444 8464 7422
8709 8396 8494 7445
8621 8401 8522 7588
8630 8397 8563 7532
8672 8434 8449 7610
8638 8431 8456 7527
8654 8514 8402 7480
8650 8475 8437 7464
8635 8485 8456 7490
8595 8489 8543 7539
8600 8493 8506 7531
8561 8418 8602 7545
8565 8457 8567 7561
8586 8386 8631 7537
8573 8402 8607 7542
8617 8429 8578 7533
8625 8348 8648 7527
8661 8359 8609 7498
8664 8331 8607 7387
8670 8316 8601 7353
8701 8387 8568 7368
8638 8376 8618 7350
8623 8386 8637 7376
8589 8315 8696 7382
8593 8354 8661 7398
8653 8264 8624 7440
8651 8326 8627 7508
8665 8320 8586 7424
8645 8333 8581 7507
8612 8289 8664 7522
8606 8304 8670 7556
8609 8304 8644 7535
8596 8326 8622 7538
8581 8336 8641 7564
8518 8325 8691 7546
8524 8374 8654 7548
8551 8373 8584 7669
8533 8396 8615 7616
8561 8454 8544 7698
8548 8386 8596 7590
8485 8345 8693 7611
8504 8354 8667 7655
8527 8383 8603 7704
8517 8302 8643 7675
8568 8669 8333 7592
8495 8615 8405 7615
8488 8663 8360 7620
8503 8570 8538 7635
8500 8539 8518 7728
8523 8593 8405 7688
8492 8586 8407 7709
8500 8536 8370 7738
8497 8593 8380 7754
8466 8586 8382 7775
8503 8532 8463 7756
8461 8548 8419 7779
8409 8548 8388 7788
8406 8548 8414 7809
8409 8519 8437 7796
8431 8529 8551 7750
8414 8575 8514 7742
8542 8469 8448 7723
8530 8462 8464 7751
8556 8415 8503 7847
8516 8449 8495 7775
8442 8368 8598 7823
8469 8378 8565 7820
8514 8389 8548 7816
8446 8407 8563 7839
8448 8369 8574 7836
8500 8444 8521 7773
8482 8407 8559 7763
8485 8438 8564 7726
8447 8411 8581 7738
8477 8507 8526 7752
8468 8441 8564 7766
8507 8455 8539 7717
8492 8465 8558 7743
8492 8415 8552 7767
8488 8429 8539 7790
8471 8458 8460 7822
8502 8465 8458 7801
8458 8371 8586 7798
8416 8397 8585 7851
8415 8400 8565 7860
8347 8420 8588 7923
8408 8440 8541 7919
8419 8385 8542 7909
8402 8335 8596 7853
8433 8406 8563 7868
8395 8391 8582 7853
8395 8455 8551 7889
8364 8442 8572 7871
8391 8410 8605 7834
8395 8449 8570 7850
8450 8468 8526 7845
8446 8429 8561 7829
8504 8424 8505 7851
8454 8448 8549 7834
8448 8458 8502 7849
8427 8416 8547 7835
8451 8438 8580 7761
8511 8443 8548 7779
8483 8382 8550 7837
8454 8384 8580 7798
8480 8318 8607 7822
8460 8330 8572 7835
8464 8317 8578 7835
8484 8305 8613 7822
8518 8376 8554 7816
8487 8369 8556 7837
8508 8411 8511 7851
8525 8408 8505 7868
8513 8345 8527 7823
8510 8345 8553 7844
8482 8309 8578 7852
8475 8365 8564 7852
8507 8305 8547 7855
8535 8341 8522 7847
8539 8337 8445 7891
8518 8295 8490 7877
8489 8361 8489 7874
8477 8305 8540 7903
8424 8273 8610 7917
8460 8284 8571 7888
8515 8284 8576 7858
8491 8248 8560 7876
8537 8309 8508 7865
8478 8241 8596 7842
8463 8251 8615 7868
8442 8259 8640 7853
8463 8301 8595 7867
8484 8320 8611 7797
8520 8331 8572 7768
8526 8316 8566 7734
8576 8319 8505 7750
8583 8263 8519 7750
8572 8286 8473 7752
8585 8278 8459 7733
8609 8271 8415 7690
8658 8383 8475 7602
8624 8471 8494 7639
8618 8510 8381 7575
8546 8502 8478 7699
8576 8444 8525 7672
8601 8353 8519 7606
8602 8292 8526 7572
8596 8307 8532 7606
8563 8385 8605 7643
8536 8349 8615 7682
8566 8352 8583 7614
8577 8346 8641 7544
8437 8549 8628 7557
8538 8526 8522 7516
8542 8615 8427 7597
8554 8494 8464 7685
8658 8514 8341 7583
8634 8482 8400 7597
8619 8476 8456 7600
8628 8484 8450 7542
8637 8489 8437 7550
8649 8472 8381 7571
8663 8429 8462 7602
8664 8448 8380 7573
8711 8384 8332 7563
8706 8384 8437 7573
8697 8392 8460 7626
8641 8363 8482 7595
8678 8419 8443 7576
8609 8374 8436 7657
8613 8318 8476 7678
8664 8351 8457 7636
8659 8328 8491 7654
8627 8437 8408 7652
8638 8382 8409 7642
8635 8463 8362 7574
8599 8469 8462 7662
8608 8510 8490 7619
8639 8396 8478 7530
8664 8331 8495 7521
8698 8402 8436 7515
8678 8360 8545 7474
8685 8395 8496 7507
8682 8360 8504 7484
8686 8399 8469 7500
8658 8393 8467 7563
8694 8404 8428 7534
8704 8496 8404 7544
8717 8372 8391 7538
8763 8433 8339 7527
8742 8391 8384 7513
8733 8493 8378 7527
8745 8355 8385 7480
8764 8384 8331 7470
8754 8300 8444 7459
8758 8339 8409 7475
8713 8391 8460 7476
8747 8364 8397 7464
8711 8353 8436 7493
8738 8385 8438 7492
8707 8378 8440 7513
8743 8389 8401 7484
8730 8458 8386 7504
8742 8399 8383 7465
8693 8338 8461 7497
8710 8327 8517 7461
8744 8398 8458 7455
8713 8327 8491 7440
8702 8414 8414 7478
8722 8506 8382 7495
8686 8495 8421 7524
8665 8500 8433 7516
8707 8537 8376 7538
8636 8587 8322 7629
8592 8540 8329 7555
8620 8543 8327 7465
8611 8538 8340 7457
8584 8575 8341 7499
8566 8538 8379 7489
8559 8586 8334 7494
8555 8547 8369 7478
8558 8582 8361 7501
8573 8572 8342 7475
8587 8559 8338 7503
8572 8569 8357 7529
8573 8573 8330 7522
8558 8590 8341 7592
8543 8600 8360 7618
8586 8555 8335 7589
8649 8528 8292 7614
8646 8547 8299 7664
8664 8582 8242 7624
8658 8533 8279 7622
8654 8494 8314 7606
8642 8508 8334 7648
8632 8458 8347 7630
8627 8518 8353 7674
8628 8492 8353 7612
8642 8520 8336 7576
8680 8420 8441 7502
8665 8430 8460 7528
8701 8441 8421 7499
8672 8444 8447 7516
8676 8445 8434 7506
8702 8422 8411 7512
8715 8468 8405 7530
8684 8397 8438 7515
8722 8412 8419 7530
8680 8396 8451 7525
8684 8435 8416 7541
8639 8437 8431 7524
8670 8508 8398 7539
8642 8472 8423 7547
8669 8504 8425 7546
8578 8461 8501 7606
8582 8500 8466 7622
8553 8446 8492 7699
8515 8495 8480 7720
8534 8515 8573 7676
8480 8476 8571 7717
8484 8515 8536 7733
8463 8510 8598 7687
8502 8546 8524 7689
8524 8542 8520 7661
8520 8535 8548 7664
8462 8552 8561 7671
8435 8609 8559 7581
8450 8599 8540 7555
8444 8614 8546 7589
8427 8552 8578 7685
8444 8612 8530 7722
8428 8574 8534 7701
8458 8566 8548 7694
8425 8614 8469 7688
8438 8590 8495 7747
8356 8550 8561 7791
8325 8543 8563 7812
8371 8604 8511 7801
8382 8549 8512 7791
8413 8556 8510 7770
8367 8495 8562 7781
8394 8527 8564 7780
8401 8497 8575 7772
8366 8504 8564 7816
8373 8505 8547 7795
8360 8538 8526 7817
8355 8480 8574 7798
8401 8541 8522 7787
8422 8478 8585 7787
8466 8478 8560 7768
8456 8428 8573 7750
8419 8372 8612 7769
8416 8372 8638 7790
8395 8380 8663 7775
8339 8465 8663 7754
8301 8385 8693 7773
8345 8467 8655 7793
8349 8457 8651 7768
8372 8497 8714 7739
8390 8521 8594 7719
8399 8491 8580 7743
8396 8491 8606 7764
8427 8462 8588 7765
8442 8452 8569 7739
8476 8523 8510 7733
8445 8516 8512 7754
8472 8508 8520 7778
8420 8508 8489 7787
8451 8515 8487 7766
8422 8478 8604 7742
8503 8445 8616 7694
8487 8420 8643 7638
8492 8478 8595 7657
8465 8510 8562 7694
8465 8508 8588 7697
8469 8547 8553 7713
8494 8513 8576 7658
8534 8422 8542 7699
8580 8483 8490 7688
8529 8378 8633 7685
8563 8449 8574 7679
8554 8419 8593 7665
8558 8458 8558 7681
8527 8387 8591 7666
8527 8451 8560 7702
8514 8481 8565 7683
8507 8483 8571 7677
8538 8490 8569 7656
8553 8480 8550 7630
8568 8505 8491 7637
8564 8466 8526 7621
8608 8446 8521 7583
8593 8464 8496 7660
8560 8465 8549 7583
8531 8531 8548 7580
8542 8506 8550 7589
8527 8481 8609 7582
8533 8526 8531 7577
8536 8561 8523 7600
8532 8522 8558 7584
8526 8484 8574 7562
8489 8524 8641 7666
8467 8482 8653 7621
8498 8489 8651 7600
8471 8507 8655 7577
8455 8503 8748 7510
8380 8562 8864 7573
8396 8522 8781 7576
8426 8666 8713 7428
8462 8532 8701 7435
8453 8505 8802 7520
8424 8482 8808 7534
8427 8525 8713 7435
8485 8396 8747 7380
8519 8435 8668 7439
8524 8443 8658 7321
8484 8528 8648 7394
8417 8552 8736 7531
8457 8608 8646 7481
8457 8564 8637 7488
8470 8512 8671 7496
8430 8705 8678 7444
8425 8488 8826 7529
8463 8544 8654 7421
8489 8558 8611 7398
8493 8597 8576 7414
8508 8542 8604 7429
8499 8537 8617 7421
8545 8598 8565 7410
8437 8476 8784 7530
8488 8537 8644 7493
8325 8627 8674 7687
8374 8730 8651 7473
8401 8712 8682 7520
8266 8745 8649 7606
8285 8805 8551 7500
8264 8677 8708 7612
8342 8745 8639 7545
8361 8760 8656 7454
8385 8717 8665 7498
8268 8716 8673 7628
8370 8676 8733 7549
8334 8603 8814 7542
8411 8639 8694 7484
8223 8645 8733 7611
8231 8570 8758 7701
8192 8609 8784 7640
8265 8568 8759 7625
8296 8566 8753 7654
8270 8572 8757 7677
8223 8709 8702 7647
8195 8673 8727 7655
8242 8754 8602 7543
8267 8749 8622 7599
8257 8725 8663 7617
8241 8629 8674 7701
8247 8708 8631 7650
8219 8702 8629 7713
8255 8713 8590 7684
8347 8711 8659 7604
8226 8680 8725 7634
8185 8657 8739 7645
8182 8622 8747 7622
8171 8628 8689 7692
8330 8577 8725 7695
8315 8626 8711 7716
8161 8613 8666 7728
8283 8603 8678 7774
8227 8652 8609 7771
8344 8533 8699 7730
8269 8581 8679 7819
8296 8597 8612 7734
8235 8663 8636 7702
8294 8584 8756 7702
8241 8594 8717 7683
8231 8506 8789 7665
8318 8515 8819 7640
8225 8531 8780 7632
8337 8522 8720 7696
8345 8597 8687 7660
8321 8502 8718 7710
8332 8571 8688 7687
8333 8555 8697 7711
8254 8556 8738 7812
8276 8546 8715 7710
8327 8573 8751 7633
8332 8577 8714 7625
8411 8547 8722 7583
8358 8499 8879 7508
8428 8401 8842 7470
8397 8330 8875 7455
8396 8450 8891 7487
8390 8450 8830 7491
8347 8493 8902 7565
8369 8400 8894 7436
8327 8428 8912 7493
8358 8435 8910 7472
8365 8379 8924 7472
8368 8414 8916 7495
8308 8409 8948 7477
8339 8480 8915 7492
8354 8470 8896 7466
8387 8469 8843 7543
8375 8388 8895 7483
8360 8398 8914 7509
8333 8366 8912 7510
8330 8366 8938 7531
8359 8300 8939 7534
8352 8356 8925 7534
8321 8349 8927 7555
8357 8360 8888 7526
8387 8392 8864 7504
8394 8417 8859 7514
8433 8413 8831 7542
8440 8478 8807 7503
8395 8448 8797 7588
8384 8442 8820 7645
8350 8461 8833 7587
8367 8462 8828 7574
8314 8476 8854 7624
8314 8436 8860 7649
8348 8507 8801 7643
8339 8514 8758 7607
8331 8500 8776 7653
8384 8538 8734 7665
8368 8461 8783 7634
8353 8471 8802 7660
8381 8532 8800 7602
8442 8488 8746 7559
8389 8485 8813 7599
8439 8507 8749 7541
8404 8494 8773 7547
8412 8484 8767 7566
8393 8485 8772 7609
8386 8450 8821 7576
8390 8489 8786 7592
8362 8453 8811 7600
8386 8420 8848 7521
8386 8484 8817 7557
8400 8411 8835 7559
8396 8425 8822 7582
8375 8383 8867 7568
8432 8453 8821 7550
8418 8429 8794 7577
8411 8485 8780 7577
8443 8425 8763 7580
8465 8450 8695 7587
8454 8464 8728 7546
8461 8441 8782 7493
8465 8480 8747 7509
8458 8445 8796 7476
8422 8434 8835 7505
8413 8489 8776 7526
8400 8519 8781 7507
8420 8487 8770 7532
8442 8454 8761 7529
8479 8510 8722 7510
8477 8531 8647 7641
8439 8571 8607 7521
8418 8463 8693 7597
8445 8495 8695 7596
8421 8459 8679 7614
8393 8453 8760 7640
8406 8549 8721 7674
8367 8578 8676 7665
8231 8646 8670 7695
8246 8652 8602 7731
8294 8619 8632 7765
8248 8616 8660 7734
8248 8648 8633 7724
8266 8698 8615 7683
8304 8726 8537 7670
8275 8729 8563 7687
8371 8554 8710 7670
8323 8531 8739 7693
8316 8579 8694 7698
8324 8567 8634 7736
8356 8533 8611 7742
8341 8505 8660 7740
8386 8589 8631 7737
8369 8532 8599 7744
8333 8530 8567 7755
8360 8562 8569 7754
8348 8531 8625 7740
8368 8569 8609 7744
8298 8593 8659 7748
8327 8616 8660 7700
8217 8609 8662 7755
8344 8663 8543 7759
8316 8627 8568 7767
8344 8501 8646 7757
8291 8579 8643 7829
8340 8528 8683 7748
8287 8531 8670 7762
8280 8585 8680 7726
8312 8591 8719 7693
8291 8549 8764 7679
8309 8586 8726 7689
8424 8415 8704 7625
8420 8429 8691 7648
8393 8461 8658 7685
8410 8531 8650 7686
8385 8488 8648 7742
8396 8433 8649 7732
8427 8440 8647 7711
8377 8437 8708 7695
8341 8426 8747 7724
8345 8465 8712 7740
8338 8430 8761 7707
8322 8520 8703 7741
8313 8462 8732 7715
8359 8523 8680 7704
8375 8474 8670 7694
8390 8532 8654 7717
8368 8515 8682 7681
8353 8525 8701 7707
8382 8459 8702 7710
8380 8499 8769 7649
8391 8505 8744 7671
8351 8489 8718 7677
8397 8550 8666 7666
8378 8521 8720 7676
8346 8524 8704 7678
8302 8506 8767 7646
8305 8541 8759 7669
8326 8583 8714 7683
8383 8589 8663 7662
8354 8549 8690 7683
8385 8507 8766 7660
8367 8541 8726 7647
8362 8600 8681 7601
8338 8575 8700 7588
8371 8680 8706 7542
8365 8578 8746 7495
8348 8581 8752 7478
8343 8644 8731 7550
8348 8771 8584 7517
8407 8757 8604 7515
8425 8705 8638 7477
8431 8750 8560 7472
8374 8686 8637 7528
8361 8612 8688 7552
8332 8615 8714 7569
8353 8657 8669 7583
8343 8607 8682 7565
8355 8691 8613 7549
8359 8733 8540 7573
8339 8844 8464 7554
8372 8809 8474 7492
8350 8816 8465 7540
8385 8829 8419 7491
8368 8841 8438 7537
8354 8879 8355 7483
8347 8856 8400 7527
8379 8847 8384 7475
8382 8807 8449 7488
8365 8806 8446 7514
8356 8801 8459 7506
8376 8790 8401 7530
8410 8789 8431 7546
8422 8851 8349 7519
8425 8779 8412 7520
8379 8782 8433 7567
8375 8796 8420 7590
8315 8752 8569 7588
8304 8761 8559 7577
8362 8783 8549 7562
8368 8753 8492 7516
8388 8664 8579 7568
8331 8649 8684 7556
8440 8695 8619 7451
8420 8727 8630 7426
8420 8791 8599 7462
8377 8768 8558 7500
8379 8778 8582 7496
8416 8702 8663 7494
8417 8721 8654 7449
8446 8655 8655 7452
8437 8689 8643 7474
8436 8691 8605 7518
8374 8680 8680 7521
8330 8660 8707 7555
8323 8716 8693 7555
8296 8684 8691 7556
8327 8712 8616 7599
8296 8705 8618 7620
8332 8716 8579 7591
8335 8716 8553 7570
8314 8727 8580 7593
8342 8747 8588 7530
8350 8773 8582 7544
8328 8749 8590 7549
8300 8688 8592 7607
8295 8684 8629 7615
8316 8726 8584 7629
8235 8694 8571 7708
8223 8675 8574 7721
8244 8679 8576 7704
8295 8710 8613 7627
8307 8733 8574 7626
8286 8691 8619 7612
8353 8684 8617 7568
8317 8695 8574 7625
8295 8671 8582 7630
8303 8697 8576 7644
8289 8648 8600 7769
8281 8643 8606 7706
8270 8685 8511 7765
8252 8660 8538 7768
8301 8721 8460 7736
8248 8689 8530 7750
8276 8695 8532 7687
8337 8669 8523 7781
8322 8624 8567 7786
8310 8698 8349 7730
8306 8712 8336 7753
8285 8670 8381 7739
8364 8704 8498 7724
8368 8778 8445 7684
8360 8752 8451 7670
8385 8645 8557 7732
8398 8700 8487 7683
8392 8734 8449 7684
8377 8744 8468 7710
8347 8663 8517 7738
8295 8592 8565 7787
8341 8653 8513 7776
8337 8614 8548 7760
8328 8609 8561 7752
8332 8648 8526 7768
8347 8638 8507 7742
8362 8663 8448 7749
8369 8607 8462 7749
8396 8639 8464 7748
8350 8578 8516 7759
8382 8575 8532 7757
8398 8612 8592 7736
8347 8591 8538 7747
8390 8614 8579 7709
8359 8508 8671 7738
8367 8526 8661 7696
8380 8453 8666 7733
8388 8479 8660 7747
8347 8527 8654 7730
8423 8596 8569 7711
8393 8637 8543 7718
8424 8644 8541 7697
8369 8617 8581 7730
8388 8646 8527 7720
8417 8580 8528 7723
8449 8601 8528 7699
8480 8608 8526 7678
8486 8547 8609 7680
8486 8538 8638 7646
8459 8515 8607 7681
8466 8554 8601 7643
8471 8592 8564 7639
8468 8592 8590 7660
8422 8531 8642 7671
8409 8491 8647 7687
8455 8552 8595 7676
8407 8578 8604 7714
8376 8539 8644 7719
8397 8528 8617 7696
8377 8529 8639 7721
8406 8463 8640 7724
8391 8438 8699 7717
8425 8509 8640 7711
8365 8504 8672 7693
8396 8575 8639 7708
8411 8565 8620 7682
8415 8604 8585 7698
8398 8557 8645 7656
8383 8567 8664 7682
8389 8552 8658 7648
8439 8555 8597 7664
8408 8548 8599 7685
8400 8556 8613 7699
8363 8540 8646 7693
8318 8475 8647 7769
8318 8435 8653 7794
8268 8432 8714 7778
8257 8507 8723 7759
8291 8578 8664 7753
8288 8543 8672 7730
8285 8609 8635 7753
8270 8619 8654 7779
8270 8555 8685 7743
8321 8625 8630 7733
8332 8619 8688 7663
8336 8658 8653 7679
8294 8629 8706 7615
8354 8634 8674 7633
8320 8563 8733 7639
8323 8598 8725 7662
8263 8593 8757 7644
8297 8664 8698 7638
8312 8654 8679 7612
8337 8634 8710 7566
8322 8644 8729 7592
8291 8585 8775 7606
8291 8637 8731 7613
8287 8651 8718 7636
8242 8580 8778 7619
8277 8637 8758 7611
8242 8588 8785 7610
8263 8580 8760 7625
8253 8554 8812 7611
8273 8545 8803 7590
8277 8523 8809 7576
8277 8587 8778 7612
8301 8609 8734 7588
8252 8600 8798 7595
8221 8529 8831 7580
8259 8544 8812 7595
8217 8528 8844 7590
8248 8599 8811 7605
8206 8534 8786 7660
8187 8502 8836 7602
8218 8573 8803 7617
8249 8515 8847 7595
8237 8524 8836 7578
8206 8517 8838 7599
8227 8559 8793 7613
8206 8565 8775 7636
8218 8621 8740 7654
8197 8579 8785 7640
8228 8586 8783 7619
8250 8519 8820 7588
8268 8556 8782 7598
8264 8517 8817 7582
8297 8516 8764 7659
8283 8438 8749 7738
8292 8504 8711 7724
8274 8467 8749 7714
8278 8506 8714 7730
8244 8435 8773 7736
8259 8460 8714 7743
8230 8463 8740 7760
8276 8524 8688 7749
8294 8459 8705 7799
8315 8501 8660 7813
8285 8481 8651 7861
8278 8468 8666 7836
8264 8439 8696 7847
8233 8481 8620 7870
8225 8515 8577 7843
8248 8508 8559 7859
8220 8522 8590 7845
8199 8533 8617 7868
8153 8472 8669 7879
8142 8495 8623 7881
8133 8429 8661 7895
8179 8490 8609 7884
8204 8522 8588 7864
8218 8522 8561 7866
8242 8564 8490 7859
8278 8575 8451 7830
8298 8543 8440 7855
8277 8501 8485 7841
8301 8537 8501 7823
