16122 16992 17085 16762
16104 16923 17106 16615
16709 16797 17244 16702
16675 16752 17176 16777
16114 17017 17036 16825
16573 16676 17181 16919
16595 16836 17033 16519
16029 16949 17081 16910
16339 16804 17043 16887
16844 16601 16865 16738
16271 16944 16859 16768
16643 16870 16881 16603
16802 16648 16941 16901
16758 16961 16802 16514
16148 16923 16739 16974
16477 16763 17053 16877
16199 16991 16768 16928
16705 16934 16786 16588
16318 16871 17065 16845
16134 16979 16796 16908
16825 16662 16817 16456
16724 16745 17294 16662
16676 16896 16883 16554
15849 17012 16740 16893
16733 16750 17037 16667
15801 17034 16649 16857
16831 16746 16816 16445
16506 16867 17132 16522
16165 16873 16791 16923
16641 16561 17272 16717
16683 16643 17182 16766
16463 16741 17171 16926
16085 16841 17030 16936
15793 16996 16730 16951
16127 16836 16809 16976
16474 16650 17230 16965
16189 16925 16631 16947
15949 16843 16704 17066
16678 16855 16870 16526
16688 16802 17037 16718
16412 16885 16786 16880
16580 16681 17221 16744
16619 16551 16979 16905
16492 16697 17129 16826
17055 16562 16865 16627
16110 17039 17105 16836
16749 16679 17221 16693
16152 16961 16718 16981
16228 16911 16847 16854
16596 16758 17239 16715
15944 16995 16647 16859
16844 16718 16785 16430
16478 16737 17280 16689
16725 16694 17150 16704
16673 16677 17265 16708
16470 16715 16932 17151
16085 16789 17257 16585
16087 16917 16789 16943
16566 16604 17065 16949
16075 16980 16743 17002
16523 16624 17112 16929
15909 17016 16609 16894
16548 16722 17171 16779
16855 16617 16666 16584
15991 17012 16581 16900
16657 16794 17110 16750
16655 16830 16855 16588
16450 16911 16868 16814
16524 16723 17268 16699
16135 16978 16690 17005
16459 16907 16913 16812
16163 16914 16804 16951
16057 16887 16787 17021
16552 16543 16934 16980
16683 16542 16902 17013
16016 16903 16779 16956
16517 16651 17139 16966
16149 16927 16846 16868
16434 16867 16953 16862
16526 16629 16857 17047
16522 16904 16924 16826
16332 16823 16786 17041
15876 16896 16654 17078
15825 17024 16580 16850
15819 17097 16714 16673
16301 16825 16870 17003
16087 16961 17073 16862
15854 17045 16770 16618
16422 16808 17106 16620
15692 17040 16583 16687
16154 16964 16627 16978
16609 16912 16831 16480
15831 17059 16697 16608
15905 16886 16673 17058
16675 16858 16798 16618
16543 16836 16927 16799
16174 16869 16690 16937
15851 16815 16621 17113
16464 16796 17188 16793
16301 16815 16859 17073
16489 16367 17269 16790
16451 16750 16913 17097
16599 16820 16998 16309
16444 16728 16936 17162
16089 16920 16790 16934
16158 16946 16642 16954
15969 16819 16599 17083
16446 16583 16627 17165
16129 16881 16606 17039
15924 16797 16663 17091
16724 16712 17024 16717
16477 16665 16932 17085
16263 16898 16734 16847
16434 16716 17000 17079
16151 16974 16566 16948
16341 16358 17373 16673
16167 16909 16676 16947
16329 16423 17373 16712
16227 16880 16693 16910
16165 16932 16590 17008
16289 16790 16791 17090
16780 16671 17014 16732
16156 16959 16824 16908
16557 16501 16827 17024
16511 16720 16933 17070
16677 16861 16799 16609
15801 17015 16746 16923
15757 17013 16693 16938
16362 16799 16985 17029
15755 17027 16609 16928
15724 17030 16614 16925
16046 16862 16717 17039
16245 16952 16693 16876
16221 16939 16771 16848
16709 16291 17139 16743
16787 16618 17001 16874
16097 16882 16860 16862
17007 16574 16818 16478
16891 16623 16802 16413
16677 16880 16828 16341
16693 16309 17080 16938
16666 16640 17102 16820
16114 16891 16760 17007
16771 16602 16928 16928
16773 16877 16703 16485
16411 16341 17257 16856
16356 16529 17003 17026
16457 16779 17111 16853
16144 16348 17408 16739
16855 16645 16772 16414
16491 16724 17173 16809
16576 16527 16954 16975
15911 16852 16614 17122
16632 16614 16623 17124
16667 16316 17140 16872
15875 16774 16619 17147
16526 16596 16881 17020
16104 16847 16609 17027
16140 16851 16557 17043
16165 16886 16511 17048
15900 16855 16652 17112
16154 16889 16549 17038
15912 16815 16626 17097
16449 16321 17260 16830
16333 16827 16753 17027
16560 16930 17006 16760
16538 16760 16953 17007
16161 16924 16641 16968
16151 16859 16579 17015
15991 16799 16627 17083
16654 16937 16829 16411
16881 16540 16816 16800
16548 16505 16923 17002
16149 16856 16578 17024
16027 16877 16622 17058
16200 16924 16607 16978
16002 16842 16668 17053
16077 16939 16730 16974
16166 16839 16606 17000
16015 16847 16629 17048
16179 16844 16567 16995
16381 16503 17020 17005
16169 16912 16677 16938
16213 16963 16797 16894
16014 16900 16778 16965
16162 16940 16601 16932
16915 16614 16820 16390
16916 16626 16737 16466
16886 16416 16825 16695
16906 16657 16755 16427
16996 16592 16730 16455
16597 16728 16744 16914
16939 16596 16709 16342
16165 16906 16767 16950
17065 16622 16665 16401
16937 16618 16731 16369
16150 16925 16741 16963
16673 16289 17113 16835
16152 16928 16742 16954
16924 16648 16659 16382
16542 16508 16973 16995
16620 16658 16525 16892
16854 16562 16850 16749
17073 16570 16635 16351
16931 16586 16600 16471
16040 16897 16746 16990
16718 16290 17108 16738
16038 16894 16745 16999
16780 16673 16689 16624
16095 16898 16718 16985
16827 16694 16560 16618
16108 16843 16767 16954
16844 16544 16991 16816
16709 16367 17108 16810
16605 16498 16883 17082
16579 16774 16761 16909
16144 16921 16762 16929
16933 16712 16571 16360
16507 16438 16805 17095
16411 16799 16864 17067
16825 16594 16925 16817
16158 16962 16825 16899
17029 16582 16659 16445
16657 16391 17060 16852
16824 16619 16906 16876
16899 16589 16729 16487
16213 16777 17089 16873
16814 16700 16723 16509
16398 16814 17162 16779
16147 16924 16845 16877
16421 16831 17041 16879
16056 16949 17151 16794
16544 16825 17097 16748
17012 16541 16828 16688
16802 16294 17044 16801
16536 16523 16938 17016
16226 16908 16846 16863
16912 16490 16698 16728
16177 16885 16802 16919
16954 16622 16563 16451
16202 16920 16756 16924
16536 16764 17154 16786
16479 16590 17143 16968
16215 16865 16805 16893
16217 16868 16806 16884
17117 16488 16547 16430
16588 16748 16926 16821
16796 16189 17012 16812
16179 16842 16724 16950
16484 16732 16964 16914
17077 16572 16609 16412
16815 16292 17046 16793
16565 16766 16868 16974
16381 16840 16937 16936
16217 16879 16706 16897
16667 16567 16863 17021
16974 16533 16885 16547
16766 16539 16962 16914
16215 16876 16705 16906
16678 16669 17155 16734
17102 16498 16513 16451
16587 16900 16333 16835
16780 16733 17227 16621
16631 16695 17328 16330
16220 16917 16739 16871
16536 16742 17027 16867
16608 16809 17223 16455
16222 16920 16740 16862
16587 16835 17268 16358
16383 16648 16971 17125
16257 16883 16829 16835
17072 16556 16613 16414
16633 16722 16756 16858
16600 16771 17274 16331
16178 16370 16976 17119
16705 16586 16786 16975
16709 16455 17049 16864
16730 16718 17267 16625
16716 16586 16638 17072
16873 16512 16916 16748
16723 16620 16726 16974
17099 16499 16679 16476
17075 16536 16632 16394
16258 16949 16830 16774
16609 16657 17150 16867
16889 16427 16761 16760
16403 16483 17048 17005
16819 16502 16962 16834
16235 16938 16814 16820
17101 16569 16528 16339
16504 16753 17168 16774
17122 16593 16560 16303
16555 16831 17255 16450
16660 16732 17216 16739
16264 16811 17102 16841
16506 16374 17217 16799
16817 16559 17095 16511
16904 16432 16864 16691
16735 16608 17117 16697
16633 16382 17072 16889
16821 16347 17018 16744
16361 16828 17027 16928
16625 16840 16955 16503
16602 16683 17214 16741
16219 16738 17018 16936
17114 16514 16577 16308
16379 16372 17238 16875
17124 16623 16597 16296
16419 16647 16903 17197
16568 16882 16531 16657
16259 16868 16675 16881
17080 16557 16650 16282
17134 16562 16479 16276
17181 16562 16502 16233
16554 16463 16762 17122
17156 16481 16469 16268
17150 16508 16496 16305
16693 16557 17149 16759
17148 16505 16495 16314
16770 16481 17116 16717
17135 16560 16446 16345
16465 16880 17131 16272
16633 16608 17143 16851
16634 16487 16879 17018
16591 16837 16509 16665
16597 16810 16482 16628
16494 16751 17290 16413
16622 16845 16436 16633
16529 16557 17358 16671
16623 16433 17302 16423
17116 16517 16578 16299
17128 16477 16552 16284
16797 16723 16533 16719
17115 16532 16503 16315
16730 16468 17083 16784
16779 16850 16676 16448
16582 16446 16894 17047
16849 16499 17081 16451
16820 16569 17025 16412
17074 16641 16543 16323
16814 16760 16469 16605
16832 16542 17069 16320
16804 16788 16788 16381
16815 16759 16362 16727
16771 16880 16773 16376
16067 15801 16626 17253
16767 16788 17178 16652
16921 16697 16425 16782
16861 16488 17036 16426
16731 16756 16313 16790
16279 16399 16622 17213
16720 16776 16312 16743
16069 15796 16636 17240
16745 16822 16256 16577
17128 16523 16579 16199
16905 16705 16596 16495
16483 16567 17135 16983
16797 16752 16419 16759
16547 16752 17218 16753
17141 16468 16628 16168
16733 16840 16391 16567
17135 16495 16655 16205
16686 16872 16408 16599
17133 16492 16654 16214
16813 16723 16487 16649
16874 16531 17131 16291
17120 16547 16605 16245
16327 16862 17132 16792
16728 16432 17106 16766
16369 16836 17171 16775
16875 16549 17246 16243
16063 15691 16657 17201
16790 16781 16345 16671
16845 16524 17048 16425
16657 16854 16408 16637
16563 16691 17189 16756
16673 16898 16808 16345
17093 16502 16699 16251
16152 15968 16547 17244
16645 16870 16299 16788
17071 16522 16671 16251
16595 16364 17117 16926
16060 15823 16552 17240
16616 16659 16653 16895
16794 16740 16645 16643
16136 16984 17076 16778
16841 16404 17091 16309
16766 16295 17112 16729
16191 16868 17217 16824
16832 16456 17069 16637
16030 15831 16575 17225
16426 16563 17162 16997
16808 16488 17075 16541
16785 16502 17179 16464
16820 16489 17094 16420
16767 16836 16822 16230
16481 16626 17120 16986
16506 16667 17338 16702
16229 16401 16623 17218
16424 16286 17306 16825
16160 15962 16497 17242
16410 16293 17299 16769
16217 15966 16470 17228
16490 16677 17260 16721
17071 16454 16675 16515
16158 16935 17025 16761
16494 16715 17195 16810
16635 16871 16936 16199
17082 16576 16502 16426
16311 16778 17148 16800
16500 16293 17274 16754
16525 16704 17148 16823
17033 16642 16428 16368
16167 15878 16479 17232
16580 16900 16955 16249
16621 16844 16313 16793
17045 16681 16429 16338
16127 15941 16486 17262
16693 16550 16675 17092
16660 16823 16236 16729
16172 16069 16503 17228
16612 16801 16253 16815
17009 16632 16468 16405
16582 16731 16780 16914
16601 16804 16291 16805
16664 16781 16237 16754
16627 16796 16744 16823
16989 16648 16556 16346
16198 16018 16381 17220
16592 16850 16899 16260
17040 16668 16514 16287
16192 16045 16408 17257
15876 16729 17199 16830
16824 16553 17087 16366
17032 16651 16516 16248
16141 15986 16463 17258
16584 16635 17131 16883
17000 16670 16600 16336
16261 16267 17242 16940
16136 15991 16508 17253
16110 16000 16523 17289
16123 16046 16459 17284
16695 16678 16318 16815
16080 16963 17117 16866
16066 16042 16486 17298
16102 16120 16481 17273
16971 16738 16653 16294
16115 16065 16530 17242
16840 16824 16872 16335
16118 16004 16480 17243
16753 16698 16251 16765
16352 16518 17010 17052
16749 16826 16835 16431
16910 16658 16688 16257
16784 16825 16822 16345
16946 16657 16620 16329
16720 16524 17315 16292
16603 16549 17362 16488
16960 16717 16570 16339
16836 16310 17056 16764
16965 16747 16546 16302
16993 16723 16520 16312
16558 16732 17157 16781
16999 16696 16493 16275
16748 16848 16820 16362
16824 16701 16437 16760
16745 16834 16834 16326
16962 16720 16571 16330
16263 16135 17297 16927
16932 16644 16583 16360
16281 16211 17230 16967
16083 16146 16433 17230
16735 16696 16618 16810
16547 16713 16950 17012
17020 16584 16659 16461
16671 16639 17068 16841
16348 16534 17013 17033
16276 16215 17292 16900
16708 16386 17061 16858
16145 16887 17060 16628
16739 16257 17050 16791
16002 16783 17119 16851
16654 16577 16728 17066
16972 16610 16543 16411
16147 16890 17061 16619
16738 16395 17060 16778
16618 16729 17334 16655
16325 16216 17312 16886
16142 16957 17049 16741
16460 16903 17018 16798
16698 16374 17125 16775
16451 16729 17021 16935
16982 16618 16489 16425
16684 16872 16857 16508
16282 16720 16991 16972
16551 16757 17273 16383
16948 16666 16502 16491
16459 16291 17281 16820
16931 16610 16509 16515
16274 16212 17291 16909
16930 16658 16519 16540
16879 16718 16515 16531
16050 16066 16563 17257
16918 16605 16548 16520
16946 16605 16565 16412
16916 16698 16390 16709
16225 16182 17040 17036
16923 16670 16466 16715
16940 16657 16423 16632
16300 16181 17358 16881
16959 16682 16403 16632
16631 16489 16868 17046
16317 16768 17051 16905
16933 16657 16396 16680
16164 16184 16987 17085
16838 16546 16777 16803
16925 16681 16422 16726
16215 16252 17016 17039
16926 16697 16382 16690
16201 16342 17050 17014
16380 16217 17311 16799
16171 16310 17017 17067
16777 16888 16753 16324
16286 16405 16596 17204
17016 16731 16392 16573
16273 16251 17197 16983
16721 16681 16942 16741
16955 16651 16427 16536
16741 16214 17079 16764
16884 16261 17012 16735
16949 16678 16454 16573
16805 16582 16958 16814
16901 16493 16736 16718
16892 16674 16481 16587
16512 16427 16928 17027
16820 16949 16748 16433
16894 16677 16482 16578
16859 16226 17058 16730
16899 16634 16495 16577
16205 16238 17030 17042
16505 16718 17141 16813
16742 16374 17037 16761
16846 16281 17009 16761
16886 16689 16446 16608
16110 16230 17052 17030
17013 16579 16719 16577
16877 16669 16493 16582
16723 16405 17026 16799
16146 16276 17020 17055
16829 16902 16745 16438
16705 16346 17031 16927
16830 16545 17003 16804
16156 16298 17059 17012
16857 16477 16991 16843
16925 16358 16842 16702
17020 16497 16713 16648
16877 16684 16625 16487
16888 16274 16912 16745
16864 16739 16576 16518
16691 16754 17144 16708
16873 16255 16947 16804
16941 16388 16731 16728
16173 16276 17016 17036
16875 16204 16889 16799
16865 16748 16514 16571
16283 16152 17199 16988
16374 16277 17279 16865
16770 16514 17092 16744
16842 16708 16496 16688
16737 16511 17272 16209
16979 16581 16585 16552
16871 16684 16458 16603
16434 16720 17200 16823
17025 16486 16877 16657
16884 16629 16507 16572
16776 16428 17250 16192
16954 16333 16780 16697
16879 16672 16494 16573
16149 16299 17076 16998
16332 16221 17332 16784
16124 16218 17043 17033
16768 16452 17276 16238
16566 16218 17362 16743
16864 16724 16444 16613
16185 16298 17008 17070
16743 16417 17287 16256
16641 16609 17295 16323
16732 16374 17281 16263
16725 16244 16977 16878
16452 16663 16962 17023
16345 16425 17025 17030
16257 16174 17179 17012
16974 16381 16886 16646
16850 16725 16445 16713
16743 16371 17243 16273
17050 16582 16619 16405
16872 16700 16418 16567
16745 16374 17244 16264
17081 16555 16616 16432
16770 16349 17272 16242
17056 16478 16642 16537
16320 16643 17337 16778
16244 16740 16988 16998
16811 16765 16529 16541
16831 16429 17237 16279
17035 16563 16654 16464
16300 16298 17268 16854
16844 16446 16861 16861
16188 15944 17102 17019
16497 16601 16629 17072
16656 16536 16706 17093
16509 16726 17136 16819
16709 16617 17132 16733
16306 16050 17113 17003
16911 16401 16852 16696
16774 16751 16599 16570
16576 16753 17302 16316
17069 16480 16862 16516
16830 16635 16628 16546
16184 15946 17091 17041
16526 16755 17303 16321
16884 16615 16591 16518
16340 16344 17277 16814
16853 16618 16596 16515
16665 16313 17139 16881
16659 16675 17158 16806
16652 16368 17090 16912
17083 16474 16659 16597
17094 16458 16645 16511
16966 16707 16480 16473
17003 16532 16894 16603
16599 16783 17267 16390
17028 16382 16886 16529
16696 16642 16697 17005
16794 16323 17237 16564
16963 16614 16552 16451
16411 16286 17261 16939
17057 16398 16763 16592
16651 16807 16896 16562
16546 16800 17260 16384
16961 16611 16551 16460
16564 16798 17236 16397
16974 16616 16512 16455
17046 16321 16711 16746
16711 16341 17298 16612
16946 16659 16518 16451
16826 16750 16448 16704
16693 16353 17338 16369
16622 16617 16664 17044
16567 16589 17006 16960
16829 16787 16793 16469
16890 16633 16520 16517
16646 16332 17309 16375
16531 16852 17210 16424
16892 16636 16521 16508
17069 16287 16683 16655
16196 16339 17053 17012
16544 16797 17259 16393
17084 16336 16771 16632
16171 16258 17020 17047
16580 16875 17254 16368
16712 16362 17048 16874
16663 16541 16978 16892
16222 16326 17049 17001
16643 16347 17010 16935
16746 16845 16819 16371
16929 16580 16489 16556
16661 16538 16977 16901
17154 16285 16793 16587
16815 16698 16460 16730
16544 16749 17289 16408
17100 16341 16689 16583
16837 16699 16439 16752
16827 16747 16457 16662
16853 16744 16422 16652
16805 16728 16393 16713
16903 16614 16558 16555
16477 16716 17017 16924
16215 16366 17035 17011
16786 16828 16823 16336
16964 16599 16491 16518
16240 16430 17447 16669
16812 16675 16595 16677
16851 16619 16443 16772
16774 16732 16466 16651
16777 16756 16365 16710
16951 16594 16530 16523
17116 16259 16711 16653
16838 16621 16441 16780
16745 16727 16471 16667
16204 16352 17452 16694
17053 16210 16665 16684
16750 16760 16410 16668
16179 16255 17064 17009
16597 16576 17389 16525
16936 16631 16492 16503
16179 16350 17482 16632
16597 16367 17118 16917
16334 16833 17063 16869
16865 16772 16829 16377
16060 16760 16997 16971
16918 16685 16497 16559
16364 16768 16918 16967
16844 16673 16477 16646
16740 16756 17175 16655
16882 16607 16502 16584
16355 16274 17284 16922
16830 16677 16448 16694
16857 16632 16474 16606
16209 16423 17427 16696
16233 16774 16993 16981
16654 16548 17085 16855
17097 16281 16820 16601
16638 16828 16420 16707
16196 16478 17378 16727
16125 16408 17390 16771
16144 16601 17009 16994
16614 16826 16420 16739
16191 16407 17403 16725
16824 16319 16906 16899
16302 16143 17354 16860
16835 16677 16534 16611
16613 16821 16452 16656
16657 16370 17327 16328
16751 16303 16830 16946
16831 16655 16531 16680
16687 16446 17315 16298
16667 16566 17164 16795
16694 16299 16857 16960
16571 16763 16956 16865
16744 16527 17096 16755
16786 16593 16824 16942
16687 16398 17316 16308
16681 16358 16815 17016
17030 16369 16900 16502
16584 16449 16895 17038
16630 16394 17343 16322
16977 16445 16946 16523
16845 16504 16743 16818
16680 16507 17305 16382
17081 16430 16806 16527
16871 16559 16467 16774
16215 16349 17414 16704
16715 16386 16859 16955
16818 16511 16916 16867
16870 16600 16436 16722
16202 16404 17365 16735
16822 16616 16905 16885
16864 16556 16487 16724
17107 16415 16800 16517
16323 16191 17333 16825
17100 16329 16717 16629
16830 16391 16679 16889
16926 16544 16433 16643
16733 16814 16451 16522
16441 16170 17346 16876
17133 16361 16666 16564
16965 16563 16379 16636
16920 16496 16880 16625
16276 16154 17359 16850
17017 16289 16905 16529
16679 16541 17125 16788
17171 16398 16685 16529
16751 16464 16854 16930
16863 16419 16797 16825
16628 16618 17031 16902
16917 16456 16928 16514
17053 16367 16900 16504
16488 16645 17273 16724
16996 16363 16927 16518
16502 16636 17262 16799
17108 16305 16691 16583
16838 16430 16750 16867
16726 16842 16375 16516
16998 16366 16928 16509
16691 16623 16811 16999
16891 16487 16901 16502
16986 16286 16983 16510
16350 16206 17296 16902
16768 16478 17115 16726
16700 16229 16833 16964
17001 16579 16802 16431
16889 16484 16900 16511
16981 16366 16961 16565
16381 16265 17269 16886
16245 16357 17309 16802
16725 16264 16787 16969
17124 16403 16674 16544
16747 16834 16327 16524
15955 16819 17107 16925
16946 16539 16871 16441
16919 16560 16888 16481
17127 16399 16587 16533
16988 16401 16473 16700
16741 16816 16365 16521
16998 16563 16921 16391
16848 16566 16956 16451
16731 16255 16786 16974
17112 16380 16622 16592
16591 16675 16893 16887
16950 16444 16368 16691
16739 16813 16364 16530
16931 16573 16900 16402
16869 16517 16936 16464
16729 16252 16785 16983
17020 16419 16379 16734
16627 16342 17301 16398
16917 16512 16934 16468
17013 16354 16947 16508
16716 16307 16736 17014
16713 16408 16659 17014
16659 16807 17093 16238
16875 16576 16886 16415
17065 16453 16867 16507
16719 16446 17063 16790
16691 16272 16782 17009
16719 16381 16632 16977
16617 16819 16919 16508
17024 16351 16909 16518
16201 16446 17311 16827
16697 16466 17035 16790
15823 16696 17143 16933
16930 16577 16858 16410
16988 16488 16987 16493
16360 16341 17283 16789
16962 16350 16417 16757
16637 16849 16364 16655
16435 16570 16965 17028
16724 16562 16612 17026
16667 16375 17318 16360
16580 16849 16906 16793
16846 16462 17001 16528
17067 16448 16877 16494
16186 16439 17352 16774
16740 16547 17021 16783
16727 16350 16777 16984
16659 16685 17066 16802
15844 16686 17106 16957
16573 16870 16982 16480
16849 16570 16820 16443
16740 16295 16826 16953
16546 16709 17129 16799
16183 16660 17023 16961
16679 16900 16332 16593
16946 16503 16987 16441
17086 16339 16855 16437
16520 16589 17117 16976
16740 16439 16596 16964
16716 16565 16674 16985
17028 16373 16912 16449
16766 16306 16814 16944
17065 16343 16671 16579
16909 16313 16718 16794
16939 16378 16429 16756
16707 16808 16419 16582
16743 16477 16590 16958
16625 16436 17303 16414
16719 16248 16849 16962
16896 16368 16669 16825
17008 16359 16656 16732
16694 16863 16370 16613
16706 16303 16800 16993
17149 16352 16761 16573
16981 16429 16397 16694
16493 16685 17203 16801
16788 16569 17004 16697
16669 16268 16795 17018
16888 16377 16707 16811
16458 16648 16997 17002
16406 16753 17172 16884
16790 16681 17024 16238
16902 16671 16696 16424
16906 16447 17024 16520
16932 16286 16968 16565
16694 16303 16749 17023
16894 16350 16680 16774
16436 16668 16969 17002
16672 16545 16704 17054
15805 16745 17190 16830
16901 16655 16736 16460
16523 16197 17325 16804
16658 16225 16754 17048
16881 16405 16631 16805
16932 16386 16500 16744
16720 16831 16354 16586
16616 16480 17239 16752
16852 16680 16689 16462
16945 16288 16966 16590
16851 16365 16679 16865
16919 16441 16451 16775
16732 16793 17178 16694
16932 16343 16917 16621
16884 16432 16444 16806
16734 16827 16305 16589
16914 16641 16613 16458
16425 16236 17238 16874
16825 16342 16639 16912
16914 16508 16432 16776
16851 16664 16667 16509
16858 16493 16951 16807
16561 16316 16715 17092
16788 16282 16645 16938
16523 16470 16969 16997
16925 16500 16426 16692
16715 16812 16300 16631
16873 16644 16685 16505
16873 16514 16946 16596
16987 16339 16934 16528
16882 16429 17029 16651
16699 16847 16324 16601
16860 16619 16691 16486
16472 16286 17253 16872
16346 16634 17322 16742
16808 16423 16780 16918
16835 16607 17128 16291
16931 16368 16962 16570
16413 16243 17265 16855
16514 16430 16929 17018
16785 16804 16245 16516
16918 16423 16913 16601
16519 16387 16942 17017
16767 16838 16281 16536
16462 16641 17157 16972
16917 16642 16647 16449
16343 16294 17243 16900
16580 16192 16795 17088
16810 16656 16931 16900
16567 16247 16746 17119
16524 16830 16869 16893
16920 16325 16921 16600
16318 16292 17273 16838
16569 16206 16733 17091
16499 16791 16923 16859
16821 16786 16276 16485
16956 16403 16916 16575
16496 16512 17184 16952
16781 16368 16635 16945
16490 16449 16954 17004
16921 16394 16909 16606
16358 16338 17282 16798
16871 16811 16703 16418
16419 16418 17247 16835
17058 16290 16630 16719
16890 16628 16615 16461
16963 16474 16870 16661
16389 16342 17259 16865
16226 16148 17226 17002
17010 16248 16663 16776
16869 16408 16635 16891
16594 16803 16923 16576
16882 16619 16665 16480
16446 16346 17232 16851
16268 16217 17220 16982
16560 16286 16677 17130
16953 16236 16708 16752
16798 16902 16356 16478
16281 16162 17269 16951
16567 16246 16691 17120
17003 16251 16668 16748
16882 16353 16684 16860
16846 16666 16644 16482
16836 16498 17002 16565
16597 16246 16641 17109
16952 16183 16639 16794
16837 16334 16668 16886
16824 16630 16694 16483
16428 16287 17304 16753
16270 16119 17228 16981
16610 16244 16643 17101
16988 16261 16634 16769
17058 16414 16723 16556
16430 16290 17305 16744
16239 16376 17355 16770
16617 16216 16719 17107
16931 16257 16661 16783
16857 16378 16656 16882
16505 16704 17162 16782
16574 16692 17141 16883
16658 16231 17322 16746
16283 16165 17164 16976
16172 16413 17347 16783
16849 16443 17051 16534
16933 16260 16662 16774
16518 16663 17190 16782
16522 16671 17185 16788
16707 16893 16773 16560
16938 16217 16675 16773
16873 16404 16580 16878
16601 16699 17011 16785
16513 16527 16986 16978
16570 16790 17088 16820
16520 16666 17191 16773
16524 16674 17186 16779
16496 16683 17242 16788
16443 16289 17301 16768
16249 16237 17252 16982
16980 16286 16669 16753
16533 16750 17039 16867
16906 16627 16656 16463
16978 16283 16668 16762
16865 16425 16545 16817
16539 16671 17318 16659
16468 16711 17204 16764
16592 16637 17215 16778
16501 16675 17209 16800
16457 16475 16979 17008
16936 16639 16592 16399
17093 16395 16747 16576
16613 16284 17270 16853
16188 16157 17287 16945
16160 16400 17383 16752
16796 16378 17074 16662
16670 16509 16727 17036
16416 16670 17219 16793
16420 16688 17173 16829
16559 16708 17006 16821
16555 16600 17188 16779
16459 16478 16980 16999
16603 16718 17253 16705
16830 16918 16705 16402
16921 16620 16627 16458
17021 16355 16600 16686
16445 16769 17206 16794
15968 16869 17116 16873
16929 16596 16601 16412
16931 16303 16900 16651
16136 16325 17406 16781
17000 16345 16636 16740
16434 16747 17158 16839
16891 16620 16677 16469
16918 16358 16851 16682
16138 16328 17407 16772
16432 16744 17157 16848
16031 16908 17068 16882
16761 16797 16758 16486
16164 16319 17392 16736
16569 16706 17290 16711
16066 16961 17087 16877
16738 16269 17283 16628
16812 16865 16787 16440
17058 16392 16756 16573
16203 16438 17392 16717
16470 16724 17160 16822
16558 16732 17188 16760
16575 16638 17177 16898
16683 16233 17292 16808
17071 16337 16805 16542
16414 16247 17293 16841
16216 16383 17441 16686
16827 16345 16640 16903
16515 16711 17122 16802
16559 16677 17264 16716
16471 16660 17127 16920
16514 16666 17192 16781
16115 16911 17045 16850
16271 16384 17413 16681
16845 16372 17061 16590
16840 16290 16689 16872
16493 16723 17139 16797
16489 16713 17045 16882
16516 16669 17193 16772
16608 16600 17153 16852
16899 16685 16679 16421
16876 16368 16684 16847
16476 16715 17043 16890
16638 16604 17075 16857
16637 16607 16698 17023
16912 16630 16728 16390
16570 16222 17301 16881
16429 16527 17298 16738
16506 16731 17153 16794
16587 16641 17235 16734
16621 16570 17035 16882
16651 16697 17237 16708
16080 16855 17017 16901
16767 16814 16745 16468
16559 16186 17334 16846
16517 16556 17320 16679
16534 16688 17147 16798
16615 16572 17073 16866
16597 16556 17029 16919
16603 16535 17190 16783
16270 16830 17081 16853
16759 16838 16771 16514
16894 16577 16810 16428
16273 16387 17414 16672
16550 16796 16941 16789
16477 16684 17174 16812
16570 16601 17217 16751
16609 16516 17003 16904
16597 16582 16710 17039
16881 16632 16761 16459
16835 16463 17015 16520
16560 16821 17088 16772
16464 16739 17125 16843
16602 16526 17080 16882
16651 16565 17013 16855
16644 16617 16680 17024
16800 16525 17139 16536
16786 16766 16756 16530
16658 16551 17003 16881
16799 16711 16805 16499
16883 16594 16757 16438
16993 16346 16913 16535
16950 16462 16905 16559
16207 16375 17363 16757
16344 16801 17217 16770
16541 16658 17228 16793
16596 16535 17081 16877
16771 16588 16949 16897
16174 16768 17077 16904
16622 16322 17328 16498
16772 16285 17289 16584
16917 16477 16901 16588
16554 16801 16896 16840
16557 16649 17369 16618
16623 16311 17343 16463
16804 16706 16760 16504
16918 16625 16689 16347
16498 16106 17369 16809
16196 16298 17369 16775
16333 16758 17176 16800
16521 16534 17259 16724
16586 16549 17037 16922
16180 16846 17173 16834
16758 16245 17242 16589
16806 16709 16761 16495
16913 16627 16686 16344
16854 16513 16950 16545
16536 16142 17374 16773
17093 16205 16828 16550
16478 16769 17032 16838
16508 16609 17235 16762
16700 16600 17060 16772
16799 16737 16685 16489
16920 16599 16762 16350
17075 16424 16851 16448
16525 16799 17082 16785
16373 16804 17067 16791
16532 16590 17179 16927
16641 16563 17080 16871
16668 16498 17084 16818
16977 16640 16764 16267
16820 16337 17107 16585
16525 16761 16966 16876
16472 16727 17161 16813
16318 16764 17136 16801
16699 16670 17032 16821
16750 16229 17257 16613
16852 16747 16657 16435
16923 16616 16790 16336
17081 16398 16854 16429
16241 16346 17367 16717
16497 16702 17189 16791
16470 16562 17167 16969
16646 16605 17071 16829
16680 16535 17081 16844
16660 16564 16702 17030
16898 16581 16836 16331
17066 16379 16889 16488
16833 16523 17029 16546
16266 16427 17400 16682
17059 16255 16738 16667
16547 16578 17390 16530
16484 16757 17140 16822
16528 16565 17091 16930
16629 16467 17052 16890
16790 16226 17295 16564
16885 16636 16787 16362
17058 16362 16891 16449
16486 16786 17137 16717
16819 16658 16971 16810
17018 16341 16956 16446
16851 16502 16992 16471
17129 16204 16760 16622
16473 16841 17088 16748
16593 16648 17301 16690
16677 16716 16994 16803
16602 16487 17110 16878
16872 16625 16826 16308
16960 16302 16996 16415
16877 16493 17067 16406
17154 16239 16714 16627
16402 16847 17156 16718
16565 16561 17372 16531
16749 16698 17017 16705
16638 16565 17105 16853
16847 16730 16873 16305
16996 16380 16991 16390
16217 16404 17356 16738
17118 16161 16719 16652
16475 16710 17090 16899
16430 16804 17150 16722
16555 16690 17382 16646
16568 16563 17052 16921
16613 16484 17072 16888
16460 16651 16998 16993
16681 16265 17310 16642
16833 16748 16696 16423
16869 16585 16825 16309
16971 16345 17037 16385
17105 16216 16670 16683
16443 16802 17152 16714
16555 16618 17003 16952
16685 16666 17143 16770
16743 16621 17097 16711
16638 16519 17026 16893
16465 16608 17011 16992
16911 16636 16793 16247
16958 16400 16988 16416
16681 16230 17291 16817
17054 16148 16641 16729
16394 16819 17131 16731
16462 16509 17399 16568
16603 16498 17028 16933
16846 16730 16670 16453
16927 16408 17022 16456
16583 16167 17350 16850
16309 16384 17381 16685
16825 16413 17074 16609
17090 16226 16636 16704
16393 16803 17171 16767
16633 16574 17016 16903
16014 16757 17125 16853
16923 16746 16865 16216
16519 16612 17387 16671
16827 16416 17075 16600
17067 16218 16664 16675
16529 16736 17053 16876
16383 16833 17104 16750
16274 16805 17069 16866
16846 16777 16706 16406
16376 16391 17438 16644
16814 16336 17080 16627
17109 16267 16674 16626
16479 16738 17054 16881
16276 16808 17070 16857
16544 16511 16974 16986
15993 16831 17147 16842
16897 16845 16735 16360
17026 16426 16883 16394
16844 16412 17068 16597
17107 16264 16673 16635
16388 16692 17361 16554
16276 16794 17103 16838
16281 16765 17083 16856
16549 16468 16987 16985
16876 16769 16791 16387
16832 16460 17003 16590
17102 16307 16660 16636
16489 16760 17093 16838
16713 16545 17109 16741
16201 16782 17184 16817
16834 16806 16783 16351
17108 16280 16633 16599
16390 16650 17398 16555
16300 16748 17062 16891
16288 16736 17014 16933
16523 16481 16906 17021
16910 16425 16992 16466
16791 16591 17034 16408
16416 16089 17313 16911
16193 16454 17394 16634
16839 16489 16848 16862
16285 16830 17009 16951
16553 16557 16894 16991
16781 16566 17043 16579
17085 16339 16683 16650
16723 16688 17236 16729
16814 16569 17021 16535
16512 16164 17278 16906
16225 16479 17442 16587
17049 16261 16688 16675
16799 16538 16873 16911
16426 16700 17357 16509
16283 16812 16977 16961
16666 16579 17011 16866
16887 16657 16854 16238
16525 16109 17327 16875
16227 16438 17429 16559
17051 16264 16689 16666
16482 16758 16840 17065
16422 16774 17016 16867
16706 16557 17074 16747
16668 16582 17012 16857
16018 16941 17121 16824
16860 16624 16832 16294
16820 16648 16879 16309
16936 16370 17004 16436
16561 16187 17322 16850
16229 16441 17430 16550
16795 16543 17026 16572
16374 16768 16904 17002
16372 16713 17339 16472
16621 16691 16952 16850
16464 16843 17010 16847
16708 16552 17053 16788
16634 16543 16990 16896
16457 16723 16886 17060
16862 16627 16833 16285
16993 16374 16977 16422
16787 16563 17032 16461
16296 16456 17487 16528
17054 16265 16742 16634
16816 16629 16904 16863
16367 16738 17334 16390
16678 16732 16954 16767
16507 16826 17016 16842
16280 16680 17008 16959
16923 16588 17014 16306
16999 16347 16950 16385
16843 16534 17004 16419
16287 16441 17423 16552
16331 16793 17391 16438
16707 16646 17006 16775
16455 16726 16837 17068
16802 16299 17211 16518
16857 16507 17002 16341
16534 16144 17306 16906
16783 16525 17030 16551
16685 16692 16968 16757
16230 16642 17024 16979
16729 16551 17038 16747
16992 16389 16902 16438
16559 16179 17260 16911
16293 16425 17405 16552
16415 16708 17456 16447
16628 16651 16966 16840
16486 16874 16956 16821
16260 16718 17012 16949
16669 16594 17044 16851
16943 16774 16808 16246
17040 16411 16885 16352
16572 16124 17309 16880
16306 16370 17454 16521
16315 16716 17373 16467
16618 16683 16969 16828
16276 16795 17030 16920
16694 16629 16998 16856
16593 16172 17288 16845
17144 16366 16682 16532
16576 16632 17001 16890
16246 16719 17042 16950
16505 16580 17233 16818
16715 16512 17067 16778
16785 16234 17247 16511
16591 16117 17297 16839
16235 16376 17522 16491
16915 16425 16677 16697
16356 16816 16831 17068
16322 16688 17449 16473
16580 16678 16931 16877
16538 16501 16872 17041
16710 16555 17054 16779
16565 16694 17190 16747
16636 16571 16975 16881
16473 16704 16850 17117
16981 16585 16856 16125
16802 16601 17135 16340
16578 16172 17248 16870
16209 16385 17537 16527
17139 16422 16639 16485
16909 16452 16704 16734
16603 16701 16717 16877
16578 16628 16932 16953
16231 16738 17016 16963
16551 16446 16921 17010
16658 16549 16753 17051
16611 16169 17226 16860
16184 16304 17504 16562
16590 16756 16668 16908
16535 16849 16973 16795
16538 16660 17202 16766
16733 16587 17007 16793
16822 16210 17256 16518
16242 16343 17464 16593
17099 16368 16720 16539
16596 16742 16738 16895
16417 16711 17457 16438
16578 16677 16891 16895
16283 16794 17032 16933
16499 16642 17235 16734
16595 16490 16936 16974
16804 16229 17332 16541
16820 16588 17163 16350
16575 16091 17231 16885
16206 16265 17469 16618
16420 16630 17425 16478
16579 16693 16851 16859
16560 16450 16936 17004
16584 16599 16947 16929
17016 16498 16871 16425
16267 16345 17434 16655
16787 16483 17107 16541
16892 16466 16823 16724
16476 16666 17384 16518
16571 16717 16877 16905
16535 16369 16903 17039
16548 16552 16944 16983
16691 16224 17254 16822
16322 16329 17430 16654
16299 16812 16858 17082
16439 16645 17406 16478
16399 16823 17053 16761
16269 16753 16991 16980
16586 16437 16932 16993
16550 16555 16945 16974
16680 16508 16643 17097
16748 16157 17301 16584
16804 16692 16864 16340
16619 16157 17227 16864
16265 16299 17427 16663
16239 16677 17003 17010
16537 16668 17317 16668
16561 16403 16935 16981
16121 16884 17018 16813
16795 16684 16877 16359
16804 16565 17237 16243
16515 16865 17052 16703
16597 16493 16937 16965
16125 16941 17035 16808
16623 16192 17271 16818
16585 16822 16969 16655
16753 16502 16535 16999
16116 16886 17015 16810
16741 16203 17251 16620
16868 16577 17170 16237
16738 16483 16570 17058
16822 16649 16840 16340
16881 16522 17219 16206
16902 16380 16790 16717
16475 16667 17393 16456
16389 16731 16942 17022
16590 16644 17214 16755
16615 16619 17242 16733
16730 16507 16596 17104
16409 16763 16887 17049
16595 16696 16674 16924
16509 16711 17349 16404
16482 16745 16983 16877
16383 16761 16945 16946
16743 16526 16518 17024
16761 16208 17295 16602
16833 16500 17236 16292
16582 16654 16642 16929
16370 16763 16943 16954
16508 16633 17186 16799
16544 16625 17257 16746
16788 16474 16518 16973
16781 16250 17258 16566
16820 16555 17187 16323
16795 16416 17146 16457
16612 16730 16630 16899
16389 16816 16911 16890
16536 16605 17214 16802
16840 16691 16796 16412
16795 16474 17154 16358
16452 16605 17330 16712
16889 16435 16741 16748
16718 16531 16835 16944
16633 16715 16652 16890
16425 16587 17438 16477
16797 16456 17012 16743
16591 16630 16868 16907
16786 16438 16541 16955
16831 16552 17149 16333
16668 16285 17242 16848
16697 16399 16831 16945
16600 16737 16708 16889
16573 16819 17090 16764
16499 16850 17041 16723
16383 16799 16924 16908
16535 16617 17233 16786
16578 16632 16866 16915
16780 16465 16568 16992
16183 16960 16995 16721
16825 16533 17165 16295
16662 16725 16654 16808
16418 16627 17424 16487
16474 16875 17013 16745
16543 16673 17215 16762
16409 16635 16967 17114
16737 16387 16582 16997
16752 16232 17258 16604
16867 16582 17175 16246
16626 16676 16693 16875
16545 16709 17055 16855
16535 16847 16928 16844
16518 16638 17261 16757
16739 16390 16583 16988
16884 16735 16912 16249
16832 16550 17147 16290
16689 16206 17265 16771
16336 16720 17355 16749
16717 16389 16860 16946
16659 16703 16634 16843
16547 16712 17056 16846
16441 16787 16966 16862
16744 16347 16596 16987
16889 16554 17120 16276
16676 16261 17216 16802
16649 16708 16646 16889
16603 16683 17028 16804
16478 16843 16955 16858
16653 16461 16917 16941
16513 16679 16920 17042
16780 16425 16591 16962
16859 16654 16879 16284
16926 16377 16917 16569
16956 16512 17114 16254
16619 16257 17243 16816
16573 16671 16663 16940
16440 16546 17405 16524
16590 16685 17026 16812
16537 16775 16918 16862
16580 16703 17252 16721
16861 16657 16880 16275
16601 16665 16649 16895
16444 16777 16898 16876
16636 16465 16924 16944
16785 16350 16542 16967
16695 16262 17333 16718
16859 16621 16903 16257
16905 16444 17085 16300
16552 16204 17305 16816
16507 16538 17401 16521
16584 16774 16956 16764
16409 16786 16931 16882
16722 16742 17293 16671
16796 16347 16504 16977
16114 16984 17060 16798
16652 16264 17334 16566
16884 16702 16936 16222
16892 16499 17036 16331
16588 16282 17300 16791
16209 16378 17364 16748
16547 16797 16872 16855
16422 16784 16933 16874
16541 16740 16882 16979
16785 16304 16463 17007
16112 16981 17059 16807
16673 16200 17345 16549
16848 16624 16941 16247
16911 16549 17013 16336
16594 16255 17273 16754
16657 16700 16633 16852
16490 16793 16899 16869
16364 16750 16985 16934
16675 16543 16837 16975
16784 16586 16951 16889
16579 16787 16816 16905
16807 16393 16434 16973
16835 16679 16892 16278
16940 16537 16969 16373
16678 16259 17265 16776
16226 16374 17357 16745
16635 16720 16605 16852
16578 16682 16959 16836
16520 16869 16887 16839
16688 16488 16886 16944
16592 16796 16827 16839
16118 17015 17079 16790
16743 16149 17367 16504
16963 16407 16954 16528
16898 16507 16981 16341
16916 16396 16807 16701
16692 16752 16523 16814
16603 16717 16913 16841
16348 16765 17046 16908
16682 16515 16913 16981
16826 16356 16503 16897
16814 16753 16914 16267
16886 16320 16819 16731
16690 16719 16625 16876
16262 16703 17034 16960
16680 16512 16912 16990
16793 16476 16962 16862
16618 16772 16767 16790
16820 16364 16520 16900
16051 16962 17141 16790
16774 16153 17344 16571
16779 16744 16907 16298
16915 16571 17016 16267
16656 16228 17321 16755
16911 16355 16773 16736
16592 16720 16951 16831
16550 16773 16918 16823
16270 16759 17016 16936
16454 16608 17331 16703
16754 16742 17242 16657
16603 16753 16802 16849
16879 16382 16486 16850
16203 16298 17360 16795
16732 16677 16531 16819
16633 16746 16874 16815
16537 16828 16869 16854
16213 16747 17061 16912
16794 16467 17008 16829
16830 16592 16879 16839
16599 16758 16791 16809
16822 16341 16484 16933
16725 16130 17300 16627
16842 16783 16859 16307
16920 16393 16838 16663
16925 16499 16990 16271
16684 16232 17238 16739
16621 16698 16942 16835
16215 16742 17071 16899
16465 16605 17293 16713
16817 16647 16830 16870
16595 16782 16867 16838
16864 16481 16415 16927
16738 16210 17295 16600
16853 16797 16843 16261
16910 16480 17025 16330
16686 16235 17239 16730
17035 16399 16652 16629
16753 16687 16495 16765
16233 16789 17060 16874
16430 16573 17265 16757
16633 16492 16869 17037
16780 16547 17004 16809
16846 16449 16862 16852
16863 16450 16964 16806
16792 16566 16797 16905
16593 16746 16890 16820
16736 16207 17294 16609
16866 16742 16892 16230
16914 16502 17028 16261
16707 16171 17250 16713
17077 16448 16662 16580
16795 16682 16536 16782
16603 16711 16914 16825
16220 16791 17058 16882
16491 16653 17230 16794
16572 16412 16904 17000
16751 16682 17222 16684
16821 16368 16829 16887
16587 16773 16917 16857
16799 16376 16436 16934
16881 16548 17113 16286
16701 16198 17277 16750
17096 16426 16596 16538
16741 16669 16591 16773
16616 16709 16916 16817
16470 16691 17233 16728
16757 16655 17195 16647
16827 16562 16986 16814
16796 16397 17026 16806
16799 16412 16462 16930
16085 16958 17072 16871
16764 16294 17327 16570
16921 16743 16864 16225
16942 16452 16929 16566
16922 16553 17114 16205
16699 16195 17276 16759
16615 16693 16956 16853
16481 16819 16772 16908
16158 16763 17046 16924
16413 16687 17260 16742
16744 16710 17146 16678
16814 16617 16937 16845
16783 16388 16826 16913
16798 16400 17027 16797
16778 16602 16862 16928
16872 16469 16451 16897
16686 16250 17227 16790
16207 16419 17284 16790
16678 16692 16645 16824
16447 16822 16791 16923
16387 16696 17275 16778
16631 16568 16931 16949
16742 16707 17145 16687
16789 16582 16983 16840
16819 16466 16821 16888
16798 16329 17051 16762
16476 16777 16865 16911
16703 16214 17362 16533
16955 16734 16782 16231
16904 16397 16906 16615
16908 16575 17113 16242
16629 16246 17254 16804
16680 16695 16646 16815
16570 16769 16928 16866
16390 16818 16818 16937
16192 16815 17092 16807
16644 16513 16980 16918
16832 16411 16870 16857
16834 16407 17046 16737
16478 16780 16866 16902
16957 16737 16783 16222
16631 16249 17255 16795
16219 16381 17314 16815
16624 16680 16673 16859
16583 16788 16850 16786
16440 16816 16817 16932
16646 16516 16981 16909
16681 16725 17149 16740
16758 16578 17006 16773
16857 16446 16824 16862
16809 16326 17013 16772
16703 16583 16785 16984
16505 16776 16843 16903
16877 16426 16464 16896
16014 16900 17141 16843
16770 16267 17300 16533
16900 16733 16810 16236
16955 16570 17033 16189
16644 16194 17304 16764
16193 16390 17329 16851
16611 16735 16624 16890
16456 16784 16818 16903
16589 16512 17008 16923
16760 16581 17007 16764
16851 16375 17023 16723
16464 16771 16842 16984
16757 16322 17251 16564
16887 16788 16761 16267
17022 16528 17027 16167
16208 16316 17299 16819
16555 16817 16856 16804
16576 16567 16959 16954
16765 16538 17020 16763
16850 16474 16748 16856
16857 16348 16996 16686
16697 16596 16784 16962
16493 16817 16763 16901
16821 16410 16506 16898
16781 16264 17294 16555
16883 16735 16793 16254
16670 16181 17300 16753
16233 16397 17332 16784
16546 16819 16856 16820
16427 16806 16827 16899
16334 16717 17354 16758
16574 16564 16958 16963
16826 16618 16985 16800
16876 16450 16688 16807
16699 16599 16785 16953
16480 16819 16761 16909
16823 16413 16507 16889
16016 16903 17142 16834
16783 16267 17295 16546
16913 16811 16781 16224
16122 16992 17085 16762
16104 16930 17186 16829
16709 16797 17244 16702
16675 16752 17176 16777
16114 17017 17036 16825
16573 16676 17181 16919
16595 16836 17033 16519
16029 16949 17081 16910
16339 16804 17043 16887
16886 16621 16999 16751
16271 16944 16859 16768
16643 16870 16881 16603
16802 16648 16941 16901
16758 16961 16802 16514
16148 16923 16739 16974
16477 16763 17053 16877
16199 16991 16768 16928
16705 16934 16786 16588
16318 16871 17065 16845
16134 16979 16796 16908
16825 16662 16817 16456
16724 16745 17294 16662
16676 16896 16883 16554
15849 17012 16740 16893
16733 16750 17037 16667
15801 17034 16649 16857
16831 16746 16816 16445
16506 16867 17132 16522
16165 16873 16791 16923
16641 16561 17272 16717
16683 16643 17182 16766
16463 16741 17171 16926
16085 16841 17030 16936
15793 16996 16730 16951
16127 16836 16809 16976
16474 16650 17230 16965
16189 16925 16631 16947
15949 16843 16704 17066
16678 16855 16870 16526
16688 16802 17037 16718
16412 16885 16786 16880
16580 16681 17221 16744
16619 16551 16979 16905
16492 16697 17129 16826
17055 16562 16865 16627
16110 17039 17105 16836
16749 16679 17221 16693
16152 16961 16718 16981
16228 16911 16847 16854
16596 16758 17239 16715
15944 16995 16647 16859
16844 16718 16785 16430
16478 16737 17280 16689
16725 16694 17150 16704
16673 16677 17265 16708
16470 16715 16932 17151
16085 16789 17257 16585
16087 16917 16789 16943
16566 16604 17065 16949
16075 16980 16743 17002
16523 16624 17112 16929
15909 17016 16609 16894
16548 16722 17171 16779
15991 17012 16581 16900
16657 16794 17110 16750
16655 16830 16855 16588
16450 16911 16868 16814
16524 16723 17268 16699
16135 16978 16690 17005
16459 16907 16913 16812
16163 16914 16804 16951
16057 16887 16787 17021
16553 16628 16947 16980
16683 16542 16902 17013
16016 16903 16779 16956
16517 16651 17139 16966
16149 16927 16846 16868
16434 16867 16953 16862
16526 16629 16857 17047
16522 16904 16924 16826
16332 16823 16786 17041
15876 16896 16654 17078
15825 17024 16580 16850
15819 17097 16714 16673
16301 16825 16870 17003
16087 16961 17073 16862
15854 17045 16770 16618
16422 16808 17106 16620
15692 17040 16583 16687
16154 16964 16627 16978
16609 16912 16831 16480
15831 17059 16697 16608
15905 16886 16673 17058
16675 16858 16798 16618
16543 16836 16927 16799
16174 16869 16690 16937
15851 16815 16621 17113
16464 16796 17188 16793
16301 16815 16859 17073
16489 16367 17269 16790
16451 16750 16913 17097
16599 16820 16998 16309
16444 16728 16936 17162
16089 16920 16790 16934
16158 16946 16642 16954
15969 16819 16599 17083
16446 16583 16627 17165
16129 16881 16606 17039
15924 16797 16663 17091
16724 16712 17024 16717
16477 16665 16932 17085
16482 16920 16787 16860
16434 16716 17000 17079
16151 16974 16566 16948
16341 16358 17373 16673
16167 16909 16676 16947
16329 16423 17373 16712
16227 16880 16693 16910
16165 16932 16590 17008
16289 16790 16791 17090
16780 16671 17014 16732
16156 16959 16824 16908
16557 16501 16827 17024
16511 16720 16933 17070
16677 16861 16799 16609
15801 17015 16746 16923
15757 17013 16693 16938
16362 16799 16985 17029
15755 17027 16609 16928
15724 17030 16614 16925
16046 16862 16717 17039
16245 16952 16693 16876
16221 16939 16771 16848
16709 16291 17139 16743
16787 16618 17001 16874
16452 16887 16860 16864
17007 16574 16818 16478
16891 16623 16802 16413
16677 16880 16828 16341
16693 16309 17080 16938
16666 16640 17102 16820
16114 16891 16760 17007
16771 16602 16928 16928
16773 16877 16703 16485
16411 16341 17257 16856
16356 16529 17003 17026
16457 16779 17111 16853
16144 16348 17408 16739
16855 16645 16772 16414
16491 16724 17173 16809
16576 16527 16954 16975
15911 16852 16614 17122
16632 16614 16623 17124
16667 16316 17140 16872
15875 16774 16619 17147
16569 16599 16936 17022
16104 16847 16609 17027
16140 16851 16557 17043
16165 16886 16511 17048
15900 16855 16652 17112
16154 16889 16549 17038
15912 16815 16626 17097
16449 16321 17260 16830
16333 16827 16753 17027
16560 16930 17006 16760
16538 16760 16953 17007
16161 16924 16641 16968
16151 16859 16579 17015
15991 16799 16627 17083
16654 16937 16829 16411
16881 16540 16816 16800
16149 16856 16578 17024
16027 16877 16622 17058
16200 16924 16607 16978
16002 16842 16668 17053
16077 16939 16730 16974
16166 16839 16606 17000
16015 16847 16629 17048
16179 16844 16567 16995
16381 16503 17020 17005
16169 16912 16677 16938
16213 16963 16797 16894
16014 16900 16778 16965
16162 16940 16601 16932
16915 16614 16820 16390
16916 16626 16737 16466
16906 16657 16755 16427
16996 16592 16730 16455
16597 16728 16744 16914
16939 16596 16709 16342
16165 16906 16767 16950
17065 16622 16665 16401
16937 16618 16731 16369
16150 16925 16741 16963
16673 16289 17113 16835
16152 16928 16742 16954
16924 16648 16659 16382
16542 16508 16973 16995
16620 16658 16525 16892
17073 16570 16635 16351
16931 16586 16600 16471
16040 16897 16746 16990
16718 16290 17108 16738
16038 16894 16745 16999
16780 16673 16689 16624
16095 16898 16718 16985
16827 16694 16560 16618
16108 16843 16767 16954
16844 16544 16991 16816
16709 16367 17108 16810
16605 16498 16883 17082
16579 16774 16761 16909
16144 16921 16762 16929
16933 16712 16571 16360
16507 16438 16805 17095
16411 16799 16864 17067
16825 16594 16925 16817
16158 16962 16825 16899
17029 16582 16659 16445
16657 16391 17060 16852
16824 16619 16906 16876
16899 16589 16729 16487
16213 16777 17089 16873
16814 16700 16723 16509
16398 16814 17162 16779
16147 16924 16845 16877
16421 16831 17041 16879
16056 16949 17151 16794
16544 16825 17097 16748
17012 16541 16828 16688
16802 16294 17044 16801
16536 16523 16938 17016
16226 16908 16846 16863
16912 16490 16698 16728
16177 16885 16802 16919
16954 16622 16563 16451
16202 16920 16756 16924
16536 16764 17154 16786
16479 16590 17143 16968
16215 16865 16805 16893
16217 16868 16806 16884
17117 16488 16547 16430
16588 16748 16926 16821
16796 16189 17012 16812
16179 16842 16724 16950
16484 16732 16964 16914
17077 16572 16609 16412
16815 16292 17046 16793
16565 16766 16868 16974
16381 16840 16937 16936
16217 16879 16706 16897
16667 16567 16863 17021
16992 16557 16937 16607
16766 16539 16962 16914
16215 16876 16705 16906
16678 16669 17155 16734
17102 16498 16513 16451
16587 16900 16333 16835
16780 16733 17227 16621
16631 16695 17328 16330
16220 16917 16739 16871
16536 16742 17027 16867
16608 16809 17223 16455
16222 16920 16740 16862
16587 16835 17268 16358
16383 16648 16971 17125
17072 16556 16613 16414
16633 16722 16756 16858
16600 16771 17274 16331
16178 16370 16976 17119
16705 16586 16786 16975
16709 16455 17049 16864
16730 16718 17267 16625
16716 16586 16638 17072
16723 16620 16726 16974
17099 16499 16679 16476
17075 16536 16632 16394
16427 16951 16850 16791
16609 16657 17150 16867
16889 16477 16779 16873
16403 16483 17048 17005
16819 16502 16962 16834
16235 16938 16814 16820
17101 16569 16528 16339
16504 16753 17168 16774
17122 16593 16560 16303
16555 16831 17255 16450
16660 16732 17216 16739
16264 16811 17102 16841
16506 16374 17217 16799
16817 16559 17095 16511
16904 16432 16864 16691
16735 16608 17117 16697
16633 16382 17072 16889
16821 16347 17018 16744
16361 16828 17027 16928
16625 16840 16955 16503
16602 16683 17214 16741
16219 16738 17018 16936
17114 16514 16577 16308
16379 16372 17238 16875
17124 16623 16597 16296
16419 16647 16903 17197
16568 16882 16531 16657
16259 16868 16675 16881
17080 16557 16650 16282
17134 16562 16479 16276
17181 16562 16502 16233
16554 16463 16762 17122
17156 16481 16469 16268
17150 16508 16496 16305
16693 16557 17149 16759
17148 16505 16495 16314
16770 16481 17116 16717
17135 16560 16446 16345
16465 16880 17131 16272
16633 16608 17143 16851
16634 16487 16879 17018
16591 16837 16509 16665
16622 16826 16830 16745
16494 16751 17290 16413
16622 16845 16436 16633
16529 16557 17358 16671
16623 16433 17302 16423
17116 16517 16578 16299
17128 16477 16552 16284
16797 16723 16533 16719
17115 16532 16503 16315
16730 16468 17083 16784
16779 16850 16676 16448
16582 16446 16894 17047
16849 16499 17081 16451
16820 16569 17025 16412
17074 16641 16543 16323
16814 16760 16469 16605
16832 16542 17069 16320
16804 16788 16788 16381
16815 16759 16362 16727
16771 16880 16773 16376
16067 15801 16626 17253
16767 16788 17178 16652
16921 16697 16425 16782
16861 16488 17036 16426
16731 16756 16313 16790
16279 16399 16622 17213
16720 16776 16312 16743
16069 15796 16636 17240
16745 16822 16256 16577
17128 16523 16579 16199
16905 16705 16596 16495
16483 16567 17135 16983
16797 16752 16419 16759
16547 16752 17218 16753
17141 16468 16628 16168
16733 16840 16391 16567
17135 16495 16655 16205
16686 16872 16408 16599
17133 16492 16654 16214
16813 16723 16487 16649
16874 16531 17131 16291
17120 16547 16605 16245
16327 16862 17132 16792
16728 16432 17106 16766
16369 16836 17171 16775
16875 16549 17246 16243
16063 15691 16657 17201
16790 16781 16345 16671
16845 16524 17048 16425
16657 16854 16408 16637
16563 16691 17189 16756
16673 16898 16808 16345
17093 16502 16699 16251
16152 15968 16547 17244
16645 16870 16299 16788
17071 16522 16671 16251
16595 16364 17117 16926
16060 15823 16552 17240
16616 16659 16653 16895
16794 16740 16645 16643
16136 16984 17076 16778
16841 16404 17091 16309
16766 16295 17112 16729
16191 16868 17217 16824
16832 16456 17069 16637
16030 15831 16575 17225
16426 16563 17162 16997
16808 16488 17075 16541
16785 16502 17179 16464
16820 16489 17094 16420
16767 16836 16822 16230
16481 16626 17120 16986
16506 16667 17338 16702
16229 16401 16623 17218
16424 16286 17306 16825
16160 15962 16497 17242
16410 16293 17299 16769
16217 15966 16470 17228
16490 16677 17260 16721
17071 16454 16675 16515
16158 16935 17025 16761
16494 16715 17195 16810
16635 16871 16936 16199
17082 16576 16502 16426
16311 16778 17148 16800
16500 16293 17274 16754
16525 16704 17148 16823
17033 16642 16428 16368
16167 15878 16479 17232
16580 16900 16955 16249
16621 16844 16313 16793
17045 16681 16429 16338
16127 15941 16486 17262
16693 16550 16675 17092
16660 16823 16236 16729
16172 16069 16503 17228
16612 16801 16253 16815
17009 16632 16468 16405
16582 16731 16780 16914
16601 16804 16291 16805
16664 16781 16237 16754
16627 16796 16744 16823
16989 16648 16556 16346
16198 16018 16381 17220
16592 16850 16899 16260
17040 16668 16514 16287
16192 16045 16408 17257
15876 16729 17199 16830
16824 16553 17087 16366
17032 16651 16516 16248
16141 15986 16463 17258
16584 16635 17131 16883
17000 16670 16600 16336
16261 16267 17242 16940
16136 15991 16508 17253
16110 16000 16523 17289
16123 16046 16459 17284
16704 16727 16600 16859
16080 16963 17117 16866
16066 16042 16486 17298
16102 16120 16481 17273
16971 16738 16653 16294
16115 16065 16530 17242
16840 16824 16872 16335
16118 16004 16480 17243
16753 16698 16251 16765
16352 16518 17010 17052
16749 16826 16835 16431
16910 16658 16688 16257
16784 16825 16822 16345
16946 16657 16620 16329
16720 16524 17315 16292
16603 16549 17362 16488
16960 16717 16570 16339
16836 16310 17056 16764
16965 16747 16546 16302
16993 16723 16520 16312
16558 16732 17157 16781
16999 16696 16493 16275
16748 16848 16820 16362
16824 16701 16437 16760
16745 16834 16834 16326
16962 16720 16571 16330
16263 16135 17297 16927
16932 16644 16583 16360
16281 16211 17230 16967
16083 16146 16433 17230
16735 16696 16618 16810
16547 16713 16950 17012
17020 16584 16659 16461
16671 16639 17068 16841
16348 16534 17013 17033
16276 16215 17292 16900
16708 16386 17061 16858
16145 16887 17060 16628
16739 16257 17050 16791
16020 16979 17134 16885
16654 16577 16728 17066
16972 16610 16543 16411
16147 16890 17061 16619
16738 16395 17060 16778
16618 16729 17334 16655
16325 16216 17312 16886
16142 16957 17049 16741
16460 16903 17018 16798
16698 16374 17125 16775
16451 16729 17021 16935
16982 16618 16489 16425
16684 16872 16857 16508
16282 16720 16991 16972
16551 16757 17273 16383
16948 16666 16502 16491
16459 16291 17281 16820
16931 16610 16509 16515
16274 16212 17291 16909
16930 16658 16519 16540
16879 16718 16515 16531
16050 16066 16563 17257
16918 16605 16548 16520
16946 16605 16565 16412
16916 16698 16390 16709
16225 16182 17040 17036
16923 16670 16466 16715
16940 16657 16423 16632
16300 16181 17358 16881
16959 16682 16403 16632
16631 16489 16868 17046
16317 16768 17051 16905
16933 16657 16396 16680
16164 16184 16987 17085
16873 16551 16976 16805
16925 16681 16422 16726
16215 16252 17016 17039
16926 16697 16382 16690
16201 16342 17050 17014
16380 16217 17311 16799
16171 16310 17017 17067
16777 16888 16753 16324
16286 16405 16596 17204
17016 16731 16392 16573
16273 16251 17197 16983
16721 16681 16942 16741
16955 16651 16427 16536
16741 16214 17079 16764
16884 16261 17012 16735
16949 16678 16454 16573
16805 16582 16958 16814
16901 16493 16736 16718
16892 16674 16481 16587
16512 16427 16928 17027
16820 16949 16748 16433
16894 16677 16482 16578
16859 16226 17058 16730
16899 16634 16495 16577
16205 16238 17030 17042
16505 16718 17141 16813
16742 16374 17037 16761
16846 16281 17009 16761
16886 16689 16446 16608
16110 16230 17052 17030
17013 16579 16719 16577
16877 16669 16493 16582
16723 16405 17026 16799
16146 16276 17020 17055
16829 16902 16745 16438
16705 16346 17031 16927
16830 16545 17003 16804
16156 16298 17059 17012
16857 16477 16991 16843
16925 16358 16842 16702
17020 16497 16713 16648
16877 16684 16625 16487
16888 16570 16941 16746
16864 16739 16576 16518
16691 16754 17144 16708
16941 16388 16731 16728
16173 16276 17016 17036
16875 16204 16889 16799
16865 16748 16514 16571
16283 16152 17199 16988
16374 16277 17279 16865
16770 16514 17092 16744
16842 16708 16496 16688
16737 16511 17272 16209
16979 16581 16585 16552
16871 16684 16458 16603
16434 16720 17200 16823
17025 16486 16877 16657
16884 16629 16507 16572
16776 16428 17250 16192
16954 16333 16780 16697
16879 16672 16494 16573
16149 16299 17076 16998
16332 16221 17332 16784
16124 16218 17043 17033
16768 16452 17276 16238
16566 16218 17362 16743
16864 16724 16444 16613
16185 16298 17008 17070
16743 16417 17287 16256
16641 16609 17295 16323
16732 16374 17281 16263
16734 16596 16978 16881
16452 16663 16962 17023
16345 16425 17025 17030
16257 16174 17179 17012
16974 16381 16886 16646
16850 16725 16445 16713
16743 16371 17243 16273
17050 16582 16619 16405
16872 16700 16418 16567
16745 16374 17244 16264
17081 16555 16616 16432
16770 16349 17272 16242
17056 16478 16642 16537
16320 16643 17337 16778
16244 16740 16988 16998
16811 16765 16529 16541
16831 16429 17237 16279
17035 16563 16654 16464
16300 16298 17268 16854
16844 16446 16861 16861
16188 15944 17102 17019
16497 16601 16629 17072
16656 16536 16706 17093
16509 16726 17136 16819
16709 16617 17132 16733
16306 16050 17113 17003
16911 16401 16852 16696
16774 16751 16599 16570
16576 16753 17302 16316
17069 16480 16862 16516
16830 16635 16628 16546
16184 15946 17091 17041
16526 16755 17303 16321
16340 16344 17277 16814
16665 16313 17139 16881
16659 16675 17158 16806
16652 16368 17090 16912
17083 16474 16659 16597
17094 16458 16645 16511
16966 16707 16480 16473
17003 16532 16894 16603
16599 16783 17267 16390
17035 16474 16925 16596
16696 16642 16697 17005
16794 16323 17237 16564
16963 16614 16552 16451
16411 16286 17261 16939
17057 16398 16763 16592
16651 16807 16896 16562
16546 16800 17260 16384
16961 16611 16551 16460
16564 16798 17236 16397
16974 16616 16512 16455
17046 16321 16711 16746
16711 16341 17298 16612
16946 16659 16518 16451
16826 16750 16448 16704
16693 16353 17338 16369
16622 16617 16664 17044
16567 16589 17006 16960
16829 16787 16793 16469
16890 16633 16520 16517
16646 16332 17309 16375
16531 16852 17210 16424
16892 16636 16521 16508
17069 16287 16683 16655
16196 16339 17053 17012
16544 16797 17259 16393
17084 16336 16771 16632
16171 16258 17020 17047
16580 16875 17254 16368
16712 16362 17048 16874
16663 16541 16978 16892
16222 16326 17049 17001
16643 16347 17010 16935
16746 16845 16819 16371
16929 16580 16489 16556
16661 16538 16977 16901
17154 16285 16793 16587
16815 16698 16460 16730
16544 16749 17289 16408
17100 16341 16689 16583
16837 16699 16439 16752
16827 16747 16457 16662
16853 16744 16422 16652
16805 16728 16393 16713
16903 16614 16558 16555
16477 16716 17017 16924
16215 16366 17035 17011
16786 16828 16823 16336
16964 16599 16491 16518
16240 16430 17447 16669
16812 16675 16595 16677
16851 16619 16443 16772
16774 16732 16466 16651
16777 16756 16365 16710
16951 16594 16530 16523
17116 16259 16711 16653
16838 16621 16441 16780
16745 16727 16471 16667
16204 16352 17452 16694
17053 16210 16665 16684
16750 16760 16410 16668
16179 16255 17064 17009
16597 16576 17389 16525
16936 16631 16492 16503
16179 16350 17482 16632
16597 16367 17118 16917
16334 16833 17063 16869
16865 16772 16829 16377
16060 16760 16997 16971
16918 16685 16497 16559
16364 16768 16918 16967
16844 16673 16477 16646
16740 16756 17175 16655
16355 16274 17284 16922
16830 16677 16448 16694
16857 16632 16474 16606
16209 16423 17427 16696
16233 16774 16993 16981
16654 16548 17085 16855
17097 16281 16820 16601
16638 16828 16420 16707
16196 16478 17378 16727
16125 16408 17390 16771
16144 16601 17009 16994
16191 16407 17403 16725
16824 16319 16906 16899
16302 16143 17354 16860
16835 16677 16534 16611
16657 16370 17327 16328
16751 16303 16830 16946
16831 16655 16531 16680
16687 16446 17315 16298
16667 16566 17164 16795
16694 16299 16857 16960
16571 16763 16956 16865
16744 16527 17096 16755
16786 16593 16824 16942
16687 16398 17316 16308
16681 16358 16815 17016
16584 16449 16895 17038
16630 16394 17343 16322
16977 16445 16946 16523
16845 16504 16743 16818
16680 16507 17305 16382
17081 16430 16806 16527
16871 16559 16467 16774
16215 16349 17414 16704
16715 16386 16859 16955
16818 16511 16916 16867
16202 16404 17365 16735
16822 16616 16905 16885
17107 16415 16800 16517
16323 16191 17333 16825
17100 16329 16717 16629
16842 16416 16718 16908
16926 16544 16433 16643
16733 16814 16451 16522
16441 16170 17346 16876
17133 16361 16666 16564
16965 16563 16379 16636
16920 16496 16880 16625
16276 16154 17359 16850
16679 16541 17125 16788
17171 16398 16685 16529
16751 16464 16854 16930
16863 16419 16797 16825
16628 16618 17031 16902
17053 16367 16900 16504
16488 16645 17273 16724
16996 16363 16927 16518
16502 16636 17262 16799
17108 16305 16691 16583
16726 16842 16375 16516
16998 16366 16928 16509
16691 16623 16811 16999
16986 16286 16983 16510
16350 16206 17296 16902
16768 16478 17115 16726
16700 16229 16833 16964
17001 16579 16802 16431
16996 16485 16901 16581
16981 16366 16961 16565
16381 16265 17269 16886
16245 16357 17309 16802
16725 16264 16787 16969
17124 16403 16674 16544
16747 16834 16327 16524
15955 16819 17107 16925
16919 16560 16888 16481
17127 16399 16587 16533
16988 16401 16473 16700
16741 16816 16365 16521
16998 16563 16921 16391
16731 16255 16786 16974
17112 16380 16622 16592
16591 16675 16893 16887
16950 16444 16368 16691
16739 16813 16364 16530
16931 16573 16900 16402
16729 16252 16785 16983
17020 16419 16379 16734
16627 16342 17301 16398
17013 16354 16947 16508
16716 16307 16736 17014
16713 16408 16659 17014
16659 16807 17093 16238
17065 16453 16867 16507
16719 16446 17063 16790
16691 16272 16782 17009
16719 16381 16632 16977
16617 16819 16919 16508
16201 16446 17311 16827
16697 16466 17035 16790
15823 16696 17143 16933
16930 16577 16858 16410
16988 16488 16987 16493
16360 16341 17283 16789
16962 16350 16417 16757
16637 16849 16364 16655
16435 16570 16965 17028
16724 16562 16612 17026
16667 16375 17318 16360
16580 16849 16906 16793
16846 16462 17001 16528
17067 16448 16877 16494
16186 16439 17352 16774
16740 16547 17021 16783
16727 16350 16777 16984
16659 16685 17066 16802
15844 16686 17106 16957
16573 16870 16982 16480
16740 16295 16826 16953
16546 16709 17129 16799
16183 16660 17023 16961
16679 16900 16332 16593
16946 16503 16987 16441
17086 16339 16855 16437
16520 16589 17117 16976
16740 16439 16596 16964
16716 16565 16674 16985
16766 16306 16814 16944
17065 16343 16671 16579
16909 16313 16718 16794
16939 16378 16429 16756
16707 16808 16419 16582
16743 16477 16590 16958
16625 16436 17303 16414
16719 16248 16849 16962
16896 16368 16669 16825
17008 16359 16656 16732
16694 16863 16370 16613
16706 16303 16800 16993
17149 16352 16761 16573
16981 16429 16397 16694
16493 16685 17203 16801
16788 16569 17004 16697
16669 16268 16795 17018
16458 16648 16997 17002
16406 16753 17172 16884
16790 16681 17024 16238
16902 16671 16696 16424
16906 16447 17024 16520
16932 16286 16968 16565
16694 16303 16749 17023
16894 16350 16680 16774
16436 16668 16969 17002
16672 16545 16704 17054
15805 16745 17190 16830
16901 16655 16736 16460
16523 16197 17325 16804
16658 16225 16754 17048
16932 16386 16500 16744
16720 16831 16354 16586
16616 16480 17239 16752
16852 16680 16689 16462
16945 16288 16966 16590
16919 16441 16451 16775
16732 16793 17178 16694
16932 16343 16917 16621
16734 16827 16305 16589
16914 16641 16613 16458
16425 16236 17238 16874
16825 16342 16639 16912
16914 16508 16432 16776
16851 16664 16667 16509
16858 16493 16951 16807
16561 16316 16715 17092
16788 16282 16645 16938
16523 16470 16969 16997
16925 16500 16426 16692
16715 16812 16300 16631
16873 16644 16685 16505
16882 16429 17029 16651
16699 16847 16324 16601
16472 16286 17253 16872
16391 16721 17327 16744
16808 16423 16780 16918
16835 16607 17128 16291
16931 16368 16962 16570
16413 16243 17265 16855
16785 16804 16245 16516
16519 16387 16942 17017
16767 16838 16281 16536
16462 16641 17157 16972
16917 16642 16647 16449
16343 16294 17243 16900
16580 16192 16795 17088
16810 16656 16931 16900
16567 16247 16746 17119
16524 16830 16869 16893
16318 16292 17273 16838
16569 16206 16733 17091
16499 16791 16923 16859
16821 16786 16276 16485
16496 16512 17184 16952
16781 16368 16635 16945
16490 16449 16954 17004
16358 16338 17282 16798
16871 16811 16703 16418
16419 16418 17247 16835
17058 16290 16630 16719
16890 16628 16615 16461
16963 16474 16870 16661
16389 16342 17259 16865
16226 16148 17226 17002
17010 16248 16663 16776
16869 16408 16635 16891
16594 16803 16923 16576
16446 16346 17232 16851
16268 16217 17220 16982
16560 16286 16677 17130
16953 16236 16708 16752
16798 16902 16356 16478
16281 16162 17269 16951
16567 16246 16691 17120
17003 16251 16668 16748
16846 16666 16644 16482
16836 16498 17002 16565
16597 16246 16641 17109
16952 16183 16639 16794
16824 16630 16694 16483
16428 16287 17304 16753
16270 16119 17228 16981
16610 16244 16643 17101
16988 16261 16634 16769
17058 16414 16723 16556
16430 16290 17305 16744
16239 16376 17355 16770
16617 16216 16719 17107
16931 16257 16661 16783
16864 16396 16746 16908
16505 16704 17162 16782
16574 16692 17141 16883
16658 16231 17322 16746
16283 16165 17164 16976
16172 16413 17347 16783
16849 16443 17051 16534
16933 16260 16662 16774
16518 16663 17190 16782
16522 16671 17185 16788
16707 16893 16773 16560
16938 16217 16675 16773
16873 16404 16580 16878
16601 16699 17011 16785
16513 16527 16986 16978
16570 16790 17088 16820
16520 16666 17191 16773
16524 16674 17186 16779
16496 16683 17242 16788
16443 16289 17301 16768
16249 16237 17252 16982
16980 16286 16669 16753
16533 16750 17039 16867
16906 16627 16656 16463
16978 16283 16668 16762
16539 16671 17318 16659
16468 16711 17204 16764
16592 16637 17215 16778
16501 16675 17209 16800
16457 16475 16979 17008
16936 16639 16592 16399
17093 16395 16747 16576
16613 16284 17270 16853
16188 16157 17287 16945
16160 16400 17383 16752
16796 16378 17074 16662
16670 16509 16727 17036
16416 16670 17219 16793
16420 16688 17173 16829
16559 16708 17006 16821
16555 16600 17188 16779
16459 16478 16980 16999
16603 16718 17253 16705
16830 16918 16705 16402
16921 16620 16627 16458
17021 16355 16600 16686
16445 16769 17206 16794
16929 16596 16601 16412
16931 16303 16900 16651
16136 16325 17406 16781
17000 16345 16636 16740
16434 16747 17158 16839
16891 16620 16677 16469
16918 16358 16851 16682
16138 16328 17407 16772
16432 16744 17157 16848
16031 16908 17068 16882
16761 16797 16758 16486
16164 16319 17392 16736
16569 16706 17290 16711
16066 16961 17087 16877
16738 16269 17283 16628
16812 16865 16787 16440
17058 16392 16756 16573
16203 16438 17392 16717
16470 16724 17160 16822
16558 16732 17188 16760
16575 16638 17177 16898
16683 16233 17292 16808
17071 16337 16805 16542
16414 16247 17293 16841
16216 16383 17441 16686
16515 16711 17122 16802
16559 16677 17264 16716
16471 16660 17127 16920
16514 16666 17192 16781
16115 16911 17045 16850
16271 16384 17413 16681
16845 16372 17061 16590
16493 16723 17139 16797
16489 16713 17045 16882
16516 16669 17193 16772
16608 16600 17153 16852
16899 16685 16679 16421
16476 16715 17043 16890
16638 16604 17075 16857
16637 16607 16698 17023
16912 16630 16728 16390
16570 16222 17301 16881
16429 16527 17298 16738
16506 16731 17153 16794
16587 16641 17235 16734
16621 16570 17035 16882
16651 16697 17237 16708
16080 16855 17017 16901
16767 16814 16745 16468
16559 16186 17334 16846
16517 16556 17320 16679
16534 16688 17147 16798
16615 16572 17073 16866
16597 16556 17029 16919
16603 16535 17190 16783
16270 16830 17081 16853
16759 16838 16771 16514
16894 16577 16810 16428
16273 16387 17414 16672
16550 16796 16941 16789
16477 16684 17174 16812
16570 16601 17217 16751
16609 16516 17003 16904
16597 16582 16710 17039
16881 16632 16761 16459
16835 16463 17015 16520
16560 16821 17088 16772
16464 16739 17125 16843
16602 16526 17080 16882
16651 16565 17013 16855
16644 16617 16680 17024
16800 16525 17139 16536
16786 16766 16756 16530
16658 16551 17003 16881
16799 16711 16805 16499
16207 16375 17363 16757
16344 16801 17217 16770
16541 16658 17228 16793
16596 16535 17081 16877
16771 16588 16949 16897
16174 16768 17077 16904
16622 16322 17328 16498
16772 16285 17289 16584
16554 16801 16896 16840
16557 16649 17369 16618
16623 16311 17343 16463
16804 16706 16760 16504
16918 16625 16689 16347
16498 16106 17369 16809
16196 16298 17369 16775
16333 16758 17176 16800
16521 16534 17259 16724
16586 16549 17037 16922
16180 16846 17173 16834
16758 16245 17242 16589
16806 16709 16761 16495
16913 16627 16686 16344
16536 16142 17374 16773
17093 16205 16828 16550
16478 16769 17032 16838
16508 16609 17235 16762
16700 16600 17060 16772
16799 16737 16685 16489
16920 16599 16762 16350
17075 16424 16851 16448
16525 16799 17082 16785
16373 16804 17067 16791
16532 16590 17179 16927
16641 16563 17080 16871
16668 16498 17084 16818
16977 16640 16764 16267
16820 16337 17107 16585
16525 16761 16966 16876
16472 16727 17161 16813
16318 16764 17136 16801
16699 16670 17032 16821
16750 16229 17257 16613
16852 16747 16657 16435
16923 16616 16790 16336
17081 16398 16854 16429
16241 16346 17367 16717
16497 16702 17189 16791
16470 16562 17167 16969
16646 16605 17071 16829
16680 16535 17081 16844
16660 16564 16702 17030
16898 16581 16836 16331
17066 16379 16889 16488
16833 16523 17029 16546
16266 16427 17400 16682
17059 16255 16738 16667
16547 16578 17390 16530
16484 16757 17140 16822
16528 16565 17091 16930
16629 16467 17052 16890
16790 16226 17295 16564
16885 16636 16787 16362
17058 16362 16891 16449
16486 16786 17137 16717
16819 16658 16971 16810
17018 16341 16956 16446
17129 16204 16760 16622
16473 16841 17088 16748
16593 16648 17301 16690
16677 16716 16994 16803
16602 16487 17110 16878
16872 16625 16826 16308
16960 16302 16996 16415
16877 16493 17067 16406
17154 16239 16714 16627
16402 16847 17156 16718
16565 16561 17372 16531
16749 16698 17017 16705
16638 16565 17105 16853
16847 16730 16873 16305
16996 16380 16991 16390
16388 16589 17358 16742
17118 16161 16719 16652
16475 16710 17090 16899
16430 16804 17150 16722
16555 16690 17382 16646
16568 16563 17052 16921
16613 16484 17072 16888
16460 16651 16998 16993
16681 16265 17310 16642
16833 16748 16696 16423
16971 16345 17037 16385
17105 16216 16670 16683
16443 16802 17152 16714
16555 16618 17003 16952
16685 16666 17143 16770
16743 16621 17097 16711
16638 16519 17026 16893
16465 16608 17011 16992
16911 16636 16793 16247
16958 16400 16988 16416
16681 16230 17291 16817
17054 16148 16641 16729
16394 16819 17131 16731
16462 16509 17399 16568
16603 16498 17028 16933
16846 16730 16670 16453
16927 16408 17022 16456
16583 16167 17350 16850
16309 16384 17381 16685
16825 16413 17074 16609
17090 16226 16636 16704
16393 16803 17171 16767
16633 16574 17016 16903
16923 16746 16865 16216
16519 16612 17387 16671
16827 16416 17075 16600
17067 16218 16664 16675
16529 16736 17053 16876
16383 16833 17104 16750
16274 16805 17069 16866
16846 16777 16706 16406
16376 16391 17438 16644
16819 16379 17099 16655
17109 16267 16674 16626
16479 16738 17054 16881
16276 16808 17070 16857
16544 16511 16974 16986
16034 16981 17164 16874
16897 16845 16735 16360
16844 16412 17068 16597
17107 16264 16673 16635
16388 16692 17361 16554
16276 16794 17103 16838
16281 16765 17083 16856
16549 16468 16987 16985
16876 16769 16791 16387
16832 16460 17003 16590
17102 16307 16660 16636
16489 16760 17093 16838
16713 16545 17109 16741
16201 16782 17184 16817
16834 16806 16783 16351
17108 16280 16633 16599
16390 16650 17398 16555
16300 16748 17062 16891
16288 16736 17014 16933
16910 16425 16992 16466
16791 16591 17034 16408
16416 16089 17313 16911
16193 16454 17394 16634
16839 16489 16848 16862
16285 16830 17009 16951
16781 16566 17043 16579
17085 16339 16683 16650
16723 16688 17236 16729
16814 16569 17021 16535
16512 16164 17278 16906
16225 16479 17442 16587
17049 16261 16688 16675
16799 16538 16873 16911
16426 16700 17357 16509
16283 16812 16977 16961
16666 16579 17011 16866
16887 16657 16854 16238
16525 16109 17327 16875
16227 16438 17429 16559
17051 16264 16689 16666
16482 16758 16840 17065
16422 16774 17016 16867
16706 16557 17074 16747
16668 16582 17012 16857
16860 16624 16832 16294
16820 16648 16879 16309
16936 16370 17004 16436
16561 16187 17322 16850
16229 16441 17430 16550
16795 16543 17026 16572
16374 16768 16904 17002
16372 16713 17339 16472
16621 16691 16952 16850
16464 16843 17010 16847
16708 16552 17053 16788
16634 16543 16990 16896
16457 16723 16886 17060
16862 16627 16833 16285
16993 16374 16977 16422
16787 16563 17032 16461
16296 16456 17487 16528
17054 16265 16742 16634
16816 16629 16904 16863
16367 16738 17334 16390
16682 16758 17150 16768
16507 16826 17016 16842
16280 16680 17008 16959
16923 16588 17014 16306
16999 16347 16950 16385
16843 16534 17004 16419
16287 16441 17423 16552
16331 16793 17391 16438
16707 16646 17006 16775
16455 16726 16837 17068
16802 16299 17211 16518
16857 16507 17002 16341
16534 16144 17306 16906
16783 16525 17030 16551
16685 16692 16968 16757
16230 16642 17024 16979
16729 16551 17038 16747
16559 16179 17260 16911
16293 16425 17405 16552
16415 16708 17456 16447
16628 16651 16966 16840
16486 16874 16956 16821
16260 16718 17012 16949
16669 16594 17044 16851
16943 16774 16808 16246
17040 16411 16885 16352
16572 16124 17309 16880
16306 16370 17454 16521
16315 16716 17373 16467
16618 16683 16969 16828
16276 16795 17030 16920
16694 16629 16998 16856
16593 16172 17288 16845
17144 16366 16682 16532
16576 16632 17001 16890
16246 16719 17042 16950
16505 16580 17233 16818
16715 16512 17067 16778
16816 16244 17363 16516
16591 16117 17297 16839
16235 16376 17522 16491
16915 16425 16677 16697
16356 16816 16831 17068
16322 16688 17449 16473
16580 16678 16931 16877
16538 16501 16872 17041
16710 16555 17054 16779
16565 16694 17190 16747
16473 16704 16850 17117
16981 16585 16856 16125
16802 16601 17135 16340
16578 16172 17248 16870
16209 16385 17537 16527
17139 16422 16639 16485
16909 16452 16704 16734
16603 16701 16717 16877
16578 16628 16932 16953
16231 16738 17016 16963
16658 16549 16753 17051
16611 16169 17226 16860
16184 16304 17504 16562
16590 16756 16668 16908
16535 16849 16973 16795
16538 16660 17202 16766
16733 16587 17007 16793
16822 16210 17256 16518
16242 16343 17464 16593
17099 16368 16720 16539
16596 16742 16738 16895
16417 16711 17457 16438
16578 16677 16891 16895
16283 16794 17032 16933
16499 16642 17235 16734
16595 16490 16936 16974
16804 16229 17332 16541
16820 16588 17163 16350
16575 16091 17231 16885
16206 16265 17469 16618
16420 16630 17425 16478
16579 16693 16851 16859
16584 16599 16947 16929
17016 16498 16871 16425
16267 16345 17434 16655
16787 16483 17107 16541
16892 16466 16823 16724
16476 16666 17384 16518
16571 16717 16877 16905
16535 16369 16903 17039
16548 16552 16944 16983
16691 16224 17254 16822
16322 16329 17430 16654
16299 16812 16858 17082
16439 16645 17406 16478
16399 16823 17053 16761
16269 16753 16991 16980
16586 16437 16932 16993
16680 16508 16643 17097
16748 16157 17301 16584
16804 16692 16864 16340
16619 16157 17227 16864
16265 16299 17427 16663
16239 16677 17003 17010
16537 16668 17317 16668
16121 16884 17018 16813
16795 16684 16877 16359
16804 16565 17237 16243
16515 16865 17052 16703
16597 16493 16937 16965
16125 16941 17035 16808
16623 16192 17271 16818
16585 16822 16969 16655
16753 16502 16535 16999
16116 16886 17015 16810
16741 16203 17251 16620
16868 16577 17170 16237
16738 16483 16570 17058
16822 16649 16840 16340
16881 16522 17219 16206
16902 16380 16790 16717
16475 16667 17393 16456
16389 16731 16942 17022
16590 16644 17214 16755
16615 16619 17242 16733
16730 16507 16596 17104
16409 16763 16887 17049
16595 16696 16674 16924
16509 16711 17349 16404
16482 16745 16983 16877
16383 16761 16945 16946
16743 16526 16518 17024
16761 16208 17295 16602
16833 16500 17236 16292
16582 16654 16642 16929
16370 16763 16943 16954
16508 16633 17186 16799
16544 16625 17257 16746
16788 16474 16518 16973
16781 16250 17258 16566
16820 16555 17187 16323
16795 16416 17146 16457
16612 16730 16630 16899
16389 16816 16911 16890
16536 16605 17214 16802
16840 16691 16796 16412
16795 16474 17154 16358
16452 16605 17330 16712
16718 16531 16835 16944
16633 16715 16652 16890
16425 16587 17438 16477
16797 16456 17012 16743
16591 16630 16868 16907
16786 16438 16541 16955
16831 16552 17149 16333
16668 16285 17242 16848
16697 16399 16831 16945
16600 16737 16708 16889
16573 16819 17090 16764
16499 16850 17041 16723
16383 16799 16924 16908
16535 16617 17233 16786
16578 16632 16866 16915
16780 16465 16568 16992
16183 16960 16995 16721
16825 16533 17165 16295
16662 16725 16654 16808
16418 16627 17424 16487
16474 16875 17013 16745
16543 16673 17215 16762
16409 16635 16967 17114
16737 16387 16582 16997
16752 16232 17258 16604
16867 16582 17175 16246
16626 16676 16693 16875
16545 16709 17055 16855
16535 16847 16928 16844
16518 16638 17261 16757
16739 16390 16583 16988
16884 16735 16912 16249
16832 16550 17147 16290
16689 16206 17265 16771
16336 16720 17355 16749
16717 16389 16860 16946
16659 16703 16634 16843
16547 16712 17056 16846
16441 16787 16966 16862
16744 16347 16596 16987
16889 16554 17120 16276
16676 16261 17216 16802
16649 16708 16646 16889
16603 16683 17028 16804
16478 16843 16955 16858
16653 16461 16917 16941
16513 16679 16920 17042
16780 16425 16591 16962
16859 16654 16879 16284
16956 16512 17114 16254
16619 16257 17243 16816
16573 16671 16663 16940
16440 16546 17405 16524
16590 16685 17026 16812
16537 16775 16918 16862
16580 16703 17252 16721
16861 16657 16880 16275
16601 16665 16649 16895
16444 16777 16898 16876
16636 16465 16924 16944
16785 16350 16542 16967
16695 16262 17333 16718
16905 16444 17085 16300
16552 16204 17305 16816
16507 16538 17401 16521
16584 16774 16956 16764
16409 16786 16931 16882
16722 16742 17293 16671
16796 16347 16504 16977
16114 16984 17060 16798
16652 16264 17334 16566
16884 16702 16936 16222
16892 16499 17036 16331
16588 16282 17300 16791
16209 16378 17364 16748
16547 16797 16872 16855
16422 16784 16933 16874
16541 16740 16882 16979
16785 16304 16463 17007
16112 16981 17059 16807
16673 16200 17345 16549
16848 16624 16941 16247
16911 16549 17013 16336
16594 16255 17273 16754
16657 16700 16633 16852
16490 16793 16899 16869
16364 16750 16985 16934
16675 16543 16837 16975
16784 16586 16951 16889
16579 16787 16816 16905
16807 16393 16434 16973
16835 16679 16892 16278
16940 16537 16969 16373
16678 16259 17265 16776
16226 16374 17357 16745
16635 16720 16605 16852
16578 16682 16959 16836
16520 16869 16887 16839
16688 16488 16886 16944
16592 16796 16827 16839
16118 17015 17079 16790
16743 16149 17367 16504
16963 16407 16954 16528
16898 16507 16981 16341
16916 16396 16807 16701
16693 16770 16625 16849
16603 16717 16913 16841
16348 16765 17046 16908
16682 16515 16913 16981
16814 16753 16914 16267
16690 16719 16625 16876
16262 16703 17034 16960
16680 16512 16912 16990
16793 16476 16962 16862
16618 16772 16767 16790
16051 16962 17141 16790
16774 16153 17344 16571
16779 16744 16907 16298
16915 16571 17016 16267
16656 16228 17321 16755
16911 16355 16773 16736
16592 16720 16951 16831
16550 16773 16918 16823
16270 16759 17016 16936
16454 16608 17331 16703
16754 16742 17242 16657
16603 16753 16802 16849
16203 16298 17360 16795
16732 16677 16531 16819
16633 16746 16874 16815
16537 16828 16869 16854
16213 16747 17061 16912
16794 16467 17008 16829
16830 16592 16879 16839
16599 16758 16791 16809
16822 16341 16484 16933
16725 16130 17300 16627
16842 16783 16859 16307
16920 16393 16838 16663
16925 16499 16990 16271
16684 16232 17238 16739
16621 16698 16942 16835
16215 16742 17071 16899
16465 16605 17293 16713
16817 16647 16830 16870
16595 16782 16867 16838
16864 16481 16415 16927
16738 16210 17295 16600
16853 16797 16843 16261
16910 16480 17025 16330
16686 16235 17239 16730
17035 16399 16652 16629
16753 16687 16495 16765
16233 16789 17060 16874
16430 16573 17265 16757
16633 16492 16869 17037
16780 16547 17004 16809
16846 16449 16862 16852
16863 16450 16964 16806
16792 16566 16797 16905
16593 16746 16890 16820
16736 16207 17294 16609
16866 16742 16892 16230
16914 16502 17028 16261
16707 16171 17250 16713
17077 16448 16662 16580
16795 16682 16536 16782
16603 16711 16914 16825
16220 16791 17058 16882
16491 16653 17230 16794
16572 16412 16904 17000
16751 16682 17222 16684
16821 16368 16829 16887
16587 16773 16917 16857
16806 16470 16447 16942
16881 16548 17113 16286
16701 16198 17277 16750
17096 16426 16596 16538
16741 16669 16591 16773
16616 16709 16916 16817
16470 16691 17233 16728
16757 16655 17195 16647
16827 16562 16986 16814
16796 16397 17026 16806
16799 16412 16462 16930
16085 16958 17072 16871
16764 16294 17327 16570
16921 16743 16864 16225
16922 16553 17114 16205
16699 16195 17276 16759
16615 16693 16956 16853
16481 16819 16772 16908
16158 16763 17046 16924
16413 16687 17260 16742
16744 16710 17146 16678
16814 16617 16937 16845
16783 16388 16826 16913
16798 16400 17027 16797
16778 16602 16862 16928
16872 16469 16451 16897
16686 16250 17227 16790
16207 16419 17284 16790
16678 16692 16645 16824
16447 16822 16791 16923
16387 16696 17275 16778
16631 16568 16931 16949
16742 16707 17145 16687
16789 16582 16983 16840
16819 16466 16821 16888
16802 16332 17059 16766
16476 16777 16865 16911
16703 16214 17362 16533
16955 16734 16782 16231
16904 16397 16906 16615
16908 16575 17113 16242
16664 16303 17271 16812
16680 16695 16646 16815
16570 16769 16928 16866
16390 16818 16818 16937
16192 16815 17092 16807
16644 16513 16980 16918
16832 16411 16870 16857
16838 16410 17054 16741
16478 16780 16866 16902
16957 16737 16783 16222
16219 16381 17314 16815
16624 16680 16673 16859
16583 16788 16850 16786
16440 16816 16817 16932
16646 16516 16981 16909
16758 16578 17006 16773
16857 16446 16824 16862
16809 16326 17013 16772
16703 16583 16785 16984
16505 16776 16843 16903
16877 16426 16464 16896
16770 16267 17300 16533
16900 16733 16810 16236
16955 16570 17033 16189
16644 16194 17304 16764
16193 16390 17329 16851
16611 16735 16624 16890
16456 16784 16818 16903
16589 16512 17008 16923
16760 16581 17007 16764
16851 16375 17023 16723
16464 16771 16842 16984
16757 16322 17251 16564
16887 16788 16761 16267
17022 16528 17027 16167
16208 16316 17299 16819
16555 16817 16856 16804
16576 16567 16959 16954
16765 16538 17020 16763
16697 16596 16784 16962
16493 16817 16763 16901
16781 16264 17294 16555
16883 16735 16793 16254
16670 16181 17300 16753
16233 16397 17332 16784
16546 16819 16856 16820
16427 16806 16827 16899
16334 16717 17354 16758
16574 16564 16958 16963
16826 16618 16985 16800
16699 16599 16785 16953
16480 16819 16761 16909
16783 16267 17295 16546
16913 16811 16781 16224
16961 16448 17062 16130
16255 16433 17282 16783
16668 16689 16592 16884
16565 16872 16824 16756
16130 16788 17252 16787
16609 16677 17159 16811
16825 16352 17072 16618
16677 16568 16841 16932
16819 16415 16496 16911
15959 16899 17169 16848
16788 16224 17308 16545
16926 16830 16703 16144
16994 16482 16900 16590
16997 16526 17057 16105
16603 16223 17306 16775
16230 16352 17249 16818
16564 16856 16864 16792
16474 16933 16784 16820
16132 16791 17253 16778
16401 16635 17294 16737
16531 16597 17003 16959
16666 16681 17132 16797
16671 16595 16868 16969
16424 16862 16764 16885
16809 16272 17287 16510
16933 16802 16779 16150
16943 16513 17112 16096
16232 16355 17250 16809
16719 16746 16565 16800
16107 16710 17220 16813
16375 16644 17309 16773
16533 16600 17004 16950
16692 16672 17117 16761
16777 16330 17089 16704
16684 16540 16917 16938
16812 16443 16420 16905
16822 16217 17336 16479
16945 16771 16698 16123
16937 16540 17139 16133
16613 16235 17242 16858
16226 16359 17304 16799
16637 16789 16868 16765
16471 16920 16791 16772
16094 16765 17171 16844
16508 16519 16971 16985
16709 16621 16950 16903
16492 16834 16754 16853
16842 16519 16408 16875
16091 16985 17137 16860
16917 16814 16704 16119
16899 16479 17143 16135
16670 16239 17215 16844
16283 16363 17277 16785
16737 16681 16515 16834
16638 16805 16828 16729
16412 16939 16866 16752
16039 16723 17194 16837
16390 16592 17359 16733
16622 16687 17123 16784
16812 16471 17011 16768
16833 16521 16408 16891
16814 16241 17362 16525
16955 16749 16642 16120
16941 16528 17153 16086
16683 16184 17264 16813
16224 16311 17316 16809
16134 17006 17174 16799
16104 16930 17186 16829
16709 16797 17244 16702
16675 16752 17176 16777
16114 17017 17036 16825
16573 16676 17181 16919
16595 16836 17033 16519
16029 16949 17081 16910
16339 16804 17043 16887
16886 16621 16999 16751
16271 16944 16859 16768
16643 16870 16881 16603
16802 16648 16941 16901
16758 16961 16802 16514
16148 16923 16739 16974
16477 16763 17053 16877
16199 16991 16768 16928
16705 16934 16786 16588
16318 16871 17065 16845
16134 16979 16796 16908
16827 16763 16877 16459
16724 16745 17294 16662
16676 16896 16883 16554
15849 17012 16740 16893
16733 16750 17037 16667
15801 17034 16649 16857
16848 16748 16827 16721
16506 16867 17132 16522
16525 16873 16793 16931
16641 16561 17272 16717
16683 16643 17182 16766
16463 16741 17171 16926
16085 16841 17030 16936
15793 16996 16730 16951
16127 16836 16809 16976
16474 16650 17230 16965
16189 16925 16631 16947
15949 16843 16704 17066
16678 16855 16870 16526
16688 16802 17037 16718
16558 16922 16841 16916
16580 16681 17221 16744
16625 16585 16983 17001
16492 16697 17129 16826
17055 16562 16865 16627
16110 17039 17105 16836
16749 16679 17221 16693
16152 16961 16718 16981
16228 16911 16847 16854
16596 16758 17239 16715
15944 16995 16647 16859
16486 16760 17280 16772
16725 16694 17150 16704
16673 16677 17265 16708
16470 16715 16932 17151
16514 16790 17260 16801
16087 16917 16789 16943
16566 16604 17065 16949
16075 16980 16743 17002
16523 16624 17112 16929
15909 17016 16609 16894
16548 16722 17171 16779
15991 17012 16581 16900
16657 16794 17110 16750
16849 16832 16858 16633
16450 16911 16868 16814
16524 16723 17268 16699
16135 16978 16690 17005
16459 16907 16913 16812
16163 16914 16804 16951
16057 16887 16787 17021
16553 16628 16947 16980
16683 16542 16902 17013
16016 16903 16779 16956
16517 16651 17139 16966
16149 16927 16846 16868
16434 16867 16953 16862
16526 16629 16857 17047
16522 16904 16924 16826
16332 16823 16786 17041
15876 16896 16654 17078
15825 17024 16580 16850
15819 17097 16714 16673
16301 16825 16870 17003
16087 16961 17073 16862
16335 17076 16894 16681
16508 16852 17221 16779
15692 17040 16583 16687
16154 16964 16627 16978
16643 16932 16838 16497
15905 16886 16673 17058
16675 16858 16798 16618
16543 16836 16927 16799
16532 16889 16766 16967
15851 16815 16621 17113
16464 16796 17188 16793
16301 16815 16859 17073
16489 16367 17269 16790
16451 16750 16913 17097
16599 16820 16998 16309
16444 16728 16936 17162
16089 16920 16790 16934
16158 16946 16642 16954
15969 16819 16599 17083
16446 16583 16627 17165
16129 16881 16606 17039
15924 16797 16663 17091
16724 16712 17024 16717
16477 16665 16932 17085
16434 16716 17000 17079
16151 16974 16566 16948
16474 16636 17373 16711
16167 16909 16676 16947
16335 16457 17396 16783
16165 16932 16590 17008
16289 16790 16791 17090
16780 16671 17014 16732
16156 16959 16824 16908
16569 16548 16879 17032
16511 16720 16933 17070
16677 16861 16799 16609
15801 17015 16746 16923
15757 17013 16693 16938
16362 16799 16985 17029
15755 17027 16609 16928
15724 17030 16614 16925
16046 16862 16717 17039
16245 16952 16693 16876
16221 16939 16771 16848
16709 16291 17139 16743
16787 16618 17001 16874
16452 16887 16860 16864
17007 16574 16818 16478
16918 16655 16897 16643
16677 16880 16828 16341
16754 16333 17121 16963
16666 16640 17102 16820
16114 16891 16760 17007
16771 16602 16928 16928
16773 16877 16703 16485
16411 16341 17257 16856
16463 16554 17010 17035
16457 16779 17111 16853
16243 16579 17470 16761
16976 16716 16793 16598
16506 16731 17197 16812
16639 16548 16958 16977
15911 16852 16614 17122
16632 16614 16623 17124
16667 16316 17140 16872
15875 16774 16619 17147
16569 16599 16936 17022
16104 16847 16609 17027
16140 16851 16557 17043
16165 16886 16511 17048
15900 16855 16652 17112
16154 16889 16549 17038
15912 16815 16626 17097
16449 16321 17260 16830
16333 16827 16753 17027
16560 16930 17006 16760
16538 16760 16953 17007
16161 16924 16641 16968
16151 16859 16579 17015
15991 16799 16627 17083
16668 16957 16832 16465
16891 16550 16827 16805
16149 16856 16578 17024
16027 16877 16622 17058
16200 16924 16607 16978
16002 16842 16668 17053
16077 16939 16730 16974
16166 16839 16606 17000
16015 16847 16629 17048
16179 16844 16567 16995
16468 16511 17023 17034
16169 16912 16677 16938
16213 16963 16797 16894
16014 16900 16778 16965
16162 16940 16601 16932
16967 16621 16827 16701
16986 16674 16795 16637
17013 16606 16742 16607
16598 16855 16766 16933
16956 16598 16823 16759
16165 16906 16767 16950
17065 16622 16665 16401
16150 16925 16741 16963
16152 16928 16742 16954
16622 16881 16752 16928
17074 16591 16722 16691
16040 16897 16746 16990
16038 16894 16745 16999
16806 16708 16708 16892
16095 16898 16718 16985
16842 16786 16703 16867
16507 16854 16812 16962
16844 16544 16991 16816
16709 16367 17108 16810
16606 16519 16990 17089
16144 16921 16762 16929
16571 16510 16983 17120
16411 16799 16864 17067
16825 16594 16925 16817
16158 16962 16825 16899
16693 16533 17093 16883
16824 16619 16906 16876
16239 16847 17229 16896
16857 16810 16829 16643
16147 16924 16845 16877
16421 16831 17041 16879
16544 16825 17097 16748
17012 16541 16828 16688
16806 16516 17065 16804
16577 16538 16956 17076
16226 16908 16846 16863
16946 16518 16781 16790
16177 16885 16802 16919
16202 16920 16756 16924
16536 16764 17154 16786
16479 16590 17143 16968
17117 16488 16547 16430
16588 16748 16926 16821
16831 16518 17035 16866
16484 16732 16964 16914
17077 16572 16609 16412
16815 16292 17046 16793
16565 16766 16868 16974
16381 16840 16937 16936
16667 16567 16863 17021
16992 16557 16937 16607
16766 16539 16962 16914
16678 16669 17155 16734
17102 16498 16513 16451
16587 16900 16333 16835
16780 16733 17227 16621
16631 16695 17328 16330
16536 16742 17027 16867
16608 16809 17223 16455
16587 16835 17268 16358
16383 16648 16971 17125
16685 16788 16859 16911
16600 16771 17274 16331
16705 16586 16786 16975
16709 16455 17049 16864
16730 16718 17267 16625
16716 16586 16638 17072
16723 16620 16726 16974
17099 16499 16679 16476
17075 16536 16632 16394
16427 16951 16850 16791
16609 16657 17150 16867
16914 16479 16919 16895
16403 16521 17053 17081
16822 16542 16998 16868
16235 16938 16814 16820
17101 16569 16528 16339
17122 16593 16560 16303
16555 16831 17255 16450
16660 16732 17216 16739
16268 16900 17195 16842
16817 16559 17095 16511
16945 16487 16889 16738
16735 16608 17117 16697
16633 16382 17072 16889
16361 16828 17027 16928
16625 16840 16955 16503
16602 16683 17214 16741
16305 16758 17205 16954
17114 16514 16577 16308
16379 16372 17238 16875
17124 16623 16597 16296
16419 16647 16903 17197
16587 16968 16762 16833
17080 16557 16650 16282
17134 16562 16479 16276
17181 16562 16502 16233
16557 16496 16946 17145
17156 16481 16469 16268
17150 16508 16496 16305
16693 16557 17149 16759
17148 16505 16495 16314
16770 16481 17116 16717
17135 16560 16446 16345
16465 16880 17131 16272
16633 16608 17143 16851
16634 16487 16879 17018
16636 16865 16851 16665
16629 16828 16851 16814
16494 16751 17290 16413
16529 16557 17358 16671
16623 16433 17302 16423
17116 16517 16578 16299
17128 16477 16552 16284
17115 16532 16503 16315
16730 16468 17083 16784
16779 16850 16676 16448
16849 16499 17081 16451
16820 16569 17025 16412
17074 16641 16543 16323
16832 16542 17069 16320
16771 16880 16773 16376
16067 15801 16626 17253
16767 16788 17178 16652
16959 16722 16699 16789
16861 16488 17036 16426
16279 16399 16622 17213
16069 15796 16636 17240
17139 16698 16728 16207
16483 16567 17135 16983
16547 16752 17218 16753
17141 16468 16628 16168
16733 16840 16391 16567
16686 16872 16408 16599
17133 16492 16654 16214
16874 16531 17131 16291
17120 16547 16605 16245
16327 16862 17132 16792
16728 16432 17106 16766
16875 16549 17246 16243
16063 15691 16657 17201
16845 16524 17048 16425
16657 16854 16408 16637
16563 16691 17189 16756
16673 16898 16808 16345
17093 16502 16699 16251
16152 15968 16547 17244
16645 16870 16299 16788
16595 16364 17117 16926
16060 15823 16552 17240
16616 16720 17054 16905
16136 16984 17076 16778
16841 16404 17091 16309
16766 16295 17112 16729
16191 16868 17217 16824
16832 16456 17069 16637
16030 15831 16575 17225
16426 16563 17162 16997
16808 16488 17075 16541
16785 16502 17179 16464
16820 16489 17094 16420
16767 16836 16822 16230
16481 16626 17120 16986
16506 16667 17338 16702
16229 16401 16623 17218
16424 16286 17306 16825
16160 15962 16497 17242
16465 16723 17302 16774
16217 15966 16470 17228
16533 16713 17337 16757
16235 16953 17188 16800
16635 16871 16936 16199
17082 16576 16502 16426
16525 16704 17148 16823
17033 16642 16428 16368
16167 15878 16479 17232
16580 16900 16955 16249
17045 16681 16429 16338
16127 15941 16486 17262
16693 16550 16675 17092
16678 16825 16749 16849
16172 16069 16503 17228
17009 16632 16468 16405
16616 16837 16803 16930
16989 16648 16556 16346
16198 16018 16381 17220
16592 16850 16899 16260
17040 16668 16514 16287
16192 16045 16408 17257
16147 16837 17251 16862
16824 16553 17087 16366
17079 16695 16714 16256
16141 15986 16463 17258
16584 16635 17131 16883
17000 16670 16600 16336
16311 16621 17331 16956
16136 15991 16508 17253
16110 16000 16523 17289
16123 16046 16459 17284
16769 16736 16666 16898
16080 16963 17117 16866
16066 16042 16486 17298
16102 16120 16481 17273
16971 16738 16653 16294
16115 16065 16530 17242
16840 16824 16872 16335
16118 16004 16480 17243
16788 16764 16652 16914
16380 16570 17044 17070
16720 16524 17315 16292
16603 16549 17362 16488
16960 16717 16570 16339
16836 16310 17056 16764
16965 16747 16546 16302
16993 16723 16520 16312
16558 16732 17157 16781
16999 16696 16493 16275
16748 16848 16820 16362
16745 16834 16834 16326
16962 16720 16571 16330
16281 16211 17230 16967
16083 16146 16433 17230
16763 16729 16698 16909
16547 16713 16950 17012
16671 16639 17068 16841
16352 16588 17072 17048
16708 16386 17061 16858
16177 16913 17239 16832
16770 16438 17070 16829
16025 16989 17171 16949
16654 16577 16728 17066
16618 16729 17334 16655
16325 16216 17312 16886
16142 16957 17049 16741
16460 16903 17018 16798
16698 16374 17125 16775
16451 16729 17021 16935
16684 16872 16857 16508
16282 16720 16991 16972
16551 16757 17273 16383
16459 16291 17281 16820
16880 16762 16627 16810
16050 16066 16563 17257
16313 16594 17372 16889
16975 16688 16733 16640
16673 16522 16877 17048
16356 16784 17144 16923
16493 16504 17017 17097
16873 16551 16976 16805
16382 16664 17060 17018
16380 16217 17311 16799
16777 16888 16753 16324
16286 16405 16596 17204
17016 16731 16392 16573
16273 16251 17197 16983
16721 16681 16942 16741
16790 16458 17097 16765
16884 16261 17012 16735
16808 16622 16994 16848
16820 16949 16748 16433
16859 16226 17058 16730
16505 16718 17141 16813
16846 16281 17009 16761
16747 16542 17029 16811
16829 16902 16745 16438
16705 16346 17031 16927
16830 16545 17003 16804
16857 16477 16991 16843
17006 16567 16854 16775
16888 16570 16941 16746
16691 16754 17144 16708
16876 16499 16916 16921
16283 16152 17199 16988
16374 16277 17279 16865
16770 16514 17092 16744
16737 16511 17272 16209
16984 16601 16824 16643
16480 16744 17201 16823
17025 16486 16877 16657
16776 16428 17250 16192
16326 16450 17093 17023
16332 16221 17332 16784
16768 16452 17276 16238
16566 16218 17362 16743
16743 16417 17287 16256
16641 16609 17295 16323
16732 16374 17281 16263
16734 16596 16978 16881
16452 16663 16962 17023
16257 16174 17179 17012
16995 16455 16898 16657
16887 16734 16703 16816
16743 16371 17243 16273
16745 16374 17244 16264
17081 16555 16616 16432
16770 16349 17272 16242
16320 16643 17337 16778
16244 16740 16988 16998
16831 16429 17237 16279
16480 16263 17169 17030
16497 16601 16629 17072
16656 16536 16706 17093
16509 16726 17136 16819
16709 16617 17132 16733
16492 16260 17154 17004
16576 16753 17302 16316
17069 16480 16862 16516
16868 16640 16892 16841
16184 15946 17091 17041
16526 16755 17303 16321
16405 16792 17284 16850
16665 16313 17139 16881
16659 16675 17158 16806
16652 16368 17090 16912
17083 16474 16659 16597
17094 16458 16645 16511
17003 16532 16894 16603
16599 16783 17267 16390
17035 16474 16925 16596
16696 16642 16697 17005
16794 16323 17237 16564
16411 16286 17261 16939
17065 16404 16920 16612
16651 16807 16896 16562
16546 16800 17260 16384
16564 16798 17236 16397
17046 16321 16711 16746
16711 16341 17298 16612
16693 16353 17338 16369
16622 16617 16664 17044
16567 16589 17006 16960
16677 16333 17491 16413
16531 16852 17210 16424
16544 16797 17259 16393
17084 16336 16771 16632
16580 16875 17254 16368
16712 16362 17048 16874
16680 16588 17044 16914
16644 16510 17049 16939
16746 16845 16819 16371
17154 16285 16793 16587
16544 16749 17289 16408
17100 16341 16689 16583
16477 16716 17017 16924
16460 16418 17038 17015
16290 16469 17451 16742
17116 16259 16711 16653
16597 16576 17389 16525
16179 16350 17482 16632
16597 16367 17118 16917
16334 16833 17063 16869
16894 16780 16858 16582
16060 16760 16997 16971
16364 16768 16918 16967
16906 16709 16677 16873
16740 16756 17175 16655
16355 16274 17284 16922
16233 16774 16993 16981
16654 16548 17085 16855
17097 16281 16820 16601
16638 16828 16420 16707
16323 16540 17428 16799
16192 16511 17441 16807
16657 16370 17327 16328
16865 16456 16875 16951
16687 16446 17315 16298
16667 16566 17164 16795
16706 16478 16916 16968
16571 16763 16956 16865
16744 16527 17096 16755
16786 16593 16824 16942
16687 16398 17316 16308
16686 16467 16926 17017
16614 16495 16964 17043
16630 16394 17343 16322
16983 16568 16951 16554
16680 16507 17305 16382
17101 16453 16881 16545
16255 16496 17438 16745
16821 16390 16879 16972
16822 16616 16905 16885
17107 16415 16800 16517
16323 16191 17333 16825
17100 16329 16717 16629
16441 16170 17346 16876
17133 16361 16666 16564
16952 16570 16890 16663
16679 16541 17125 16788
17171 16398 16685 16529
16751 16464 16854 16930
16628 16618 17031 16902
17008 16400 16947 16626
16502 16636 17262 16799
17108 16305 16691 16583
16726 16842 16375 16516
16691 16623 16811 16999
16986 16286 16983 16510
16350 16206 17296 16902
16768 16478 17115 16726
17001 16579 16802 16431
16996 16485 16901 16581
16981 16366 16961 16565
16381 16265 17269 16886
16317 16471 17336 16823
17124 16403 16674 16544
16747 16834 16327 16524
17127 16399 16587 16533
17022 16478 16793 16731
16998 16563 16921 16391
16747 16411 16809 17002
17112 16380 16622 16592
16936 16610 16913 16621
17020 16419 16379 16734
16688 16343 17410 16504
17013 16354 16947 16508
16722 16436 16781 17024
16659 16807 17093 16238
16796 16390 16815 17059
16617 16819 16919 16508
16724 16584 17042 16798
15967 16875 17167 16956
16952 16598 16865 16650
16988 16488 16987 16493
16982 16482 16743 16806
16637 16849 16364 16655
16472 16589 16989 17066
16724 16562 16612 17026
16667 16375 17318 16360
16580 16849 16906 16793
16848 16549 17006 16743
16768 16606 17021 16783
16659 16685 17066 16802
15957 16961 17200 16963
16573 16870 16982 16480
16546 16709 17129 16799
16679 16900 16332 16593
16946 16503 16987 16441
16520 16589 17117 16976
16740 16439 16596 16964
16716 16565 16674 16985
16955 16499 16825 16821
16708 16875 16725 16587
16833 16660 16621 16961
16625 16436 17303 16414
16926 16507 16816 16832
17008 16359 16656 16732
16694 16863 16370 16613
17149 16352 16761 16573
16788 16569 17004 16697
16458 16648 16997 17002
16406 16753 17172 16884
16790 16681 17024 16238
16906 16447 17024 16520
16932 16286 16968 16565
16924 16504 16815 16841
16436 16668 16969 17002
16672 16545 16704 17054
16523 16197 17325 16804
16616 16480 17239 16752
16945 16288 16966 16590
16732 16793 17178 16694
16633 16268 17262 16916
16858 16493 16951 16807
16579 16414 16860 17098
16882 16429 17029 16651
16699 16847 16324 16601
16472 16286 17253 16872
16391 16721 17327 16744
16835 16607 17128 16291
16953 16492 16963 16584
16413 16243 17265 16855
16767 16838 16281 16536
16462 16641 17157 16972
16343 16294 17243 16900
16810 16656 16931 16900
16524 16830 16869 16893
16499 16791 16923 16859
16496 16512 17184 16952
16452 16807 17282 16798
16871 16811 16703 16418
16425 16669 17264 16835
17058 16290 16630 16719
16963 16474 16870 16661
16389 16342 17259 16865
16226 16148 17226 17002
17010 16248 16663 16776
16594 16803 16923 16576
16451 16631 17237 16855
16268 16217 17220 16982
16577 16444 16856 17136
16798 16902 16356 16478
16600 16383 16868 17110
16957 16447 16789 16801
16270 16119 17228 16981
16610 16244 16643 17101
17066 16574 16724 16652
16617 16216 16719 17107
16574 16692 17141 16883
16658 16231 17322 16746
16849 16443 17051 16534
16529 16778 17199 16790
16707 16893 16773 16560
16612 16727 17109 16886
16542 16587 17036 16979
16570 16790 17088 16820
16249 16237 17252 16982
16533 16750 17039 16867
16539 16671 17318 16659
16592 16637 17215 16778
17093 16395 16747 16576
16613 16284 17270 16853
16250 16568 17451 16797
16818 16452 17083 16720
16433 16733 17204 16834
16555 16600 17188 16779
16603 16718 17253 16705
16830 16918 16705 16402
16952 16447 16903 16728
16434 16747 17158 16839
16896 16627 16895 16671
16970 16374 16865 16692
16432 16744 17157 16848
16068 16909 17113 16901
16569 16706 17290 16711
16066 16961 17087 16877
16738 16269 17283 16628
16812 16865 16787 16440
16558 16732 17188 16760
16575 16638 17177 16898
16683 16233 17292 16808
16414 16247 17293 16841
16515 16711 17122 16802
16559 16677 17264 16716
16471 16660 17127 16920
16115 16911 17045 16850
16845 16372 17061 16590
16608 16600 17153 16852
16638 16604 17075 16857
16637 16607 16698 17023
16570 16222 17301 16881
16475 16663 17362 16743
16587 16641 17235 16734
16623 16584 17071 16928
16651 16697 17237 16708
16109 16894 17099 16908
16559 16186 17334 16846
16534 16688 17147 16798
16615 16572 17073 16866
16601 16604 17043 16928
16603 16535 17190 16783
16270 16830 17081 16853
16759 16838 16771 16514
16550 16796 16941 16789
16490 16737 17177 16820
16570 16601 17217 16751
16597 16582 16710 17039
16835 16463 17015 16520
16560 16821 17088 16772
16464 16739 17125 16843
16644 16617 16680 17024
16800 16525 17139 16536
16541 16658 17228 16793
16771 16588 16949 16897
16772 16285 17289 16584
16603 16821 16909 16854
16557 16649 17369 16618
16498 16106 17369 16809
16251 16856 17206 16853
16758 16245 17242 16589
16536 16142 17374 16773
17093 16205 16828 16550
16478 16769 17032 16838
16700 16600 17060 16772
16525 16799 17082 16785
16532 16590 17179 16927
16641 16563 17080 16871
16820 16337 17107 16585
16525 16761 16966 16876
16699 16670 17032 16821
16750 16229 17257 16613
16472 16633 17372 16720
16470 16562 17167 16969
16646 16605 17071 16829
16680 16535 17081 16844
16660 16564 16702 17030
16929 16583 16866 16672
17066 16379 16889 16488
16833 16523 17029 16546
17059 16255 16738 16667
16547 16578 17390 16530
16484 16757 17140 16822
16528 16565 17091 16930
16635 16475 17070 16908
16790 16226 17295 16564
17071 16377 16893 16575
16819 16658 16971 16810
17018 16341 16956 16446
17129 16204 16760 16622
16593 16648 17301 16690
16677 16716 16994 16803
16602 16487 17110 16878
16960 16302 16996 16415
16877 16493 17067 16406
17154 16239 16714 16627
16565 16561 17372 16531
16749 16698 17017 16705
16638 16565 17105 16853
16847 16730 16873 16305
16996 16380 16991 16390
17118 16161 16719 16652
16475 16710 17090 16899
16555 16690 17382 16646
16580 16642 17059 16930
16613 16484 17072 16888
16460 16651 16998 16993
16681 16265 17310 16642
16971 16345 17037 16385
17105 16216 16670 16683
16555 16667 17031 16952
16685 16666 17143 16770
16743 16621 17097 16711
16465 16608 17011 16992
16958 16400 16988 16416
16681 16230 17291 16817
17054 16148 16641 16729
16462 16509 17399 16568
16927 16408 17022 16456
16583 16167 17350 16850
16825 16413 17074 16609
17090 16226 16636 16704
16923 16746 16865 16216
16519 16612 17387 16671
16827 16416 17075 16600
16529 16736 17053 16876
16274 16805 17069 16866
16376 16391 17438 16644
16819 16379 17099 16655
17109 16267 16674 16626
16479 16738 17054 16881
16276 16808 17070 16857
16034 16981 17164 16874
16897 16845 16735 16360
16844 16412 17068 16597
17107 16264 16673 16635
16388 16692 17361 16554
16276 16794 17103 16838
16309 16775 17265 16856
17102 16307 16660 16636
16489 16760 17093 16838
16713 16545 17109 16741
17108 16280 16633 16599
16390 16650 17398 16555
16333 16752 17191 16909
16910 16425 16992 16466
16791 16591 17034 16408
16416 16089 17313 16911
16840 16567 16905 16862
16285 16830 17009 16951
16781 16566 17043 16579
17085 16339 16683 16650
16723 16688 17236 16729
16814 16569 17021 16535
16512 16164 17278 16906
16799 16538 16873 16911
16426 16700 17357 16509
16283 16812 16977 16961
16909 16663 16855 16598
16525 16109 17327 16875
16482 16758 16840 17065
16422 16774 17016 16867
16706 16557 17074 16747
16866 16676 16973 16486
16936 16370 17004 16436
16561 16187 17322 16850
16795 16543 17026 16572
16374 16768 16904 17002
16372 16713 17339 16472
16624 16696 17028 16859
16464 16843 17010 16847
16708 16552 17053 16788
16457 16723 16886 17060
16993 16374 16977 16422
16787 16563 17032 16461
16296 16456 17487 16528
17054 16265 16742 16634
16816 16629 16904 16863
16367 16738 17334 16390
16682 16758 17150 16768
16507 16826 17016 16842
16280 16680 17008 16959
16923 16588 17014 16306
16999 16347 16950 16385
16331 16793 17391 16438
16785 16664 17007 16835
16455 16726 16837 17068
16802 16299 17211 16518
16857 16507 17002 16341
16534 16144 17306 16906
16791 16545 17033 16757
16685 16692 16968 16757
16729 16551 17038 16747
16333 16428 17450 16562
16415 16708 17456 16447
16628 16651 16966 16840
16486 16874 16956 16821
16669 16594 17044 16851
16943 16774 16808 16246
17045 16482 16909 16587
16572 16124 17309 16880
16329 16487 17456 16532
16315 16716 17373 16467
16276 16795 17030 16920
16694 16629 16998 16856
16593 16172 17288 16845
17144 16366 16682 16532
16505 16580 17233 16818
16715 16512 17067 16778
16816 16244 17363 16516
16591 16117 17297 16839
16235 16376 17522 16491
16356 16816 16831 17068
16322 16688 17449 16473
16710 16555 17054 16779
16565 16694 17190 16747
16473 16704 16850 17117
16981 16585 16856 16125
16802 16601 17135 16340
16209 16385 17537 16527
17139 16422 16639 16485
16578 16628 16932 16953
16231 16738 17016 16963
16658 16549 16753 17051
16184 16304 17504 16562
16535 16849 16973 16795
16538 16660 17202 16766
16822 16210 17256 16518
16417 16711 17457 16438
16283 16794 17032 16933
16804 16229 17332 16541
16820 16588 17163 16350
16420 16630 17425 16478
16584 16599 16947 16929
17016 16498 16871 16425
16787 16483 17107 16541
16476 16666 17384 16518
16691 16224 17254 16822
16322 16329 17430 16654
16299 16812 16858 17082
16439 16645 17406 16478
16269 16753 16991 16980
16680 16508 16643 17097
16748 16157 17301 16584
16239 16677 17003 17010
16537 16668 17317 16668
16804 16565 17237 16243
16515 16865 17052 16703
16125 16941 17035 16808
16623 16192 17271 16818
16585 16822 16969 16655
16753 16502 16535 16999
16741 16203 17251 16620
16868 16577 17170 16237
16738 16483 16570 17058
16881 16522 17219 16206
16475 16667 17393 16456
16389 16731 16942 17022
16590 16644 17214 16755
16615 16619 17242 16733
16730 16507 16596 17104
16409 16763 16887 17049
16509 16711 17349 16404
16482 16745 16983 16877
16383 16761 16945 16946
16743 16526 16518 17024
16761 16208 17295 16602
16833 16500 17236 16292
16370 16763 16943 16954
16544 16625 17257 16746
16788 16474 16518 16973
16781 16250 17258 16566
16820 16555 17187 16323
16795 16416 17146 16457
16389 16816 16911 16890
16536 16605 17214 16802
16795 16474 17154 16358
16718 16531 16835 16944
16425 16587 17438 16477
16591 16630 16868 16907
16798 16479 16838 16956
16831 16552 17149 16333
16668 16285 17242 16848
16708 16481 16917 16959
16573 16819 17090 16764
16383 16799 16924 16908
16535 16617 17233 16786
16780 16465 16568 16992
16183 16960 16995 16721
16825 16533 17165 16295
16418 16627 17424 16487
16474 16875 17013 16745
16543 16673 17215 16762
16409 16635 16967 17114
16752 16232 17258 16604
16867 16582 17175 16246
16535 16847 16928 16844
16884 16735 16912 16249
16832 16550 17147 16290
16689 16206 17265 16771
16336 16720 17355 16749
16441 16787 16966 16862
16889 16554 17120 16276
16676 16261 17216 16802
16478 16843 16955 16858
16513 16679 16920 17042
16780 16425 16591 16962
16956 16512 17114 16254
16669 16711 16841 16940
16440 16546 17405 16524
16551 16780 16924 16883
16580 16703 17252 16721
16695 16262 17333 16718
16905 16444 17085 16300
16552 16204 17305 16816
16507 16538 17401 16521
16584 16774 16956 16764
16409 16786 16931 16882
16722 16742 17293 16671
16744 16292 17340 16570
16884 16702 16936 16222
16892 16499 17036 16331
16588 16282 17300 16791
16566 16851 16905 16865
16422 16784 16933 16874
16541 16740 16882 16979
16112 16981 17059 16807
16788 16250 17377 16561
16911 16549 17013 16336
16594 16255 17273 16754
16490 16793 16899 16869
16364 16750 16985 16934
16680 16583 16932 16980
16784 16586 16951 16889
16807 16393 16434 16973
16835 16679 16892 16278
16940 16537 16969 16373
16678 16259 17265 16776
16520 16869 16887 16839
16688 16488 16886 16944
16118 17015 17079 16790
16963 16407 16954 16528
16898 16507 16981 16341
16682 16515 16913 16981
16814 16753 16914 16267
16262 16703 17034 16960
16680 16512 16912 16990
16688 16817 16861 16855
16774 16153 17344 16571
16779 16744 16907 16298
16915 16571 17016 16267
16656 16228 17321 16755
16270 16759 17016 16936
16754 16742 17242 16657
16637 16757 16883 16890
16331 16749 17190 16918
16725 16130 17300 16627
16842 16783 16859 16307
16925 16499 16990 16271
16684 16232 17238 16739
16621 16698 16942 16835
16817 16647 16830 16870
16869 16738 16616 16936
16738 16210 17295 16600
16853 16797 16843 16261
16910 16480 17025 16330
16686 16235 17239 16730
16863 16450 16964 16806
16812 16573 16919 16907
16630 16749 16894 16870
16736 16207 17294 16609
16866 16742 16892 16230
16914 16502 17028 16261
16707 16171 17250 16713
17077 16448 16662 16580
16751 16682 17222 16684
16587 16773 16917 16857
16835 16663 16622 16952
16881 16548 17113 16286
16701 16198 17277 16750
16757 16655 17195 16647
16827 16562 16986 16814
16797 16540 17028 16806
16085 16958 17072 16871
16764 16294 17327 16570
16921 16743 16864 16225
16922 16553 17114 16205
16699 16195 17276 16759
16158 16763 17046 16924
16744 16710 17146 16678
16814 16617 16937 16845
16778 16602 16862 16928
16686 16250 17227 16790
16742 16707 17145 16687
16524 16802 16895 16914
16955 16734 16782 16231
16908 16575 17113 16242
16664 16303 17271 16812
16680 16820 16759 16836
16570 16769 16928 16866
16390 16818 16818 16937
16646 16521 16994 16984
16838 16564 16904 16871
16838 16410 17054 16741
16526 16805 16896 16905
16957 16737 16783 16222
16440 16816 16817 16932
16703 16583 16785 16984
16884 16446 16903 16916
16801 16296 17313 16556
16900 16733 16810 16236
16955 16570 17033 16189
16644 16194 17304 16764
16851 16375 17023 16723
16464 16771 16842 16984
16757 16322 17251 16564
16887 16788 16761 16267
17022 16528 17027 16167
16697 16596 16784 16962
16670 16181 17300 16753
16334 16717 17354 16758
16826 16618 16985 16800
16699 16599 16785 16953
16913 16811 16781 16224
16961 16448 17062 16130
16565 16872 16824 16756
16609 16677 17159 16811
16825 16352 17072 16618
16064 16949 17212 16868
16926 16830 16703 16144
16994 16482 16900 16590
16997 16526 17057 16105
16603 16223 17306 16775
16264 16801 17255 16822
16564 16856 16864 16792
16474 16933 16784 16820
16531 16597 17003 16959
16666 16681 17132 16797
16671 16595 16868 16969
16809 16272 17287 16510
16933 16802 16779 16150
16949 16519 17115 16100
16454 16719 17233 16817
16375 16644 17309 16773
16692 16672 17117 16761
16684 16540 16917 16938
16822 16217 17336 16479
16945 16771 16698 16123
16937 16540 17139 16133
16637 16789 16868 16765
16172 16872 17205 16867
16709 16621 16950 16903
16091 16985 17137 16860
16917 16814 16704 16119
16899 16479 17143 16135
16670 16239 17215 16844
16436 16939 16910 16752
16622 16687 17123 16784
16834 16713 16690 16919
16814 16241 17362 16525
17086 16768 16651 16121
16941 16528 17153 16086
16683 16184 17264 16813
16478 16978 16929 16688
17018 16750 16614 16158
17030 16492 16875 16608
16947 16501 17126 16049
16708 16219 17218 16818
16472 17017 16905 16727
16121 16990 17214 16785
16995 16734 16654 16164
16934 16556 17077 16080
16672 16141 17223 16843
16640 16841 16775 16636
16466 16940 16963 16676
16647 16693 17013 16808
16786 16588 17020 16758
16809 16432 17063 16737
16754 16660 17030 16768
16993 16731 16653 16173
16659 16196 17174 16874
16607 16887 16860 16661
16185 16817 17254 16836
16784 16585 17019 16767
16736 16691 16960 16740
16090 16986 17237 16718
16718 16301 17355 16606
16968 16756 16625 16195
16942 16528 17035 16077
16594 16889 16858 16669
16480 16609 17346 16674
16637 16545 16957 16986
16763 16649 17008 16784
16849 16460 17010 16688
16801 16766 16893 16692
16077 16988 17235 16726
16746 16295 17341 16561
16928 16555 17037 16155
16638 16270 17196 16863
16656 16877 16804 16588
16438 16931 16938 16706
16824 16425 17056 16683
16723 16744 16913 16698
16724 16264 17397 16540
16990 16543 16983 16074
16825 16610 16994 16769
16919 16582 16895 16772
16496 16811 16771 16992
16060 16910 17249 16748
16781 16268 17370 16526
16981 16545 16983 16090
16672 16294 17151 16954
16396 16933 16978 16640
16648 16524 16995 16975
16837 16570 16968 16754
16816 16449 17082 16729
16743 16667 16878 16735
16546 16809 16770 16987
16794 16213 17419 16495
16961 16743 16736 16158
17037 16516 16955 16048
16705 16266 17163 16936
16735 16691 16904 16781
16350 17024 16944 16641
16170 16876 17095 16855
16535 16672 17324 16729
16654 16497 16968 16938
16859 16601 16912 16775
16566 16811 16778 16962
16819 16750 16652 16899
16070 16922 17185 16831
16836 16262 17429 16446
17058 16680 16758 16171
17041 16492 16879 16019
16522 16727 17275 16760
16797 16646 16960 16811
16681 16678 16959 16772
16842 16235 17402 16409
16968 16735 16654 16162
17037 16562 16944 16138
16731 16233 17159 16900
16425 17029 16956 16637
16176 16852 17093 16886
16702 16753 16934 16807
16016 16898 17211 16900
16829 16290 17353 16440
17094 16488 16905 16071
16722 16205 17184 16843
16544 16590 17037 16970
16618 16734 16957 16796
16843 16252 17321 16366
16680 16186 17164 16874
16215 16787 17068 16906
16565 16526 17048 16953
16744 16380 17084 16770
16620 16737 16958 16787
16839 16276 17397 16395
17028 16451 16766 16694
17089 16472 16930 16136
16693 16131 17213 16843
16453 16986 16950 16641
16456 16722 17234 16808
16919 16547 16802 16842
16723 16444 17073 16787
16631 16759 17002 16777
16778 16196 17432 16358
17046 16722 16642 16161
17016 16491 16792 16709
17044 16449 16936 16129
16672 16195 17202 16860
16324 16702 17224 16952
16461 16679 17247 16807
16942 16554 16776 16852
15896 16881 17235 16926
16808 16272 17420 16328
17045 16471 17008 16109
16314 17058 16988 16596
16117 16754 17038 16976
16950 16555 16729 16810
16651 16685 16905 16853
16628 16799 16724 16881
15932 16959 17230 16901
16766 16280 17492 16427
16959 16450 16790 16792
16312 17022 17011 16578
16461 16726 17283 16760
16521 16498 17003 17052
15878 16894 17207 16916
17032 16468 16957 16150
16297 16350 17455 16587
16851 16791 16845 16605
16314 17025 17012 16569
16133 16831 17056 16947
16456 16769 17270 16761
16671 16553 17065 16883
16945 16525 16731 16835
16572 16855 16727 16960
15939 16974 17172 16953
16797 16225 17429 16457
17019 16523 16908 16181
16562 17036 16992 16554
16130 16791 17095 16912
16454 16766 17269 16770
16490 16494 17026 16985
16818 16491 17046 16725
15977 16909 17110 16954
16740 16221 17456 16471
16686 16127 17189 16868
16339 16401 17423 16525
16356 17076 16980 16507
16046 16760 17106 16946
16622 16530 17021 16939
16885 16550 16803 16866
16803 16528 17008 16705
16688 16719 16838 16890
16537 16823 16737 16942
15974 16921 17142 16995
16776 16299 17451 16446
17024 16564 16942 16146
16573 16513 16984 17111
16832 16456 16965 16861
16543 16810 16738 16964
15995 16896 17138 16964
16499 17093 16944 16590
16477 16584 16944 17071
16694 16508 17048 16934
16820 16496 16991 16876
16828 16504 16748 16902
16595 16754 16884 16891
16476 16819 16814 16938
15976 16870 17223 16960
16989 16442 16757 16796
16989 16540 16961 16224
16298 16433 17450 16604
16837 16711 16832 16652
16450 17021 16935 16684
16106 16757 17076 16966
16700 16481 17021 16897
16841 16432 17002 16859
16499 16775 16813 16926
16006 16939 17179 16934
17077 16694 16757 16148
16945 16542 16984 16236
16642 16156 17187 16889
16296 16430 17449 16613
16472 16774 17226 16804
16736 16559 17016 16872
16802 16517 16752 16913
16960 16458 16767 16776
16990 16477 16949 16189
16348 17021 16943 16650
16505 16583 16974 17065
16692 16561 17039 16884
15987 16908 17224 16848
16675 16297 17514 16395
16958 16455 16766 16785
17038 16499 16932 16103
16582 16260 17235 16940
16504 16697 17166 16825
16704 16511 16983 16895
16863 16570 16775 16866
16677 16300 17515 16386
16506 16700 17167 16816
16499 16497 17013 17011
16686 16450 16973 16938
16804 16513 17064 16813
16581 16806 16868 16900
16023 16865 17234 16945
17055 16442 16992 16050
16636 16117 17207 16885
16301 17016 16939 16712
16476 16680 17192 16861
16791 16568 17015 16844
16607 16793 16864 16889
17153 16669 16709 16062
17047 16466 17018 16096
16102 16751 17084 16960
16805 16505 16984 16891
16753 16222 17510 16304
17017 16390 17030 16126
16381 17020 16869 16685
16736 16554 16904 16938
16889 16444 16965 16890
16592 16838 16901 16854
15976 16866 17133 16971
16747 16249 17537 16341
16945 16530 16790 16777
17019 16393 17031 16117
16463 16809 17192 16804
16023 16836 17086 17008
16705 16200 17527 16390
16964 16583 16758 16713
16972 16318 17079 16259
16470 16514 17024 17025
16672 16584 16867 16942
16920 16512 16861 16760
16550 16789 16891 16903
16024 16825 17101 16973
16936 16579 16841 16729
17021 16458 17045 16107
16426 16763 17131 16850
16421 16447 17066 16998
16675 16615 16949 16918
16925 16469 16874 16759
16003 16889 17090 16990
16730 16202 17497 16452
16773 16311 17069 16922
16493 16945 16928 16689
16480 17000 16879 16720
16434 16452 17027 16993
16679 16556 16943 16948
16927 16472 16875 16750
16017 16883 17068 16966
16717 16257 17448 16483
17120 16715 16794 16087
16955 16596 16829 16659
17064 16425 17000 16111
16215 16851 17030 16871
16691 16516 16917 16933
16878 16401 16924 16920
16552 16792 16892 16894
16053 16961 17063 16941
17162 16633 16797 16012
17028 16347 17005 16136
16418 16660 17193 16864
16536 16570 16968 17134
16716 16565 16872 16939
16965 16452 16864 16723
16557 16749 16905 16893
16932 16560 16866 16679
17030 16350 17006 16127
16706 16258 17131 16922
16217 16790 17069 16897
16686 16489 16884 16969
17023 16486 16812 16663
16035 16924 17065 16932
16776 16194 17459 16420
17008 16401 17086 16163
16411 16937 16940 16690
16476 16655 17209 16842
16688 16492 16885 16960
16823 16393 16880 16963
17020 16457 16810 16719
16627 16698 16927 16848
16060 16921 17077 16931
16758 16259 17456 16432
17006 16398 17085 16172
16380 16769 17197 16886
16501 16736 17242 16807
16448 16579 17001 17079
16714 16461 16912 16972
16836 16338 16929 16932
17033 16476 16732 16639
16622 16741 16914 16849
16078 16894 17022 16925
16722 16181 17461 16457
16904 16570 16896 16648
16450 16668 17213 16853
16435 16634 16952 17110
16688 16470 16927 17008
16872 16416 16924 16907
16620 16738 16913 16858
16042 16816 17027 16950
16724 16217 17438 16475
16487 16961 16884 16617
16437 16593 16939 17082
16897 16391 16952 16885
17013 16511 16757 16654
16024 16881 17024 16962
16722 16214 17437 16484
16981 16423 17057 16194
16498 16983 16928 16607
16392 16673 17197 16875
16488 16661 16968 17036
16571 16715 16869 16914
16022 16878 17023 16971
16709 16269 17388 16515
16893 16579 16875 16788
16683 16286 17135 16936
16518 16972 16934 16600
16478 16735 17209 16823
16427 16581 17003 16999
16619 16460 16869 17058
16830 16384 16895 16926
16584 16795 16864 16887
16652 16265 17415 16529
16970 16346 17063 16212
16491 17023 16912 16596
16448 16659 17221 16853
16457 16657 16991 16969
16621 16463 16870 17049
16809 16448 16884 16943
17026 16553 16789 16649
16554 16719 16876 16917
16654 16268 17416 16520
17151 16571 16759 16018
16908 16453 16921 16657
16998 16408 17029 16144
16253 16493 17437 16754
16806 16701 16860 16517
16501 16999 16893 16563
16398 16605 17030 16993
16752 16444 16911 16957
16970 16582 16817 16691
16556 16722 16877 16908
16683 16251 17451 16501
17136 16552 16794 16077
16944 16531 16916 16632
17046 16411 16990 16139
16637 16154 17220 16859
16558 17076 16850 16596
16242 16821 17227 16822
16730 16464 16883 16957
16561 16679 16890 16907
16066 16906 17112 16910
16629 16266 17446 16458
17085 16484 16765 16123
16942 16528 16915 16641
17016 16335 17002 16169
16673 16232 17215 16834
16808 16696 16870 16504
16438 16686 17188 16886
16694 16386 16888 16982
16597 16757 16885 16882
16771 16739 16667 16889
16627 16263 17445 16467
17121 16562 16760 16098
17010 16362 17029 16206
16815 16668 16946 16510
16555 17064 16916 16548
16413 16651 17234 16881
16354 16591 17073 17039
16544 16515 16874 17139
16745 16454 16917 16936
16988 16571 16788 16602
16749 16708 16723 16868
16073 16866 17126 16900
17090 16639 16806 16117
16904 16548 16912 16667
17008 16359 17028 16215
16262 16460 17463 16762
16568 17009 16965 16517
16443 16727 17222 16851
16384 16551 17054 17034
16720 16373 16884 16971
16990 16574 16789 16593
16617 16785 16828 16912
16737 16748 16749 16883
16795 16724 16666 16904
16675 16263 17415 16531
16906 16551 16913 16658
16995 16414 16979 16246
16423 16555 17020 17010
16560 16592 16892 17110
16756 16451 16879 16946
16958 16571 16838 16613
16725 16668 16804 16884
16025 16864 17091 16960
16677 16266 17416 16522
16997 16600 16793 16134
16919 16496 16962 16627
16984 16400 16995 16292
16645 16237 17181 16889
16512 17038 16993 16559
16412 16724 17215 16866
16396 16561 17039 17091
16731 16416 16925 16941
16761 16746 16799 16859
16635 16197 17422 16542
16976 16500 16935 16613
16986 16403 16996 16283
16341 16430 17369 16746
16378 16534 17067 17052
16561 16523 16933 17078
16778 16451 16895 16926
16736 16665 16766 16894
16000 16829 17137 16955
16630 16240 17409 16543
16934 16431 16941 16633
16928 16360 17042 16268
16557 16226 17238 16928
16347 16547 17324 16793
16445 17031 16936 16600
16450 16718 17219 16841
16776 16448 16894 16935
16827 16695 16853 16812
16761 16700 16720 16899
16051 16897 17166 16909
16628 16237 17408 16552
17069 16637 16733 16181
16921 16486 16892 16664
16902 16369 17057 16304
16544 16281 17189 16959
16495 17029 16935 16595
16420 16642 17231 16871
16362 16528 17088 16998
16828 16657 16739 16770
16719 16652 16764 16905
16052 16913 17126 16873
16670 16306 17402 16532
17047 16653 16779 16181
16931 16516 16922 16643
16985 16364 17015 16254
16535 16316 17125 16945
16459 16951 16940 16620
16205 16877 17200 16830
16407 16697 17182 16902
16305 16524 17115 17012
16988 16633 16782 16609
16793 16694 16750 16837
16044 16937 17152 16919
16940 16547 16914 16615
16998 16309 17064 16223
16484 17032 16973 16585
16207 16880 17201 16821
16359 16721 17218 16921
16300 16567 17102 17013
16982 16660 16809 16646
16715 16697 16867 16859
16809 16696 16761 16791
16827 16738 16706 16785
16057 16882 17201 16888
16685 16254 17452 16492
16332 16637 17300 16852
16442 16983 16963 16634
16298 16564 17101 17022
16835 16671 16827 16766
16819 16762 16732 16831
16882 16683 16665 16905
16035 16902 17173 16888
16706 16190 17463 16475
16947 16237 17046 16294
16481 16279 17126 17016
16437 17026 16950 16635
16216 16879 17236 16795
16263 16622 17259 16915
16355 16568 17074 17008
16554 16520 16942 17089
16704 16439 16828 16994
16721 16670 16840 16822
16872 16673 16707 16740
16858 16741 16655 16767
16884 16686 16666 16896
16083 16905 17134 16883
16693 16245 17414 16506
16941 16519 16941 16603
16998 16305 17075 16248
16494 16224 17175 16985
16435 17023 16949 16644
16321 16927 17211 16768
16293 16698 17247 16885
16319 16490 17079 17033
16929 16686 16743 16651
16898 16642 16734 16752
16889 16694 16733 16697
16027 16934 17162 16925
16657 16167 17419 16531
17144 16652 16751 16126
16928 16574 16892 16634
16944 16240 17078 16290
16530 16302 17170 16960
16477 17072 16959 16595
16658 16693 16894 16873
16866 16651 16890 16772
16891 16761 16627 16913
16643 16165 17389 16542
16888 16584 16937 16671
16919 16265 17050 16312
16528 16299 17169 16969
16306 16622 17296 16883
16452 16991 16926 16630
16764 16365 16758 17061
16917 16671 16731 16851
16940 16658 16592 16866
15963 16921 17084 17002
16582 16085 17424 16505
17108 16574 16756 16151
16883 16187 17055 16337
16515 16354 17120 17000
16488 17069 16921 16605
16281 16898 17197 16834
16380 16537 17068 17043
16566 16541 16908 17105
16892 16590 16698 16886
15916 16863 17119 17020
16576 16093 17445 16537
16908 16268 17088 16302
16461 16292 17112 17010
16330 16581 17329 16806
16438 17071 16922 16610
16700 16734 16829 16839
16879 16645 16649 16917
16966 16657 16527 16814
15952 16941 17114 16995
16594 16028 17448 16525
17084 16615 16723 16228
16934 16259 17073 16266
16463 16295 17113 17001
16259 16587 17397 16776
16440 17074 16923 16601
16611 16464 16882 17067
16907 16660 16854 16607
16698 16731 16828 16848
16822 16641 16676 16931
16856 16652 16842 16725
16962 16681 16603 16843
16651 16032 17421 16511
16864 16642 16952 16634
16924 16345 17106 16273
16485 16275 17141 17001
16298 16610 17418 16740
16398 17025 16913 16650
16360 16483 17044 17116
16624 16409 16931 17036
16894 16715 16805 16638
16858 16719 16671 16906
16844 16720 16816 16757
16912 16682 16650 16836
16664 15977 17470 16480
17078 16618 16763 16170
16866 16645 16953 16625
16899 16264 17073 16308
16542 16279 17114 16987
16283 16568 17413 16780
16455 17029 16886 16636
16251 16816 17148 16869
16327 16510 17052 17117
16627 16737 16896 16818
16814 16719 16678 16925
15964 16909 17206 16912
16700 16055 17465 16455
16815 16586 17008 16626
16935 16342 17068 16283
16540 16276 17113 16996
16304 16616 17392 16745
16468 16974 16935 16605
16258 16788 17224 16875
16369 16729 17193 16892
16325 16507 17051 17126
16553 16415 16999 17006
16839 16714 16833 16643
16621 16764 16923 16855
16829 16735 16681 16886
16904 16706 16676 16882
16014 16907 17205 16907
16698 16052 17464 16464
17005 16604 16769 16230
16810 16629 16995 16627
16888 16307 17098 16298
16601 16356 17078 17033
16303 16758 17234 16888
16347 16749 17165 16892
16347 16538 16995 17147
16547 16442 17026 17043
16844 16671 16846 16642
16624 16708 16894 16874
16778 16667 16652 16932
16677 16116 17453 16481
16995 16690 16802 16237
16808 16626 16994 16636
16918 16383 17086 16268
16588 16314 17046 17038
16237 16628 17422 16793
16524 16945 16907 16563
16306 16799 17215 16833
16307 16759 17210 16929
16545 16439 17025 17052
16814 16362 16714 16993
16823 16735 16835 16659
16754 16725 16609 16941
16855 16683 16632 16938
16635 16047 17459 16501
16997 16639 16744 16232
16830 16657 16938 16657
16590 16350 17023 17056
16308 16622 17354 16823
16511 17000 16858 16594
16239 16808 17291 16807
16246 16679 17245 16892
16816 16365 16715 16984
16821 16732 16834 16668
16695 16702 16826 16904
16752 16722 16608 16950
16859 16673 16753 16698
16880 16718 16586 16943
15951 16789 17190 16995
16639 16045 17470 16479
17028 16612 16741 16259
16856 16626 16965 16669
16565 16341 17046 17034
16260 16580 17387 16880
16529 16946 16868 16559
16267 16765 17285 16811
16410 16553 17031 17121
16570 16441 16995 17114
16829 16310 16764 16953
16777 16757 16562 16955
16893 16663 16635 16912
15972 16797 17205 16991
16644 16002 17483 16478
17018 16615 16749 16219
16858 16629 16966 16660
16607 16390 17056 16985
16199 16500 17422 16843
16523 16973 16895 16596
16237 16689 17297 16841
16278 16723 17280 16883
16827 16351 16777 16981
16697 16705 16827 16895
16723 16744 16617 16946
16895 16666 16636 16903
16646 16005 17484 16469
16896 16564 16904 16661
16611 16404 17042 16976
16548 16938 16864 16577
16224 16744 17248 16872
16500 16492 16973 17159
16675 16674 16883 16874
16774 16812 16646 16900
16873 16635 16692 16882
15994 16827 17199 16960
16644 15969 17507 16451
16894 16561 16903 16670
16544 16351 17104 16976
16578 17014 16852 16547
16717 16723 16893 16825
16851 16766 16660 16878
16860 16690 16643 16913
16005 16744 17215 16970
16686 16038 17501 16431
16557 16296 17153 16945
16312 16560 17395 16675
16613 16963 16773 16545
16280 16726 17281 16874
16367 16443 17058 17106
16482 16505 16945 17149
16731 16699 16890 16818
16792 16747 16596 16934
16835 16655 16689 16908
16000 16787 17202 16971
16707 15974 17512 16414
16944 16586 16887 16575
16297 16541 17430 16734
16626 16908 16822 16514
16290 16640 17248 16867
16354 16498 17009 17137
16539 16509 16918 17135
16873 16767 16835 16630
16718 16739 16853 16789
16729 16688 16644 16934
15998 16784 17201 16980
16768 16054 17477 16451
17135 16622 16736 16156
16943 16570 16927 16611
16966 16352 17076 16212
16499 16238 17130 16970
16253 16475 17434 16755
16264 16649 17263 16903
16352 16495 17008 17146
16716 16736 16852 16798
16773 16732 16642 16930
16754 16648 16651 16941
16717 15986 17448 16497
17099 16544 16741 16181
16901 16521 16917 16660
16988 16383 17020 16233
16486 16293 17081 17001
16247 16502 17461 16792
16656 16877 16887 16466
16214 16651 17264 16908
16388 16573 17003 17121
16590 16389 16905 17105
16738 16332 16792 17084
16812 16687 16870 16593
16710 16763 16879 16835
16728 16667 16653 16932
16836 16575 16902 16802
16790 16726 16646 16916
16704 16041 17399 16528
17086 16599 16692 16212
16986 16380 17019 16242
16429 16289 17108 17015
16205 16433 17467 16812
16201 16706 17215 16939
16592 16392 16906 17096
16782 16732 16676 16917
16740 16728 16647 16921
15974 16800 17206 16982
16668 15963 17404 16553
17032 16619 16729 16240
16960 16389 17034 16278
16465 16367 17103 16990
16207 16436 17468 16803
16661 16979 16827 16472
16152 16639 17257 16912
16412 16556 17032 17112
16613 16328 16917 17079
16875 16726 16822 16602
16733 16702 16891 16809
16845 16779 16659 16856
16934 16601 16860 16713
16765 16763 16601 16926
15979 16757 17219 16981
16647 16027 17393 16570
17060 16576 16723 16244
16890 16511 16921 16724
16961 16405 16991 16264
16411 16302 17080 17005
16212 16393 17481 16802
16613 16957 16844 16558
16203 16707 17286 16866
16418 16529 17005 17075
16862 16781 16773 16633
16708 16667 16937 16804
16729 16685 16606 16951
16030 16825 17248 16935
16605 15958 17399 16590
17071 16493 16739 16254
16966 16362 17004 16263
16395 16361 17110 17030
16254 16462 17475 16782
16618 16909 16802 16515
16145 16668 17326 16835
15949 16959 16837 16572
16040 16924 17078 16621
16104 16923 17106 16615
16583 16776 17168 16467
16549 16738 17131 16743
15982 16998 16870 16516
16089 16878 17067 16679
16573 16676 17181 16919
16595 16836 17033 16519
16029 16949 17081 16910
16339 16804 17043 16887
16844 16601 16865 16738
16271 16944 16859 16768
16643 16870 16881 16603
16792 16591 16921 16720
16758 16961 16802 16514
16148 16923 16739 16974
16477 16763 17053 16877
16199 16991 16768 16928
16705 16934 16786 16588
16318 16871 17065 16845
16134 16979 16796 16908
16825 16662 16817 16456
16685 16626 17201 16362
16676 16896 16883 16554
15849 17012 16740 16893
15988 16998 16694 16816
16733 16750 17037 16667
15801 17034 16649 16857
16831 16746 16816 16445
16506 16867 17132 16522
16165 16873 16791 16923
16641 16561 17272 16717
16564 16701 17169 16763
16678 16635 17174 16446
16463 16741 17171 16926
16085 16841 17030 16936
15793 16996 16730 16951
16127 16836 16809 16976
16474 16650 17230 16965
16189 16925 16631 16947
15949 16843 16704 17066
16678 16855 16870 16526
16688 16802 17037 16718
16412 16885 16786 16880
16580 16681 17221 16744
16777 16643 16871 16760
16619 16551 16979 16905
16492 16697 17129 16826
16960 16537 16837 16587
16065 16903 17087 16638
16734 16515 17160 16672
16152 16961 16718 16981
16228 16911 16847 16854
16596 16758 17239 16715
15944 16995 16647 16859
16844 16718 16785 16430
16478 16737 17280 16689
16725 16694 17150 16704
16613 16632 17220 16698
16632 16659 17232 16426
16458 16710 16927 17087
16085 16789 17257 16585
16087 16917 16789 16943
16529 16787 17111 16479
16566 16604 17065 16949
16075 16980 16743 17002
16523 16624 17112 16929
15909 17016 16609 16894
16548 16722 17171 16779
16855 16617 16666 16584
15991 17012 16581 16900
16657 16794 17110 16750
16655 16830 16855 16588
16450 16911 16868 16814
16509 16706 17256 16446
16135 16978 16690 17005
16531 16743 17242 16697
16250 16898 16870 16757
16163 16914 16804 16951
16057 16887 16787 17021
15884 17018 16734 16566
16552 16543 16934 16980
16555 16538 16901 16982
16016 16903 16779 16956
16791 16630 16871 16481
16517 16651 17139 16966
16149 16927 16846 16868
16425 16830 16835 16849
16526 16629 16857 17047
16234 16884 16820 16817
16091 16796 16678 17038
15876 16896 16654 17078
15825 17024 16580 16850
15819 17097 16714 16673
16301 16825 16870 17003
16037 16891 16870 16768
15879 16995 16712 16675
16893 16559 16849 16509
15854 17045 16770 16618
16422 16808 17106 16620
15692 17040 16583 16687
16154 16964 16627 16978
16609 16912 16831 16480
15758 17017 16749 16636
15831 17059 16697 16608
15905 16886 16673 17058
16675 16858 16798 16618
16543 16836 16927 16799
16174 16869 16690 16937
15851 16815 16621 17113
16464 16796 17188 16793
16065 16761 16838 17060
16489 16367 17269 16790
16451 16750 16913 17097
16599 16820 16998 16309
16786 16641 16884 16428
15991 16720 16827 17137
16089 16920 16790 16934
16158 16946 16642 16954
15969 16819 16599 17083
16446 16583 16627 17165
16129 16881 16606 17039
15924 16797 16663 17091
16724 16712 17024 16717
16477 16665 16932 17085
16263 16898 16734 16847
16390 16538 16999 17036
16151 16974 16566 16948
16341 16358 17373 16673
16167 16909 16676 16947
16329 16423 17373 16712
16227 16880 16693 16910
16165 16932 16590 17008
16078 16785 16657 17060
16780 16671 17014 16732
16009 16707 16855 17147
16418 16878 16867 16815
16156 16959 16824 16908
16557 16501 16827 17024
16496 16650 16930 17065
16677 16861 16799 16609
16433 16599 16936 17106
15801 17015 16746 16923
15757 17013 16693 16938
16056 16764 16982 16986
15755 17027 16609 16928
15724 17030 16614 16925
16046 16862 16717 17039
16245 16952 16693 16876
16676 16413 17160 16719
16221 16939 16771 16848
16709 16291 17139 16743
16451 16702 16930 17116
16753 16603 16775 16820
16097 16882 16860 16862
16787 16621 16666 16587
16070 16704 16828 17123
16036 16701 16796 17124
17007 16574 16818 16478
16891 16623 16802 16413
16677 16880 16828 16341
16693 16309 17080 16938
16666 16640 17102 16820
16586 16469 16842 16962
16114 16891 16760 17007
16704 16580 16731 16876
16773 16877 16703 16485
16411 16341 17257 16856
16356 16529 17003 17026
16457 16779 17111 16853
16144 16348 17408 16739
16325 16686 16972 16963
16855 16645 16772 16414
16491 16724 17173 16809
16570 16486 16951 16942
15911 16852 16614 17122
16632 16614 16623 17124
16667 16316 17140 16872
15875 16774 16619 17147
15888 16763 16739 17029
16526 16596 16881 17020
16104 16847 16609 17027
16140 16851 16557 17043
16165 16886 16511 17048
16129 16808 16516 17073
15900 16855 16652 17112
16154 16889 16549 17038
15912 16815 16626 17097
16449 16321 17260 16830
16156 16816 16592 17014
16021 16781 16684 17074
16532 16885 16887 16396
16507 16742 16842 16930
16161 16924 16641 16968
16151 16859 16579 17015
15991 16799 16627 17083
16654 16937 16829 16411
16856 16492 16752 16782
16548 16505 16923 17002
16149 16856 16578 17024
16027 16877 16622 17058
16200 16924 16607 16978
16002 16842 16668 17053
16077 16939 16730 16974
16166 16839 16606 17000
16015 16847 16629 17048
16179 16844 16567 16995
16202 16786 16608 17004
16381 16503 17020 17005
16169 16912 16677 16938
16213 16963 16797 16894
16014 16900 16778 16965
16162 16940 16601 16932
16489 16718 16854 17055
16915 16614 16820 16390
16916 16626 16737 16466
16886 16416 16825 16695
16906 16657 16755 16427
16996 16592 16730 16455
16594 16671 16529 16903
16939 16596 16709 16342
16165 16906 16767 16950
17065 16622 16665 16401
16937 16618 16731 16369
16150 16925 16741 16963
16673 16289 17113 16835
16152 16928 16742 16954
16924 16648 16659 16382
16542 16508 16973 16995
16620 16658 16525 16892
16851 16543 16706 16585
17073 16570 16635 16351
16931 16586 16600 16471
16040 16897 16746 16990
17029 16550 16657 16521
16718 16290 17108 16738
16038 16894 16745 16999
16780 16673 16689 16624
16095 16898 16718 16985
16827 16694 16560 16618
16357 16796 16842 16961
16108 16843 16767 16954
16819 16533 16927 16687
16709 16367 17108 16810
16505 16402 16828 17077
16396 16767 16386 16884
16144 16921 16762 16929
16933 16712 16571 16360
16507 16438 16805 17095
16385 16778 16813 16898
16816 16462 16815 16786
16564 16446 16831 16985
16158 16962 16825 16899
17029 16582 16659 16445
16507 16405 16829 17068
16657 16391 17060 16852
16996 16555 16612 16584
16820 16617 16738 16472
16899 16589 16729 16487
16088 16767 17085 16860
16814 16700 16723 16509
16398 16814 17162 16779
16471 16693 16881 16997
16147 16924 16845 16877
16421 16831 17041 16879
16832 16542 16938 16621
16216 16305 16914 17120
16051 16902 17143 16736
16544 16825 17097 16748
16160 15933 16742 17148
16990 16471 16613 16595
16802 16294 17044 16801
16536 16523 16938 17016
16226 16908 16846 16863
16900 16461 16548 16690
16177 16885 16802 16919
16954 16622 16563 16451
16202 16920 16756 16924
16536 16764 17154 16786
16846 16519 16587 16734
16479 16590 17143 16968
16215 16865 16805 16893
16861 16482 16625 16754
16217 16868 16806 16884
16395 16870 16895 16786
17117 16488 16547 16430
16582 16740 16916 16821
16796 16189 17012 16812
16179 16842 16724 16950
16484 16732 16964 16914
17077 16572 16609 16412
16815 16292 17046 16793
16544 16751 16777 16940
16229 16839 16680 16882
16217 16879 16706 16897
16623 16517 16750 16946
16974 16533 16885 16547
16764 16168 16931 16902
16215 16876 16705 16906
16678 16669 17155 16734
16868 16532 16743 16717
17102 16498 16513 16451
16587 16900 16333 16835
16741 16597 17173 16320
16631 16695 17328 16330
16220 16917 16739 16871
16536 16742 17027 16867
16608 16809 17223 16455
16222 16920 16740 16862
16653 16595 17243 16409
16587 16835 17268 16358
16627 16507 16779 16942
16535 16677 16929 16905
16705 16548 17212 16387
16203 16333 16937 17087
16257 16883 16829 16835
16631 16689 17290 16342
17072 16556 16613 16414
16718 16551 17274 16359
16623 16704 16577 16836
16600 16771 17274 16331
16178 16370 16976 17119
16597 16585 16771 16972
16709 16455 17049 16864
16472 16874 16559 16722
16728 16487 17224 16361
16642 16585 16607 17065
16916 16492 16813 16665
16234 16839 16837 16854
16861 16374 16865 16695
16723 16620 16726 16974
17099 16499 16679 16476
17075 16536 16632 16394
16258 16949 16830 16774
16609 16657 17150 16867
16889 16427 16761 16760
16403 16483 17048 17005
16809 16235 16948 16807
16235 16938 16814 16820
17101 16569 16528 16339
16504 16753 17168 16774
17122 16593 16560 16303
16462 16891 16509 16713
16555 16831 17255 16450
16656 16638 17211 16713
16264 16811 17102 16841
16841 16351 16870 16663
16506 16374 17217 16799
16956 16336 16781 16688
16321 16240 16819 17129
16337 16274 16811 17120
16561 16645 16673 16931
16800 16558 17042 16375
16904 16432 16864 16691
16120 15720 16794 17158
16735 16608 17117 16697
16218 16323 16971 17066
16633 16382 17072 16889
16821 16347 17018 16744
16361 16828 17027 16928
16264 16236 16846 17143
16625 16840 16955 16503
16123 15772 16767 17148
16602 16683 17214 16741
16761 16548 17137 16290
16219 16738 17018 16936
17114 16514 16577 16308
16466 16901 16573 16685
16379 16372 17238 16875
17124 16623 16597 16296
16485 16874 16477 16682
16483 16884 16493 16684
16106 15868 16719 17163
16568 16882 16531 16657
16259 16868 16675 16881
16108 15871 16720 17154
16453 16876 16447 16752
17080 16557 16650 16282
16083 15790 16687 17189
16119 15868 16682 17164
16480 16850 16533 16676
16451 16853 16426 16765
16087 15900 16754 17154
16478 16847 16532 16685
16683 16672 17251 16315
16035 15838 16732 17160
17134 16562 16479 16276
16089 15903 16755 17145
17181 16562 16502 16233
16554 16463 16762 17122
17156 16481 16469 16268
17150 16508 16496 16305
16679 16371 17138 16709
16616 16785 17197 16409
17148 16505 16495 16314
16770 16481 17116 16717
17135 16560 16446 16345
16465 16880 17131 16272
16633 16608 17143 16851
16593 16441 16762 16976
16591 16837 16509 16665
16608 16471 17283 16450
16597 16810 16482 16628
16494 16751 17290 16413
16150 15750 16693 17169
16622 16845 16436 16633
16124 15781 16666 17157
16691 16791 16381 16616
16529 16557 17358 16671
16122 15778 16665 17166
16623 16433 17302 16423
17116 16517 16578 16299
16112 15864 16698 17173
17128 16477 16552 16284
16084 15843 16727 17165
16797 16723 16533 16719
16807 16544 17045 16451
17115 16532 16503 16315
16062 15863 16699 17165
16730 16468 17083 16784
16026 15785 16704 17190
16779 16850 16676 16448
16051 15866 16737 17155
16529 16428 16840 17045
16849 16499 17081 16451
15991 15795 16710 17171
16820 16569 17025 16412
17074 16641 16543 16323
15986 15852 16696 17183
16814 16760 16469 16605
16832 16542 17069 16320
16804 16788 16788 16381
16295 16476 16640 17184
16815 16759 16362 16727
16771 16880 16773 16376
16067 15801 16626 17253
16751 16779 16611 16569
16921 16697 16425 16782
16861 16488 17036 16426
16731 16756 16313 16790
16279 16399 16622 17213
16720 16776 16312 16743
16069 15796 16636 17240
16745 16822 16256 16577
17128 16523 16579 16199
16905 16705 16596 16495
16483 16567 17135 16983
16797 16752 16419 16759
16547 16752 17218 16753
17141 16468 16628 16168
16788 16635 16662 16577
16733 16840 16391 16567
17135 16495 16655 16205
16218 16319 16657 17176
16686 16872 16408 16599
17133 16492 16654 16214
16813 16723 16487 16649
16055 16837 17070 16839
16845 16487 17118 16289
17120 16547 16605 16245
16103 15757 16650 17190
16327 16862 17132 16792
16847 16490 17119 16280
16105 15760 16651 17181
16728 16432 17106 16766
16369 16836 17171 16775
16853 16463 17092 16243
16063 15691 16657 17201
16790 16781 16345 16671
16845 16524 17048 16425
16114 15759 16686 17155
16657 16854 16408 16637
16542 16687 17189 16755
16673 16898 16808 16345
17093 16502 16699 16251
16152 15968 16547 17244
16645 16870 16299 16788
17071 16522 16671 16251
16595 16364 17117 16926
16060 15823 16552 17240
16616 16659 16653 16895
16606 16672 17206 16708
16794 16740 16645 16643
16133 16907 17052 16686
16841 16404 17091 16309
16766 16295 17112 16729
16089 16854 17203 16625
16832 16456 17069 16637
16030 15831 16575 17225
16426 16563 17162 16997
16775 16468 17069 16498
16767 16416 17159 16356
16749 16443 17130 16328
16820 16489 17094 16420
16767 16836 16822 16230
16375 16425 16643 17155
16719 16452 17245 16330
16789 16490 16655 16871
16481 16626 17120 16986
16734 16460 17197 16324
16421 16660 17323 16656
16229 16401 16623 17218
16424 16286 17306 16825
16160 15962 16497 17242
16410 16293 17299 16769
16217 15966 16470 17228
16490 16677 17260 16721
17071 16454 16675 16515
16124 16926 17018 16641
16764 16502 17174 16207
16765 16494 16828 16838
16762 16499 17173 16216
17052 16500 16514 16456
16494 16715 17195 16810
16635 16871 16936 16199
17082 16576 16502 16426
16311 16778 17148 16800
16500 16293 17274 16754
16525 16704 17148 16823
17033 16642 16428 16368
16167 15878 16479 17232
16580 16900 16955 16249
16640 16335 17165 16744
16621 16844 16313 16793
17045 16681 16429 16338
16824 16541 16796 16838
16127 15941 16486 17262
16677 16534 16631 17043
16660 16823 16236 16729
16172 16069 16503 17228
16612 16801 16253 16815
17009 16632 16468 16405
16582 16731 16780 16914
16601 16804 16291 16805
16749 16554 17124 16247
16664 16781 16237 16754
16616 16739 16270 16811
16788 16564 16761 16769
16770 16475 17147 16170
16989 16648 16556 16346
16198 16018 16381 17220
16768 16516 17160 16198
16592 16850 16899 16260
17040 16668 16514 16287
16192 16045 16408 17257
15876 16729 17199 16830
16763 16530 17081 16157
17032 16651 16516 16248
16141 15986 16463 17258
16584 16635 17131 16883
17000 16670 16600 16336
16261 16267 17242 16940
16136 15991 16508 17253
16110 16000 16523 17289
16123 16046 16459 17284
16695 16678 16318 16815
16028 16770 17115 16840
16066 16042 16486 17298
16102 16120 16481 17273
16971 16738 16653 16294
16115 16065 16530 17242
16706 16756 16857 16193
16118 16004 16480 17243
16753 16698 16251 16765
16352 16518 17010 17052
16708 16759 16858 16184
16602 16657 17280 16576
16749 16826 16835 16431
16910 16658 16688 16257
16784 16825 16822 16345
16795 16648 16471 16814
16946 16657 16620 16329
16720 16524 17315 16292
16603 16549 17362 16488
16960 16717 16570 16339
16836 16310 17056 16764
16965 16747 16546 16302
16993 16723 16520 16312
16558 16732 17157 16781
16999 16696 16493 16275
16748 16848 16820 16362
16824 16701 16437 16760
16745 16834 16834 16326
16962 16720 16571 16330
16263 16135 17297 16927
16932 16644 16583 16360
16281 16211 17230 16967
16083 16146 16433 17230
16697 16681 16319 16806
16500 16582 16937 17009
17020 16584 16659 16461
16671 16639 17068 16841
16348 16534 17013 17033
16705 16739 17184 16339
16276 16215 17292 16900
16751 16785 16822 16403
16708 16386 17061 16858
16145 16887 17060 16628
16739 16257 17050 16791
16120 16912 17032 16650
16002 16783 17119 16851
16654 16577 16728 17066
16972 16610 16543 16411
16742 16328 16958 16801
16147 16890 17061 16619
16738 16395 17060 16778
16377 16428 16644 17146
16110 16896 17079 16578
16599 16443 17324 16519
16325 16216 17312 16886
16135 16931 17033 16583
16156 16902 16991 16581
16698 16374 17125 16775
16281 16291 16693 17138
16141 16883 17026 16640
16139 16880 17025 16649
16451 16729 17021 16935
16982 16618 16489 16425
16242 16256 16818 17143
16684 16872 16857 16508
16282 16720 16991 16972
16551 16757 17273 16383
16723 16527 16787 16850
16948 16666 16502 16491
16459 16291 17281 16820
16249 16331 16654 17153
16931 16610 16509 16515
16274 16212 17291 16909
16291 16400 16648 17133
16930 16658 16519 16540
16289 16397 16647 17142
16879 16718 16515 16531
16050 16066 16563 17257
16325 16475 16642 17117
16918 16605 16548 16520
16268 16471 16669 17131
16527 16425 16839 17054
16270 16474 16670 17122
16234 16396 16675 17147
16946 16605 16565 16412
16916 16698 16390 16709
16225 16182 17040 17036
16565 16700 17167 16743
16923 16670 16466 16715
16305 16390 16607 17177
16940 16657 16423 16632
16300 16181 17358 16881
16959 16682 16403 16632
16212 16237 16991 17067
16587 16468 16789 17013
16099 16764 17047 16870
16726 16484 17223 16370
16933 16657 16396 16680
16164 16184 16987 17085
16551 16468 16822 17058
16254 16397 16652 17151
16831 16539 16596 16788
16925 16681 16422 16726
16215 16252 17016 17039
16204 16399 16653 17156
16868 16354 16869 16716
16926 16697 16382 16690
16201 16342 17050 17014
16265 16479 16618 17193
16380 16217 17311 16799
16171 16310 17017 17067
16777 16888 16753 16324
16286 16405 16596 17204
16856 16526 16520 16733
17016 16731 16392 16573
16312 16396 16581 17168
16273 16251 17197 16983
16302 16482 16614 17175
16721 16681 16942 16741
16845 16293 16877 16658
16955 16651 16427 16536
16241 16402 16649 17138
16741 16214 17079 16764
16884 16261 17012 16735
16839 16320 16904 16695
16949 16678 16454 16573
16790 16380 16933 16665
16874 16491 16502 16707
16892 16674 16481 16587
16512 16427 16928 17027
16220 16476 16671 17127
16820 16949 16748 16433
16889 16454 16540 16727
16894 16677 16482 16578
16551 16395 16838 17011
16281 16556 16636 17164
16859 16226 17058 16730
16891 16482 16565 16699
16759 16440 16924 16795
16899 16634 16495 16577
16205 16238 17030 17042
16505 16718 17141 16813
16742 16374 17037 16761
16846 16281 17009 16761
16896 16457 16501 16713
16886 16689 16446 16608
16110 16230 17052 17030
17008 16524 16531 16557
16784 16200 16994 16802
16924 16436 16480 16674
16416 16585 16967 17048
16877 16669 16493 16582
16723 16405 17026 16799
16146 16276 17020 17055
16829 16902 16745 16438
16991 16556 16577 16511
16705 16346 17031 16927
16822 16180 16997 16776
16655 16598 17244 16400
16900 16437 16589 16676
16156 16298 17059 17012
16506 16442 16893 17048
16852 16256 16985 16746
16925 16358 16842 16702
16945 16422 16552 16645
16877 16684 16625 16487
16888 16274 16912 16745
16967 16409 16810 16640
16864 16739 16576 16518
16657 16698 17113 16355
16715 16296 16955 16804
16873 16255 16947 16804
16941 16388 16731 16728
16173 16276 17016 17036
16713 16552 17239 16286
16618 16723 17190 16448
17041 16502 16607 16486
16875 16204 16889 16799
16865 16748 16514 16571
16652 16699 17254 16288
17034 16530 16531 16480
16283 16152 17199 16988
16374 16277 17279 16865
16770 16514 17092 16744
16835 16183 16954 16796
16962 16381 16717 16666
16842 16708 16496 16688
16737 16511 17272 16209
16632 16667 17212 16331
16979 16581 16585 16552
16805 16107 16966 16826
16871 16684 16458 16603
16434 16720 17200 16823
16748 16455 17193 16155
16987 16557 16559 16506
16779 16116 16981 16862
16961 16473 16866 16608
16884 16629 16507 16572
16776 16428 17250 16192
16777 16113 16980 16871
16954 16333 16780 16697
16879 16672 16494 16573
16149 16299 17076 16998
16332 16221 17332 16784
16124 16218 17043 17033
16768 16452 17276 16238
16566 16218 17362 16743
16792 16162 16917 16857
16864 16724 16444 16613
16185 16298 17008 17070
16743 16417 17287 16256
16641 16609 17295 16323
16735 16158 16944 16871
16732 16374 17281 16263
16725 16244 16977 16878
16452 16663 16962 17023
16345 16425 17025 17030
16257 16174 17179 17012
16974 16381 16886 16646
16872 16431 16620 16757
16850 16725 16445 16713
16743 16371 17243 16273
17050 16582 16619 16405
16980 16354 16859 16609
16872 16700 16418 16567
16745 16374 17244 16264
16641 16603 17257 16335
17081 16555 16616 16432
16710 16364 16939 16807
16770 16349 17272 16242
17056 16478 16642 16537
16273 16289 17311 16729
16244 16740 16988 16998
16811 16765 16529 16541
16458 16552 16546 17138
16831 16429 17237 16279
16573 16650 17330 16311
17035 16563 16654 16464
16300 16298 17268 16854
16780 16361 17208 16325
16615 16719 17324 16291
17042 16495 16706 16490
16841 16439 16633 16832
16757 16752 16584 16532
16613 16716 17323 16300
16188 15944 17102 17019
16731 16338 17164 16381
16934 16441 16863 16611
16497 16601 16629 17072
16759 16770 16573 16583
16656 16536 16706 17093
17027 16387 16733 16607
16941 16426 16705 16613
16509 16726 17136 16819
16709 16617 17132 16733
16306 16050 17113 17003
16935 16453 16732 16650
16873 16503 16817 16703
17005 16402 16754 16605
16905 16377 16744 16680
16774 16751 16599 16570
16540 16675 17307 16341
16964 16553 16781 16539
16576 16753 17302 16316
17069 16480 16862 16516
16830 16635 16628 16546
16184 15946 17091 17041
16714 16384 17172 16398
16526 16755 17303 16321
16884 16615 16591 16518
16340 16344 17277 16814
16998 16430 16678 16599
16724 16374 17215 16609
16853 16618 16596 16515
16665 16313 17139 16881
16691 16412 17184 16397
16623 16619 17118 16793
16652 16368 17090 16912
16707 16757 16508 16668
16591 16645 16588 16896
16654 16463 17245 16418
17045 16435 16601 16567
17026 16338 16765 16588
16694 16764 16464 16627
16677 16410 17224 16393
17060 16417 16655 16540
17028 16341 16766 16579
16752 16750 16471 16635
17094 16458 16645 16511
16966 16707 16480 16473
16983 16458 16858 16542
16718 16402 17293 16375
16599 16783 17267 16390
17037 16454 16672 16525
17028 16382 16886 16529
16696 16642 16697 17005
16794 16323 17237 16564
17024 16509 16623 16556
16981 16410 16870 16552
16659 16441 17271 16522
17020 16492 16801 16559
16963 16614 16552 16451
16411 16286 17261 16939
17057 16398 16763 16592
16651 16807 16896 16562
16546 16800 17260 16384
16973 16483 16684 16587
16961 16611 16551 16460
16177 16317 17330 16775
16748 16397 16883 16825
16564 16798 17236 16397
16974 16616 16512 16455
17046 16321 16711 16746
16649 16334 17290 16397
16755 16721 16830 16354
16946 16659 16518 16451
16826 16750 16448 16704
16693 16353 17338 16369
16981 16319 16731 16660
16622 16617 16664 17044
16567 16589 17006 16960
16829 16787 16793 16469
16281 16267 17313 16768
16686 16353 17244 16378
16890 16633 16520 16517
16646 16332 17309 16375
16531 16852 17210 16424
16892 16636 16521 16508
17069 16287 16683 16655
16219 16659 16955 17033
16196 16339 17053 17012
16544 16797 17259 16393
17084 16336 16771 16632
16413 16590 16937 17028
16171 16258 17020 17047
16601 16402 17311 16491
16580 16875 17254 16368
16712 16362 17048 16874
16663 16541 16978 16892
16222 16326 17049 17001
16332 16480 16976 17061
16990 16562 16485 16503
16643 16347 17010 16935
16746 16845 16819 16371
17022 16537 16856 16498
16929 16580 16489 16556
16661 16538 16977 16901
17154 16285 16793 16587
16268 16682 16999 16977
16815 16698 16460 16730
16544 16749 17289 16408
16960 16577 16484 16559
16688 16394 16869 16874
17100 16341 16689 16583
16837 16699 16439 16752
16827 16747 16457 16662
16853 16744 16422 16652
16805 16728 16393 16713
16903 16614 16558 16555
16477 16716 17017 16924
16215 16366 17035 17011
16786 16828 16823 16336
16964 16599 16491 16518
16240 16430 17447 16669
16812 16675 16595 16677
16851 16619 16443 16772
16774 16732 16466 16651
16777 16756 16365 16710
16951 16594 16530 16523
17116 16259 16711 16653
16838 16621 16441 16780
16745 16727 16471 16667
16392 16497 16986 17008
16570 16740 17274 16372
16782 16752 16831 16285
16204 16352 17452 16694
16763 16416 16848 16766
17053 16210 16665 16684
16782 16623 16479 16744
16750 16760 16410 16668
16179 16255 17064 17009
16597 16576 17389 16525
16572 16743 17275 16363
16745 16718 16984 16346
17018 16419 16859 16567
16936 16631 16492 16503
16179 16350 17482 16632
16597 16367 17118 16917
16698 16501 16747 16934
16802 16622 16509 16708
16742 16731 16495 16645
16703 16780 16354 16617
16334 16833 17063 16869
16593 16679 17286 16346
16801 16763 16802 16342
16813 16581 16876 16754
16568 16483 16950 16951
16060 16760 16997 16971
16766 16707 16830 16348
16918 16685 16497 16559
16770 16397 16899 16805
17019 16350 16741 16621
16364 16768 16918 16967
16844 16673 16477 16646
16734 16748 16521 16652
16570 16668 17270 16392
16808 16776 16824 16328
16882 16607 16502 16584
16355 16274 17284 16922
16791 16402 16870 16843
16830 16677 16448 16694
16553 16735 17267 16413
16772 16698 16829 16353
16857 16632 16474 16606
16209 16423 17427 16696
16727 16777 16590 16575
16021 16774 16988 16967
16551 16732 17266 16422
16754 16763 16826 16365
16654 16548 17085 16855
16778 16360 16838 16848
17097 16281 16820 16601
16733 16496 16747 16892
16638 16828 16420 16707
16196 16478 17378 16727
16772 16387 16865 16885
16125 16408 17390 16771
16735 16315 16914 16854
16144 16601 17009 16994
16620 16726 17191 16439
16737 16318 16915 16845
16014 16772 16955 16992
16626 16699 17164 16402
16763 16239 16941 16862
16614 16826 16420 16739
16680 16408 17289 16400
16191 16407 17403 16725
16824 16319 16906 16899
16501 16594 16903 17042
16718 16450 17292 16365
16302 16143 17354 16860
16764 16248 16879 16915
16835 16677 16534 16611
16613 16821 16452 16656
16500 16611 16887 17030
15996 16693 16955 17002
16657 16370 17327 16328
16751 16303 16830 16946
16831 16655 16531 16680
16687 16446 17315 16298
16667 16566 17164 16795
16694 16299 16857 16960
16499 16751 16929 16855
16790 16588 16920 16729
16744 16527 17096 16755
16672 16319 16829 16960
16774 16471 16690 16930
16038 16780 16969 16971
16687 16398 17316 16308
16611 16733 17211 16401
17026 16395 16833 16521
16681 16358 16815 17016
16661 16555 16633 17059
16623 16693 17185 16386
17030 16369 16900 16502
16584 16247 16829 17037
16784 16460 16816 16870
16400 16590 16974 17027
16630 16394 17343 16322
16625 16696 17186 16377
16973 16388 16891 16509
16752 16476 16683 16895
16867 16484 16539 16740
16835 16481 16472 16799
16680 16507 17305 16382
16638 16641 17235 16346
16979 16480 16859 16524
16964 16435 16894 16504
17081 16430 16806 16527
16659 16261 16858 16945
16720 16601 16730 16928
16852 16465 16574 16799
16363 16778 16797 16918
16871 16559 16467 16774
16663 16676 17189 16351
16951 16437 16892 16512
17040 16332 16782 16576
16215 16349 17414 16704
16707 16312 16859 16913
16681 16464 16757 16896
16818 16466 16670 16848
16229 16596 16960 17038
16870 16600 16436 16722
16684 16494 16645 17033
16661 16673 17188 16360
17042 16335 16783 16567
16202 16404 17365 16735
16770 16371 16814 16923
16684 16511 16752 16928
16813 16425 16636 16883
16864 16556 16487 16724
16648 16728 17139 16391
16924 16459 16842 16612
17107 16415 16800 16517
16323 16191 17333 16825
16709 16362 16826 16935
17092 16287 16712 16523
16830 16391 16679 16889
16926 16544 16433 16643
16733 16814 16451 16522
16441 16170 17346 16876
16661 16311 16825 16967
17133 16361 16666 16564
16227 16551 16975 17028
16965 16563 16379 16636
16940 16541 16783 16538
16920 16496 16880 16625
16276 16154 17359 16850
16648 16366 16776 16998
16766 16405 16711 16904
16868 16455 16696 16786
16980 16526 16417 16656
16703 16703 17207 16321
17017 16289 16905 16529
16679 16541 17125 16788
17169 16379 16640 16490
16747 16430 16736 16913
16863 16414 16662 16821
16628 16618 17031 16902
16255 16737 16950 17008
16988 16502 16391 16610
16644 16330 17294 16425
16705 16706 17208 16312
16917 16456 16928 16514
17053 16367 16900 16504
16421 16486 17270 16723
16987 16486 16431 16646
16646 16352 17290 16406
16669 16628 17213 16337
16977 16498 16830 16508
16996 16363 16927 16518
16189 16383 17251 16765
17108 16299 16675 16453
16725 16530 16788 16841
16838 16430 16750 16867
16999 16467 16412 16635
16726 16842 16375 16516
16656 16683 17164 16368
16998 16366 16928 16509
16687 16284 16784 16995
16790 16466 16802 16854
16793 16465 16640 16866
17006 16427 16426 16625
16489 16678 16854 17059
16633 16675 17192 16339
16891 16487 16901 16502
16986 16286 16983 16510
16350 16206 17296 16902
16768 16478 17115 16726
16700 16229 16833 16964
16733 16521 16750 16855
17007 16443 16386 16589
16669 16753 17187 16314
17001 16579 16802 16431
16889 16484 16900 16511
16981 16366 16961 16565
16381 16265 17269 16886
16245 16357 17309 16802
16725 16264 16787 16969
17087 16378 16652 16530
16727 16500 16806 16880
16747 16834 16327 16524
15955 16819 17107 16925
16682 16698 17236 16283
16946 16539 16871 16441
16919 16560 16888 16481
16689 16186 16792 16994
17127 16399 16587 16533
16674 16503 16811 16888
16988 16401 16473 16700
16741 16816 16365 16521
16667 16408 17294 16387
16660 16718 17208 16283
16987 16544 16872 16360
16848 16566 16956 16451
17000 16337 16889 16583
16731 16255 16786 16974
17112 16380 16622 16592
16591 16647 16860 16879
16950 16444 16368 16691
16739 16813 16364 16530
16654 16699 17224 16245
16931 16573 16900 16402
16869 16517 16936 16464
16729 16252 16785 16983
16723 16506 16883 16859
17020 16419 16379 16734
16627 16342 17301 16398
16641 16754 17175 16276
16917 16512 16934 16468
16841 16475 16951 16519
17013 16354 16947 16508
16716 16307 16736 17014
16710 16552 16772 16821
16713 16408 16659 17014
16659 16807 17093 16238
16875 16576 16886 16415
17065 16453 16867 16507
16279 16264 17312 16777
16719 16446 17063 16790
16691 16272 16782 17009
16697 16554 16770 16829
16833 16456 16789 16802
16693 16794 16382 16607
16719 16381 16632 16977
16666 16779 17169 16244
16617 16819 16919 16508
16938 16553 16832 16364
17024 16351 16909 16518
16143 16319 17302 16806
16697 16466 17035 16790
16862 16395 16758 16763
17006 16374 16384 16682
16706 16436 16583 17008
15823 16696 17143 16933
16683 16766 17126 16161
16930 16577 16858 16410
16881 16457 16957 16445
16360 16341 17283 16789
16696 16377 16780 16957
16762 16513 16847 16800
16962 16350 16417 16757
16637 16849 16364 16655
16435 16570 16965 17028
16718 16396 16557 16993
16667 16375 17318 16360
16730 16743 17074 16145
16577 16846 16906 16451
16846 16462 17001 16528
17067 16448 16877 16494
16185 16389 17276 16749
16723 16489 17004 16758
16727 16350 16777 16984
16659 16685 17066 16802
16712 16423 16584 17030
15844 16686 17106 16957
16692 16424 17273 16366
16712 16744 17117 16165
16573 16870 16982 16480
16849 16570 16820 16443
16740 16295 16826 16953
16853 16378 16800 16827
16546 16709 17129 16799
16183 16660 17023 16961
16679 16900 16332 16593
16715 16358 16563 16999
16690 16421 17272 16375
16946 16503 16987 16441
17086 16339 16855 16437
16201 16466 17294 16720
16741 16577 16836 16817
16832 16452 16822 16816
16520 16589 17117 16976
16740 16439 16596 16964
16781 16426 16777 16881
16716 16565 16674 16985
16760 16743 17024 16134
17028 16373 16912 16449
16766 16306 16814 16944
17065 16343 16671 16579
16909 16313 16718 16794
16939 16378 16429 16756
16707 16808 16419 16582
16743 16477 16590 16958
16625 16436 17303 16414
16719 16248 16849 16962
16896 16368 16669 16825
17008 16359 16656 16732
16694 16863 16370 16613
16727 16685 17051 16208
16809 16481 16998 16648
16706 16303 16800 16993
17072 16350 16731 16565
16814 16459 16814 16795
16981 16429 16397 16694
16493 16685 17203 16801
16690 16469 16647 17010
16660 16385 17224 16412
16782 16503 16969 16679
16669 16268 16795 17018
16740 16419 16834 16833
16888 16377 16707 16811
16458 16648 16997 17002
16994 16374 16446 16663
16688 16466 16646 17019
16406 16753 17172 16884
16790 16681 17024 16238
16902 16671 16696 16424
16906 16447 17024 16520
16932 16286 16968 16565
16794 16463 16943 16664
16694 16303 16749 17023
16894 16350 16680 16774
16436 16668 16969 17002
16667 16530 16635 17036
15805 16745 17190 16830
16688 16458 17211 16391
16901 16655 16736 16460
16953 16386 16962 16439
16523 16197 17325 16804
16796 16466 16944 16655
16658 16225 16754 17048
16717 16453 16759 16911
16881 16405 16631 16805
16932 16386 16500 16744
16720 16831 16354 16586
16616 16480 17239 16752
16852 16680 16689 16462
16945 16288 16966 16590
16851 16365 16679 16865
16919 16441 16451 16775
16732 16791 16328 16571
16661 16539 16636 17031
16932 16343 16917 16621
16654 16435 16764 16958
16884 16432 16444 16806
16734 16827 16305 16589
16612 16597 17181 16734
16914 16641 16613 16458
16938 16316 16890 16584
16425 16236 17238 16874
16661 16604 16807 16891
16825 16342 16639 16912
16914 16508 16432 16776
16721 16785 16273 16594
16851 16664 16667 16509
16974 16394 16885 16559
16854 16453 16919 16626
16561 16316 16715 17092
16648 16438 16807 16913
16788 16282 16645 16938
16523 16470 16969 16997
16925 16500 16426 16692
16715 16812 16300 16631
16732 16642 17064 16207
16873 16644 16685 16505
16873 16514 16946 16596
16987 16339 16934 16528
16879 16426 17019 16618
16582 16252 16726 17075
16867 16466 16478 16752
16699 16847 16324 16601
16860 16619 16691 16486
16472 16286 17253 16872
16300 16334 17300 16728
16865 16441 16868 16644
16804 16359 16663 16909
16880 16464 16480 16744
16737 16782 16262 16602
16754 16603 17029 16263
16816 16512 16990 16551
16931 16368 16962 16570
16413 16243 17265 16855
16597 16200 16776 17035
16756 16333 16681 16940
16514 16430 16929 17018
16850 16420 16524 16818
16785 16804 16245 16516
16918 16423 16913 16601
16274 16389 17256 16746
16595 16241 16789 17063
16730 16398 16808 16880
16792 16411 16676 16915
16519 16387 16942 17017
16841 16467 16527 16813
16767 16838 16281 16536
16662 16540 16761 16937
16462 16641 17157 16972
16917 16642 16647 16449
16937 16442 16886 16502
16882 16345 16918 16626
16343 16294 17243 16900
16580 16192 16795 17088
16805 16356 16725 16884
16684 16523 16735 16953
16670 16447 17212 16414
16914 16486 16887 16514
16851 16471 16865 16651
16567 16247 16746 17119
16981 16345 16657 16678
16696 16407 16770 16900
16409 16818 16732 16882
16981 16477 16811 16540
16920 16325 16921 16600
16318 16292 17273 16838
16418 16610 17309 16684
16826 16526 16925 16723
16569 16206 16733 17091
16794 16313 16684 16914
16499 16791 16923 16859
16821 16786 16276 16485
16679 16510 16790 16880
16956 16403 16916 16575
16496 16512 17184 16952
16672 16438 16854 16905
16781 16368 16635 16945
16490 16449 16954 17004
16921 16394 16909 16606
16358 16338 17282 16798
16760 16322 16646 16934
16871 16811 16703 16418
16872 16575 16697 16499
16908 16449 16860 16637
16419 16418 17247 16835
17058 16290 16630 16719
16796 16400 16641 16909
16890 16628 16615 16461
16910 16405 16837 16654
16389 16342 17259 16865
16226 16148 17226 17002
16228 16401 17318 16748
16851 16367 16927 16656
17010 16248 16663 16776
16728 16578 16843 16797
16869 16408 16635 16891
16614 16562 16730 16973
16594 16803 16923 16576
16882 16619 16665 16480
16446 16346 17232 16851
16268 16217 17220 16982
16881 16409 16949 16590
16560 16286 16677 17130
16953 16236 16708 16752
16798 16902 16356 16478
16578 16484 16735 16998
17040 16429 16779 16540
16281 16162 17269 16951
16179 16320 17331 16766
16567 16246 16691 17120
17003 16251 16668 16748
16795 16536 16837 16775
16882 16353 16684 16860
16846 16666 16644 16482
16184 16277 17344 16765
16836 16498 17002 16565
16597 16246 16641 17109
16952 16183 16639 16794
16776 16494 16818 16780
16837 16334 16668 16886
16824 16630 16694 16483
17002 16403 16697 16606
16428 16287 17304 16753
16270 16119 17228 16981
16610 16244 16643 17101
16988 16261 16634 16769
16492 16526 16948 16984
15989 16813 17112 16843
17058 16414 16723 16556
16430 16290 17305 16744
16235 16361 17332 16738
16617 16216 16719 17107
16931 16257 16661 16783
16857 16378 16656 16882
16018 16714 16768 17114
16505 16704 17162 16782
16574 16692 17141 16883
15987 16810 17111 16852
16451 16226 17316 16727
16283 16165 17164 16976
16172 16413 17347 16783
16849 16443 17051 16534
16588 16198 16725 17076
16933 16260 16662 16774
16518 16663 17190 16782
16522 16671 17185 16788
16707 16893 16773 16560
16928 16576 16681 16477
16938 16217 16675 16773
16873 16404 16580 16878
16601 16699 17011 16785
16513 16527 16986 16978
16525 16717 17088 16815
16520 16666 17191 16773
16524 16674 17186 16779
16435 16638 17231 16764
16931 16331 16815 16665
16443 16289 17301 16768
16249 16237 17252 16982
16773 16432 17092 16480
16980 16286 16669 16753
16533 16750 17039 16867
16407 16631 17239 16727
16489 16604 17249 16741
16440 16595 17244 16763
16586 16304 17291 16571
16906 16627 16656 16463
16430 16344 17252 16799
16978 16283 16668 16762
16865 16425 16545 16817
16478 16664 17296 16642
16468 16711 17204 16764
16557 16603 17189 16770
16501 16675 17209 16800
16457 16475 16979 17008
15982 16832 17091 16849
16936 16639 16592 16399
17065 16374 16737 16546
16400 16268 17264 16829
16188 16157 17287 16945
16160 16400 17383 16752
16796 16378 17074 16662
16666 16210 16722 17032
16416 16670 17219 16793
16420 16688 17173 16829
16559 16708 17006 16821
16555 16600 17188 16779
16498 16608 16886 17039
16459 16478 16980 16999
15970 16872 17117 16864
16603 16718 17253 16705
16830 16918 16705 16402
16921 16620 16627 16458
17007 16360 16779 16612
17021 16355 16600 16686
16418 16673 17220 16784
16445 16769 17206 16794
15968 16869 17116 16873
16551 16693 17294 16657
16929 16596 16601 16412
17045 16415 16802 16563
16931 16303 16900 16651
16136 16325 17406 16781
17000 16345 16636 16740
16744 16510 16792 16840
15955 16642 16832 17162
16439 16609 17231 16767
16434 16747 17158 16839
16617 16319 17289 16532
16595 16290 17283 16557
16670 16243 17189 16681
16891 16620 16677 16469
16918 16358 16851 16682
16138 16328 17407 16772
17004 16367 16639 16671
16432 16744 17157 16848
16604 16724 17150 16728
16666 16697 17099 16667
16031 16908 17068 16882
16560 16315 17316 16546
16688 16296 17220 16634
16761 16797 16758 16486
17043 16429 16718 16553
16164 16319 17392 16736
16964 16346 16704 16668
16542 16638 17288 16668
16535 16678 17274 16678
16502 16623 16903 17028
16033 16911 17069 16873
16733 16243 17272 16527
16702 16252 17219 16614
16812 16865 16787 16440
17058 16392 16756 16573
16863 16317 16871 16667
16203 16438 17392 16717
16977 16291 16753 16637
16530 16724 16926 16882
16537 16681 17275 16669
16470 16724 17160 16822
16558 16732 17188 16760
16575 16638 17177 16898
16536 16660 16848 16963
16039 16884 17042 16836
16630 16175 17292 16567
16739 16277 17173 16642
17071 16337 16805 16542
16874 16394 16865 16649
16414 16247 17293 16841
16216 16383 17441 16686
17019 16360 16747 16617
16827 16345 16640 16903
16025 16591 16854 17117
16446 16567 17303 16688
16515 16711 17122 16802
16526 16612 17261 16692
16471 16660 17127 16920
16514 16666 17192 16781
16668 16541 16638 17014
16096 16888 17015 16822
16682 16203 17163 16666
16471 16251 17266 16827
16271 16384 17413 16681
16845 16372 17061 16590
16983 16282 16752 16642
16840 16290 16689 16872
16493 16723 17139 16797
16489 16713 17045 16882
16516 16669 17193 16772
16608 16600 17153 16852
16647 16570 17111 16777
16698 16758 16806 16477
16899 16685 16679 16421
16852 16443 16866 16652
16970 16337 16703 16673
16876 16368 16684 16847
16072 16606 16836 17122
16560 16711 17116 16766
16564 16648 17266 16656
16476 16715 17043 16890
16459 16665 17220 16786
16638 16604 17075 16857
16607 16549 17176 16774
16637 16607 16698 17023
16668 16240 17188 16690
16700 16761 16807 16468
16912 16630 16728 16390
16462 16216 17287 16796
16968 16282 16712 16667
16543 16728 16925 16848
16059 16661 16787 17153
16428 16446 17284 16713
16506 16731 17153 16794
16535 16616 17276 16686
16587 16641 17235 16734
16621 16570 17035 16882
16622 16687 17226 16687
16586 16539 16669 17069
16080 16855 17017 16901
16698 16316 17176 16660
16767 16814 16745 16468
17032 16380 16843 16557
16559 16186 17334 16846
16741 16523 16892 16766
16034 16626 16833 17148
16517 16556 17320 16679
16534 16688 17147 16798
16388 16681 17211 16786
16562 16560 17202 16769
16615 16572 17073 16866
16597 16556 17029 16919
16603 16535 17190 16783
16270 16830 17081 16853
16760 16304 17122 16579
16759 16838 16771 16514
16894 16577 16810 16428
17019 16435 16794 16588
16273 16387 17414 16672
16778 16459 17042 16534
16989 16274 16753 16651
16788 16390 16682 16878
16550 16796 16941 16789
16477 16684 17174 16812
16570 16601 17217 16751
16609 16516 17003 16904
16597 16582 16710 17039
16548 16610 17326 16607
16691 16255 17257 16604
16747 16306 17120 16587
16729 16762 16783 16544
16881 16632 16761 16459
16952 16444 16870 16562
16835 16463 17015 16520
16991 16277 16754 16642
16237 16776 16756 17023
16551 16812 16901 16753
16464 16739 17125 16843
16611 16683 17236 16641
16564 16555 17212 16756
16602 16526 17080 16882
16651 16565 17013 16855
16644 16617 16680 17024
16078 16835 17070 16841
16554 16526 17318 16544
16666 16174 17224 16639
16737 16345 17125 16529
16786 16766 16756 16530
16980 16401 16864 16566
16881 16419 16897 16610
16554 16606 17279 16608
16586 16586 17156 16777
16654 16509 16984 16874
16656 16487 17242 16685
16799 16711 16805 16499
16883 16594 16757 16438
16993 16346 16913 16535
16884 16448 16899 16554
16178 16357 17359 16752
16513 16760 16939 16829
16344 16801 17217 16770
16539 16604 17222 16748
16596 16535 17081 16877
16679 16544 16938 16879
16643 16542 17193 16716
16042 16757 17075 16866
16622 16322 17328 16498
16767 16220 17230 16571
17018 16381 16867 16540
16876 16471 16895 16549
16853 16513 16778 16776
16538 16795 16893 16834
16534 16633 17341 16561
16617 16583 17250 16544
16691 16614 16965 16871
16482 16692 16872 17053
16623 16311 17343 16463
16692 16185 17212 16630
16804 16706 16760 16504
16918 16625 16689 16347
17040 16372 16834 16542
16836 16466 16961 16570
16498 16106 17369 16809
16193 16292 17338 16758
16551 16740 16942 16803
16556 16529 17319 16535
16333 16758 17176 16800
16521 16534 17259 16724
16586 16549 17037 16922
16091 16780 17119 16810
16758 16245 17242 16589
16806 16709 16761 16495
16913 16627 16686 16344
16854 16513 16950 16545
16536 16142 17374 16773
16188 16335 17325 16759
17093 16205 16828 16550
16819 16566 16911 16733
16553 16743 16943 16794
16478 16769 17032 16838
16508 16589 17210 16755
16699 16590 16939 16825
16700 16600 17060 16772
16608 16348 17305 16443
16746 16324 17142 16507
16799 16737 16685 16489
16920 16599 16762 16350
17075 16424 16851 16448
16851 16484 16948 16601
16186 16332 17324 16768
16821 16569 16912 16724
16590 16604 17313 16519
16525 16799 17082 16785
16373 16804 17067 16791
16532 16590 17179 16927
16641 16563 17080 16871
16707 16600 16918 16780
16668 16498 17084 16818
16031 16865 17153 16809
16744 16142 17198 16597
16977 16640 16764 16267
16840 16534 16873 16577
16820 16337 17107 16585
16859 16351 16773 16790
16480 16755 16944 16866
16472 16727 17161 16813
16318 16764 17136 16801
16684 16511 17005 16815
16050 16835 17120 16828
16742 16139 17197 16606
16852 16747 16657 16435
16923 16616 16790 16336
17081 16398 16854 16429
16241 16346 17367 16717
16542 16750 16867 16868
16497 16702 17189 16791
16548 16801 17021 16719
16320 16782 17074 16799
16428 16524 17284 16704
16470 16562 17167 16969
16646 16605 17071 16829
16680 16535 17081 16844
16377 16512 16942 17053
16660 16564 16702 17030
16025 16754 17087 16863
16898 16581 16836 16331
17066 16379 16889 16488
16833 16519 16905 16498
16266 16427 17400 16682
17059 16255 16738 16667
16851 16375 16799 16836
16161 16761 16904 16980
16511 16696 16861 16940
16547 16578 17390 16530
16484 16757 17140 16822
16528 16565 17091 16930
16629 16467 17052 16890
16402 16593 16975 17018
16027 16757 17088 16854
16768 16209 17245 16536
16885 16636 16787 16362
17058 16362 16891 16449
16845 16471 16970 16505
16483 16739 16867 16936
16486 16786 17137 16717
16674 16611 17036 16770
16635 16562 16732 16968
15977 16759 17089 16859
16770 16212 17246 16527
16818 16645 16863 16336
17018 16341 16956 16446
16851 16502 16992 16471
17129 16204 16760 16622
16747 16550 16809 16780
16495 16689 16811 16947
16473 16841 17088 16748
16558 16589 17296 16525
16661 16666 16987 16801
16602 16487 17110 16878
16637 16565 16733 16959
15990 16839 17084 16832
16709 16132 17281 16490
16872 16625 16826 16308
16960 16302 16996 16415
16877 16493 17067 16406
17154 16239 16714 16627
16772 16585 16763 16785
16783 16429 16778 16872
16532 16638 17331 16574
16402 16847 17156 16718
16565 16561 17372 16531
16675 16616 16964 16736
16749 16698 17017 16705
16638 16565 17105 16853
15988 16836 17083 16841
16841 16628 16831 16305
16996 16380 16991 16390
16217 16404 17356 16738
17118 16161 16719 16652
16835 16529 16765 16761
16796 16374 16827 16841
16575 16759 16704 16908
16475 16710 17090 16899
16430 16804 17150 16722
16517 16510 17371 16563
16568 16563 17052 16921
16671 16640 17040 16765
16613 16484 17072 16888
16460 16651 16998 16993
16038 16834 17082 16836
16631 16192 17297 16521
16833 16748 16696 16423
16869 16585 16825 16309
16971 16345 17037 16385
16229 16364 17330 16723
17105 16216 16670 16683
16733 16628 17049 16521
16443 16802 17152 16714
16519 16513 17372 16554
16555 16618 17003 16952
16684 16585 17089 16734
16743 16621 17097 16711
16638 16519 17026 16893
16465 16608 17011 16992
16686 16621 16707 16907
16002 16756 17087 16861
16667 16270 17292 16496
16911 16636 16793 16247
16958 16400 16988 16416
16599 16176 17289 16809
16231 16367 17331 16714
17054 16148 16641 16729
16838 16425 16795 16779
16483 16571 17373 16547
16394 16819 17131 16731
16462 16509 17399 16568
16603 16498 17028 16933
16658 16613 16779 16914
16027 16837 17120 16826
16846 16730 16670 16453
16855 16665 16821 16289
16922 16322 16993 16441
16569 16100 17301 16839
16244 16312 17380 16683
16825 16413 17074 16609
17090 16226 16636 16704
16825 16480 16746 16810
16461 16591 17345 16547
16393 16803 17171 16767
16458 16573 17360 16626
16633 16574 17016 16903
16014 16757 17125 16853
16917 16653 16767 16208
16983 16402 16958 16478
16280 16390 17375 16658
16827 16416 17075 16600
17067 16218 16664 16675
16771 16467 16801 16801
16450 16648 17298 16480
16529 16736 17053 16876
16383 16833 17104 16750
16274 16805 17069 16866
16604 16600 16834 16905
16846 16777 16706 16406
16904 16655 16765 16216
16999 16394 16880 16397
16305 16365 17403 16636
16814 16336 17080 16627
17109 16267 16674 16626
16557 16696 16826 16909
16442 16672 17324 16526
16479 16738 17054 16881
16276 16808 17070 16857
16544 16511 16974 16986
15993 16831 17147 16842
16665 16297 17251 16563
16897 16845 16735 16360
16910 16699 16714 16214
17026 16426 16883 16394
16476 16126 17341 16809
16279 16396 17376 16624
16844 16412 17068 16597
17107 16264 16673 16635
16788 16463 16801 16863
16763 16491 16827 16847
16336 16697 16935 16982
16388 16692 17361 16554
16276 16794 17103 16838
16281 16765 17083 16856
16549 16468 16987 16985
16658 16641 17212 16704
16469 16677 16931 17081
15995 16834 17148 16833
16663 16294 17250 16572
16836 16765 16770 16323
16848 16711 16768 16295
16972 16413 16938 16385
16791 16511 17103 16416
16277 16393 17375 16633
16832 16460 17003 16590
17102 16307 16660 16636
16738 16516 16799 16869
16323 16752 16886 17013
16546 16653 16785 16939
16437 16632 17332 16584
16489 16760 17093 16838
16713 16545 17109 16741
16664 16614 17185 16667
16462 16686 16851 17058
16649 16574 16828 16882
15934 16754 17183 16796
16834 16806 16783 16351
16862 16673 16736 16221
16966 16440 16965 16422
16778 16566 17054 16447
16778 16480 17040 16618
17108 16280 16633 16599
16844 16485 16712 16784
16702 16438 16804 16894
16533 16708 16736 16970
16390 16650 17398 16555
16543 16740 17056 16810
16300 16748 17062 16891
16288 16736 17014 16933
16523 16481 16906 17021
16624 16493 16795 16917
15947 16834 17178 16769
16848 16756 16760 16286
16829 16719 16821 16246
16910 16425 16992 16466
16791 16591 17034 16408
16416 16089 17313 16911
16193 16454 17394 16634
16801 16474 17002 16584
16829 16466 16747 16843
16704 16441 16805 16885
16531 16672 16759 16952
16402 16600 17342 16566
16595 16712 17010 16763
16283 16779 17001 16934
16553 16557 16894 16991
16675 16551 17105 16766
16464 16683 16900 17050
16611 16548 16746 16948
15972 16809 17206 16747
16745 16300 17193 16620
16833 16737 16795 16345
16842 16717 16823 16238
16776 16572 17069 16467
16260 16442 17364 16586
16745 16554 17032 16565
17085 16339 16683 16650
16804 16385 16714 16878
16328 16766 16773 16981
16533 16675 16760 16943
16353 16660 17371 16536
16281 16776 17000 16943
16565 16526 16813 16964
16717 16600 17115 16717
16609 16545 16745 16957
15959 16864 17157 16778
16856 16696 16741 16261
16808 16673 16867 16290
16921 16422 16954 16476
16809 16526 16984 16442
16512 16164 17278 16906
16225 16479 17442 16587
16803 16519 17000 16526
17049 16261 16688 16675
16791 16440 16665 16909
16361 16772 16766 16932
16538 16632 16773 16942
16407 16640 17334 16508
16629 16703 16928 16769
16283 16812 16977 16961
16572 16498 16889 16970
16681 16522 17120 16742
16673 16539 17137 16758
16666 16579 17011 16866
16456 16707 16926 17096
15957 16861 17156 16787
16847 16679 16783 16325
16809 16650 16844 16228
16923 16425 16955 16467
16805 16550 17060 16471
16525 16109 17327 16875
16227 16438 17429 16559
16801 16516 16999 16535
17051 16264 16689 16666
16729 16479 16856 16822
16346 16753 16801 16991
16560 16663 16717 16963
16426 16693 17302 16444
16627 16664 16925 16813
16422 16774 17016 16867
16293 16726 16944 16954
16573 16514 16849 16934
16706 16557 17074 16747
16668 16582 17012 16857
16603 16558 16744 16935
16018 16941 17121 16824
16860 16624 16832 16294
16819 16645 16872 16236
16936 16370 17004 16436
16561 16187 17322 16850
15949 16959 16837 16572
16040 16924 17078 16621
16104 16923 17106 16615
16583 16776 17168 16467
16471 16669 17115 16730
15982 16998 16870 16516
16089 16878 17067 16679
16446 16637 17086 16885
16484 16729 16910 16691
16595 16836 17033 16519
15964 16907 16881 16691
16127 16795 16976 16887
16792 16601 16760 16644
16271 16944 16859 16768
16643 16870 16881 16603
16770 16572 16770 16538
16751 16729 16735 16486
16148 16923 16739 16974
16341 16735 16903 16862
16199 16991 16768 16928
16702 16864 16765 16405
16159 16836 16991 16804
16134 16979 16796 16908
16412 16639 17062 16829
16825 16662 16817 16456
16685 16626 17201 16362
16676 16896 16883 16554
15849 17012 16740 16893
15988 16998 16694 16816
16720 16675 16729 16558
15801 17034 16649 16857
16831 16746 16816 16445
16520 16652 17031 16872
16694 16714 16962 16349
16506 16867 17132 16522
16165 16873 16791 16923
16638 16407 17205 16681
16335 16675 16987 16763
16678 16635 17174 16446
16273 16735 16965 16898
16085 16841 17030 16936
15793 16996 16730 16951
16127 16836 16809 16976
16463 16457 17229 16810
16189 16925 16631 16947
15949 16843 16704 17066
16678 16855 16870 16526
16590 16795 16999 16554
16412 16885 16786 16880
16577 16644 17203 16587
16736 16623 16777 16671
16619 16551 16979 16905
16387 16604 17108 16824
16960 16537 16837 16587
16065 16903 17087 16638
16734 16515 17160 16672
16152 16961 16718 16981
16228 16911 16847 16854
16536 16601 17230 16514
15944 16995 16647 16859
16844 16718 16785 16430
16470 16433 17252 16560
16642 16679 17148 16414
16607 16627 17158 16545
16691 16683 16994 16506
16632 16659 17232 16426
16225 16709 16917 17061
16085 16789 17257 16585
16087 16917 16789 16943
16529 16787 17111 16479
16535 16583 16945 16920
16075 16980 16743 17002
16254 16488 17109 16929
16335 16440 17090 16909
16704 16867 16766 16396
15909 17016 16609 16894
16488 16715 17156 16551
16855 16617 16666 16584
15991 17012 16581 16900
16657 16587 16931 16603
16638 16797 16770 16619
16655 16830 16855 16588
16450 16911 16868 16814
16509 16706 17256 16446
16555 16576 17154 16848
16291 16479 17124 16857
16135 16978 16690 17005
16054 16733 17238 16653
16250 16898 16870 16757
16163 16914 16804 16951
16057 16887 16787 17021
15884 17018 16734 16566
16552 16543 16934 16980
16555 16538 16901 16982
16016 16903 16779 16956
16791 16630 16871 16481
16445 16651 17006 16952
16149 16927 16846 16868
16518 16424 17026 16913
16425 16830 16835 16849
16505 16474 16787 17027
16234 16884 16820 16817
16091 16796 16678 17038
16349 16578 17026 16890
15876 16896 16654 17078
15825 17024 16580 16850
15819 17097 16714 16673
16237 16789 16628 16900
16037 16891 16870 16768
15879 16995 16712 16675
16893 16559 16849 16509
15854 17045 16770 16618
16422 16808 17106 16620
15692 17040 16583 16687
16154 16964 16627 16978
16609 16912 16831 16480
15758 17017 16749 16636
15831 17059 16697 16608
15905 16886 16673 17058
16675 16858 16798 16618
16395 16807 16905 16768
16174 16869 16690 16937
15851 16815 16621 17113
16433 16765 17081 16630
16065 16761 16838 17060
16553 16784 16741 16622
16489 16367 17269 16790
16116 16717 16818 17082
16599 16820 16998 16309
16786 16641 16884 16428
16274 16942 16505 16493
15915 16711 16365 17124
16089 16920 16790 16934
16068 16739 16682 17054
16158 16946 16642 16954
15969 16819 16599 17083
16446 16583 16627 17165
16129 16881 16606 17039
16553 16642 16972 16843
15924 16797 16663 17091
16724 16662 16625 16669
16507 16480 17209 16672
16430 16373 16931 17032
16263 16898 16734 16847
16693 16636 16892 16536
16390 16538 16999 17036
16151 16974 16566 16948
16341 16358 17373 16673
16167 16909 16676 16947
16262 16420 17321 16660
16227 16880 16693 16910
16165 16932 16590 17008
16078 16785 16657 17060
16777 16665 16847 16430
16420 16435 17253 16565
15993 16679 16814 17109
16418 16878 16867 16815
16291 16711 16861 17051
16045 16723 16886 17052
16441 16596 16739 17067
16156 16959 16824 16908
16557 16501 16827 17024
16493 16505 16868 17054
16677 16861 16799 16609
16339 16531 16935 17065
16292 16759 16839 16966
15801 17015 16746 16923
16096 16733 16668 17009
15757 17013 16693 16938
16056 16764 16982 16986
15755 17027 16609 16928
15724 17030 16614 16925
15970 16790 16791 16992
16046 16862 16717 17039
16245 16952 16693 16876
16718 16672 16728 16567
16676 16413 17160 16719
16705 16727 16679 16598
15934 16877 17075 16846
16221 16939 16771 16848
16744 16572 16890 16448
16709 16291 17139 16743
16269 16636 16824 17076
16712 16655 16718 16634
16753 16603 16775 16820
16097 16882 16860 16862
16200 16720 16885 17039
16368 16680 16814 17055
16787 16621 16666 16587
16682 16796 16782 16610
16040 16680 16805 17095
16004 16636 16789 17119
16193 16626 16880 17084
17007 16574 16818 16478
16403 16603 16815 17037
16721 16793 16722 16512
16891 16623 16802 16413
16375 16608 16810 17094
15816 16531 16688 17127
16649 16902 16786 16443
16732 16940 16753 16375
16677 16880 16828 16341
16720 16946 16736 16315
16099 16400 17168 16863
16002 16887 16971 16757
16693 16309 17080 16938
16637 16470 16875 16807
16586 16469 16842 16962
16114 16891 16760 17007
16704 16580 16731 16876
16097 16846 17016 16833
16376 16609 16874 17060
16548 16609 17058 16605
16726 16648 16702 16521
16253 16442 17142 16910
16761 16643 16702 16479
16561 16572 17100 16858
16077 16321 17143 16887
16411 16341 17257 16856
16496 16780 16768 16636
16356 16529 17003 17026
16197 16776 17047 16776
16312 16724 16987 16843
16144 16348 17408 16739
16689 16656 17012 16530
16325 16686 16972 16963
16855 16645 16772 16414
16382 16713 16951 16803
16570 16486 16951 16942
15911 16852 16614 17122
16632 16614 16623 17124
16667 16316 17140 16872
15875 16774 16619 17147
15888 16763 16739 17029
16798 16601 16858 16413
16660 16744 17021 16509
16526 16596 16881 17020
16104 16847 16609 17027
16140 16851 16557 17043
16069 16737 16762 17031
16165 16886 16511 17048
16129 16808 16516 17073
15900 16855 16652 17112
16154 16889 16549 17038
15912 16815 16626 17097
16620 16646 17080 16465
16449 16321 17260 16830
16383 16628 16864 17015
16156 16816 16592 17014
16021 16781 16684 17074
16532 16885 16887 16396
16374 16735 16772 16928
16161 16924 16641 16968
16151 16859 16579 17015
15991 16799 16627 17083
16654 16937 16829 16411
16443 16526 17161 16730
16814 16483 16663 16757
16548 16505 16923 17002
16149 16856 16578 17024
16081 16719 16646 17040
16027 16877 16622 17058
16755 16624 16734 16618
16200 16924 16607 16978
16002 16842 16668 17053
16077 16939 16730 16974
16166 16839 16606 17000
16015 16847 16629 17048
16179 16844 16567 16995
16304 16663 16809 17059
16458 16550 17021 16905
16202 16786 16608 17004
16381 16503 17020 17005
16169 16912 16677 16938
16213 16963 16797 16894
16014 16900 16778 16965
16162 16940 16601 16932
16322 16716 16727 17021
16453 16627 16980 16906
16790 16550 16620 16654
16493 16821 16841 16686
16769 16624 16615 16680
16915 16614 16820 16390
16894 16624 16695 16350
16886 16416 16825 16695
16880 16637 16740 16416
16996 16592 16730 16455
16594 16671 16529 16903
16939 16596 16709 16342
16165 16906 16767 16950
17065 16622 16665 16401
16937 16593 16708 16351
16150 16925 16741 16963
16673 16289 17113 16835
16152 16928 16742 16954
16924 16648 16659 16382
16525 16473 16970 16988
16620 16658 16525 16892
16851 16543 16706 16585
17073 16570 16635 16351
16931 16586 16600 16471
16040 16897 16746 16990
17029 16550 16657 16521
16718 16290 17108 16738
16038 16894 16745 16999
16780 16673 16689 16624
16542 16641 17142 16593
16095 16898 16718 16985
16496 16731 16797 16720
16827 16694 16560 16618
16351 16782 16818 16903
16108 16843 16767 16954
16414 16767 17115 16540
16819 16533 16927 16687
16709 16367 17108 16810
16505 16402 16828 17077
16396 16767 16386 16884
16144 16921 16762 16929
16933 16712 16571 16360
16507 16438 16805 17095
16385 16778 16813 16898
16789 16462 16731 16783
16564 16446 16831 16985
16158 16962 16825 16899
16374 16659 17059 16855
17029 16582 16659 16445
16772 16575 16771 16529
16112 16709 17096 16839
16507 16405 16829 17068
16657 16391 17060 16852
16996 16555 16612 16584
16820 16617 16738 16472
16899 16589 16729 16487
16088 16767 17085 16860
16811 16641 16701 16474
16347 16707 16738 16971
16161 16800 17076 16730
16360 16689 16320 16984
16147 16924 16845 16877
16400 16805 16862 16847
16832 16542 16938 16621
16216 16305 16914 17120
16051 16902 17143 16736
16460 16805 17032 16536
16160 15933 16742 17148
16990 16471 16613 16595
16475 16770 17107 16582
16802 16294 17044 16801
16527 16465 16914 17003
16226 16908 16846 16863
16603 16740 17048 16523
16900 16461 16548 16690
16177 16885 16802 16919
16954 16622 16563 16451
16202 16920 16756 16924
16479 16757 17043 16598
16846 16519 16587 16734
16410 16511 17034 16950
16215 16865 16805 16893
16861 16482 16625 16754
16376 16656 16788 17009
16217 16868 16806 16884
16395 16870 16895 16786
17117 16488 16547 16430
16192 16787 16773 16919
16444 16733 16789 16817
16796 16189 17012 16812
16179 16842 16724 16950
16405 16791 16886 16781
16407 16679 16299 16936
16191 16802 16698 16935
16758 16646 16554 16702
16384 16671 16327 16907
17077 16572 16609 16412
16815 16292 17046 16793
16371 16726 16278 16938
16229 16839 16680 16882
16410 16689 16833 16869
16217 16879 16706 16897
16623 16517 16750 16946
16974 16533 16885 16547
16757 16627 16735 16609
16764 16168 16931 16902
16215 16876 16705 16906
16666 16638 17151 16346
16845 16526 16732 16624
17102 16498 16513 16451
16587 16900 16333 16835
16741 16597 17173 16320
16631 16695 17328 16330
16220 16917 16739 16871
16429 16685 16693 16827
16608 16809 17223 16455
16222 16920 16740 16862
16611 16677 17063 16482
16653 16595 17243 16409
16587 16835 17268 16358
16627 16507 16779 16942
16535 16677 16929 16905
16378 16689 17120 16565
16705 16548 17212 16387
16203 16333 16937 17087
16257 16883 16829 16835
16565 16760 17045 16549
16631 16689 17290 16342
17072 16556 16613 16414
16637 16628 16742 16792
16718 16551 17274 16359
16623 16704 16577 16836
16600 16771 17274 16331
16669 16636 17024 16392
16178 16370 16976 17119
16596 16485 16747 16949
16709 16455 17049 16864
16472 16874 16559 16722
16728 16487 17224 16361
16642 16585 16607 17065
16916 16492 16813 16665
16455 16755 16571 16780
16234 16839 16837 16854
16519 16718 17192 16529
16861 16374 16865 16695
16642 16642 17132 16440
16685 16592 16501 16853
17099 16499 16679 16476
17075 16536 16632 16394
16258 16949 16830 16774
16587 16580 17130 16653
16886 16387 16759 16733
16403 16483 17048 17005
16518 16803 17095 16496
16596 16698 17093 16585
16809 16235 16948 16807
16235 16938 16814 16820
16668 16651 17041 16492
17101 16569 16528 16339
16537 16828 16525 16729
16481 16745 17143 16488
17122 16593 16560 16303
16462 16891 16509 16713
16555 16831 17255 16450
16520 16631 17097 16629
16627 16567 17145 16492
16674 16596 17023 16504
16547 16595 17010 16884
16148 16793 16950 16834
16702 16601 17061 16499
16841 16351 16870 16663
16506 16374 17217 16799
16563 16740 17166 16519
16956 16336 16781 16688
16321 16240 16819 17129
16337 16274 16811 17120
16561 16645 16673 16931
16800 16558 17042 16375
16881 16309 16831 16674
16120 15720 16794 17158
16232 16802 16796 16870
16729 16518 17100 16392
16234 16805 16797 16861
16218 16323 16971 17066
16633 16382 17072 16889
16136 16805 17054 16820
16821 16347 17018 16744
16352 16814 16759 16896
16505 16660 17105 16587
16264 16236 16846 17143
16625 16840 16955 16503
16123 15772 16767 17148
16596 16358 17195 16730
16761 16548 17137 16290
16219 16738 17018 16936
17114 16514 16577 16308
16466 16901 16573 16685
16379 16372 17238 16875
17124 16623 16597 16296
16485 16874 16477 16682
16483 16884 16493 16684
16545 16750 17086 16533
16106 15868 16719 17163
16568 16882 16531 16657
16259 16868 16675 16881
16108 15871 16720 17154
16453 16876 16447 16752
17080 16557 16650 16282
16083 15790 16687 17189
16543 16801 16498 16692
16119 15868 16682 17164
16480 16850 16533 16676
16470 16814 16470 16738
16451 16853 16426 16765
16660 16622 16704 16758
16087 15900 16754 17154
16478 16847 16532 16685
16683 16672 17251 16315
16035 15838 16732 17160
17134 16562 16479 16276
16089 15903 16755 17145
16414 16824 16879 16787
16401 16835 16914 16761
16454 16685 17086 16640
17181 16562 16502 16233
16484 16771 16823 16735
16554 16463 16762 17122
16490 16786 16552 16687
17156 16481 16469 16268
16169 16776 17050 16684
16408 16763 17111 16568
17150 16508 16496 16305
16679 16371 17138 16709
16616 16785 17197 16409
17148 16505 16495 16314
16507 16802 16566 16620
16454 16722 16807 16785
16770 16481 17116 16717
17135 16560 16446 16345
16056 16728 17100 16804
16465 16880 17131 16272
16631 16567 16968 16752
16549 16788 16499 16714
16629 16592 17178 16428
16593 16441 16762 16976
16591 16837 16509 16665
16361 16777 16940 16820
16608 16471 17283 16450
16597 16810 16482 16628
16494 16751 17290 16413
16431 16788 17049 16531
16150 15750 16693 17169
16622 16845 16436 16633
16758 16559 16868 16746
16124 15781 16666 17157
16691 16791 16381 16616
16440 16363 17329 16397
16122 15778 16665 17166
16649 16785 16395 16717
16623 16433 17302 16423
17116 16517 16578 16299
16112 15864 16698 17173
16628 16790 16420 16711
17128 16477 16552 16284
16084 15843 16727 17165
16797 16723 16533 16719
16789 16536 16998 16385
17115 16532 16503 16315
16062 15863 16699 17165
16592 16791 16488 16639
16730 16468 17083 16784
16026 15785 16704 17190
16760 16772 16645 16448
16051 15866 16737 17155
16529 16428 16840 17045
16821 16499 17028 16350
16754 16728 16696 16450
15991 15795 16710 17171
16808 16534 17016 16329
16757 16839 16701 16388
17074 16641 16543 16323
15986 15852 16696 17183
16814 16760 16469 16605
16832 16542 17069 16320
16804 16788 16788 16381
16295 16476 16640 17184
16815 16759 16362 16727
16771 16880 16773 16376
16067 15801 16626 17253
16751 16779 16611 16569
16921 16697 16425 16782
16796 16464 17074 16345
16742 16776 16781 16385
16812 16475 17010 16359
16717 16741 16827 16380
16731 16756 16313 16790
16350 16219 16860 17089
16333 16795 16790 16893
16810 16472 17009 16368
16279 16399 16622 17213
16720 16776 16312 16743
16069 15796 16636 17240
16745 16822 16256 16577
16686 16813 16715 16417
17128 16523 16579 16199
16905 16705 16596 16495
16429 16538 16993 16958
16797 16752 16419 16759
16361 16728 17141 16583
17141 16468 16628 16168
16788 16635 16662 16577
16733 16840 16391 16567
17135 16495 16655 16205
16218 16319 16657 17176
16686 16872 16408 16599
17133 16492 16654 16214
16813 16723 16487 16649
16043 16783 17051 16835
16845 16487 17118 16289
17120 16547 16605 16245
16103 15757 16650 17190
16046 16854 17114 16760
16847 16490 17119 16280
16105 15760 16651 17181
16728 16432 17106 16766
16059 16824 17121 16768
16853 16463 17092 16243
16716 16827 16740 16381
16063 15691 16657 17201
16790 16781 16345 16671
16840 16518 17043 16274
16114 15759 16686 17155
16069 16804 17080 16688
16657 16854 16408 16637
16087 16848 17069 16671
16532 16482 17179 16734
16673 16898 16808 16345
16649 16767 16326 16723
17093 16502 16699 16251
16152 15968 16547 17244
16645 16870 16299 16788
17071 16522 16671 16251
16595 16364 17117 16926
16060 15823 16552 17240
16616 16659 16653 16895
16834 16444 17077 16319
16836 16447 17078 16310
16590 16663 17125 16507
16658 16903 16761 16259
16794 16740 16645 16643
16133 16907 17052 16686
16841 16404 17091 16309
16607 16648 17078 16473
16521 16525 17204 16724
16766 16295 17112 16729
16089 16854 17203 16625
16828 16459 17042 16340
16798 16383 17054 16370
16030 15831 16575 17225
16423 16542 17002 16995
16772 16392 17069 16406
16054 16860 17106 16642
16748 16854 16799 16328
16767 16416 17159 16356
16745 16637 16616 16645
16749 16443 17130 16328
16812 16596 16629 16645
16792 16413 17093 16351
16748 16604 16654 16658
16800 16469 17075 16327
16769 16630 16648 16654
16767 16836 16822 16230
16375 16425 16643 17155
16101 16823 17122 16598
16097 16758 17176 16558
16719 16452 17245 16330
16789 16490 16655 16871
16415 16575 17018 16982
16063 16871 17062 16709
16059 16772 17154 16660
16112 16721 17214 16578
16734 16460 17197 16324
16353 16507 17061 16964
16100 16754 17134 16592
16076 16643 17219 16603
16416 16289 17309 16597
16229 16401 16623 17218
16092 16778 17160 16638
16066 16650 17206 16637
16447 16725 17072 16650
16424 16286 17306 16825
16160 15962 16497 17242
16477 16564 16972 16950
16110 16831 17078 16600
16064 16647 17205 16646
16410 16293 17299 16769
16217 15966 16470 17228
16003 16665 17209 16699
16599 16605 17029 16550
16005 16668 17210 16690
17071 16454 16675 16515
16124 16926 17018 16641
15955 16670 17211 16695
16764 16502 17174 16207
16762 16470 16727 16837
15942 16725 17162 16726
16762 16499 17173 16216
16372 16685 17116 16593
16608 16608 16915 16585
17052 16500 16514 16456
16023 16714 17183 16767
16430 16716 16965 16682
16635 16871 16936 16199
17082 16576 16502 16426
16623 16591 16994 16798
16318 16699 16940 16882
16010 16769 17134 16798
16432 16719 16966 16673
16496 16213 17219 16601
15976 16694 17140 16814
17033 16642 16428 16368
16116 16314 17139 16927
16397 16727 17073 16655
16680 16638 16890 16544
16167 15878 16479 17232
16580 16900 16955 16249
16640 16335 17165 16744
16621 16844 16313 16793
15980 16726 17162 16680
16453 16698 17045 16613
16403 16693 16989 16716
17045 16681 16429 16338
16774 16507 16678 16826
16127 15941 16486 17262
16677 16534 16631 17043
16660 16823 16236 16729
16455 16701 17046 16604
16034 16300 17106 16948
16172 16069 16503 17228
16612 16801 16253 16815
15982 16772 17169 16672
17009 16632 16468 16405
16140 16262 17085 16977
16576 16723 16258 16840
16759 16509 16622 16831
16601 16804 16291 16805
16749 16554 17124 16247
16424 16619 17100 16732
16664 16781 16237 16754
16373 16712 16969 16710
16616 16739 16270 16811
16787 16560 16726 16679
16770 16475 17147 16170
16332 16742 17053 16773
16609 16798 17001 16445
16989 16648 16556 16346
16198 16018 16381 17220
15945 16731 17162 16722
16768 16516 17160 16198
16592 16850 16899 16260
17040 16668 16514 16287
16755 16592 16656 16659
16192 16045 16408 17257
15876 16729 17199 16830
16763 16530 17081 16157
16436 16729 17067 16633
17032 16651 16516 16248
16141 15986 16463 17258
16558 16471 17014 16868
16439 16692 17112 16607
17000 16670 16600 16336
16261 16267 17242 16940
16136 15991 16508 17253
16563 16667 16606 16849
16795 16546 16639 16600
16110 16000 16523 17289
16490 16718 17157 16542
16580 16614 16977 16635
16797 16549 16640 16591
16123 16046 16459 17284
16695 16678 16318 16815
16028 16770 17115 16840
16687 16857 16793 16237
16255 16401 17129 16882
16066 16042 16486 17298
16688 16586 16713 16935
15910 16780 17145 16784
16483 16746 17081 16536
16809 16550 16678 16583
16102 16120 16481 17273
16971 16738 16653 16294
16115 16065 16530 17242
16706 16756 16857 16193
16165 16343 17118 16942
16118 16004 16480 17243
16753 16698 16251 16765
16352 16518 17010 17052
16686 16682 16839 16542
16708 16759 16858 16184
16722 16618 16641 16732
16594 16518 17279 16363
16735 16825 16835 16259
16910 16658 16688 16257
16784 16825 16822 16345
16698 16625 16687 16750
16244 16694 16909 17038
16795 16648 16471 16814
16946 16657 16620 16329
16700 16631 16718 16688
16720 16524 17315 16292
16742 16624 16678 16626
16130 16723 17109 16776
16580 16520 17331 16354
16960 16717 16570 16339
16836 16310 17056 16764
16965 16747 16546 16302
16246 16305 16864 17109
15883 16725 17178 16656
16993 16723 16520 16312
16555 16708 16858 16720
16999 16696 16493 16275
16248 16264 16851 17081
16748 16848 16820 16362
16280 16282 16900 17077
16824 16701 16437 16760
16312 16215 16909 17076
15914 16748 17159 16769
16745 16834 16834 16326
16962 16720 16571 16330
16263 16135 17297 16927
16449 16438 16920 17062
16417 16523 16819 17057
15916 16751 17160 16760
16932 16644 16583 16360
16281 16211 17230 16967
16083 16146 16433 17230
16697 16681 16319 16806
16450 16558 16936 16982
17020 16584 16659 16461
16655 16612 16325 16826
16348 16534 17013 17033
16418 16518 16707 17093
16705 16739 17184 16339
16276 16215 17292 16900
16740 16769 16812 16382
16478 16716 16790 16826
16100 16720 17111 16693
16708 16386 17061 16858
16336 16205 16823 17114
16102 16723 17112 16684
16334 16169 16846 17096
16070 16648 17136 16648
16145 16887 17060 16628
15974 16691 17139 16823
16464 16786 17161 16473
16739 16257 17050 16791
16106 16726 17131 16623
16120 16912 17032 16650
16002 16783 17119 16851
16535 16780 17093 16503
16248 16261 17072 16997
16481 16507 16715 17058
16525 16494 17105 16883
16093 16646 17136 16650
16056 16708 17060 16899
16505 16704 17105 16533
16972 16610 16543 16411
16451 16360 17174 16850
16742 16328 16958 16801
16337 16250 16863 17081
16147 16890 17061 16619
16529 16786 17104 16530
16426 16493 16672 17109
16125 16859 17117 16598
16277 16249 16850 17085
16738 16395 17060 16778
16392 16754 16883 16835
16247 16486 17076 16954
16377 16428 16644 17146
16123 16659 17123 16667
16110 16896 17079 16578
16579 16409 17318 16361
16325 16216 17312 16886
16288 16246 16812 17095
16135 16931 17033 16583
16445 16787 17167 16485
16365 16417 17143 16871
16272 16173 16861 17102
16258 16413 17087 16924
16130 16796 17099 16663
16156 16902 16991 16581
16447 16790 17168 16476
16729 16651 16701 16665
16698 16374 17125 16775
16281 16291 16693 17138
16141 16883 17026 16640
16452 16747 17181 16475
16662 16660 16777 16639
16525 16462 16913 17012
16167 16773 17049 16693
16139 16880 17025 16649
16257 16718 17021 16910
16982 16618 16489 16425
16620 16609 16809 16701
16242 16256 16818 17143
16684 16872 16857 16508
16255 16201 16867 17112
16072 16827 17087 16649
16282 16720 16991 16972
16551 16757 17273 16383
16723 16527 16787 16850
16074 16830 17088 16640
16948 16666 16502 16491
16668 16589 16776 16681
16459 16291 17281 16820
16408 16644 16849 17002
16249 16331 16654 17153
16080 16798 17100 16668
16082 16801 17101 16659
16931 16610 16509 16515
16274 16212 17291 16909
16291 16400 16648 17133
16930 16658 16519 16540
16289 16397 16647 17142
16087 16758 17114 16658
16506 16708 17072 16556
16879 16718 16515 16531
16050 16066 16563 17257
16325 16475 16642 17117
16074 16813 17065 16689
16504 16705 17071 16565
16918 16605 16548 16520
16641 16611 16747 16712
16268 16471 16669 17131
16527 16425 16839 17054
16270 16474 16670 17122
16521 16769 17106 16491
16343 16693 16752 16980
16234 16396 16675 17147
16552 16742 17103 16518
16946 16605 16565 16412
16916 16698 16390 16709
16225 16182 17040 17036
16565 16687 17152 16487
16923 16670 16466 16715
16305 16390 16607 17177
16163 16812 16915 16775
16539 16696 17167 16523
16940 16657 16423 16632
16481 16653 17213 16508
16690 16634 16756 16690
16300 16181 17358 16881
16959 16682 16403 16632
16212 16237 16991 17067
16587 16468 16789 17013
16184 16746 16971 16832
16099 16764 17047 16870
16726 16484 17223 16370
16468 16708 17164 16539
16933 16657 16396 16680
16164 16184 16987 17085
16551 16468 16822 17058
16254 16397 16652 17151
16118 16777 17040 16838
16411 16704 17191 16553
16831 16539 16596 16788
16925 16681 16422 16726
16215 16252 17016 17039
16204 16399 16653 17156
16131 16722 17089 16807
16413 16707 17192 16544
16859 16286 16820 16697
16926 16697 16382 16690
16201 16342 17050 17014
16475 16450 16773 17078
16265 16479 16618 17193
16218 16702 17025 16787
16380 16217 17311 16799
16171 16310 17017 17067
16477 16453 16774 17069
16777 16888 16753 16324
16839 16477 16705 16782
16286 16405 16596 17204
16756 16602 16690 16646
16856 16526 16520 16733
17016 16731 16392 16573
16312 16396 16581 17168
16458 16638 17227 16492
16538 16659 17133 16554
16832 16500 16534 16738
16250 16220 17059 16969
16302 16482 16614 17175
16698 16645 16634 16678
16845 16293 16877 16658
16955 16651 16427 16536
16241 16402 16649 17138
16610 16648 17070 16520
16460 16445 17239 16687
16741 16214 17079 16764
16884 16261 17012 16735
16839 16320 16904 16695
16949 16678 16454 16573
16277 16480 16644 17113
16520 16663 17231 16456
16595 16629 17105 16579
16790 16380 16933 16665
16874 16491 16502 16707
16892 16674 16481 16587
16512 16427 16928 17027
16220 16476 16671 17127
16818 16779 16713 16316
16889 16454 16540 16727
16894 16677 16482 16578
16180 16179 17074 16985
16551 16395 16838 17011
16281 16556 16636 17164
16117 16737 17078 16818
16227 16638 17057 16929
16588 16573 17184 16467
16566 16651 17114 16575
16803 16831 16663 16356
16859 16226 17058 16730
16867 16347 16838 16658
16891 16482 16565 16699
16759 16440 16924 16795
16899 16634 16495 16577
16205 16238 17030 17042
16515 16317 16843 17036
16092 16702 17124 16813
16569 16680 17116 16519
16820 16824 16595 16246
16742 16374 17037 16761
16846 16281 17009 16761
16896 16457 16501 16713
16886 16689 16446 16608
16110 16230 17052 17030
16579 16575 17184 16483
16556 16682 17114 16527
16811 16807 16637 16310
17008 16524 16531 16557
16784 16200 16994 16802
16924 16436 16480 16674
16241 16548 16932 17035
16877 16669 16493 16582
16423 16559 17054 16911
16611 16688 17067 16466
16723 16405 17026 16799
16146 16276 17020 17055
16115 16775 17059 16816
16566 16718 17128 16479
16824 16752 16686 16279
16991 16556 16577 16511
16705 16346 17031 16927
16822 16180 16997 16776
16655 16598 17244 16400
16900 16437 16589 16676
16156 16298 17059 17012
16506 16442 16893 17048
16816 16776 16712 16325
16852 16256 16985 16746
16899 16332 16808 16702
16945 16422 16552 16645
16877 16684 16625 16487
16888 16274 16912 16745
16949 16397 16519 16623
16864 16739 16576 16518
16657 16698 17113 16355
16715 16296 16955 16804
16873 16255 16947 16804
16941 16388 16731 16728
16888 16419 16826 16686
16173 16276 17016 17036
16713 16552 17239 16286
16618 16723 17190 16448
17041 16502 16607 16486
16875 16204 16889 16799
16865 16748 16514 16571
16399 16603 17184 16802
16652 16699 17254 16288
16772 16858 16666 16329
17034 16530 16531 16480
16283 16152 17199 16988
16367 16272 17262 16830
16770 16514 17092 16744
16835 16183 16954 16796
16962 16381 16717 16666
16842 16708 16496 16688
16737 16511 17272 16209
16632 16667 17212 16331
16768 16882 16742 16358
16979 16581 16585 16552
16805 16107 16966 16826
16871 16684 16458 16603
16025 16717 17184 16758
16136 16696 17082 16739
16748 16455 17193 16155
16614 16622 17096 16523
16778 16796 16709 16351
16987 16557 16559 16506
16779 16116 16981 16862
16961 16473 16866 16608
16884 16629 16507 16572
16031 16690 17157 16721
16776 16428 17250 16192
16628 16572 17073 16458
16777 16113 16980 16871
16954 16333 16780 16697
16879 16672 16494 16573
16149 16299 17076 16998
16379 16317 16832 17075
16128 16720 17108 16785
16655 16604 17076 16455
16311 16311 17191 16925
16332 16221 17332 16784
16124 16218 17043 17033
16401 16297 16860 17075
16768 16452 17276 16238
16372 16152 17346 16706
16792 16162 16917 16857
16883 16349 16771 16697
16864 16724 16444 16613
16185 16298 17008 17070
16426 16332 16814 17080
16743 16417 17287 16256
16641 16609 17295 16323
16735 16158 16944 16871
16372 16319 16869 17071
16732 16374 17281 16263
16725 16244 16977 16878
16898 16297 16821 16657
16334 16703 16738 16976
16244 16634 16951 17022
16345 16425 17025 17030
16655 16581 17018 16546
16686 16764 16996 16376
16791 16490 16788 16715
16242 16092 17103 16992
16958 16368 16848 16641
16872 16431 16620 16757
16850 16725 16445 16713
16743 16371 17243 16273
16653 16578 17017 16555
17050 16582 16619 16405
16209 16027 17124 17006
16964 16341 16821 16604
16872 16700 16418 16567
16745 16374 17244 16264
16641 16603 17257 16335
17081 16555 16616 16432
16710 16364 16939 16807
16951 16396 16772 16635
16770 16349 17272 16242
16695 16778 16773 16383
17056 16478 16642 16537
16273 16289 17311 16729
16244 16740 16988 16998
16811 16765 16529 16541
16204 16336 17097 16974
16458 16552 16546 17138
16063 16686 17052 16895
16831 16429 17237 16279
16704 16604 17062 16490
16573 16650 17330 16311
17035 16563 16654 16464
16830 16536 16698 16645
16300 16298 17268 16854
16236 16337 17050 16972
16780 16361 17208 16325
16710 16577 17035 16453
16615 16719 17324 16291
17042 16495 16706 16490
16794 16473 16751 16747
16841 16439 16633 16832
16333 16721 16883 16870
16757 16752 16584 16532
16697 16632 16986 16484
16613 16716 17323 16300
16188 15944 17102 17019
16297 16722 16995 16873
16331 16527 17033 16964
16731 16338 17164 16381
16674 16624 17014 16455
16934 16441 16863 16611
16497 16601 16629 17072
16417 16578 17019 16973
16759 16770 16573 16583
16446 16536 16639 17090
16666 16648 17040 16501
17027 16387 16733 16607
16941 16426 16705 16613
16133 16725 17090 16798
16709 16434 17127 16707
16306 16050 17113 17003
16935 16453 16732 16650
16830 16497 16679 16679
16214 16550 17031 16949
16139 16698 17063 16761
16702 16419 17138 16675
16629 16602 16979 16547
17005 16402 16754 16605
16831 16564 16688 16579
16905 16377 16744 16680
16326 16687 16962 16819
16774 16751 16599 16570
16231 16409 17058 16983
16631 16605 16980 16538
16540 16675 17307 16341
16964 16553 16781 16539
16221 16640 17026 16935
16576 16753 17302 16316
17069 16423 16691 16506
16830 16635 16628 16546
16184 15946 17091 17041
16968 16354 16690 16629
16320 16700 16961 16797
16162 16414 17060 16989
16533 16572 16686 16952
16714 16384 17172 16398
16636 16600 16935 16543
16526 16755 17303 16321
16884 16615 16591 16518
16340 16344 17277 16814
16998 16430 16678 16599
16298 16669 17017 16776
16280 16564 16784 17096
16531 16569 16685 16961
16511 16557 17043 16895
16712 16348 17195 16380
16608 16643 16941 16539
16853 16618 16596 16515
16665 16313 17139 16881
16292 16696 17044 16813
16209 16570 16852 17066
16691 16412 17184 16397
16622 16595 17022 16767
16652 16368 17090 16912
16290 16693 17043 16822
16235 16623 16884 17054
16265 16618 17060 16903
16707 16757 16508 16668
16591 16645 16588 16896
16654 16463 17245 16418
17045 16435 16601 16567
17026 16338 16765 16588
16694 16764 16464 16627
15977 16702 17086 16886
16677 16410 17224 16393
17058 16380 16650 16536
17028 16341 16766 16579
16296 16664 17058 16798
16363 16633 16897 17012
16752 16750 16471 16635
16186 16406 17111 16917
16689 16360 17168 16404
17094 16458 16645 16511
16966 16707 16480 16473
16983 16458 16858 16542
16321 16699 17012 16803
16718 16402 17293 16375
16599 16686 16899 16584
16599 16783 17267 16390
16726 16766 16775 16405
17037 16454 16672 16525
17028 16382 16886 16529
16317 16701 17001 16825
16681 16766 16462 16635
16567 16636 16609 16951
16676 16314 17232 16409
16710 16693 16824 16412
17024 16509 16623 16556
16981 16410 16870 16552
16800 16507 16764 16736
16319 16704 17002 16816
16137 16744 17050 16844
16624 16253 17257 16432
16600 16674 16973 16559
17020 16492 16801 16559
16963 16614 16552 16451
16338 16166 17242 16937
17036 16257 16736 16583
16325 16677 16975 16779
16226 16567 16906 17048
16520 16599 16639 17037
16232 16683 17067 16905
16618 16351 17219 16473
16651 16807 16896 16562
16546 16800 17260 16384
16973 16483 16684 16587
16961 16611 16551 16460
16177 16317 17330 16775
17034 16254 16735 16592
16748 16397 16883 16825
16545 16537 16689 17024
16605 16602 16916 16552
16564 16798 17236 16397
16974 16616 16512 16455
17046 16321 16711 16746
16245 16741 17002 16784
16649 16334 17290 16397
16599 16629 16943 16589
16755 16721 16830 16354
16946 16659 16518 16451
16278 16319 17309 16704
16197 16719 17019 16870
16278 16507 16808 17095
16826 16750 16448 16704
16693 16353 17338 16369
16630 16683 16949 16517
16981 16319 16731 16660
16541 16609 16629 16964
16541 16517 16983 16958
16100 16727 17059 16845
16621 16685 16949 16533
16816 16748 16762 16366
16281 16267 17313 16768
16130 16302 17075 16976
16686 16353 17244 16378
16611 16690 16921 16525
16818 16751 16763 16357
16890 16633 16520 16517
16135 16259 17088 16975
16111 16724 17021 16855
16646 16332 17309 16375
16618 16662 16997 16531
16531 16852 17210 16424
16761 16747 16790 16371
16892 16636 16521 16508
17069 16287 16683 16655
16219 16659 16955 17033
16196 16339 17053 17012
16595 16518 16655 17023
16485 16516 16915 17037
16113 16760 16998 16873
16588 16293 17349 16344
16622 16676 16983 16522
16544 16797 17259 16393
16748 16802 16741 16402
17084 16264 16671 16612
16250 16571 16934 17014
16171 16258 17020 17047
16645 16565 16676 16996
16587 16373 17306 16383
16586 16627 17022 16589
16580 16875 17254 16368
16723 16767 16787 16397
16307 16202 17215 16931
16712 16362 17048 16874
16658 16366 16975 16876
17046 16243 16723 16582
16222 16326 17049 17001
16332 16480 16976 17061
16518 16344 17327 16389
16990 16562 16485 16503
16643 16347 17010 16935
17033 16288 16751 16583
16139 16755 16950 16872
16746 16845 16819 16371
17022 16537 16856 16498
16929 16580 16489 16556
16661 16400 16928 16897
17059 16275 16747 16572
16381 16625 16863 17024
16268 16682 16999 16977
16815 16698 16460 16730
16494 16469 16660 17070
16544 16749 17289 16408
16595 16562 17027 16595
16960 16577 16484 16559
16688 16394 16869 16874
17100 16341 16689 16583
16837 16699 16439 16752
16827 16747 16457 16662
16853 16744 16422 16652
16805 16728 16393 16713
16903 16614 16558 16555
17110 16255 16656 16576
16291 16695 16992 16891
16332 16602 16819 17080
16215 16366 17035 17011
16097 16800 16937 16873
16786 16828 16823 16336
16964 16599 16491 16518
16240 16430 17447 16669
16357 16637 16773 17085
16812 16675 16595 16677
16851 16619 16443 16772
16774 16732 16466 16651
16777 16756 16365 16710
16213 16330 17058 16993
16591 16415 17125 16860
16561 16511 16874 16945
16479 16328 17348 16387
16550 16607 17079 16833
16725 16748 16858 16299
16951 16594 16530 16523
17079 16201 16650 16648
16838 16621 16441 16780
16745 16727 16471 16667
16215 16333 17059 16984
16430 16569 16961 16965
16392 16497 16986 17008
16563 16514 16875 16936
16536 16332 17321 16373
16570 16740 17274 16372
16782 16752 16831 16285
16204 16352 17452 16694
16763 16416 16848 16766
17053 16210 16665 16684
16307 16575 16907 17000
16782 16623 16479 16744
16750 16760 16410 16668
16179 16255 17064 17009
16422 16573 16974 16978
16558 16312 17349 16373
16572 16743 17275 16363
16740 16683 16837 16305
17018 16419 16859 16567
16936 16631 16492 16503
16179 16350 17482 16632
16597 16367 17118 16917
16698 16501 16747 16934
16389 16554 16923 17029
16802 16622 16509 16708
16742 16731 16495 16645
16703 16780 16354 16617
16521 16543 16640 17051
16092 16805 16982 16868
16593 16679 17286 16346
16801 16763 16802 16342
16555 16337 17130 16885
16785 16416 16864 16746
16289 16690 16887 16940
16688 16761 16389 16676
16230 16327 17082 16938
16523 16546 16641 17042
16568 16483 16950 16951
16060 16760 16997 16971
16543 16331 17323 16386
16766 16707 16830 16348
17039 16445 16790 16443
16918 16685 16497 16559
16770 16397 16899 16805
17008 16207 16718 16618
16278 16733 16912 16930
16312 16574 16876 17050
16237 16626 16885 17045
16844 16673 16477 16646
16734 16748 16521 16652
16266 16405 17077 16913
16421 16556 17053 16920
16528 16503 16654 17041
16628 16582 17023 16789
16570 16668 17270 16392
16808 16776 16824 16328
16882 16607 16502 16584
16355 16274 17284 16922
16593 16374 17112 16832
16791 16402 16870 16843
16300 16691 16853 16890
16348 16652 16871 17025
16830 16677 16448 16694
16264 16402 17076 16922
16572 16477 17387 16345
16553 16735 17267 16413
16772 16698 16829 16353
16857 16632 16474 16606
16167 16402 17425 16671
16650 16378 17085 16818
17138 16267 16736 16573
16303 16722 16935 16866
16361 16597 16920 16994
16727 16777 16590 16575
16602 16750 16425 16732
16490 16523 16651 17067
16560 16474 17015 16859
16021 16774 16988 16967
16584 16427 17331 16356
16593 16559 17026 16604
16551 16732 17266 16422
16754 16763 16826 16365
16165 16399 17424 16680
16648 16375 17084 16827
16778 16360 16838 16848
17043 16198 16729 16601
16733 16496 16747 16892
16638 16828 16420 16707
16508 16547 17103 16903
16446 16585 17008 16909
16471 16587 17003 16909
16706 16712 16825 16397
16152 16454 17375 16711
16772 16387 16865 16885
17007 16120 16734 16626
16775 16655 16558 16688
16582 16775 16474 16679
16469 16584 17002 16918
16523 16610 17004 16649
16116 16376 17380 16736
16735 16315 16914 16854
16144 16601 17009 16994
16769 16659 16612 16678
16584 16778 16475 16670
16457 16582 16970 16919
16525 16613 17005 16640
16620 16726 17191 16439
16693 16767 16776 16428
16118 16379 17381 16727
16737 16318 16915 16845
16378 16568 16861 17032
16553 16746 16455 16702
16512 16599 16897 16931
16553 16606 16946 16847
16014 16772 16955 16992
16626 16699 17164 16402
16763 16239 16941 16862
17002 16173 16742 16628
16614 16826 16420 16739
15989 16691 16922 17027
16680 16408 17289 16400
16557 16582 17024 16621
16191 16407 17403 16725
16824 16319 16906 16899
16415 16754 16921 16792
16421 16589 16898 16971
16562 16753 16423 16702
16509 16636 16868 16921
16718 16450 17292 16365
16302 16143 17354 16860
16764 16248 16879 16915
17077 16187 16771 16536
16385 16795 16969 16685
16446 16624 16852 16976
16240 16583 17106 16898
16835 16677 16534 16611
16613 16821 16452 16656
16243 16483 17166 16830
16487 16604 16887 16932
16671 16553 16532 16997
15996 16693 16955 17002
16657 16370 17327 16328
16585 16655 17011 16600
16751 16303 16830 16946
16418 16749 16884 16660
16416 16599 16897 17012
16831 16655 16531 16680
16565 16534 17088 16821
16687 16446 17315 16298
16633 16677 16994 16514
16641 16404 17153 16750
16694 16299 16857 16960
17113 16186 16703 16608
16414 16773 16960 16689
16404 16744 16895 16824
16397 16784 16874 16791
16167 16567 17030 16945
16780 16587 16502 16726
16527 16497 17106 16874
16744 16527 17096 16755
16620 16679 16992 16522
16643 16407 17154 16741
16672 16319 16829 16960
17100 16241 16654 16639
16774 16471 16690 16930
16440 16749 16900 16640
16367 16525 16820 17062
16166 16578 17015 16980
16694 16816 16465 16521
16462 16601 16898 16936
16038 16780 16969 16971
16687 16398 17316 16308
16661 16684 16993 16441
16611 16733 17211 16401
17026 16395 16833 16521
16681 16358 16815 17016
16775 16466 16671 16791
16804 16507 16593 16791
16425 16730 16935 16699
16366 16730 16868 16863
16661 16555 16633 17059
16619 16633 17025 16503
16623 16693 17185 16386
17030 16369 16900 16502
16584 16247 16829 17037
17067 16283 16727 16573
16784 16460 16816 16870
16483 16744 16897 16678
16364 16727 16867 16872
16375 16454 16825 17077
16180 16568 16974 17024
16819 16541 16483 16766
16629 16531 16991 16734
16625 16477 16638 17084
16630 16394 17343 16322
16622 16585 17061 16506
16625 16696 17186 16377
16973 16388 16891 16509
16752 16476 16683 16895
16867 16484 16539 16740
16421 16727 16894 16755
16336 16757 16869 16848
16411 16532 16820 17052
16835 16481 16472 16799
16627 16480 16639 17075
16024 16761 17065 16899
16680 16507 17305 16382
16638 16641 17235 16346
16979 16480 16859 16524
16964 16435 16894 16504
16998 16423 16805 16518
16659 16261 16858 16945
16706 16499 16711 16901
16852 16465 16574 16799
16362 16678 16895 16865
16297 16717 16795 16918
16422 16449 16836 17062
16871 16559 16467 16774
16592 16504 17028 16814
16648 16416 16650 17058
16035 16775 17049 16853
16663 16676 17189 16351
16951 16437 16892 16512
17040 16332 16782 16576
16215 16349 17414 16704
16707 16312 16859 16913
16681 16464 16757 16896
16708 16415 16714 16927
16796 16456 16668 16843
16490 16518 16886 17045
16229 16596 16960 17038
16870 16600 16436 16722
16543 16653 16903 16859
16637 16478 17022 16791
16684 16494 16645 17033
16048 16720 17098 16822
16661 16673 17188 16360
17042 16335 16783 16567
17035 16423 16787 16512
16202 16404 17365 16735
16770 16371 16814 16923
17076 16319 16711 16552
16684 16511 16752 16928
16789 16418 16598 16877
16346 16740 16839 16862
16178 16528 16931 17084
16864 16556 16487 16724
16623 16414 16680 16996
16648 16728 17139 16391
16924 16459 16842 16612
17048 16308 16756 16530
17073 16389 16789 16495
16323 16191 17333 16825
16218 16345 17335 16710
16709 16362 16826 16935
17092 16287 16712 16523
16721 16503 16686 16868
16830 16391 16679 16889
16214 16606 16926 17059
16926 16544 16433 16643
16733 16814 16451 16522
16501 16602 16935 16921
16649 16508 17001 16800
16603 16496 16682 17016
16632 16550 17069 16640
17035 16363 16707 16561
17023 16397 16824 16496
16302 16145 17344 16814
16248 16421 17323 16680
16661 16311 16825 16967
17079 16342 16663 16554
16384 16748 16891 16817
16227 16551 16975 17028
16965 16563 16379 16636
16745 16780 16433 16479
16499 16599 16934 16930
16600 16475 16668 17022
16940 16541 16783 16538
16864 16430 16876 16566
16276 16154 17359 16850
16648 16366 16776 16998
17098 16395 16631 16490
16759 16390 16710 16898
16868 16455 16696 16786
16459 16752 16754 16758
16980 16526 16417 16656
16684 16798 16437 16532
16475 16407 17173 16821
16703 16703 17207 16321
17017 16289 16905 16529
16669 16388 17118 16747
17169 16379 16640 16490
16747 16430 16736 16913
16863 16414 16662 16821
16457 16743 16848 16771
16594 16601 16911 16870
16255 16737 16950 17008
16988 16502 16391 16610
16745 16783 16370 16495
16444 16410 17178 16818
16481 16612 16906 16920
16608 16463 16704 16992
16070 16722 17096 16813
16644 16330 17294 16425
16705 16706 17208 16312
16917 16456 16928 16514
17053 16367 16900 16504
16234 16382 17265 16693
16581 16603 16909 16878
16987 16486 16431 16646
16459 16632 16878 16920
16641 16490 16715 16989
16035 16665 17110 16842
16646 16352 17290 16406
16593 16547 17117 16705
16669 16628 17213 16337
16977 16498 16830 16508
16996 16363 16927 16518
16189 16383 17251 16765
17108 16299 16675 16453
16725 16530 16788 16841
16806 16410 16689 16835
16610 16571 16834 16810
16999 16467 16412 16635
16726 16842 16375 16516
16495 16650 16805 16919
16631 16402 16716 16966
16620 16407 17246 16424
16656 16683 17164 16368
16998 16366 16928 16509
16687 16284 16784 16995
17102 16326 16702 16490
16746 16466 16799 16824
16803 16389 16734 16786
16793 16465 16640 16866
16456 16769 16800 16750
16637 16603 16837 16807
17006 16427 16426 16625
16480 16631 16840 16978
16618 16457 16667 16997
15959 16628 17127 16893
16633 16675 17192 16339
16891 16487 16901 16502
16986 16286 16983 16510
16334 16169 17295 16834
16768 16478 17115 16726
16700 16229 16833 16964
17100 16323 16701 16499
16733 16521 16750 16855
16806 16409 16752 16753
16612 16568 16883 16802
16304 16709 16852 16881
17007 16443 16386 16589
16597 16514 16989 16802
16616 16454 16666 17006
15967 16684 17109 16869
16623 16490 17248 16391
16669 16753 17187 16314
17001 16579 16802 16431
16889 16484 16900 16511
16981 16366 16961 16565
16286 16276 17237 16920
16381 16265 17269 16886
16245 16357 17309 16802
16725 16264 16787 16969
17087 16378 16652 16530
16727 16500 16806 16880
16471 16788 16765 16691
16473 16728 16782 16765
16606 16595 16910 16839
16747 16834 16327 16524
16591 16541 17016 16839
15955 16819 17107 16925
16682 16698 17236 16283
16946 16539 16871 16441
16919 16560 16888 16481
16288 16279 17238 16911
16689 16186 16792 16994
17127 16399 16587 16533
16674 16503 16811 16888
16809 16401 16717 16812
16604 16592 16909 16848
16988 16401 16473 16700
16741 16816 16365 16521
16589 16538 17015 16848
16641 16456 16636 17068
15984 16633 17064 16936
16667 16408 17294 16387
16660 16718 17208 16283
16987 16544 16872 16360
16848 16566 16956 16451
17000 16337 16889 16583
16367 16263 17239 16897
16731 16255 16786 16974
17112 16380 16622 16592
16662 16423 16866 16889
16490 16758 16824 16757
16591 16647 16860 16879
16950 16444 16368 16691
16739 16813 16364 16530
16564 16563 16987 16870
16643 16459 16637 17059
16654 16699 17224 16245
16931 16573 16900 16402
16869 16517 16936 16464
16683 16447 17131 16718
16729 16252 16785 16983
17065 16322 16657 16610
16692 16499 16854 16859
16432 16741 16878 16709
16555 16569 16865 16904
17020 16419 16379 16734
16408 16528 16917 17021
16528 16485 16992 16895
16656 16404 16686 17028
15959 16631 17094 16874
16627 16342 17301 16398
16641 16754 17175 16276
16917 16512 16934 16468
16841 16475 16951 16519
17013 16354 16947 16508
16716 16307 16736 17014
17067 16325 16658 16601
16710 16552 16772 16821
16557 16572 16866 16895
16496 16444 17171 16759
16553 16566 17025 16860
16713 16408 16659 17014
16614 16397 17252 16429
16659 16807 17093 16238
16875 16576 16886 16415
17061 16320 16867 16419
16279 16264 17312 16777
16719 16446 17063 16790
16691 16272 16782 17009
17053 16257 16708 16590
16697 16554 16770 16829
16807 16375 16731 16749
16693 16794 16382 16607
16495 16585 17066 16866
16719 16381 16632 16977
16666 16779 17169 16244
16617 16819 16919 16508
16938 16553 16832 16364
17024 16351 16909 16518
16143 16319 17302 16806
16697 16466 17035 16790
16759 16542 16716 16748
16857 16373 16730 16744
16436 16690 16932 16775
16565 16526 16876 16911
17006 16374 16384 16682
16658 16785 16375 16638
16706 16436 16583 17008
15823 16696 17143 16933
16654 16430 17269 16391
16683 16766 17126 16161
16930 16577 16858 16410
16881 16457 16957 16445
17055 16314 16832 16455
16343 16280 17210 16906
16360 16341 17283 16789
16669 16509 17041 16786
16696 16377 16780 16957
16741 16489 16798 16786
16827 16297 16742 16774
16423 16745 16883 16806
16507 16586 16927 16949
16962 16350 16417 16757
16637 16849 16364 16655
16394 16568 16953 16991
16718 16396 16557 16993
15763 16593 17050 16973
16667 16375 17318 16360
16730 16743 17074 16145
16577 16846 16906 16451
16845 16379 16962 16470
17058 16266 16868 16458
16185 16389 17276 16749
16723 16489 17004 16758
16727 16350 16777 16984
17030 16338 16696 16584
16815 16337 16768 16789
16587 16680 16884 16783
16379 16747 16906 16818
16471 16402 17214 16697
16451 16572 16926 16977
16712 16423 16584 17030
15844 16686 17106 16957
16692 16424 17273 16366
16712 16744 17117 16165
16573 16870 16982 16480
16849 16570 16820 16443
17056 16263 16867 16467
16211 16380 17261 16713
16750 16518 16929 16702
16740 16295 16826 16953
16836 16273 16779 16772
16507 16694 16835 16781
16417 16682 16844 16819
16565 16488 16983 16949
16183 16660 17023 16961
16679 16900 16332 16593
16715 16358 16563 16999
16690 16421 17272 16375
16522 16802 16953 16526
16882 16462 16985 16433
17086 16339 16855 16437
16201 16466 17294 16720
16721 16541 16815 16814
16826 16359 16812 16779
16424 16680 16879 16793
16465 16704 16827 16733
16692 16845 16381 16562
16466 16520 16976 16937
16740 16439 16596 16964
16535 16807 16914 16521
16803 16580 16815 16492
16214 16411 17343 16689
16775 16323 16772 16880
16733 16491 16759 16825
16823 16328 16730 16803
16470 16700 16822 16764
16469 16401 16982 16969
16487 16456 16987 16920
16716 16445 16587 16961
15846 16707 17159 16887
16760 16743 17024 16134
16805 16598 16753 16490
17028 16373 16912 16449
16271 16415 17316 16675
16766 16306 16814 16944
17065 16343 16671 16579
16909 16313 16718 16794
16540 16719 16874 16692
16939 16378 16429 16756
16707 16808 16419 16582
16743 16477 16590 16958
16625 16436 17303 16414
16695 16741 16831 16579
16820 16561 16791 16510
16349 16213 17334 16732
16719 16248 16849 16962
16802 16407 16780 16752
16896 16368 16669 16825
16388 16796 16818 16850
16945 16351 16402 16719
16694 16863 16370 16613
16402 16516 16956 16999
16696 16442 16620 16973
15825 16661 17170 16876
16635 16350 17270 16407
16727 16685 17051 16208
16858 16608 16725 16436
16351 16216 17335 16723
16331 16388 17306 16656
16809 16481 16998 16648
16706 16303 16800 16993
17072 16350 16731 16565
16796 16434 16807 16789
16382 16800 16872 16840
16596 16675 16869 16680
16567 16491 16984 16940
16981 16429 16397 16694
16678 16790 16419 16620
16412 16505 17190 16760
16690 16469 16647 17010
15812 16716 17121 16907
16660 16385 17224 16412
16849 16610 16725 16452
16939 16466 16958 16419
16782 16503 16969 16679
16669 16268 16795 17018
17047 16269 16698 16600
16740 16419 16834 16833
16888 16377 16707 16811
16535 16689 16876 16717
16289 16608 16977 16988
16994 16374 16446 16663
16349 16445 16902 17058
16688 16466 16646 17019
15754 16677 17161 16876
16658 16382 17223 16421
16790 16681 17024 16238
16871 16656 16649 16408
16903 16388 16963 16444
16932 16286 16968 16565
16380 16419 17295 16536
16794 16463 16943 16664
16694 16303 16749 17023
17049 16272 16699 16591
16894 16350 16680 16774
16589 16713 16928 16706
16314 16643 16931 16993
16407 16533 17177 16744
16667 16530 16635 17036
15805 16745 17190 16830
16688 16458 17211 16391
16877 16643 16650 16430
16953 16386 16962 16439
16385 16141 17309 16758
16796 16466 16944 16655
16658 16225 16754 17048
16717 16453 16759 16911
16881 16405 16631 16805
16257 16639 16958 17007
16932 16386 16500 16744
16720 16831 16354 16586
16404 16538 17237 16680
16353 16507 16930 17037
16625 16461 16641 17056
16616 16463 17229 16439
16725 16682 17050 16217
16708 16746 16792 16574
16852 16680 16689 16462
16896 16382 16989 16453
16945 16288 16966 16590
16347 16360 17301 16507
16821 16441 16972 16633
16636 16245 16726 17048
17055 16274 16690 16608
16851 16365 16679 16865
16389 16831 16903 16777
16919 16441 16451 16775
16732 16791 16328 16571
16395 16556 16940 16988
16661 16539 16636 17031
16628 16413 17173 16450
16712 16737 17001 16248
16890 16615 16627 16463
16883 16437 16940 16484
16932 16343 16917 16621
16624 16293 16661 17041
16631 16413 16756 16924
16884 16432 16444 16806
16734 16827 16305 16589
16402 16502 17260 16662
15905 16668 17168 16791
16593 16418 17173 16492
16717 16694 17014 16247
16914 16641 16613 16458
16881 16434 16939 16493
16938 16316 16890 16584
16414 16197 17199 16866
16829 16418 16965 16621
16567 16289 16688 17055
17072 16270 16683 16605
16656 16494 16789 16889
16814 16273 16630 16902
16229 16704 16875 17059
16914 16508 16432 16776
16721 16785 16273 16594
16389 16557 17211 16693
15952 16718 17183 16789
16666 16351 17177 16465
16719 16697 17015 16238
16688 16769 16755 16573
16851 16664 16667 16509
16974 16394 16885 16559
16378 16119 17204 16891
16854 16453 16919 16626
16561 16316 16715 17092
17070 16284 16599 16595
16648 16438 16807 16913
16788 16282 16645 16938
16556 16654 16934 16677
16523 16470 16969 16997
16175 16639 16852 17074
16925 16500 16426 16692
16715 16812 16300 16631
16453 16561 17205 16661
16658 16510 16725 16965
15916 16640 17188 16814
16701 16346 17177 16423
16732 16642 17064 16207
16873 16644 16685 16505
16867 16466 16936 16483
16987 16339 16934 16528
16855 16396 16894 16614
16582 16252 16726 17075
16867 16466 16478 16752
16699 16847 16324 16601
15890 16649 17203 16850
16644 16409 17242 16443
16860 16619 16691 16486
16427 16142 17248 16835
16300 16334 17300 16728
16830 16421 16866 16636
16584 16255 16727 17066
16804 16359 16663 16909
16354 16817 16760 16887
16164 16642 16890 17064
16880 16464 16480 16744
16737 16782 16262 16602
16446 16589 17129 16655
16571 16507 17061 16784
15865 16568 17170 16885
16754 16603 17029 16263
16816 16512 16990 16551
16931 16368 16962 16570
16413 16243 17265 16855
16401 16151 17263 16871
16841 16338 16882 16646
16597 16200 16776 17035
16756 16333 16681 16940
16318 16739 16765 16912
16555 16628 16927 16728
16514 16430 16929 17018
16142 16662 16862 17064
16850 16420 16524 16818
16785 16804 16245 16516
16459 16534 17178 16624
16569 16548 17074 16812
15852 16623 17121 16916
16612 16374 17267 16501
16741 16658 16980 16294
16619 16766 16849 16607
16854 16447 16928 16552
16918 16423 16913 16601
16400 16298 17216 16886
16359 16102 17253 16920
16274 16389 17256 16746
16828 16393 16833 16677
16595 16241 16789 17063
16730 16398 16808 16880
16792 16411 16676 16915
16542 16683 16878 16759
16519 16387 16942 17017
16071 16668 16930 17034
16841 16467 16527 16813
16767 16838 16281 16536
16628 16442 16761 16926
15795 16619 17148 16930
16644 16385 17251 16415
16734 16658 16966 16343
16644 16801 16803 16612
16917 16642 16647 16449
16937 16442 16886 16502
16882 16345 16918 16626
16343 16294 17243 16900
16298 16370 17258 16670
16826 16390 16832 16686
16580 16192 16795 17088
16805 16356 16725 16884
16373 16740 16737 16907
16120 16608 16901 17064
16402 16490 17239 16691
16431 16582 16903 16968
16677 16509 16719 16953
16670 16447 17212 16414
16704 16617 16973 16344
16608 16723 16808 16637
16914 16486 16887 16514
16907 16380 16872 16631
16364 16157 17227 16901
16302 16392 17261 16601
16851 16471 16865 16651
16567 16247 16746 17119
16981 16345 16657 16678
16696 16407 16770 16900
16409 16818 16732 16882
16515 16687 16923 16717
16094 16663 16857 17082
16389 16545 17190 16722
16456 16617 16857 16973
16645 16398 17257 16408
16610 16726 16809 16628
16881 16620 16659 16459
16981 16477 16811 16540
16920 16325 16921 16600
16318 16292 17273 16838
16351 16212 17178 16932
16287 16373 17296 16660
16826 16436 16911 16646
16569 16206 16733 17091
16973 16328 16659 16639
16721 16442 16724 16905
16794 16313 16684 16914
16422 16763 16781 16851
16531 16696 16860 16719
16821 16786 16276 16485
16347 16476 17196 16742
16679 16510 16790 16880
16707 16692 16947 16323
16615 16683 16822 16627
16994 16422 16860 16509
16956 16403 16916 16575
16309 16143 17184 16952
16253 16379 17352 16689
16828 16439 16912 16637
16599 16282 16721 17061
16667 16429 16779 16896
16781 16368 16635 16945
16410 16803 16807 16866
16498 16690 16867 16768
16424 16436 16950 17000
16408 16556 17161 16779
16635 16444 16794 16901
16648 16423 17228 16434
16720 16637 16996 16292
16651 16761 16817 16602
16900 16619 16678 16442
17019 16457 16814 16514
16921 16394 16909 16606
16358 16338 17282 16798
16299 16229 17217 16959
16841 16384 16961 16606
16581 16313 16651 17033
16760 16322 16646 16934
16398 16723 16862 16867
16513 16709 16832 16709
16835 16759 16274 16407
16472 16531 16858 17035
16557 16579 17155 16839
16710 16723 17029 16299
16872 16575 16697 16499
17056 16437 16744 16511
16908 16449 16860 16637
16419 16418 17247 16835
16211 16310 17358 16709
16866 16419 16915 16611
16573 16337 16677 17079
17058 16290 16630 16719
16732 16526 16793 16797
16796 16400 16641 16909
16509 16687 16829 16778
16460 16489 17014 16941
16828 16797 16333 16433
16427 16597 17170 16757
16563 16552 17128 16802
15979 16899 17063 16810
16624 16334 17241 16486
16714 16699 16953 16270
16890 16628 16615 16461
16910 16405 16837 16654
16389 16342 17259 16865
16226 16148 17226 17002
16198 16365 17309 16740
16830 16341 16920 16636
16608 16328 16644 17073
17010 16248 16663 16776
16707 16491 16839 16792
16819 16407 16607 16854
16349 16700 16818 16923
16522 16713 16800 16722
16771 16793 16360 16447
16425 16594 17169 16766
16614 16562 16730 16973
16626 16337 17242 16477
16745 16672 16950 16297
16594 16803 16923 16576
16882 16619 16665 16480
17055 16448 16744 16481
16446 16346 17232 16851
16268 16217 17220 16982
16881 16409 16949 16590
16560 16286 16677 17130
16953 16236 16708 16752
16850 16380 16604 16881
16486 16476 17010 16930
16042 16683 16806 17086
16798 16902 16356 16478
16468 16538 16858 17045
16578 16484 16735 16998
16590 16259 17247 16502
16859 16611 16693 16451
17040 16429 16779 16540
16281 16162 17269 16951
16179 16320 17331 16766
16824 16405 16976 16604
16567 16246 16691 17120
17003 16251 16668 16748
16791 16513 16783 16721
16863 16325 16653 16850
16387 16680 16821 16897
16540 16700 16828 16732
16443 16503 16904 17040
16501 16575 17027 16897
16647 16263 17220 16488
16721 16713 16917 16374
16846 16666 16644 16482
17015 16348 16746 16575
16306 16197 17223 16956
16184 16277 17344 16765
16835 16419 16960 16558
16597 16246 16641 17109
16952 16183 16639 16794
16776 16494 16818 16780
16837 16334 16668 16886
16423 16758 16816 16872
16480 16437 17018 16921
16040 16714 16784 17094
16479 16581 16899 17015
16514 16520 17076 16866
16605 16412 16720 17014
15995 16786 17085 16806
16653 16236 17193 16451
16696 16678 16963 16369
16824 16630 16694 16483
17002 16403 16697 16606
16428 16287 17304 16753
16270 16119 17228 16981
16810 16384 17006 16553
16610 16244 16643 17101
16988 16261 16634 16769
16780 16470 16742 16751
16376 16723 16846 16887
16591 16702 16887 16714
16737 16822 16391 16441
16492 16526 16948 16984
15989 16813 17112 16843
16689 16314 17188 16426
17033 16385 16652 16543
15949 16959 16837 16572
16040 16924 17078 16621
16104 16923 17106 16615
16583 16776 17168 16467
16549 16738 17131 16743
15982 16998 16870 16516
16089 16878 17067 16679
16573 16676 17181 16919
16595 16836 17033 16519
16029 16949 17081 16910
16339 16804 17043 16887
16844 16601 16865 16738
16271 16944 16859 16768
16643 16870 16881 16603
16792 16591 16921 16720
16758 16961 16802 16514
16148 16923 16739 16974
16477 16763 17053 16877
16199 16991 16768 16928
16705 16934 16786 16588
16318 16871 17065 16845
16134 16979 16796 16908
16825 16662 16817 16456
16685 16626 17201 16362
16676 16896 16883 16554
15849 17012 16740 16893
15988 16998 16694 16816
16733 16750 17037 16667
15801 17034 16649 16857
16831 16746 16816 16445
16506 16867 17132 16522
16165 16873 16791 16923
16641 16561 17272 16717
16564 16701 17169 16763
16678 16635 17174 16446
16463 16741 17171 16926
16085 16841 17030 16936
15793 16996 16730 16951
16127 16836 16809 16976
16474 16650 17230 16965
16189 16925 16631 16947
15949 16843 16704 17066
16678 16855 16870 16526
16688 16802 17037 16718
16412 16885 16786 16880
16580 16681 17221 16744
16777 16643 16871 16760
16619 16551 16979 16905
16492 16697 17129 16826
16960 16537 16837 16587
16065 16903 17087 16638
16734 16515 17160 16672
16152 16961 16718 16981
16228 16911 16847 16854
16596 16758 17239 16715
15944 16995 16647 16859
16844 16718 16785 16430
16478 16737 17280 16689
16642 16679 17148 16414
16613 16632 17220 16698
16632 16659 17232 16426
16225 16709 16917 17061
16085 16789 17257 16585
16087 16917 16789 16943
16529 16787 17111 16479
16566 16604 17065 16949
16075 16980 16743 17002
16523 16624 17112 16929
15909 17016 16609 16894
16548 16722 17171 16779
16855 16617 16666 16584
15991 17012 16581 16900
16657 16794 17110 16750
16655 16830 16855 16588
16450 16911 16868 16814
16509 16706 17256 16446
16135 16978 16690 17005
16531 16743 17242 16697
16250 16898 16870 16757
16163 16914 16804 16951
16057 16887 16787 17021
15884 17018 16734 16566
16552 16543 16934 16980
16555 16538 16901 16982
16016 16903 16779 16956
16791 16630 16871 16481
16517 16651 17139 16966
16149 16927 16846 16868
16425 16830 16835 16849
16526 16629 16857 17047
16234 16884 16820 16817
16091 16796 16678 17038
15876 16896 16654 17078
15825 17024 16580 16850
15819 17097 16714 16673
16301 16825 16870 17003
16037 16891 16870 16768
15879 16995 16712 16675
16893 16559 16849 16509
15854 17045 16770 16618
16422 16808 17106 16620
15692 17040 16583 16687
16154 16964 16627 16978
16609 16912 16831 16480
15758 17017 16749 16636
15831 17059 16697 16608
15905 16886 16673 17058
16675 16858 16798 16618
16543 16836 16927 16799
16174 16869 16690 16937
15851 16815 16621 17113
16464 16796 17188 16793
16065 16761 16838 17060
16489 16367 17269 16790
16116 16717 16818 17082
16599 16820 16998 16309
16786 16641 16884 16428
15991 16720 16827 17137
16089 16920 16790 16934
16068 16739 16682 17054
16158 16946 16642 16954
15969 16819 16599 17083
16446 16583 16627 17165
16129 16881 16606 17039
15924 16797 16663 17091
16724 16712 17024 16717
16477 16665 16932 17085
16263 16898 16734 16847
16390 16538 16999 17036
16151 16974 16566 16948
16341 16358 17373 16673
16167 16909 16676 16947
16329 16423 17373 16712
16227 16880 16693 16910
16165 16932 16590 17008
16078 16785 16657 17060
16780 16671 17014 16732
16009 16707 16855 17147
16418 16878 16867 16815
16291 16711 16861 17051
16045 16723 16886 17052
16156 16959 16824 16908
16557 16501 16827 17024
16496 16650 16930 17065
16677 16861 16799 16609
16433 16599 16936 17106
15801 17015 16746 16923
16271 16749 16882 17033
15757 17013 16693 16938
16056 16764 16982 16986
15755 17027 16609 16928
15724 17030 16614 16925
16046 16862 16717 17039
16245 16952 16693 16876
16676 16413 17160 16719
16221 16939 16771 16848
16709 16291 17139 16743
16451 16702 16930 17116
16753 16603 16775 16820
16097 16882 16860 16862
16200 16720 16885 17039
16787 16621 16666 16587
16070 16704 16828 17123
16036 16701 16796 17124
17007 16574 16818 16478
16891 16623 16802 16413
16677 16880 16828 16341
16693 16309 17080 16938
16666 16640 17102 16820
16586 16469 16842 16962
16114 16891 16760 17007
16704 16580 16731 16876
16773 16877 16703 16485
16411 16341 17257 16856
16356 16529 17003 17026
16457 16779 17111 16853
16144 16348 17408 16739
16325 16686 16972 16963
16855 16645 16772 16414
16491 16724 17173 16809
16570 16486 16951 16942
15911 16852 16614 17122
16632 16614 16623 17124
16667 16316 17140 16872
15875 16774 16619 17147
15888 16763 16739 17029
16526 16596 16881 17020
16104 16847 16609 17027
16140 16851 16557 17043
16214 16740 16793 17043
16165 16886 16511 17048
16129 16808 16516 17073
15900 16855 16652 17112
16154 16889 16549 17038
15912 16815 16626 17097
16449 16321 17260 16830
16156 16816 16592 17014
16021 16781 16684 17074
16532 16885 16887 16396
16507 16742 16842 16930
16161 16924 16641 16968
16151 16859 16579 17015
15991 16799 16627 17083
16654 16937 16829 16411
16856 16492 16752 16782
16548 16505 16923 17002
16149 16856 16578 17024
16027 16877 16622 17058
16200 16924 16607 16978
16002 16842 16668 17053
16077 16939 16730 16974
16166 16839 16606 17000
16015 16847 16629 17048
16179 16844 16567 16995
16202 16786 16608 17004
16381 16503 17020 17005
16169 16912 16677 16938
16213 16963 16797 16894
16014 16900 16778 16965
16162 16940 16601 16932
16322 16716 16727 17021
16915 16614 16820 16390
16916 16626 16737 16466
16886 16416 16825 16695
16906 16657 16755 16427
16996 16592 16730 16455
16594 16671 16529 16903
16939 16596 16709 16342
16165 16906 16767 16950
17065 16622 16665 16401
16937 16618 16731 16369
16150 16925 16741 16963
16673 16289 17113 16835
16152 16928 16742 16954
16924 16648 16659 16382
16542 16508 16973 16995
16620 16658 16525 16892
16851 16543 16706 16585
17073 16570 16635 16351
16931 16586 16600 16471
16040 16897 16746 16990
17029 16550 16657 16521
16718 16290 17108 16738
16038 16894 16745 16999
16780 16673 16689 16624
16095 16898 16718 16985
16827 16694 16560 16618
16357 16796 16842 16961
16108 16843 16767 16954
16819 16533 16927 16687
16709 16367 17108 16810
16505 16402 16828 17077
16396 16767 16386 16884
16144 16921 16762 16929
16933 16712 16571 16360
16507 16438 16805 17095
16385 16778 16813 16898
16816 16462 16815 16786
16564 16446 16831 16985
16158 16962 16825 16899
17029 16582 16659 16445
16507 16405 16829 17068
16657 16391 17060 16852
16996 16555 16612 16584
16820 16617 16738 16472
16899 16589 16729 16487
16088 16767 17085 16860
16814 16700 16723 16509
16347 16707 16738 16971
16398 16814 17162 16779
16471 16693 16881 16997
16147 16924 16845 16877
16400 16805 16862 16847
16832 16542 16938 16621
16216 16305 16914 17120
16051 16902 17143 16736
16544 16825 17097 16748
16160 15933 16742 17148
16990 16471 16613 16595
16802 16294 17044 16801
16536 16523 16938 17016
16226 16908 16846 16863
16900 16461 16548 16690
16177 16885 16802 16919
16954 16622 16563 16451
16202 16920 16756 16924
16536 16764 17154 16786
16846 16519 16587 16734
16479 16590 17143 16968
16215 16865 16805 16893
16861 16482 16625 16754
16217 16868 16806 16884
16395 16870 16895 16786
17117 16488 16547 16430
16582 16740 16916 16821
16796 16189 17012 16812
16179 16842 16724 16950
16484 16732 16964 16914
17077 16572 16609 16412
16815 16292 17046 16793
16544 16751 16777 16940
16229 16839 16680 16882
16217 16879 16706 16897
16623 16517 16750 16946
16974 16533 16885 16547
16764 16168 16931 16902
16215 16876 16705 16906
16678 16669 17155 16734
16868 16532 16743 16717
17102 16498 16513 16451
16587 16900 16333 16835
16741 16597 17173 16320
16631 16695 17328 16330
16220 16917 16739 16871
16536 16742 17027 16867
16608 16809 17223 16455
16222 16920 16740 16862
16653 16595 17243 16409
16587 16835 17268 16358
16627 16507 16779 16942
16535 16677 16929 16905
16705 16548 17212 16387
16203 16333 16937 17087
16257 16883 16829 16835
16631 16689 17290 16342
17072 16556 16613 16414
16718 16551 17274 16359
16623 16704 16577 16836
16600 16771 17274 16331
16178 16370 16976 17119
16596 16485 16747 16949
16709 16455 17049 16864
16472 16874 16559 16722
16728 16487 17224 16361
16642 16585 16607 17065
16916 16492 16813 16665
16234 16839 16837 16854
16861 16374 16865 16695
16723 16620 16726 16974
17099 16499 16679 16476
17075 16536 16632 16394
16258 16949 16830 16774
16609 16657 17150 16867
16889 16427 16761 16760
16403 16483 17048 17005
16809 16235 16948 16807
16235 16938 16814 16820
16709 16677 17082 16702
17101 16569 16528 16339
16504 16753 17168 16774
17122 16593 16560 16303
16462 16891 16509 16713
16555 16831 17255 16450
16656 16638 17211 16713
16264 16811 17102 16841
16709 16666 17122 16699
16841 16351 16870 16663
16506 16374 17217 16799
16956 16336 16781 16688
16321 16240 16819 17129
16337 16274 16811 17120
16561 16645 16673 16931
16800 16558 17042 16375
16904 16432 16864 16691
16120 15720 16794 17158
16363 16824 16876 16878
16729 16518 17100 16392
16218 16323 16971 17066
16633 16382 17072 16889
16821 16347 17018 16744
16352 16814 16759 16896
16264 16236 16846 17143
16625 16840 16955 16503
16123 15772 16767 17148
16602 16683 17214 16741
16761 16548 17137 16290
16219 16738 17018 16936
17114 16514 16577 16308
16466 16901 16573 16685
16379 16372 17238 16875
17124 16623 16597 16296
16485 16874 16477 16682
16483 16884 16493 16684
16106 15868 16719 17163
16568 16882 16531 16657
16259 16868 16675 16881
16108 15871 16720 17154
16453 16876 16447 16752
17080 16557 16650 16282
16083 15790 16687 17189
16119 15868 16682 17164
16480 16850 16533 16676
16451 16853 16426 16765
16087 15900 16754 17154
16478 16847 16532 16685
16683 16672 17251 16315
16035 15838 16732 17160
17134 16562 16479 16276
16089 15903 16755 17145
17181 16562 16502 16233
16554 16463 16762 17122
17156 16481 16469 16268
17150 16508 16496 16305
16679 16371 17138 16709
16616 16785 17197 16409
17148 16505 16495 16314
16770 16481 17116 16717
17135 16560 16446 16345
16465 16880 17131 16272
16633 16608 17143 16851
16593 16441 16762 16976
16591 16837 16509 16665
16608 16471 17283 16450
16597 16810 16482 16628
16494 16751 17290 16413
16150 15750 16693 17169
16622 16845 16436 16633
16124 15781 16666 17157
16691 16791 16381 16616
16493 16482 17336 16596
16122 15778 16665 17166
16623 16433 17302 16423
17116 16517 16578 16299
16112 15864 16698 17173
17128 16477 16552 16284
16084 15843 16727 17165
16797 16723 16533 16719
16807 16544 17045 16451
17115 16532 16503 16315
16062 15863 16699 17165
16730 16468 17083 16784
16026 15785 16704 17190
16779 16850 16676 16448
16051 15866 16737 17155
16529 16428 16840 17045
16849 16499 17081 16451
15991 15795 16710 17171
16808 16534 17016 16329
17074 16641 16543 16323
15986 15852 16696 17183
16814 16760 16469 16605
16832 16542 17069 16320
16804 16788 16788 16381
16295 16476 16640 17184
16815 16759 16362 16727
16771 16880 16773 16376
16067 15801 16626 17253
16751 16779 16611 16569
16921 16697 16425 16782
16861 16488 17036 16426
16731 16756 16313 16790
16279 16399 16622 17213
16720 16776 16312 16743
16069 15796 16636 17240
16745 16822 16256 16577
17128 16523 16579 16199
16905 16705 16596 16495
16483 16567 17135 16983
16797 16752 16419 16759
16547 16752 17218 16753
17141 16468 16628 16168
16788 16635 16662 16577
16733 16840 16391 16567
17135 16495 16655 16205
16218 16319 16657 17176
16686 16872 16408 16599
17133 16492 16654 16214
16813 16723 16487 16649
16055 16837 17070 16839
16845 16487 17118 16289
17120 16547 16605 16245
16103 15757 16650 17190
16327 16862 17132 16792
16847 16490 17119 16280
16105 15760 16651 17181
16728 16432 17106 16766
16369 16836 17171 16775
16853 16463 17092 16243
16063 15691 16657 17201
16790 16781 16345 16671
16845 16524 17048 16425
16114 15759 16686 17155
16657 16854 16408 16637
16542 16687 17189 16755
16673 16898 16808 16345
17093 16502 16699 16251
16152 15968 16547 17244
16645 16870 16299 16788
17071 16522 16671 16251
16595 16364 17117 16926
16060 15823 16552 17240
16616 16659 16653 16895
16606 16672 17206 16708
16794 16740 16645 16643
16133 16907 17052 16686
16841 16404 17091 16309
16766 16295 17112 16729
16089 16854 17203 16625
16832 16456 17069 16637
16030 15831 16575 17225
16426 16563 17162 16997
16775 16468 17069 16498
16767 16416 17159 16356
16749 16443 17130 16328
16820 16489 17094 16420
16767 16836 16822 16230
16375 16425 16643 17155
16719 16452 17245 16330
16789 16490 16655 16871
16481 16626 17120 16986
16734 16460 17197 16324
16421 16660 17323 16656
16229 16401 16623 17218
16424 16286 17306 16825
16160 15962 16497 17242
16410 16293 17299 16769
16217 15966 16470 17228
16490 16677 17260 16721
17071 16454 16675 16515
16124 16926 17018 16641
16764 16502 17174 16207
16765 16494 16828 16838
16762 16499 17173 16216
17052 16500 16514 16456
16494 16715 17195 16810
16635 16871 16936 16199
17082 16576 16502 16426
16311 16778 17148 16800
16500 16293 17274 16754
16525 16704 17148 16823
17033 16642 16428 16368
16167 15878 16479 17232
16580 16900 16955 16249
16640 16335 17165 16744
16621 16844 16313 16793
17045 16681 16429 16338
16824 16541 16796 16838
16127 15941 16486 17262
16677 16534 16631 17043
16660 16823 16236 16729
16172 16069 16503 17228
16612 16801 16253 16815
17009 16632 16468 16405
16582 16731 16780 16914
16601 16804 16291 16805
16749 16554 17124 16247
16664 16781 16237 16754
16616 16739 16270 16811
16788 16564 16761 16769
16770 16475 17147 16170
16989 16648 16556 16346
16198 16018 16381 17220
16768 16516 17160 16198
16592 16850 16899 16260
17040 16668 16514 16287
16192 16045 16408 17257
15876 16729 17199 16830
16763 16530 17081 16157
17032 16651 16516 16248
16141 15986 16463 17258
16584 16635 17131 16883
17000 16670 16600 16336
16261 16267 17242 16940
16136 15991 16508 17253
16110 16000 16523 17289
16123 16046 16459 17284
16695 16678 16318 16815
16028 16770 17115 16840
16066 16042 16486 17298
16102 16120 16481 17273
16971 16738 16653 16294
16115 16065 16530 17242
16706 16756 16857 16193
16118 16004 16480 17243
16753 16698 16251 16765
16352 16518 17010 17052
16708 16759 16858 16184
16602 16657 17280 16576
16749 16826 16835 16431
16910 16658 16688 16257
16784 16825 16822 16345
16795 16648 16471 16814
16946 16657 16620 16329
16720 16524 17315 16292
16603 16549 17362 16488
16960 16717 16570 16339
16836 16310 17056 16764
16965 16747 16546 16302
16993 16723 16520 16312
16558 16732 17157 16781
16999 16696 16493 16275
16748 16848 16820 16362
16824 16701 16437 16760
16745 16834 16834 16326
16962 16720 16571 16330
16263 16135 17297 16927
16932 16644 16583 16360
16281 16211 17230 16967
16083 16146 16433 17230
16697 16681 16319 16806
16500 16582 16937 17009
17020 16584 16659 16461
16671 16639 17068 16841
16348 16534 17013 17033
16705 16739 17184 16339
16276 16215 17292 16900
16751 16785 16822 16403
16708 16386 17061 16858
16145 16887 17060 16628
16739 16257 17050 16791
16120 16912 17032 16650
16002 16783 17119 16851
16654 16577 16728 17066
16972 16610 16543 16411
16742 16328 16958 16801
16147 16890 17061 16619
16738 16395 17060 16778
16377 16428 16644 17146
16110 16896 17079 16578
16599 16443 17324 16519
16325 16216 17312 16886
16135 16931 17033 16583
16156 16902 16991 16581
16698 16374 17125 16775
16281 16291 16693 17138
16141 16883 17026 16640
16139 16880 17025 16649
16451 16729 17021 16935
16982 16618 16489 16425
16242 16256 16818 17143
16684 16872 16857 16508
16282 16720 16991 16972
16551 16757 17273 16383
16723 16527 16787 16850
16948 16666 16502 16491
16459 16291 17281 16820
16249 16331 16654 17153
16931 16610 16509 16515
16274 16212 17291 16909
16291 16400 16648 17133
16930 16658 16519 16540
16289 16397 16647 17142
16879 16718 16515 16531
16050 16066 16563 17257
16325 16475 16642 17117
16918 16605 16548 16520
16268 16471 16669 17131
16527 16425 16839 17054
16270 16474 16670 17122
16234 16396 16675 17147
16946 16605 16565 16412
16916 16698 16390 16709
16225 16182 17040 17036
16565 16700 17167 16743
16923 16670 16466 16715
16305 16390 16607 17177
16940 16657 16423 16632
16300 16181 17358 16881
16959 16682 16403 16632
16212 16237 16991 17067
16587 16468 16789 17013
16099 16764 17047 16870
16726 16484 17223 16370
16933 16657 16396 16680
16164 16184 16987 17085
16551 16468 16822 17058
16254 16397 16652 17151
16831 16539 16596 16788
16925 16681 16422 16726
16215 16252 17016 17039
16204 16399 16653 17156
16868 16354 16869 16716
16926 16697 16382 16690
16201 16342 17050 17014
16265 16479 16618 17193
16380 16217 17311 16799
16171 16310 17017 17067
16777 16888 16753 16324
16286 16405 16596 17204
16856 16526 16520 16733
17016 16731 16392 16573
16312 16396 16581 17168
16273 16251 17197 16983
16302 16482 16614 17175
16721 16681 16942 16741
16845 16293 16877 16658
16955 16651 16427 16536
16241 16402 16649 17138
16741 16214 17079 16764
16884 16261 17012 16735
16839 16320 16904 16695
16949 16678 16454 16573
16790 16380 16933 16665
16874 16491 16502 16707
16892 16674 16481 16587
16512 16427 16928 17027
16220 16476 16671 17127
16820 16949 16748 16433
16889 16454 16540 16727
16894 16677 16482 16578
16551 16395 16838 17011
16281 16556 16636 17164
16859 16226 17058 16730
16891 16482 16565 16699
16759 16440 16924 16795
16899 16634 16495 16577
16205 16238 17030 17042
16505 16718 17141 16813
16742 16374 17037 16761
16846 16281 17009 16761
16896 16457 16501 16713
16886 16689 16446 16608
16110 16230 17052 17030
17008 16524 16531 16557
16784 16200 16994 16802
16924 16436 16480 16674
16416 16585 16967 17048
16877 16669 16493 16582
16723 16405 17026 16799
16146 16276 17020 17055
16829 16902 16745 16438
16991 16556 16577 16511
16705 16346 17031 16927
16822 16180 16997 16776
16655 16598 17244 16400
16900 16437 16589 16676
16156 16298 17059 17012
16506 16442 16893 17048
16852 16256 16985 16746
16925 16358 16842 16702
16945 16422 16552 16645
16877 16684 16625 16487
16888 16274 16912 16745
16967 16409 16810 16640
16864 16739 16576 16518
16657 16698 17113 16355
16715 16296 16955 16804
16873 16255 16947 16804
16941 16388 16731 16728
16173 16276 17016 17036
16713 16552 17239 16286
16618 16723 17190 16448
17041 16502 16607 16486
16875 16204 16889 16799
16865 16748 16514 16571
16652 16699 17254 16288
17034 16530 16531 16480
16283 16152 17199 16988
16374 16277 17279 16865
16770 16514 17092 16744
16835 16183 16954 16796
16962 16381 16717 16666
16842 16708 16496 16688
16737 16511 17272 16209
16632 16667 17212 16331
16979 16581 16585 16552
16805 16107 16966 16826
16871 16684 16458 16603
16434 16720 17200 16823
16748 16455 17193 16155
16987 16557 16559 16506
16779 16116 16981 16862
16961 16473 16866 16608
16884 16629 16507 16572
16776 16428 17250 16192
16777 16113 16980 16871
16954 16333 16780 16697
16879 16672 16494 16573
16149 16299 17076 16998
16332 16221 17332 16784
16124 16218 17043 17033
16768 16452 17276 16238
16566 16218 17362 16743
16792 16162 16917 16857
16864 16724 16444 16613
16185 16298 17008 17070
16743 16417 17287 16256
16641 16609 17295 16323
16735 16158 16944 16871
16732 16374 17281 16263
16725 16244 16977 16878
16334 16703 16738 16976
16452 16663 16962 17023
16345 16425 17025 17030
16257 16174 17179 17012
16974 16381 16886 16646
16872 16431 16620 16757
16850 16725 16445 16713
16743 16371 17243 16273
17050 16582 16619 16405
16980 16354 16859 16609
16872 16700 16418 16567
16745 16374 17244 16264
16641 16603 17257 16335
17081 16555 16616 16432
16710 16364 16939 16807
16770 16349 17272 16242
17056 16478 16642 16537
16273 16289 17311 16729
16244 16740 16988 16998
16811 16765 16529 16541
16458 16552 16546 17138
16831 16429 17237 16279
16573 16650 17330 16311
17035 16563 16654 16464
16300 16298 17268 16854
16780 16361 17208 16325
16615 16719 17324 16291
17042 16495 16706 16490
16841 16439 16633 16832
16757 16752 16584 16532
16613 16716 17323 16300
16188 15944 17102 17019
16731 16338 17164 16381
16934 16441 16863 16611
16497 16601 16629 17072
16759 16770 16573 16583
16656 16536 16706 17093
17027 16387 16733 16607
16941 16426 16705 16613
16509 16726 17136 16819
16709 16434 17127 16707
16306 16050 17113 17003
16935 16453 16732 16650
16873 16503 16817 16703
16702 16419 17138 16675
17005 16402 16754 16605
16905 16377 16744 16680
16774 16751 16599 16570
16540 16675 17307 16341
16964 16553 16781 16539
16576 16753 17302 16316
17069 16480 16862 16516
16830 16635 16628 16546
16184 15946 17091 17041
16714 16384 17172 16398
16526 16755 17303 16321
16884 16615 16591 16518
16340 16344 17277 16814
16998 16430 16678 16599
16712 16348 17195 16380
16853 16618 16596 16515
16665 16313 17139 16881
16691 16412 17184 16397
16623 16619 17118 16793
16652 16368 17090 16912
16707 16757 16508 16668
16591 16645 16588 16896
16654 16463 17245 16418
17045 16435 16601 16567
17026 16338 16765 16588
16694 16764 16464 16627
16677 16410 17224 16393
17060 16417 16655 16540
17028 16341 16766 16579
16752 16750 16471 16635
16689 16360 17168 16404
17094 16458 16645 16511
16966 16707 16480 16473
16983 16458 16858 16542
16718 16402 17293 16375
16599 16783 17267 16390
17037 16454 16672 16525
17028 16382 16886 16529
16696 16642 16697 17005
16676 16314 17232 16409
17024 16509 16623 16556
16981 16410 16870 16552
16659 16441 17271 16522
17020 16492 16801 16559
16963 16614 16552 16451
16411 16286 17261 16939
17057 16398 16763 16592
16651 16807 16896 16562
16546 16800 17260 16384
16973 16483 16684 16587
16961 16611 16551 16460
16177 16317 17330 16775
16748 16397 16883 16825
16564 16798 17236 16397
16974 16616 16512 16455
17046 16321 16711 16746
16649 16334 17290 16397
16755 16721 16830 16354
16946 16659 16518 16451
16826 16750 16448 16704
16693 16353 17338 16369
16981 16319 16731 16660
16622 16617 16664 17044
16567 16589 17006 16960
16829 16787 16793 16469
16281 16267 17313 16768
16686 16353 17244 16378
16890 16633 16520 16517
16646 16332 17309 16375
16531 16852 17210 16424
16892 16636 16521 16508
17069 16287 16683 16655
16219 16659 16955 17033
16196 16339 17053 17012
16544 16797 17259 16393
17084 16336 16771 16632
16413 16590 16937 17028
16171 16258 17020 17047
16601 16402 17311 16491
16580 16875 17254 16368
16712 16362 17048 16874
16658 16366 16975 16876
16222 16326 17049 17001
16332 16480 16976 17061
16990 16562 16485 16503
16643 16347 17010 16935
16746 16845 16819 16371
17022 16537 16856 16498
16929 16580 16489 16556
16661 16400 16928 16897
17154 16285 16793 16587
16268 16682 16999 16977
16815 16698 16460 16730
16544 16749 17289 16408
16960 16577 16484 16559
16688 16394 16869 16874
17100 16341 16689 16583
16837 16699 16439 16752
16827 16747 16457 16662
16853 16744 16422 16652
16805 16728 16393 16713
16903 16614 16558 16555
16477 16716 17017 16924
16215 16366 17035 17011
16786 16828 16823 16336
16964 16599 16491 16518
16240 16430 17447 16669
16812 16675 16595 16677
16851 16619 16443 16772
16774 16732 16466 16651
16777 16756 16365 16710
16951 16594 16530 16523
17116 16259 16711 16653
16838 16621 16441 16780
16745 16727 16471 16667
16392 16497 16986 17008
16570 16740 17274 16372
16782 16752 16831 16285
16204 16352 17452 16694
16763 16416 16848 16766
17053 16210 16665 16684
16782 16623 16479 16744
16750 16760 16410 16668
16179 16255 17064 17009
16597 16576 17389 16525
16572 16743 17275 16363
16745 16718 16984 16346
17018 16419 16859 16567
16936 16631 16492 16503
16179 16350 17482 16632
16597 16367 17118 16917
16698 16501 16747 16934
16802 16622 16509 16708
16742 16731 16495 16645
16703 16780 16354 16617
16334 16833 17063 16869
16593 16679 17286 16346
16801 16763 16802 16342
16813 16581 16876 16754
16568 16483 16950 16951
16060 16760 16997 16971
16766 16707 16830 16348
16918 16685 16497 16559
16770 16397 16899 16805
17019 16350 16741 16621
16364 16768 16918 16967
16844 16673 16477 16646
16734 16748 16521 16652
16570 16668 17270 16392
16808 16776 16824 16328
16882 16607 16502 16584
16355 16274 17284 16922
16791 16402 16870 16843
16306 16776 16871 16892
16830 16677 16448 16694
16553 16735 17267 16413
16772 16698 16829 16353
16857 16632 16474 16606
16209 16423 17427 16696
16727 16777 16590 16575
16021 16774 16988 16967
16551 16732 17266 16422
16754 16763 16826 16365
16654 16548 17085 16855
16778 16360 16838 16848
17097 16281 16820 16601
16733 16496 16747 16892
16638 16828 16420 16707
16196 16478 17378 16727
16772 16387 16865 16885
16125 16408 17390 16771
16735 16315 16914 16854
16144 16601 17009 16994
16620 16726 17191 16439
16737 16318 16915 16845
16014 16772 16955 16992
16626 16699 17164 16402
16763 16239 16941 16862
16614 16826 16420 16739
16680 16408 17289 16400
16191 16407 17403 16725
16824 16319 16906 16899
16501 16594 16903 17042
16718 16450 17292 16365
16302 16143 17354 16860
16764 16248 16879 16915
16835 16677 16534 16611
16613 16821 16452 16656
16500 16611 16887 17030
15996 16693 16955 17002
16657 16370 17327 16328
16751 16303 16830 16946
16831 16655 16531 16680
16687 16446 17315 16298
16641 16404 17153 16750
16694 16299 16857 16960
16499 16751 16929 16855
16790 16588 16920 16729
16744 16527 17096 16755
16643 16407 17154 16741
16672 16319 16829 16960
16774 16471 16690 16930
16038 16780 16969 16971
16687 16398 17316 16308
16611 16733 17211 16401
17026 16395 16833 16521
16681 16358 16815 17016
16661 16555 16633 17059
16623 16693 17185 16386
17030 16369 16900 16502
16584 16247 16829 17037
16784 16460 16816 16870
16400 16590 16974 17027
16630 16394 17343 16322
16625 16696 17186 16377
16973 16388 16891 16509
16752 16476 16683 16895
16867 16484 16539 16740
16835 16481 16472 16799
16680 16507 17305 16382
16638 16641 17235 16346
16979 16480 16859 16524
16964 16435 16894 16504
17081 16430 16806 16527
16659 16261 16858 16945
16720 16601 16730 16928
16852 16465 16574 16799
16363 16778 16797 16918
16871 16559 16467 16774
16663 16676 17189 16351
16951 16437 16892 16512
17040 16332 16782 16576
16215 16349 17414 16704
16707 16312 16859 16913
16681 16464 16757 16896
16818 16466 16670 16848
16229 16596 16960 17038
16870 16600 16436 16722
16684 16494 16645 17033
16661 16673 17188 16360
17042 16335 16783 16567
16202 16404 17365 16735
16770 16371 16814 16923
16684 16511 16752 16928
16813 16425 16636 16883
16864 16556 16487 16724
16648 16728 17139 16391
16924 16459 16842 16612
17107 16415 16800 16517
16323 16191 17333 16825
16709 16362 16826 16935
17092 16287 16712 16523
16830 16391 16679 16889
16926 16544 16433 16643
16733 16814 16451 16522
16302 16145 17344 16814
16661 16311 16825 16967
17079 16342 16663 16554
16227 16551 16975 17028
16965 16563 16379 16636
16940 16541 16783 16538
16920 16496 16880 16625
16276 16154 17359 16850
16648 16366 16776 16998
16759 16390 16710 16898
16868 16455 16696 16786
16980 16526 16417 16656
16703 16703 17207 16321
17017 16289 16905 16529
16679 16541 17125 16788
17169 16379 16640 16490
16747 16430 16736 16913
16863 16414 16662 16821
16628 16618 17031 16902
16255 16737 16950 17008
16988 16502 16391 16610
16644 16330 17294 16425
16705 16706 17208 16312
16917 16456 16928 16514
17053 16367 16900 16504
16421 16486 17270 16723
16987 16486 16431 16646
16646 16352 17290 16406
16669 16628 17213 16337
16977 16498 16830 16508
16996 16363 16927 16518
16189 16383 17251 16765
17108 16299 16675 16453
16725 16530 16788 16841
16838 16430 16750 16867
16999 16467 16412 16635
16726 16842 16375 16516
16656 16683 17164 16368
16998 16366 16928 16509
16687 16284 16784 16995
16790 16466 16802 16854
16793 16465 16640 16866
17006 16427 16426 16625
16489 16678 16854 17059
16633 16675 17192 16339
16891 16487 16901 16502
16986 16286 16983 16510
16350 16206 17296 16902
16768 16478 17115 16726
16700 16229 16833 16964
16733 16521 16750 16855
17007 16443 16386 16589
16669 16753 17187 16314
17001 16579 16802 16431
16889 16484 16900 16511
16981 16366 16961 16565
16381 16265 17269 16886
16245 16357 17309 16802
16725 16264 16787 16969
17087 16378 16652 16530
16727 16500 16806 16880
16747 16834 16327 16524
15955 16819 17107 16925
16682 16698 17236 16283
16946 16539 16871 16441
16919 16560 16888 16481
16689 16186 16792 16994
17127 16399 16587 16533
16674 16503 16811 16888
16988 16401 16473 16700
16741 16816 16365 16521
16667 16408 17294 16387
16660 16718 17208 16283
16987 16544 16872 16360
16848 16566 16956 16451
17000 16337 16889 16583
16731 16255 16786 16974
17112 16380 16622 16592
16662 16423 16866 16889
16591 16647 16860 16879
16950 16444 16368 16691
16739 16813 16364 16530
16654 16699 17224 16245
16931 16573 16900 16402
16869 16517 16936 16464
16683 16447 17131 16718
16729 16252 16785 16983
16692 16499 16854 16859
17020 16419 16379 16734
16627 16342 17301 16398
16641 16754 17175 16276
16917 16512 16934 16468
16841 16475 16951 16519
17013 16354 16947 16508
16716 16307 16736 17014
16710 16552 16772 16821
16713 16408 16659 17014
16659 16807 17093 16238
16875 16576 16886 16415
17065 16453 16867 16507
16279 16264 17312 16777
16719 16446 17063 16790
16691 16272 16782 17009
16697 16554 16770 16829
16833 16456 16789 16802
16693 16794 16382 16607
16719 16381 16632 16977
16666 16779 17169 16244
16617 16819 16919 16508
16938 16553 16832 16364
17024 16351 16909 16518
16143 16319 17302 16806
16697 16466 17035 16790
16862 16395 16758 16763
17006 16374 16384 16682
16706 16436 16583 17008
15823 16696 17143 16933
16683 16766 17126 16161
16930 16577 16858 16410
16881 16457 16957 16445
16360 16341 17283 16789
16696 16377 16780 16957
16762 16513 16847 16800
16962 16350 16417 16757
16637 16849 16364 16655
16435 16570 16965 17028
16718 16396 16557 16993
16667 16375 17318 16360
16730 16743 17074 16145
16577 16846 16906 16451
16846 16462 17001 16528
17067 16448 16877 16494
16185 16389 17276 16749
16723 16489 17004 16758
16727 16350 16777 16984
16659 16685 17066 16802
16712 16423 16584 17030
15844 16686 17106 16957
16692 16424 17273 16366
16712 16744 17117 16165
16573 16870 16982 16480
16849 16570 16820 16443
16740 16295 16826 16953
16853 16378 16800 16827
16546 16709 17129 16799
16183 16660 17023 16961
16679 16900 16332 16593
16715 16358 16563 16999
16690 16421 17272 16375
16882 16462 16985 16433
17086 16339 16855 16437
16201 16466 17294 16720
16741 16577 16836 16817
16832 16452 16822 16816
16520 16589 17117 16976
16740 16439 16596 16964
16781 16426 16777 16881
16716 16565 16674 16985
16760 16743 17024 16134
17028 16373 16912 16449
16766 16306 16814 16944
17065 16343 16671 16579
16909 16313 16718 16794
16939 16378 16429 16756
16707 16808 16419 16582
16743 16477 16590 16958
16625 16436 17303 16414
16719 16248 16849 16962
16896 16368 16669 16825
16388 16796 16818 16850
17008 16359 16656 16732
16694 16863 16370 16613
16727 16685 17051 16208
16809 16481 16998 16648
16706 16303 16800 16993
17072 16350 16731 16565
16814 16459 16814 16795
16382 16800 16872 16840
16981 16429 16397 16694
16493 16685 17203 16801
16690 16469 16647 17010
16660 16385 17224 16412
16939 16466 16958 16419
16782 16503 16969 16679
16669 16268 16795 17018
16740 16419 16834 16833
16888 16377 16707 16811
16458 16648 16997 17002
16994 16374 16446 16663
16688 16466 16646 17019
16406 16753 17172 16884
16790 16681 17024 16238
16902 16671 16696 16424
16906 16447 17024 16520
16932 16286 16968 16565
16794 16463 16943 16664
16694 16303 16749 17023
16894 16350 16680 16774
16436 16668 16969 17002
16667 16530 16635 17036
15805 16745 17190 16830
16688 16458 17211 16391
16901 16655 16736 16460
16953 16386 16962 16439
16523 16197 17325 16804
16796 16466 16944 16655
16658 16225 16754 17048
16717 16453 16759 16911
16881 16405 16631 16805
16932 16386 16500 16744
16720 16831 16354 16586
16616 16480 17239 16752
16725 16682 17050 16217
16852 16680 16689 16462
16945 16288 16966 16590
16851 16365 16679 16865
16919 16441 16451 16775
16732 16791 16328 16571
16661 16539 16636 17031
16932 16343 16917 16621
16654 16435 16764 16958
16884 16432 16444 16806
16734 16827 16305 16589
16612 16597 17181 16734
16914 16641 16613 16458
16938 16316 16890 16584
16425 16236 17238 16874
16661 16604 16807 16891
16825 16342 16639 16912
16229 16704 16875 17059
16914 16508 16432 16776
16721 16785 16273 16594
16674 16368 17179 16580
16851 16664 16667 16509
16974 16394 16885 16559
16854 16453 16919 16626
16561 16316 16715 17092
16648 16438 16807 16913
16788 16282 16645 16938
16523 16470 16969 16997
16925 16500 16426 16692
16715 16812 16300 16631
16701 16346 17177 16423
16732 16642 17064 16207
16873 16644 16685 16505
16873 16514 16946 16596
16987 16339 16934 16528
16879 16426 17019 16618
16582 16252 16726 17075
16867 16466 16478 16752
16699 16847 16324 16601
16860 16619 16691 16486
16472 16286 17253 16872
16300 16334 17300 16728
16865 16441 16868 16644
16804 16359 16663 16909
16354 16817 16760 16887
16880 16464 16480 16744
16737 16782 16262 16602
16754 16603 17029 16263
16816 16512 16990 16551
16931 16368 16962 16570
16413 16243 17265 16855
16401 16151 17263 16871
16597 16200 16776 17035
16756 16333 16681 16940
16514 16430 16929 17018
16850 16420 16524 16818
16785 16804 16245 16516
16918 16423 16913 16601
16274 16389 17256 16746
16595 16241 16789 17063
16730 16398 16808 16880
16792 16411 16676 16915
16519 16387 16942 17017
16841 16467 16527 16813
16767 16838 16281 16536
16662 16540 16761 16937
16462 16641 17157 16972
16917 16642 16647 16449
16937 16442 16886 16502
16882 16345 16918 16626
16343 16294 17243 16900
16580 16192 16795 17088
16805 16356 16725 16884
16684 16523 16735 16953
16670 16447 17212 16414
16914 16486 16887 16514
16851 16471 16865 16651
16567 16247 16746 17119
16981 16345 16657 16678
16696 16407 16770 16900
16409 16818 16732 16882
16981 16477 16811 16540
16920 16325 16921 16600
16318 16292 17273 16838
16418 16610 17309 16684
16826 16526 16925 16723
16569 16206 16733 17091
16794 16313 16684 16914
16499 16791 16923 16859
16821 16786 16276 16485
16679 16510 16790 16880
16956 16403 16916 16575
16496 16512 17184 16952
16667 16429 16779 16896
16781 16368 16635 16945
16410 16803 16807 16866
16490 16449 16954 17004
16635 16444 16794 16901
16921 16394 16909 16606
16358 16338 17282 16798
16760 16322 16646 16934
16871 16811 16703 16418
16872 16575 16697 16499
16908 16449 16860 16637
16419 16418 17247 16835
17058 16290 16630 16719
16796 16400 16641 16909
16890 16628 16615 16461
16910 16405 16837 16654
16389 16342 17259 16865
16226 16148 17226 17002
16228 16401 17318 16748
16851 16367 16927 16656
17010 16248 16663 16776
16728 16578 16843 16797
16869 16408 16635 16891
16614 16562 16730 16973
16594 16803 16923 16576
16882 16619 16665 16480
16446 16346 17232 16851
16268 16217 17220 16982
16881 16409 16949 16590
16560 16286 16677 17130
16953 16236 16708 16752
16798 16902 16356 16478
16578 16484 16735 16998
17040 16429 16779 16540
16281 16162 17269 16951
16179 16320 17331 16766
16567 16246 16691 17120
17003 16251 16668 16748
16795 16536 16837 16775
16882 16353 16684 16860
16846 16666 16644 16482
16184 16277 17344 16765
16836 16498 17002 16565
16597 16246 16641 17109
16952 16183 16639 16794
16776 16494 16818 16780
16837 16334 16668 16886
16040 16714 16784 17094
16824 16630 16694 16483
17002 16403 16697 16606
16428 16287 17304 16753
16270 16119 17228 16981
16610 16244 16643 17101
16988 16261 16634 16769
16492 16526 16948 16984
15989 16813 17112 16843
16689 16314 17188 16426
17058 16414 16723 16556
16430 16290 17305 16744
16235 16361 17332 16738
16617 16216 16719 17107
16931 16257 16661 16783
16857 16378 16656 16882
16018 16714 16768 17114
16505 16704 17162 16782
16574 16692 17141 16883
15987 16810 17111 16852
16451 16226 17316 16727
16283 16165 17164 16976
16172 16413 17347 16783
16849 16443 17051 16534
16588 16198 16725 17076
16933 16260 16662 16774
16518 16663 17190 16782
16522 16671 17185 16788
16707 16893 16773 16560
16928 16576 16681 16477
16938 16217 16675 16773
16873 16404 16580 16878
16568 16695 16921 16769
16513 16527 16986 16978
16525 16717 17088 16815
16520 16666 17191 16773
16524 16674 17186 16779
16435 16638 17231 16764
16931 16331 16815 16665
16443 16289 17301 16768
16249 16237 17252 16982
16773 16432 17092 16480
16980 16286 16669 16753
16533 16750 17039 16867
16407 16631 17239 16727
16489 16604 17249 16741
16440 16595 17244 16763
16586 16304 17291 16571
16906 16627 16656 16463
16430 16344 17252 16799
16978 16283 16668 16762
16865 16425 16545 16817
16478 16664 17296 16642
16468 16711 17204 16764
16557 16603 17189 16770
16501 16675 17209 16800
16457 16475 16979 17008
15982 16832 17091 16849
16936 16639 16592 16399
17065 16374 16737 16546
16400 16268 17264 16829
16188 16157 17287 16945
16160 16400 17383 16752
16796 16378 17074 16662
16666 16210 16722 17032
16251 16775 16899 16897
16416 16670 17219 16793
16420 16688 17173 16829
16559 16708 17006 16821
16555 16600 17188 16779
16498 16608 16886 17039
16459 16478 16980 16999
15970 16872 17117 16864
16603 16718 17253 16705
16830 16918 16705 16402
16921 16620 16627 16458
17007 16360 16779 16612
17021 16355 16600 16686
16229 16795 16871 16897
16418 16673 17220 16784
16445 16769 17206 16794
15968 16869 17116 16873
16551 16693 17294 16657
16664 16276 17191 16608
16929 16596 16601 16412
17045 16415 16802 16563
16931 16303 16900 16651
16136 16325 17406 16781
17000 16345 16636 16740
16744 16510 16792 16840
15955 16642 16832 17162
16439 16609 17231 16767
16434 16747 17158 16839
16617 16319 17289 16532
16595 16290 17283 16557
16670 16243 17189 16681
16891 16620 16677 16469
16918 16358 16851 16682
16138 16328 17407 16772
17004 16367 16639 16671
16432 16744 17157 16848
16604 16724 17150 16728
16666 16697 17099 16667
16031 16908 17068 16882
16560 16315 17316 16546
16660 16262 17205 16617
16761 16797 16758 16486
17043 16429 16718 16553
16164 16319 17392 16736
16964 16346 16704 16668
16542 16638 17288 16668
16535 16678 17274 16678
16502 16623 16903 17028
16033 16911 17069 16873
16669 16240 17259 16501
16702 16252 17219 16614
16812 16865 16787 16440
17058 16392 16756 16573
16863 16317 16871 16667
16203 16438 17392 16717
16977 16291 16753 16637
16530 16724 16926 16882
16537 16681 17275 16669
16470 16724 17160 16822
16558 16732 17188 16760
16575 16638 17177 16898
16536 16660 16848 16963
16039 16884 17042 16836
16630 16175 17292 16567
16739 16277 17173 16642
17071 16337 16805 16542
16874 16394 16865 16649
16414 16247 17293 16841
16216 16383 17441 16686
17019 16360 16747 16617
16827 16345 16640 16903
16025 16591 16854 17117
16446 16567 17303 16688
16515 16711 17122 16802
16526 16612 17261 16692
16471 16660 17127 16920
16514 16666 17192 16781
16668 16541 16638 17014
16096 16888 17015 16822
16682 16203 17163 16666
16471 16251 17266 16827
16271 16384 17413 16681
16845 16372 17061 16590
16983 16282 16752 16642
16840 16290 16689 16872
16493 16723 17139 16797
16489 16713 17045 16882
16516 16669 17193 16772
16608 16600 17153 16852
16647 16570 17111 16777
16698 16758 16806 16477
16899 16685 16679 16421
16852 16443 16866 16652
16970 16337 16703 16673
16876 16368 16684 16847
16072 16606 16836 17122
16560 16711 17116 16766
16564 16648 17266 16656
16476 16715 17043 16890
16459 16665 17220 16786
16638 16604 17075 16857
16607 16549 17176 16774
16684 16642 17128 16697
16637 16607 16698 17023
16668 16240 17188 16690
16700 16761 16807 16468
16912 16630 16728 16390
16462 16216 17287 16796
16968 16282 16712 16667
16543 16728 16925 16848
16059 16661 16787 17153
16428 16446 17284 16713
16506 16731 17153 16794
16535 16616 17276 16686
16587 16641 17235 16734
16621 16570 17035 16882
16609 16508 17163 16746
16622 16687 17226 16687
16586 16539 16669 17069
16080 16855 17017 16901
16698 16316 17176 16660
16767 16814 16745 16468
17032 16380 16843 16557
16559 16186 17334 16846
16741 16523 16892 16766
16034 16626 16833 17148
16453 16527 17317 16678
16534 16688 17147 16798
16388 16681 17211 16786
16562 16560 17202 16769
16615 16572 17073 16866
16597 16556 17029 16919
16603 16535 17190 16783
16270 16830 17081 16853
16760 16304 17122 16579
16759 16838 16771 16514
16894 16577 16810 16428
17019 16435 16794 16588
16273 16387 17414 16672
16778 16459 17042 16534
16989 16274 16753 16651
16788 16390 16682 16878
16550 16796 16941 16789
16459 16519 17296 16646
16477 16684 17174 16812
16570 16601 17217 16751
16609 16516 17003 16904
16597 16582 16710 17039
16548 16375 17295 16565
16691 16255 17257 16604
16747 16306 17120 16587
16729 16762 16783 16544
16881 16632 16761 16459
16952 16444 16870 16562
16835 16463 17015 16520
16991 16277 16754 16642
16237 16776 16756 17023
16551 16812 16901 16753
16494 16528 17303 16615
16464 16739 17125 16843
16611 16683 17236 16641
16564 16555 17212 16756
16602 16526 17080 16882
16651 16565 17013 16855
16644 16617 16680 17024
16078 16835 17070 16841
16554 16526 17318 16544
16666 16174 17224 16639
16737 16345 17125 16529
16786 16766 16756 16530
16980 16401 16864 16566
16881 16419 16897 16610
16458 16450 17308 16640
16554 16606 17279 16608
16586 16586 17156 16777
16654 16509 16984 16874
16656 16487 17242 16685
16799 16711 16805 16499
16883 16594 16757 16438
16993 16346 16913 16535
16884 16448 16899 16554
16426 16148 17322 16852
16178 16357 17359 16752
16513 16760 16939 16829
16344 16801 17217 16770
16539 16604 17222 16748
16596 16535 17081 16877
16679 16544 16938 16879
16643 16542 17193 16716
16452 16692 16922 17064
16042 16757 17075 16866
16622 16322 17328 16498
16767 16220 17230 16571
16675 16357 17194 16545
17018 16381 16867 16540
16876 16471 16895 16549
16853 16513 16778 16776
16538 16795 16893 16834
16534 16633 17341 16561
16617 16583 17250 16544
16681 16503 16925 16851
16618 16461 17160 16751
16482 16692 16872 17053
16623 16311 17343 16463
16692 16185 17212 16630
16677 16360 17195 16536
16804 16706 16760 16504
16918 16625 16689 16347
17040 16372 16834 16542
16836 16466 16961 16570
16498 16106 17369 16809
16193 16292 17338 16758
16551 16740 16942 16803
16556 16529 17319 16535
16333 16758 17176 16800
16521 16534 17259 16724
16586 16549 17037 16922
16676 16546 16912 16852
16091 16780 17119 16810
16748 16156 17184 16588
16689 16320 17169 16521
16806 16709 16761 16495
16913 16627 16686 16344
16854 16513 16950 16545
16536 16142 17374 16773
16188 16335 17325 16759
17093 16205 16828 16550
16819 16566 16911 16733
16553 16743 16943 16794
16478 16769 17032 16838
16508 16589 17210 16755
16699 16590 16939 16825
16683 16517 17049 16759
16608 16348 17305 16443
16746 16324 17142 16507
16799 16737 16685 16489
16920 16599 16762 16350
17075 16424 16851 16448
16851 16484 16948 16601
16186 16332 17324 16768
16821 16569 16912 16724
16590 16604 17313 16519
16525 16799 17082 16785
16373 16804 17067 16791
16532 16590 17179 16927
16641 16563 17080 16871
16707 16600 16918 16780
16668 16498 17084 16818
16031 16865 17153 16809
16744 16142 17198 16597
16779 16275 17114 16454
16977 16640 16764 16267
16840 16534 16873 16577
16820 16337 17107 16585
16859 16351 16773 16790
16480 16755 16944 16866
16472 16727 17161 16813
16318 16764 17136 16801
16684 16511 17005 16815
16050 16835 17120 16828
16742 16139 17197 16606
16852 16747 16657 16435
16923 16616 16790 16336
17081 16398 16854 16429
16241 16346 17367 16717
16542 16750 16867 16868
16497 16702 17189 16791
16548 16801 17021 16719
16320 16782 17074 16799
16428 16524 17284 16704
16470 16562 17167 16969
16646 16605 17071 16829
16680 16535 17081 16844
16377 16512 16942 17053
16660 16564 16702 17030
16025 16754 17087 16863
16898 16581 16836 16331
17066 16379 16889 16488
16833 16519 16905 16498
16266 16427 17400 16682
17059 16255 16738 16667
16851 16375 16799 16836
16161 16761 16904 16980
16511 16696 16861 16940
16547 16578 17390 16530
16484 16757 17140 16822
16443 16542 17309 16674
16528 16565 17091 16930
16629 16467 17052 16890
16402 16593 16975 17018
16027 16757 17088 16854
16768 16209 17245 16536
16885 16636 16787 16362
17058 16362 16891 16449
16845 16471 16970 16505
16483 16739 16867 16936
16486 16786 17137 16717
16517 16584 17295 16606
16674 16611 17036 16770
16635 16562 16732 16968
15977 16759 17089 16859
16770 16212 17246 16527
16818 16645 16863 16336
17018 16341 16956 16446
16851 16502 16992 16471
17129 16204 16760 16622
16747 16550 16809 16780
16495 16689 16811 16947
16504 16565 17322 16594
16473 16841 17088 16748
16558 16589 17296 16525
16661 16666 16987 16801
16602 16487 17110 16878
16637 16565 16733 16959
15990 16839 17084 16832
16709 16132 17281 16490
16872 16625 16826 16308
16960 16302 16996 16415
16877 16493 17067 16406
17154 16239 16714 16627
16772 16585 16763 16785
16783 16429 16778 16872
16532 16638 17331 16574
16402 16847 17156 16718
16565 16561 17372 16531
16675 16616 16964 16736
16749 16698 17017 16705
16638 16565 17105 16853
15988 16836 17083 16841
16688 16196 17270 16507
16841 16628 16831 16305
16996 16380 16991 16390
16217 16404 17356 16738
17118 16161 16719 16652
16835 16529 16765 16761
16796 16374 16827 16841
16575 16759 16704 16908
16472 16567 17304 16590
16475 16710 17090 16899
16430 16804 17150 16722
16291 16751 17006 16904
16517 16510 17371 16563
16568 16563 17052 16921
16671 16640 17040 16765
16613 16484 17072 16888
16460 16651 16998 16993
16038 16834 17082 16836
16631 16192 17297 16521
16833 16748 16696 16423
16869 16585 16825 16309
16971 16345 17037 16385
16229 16364 17330 16723
17105 16216 16670 16683
16321 16747 16881 17028
16733 16628 17049 16521
16443 16802 17152 16714
16353 16820 16986 16843
16519 16513 17372 16554
16555 16618 17003 16952
16684 16585 17089 16734
16743 16621 17097 16711
16638 16519 17026 16893
16465 16608 17011 16992
16686 16621 16707 16907
16002 16756 17087 16861
16667 16270 17292 16496
16911 16636 16793 16247
16958 16400 16988 16416
16599 16176 17289 16809
16231 16367 17331 16714
17054 16148 16641 16729
16838 16425 16795 16779
16327 16720 16854 16991
16483 16571 17373 16547
16394 16819 17131 16731
16462 16509 17399 16568
16603 16498 17028 16933
16658 16613 16779 16914
16027 16837 17120 16826
16673 16243 17265 16459
16846 16730 16670 16453
16855 16665 16821 16289
16922 16322 16993 16441
16569 16100 17301 16839
16244 16312 17380 16683
16825 16413 17074 16609
17090 16226 16636 16704
16825 16480 16746 16810
16461 16591 17345 16547
16393 16803 17171 16767
16458 16573 17360 16626
16633 16574 17016 16903
16014 16757 17125 16853
16660 16298 17216 16490
16917 16653 16767 16208
16983 16402 16958 16478
16280 16390 17375 16658
16827 16416 17075 16600
17067 16218 16664 16675
16771 16467 16801 16801
16370 16741 16891 16930
16450 16648 17298 16480
16529 16736 17053 16876
16383 16833 17104 16750
16274 16805 17069 16866
16695 16621 17127 16647
16672 16558 16936 16828
16604 16600 16834 16905
16671 16270 17224 16526
16846 16777 16706 16406
16904 16655 16765 16216
16999 16394 16880 16397
16305 16365 17403 16636
16814 16336 17080 16627
17109 16267 16674 16626
16557 16696 16826 16909
16442 16672 17324 16526
16479 16738 17054 16881
16276 16808 17070 16857
16544 16511 16974 16986
16682 16541 17132 16674
15993 16831 17147 16842
16665 16297 17251 16563
16897 16845 16735 16360
16910 16699 16714 16214
17026 16426 16883 16394
16476 16126 17341 16809
16279 16396 17376 16624
16844 16412 17068 16597
17107 16264 16673 16635
16788 16463 16801 16863
16763 16491 16827 16847
16336 16697 16935 16982
16388 16692 17361 16554
16276 16794 17103 16838
16281 16765 17083 16856
16468 16487 17327 16619
16549 16468 16987 16985
16658 16641 17212 16704
16669 16514 16951 16855
16469 16677 16931 17081
16674 16549 16856 16860
15995 16834 17148 16833
16663 16294 17250 16572
16836 16765 16770 16323
16848 16711 16768 16295
16972 16413 16938 16385
16791 16511 17103 16416
16440 16048 17346 16834
16277 16393 17375 16633
16832 16460 17003 16590
17102 16307 16660 16636
16738 16516 16799 16869
16323 16752 16886 17013
16546 16653 16785 16939
16437 16632 17332 16584
16489 16760 17093 16838
16713 16545 17109 16741
15949 16959 16837 16572
16040 16924 17078 16621
16104 16923 17106 16615
16583 16776 17168 16467
16379 16660 17002 16719
15982 16998 16870 16516
16089 16878 17067 16679
16446 16637 17086 16885
16484 16729 16910 16691
16595 16836 17033 16519
15964 16907 16881 16691
16127 16795 16976 16887
16792 16601 16760 16644
16271 16944 16859 16768
16621 16769 16850 16598
16770 16572 16770 16538
16751 16729 16735 16486
16148 16923 16739 16974
16341 16735 16903 16862
16199 16991 16768 16928
16702 16864 16765 16405
16159 16836 16991 16804
16134 16979 16796 16908
16412 16639 17062 16829
16825 16662 16817 16456
16685 16626 17201 16362
16676 16896 16883 16554
15849 17012 16740 16893
15988 16998 16694 16816
16720 16675 16729 16558
15801 17034 16649 16857
16831 16746 16816 16445
16520 16652 17031 16872
16694 16714 16962 16349
16506 16867 17132 16522
16165 16873 16791 16923
16638 16407 17205 16681
16335 16675 16987 16763
16678 16635 17174 16446
16273 16735 16965 16898
16085 16841 17030 16936
15793 16996 16730 16951
16127 16836 16809 16976
16463 16457 17229 16810
16189 16925 16631 16947
15949 16843 16704 17066
16678 16855 16870 16526
16590 16795 16999 16554
16412 16885 16786 16880
16577 16644 17203 16587
16736 16623 16777 16671
16619 16551 16979 16905
16387 16604 17108 16824
16960 16537 16837 16587
16065 16903 17087 16638
16734 16515 17160 16672
16158 16621 17098 16689
16152 16961 16718 16981
16228 16911 16847 16854
16536 16601 17230 16514
15944 16995 16647 16859
16844 16718 16785 16430
16470 16433 17252 16560
16642 16679 17148 16414
16607 16627 17158 16545
16691 16683 16994 16506
16632 16659 17232 16426
16225 16709 16917 17061
16085 16789 17257 16585
16087 16917 16789 16943
16529 16787 17111 16479
16535 16583 16945 16920
16075 16980 16743 17002
16254 16488 17109 16929
16335 16440 17090 16909
16704 16867 16766 16396
15909 17016 16609 16894
16488 16715 17156 16551
16855 16617 16666 16584
15991 17012 16581 16900
16657 16587 16931 16603
16638 16797 16770 16619
16651 16742 16819 16588
16450 16911 16868 16814
16509 16706 17256 16446
16555 16576 17154 16848
16291 16479 17124 16857
16135 16978 16690 17005
16054 16733 17238 16653
16250 16898 16870 16757
16163 16914 16804 16951
16057 16887 16787 17021
15884 17018 16734 16566
16552 16543 16934 16980
16555 16538 16901 16982
16016 16903 16779 16956
16791 16630 16871 16481
16445 16651 17006 16952
16149 16927 16846 16868
16518 16424 17026 16913
16425 16830 16835 16849
16505 16474 16787 17027
16234 16884 16820 16817
16091 16796 16678 17038
16349 16578 17026 16890
15876 16896 16654 17078
15825 17024 16580 16850
15819 17097 16714 16673
16237 16789 16628 16900
16037 16891 16870 16768
15879 16995 16712 16675
16893 16559 16849 16509
15854 17045 16770 16618
16422 16808 17106 16620
15692 17040 16583 16687
16154 16964 16627 16978
16609 16912 16831 16480
15758 17017 16749 16636
15831 17059 16697 16608
15905 16886 16673 17058
16532 16858 16763 16611
16395 16807 16905 16768
16174 16869 16690 16937
15851 16815 16621 17113
16433 16765 17081 16630
16065 16761 16838 17060
16553 16784 16741 16622
16434 16355 17257 16585
16116 16717 16818 17082
16599 16820 16998 16309
16786 16641 16884 16428
16274 16942 16505 16493
15915 16711 16365 17124
16089 16920 16790 16934
16068 16739 16682 17054
16158 16946 16642 16954
15969 16819 16599 17083
16446 16583 16627 17165
16129 16881 16606 17039
16553 16642 16972 16843
15924 16797 16663 17091
16724 16662 16625 16669
16507 16480 17209 16672
16430 16373 16931 17032
16263 16898 16734 16847
16693 16636 16892 16536
16390 16538 16999 17036
16151 16974 16566 16948
16341 16358 17373 16673
16167 16909 16676 16947
16262 16420 17321 16660
16227 16880 16693 16910
16165 16932 16590 17008
16078 16785 16657 17060
16777 16665 16847 16430
16420 16435 17253 16565
15854 16660 16681 17104
16418 16878 16867 16815
16291 16711 16861 17051
16045 16723 16886 17052
16441 16596 16739 17067
16156 16959 16824 16908
16557 16501 16827 17024
16493 16505 16868 17054
16655 16837 16542 16585
16339 16531 16935 17065
16292 16759 16839 16966
15801 17015 16746 16923
16096 16733 16668 17009
15757 17013 16693 16938
16056 16764 16982 16986
15755 17027 16609 16928
15724 17030 16614 16925
15970 16790 16791 16992
16046 16862 16717 17039
16245 16952 16693 16876
16718 16672 16728 16567
16676 16413 17160 16719
16705 16727 16679 16598
15934 16877 17075 16846
16221 16939 16771 16848
16744 16572 16890 16448
16709 16291 17139 16743
16269 16636 16824 17076
16712 16655 16718 16634
16753 16603 16775 16820
16097 16882 16860 16862
16200 16720 16885 17039
16368 16680 16814 17055
16787 16621 16666 16587
16682 16796 16782 16610
16040 16680 16805 17095
15795 16605 16715 17115
16193 16626 16880 17084
17007 16574 16818 16478
16403 16603 16815 17037
16721 16793 16722 16512
16891 16623 16802 16413
16375 16608 16810 17094
15816 16531 16688 17127
16649 16902 16786 16443
15852 16609 16683 17102
16732 16940 16753 16375
15827 16574 16729 17097
16677 16880 16828 16341
15907 16610 16655 17097
16720 16946 16736 16315
16099 16400 17168 16863
16002 16887 16971 16757
16693 16309 17080 16938
16637 16470 16875 16807
16586 16469 16842 16962
16114 16891 16760 17007
16704 16580 16731 16876
16097 16846 17016 16833
16376 16609 16874 17060
16548 16609 17058 16605
16726 16648 16702 16521
16253 16442 17142 16910
16761 16643 16702 16479
16561 16572 17100 16858
16077 16321 17143 16887
16411 16341 17257 16856
16496 16780 16768 16636
16356 16529 17003 17026
16197 16776 17047 16776
16312 16724 16987 16843
16144 16348 17408 16739
16689 16656 17012 16530
16325 16686 16972 16963
16855 16645 16772 16414
16382 16713 16951 16803
16570 16486 16951 16942
15911 16852 16614 17122
16632 16614 16623 17124
16667 16316 17140 16872
15875 16774 16619 17147
15888 16763 16739 17029
16798 16601 16858 16413
16660 16744 17021 16509
16526 16596 16881 17020
16104 16847 16609 17027
16140 16851 16557 17043
16069 16737 16762 17031
16165 16886 16511 17048
16129 16808 16516 17073
15900 16855 16652 17112
16154 16889 16549 17038
15912 16815 16626 17097
16620 16646 17080 16465
16449 16321 17260 16830
16383 16628 16864 17015
16156 16816 16592 17014
16021 16781 16684 17074
16532 16885 16887 16396
16369 16657 16757 16917
16161 16924 16641 16968
16151 16859 16579 17015
15991 16799 16627 17083
16654 16937 16829 16411
16443 16526 17161 16730
16814 16483 16663 16757
16548 16505 16923 17002
16149 16856 16578 17024
16081 16719 16646 17040
16027 16877 16622 17058
16755 16624 16734 16618
16200 16924 16607 16978
16002 16842 16668 17053
16077 16939 16730 16974
16166 16839 16606 17000
16015 16847 16629 17048
16179 16844 16567 16995
16304 16663 16809 17059
16458 16550 17021 16905
16202 16786 16608 17004
16381 16503 17020 17005
16169 16912 16677 16938
16213 16963 16797 16894
16014 16900 16778 16965
16162 16940 16601 16932
16322 16716 16727 17021
16453 16627 16980 16906
16790 16550 16620 16654
16493 16821 16841 16686
16769 16624 16615 16680
16915 16614 16820 16390
16894 16624 16695 16350
16886 16416 16825 16695
16880 16637 16740 16416
16996 16592 16730 16455
16594 16671 16529 16903
16939 16596 16709 16342
16165 16906 16767 16950
17065 16622 16665 16401
16937 16593 16708 16351
16150 16925 16741 16963
16673 16289 17113 16835
16152 16928 16742 16954
16924 16648 16659 16382
16525 16473 16970 16988
16620 16658 16525 16892
16851 16543 16706 16585
17073 16570 16635 16351
16931 16586 16600 16471
16040 16897 16746 16990
17029 16550 16657 16521
16718 16290 17108 16738
16038 16894 16745 16999
16780 16673 16689 16624
16542 16641 17142 16593
16095 16898 16718 16985
16496 16731 16797 16720
16827 16694 16560 16618
16351 16782 16818 16903
16108 16843 16767 16954
16414 16767 17115 16540
16819 16533 16927 16687
16709 16367 17108 16810
16505 16402 16828 17077
16396 16767 16386 16884
16144 16921 16762 16929
16933 16712 16571 16360
16507 16438 16805 17095
16385 16778 16813 16898
16789 16462 16731 16783
16564 16446 16831 16985
16158 16962 16825 16899
16374 16659 17059 16855
17029 16582 16659 16445
16772 16575 16771 16529
16112 16709 17096 16839
16507 16405 16829 17068
16657 16391 17060 16852
16996 16555 16612 16584
16820 16617 16738 16472
16540 16834 16737 16565
16899 16589 16729 16487
16088 16767 17085 16860
16811 16641 16701 16474
16347 16707 16738 16971
16161 16800 17076 16730
16360 16689 16320 16984
16147 16924 16845 16877
16400 16805 16862 16847
16832 16542 16938 16621
16216 16305 16914 17120
16051 16902 17143 16736
16460 16805 17032 16536
16160 15933 16742 17148
16990 16471 16613 16595
16475 16770 17107 16582
16802 16294 17044 16801
16527 16465 16914 17003
16226 16908 16846 16863
16603 16740 17048 16523
16900 16461 16548 16690
16177 16885 16802 16919
16954 16622 16563 16451
16202 16920 16756 16924
16479 16757 17043 16598
16846 16519 16587 16734
16410 16511 17034 16950
16215 16865 16805 16893
16861 16482 16625 16754
16376 16656 16788 17009
16217 16868 16806 16884
16395 16870 16895 16786
17117 16488 16547 16430
16192 16787 16773 16919
16444 16733 16789 16817
16796 16189 17012 16812
16179 16842 16724 16950
16405 16791 16886 16781
16407 16679 16299 16936
16191 16802 16698 16935
16758 16646 16554 16702
16384 16671 16327 16907
17077 16572 16609 16412
16815 16292 17046 16793
16371 16726 16278 16938
16229 16839 16680 16882
16410 16689 16833 16869
16217 16879 16706 16897
16623 16517 16750 16946
16974 16533 16885 16547
16757 16627 16735 16609
16764 16168 16931 16902
16215 16876 16705 16906
16666 16638 17151 16346
16845 16526 16732 16624
17102 16498 16513 16451
16587 16900 16333 16835
16741 16597 17173 16320
16631 16695 17328 16330
16220 16917 16739 16871
16429 16685 16693 16827
16608 16809 17223 16455
16222 16920 16740 16862
16611 16677 17063 16482
16653 16595 17243 16409
16587 16835 17268 16358
16627 16507 16779 16942
16535 16677 16929 16905
16378 16689 17120 16565
16705 16548 17212 16387
16203 16333 16937 17087
16257 16883 16829 16835
16565 16760 17045 16549
16631 16689 17290 16342
17072 16556 16613 16414
16637 16628 16742 16792
16718 16551 17274 16359
16623 16704 16577 16836
16600 16771 17274 16331
16669 16636 17024 16392
16178 16370 16976 17119
16596 16485 16747 16949
16709 16455 17049 16864
16472 16874 16559 16722
16728 16487 17224 16361
16642 16585 16607 17065
16916 16492 16813 16665
16455 16755 16571 16780
16234 16839 16837 16854
16519 16718 17192 16529
16861 16374 16865 16695
16642 16642 17132 16440
16685 16592 16501 16853
17099 16499 16679 16476
17075 16536 16632 16394
16258 16949 16830 16774
16587 16580 17130 16653
16886 16387 16759 16733
16403 16483 17048 17005
16518 16803 17095 16496
16596 16698 17093 16585
16809 16235 16948 16807
16235 16938 16814 16820
16668 16651 17041 16492
17101 16569 16528 16339
16537 16828 16525 16729
16481 16745 17143 16488
16626 16726 16863 16597
17122 16593 16560 16303
16462 16891 16509 16713
16555 16831 17255 16450
16520 16631 17097 16629
16627 16567 17145 16492
16674 16596 17023 16504
16547 16595 17010 16884
16148 16793 16950 16834
16702 16601 17061 16499
16841 16351 16870 16663
16506 16374 17217 16799
16563 16740 17166 16519
16956 16336 16781 16688
16321 16240 16819 17129
16337 16274 16811 17120
16561 16645 16673 16931
16800 16558 17042 16375
16881 16309 16831 16674
16120 15720 16794 17158
16232 16802 16796 16870
16729 16518 17100 16392
16234 16805 16797 16861
16218 16323 16971 17066
16633 16382 17072 16889
16136 16805 17054 16820
16821 16347 17018 16744
16352 16814 16759 16896
16505 16660 17105 16587
16264 16236 16846 17143
16625 16840 16955 16503
16123 15772 16767 17148
16596 16358 17195 16730
16761 16548 17137 16290
16219 16738 17018 16936
17114 16514 16577 16308
16466 16901 16573 16685
16379 16372 17238 16875
17124 16623 16597 16296
16485 16874 16477 16682
16483 16884 16493 16684
16545 16750 17086 16533
16106 15868 16719 17163
16568 16882 16531 16657
16259 16868 16675 16881
16108 15871 16720 17154
16453 16876 16447 16752
17080 16557 16650 16282
16083 15790 16687 17189
16543 16801 16498 16692
16119 15868 16682 17164
16480 16850 16533 16676
16470 16814 16470 16738
16451 16853 16426 16765
16660 16622 16704 16758
16087 15900 16754 17154
16478 16847 16532 16685
16683 16672 17251 16315
16035 15838 16732 17160
17134 16562 16479 16276
16089 15903 16755 17145
16414 16824 16879 16787
16401 16835 16914 16761
16454 16685 17086 16640
17181 16562 16502 16233
16484 16771 16823 16735
16554 16463 16762 17122
16490 16786 16552 16687
17156 16481 16469 16268
16169 16776 17050 16684
16408 16763 17111 16568
17150 16508 16496 16305
16679 16371 17138 16709
16616 16785 17197 16409
17148 16505 16495 16314
16507 16802 16566 16620
16454 16722 16807 16785
16770 16481 17116 16717
17135 16560 16446 16345
16056 16728 17100 16804
16465 16880 17131 16272
16631 16567 16968 16752
16549 16788 16499 16714
16629 16592 17178 16428
16593 16441 16762 16976
16591 16837 16509 16665
16361 16777 16940 16820
16608 16471 17283 16450
16597 16810 16482 16628
16494 16751 17290 16413
16431 16788 17049 16531
16150 15750 16693 17169
16622 16845 16436 16633
16700 16545 16782 16696
16124 15781 16666 17157
16691 16791 16381 16616
16440 16363 17329 16397
16122 15778 16665 17166
16649 16785 16395 16717
16623 16433 17302 16423
17116 16517 16578 16299
16112 15864 16698 17173
16628 16790 16420 16711
17128 16477 16552 16284
16084 15843 16727 17165
16797 16723 16533 16719
16789 16536 16998 16385
17115 16532 16503 16315
16062 15863 16699 17165
16592 16791 16488 16639
16730 16468 17083 16784
16026 15785 16704 17190
16760 16772 16645 16448
16051 15866 16737 17155
16529 16428 16840 17045
16821 16499 17028 16350
16754 16728 16696 16450
15991 15795 16710 17171
16808 16534 17016 16329
16757 16839 16701 16388
17074 16641 16543 16323
15986 15852 16696 17183
16814 16760 16469 16605
16832 16542 17069 16320
16804 16788 16788 16381
16295 16476 16640 17184
16815 16759 16362 16727
16771 16880 16773 16376
16067 15801 16626 17253
16751 16779 16611 16569
16921 16697 16425 16782
16796 16464 17074 16345
16742 16776 16781 16385
16812 16475 17010 16359
16717 16741 16827 16380
16731 16756 16313 16790
16350 16219 16860 17089
16333 16795 16790 16893
16810 16472 17009 16368
16279 16399 16622 17213
16720 16776 16312 16743
16069 15796 16636 17240
16745 16822 16256 16577
16686 16813 16715 16417
17128 16523 16579 16199
16905 16705 16596 16495
16429 16538 16993 16958
16797 16752 16419 16759
16361 16728 17141 16583
17141 16468 16628 16168
16788 16635 16662 16577
16733 16840 16391 16567
17135 16495 16655 16205
16218 16319 16657 17176
16686 16872 16408 16599
17133 16492 16654 16214
16813 16723 16487 16649
16043 16783 17051 16835
16845 16487 17118 16289
16469 16582 17110 16612
17120 16547 16605 16245
16103 15757 16650 17190
15990 16838 17082 16746
16847 16490 17119 16280
16105 15760 16651 17181
16728 16432 17106 16766
16059 16824 17121 16768
16853 16463 17092 16243
16716 16827 16740 16381
16063 15691 16657 17201
16790 16781 16345 16671
16840 16518 17043 16274
16114 15759 16686 17155
16069 16804 17080 16688
16657 16854 16408 16637
16087 16848 17069 16671
16532 16482 17179 16734
16673 16898 16808 16345
16649 16767 16326 16723
17093 16502 16699 16251
16152 15968 16547 17244
16645 16870 16299 16788
17071 16522 16671 16251
16595 16364 17117 16926
16060 15823 16552 17240
16616 16659 16653 16895
16834 16444 17077 16319
16836 16447 17078 16310
16590 16663 17125 16507
16658 16903 16761 16259
16794 16740 16645 16643
16133 16907 17052 16686
16841 16404 17091 16309
16607 16648 17078 16473
16521 16525 17204 16724
16766 16295 17112 16729
16089 16854 17203 16625
16828 16459 17042 16340
16798 16383 17054 16370
16030 15831 16575 17225
16423 16542 17002 16995
16772 16392 17069 16406
16411 16662 17066 16716
16054 16860 17106 16642
16748 16854 16799 16328
16767 16416 17159 16356
16745 16637 16616 16645
16749 16443 17130 16328
16812 16596 16629 16645
16792 16413 17093 16351
16748 16604 16654 16658
16800 16469 17075 16327
16769 16630 16648 16654
16767 16836 16822 16230
16375 16425 16643 17155
16101 16823 17122 16598
16097 16758 17176 16558
16719 16452 17245 16330
16789 16490 16655 16871
16415 16575 17018 16982
16063 16871 17062 16709
16059 16772 17154 16660
16112 16721 17214 16578
16734 16460 17197 16324
16353 16507 17061 16964
16100 16754 17134 16592
16076 16643 17219 16603
16416 16289 17309 16597
16229 16401 16623 17218
16092 16778 17160 16638
16066 16650 17206 16637
16447 16725 17072 16650
16424 16286 17306 16825
16160 15962 16497 17242
16477 16564 16972 16950
16110 16831 17078 16600
16064 16647 17205 16646
16410 16293 17299 16769
16217 15966 16470 17228
16462 16655 16960 16669
16003 16665 17209 16699
16599 16605 17029 16550
16005 16668 17210 16690
17071 16454 16675 16515
16124 16926 17018 16641
15955 16670 17211 16695
16764 16502 17174 16207
16762 16470 16727 16837
15942 16725 17162 16726
16762 16499 17173 16216
16372 16685 17116 16593
16608 16608 16915 16585
17052 16500 16514 16456
16023 16714 17183 16767
16430 16716 16965 16682
16635 16871 16936 16199
17082 16576 16502 16426
16623 16591 16994 16798
16318 16699 16940 16882
16010 16769 17134 16798
16432 16719 16966 16673
16496 16213 17219 16601
15976 16694 17140 16814
17033 16642 16428 16368
16116 16314 17139 16927
16397 16727 17073 16655
16680 16638 16890 16544
16167 15878 16479 17232
16580 16900 16955 16249
16640 16335 17165 16744
16621 16844 16313 16793
15980 16726 17162 16680
16453 16698 17045 16613
16403 16693 16989 16716
17045 16681 16429 16338
16774 16507 16678 16826
16127 15941 16486 17262
16677 16534 16631 17043
16660 16823 16236 16729
16455 16701 17046 16604
16034 16300 17106 16948
16172 16069 16503 17228
16612 16801 16253 16815
15982 16772 17169 16672
16460 16658 17059 16603
17009 16632 16468 16405
16140 16262 17085 16977
16576 16723 16258 16840
16759 16509 16622 16831
16601 16804 16291 16805
16749 16554 17124 16247
16418 16607 17091 16665
16664 16781 16237 16754
16443 16642 17045 16670
16373 16712 16969 16710
16616 16739 16270 16811
16787 16560 16726 16679
16770 16475 17147 16170
16413 16651 17035 16659
16332 16742 17053 16773
16609 16798 17001 16445
16989 16648 16556 16346
16198 16018 16381 17220
15945 16731 17162 16722
16768 16516 17160 16198
16592 16850 16899 16260
17040 16668 16514 16287
16755 16592 16656 16659
16192 16045 16408 17257
15876 16729 17199 16830
16763 16530 17081 16157
16436 16729 17067 16633
17032 16651 16516 16248
16141 15986 16463 17258
16558 16471 17014 16868
16439 16692 17112 16607
17000 16670 16600 16336
16261 16267 17242 16940
16136 15991 16508 17253
16563 16667 16606 16849
16795 16546 16639 16600
16110 16000 16523 17289
16490 16718 17157 16542
16580 16614 16977 16635
16797 16549 16640 16591
16123 16046 16459 17284
16695 16678 16318 16815
16028 16770 17115 16840
16687 16857 16793 16237
16255 16401 17129 16882
16066 16042 16486 17298
16688 16586 16713 16935
15910 16780 17145 16784
16483 16746 17081 16536
16809 16550 16678 16583
16102 16120 16481 17273
16971 16738 16653 16294
16115 16065 16530 17242
16706 16756 16857 16193
16165 16343 17118 16942
16118 16004 16480 17243
16753 16698 16251 16765
16352 16518 17010 17052
16686 16682 16839 16542
16708 16759 16858 16184
16722 16618 16641 16732
16594 16518 17279 16363
16735 16825 16835 16259
16910 16658 16688 16257
16784 16825 16822 16345
16698 16625 16687 16750
16244 16694 16909 17038
16795 16648 16471 16814
16946 16657 16620 16329
16700 16631 16718 16688
16720 16524 17315 16292
16742 16624 16678 16626
16130 16723 17109 16776
16580 16520 17331 16354
16960 16717 16570 16339
16836 16310 17056 16764
16965 16747 16546 16302
16246 16305 16864 17109
15883 16725 17178 16656
16993 16723 16520 16312
16555 16708 16858 16720
16999 16696 16493 16275
16248 16264 16851 17081
16748 16848 16820 16362
16280 16282 16900 17077
16824 16701 16437 16760
16312 16215 16909 17076
15914 16748 17159 16769
16745 16834 16834 16326
16962 16720 16571 16330
16263 16135 17297 16927
16449 16438 16920 17062
16417 16523 16819 17057
15916 16751 17160 16760
16932 16644 16583 16360
16281 16211 17230 16967
16083 16146 16433 17230
16697 16681 16319 16806
16450 16558 16936 16982
17020 16584 16659 16461
16655 16612 16325 16826
16348 16534 17013 17033
16418 16518 16707 17093
16705 16739 17184 16339
16276 16215 17292 16900
16740 16769 16812 16382
16478 16716 16790 16826
16100 16720 17111 16693
16708 16386 17061 16858
16336 16205 16823 17114
16102 16723 17112 16684
16334 16169 16846 17096
16070 16648 17136 16648
16145 16887 17060 16628
15974 16691 17139 16823
16464 16786 17161 16473
16739 16257 17050 16791
16106 16726 17131 16623
16120 16912 17032 16650
16002 16783 17119 16851
16535 16780 17093 16503
16248 16261 17072 16997
16481 16507 16715 17058
16525 16494 17105 16883
16093 16646 17136 16650
16056 16708 17060 16899
16505 16704 17105 16533
16972 16610 16543 16411
16451 16360 17174 16850
16742 16328 16958 16801
16337 16250 16863 17081
16147 16890 17061 16619
16529 16786 17104 16530
16426 16493 16672 17109
16125 16859 17117 16598
16277 16249 16850 17085
16738 16395 17060 16778
16392 16754 16883 16835
16247 16486 17076 16954
16377 16428 16644 17146
16123 16659 17123 16667
16110 16896 17079 16578
16579 16409 17318 16361
16325 16216 17312 16886
16288 16246 16812 17095
16135 16931 17033 16583
16445 16787 17167 16485
16365 16417 17143 16871
16272 16173 16861 17102
16258 16413 17087 16924
16130 16796 17099 16663
16156 16902 16991 16581
16447 16790 17168 16476
16729 16651 16701 16665
16698 16374 17125 16775
16281 16291 16693 17138
16141 16883 17026 16640
16452 16747 17181 16475
16662 16660 16777 16639
16525 16462 16913 17012
16167 16773 17049 16693
16139 16880 17025 16649
16257 16718 17021 16910
16982 16618 16489 16425
16620 16609 16809 16701
16242 16256 16818 17143
16684 16872 16857 16508
16255 16201 16867 17112
16072 16827 17087 16649
16282 16720 16991 16972
16551 16757 17273 16383
16723 16527 16787 16850
16074 16830 17088 16640
16948 16666 16502 16491
16668 16589 16776 16681
16452 16288 17241 16669
16408 16644 16849 17002
16249 16331 16654 17153
16080 16798 17100 16668
16082 16801 17101 16659
16931 16610 16509 16515
16681 16534 16825 16650
16274 16212 17291 16909
16291 16400 16648 17133
16930 16658 16519 16540
16656 16559 16797 16672
16289 16397 16647 17142
16087 16758 17114 16658
16506 16708 17072 16556
16879 16718 16515 16531
16654 16556 16796 16681
16050 16066 16563 17257
16325 16475 16642 17117
16074 16813 17065 16689
16504 16705 17071 16565
16918 16605 16548 16520
16641 16611 16747 16712
16268 16471 16669 17131
16446 16221 17274 16795
16527 16425 16839 17054
16270 16474 16670 17122
16521 16769 17106 16491
16343 16693 16752 16980
16234 16396 16675 17147
16552 16742 17103 16518
16946 16605 16565 16412
16916 16698 16390 16709
16225 16182 17040 17036
16565 16687 17152 16487
16923 16670 16466 16715
16305 16390 16607 17177
16163 16812 16915 16775
16539 16696 17167 16523
16940 16657 16423 16632
16481 16653 17213 16508
16690 16634 16756 16690
16300 16181 17358 16881
16959 16682 16403 16632
16212 16237 16991 17067
16587 16468 16789 17013
16184 16746 16971 16832
16099 16764 17047 16870
16726 16484 17223 16370
16468 16708 17164 16539
16933 16657 16396 16680
16164 16184 16987 17085
16551 16468 16822 17058
16254 16397 16652 17151
16118 16777 17040 16838
16411 16704 17191 16553
16831 16539 16596 16788
16925 16681 16422 16726
16215 16252 17016 17039
16204 16399 16653 17156
16131 16722 17089 16807
16413 16707 17192 16544
16859 16286 16820 16697
16926 16697 16382 16690
16201 16342 17050 17014
16475 16450 16773 17078
16265 16479 16618 17193
16218 16702 17025 16787
16380 16217 17311 16799
16171 16310 17017 17067
16477 16453 16774 17069
16777 16888 16753 16324
16839 16477 16705 16782
16286 16405 16596 17204
16756 16602 16690 16646
16856 16526 16520 16733
17016 16731 16392 16573
16312 16396 16581 17168
16458 16638 17227 16492
16538 16659 17133 16554
16832 16500 16534 16738
16250 16220 17059 16969
16302 16482 16614 17175
16698 16645 16634 16678
16845 16293 16877 16658
16955 16651 16427 16536
16241 16402 16649 17138
16610 16648 17070 16520
16460 16445 17239 16687
16741 16214 17079 16764
16884 16261 17012 16735
16839 16320 16904 16695
16949 16678 16454 16573
16277 16480 16644 17113
16520 16663 17231 16456
16595 16629 17105 16579
16790 16380 16933 16665
16874 16491 16502 16707
16892 16674 16481 16587
16512 16427 16928 17027
16220 16476 16671 17127
16818 16779 16713 16316
16889 16454 16540 16727
16894 16677 16482 16578
16180 16179 17074 16985
16551 16395 16838 17011
16281 16556 16636 17164
16117 16737 17078 16818
16227 16638 17057 16929
16588 16573 17184 16467
16566 16651 17114 16575
16803 16831 16663 16356
16859 16226 17058 16730
16867 16347 16838 16658
16891 16482 16565 16699
16759 16440 16924 16795
16899 16634 16495 16577
16205 16238 17030 17042
16515 16317 16843 17036
16092 16702 17124 16813
16569 16680 17116 16519
16820 16824 16595 16246
16742 16374 17037 16761
16846 16281 17009 16761
16896 16457 16501 16713
16886 16689 16446 16608
16110 16230 17052 17030
16579 16575 17184 16483
16556 16682 17114 16527
16811 16807 16637 16310
17008 16524 16531 16557
16784 16200 16994 16802
16924 16436 16480 16674
16241 16548 16932 17035
16877 16669 16493 16582
16423 16559 17054 16911
16611 16688 17067 16466
16723 16405 17026 16799
16146 16276 17020 17055
16115 16775 17059 16816
16566 16718 17128 16479
16824 16752 16686 16279
16991 16556 16577 16511
16705 16346 17031 16927
16822 16180 16997 16776
16655 16598 17244 16400
16900 16437 16589 16676
16156 16298 17059 17012
16506 16442 16893 17048
16816 16776 16712 16325
16852 16256 16985 16746
16899 16332 16808 16702
16945 16422 16552 16645
16877 16684 16625 16487
16888 16274 16912 16745
16949 16397 16519 16623
16864 16739 16576 16518
16657 16698 17113 16355
16715 16296 16955 16804
16873 16255 16947 16804
16941 16388 16731 16728
16888 16419 16826 16686
16173 16276 17016 17036
16713 16552 17239 16286
16618 16723 17190 16448
17041 16502 16607 16486
16875 16204 16889 16799
16865 16748 16514 16571
16331 16471 17172 16796
16652 16699 17254 16288
16772 16858 16666 16329
17034 16530 16531 16480
16283 16152 17199 16988
16367 16272 17262 16830
16770 16514 17092 16744
16835 16183 16954 16796
16962 16381 16717 16666
16842 16708 16496 16688
16737 16511 17272 16209
16632 16667 17212 16331
16768 16882 16742 16358
16979 16581 16585 16552
16805 16107 16966 16826
16871 16684 16458 16603
16025 16717 17184 16758
16136 16696 17082 16739
16748 16455 17193 16155
16614 16622 17096 16523
16778 16796 16709 16351
16987 16557 16559 16506
16779 16116 16981 16862
16954 16468 16737 16608
16884 16629 16507 16572
16031 16690 17157 16721
16776 16428 17250 16192
16628 16572 17073 16458
16777 16113 16980 16871
16954 16333 16780 16697
16879 16672 16494 16573
16149 16299 17076 16998
16379 16317 16832 17075
16128 16720 17108 16785
16655 16604 17076 16455
16311 16311 17191 16925
16332 16221 17332 16784
16124 16218 17043 17033
16401 16297 16860 17075
16768 16452 17276 16238
16372 16152 17346 16706
16792 16162 16917 16857
16883 16349 16771 16697
16864 16724 16444 16613
16185 16298 17008 17070
16426 16332 16814 17080
16743 16417 17287 16256
16641 16609 17295 16323
16735 16158 16944 16871
16372 16319 16869 17071
16732 16374 17281 16263
16725 16244 16977 16878
16898 16297 16821 16657
16334 16703 16738 16976
16244 16634 16951 17022
16345 16425 17025 17030
16655 16581 17018 16546
16684 16754 16869 16289
16791 16490 16788 16715
16242 16092 17103 16992
16958 16368 16848 16641
16872 16431 16620 16757
16850 16725 16445 16713
16743 16371 17243 16273
16653 16578 17017 16555
17050 16582 16619 16405
16209 16027 17124 17006
16964 16341 16821 16604
16872 16700 16418 16567
16745 16374 17244 16264
16641 16603 17257 16335
17081 16555 16616 16432
16710 16364 16939 16807
16951 16396 16772 16635
16770 16349 17272 16242
16695 16778 16773 16383
17056 16478 16642 16537
16273 16289 17311 16729
16244 16740 16988 16998
16811 16765 16529 16541
16204 16336 17097 16974
16458 16552 16546 17138
16063 16686 17052 16895
16831 16429 17237 16279
16704 16604 17062 16490
16573 16650 17330 16311
17035 16563 16654 16464
16830 16536 16698 16645
16300 16298 17268 16854
16236 16337 17050 16972
16780 16361 17208 16325
16710 16577 17035 16453
16615 16719 17324 16291
17042 16495 16706 16490
16794 16473 16751 16747
16841 16439 16633 16832
16333 16721 16883 16870
16757 16752 16584 16532
16697 16632 16986 16484
16613 16716 17323 16300
16188 15944 17102 17019
16297 16722 16995 16873
16331 16527 17033 16964
16731 16338 17164 16381
16674 16624 17014 16455
16927 16436 16734 16611
16497 16601 16629 17072
16417 16578 17019 16973
16759 16770 16573 16583
16446 16536 16639 17090
16666 16648 17040 16501
17027 16387 16733 16607
16941 16426 16705 16613
16133 16725 17090 16798
16709 16434 17127 16707
16306 16050 17113 17003
16935 16453 16732 16650
16830 16497 16679 16679
16214 16550 17031 16949
16139 16698 17063 16761
16702 16419 17138 16675
16629 16602 16979 16547
17005 16402 16754 16605
16831 16564 16688 16579
16905 16377 16744 16680
16326 16687 16962 16819
16774 16751 16599 16570
16231 16409 17058 16983
16631 16605 16980 16538
16540 16675 17307 16341
16964 16553 16781 16539
16221 16640 17026 16935
16576 16753 17302 16316
17069 16423 16691 16506
16830 16635 16628 16546
16184 15946 17091 17041
16968 16354 16690 16629
16320 16700 16961 16797
16162 16414 17060 16989
16533 16572 16686 16952
16714 16384 17172 16398
16636 16600 16935 16543
16526 16755 17303 16321
16884 16615 16591 16518
16340 16344 17277 16814
16998 16430 16678 16599
16298 16669 17017 16776
16280 16564 16784 17096
16531 16569 16685 16961
16511 16557 17043 16895
16712 16348 17195 16380
16608 16643 16941 16539
16853 16618 16596 16515
16665 16313 17139 16881
16292 16696 17044 16813
16209 16570 16852 17066
16691 16412 17184 16397
16622 16595 17022 16767
16652 16368 17090 16912
16290 16693 17043 16822
16235 16623 16884 17054
16265 16618 17060 16903
16707 16757 16508 16668
16591 16645 16588 16896
16654 16463 17245 16418
17045 16435 16601 16567
17026 16338 16765 16588
16694 16764 16464 16627
15977 16702 17086 16886
16677 16410 17224 16393
17058 16380 16650 16536
17028 16341 16766 16579
16296 16664 17058 16798
16363 16633 16897 17012
16752 16750 16471 16635
16186 16406 17111 16917
16689 16360 17168 16404
17094 16458 16645 16511
16966 16707 16480 16473
16983 16458 16858 16542
16321 16699 17012 16803
16718 16402 17293 16375
16599 16686 16899 16584
16599 16783 17267 16390
16726 16766 16775 16405
17037 16454 16672 16525
17028 16382 16886 16529
16317 16701 17001 16825
16681 16766 16462 16635
16567 16636 16609 16951
16676 16314 17232 16409
16710 16693 16824 16412
17024 16509 16623 16556
16981 16410 16870 16552
16800 16507 16764 16736
16319 16704 17002 16816
16137 16744 17050 16844
16624 16253 17257 16432
16600 16674 16973 16559
17020 16492 16801 16559
16963 16614 16552 16451
16338 16166 17242 16937
17036 16257 16736 16583
16325 16677 16975 16779
16226 16567 16906 17048
16520 16599 16639 17037
16232 16683 17067 16905
16618 16351 17219 16473
16651 16807 16896 16562
16546 16800 17260 16384
16973 16483 16684 16587
16961 16611 16551 16460
16177 16310 17287 16768
17034 16254 16735 16592
16748 16397 16883 16825
16545 16537 16689 17024
16605 16602 16916 16552
16564 16798 17236 16397
16974 16616 16512 16455
17046 16321 16711 16746
16245 16741 17002 16784
16649 16334 17290 16397
16599 16629 16943 16589
16755 16721 16830 16354
16946 16659 16518 16451
16278 16319 17309 16704
16197 16719 17019 16870
16278 16507 16808 17095
16826 16750 16448 16704
16693 16353 17338 16369
16630 16683 16949 16517
16981 16319 16731 16660
16541 16609 16629 16964
16539 16366 16946 16955
16100 16727 17059 16845
16621 16685 16949 16533
16816 16748 16762 16366
16281 16267 17313 16768
16130 16302 17075 16976
16686 16353 17244 16378
16611 16690 16921 16525
16818 16751 16763 16357
16890 16633 16520 16517
16135 16259 17088 16975
16111 16724 17021 16855
16646 16332 17309 16375
16618 16662 16997 16531
16531 16852 17210 16424
16761 16747 16790 16371
16892 16636 16521 16508
17069 16287 16683 16655
16219 16659 16955 17033
16196 16339 17053 17012
16595 16518 16655 17023
16485 16516 16915 17037
16113 16760 16998 16873
16588 16293 17349 16344
16622 16676 16983 16522
16544 16797 17259 16393
16748 16802 16741 16402
17084 16264 16671 16612
16250 16571 16934 17014
16171 16258 17020 17047
16645 16565 16676 16996
16587 16373 17306 16383
16586 16627 17022 16589
16580 16875 17254 16368
16723 16767 16787 16397
16307 16202 17215 16931
16712 16362 17048 16874
16658 16366 16975 16876
17046 16243 16723 16582
16222 16326 17049 17001
16332 16480 16976 17061
16518 16344 17327 16389
16990 16562 16485 16503
16643 16347 17010 16935
17033 16288 16751 16583
16139 16755 16950 16872
16746 16845 16819 16371
17022 16537 16856 16498
16929 16580 16489 16556
16661 16400 16928 16897
17059 16275 16747 16572
16381 16625 16863 17024
16268 16682 16999 16977
16815 16698 16460 16730
16494 16469 16660 17070
16544 16749 17289 16408
16595 16562 17027 16595
16960 16577 16484 16559
16688 16394 16869 16874
17100 16341 16689 16583
16837 16699 16439 16752
16827 16747 16457 16662
16853 16744 16422 16652
16805 16728 16393 16713
16903 16614 16558 16555
17110 16255 16656 16576
16291 16695 16992 16891
16332 16602 16819 17080
16215 16366 17035 17011
16097 16800 16937 16873
16786 16828 16823 16336
16964 16599 16491 16518
16240 16430 17447 16669
16357 16637 16773 17085
16812 16675 16595 16677
16851 16619 16443 16772
16774 16732 16466 16651
16777 16756 16365 16710
16213 16330 17058 16993
16591 16415 17125 16860
16561 16511 16874 16945
16479 16328 17348 16387
16550 16607 17079 16833
16725 16748 16858 16299
16951 16594 16530 16523
17079 16201 16650 16648
16838 16621 16441 16780
16745 16727 16471 16667
16215 16333 17059 16984
16430 16569 16961 16965
16392 16497 16986 17008
16563 16514 16875 16936
16536 16332 17321 16373
16570 16740 17274 16372
16782 16752 16831 16285
16204 16352 17452 16694
16763 16416 16848 16766
17053 16210 16665 16684
16307 16575 16907 17000
16782 16623 16479 16744
16750 16760 16410 16668
16179 16255 17064 17009
16422 16573 16974 16978
16558 16312 17349 16373
16572 16743 17275 16363
16740 16683 16837 16305
17018 16419 16859 16567
16936 16631 16492 16503
16179 16350 17482 16632
16597 16367 17118 16917
16698 16501 16747 16934
16389 16554 16923 17029
16802 16622 16509 16708
16742 16731 16495 16645
16703 16780 16354 16617
16521 16543 16640 17051
16092 16805 16982 16868
16593 16679 17286 16346
16801 16763 16802 16342
16555 16337 17130 16885
16785 16416 16864 16746
16289 16690 16887 16940
16688 16761 16389 16676
16230 16327 17082 16938
16523 16546 16641 17042
16568 16483 16950 16951
16060 16760 16997 16971
16543 16331 17323 16386
16766 16707 16830 16348
17039 16445 16790 16443
16918 16685 16497 16559
16770 16397 16899 16805
17008 16207 16718 16618
16278 16733 16912 16930
16312 16574 16876 17050
16237 16626 16885 17045
16844 16673 16477 16646
16734 16748 16521 16652
16266 16405 17077 16913
16421 16556 17053 16920
16528 16503 16654 17041
16628 16582 17023 16789
16570 16668 17270 16392
16808 16776 16824 16328
16882 16607 16502 16584
16355 16274 17284 16922
16593 16374 17112 16832
16791 16402 16870 16843
16300 16691 16853 16890
16348 16652 16871 17025
16830 16677 16448 16694
16264 16402 17076 16922
16572 16477 17387 16345
16553 16735 17267 16413
16772 16698 16829 16353
16857 16632 16474 16606
16167 16402 17425 16671
16650 16378 17085 16818
17138 16267 16736 16573
16303 16722 16935 16866
16361 16597 16920 16994
16727 16777 16590 16575
16602 16750 16425 16732
16490 16523 16651 17067
16560 16474 17015 16859
16021 16774 16988 16967
16584 16427 17331 16356
16593 16559 17026 16604
16551 16732 17266 16422
16754 16763 16826 16365
16165 16399 17424 16680
16648 16375 17084 16827
16778 16360 16838 16848
17043 16198 16729 16601
16733 16496 16747 16892
16638 16828 16420 16707
16256 16447 17096 16901
16446 16585 17008 16909
16471 16587 17003 16909
16706 16712 16825 16397
16152 16454 17375 16711
16772 16387 16865 16885
17007 16120 16734 16626
16775 16655 16558 16688
16582 16775 16474 16679
16469 16584 17002 16918
16523 16610 17004 16649
16116 16376 17380 16736
16735 16315 16914 16854
16144 16601 17009 16994
16769 16659 16612 16678
16584 16778 16475 16670
16457 16582 16970 16919
16525 16613 17005 16640
16620 16726 17191 16439
16693 16767 16776 16428
16118 16379 17381 16727
16737 16318 16915 16845
16378 16568 16861 17032
16553 16746 16455 16702
16512 16599 16897 16931
16553 16606 16946 16847
16014 16772 16955 16992
16626 16699 17164 16402
16763 16239 16941 16862
17002 16173 16742 16628
16614 16826 16420 16739
15989 16691 16922 17027
16680 16408 17289 16400
16557 16582 17024 16621
16191 16407 17403 16725
16824 16319 16906 16899
16415 16754 16921 16792
16421 16589 16898 16971
16562 16753 16423 16702
16509 16636 16868 16921
16718 16450 17292 16365
16302 16143 17354 16860
16764 16248 16879 16915
17077 16187 16771 16536
16385 16795 16969 16685
16446 16624 16852 16976
16240 16583 17106 16898
16835 16677 16534 16611
16613 16821 16452 16656
16243 16483 17166 16830
16487 16604 16887 16932
16671 16553 16532 16997
15996 16693 16955 17002
16657 16370 17327 16328
16585 16655 17011 16600
16751 16303 16830 16946
16418 16749 16884 16660
16416 16599 16897 17012
16831 16655 16531 16680
16565 16534 17088 16821
16687 16446 17315 16298
16633 16677 16994 16514
16641 16404 17153 16750
16694 16299 16857 16960
17113 16186 16703 16608
16414 16773 16960 16689
16404 16744 16895 16824
16397 16784 16874 16791
16167 16567 17030 16945
16780 16587 16502 16726
16527 16497 17106 16874
16744 16527 17096 16755
16620 16679 16992 16522
16643 16407 17154 16741
16672 16319 16829 16960
17100 16241 16654 16639
16774 16471 16690 16930
16440 16749 16900 16640
16367 16525 16820 17062
16166 16578 17015 16980
16694 16816 16465 16521
16462 16601 16898 16936
16038 16780 16969 16971
16687 16398 17316 16308
16661 16684 16993 16441
16611 16733 17211 16401
17026 16395 16833 16521
16681 16358 16815 17016
16775 16466 16671 16791
16804 16507 16593 16791
16425 16730 16935 16699
16366 16730 16868 16863
16661 16555 16633 17059
16619 16633 17025 16503
16623 16693 17185 16386
17030 16369 16900 16502
16584 16247 16829 17037
17067 16283 16727 16573
16784 16460 16816 16870
16483 16744 16897 16678
16364 16727 16867 16872
16375 16454 16825 17077
16180 16568 16974 17024
16819 16541 16483 16766
16629 16531 16991 16734
16625 16477 16638 17084
16630 16394 17343 16322
16622 16585 17061 16506
16625 16696 17186 16377
16973 16388 16891 16509
16752 16476 16683 16895
16867 16484 16539 16740
16421 16727 16894 16755
16336 16757 16869 16848
16411 16532 16820 17052
16835 16481 16472 16799
16627 16480 16639 17075
16024 16761 17065 16899
16680 16507 17305 16382
16638 16641 17235 16346
16979 16480 16859 16524
16964 16435 16894 16504
16998 16423 16805 16518
16659 16261 16858 16945
16706 16499 16711 16901
16852 16465 16574 16799
16362 16678 16895 16865
16297 16717 16795 16918
16422 16449 16836 17062
16871 16559 16467 16774
16592 16504 17028 16814
16648 16416 16650 17058
16035 16775 17049 16853
16663 16676 17189 16351
16951 16437 16892 16512
17040 16332 16782 16576
16215 16349 17414 16704
16707 16312 16859 16913
16681 16464 16757 16896
16708 16415 16714 16927
16796 16456 16668 16843
16490 16518 16886 17045
16229 16596 16960 17038
16870 16600 16436 16722
16543 16653 16903 16859
16637 16478 17022 16791
16684 16494 16645 17033
16048 16720 17098 16822
16661 16673 17188 16360
17042 16335 16783 16567
17035 16423 16787 16512
16202 16404 17365 16735
16770 16371 16814 16923
17076 16319 16711 16552
16684 16511 16752 16928
16789 16418 16598 16877
16346 16740 16839 16862
16178 16528 16931 17084
16864 16556 16487 16724
16623 16414 16680 16996
16648 16728 17139 16391
16924 16459 16842 16612
17048 16308 16756 16530
17073 16389 16789 16495
16323 16191 17333 16825
16218 16345 17335 16710
16709 16362 16826 16935
17092 16287 16712 16523
16721 16503 16686 16868
16830 16391 16679 16889
16214 16606 16926 17059
16926 16544 16433 16643
16733 16814 16451 16522
16501 16602 16935 16921
16649 16508 17001 16800
16603 16496 16682 17016
16632 16550 17069 16640
17035 16363 16707 16561
17023 16397 16824 16496
16302 16145 17344 16814
16248 16421 17323 16680
16661 16311 16825 16967
17079 16342 16663 16554
16384 16748 16891 16817
16227 16551 16975 17028
16965 16563 16379 16636
16745 16780 16433 16479
16499 16599 16934 16930
16600 16475 16668 17022
16940 16541 16783 16538
16864 16430 16876 16566
16276 16154 17359 16850
16648 16366 16776 16998
17098 16395 16631 16490
16759 16390 16710 16898
16868 16455 16696 16786
16459 16752 16754 16758
16980 16526 16417 16656
16684 16798 16437 16532
16475 16407 17173 16821
16703 16703 17207 16321
17017 16289 16905 16529
16669 16388 17118 16747
17169 16379 16640 16490
16747 16430 16736 16913
16863 16414 16662 16821
16457 16743 16848 16771
16594 16601 16911 16870
16255 16737 16950 17008
16988 16502 16391 16610
16745 16783 16370 16495
16444 16410 17178 16818
16481 16612 16906 16920
16608 16463 16704 16992
16070 16722 17096 16813
16644 16330 17294 16425
16705 16706 17208 16312
16917 16456 16928 16514
17053 16367 16900 16504
16234 16382 17265 16693
16581 16603 16909 16878
16987 16486 16431 16646
16459 16632 16878 16920
16610 16466 16705 16983
16035 16665 17110 16842
16646 16352 17290 16406
16593 16547 17117 16705
16669 16628 17213 16337
16977 16498 16830 16508
16996 16363 16927 16518
16189 16383 17251 16765
17108 16299 16675 16453
16725 16530 16788 16841
16806 16410 16689 16835
16610 16571 16834 16810
16999 16467 16412 16635
16726 16842 16375 16516
16495 16650 16805 16919
16631 16402 16716 16966
16620 16407 17246 16424
16656 16683 17164 16368
16998 16366 16928 16509
16687 16284 16784 16995
17102 16326 16702 16490
16746 16466 16799 16824
16803 16389 16734 16786
16793 16465 16640 16866
16456 16769 16800 16750
16637 16603 16837 16807
17006 16427 16426 16625
16480 16631 16840 16978
16618 16457 16667 16997
15959 16628 17127 16893
16633 16675 17192 16339
16891 16487 16901 16502
16986 16286 16983 16510
16334 16169 17295 16834
16768 16478 17115 16726
16700 16229 16833 16964
17100 16323 16701 16499
16733 16521 16750 16855
16806 16409 16752 16753
16612 16568 16883 16802
16304 16709 16852 16881
17007 16443 16386 16589
16597 16514 16989 16802
16616 16454 16666 17006
15967 16684 17109 16869
16623 16490 17248 16391
16669 16753 17187 16314
17001 16579 16802 16431
16889 16484 16900 16511
16981 16366 16961 16565
16286 16276 17237 16920
16381 16265 17269 16886
16166 16351 17298 16751
16725 16264 16787 16969
17087 16378 16652 16530
16727 16500 16806 16880
16471 16788 16765 16691
16473 16728 16782 16765
16606 16595 16910 16839
16745 16792 16289 16492
16591 16541 17016 16839
15955 16819 17107 16925
16682 16698 17236 16283
16946 16539 16871 16441
16919 16560 16888 16481
16288 16279 17238 16911
16164 16348 17297 16760
16689 16186 16792 16994
17127 16399 16587 16533
16674 16503 16811 16888
16809 16401 16717 16812
16604 16592 16909 16848
16988 16401 16473 16700
16741 16816 16365 16521
16589 16538 17015 16848
16641 16456 16636 17068
15984 16633 17064 16936
16667 16408 17294 16387
16660 16718 17208 16283
16987 16544 16872 16360
16848 16566 16956 16451
17000 16337 16889 16583
16367 16263 17239 16897
16731 16255 16786 16974
17112 16380 16622 16592
16662 16423 16866 16889
16490 16758 16824 16757
16591 16647 16860 16879
16950 16444 16368 16691
16739 16813 16364 16530
16564 16563 16987 16870
16643 16459 16637 17059
16654 16699 17224 16245
16931 16573 16900 16402
16869 16517 16936 16464
16683 16447 17131 16718
16729 16252 16785 16983
17065 16322 16657 16610
16692 16499 16854 16859
16432 16741 16878 16709
16555 16569 16865 16904
17020 16419 16379 16734
16408 16528 16917 17021
16528 16485 16992 16895
16656 16404 16686 17028
15959 16631 17094 16874
16627 16342 17301 16398
16641 16754 17175 16276
16917 16512 16934 16468
16841 16475 16951 16519
17013 16354 16947 16508
16716 16307 16736 17014
17067 16325 16658 16601
16710 16552 16772 16821
16557 16572 16866 16895
16496 16444 17171 16759
16553 16566 17025 16860
16713 16408 16659 17014
16614 16397 17252 16429
16659 16807 17093 16238
16875 16576 16886 16415
17061 16320 16867 16419
16279 16264 17312 16777
16169 16310 17287 16770
16719 16446 17063 16790
16691 16272 16782 17009
17053 16257 16708 16590
16697 16554 16770 16829
16807 16375 16731 16749
16693 16794 16382 16607
16495 16585 17066 16866
16719 16381 16632 16977
16666 16779 17169 16244
16617 16819 16919 16508
16938 16553 16832 16364
17024 16351 16909 16518
16143 16319 17302 16806
16697 16466 17035 16790
16759 16542 16716 16748
16857 16373 16730 16744
16436 16690 16932 16775
16565 16526 16876 16911
17006 16374 16384 16682
16658 16785 16375 16638
16706 16436 16583 17008
15823 16696 17143 16933
16654 16430 17269 16391
16683 16766 17126 16161
16930 16577 16858 16410
16881 16457 16957 16445
17055 16314 16832 16455
16343 16280 17210 16906
16360 16341 17283 16789
16669 16509 17041 16786
16696 16377 16780 16957
16741 16489 16798 16786
16827 16297 16742 16774
16423 16745 16883 16806
16507 16586 16927 16949
16962 16350 16417 16757
16637 16849 16364 16655
16394 16568 16953 16991
16718 16396 16557 16993
15763 16593 17050 16973
16667 16375 17318 16360
16730 16743 17074 16145
16577 16846 16906 16451
16845 16379 16962 16470
17058 16266 16868 16458
16185 16389 17276 16749
16723 16489 17004 16758
16727 16350 16777 16984
17030 16338 16696 16584
16815 16337 16768 16789
16454 16680 16829 16782
16379 16747 16906 16818
16471 16402 17214 16697
16451 16572 16926 16977
16712 16423 16584 17030
15844 16686 17106 16957
16692 16424 17273 16366
16712 16744 17117 16165
16573 16870 16982 16480
16849 16570 16820 16443
17056 16263 16867 16467
16211 16380 17261 16713
16750 16518 16929 16702
16740 16295 16826 16953
16836 16273 16779 16772
16456 16683 16830 16773
16417 16682 16844 16819
16565 16488 16983 16949
16183 16660 17023 16961
16679 16900 16332 16593
16464 16517 16975 16946
16715 16358 16563 16999
16690 16421 17272 16375
16522 16802 16953 16526
16882 16462 16985 16433
17086 16339 16855 16437
16201 16466 17294 16720
16721 16541 16815 16814
16826 16359 16812 16779
16424 16680 16879 16793
16465 16704 16827 16733
16692 16845 16381 16562
16466 16520 16976 16937
16740 16439 16596 16964
16535 16807 16914 16521
16803 16580 16815 16492
16214 16411 17343 16689
16775 16323 16772 16880
16733 16491 16759 16825
16823 16328 16730 16803
16470 16700 16822 16764
16469 16401 16982 16969
16487 16456 16987 16920
16716 16445 16587 16961
15846 16707 17159 16887
16760 16743 17024 16134
16805 16598 16753 16490
17028 16373 16912 16449
16271 16415 17316 16675
16766 16306 16814 16944
17065 16343 16671 16579
16909 16313 16718 16794
16540 16719 16874 16692
16939 16378 16429 16756
16707 16808 16419 16582
16474 16511 16938 16951
16743 16477 16590 16958
16625 16436 17303 16414
16695 16741 16831 16579
16820 16561 16791 16510
16349 16213 17334 16732
16719 16248 16849 16962
16802 16407 16780 16752
16896 16368 16669 16825
16388 16796 16818 16850
16945 16351 16402 16719
16694 16863 16370 16613
16402 16516 16956 16999
16696 16442 16620 16973
15825 16661 17170 16876
16635 16350 17270 16407
16727 16685 17051 16208
16858 16608 16725 16436
16351 16216 17335 16723
16331 16388 17306 16656
16809 16481 16998 16648
16706 16303 16800 16993
17072 16350 16731 16565
16796 16434 16807 16789
16382 16800 16872 16840
16596 16675 16869 16680
16567 16491 16984 16940
16981 16429 16397 16694
16678 16790 16419 16620
16412 16505 17190 16760
16690 16469 16647 17010
15812 16716 17121 16907
16660 16385 17224 16412
16849 16610 16725 16452
16939 16466 16958 16419
16782 16503 16969 16679
16669 16268 16795 17018
17047 16269 16698 16600
16740 16419 16834 16833
16888 16377 16707 16811
16535 16689 16876 16717
16289 16608 16977 16988
16994 16374 16446 16663
16349 16445 16902 17058
16688 16466 16646 17019
15754 16677 17161 16876
16658 16382 17223 16421
16790 16681 17024 16238
16871 16656 16649 16408
16903 16388 16963 16444
16932 16286 16968 16565
16380 16419 17295 16536
16794 16463 16943 16664
16694 16303 16749 17023
17049 16272 16699 16591
16894 16350 16680 16774
16589 16713 16928 16706
16314 16643 16931 16993
16663 16827 16381 16600
16407 16533 17177 16744
16667 16530 16635 17036
15805 16745 17190 16830
16688 16458 17211 16391
16877 16643 16650 16430
16953 16386 16962 16439
16385 16141 17309 16758
16796 16466 16944 16655
16658 16225 16754 17048
16717 16453 16759 16911
16881 16405 16631 16805
16257 16639 16958 17007
16932 16386 16500 16744
16720 16831 16354 16586
16404 16538 17237 16680
16353 16507 16930 17037
16625 16461 16641 17056
16616 16463 17229 16439
16725 16682 17050 16217
16708 16746 16792 16574
16852 16680 16689 16462
16896 16382 16989 16453
16945 16288 16966 16590
16347 16360 17301 16507
16821 16441 16972 16633
16636 16245 16726 17048
17055 16274 16690 16608
16845 16327 16636 16830
16389 16831 16903 16777
16919 16441 16451 16775
16732 16791 16328 16571
16395 16556 16940 16988
16661 16539 16636 17031
16628 16413 17173 16450
16712 16737 17001 16248
16890 16615 16627 16463
16883 16437 16940 16484
16932 16343 16917 16621
16624 16293 16661 17041
16631 16413 16756 16924
16884 16432 16444 16806
16734 16827 16305 16589
16402 16502 17260 16662
15905 16668 17168 16791
16593 16418 17173 16492
16717 16694 17014 16247
16914 16641 16613 16458
16881 16434 16939 16493
16938 16316 16890 16584
16414 16197 17199 16866
16829 16418 16965 16621
16567 16289 16688 17055
17072 16270 16683 16605
16656 16494 16789 16889
16814 16273 16630 16902
16229 16704 16875 17059
16914 16508 16432 16776
16721 16785 16273 16594
16389 16557 17211 16693
15952 16718 17183 16789
16666 16351 17177 16465
16719 16697 17015 16238
16688 16769 16755 16573
16851 16664 16667 16509
16974 16394 16885 16559
16378 16119 17204 16891
16854 16453 16919 16626
16561 16316 16715 17092
17070 16284 16599 16595
16648 16438 16807 16913
16788 16282 16645 16938
16556 16654 16934 16677
16523 16470 16969 16997
16175 16639 16852 17074
16925 16500 16426 16692
16715 16812 16300 16631
16453 16561 17205 16661
16658 16510 16725 16965
15916 16640 17188 16814
16701 16346 17177 16423
16732 16642 17064 16207
16676 16809 16781 16588
16873 16644 16685 16505
16867 16466 16936 16483
16987 16339 16934 16528
16855 16396 16894 16614
16582 16252 16726 17075
16867 16466 16478 16752
16699 16847 16324 16601
15890 16649 17203 16850
16644 16409 17242 16443
16860 16619 16691 16486
16427 16142 17248 16835
16300 16334 17300 16728
16830 16421 16866 16636
16584 16255 16727 17066
16804 16359 16663 16909
16354 16817 16760 16887
16164 16642 16890 17064
16880 16464 16480 16744
16737 16782 16262 16602
16446 16589 17129 16655
16571 16507 17061 16784
15865 16568 17170 16885
16754 16603 17029 16263
16816 16512 16990 16551
16931 16368 16962 16570
16413 16243 17265 16855
16401 16151 17263 16871
16841 16338 16882 16646
16597 16200 16776 17035
16756 16333 16681 16940
16318 16739 16765 16912
16555 16628 16927 16728
16514 16430 16929 17018
16142 16662 16862 17064
16850 16420 16524 16818
16785 16804 16245 16516
16459 16534 17178 16624
16569 16548 17074 16812
15852 16623 17121 16916
16612 16374 17267 16501
16741 16658 16980 16294
16619 16766 16849 16607
16854 16447 16928 16552
16918 16423 16913 16601
16400 16298 17216 16886
16359 16102 17253 16920
16274 16389 17256 16746
16828 16393 16833 16677
16595 16241 16789 17063
16730 16398 16808 16880
16792 16411 16676 16915
16542 16683 16878 16759
16519 16387 16942 17017
16071 16668 16930 17034
16841 16467 16527 16813
16767 16838 16281 16536
16628 16442 16761 16926
15795 16619 17148 16930
16644 16385 17251 16415
16716 16577 16947 16329
16644 16801 16803 16612
16917 16642 16647 16449
16937 16442 16886 16502
16882 16345 16918 16626
16343 16294 17243 16900
16298 16370 17258 16670
16826 16390 16832 16686
16580 16192 16795 17088
16805 16356 16725 16884
16373 16740 16737 16907
16120 16608 16901 17064
16402 16490 17239 16691
16431 16582 16903 16968
16677 16509 16719 16953
16670 16447 17212 16414
16704 16617 16973 16344
16608 16723 16808 16637
16914 16486 16887 16514
16907 16380 16872 16631
16364 16157 17227 16901
16302 16392 17261 16601
16851 16471 16865 16651
16567 16247 16746 17119
16981 16345 16657 16678
16696 16407 16770 16900
16409 16818 16732 16882
16515 16687 16923 16717
16094 16663 16857 17082
16389 16545 17190 16722
16456 16617 16857 16973
16645 16398 17257 16408
16661 16700 16985 16355
16610 16726 16809 16628
16881 16620 16659 16459
16981 16477 16811 16540
16920 16325 16921 16600
16318 16292 17273 16838
16351 16212 17178 16932
16287 16373 17296 16660
16826 16436 16911 16646
16569 16206 16733 17091
16973 16328 16659 16639
16721 16442 16724 16905
16794 16313 16684 16914
16422 16763 16781 16851
16531 16696 16860 16719
16821 16786 16276 16485
16347 16476 17196 16742
16679 16510 16790 16880
16707 16692 16947 16323
16615 16683 16822 16627
16994 16422 16860 16509
16956 16403 16916 16575
16309 16143 17184 16952
16253 16379 17352 16689
16828 16439 16912 16637
16599 16282 16721 17061
16667 16429 16779 16896
16781 16368 16635 16945
16410 16803 16807 16866
16498 16690 16867 16768
16424 16436 16950 17000
16408 16556 17161 16779
16635 16444 16794 16901
16648 16423 17228 16434
16720 16637 16996 16292
16651 16761 16817 16602
16887 16594 16662 16440
17019 16457 16814 16514
16921 16394 16909 16606
16358 16338 17282 16798
16299 16229 17217 16959
16841 16384 16961 16606
16581 16313 16651 17033
16760 16322 16646 16934
16398 16723 16862 16867
16513 16709 16832 16709
16466 16485 16960 16951
16835 16759 16274 16407
16385 16528 17176 16777
16472 16531 16858 17035
16557 16579 17155 16839
16710 16723 17029 16299
16872 16575 16697 16499
17056 16437 16744 16511
16908 16449 16860 16637
16419 16418 17247 16835
16211 16310 17358 16709
16866 16419 16915 16611
16573 16337 16677 17079
17058 16290 16630 16719
16732 16526 16793 16797
16796 16400 16641 16909
16509 16687 16829 16778
16460 16489 17014 16941
16828 16797 16333 16433
16427 16597 17170 16757
16563 16552 17128 16802
15960 16876 17010 16794
16624 16334 17241 16486
16714 16699 16953 16270
16890 16628 16615 16461
16848 16378 16833 16653
16389 16342 17259 16865
16226 16148 17226 17002
16198 16365 17309 16740
16830 16341 16920 16636
16608 16328 16644 17073
17010 16248 16663 16776
16707 16491 16839 16792
16819 16407 16607 16854
16349 16700 16818 16923
16522 16713 16800 16722
16771 16793 16360 16447
16425 16594 17169 16766
16614 16562 16730 16973
16134 17006 17174 16799
16104 16930 17186 16829
16709 16797 17244 16702
16675 16752 17176 16777
16114 17017 17036 16825
16573 16676 17181 16919
16595 16836 17033 16519
16029 16949 17081 16910
16339 16804 17043 16887
16886 16621 16999 16751
16271 16944 16859 16768
16643 16870 16881 16603
16802 16648 16941 16901
16758 16961 16802 16514
16148 16923 16739 16974
16477 16763 17053 16877
16199 16991 16768 16928
16705 16934 16786 16588
16318 16871 17065 16845
16134 16979 16796 16908
16827 16763 16877 16459
16724 16745 17294 16662
16676 16896 16883 16554
15849 17012 16740 16893
16733 16750 17037 16667
15801 17034 16649 16857
16831 16746 16816 16445
16506 16867 17132 16522
16525 16873 16793 16931
16641 16561 17272 16717
16683 16643 17182 16766
16463 16741 17171 16926
16085 16841 17030 16936
15793 16996 16730 16951
16127 16836 16809 16976
16474 16650 17230 16965
16189 16925 16631 16947
15949 16843 16704 17066
16678 16855 16870 16526
16688 16802 17037 16718
16558 16922 16841 16916
16580 16681 17221 16744
16625 16585 16983 17001
16492 16697 17129 16826
17055 16562 16865 16627
16110 17039 17105 16836
16749 16679 17221 16693
16152 16961 16718 16981
16228 16911 16847 16854
16596 16758 17239 16715
15944 16995 16647 16859
16844 16718 16785 16430
16486 16760 17280 16772
16725 16694 17150 16704
16673 16677 17265 16708
16470 16715 16932 17151
16514 16790 17260 16801
16087 16917 16789 16943
16566 16604 17065 16949
16075 16980 16743 17002
16523 16624 17112 16929
15909 17016 16609 16894
16548 16722 17171 16779
15991 17012 16581 16900
16657 16794 17110 16750
16655 16830 16855 16588
16450 16911 16868 16814
16524 16723 17268 16699
16135 16978 16690 17005
16459 16907 16913 16812
16163 16914 16804 16951
16057 16887 16787 17021
16553 16628 16947 16980
16683 16542 16902 17013
16016 16903 16779 16956
16517 16651 17139 16966
16149 16927 16846 16868
16434 16867 16953 16862
16526 16629 16857 17047
16522 16904 16924 16826
16332 16823 16786 17041
15876 16896 16654 17078
15825 17024 16580 16850
15819 17097 16714 16673
16301 16825 16870 17003
16087 16961 17073 16862
16335 17076 16894 16681
16508 16852 17221 16779
15692 17040 16583 16687
16154 16964 16627 16978
16609 16912 16831 16480
15905 16886 16673 17058
16675 16858 16798 16618
16543 16836 16927 16799
16532 16889 16766 16967
15851 16815 16621 17113
16464 16796 17188 16793
16301 16815 16859 17073
16489 16367 17269 16790
16451 16750 16913 17097
16599 16820 16998 16309
16444 16728 16936 17162
16089 16920 16790 16934
16158 16946 16642 16954
15969 16819 16599 17083
16446 16583 16627 17165
16129 16881 16606 17039
15924 16797 16663 17091
16724 16712 17024 16717
16477 16665 16932 17085
16434 16716 17000 17079
16151 16974 16566 16948
16474 16636 17373 16711
16167 16909 16676 16947
16329 16423 17373 16712
16165 16932 16590 17008
16289 16790 16791 17090
16780 16671 17014 16732
16156 16959 16824 16908
16569 16548 16879 17032
16511 16720 16933 17070
16677 16861 16799 16609
15801 17015 16746 16923
15757 17013 16693 16938
16362 16799 16985 17029
15755 17027 16609 16928
15724 17030 16614 16925
16046 16862 16717 17039
16245 16952 16693 16876
16221 16939 16771 16848
16709 16291 17139 16743
16787 16618 17001 16874
16452 16887 16860 16864
17007 16574 16818 16478
16891 16623 16802 16413
16677 16880 16828 16341
16754 16333 17121 16963
16666 16640 17102 16820
16114 16891 16760 17007
16771 16602 16928 16928
16773 16877 16703 16485
16411 16341 17257 16856
16463 16554 17010 17035
16457 16779 17111 16853
16243 16579 17470 16761
16865 16687 16786 16530
16506 16731 17197 16812
16639 16548 16958 16977
15911 16852 16614 17122
16632 16614 16623 17124
16667 16316 17140 16872
15875 16774 16619 17147
16569 16599 16936 17022
16104 16847 16609 17027
16140 16851 16557 17043
16165 16886 16511 17048
15900 16855 16652 17112
16154 16889 16549 17038
15912 16815 16626 17097
16449 16321 17260 16830
16333 16827 16753 17027
16560 16930 17006 16760
16538 16760 16953 17007
16161 16924 16641 16968
16151 16859 16579 17015
15991 16799 16627 17083
16654 16937 16829 16411
16891 16550 16827 16805
16149 16856 16578 17024
16027 16877 16622 17058
16200 16924 16607 16978
16002 16842 16668 17053
16077 16939 16730 16974
16166 16839 16606 17000
16015 16847 16629 17048
16179 16844 16567 16995
16468 16511 17023 17034
16169 16912 16677 16938
16213 16963 16797 16894
16014 16900 16778 16965
16162 16940 16601 16932
16915 16614 16820 16390
16916 16626 16737 16466
16906 16657 16755 16427
17013 16606 16742 16607
16598 16855 16766 16933
16956 16598 16823 16759
16165 16906 16767 16950
17065 16622 16665 16401
16937 16618 16731 16369
16150 16925 16741 16963
16152 16928 16742 16954
16924 16648 16659 16382
16622 16881 16752 16928
17074 16591 16722 16691
16040 16897 16746 16990
16038 16894 16745 16999
16806 16708 16708 16892
16095 16898 16718 16985
16842 16786 16703 16867
16507 16854 16812 16962
16844 16544 16991 16816
16709 16367 17108 16810
16605 16498 16883 17082
16144 16921 16762 16929
16933 16712 16571 16360
16558 16478 16849 17115
16411 16799 16864 17067
16825 16594 16925 16817
16158 16962 16825 16899
16693 16533 17093 16883
16824 16619 16906 16876
16213 16777 17089 16873
16840 16752 16790 16517
16147 16924 16845 16877
16421 16831 17041 16879
16544 16825 17097 16748
17012 16541 16828 16688
16806 16516 17065 16804
16577 16538 16956 17076
16226 16908 16846 16863
16946 16518 16781 16790
16177 16885 16802 16919
16954 16622 16563 16451
16202 16920 16756 16924
16536 16764 17154 16786
16479 16590 17143 16968
17117 16488 16547 16430
16588 16748 16926 16821
16831 16518 17035 16866
16484 16732 16964 16914
17077 16572 16609 16412
16815 16292 17046 16793
16565 16766 16868 16974
16381 16840 16937 16936
16667 16567 16863 17021
16992 16557 16937 16607
16766 16539 16962 16914
16678 16669 17155 16734
17102 16498 16513 16451
16587 16900 16333 16835
16780 16733 17227 16621
16631 16695 17328 16330
16536 16742 17027 16867
16608 16809 17223 16455
16587 16835 17268 16358
16383 16648 16971 17125
16638 16769 16791 16898
16600 16771 17274 16331
16178 16370 16976 17119
16705 16586 16786 16975
16709 16455 17049 16864
16730 16718 17267 16625
16716 16586 16638 17072
16723 16620 16726 16974
17099 16499 16679 16476
17075 16536 16632 16394
16427 16951 16850 16791
16609 16657 17150 16867
16914 16479 16919 16895
16403 16483 17048 17005
16822 16542 16998 16868
16235 16938 16814 16820
17101 16569 16528 16339
17122 16593 16560 16303
16555 16831 17255 16450
16660 16732 17216 16739
16264 16811 17102 16841
16817 16559 17095 16511
16945 16487 16889 16738
16735 16608 17117 16697
16633 16382 17072 16889
16361 16828 17027 16928
16625 16840 16955 16503
16602 16683 17214 16741
16219 16738 17018 16936
17114 16514 16577 16308
16379 16372 17238 16875
17124 16623 16597 16296
16419 16647 16903 17197
16587 16968 16762 16833
17080 16557 16650 16282
17134 16562 16479 16276
17181 16562 16502 16233
16556 16475 16848 17124
17156 16481 16469 16268
17150 16508 16496 16305
16693 16557 17149 16759
17148 16505 16495 16314
16770 16481 17116 16717
17135 16560 16446 16345
16465 16880 17131 16272
16633 16608 17143 16851
16634 16487 16879 17018
16636 16865 16851 16665
16629 16828 16851 16814
16494 16751 17290 16413
16529 16557 17358 16671
16623 16433 17302 16423
17116 16517 16578 16299
17128 16477 16552 16284
17115 16532 16503 16315
16730 16468 17083 16784
16779 16850 16676 16448
16582 16446 16894 17047
16849 16499 17081 16451
16820 16569 17025 16412
17074 16641 16543 16323
16832 16542 17069 16320
16804 16788 16788 16381
16771 16880 16773 16376
16067 15801 16626 17253
16767 16788 17178 16652
16921 16697 16425 16782
16861 16488 17036 16426
16279 16399 16622 17213
16069 15796 16636 17240
16745 16822 16256 16577
17128 16523 16579 16199
16905 16705 16596 16495
16483 16567 17135 16983
16547 16752 17218 16753
17141 16468 16628 16168
16733 16840 16391 16567
17135 16495 16655 16205
16686 16872 16408 16599
17133 16492 16654 16214
16874 16531 17131 16291
17120 16547 16605 16245
16327 16862 17132 16792
16728 16432 17106 16766
16875 16549 17246 16243
16063 15691 16657 17201
16845 16524 17048 16425
16657 16854 16408 16637
16563 16691 17189 16756
16673 16898 16808 16345
17093 16502 16699 16251
16152 15968 16547 17244
16645 16870 16299 16788
16595 16364 17117 16926
16060 15823 16552 17240
16616 16720 17054 16905
16136 16984 17076 16778
16841 16404 17091 16309
16766 16295 17112 16729
16191 16868 17217 16824
16832 16456 17069 16637
16030 15831 16575 17225
16426 16563 17162 16997
16808 16488 17075 16541
16785 16502 17179 16464
16820 16489 17094 16420
16767 16836 16822 16230
16481 16626 17120 16986
16506 16667 17338 16702
16229 16401 16623 17218
16424 16286 17306 16825
16160 15962 16497 17242
16465 16723 17302 16774
16217 15966 16470 17228
16533 16713 17337 16757
16158 16935 17025 16761
16635 16871 16936 16199
17082 16576 16502 16426
16525 16704 17148 16823
17033 16642 16428 16368
16167 15878 16479 17232
16580 16900 16955 16249
17045 16681 16429 16338
16127 15941 16486 17262
16693 16550 16675 17092
16678 16825 16749 16849
16172 16069 16503 17228
17009 16632 16468 16405
16616 16837 16803 16930
16989 16648 16556 16346
16198 16018 16381 17220
16592 16850 16899 16260
17040 16668 16514 16287
16192 16045 16408 17257
16066 16759 17208 16843
16824 16553 17087 16366
17032 16651 16516 16248
16141 15986 16463 17258
16584 16635 17131 16883
17000 16670 16600 16336
16261 16267 17242 16940
16136 15991 16508 17253
16110 16000 16523 17289
16123 16046 16459 17284
16769 16736 16666 16898
16080 16963 17117 16866
16066 16042 16486 17298
16102 16120 16481 17273
16971 16738 16653 16294
16115 16065 16530 17242
16840 16824 16872 16335
16118 16004 16480 17243
16780 16714 16470 16893
16352 16518 17010 17052
16749 16826 16835 16431
16910 16658 16688 16257
16784 16825 16822 16345
16946 16657 16620 16329
16720 16524 17315 16292
16603 16549 17362 16488
16960 16717 16570 16339
16836 16310 17056 16764
16965 16747 16546 16302
16993 16723 16520 16312
16558 16732 17157 16781
16999 16696 16493 16275
16748 16848 16820 16362
16745 16834 16834 16326
16962 16720 16571 16330
16263 16135 17297 16927
16932 16644 16583 16360
16281 16211 17230 16967
16083 16146 16433 17230
16763 16729 16698 16909
16547 16713 16950 17012
16671 16639 17068 16841
16352 16588 17072 17048
16276 16215 17292 16900
16708 16386 17061 16858
16145 16887 17060 16628
16770 16438 17070 16829
16020 16979 17134 16885
16654 16577 16728 17066
16972 16610 16543 16411
16147 16890 17061 16619
16618 16729 17334 16655
16325 16216 17312 16886
16142 16957 17049 16741
16460 16903 17018 16798
16698 16374 17125 16775
16451 16729 17021 16935
16982 16618 16489 16425
16684 16872 16857 16508
16282 16720 16991 16972
16551 16757 17273 16383
16948 16666 16502 16491
16459 16291 17281 16820
16931 16610 16509 16515
16274 16212 17291 16909
16930 16658 16519 16540
16879 16718 16515 16531
16050 16066 16563 17257
16916 16698 16390 16709
16923 16670 16466 16715
16940 16657 16423 16632
16300 16181 17358 16881
16959 16682 16403 16632
16673 16522 16877 17048
16317 16768 17051 16905
16933 16657 16396 16680
16493 16504 17017 17097
16873 16551 16976 16805
16925 16681 16422 16726
16926 16697 16382 16690
16382 16664 17060 17018
16380 16217 17311 16799
16777 16888 16753 16324
16286 16405 16596 17204
17016 16731 16392 16573
16273 16251 17197 16983
16721 16681 16942 16741
16955 16651 16427 16536
16790 16458 17097 16765
16884 16261 17012 16735
16949 16678 16454 16573
16808 16622 16994 16848
16892 16674 16481 16587
16585 16514 16930 17030
16820 16949 16748 16433
16894 16677 16482 16578
16859 16226 17058 16730
16916 16658 16531 16753
16505 16718 17141 16813
16846 16281 17009 16761
16886 16689 16446 16608
16877 16669 16493 16582
16747 16542 17029 16811
16146 16276 17020 17055
16829 16902 16745 16438
16705 16346 17031 16927
16830 16545 17003 16804
16857 16477 16991 16843
17006 16567 16854 16775
16877 16684 16625 16487
16888 16570 16941 16746
16864 16739 16576 16518
16691 16754 17144 16708
16876 16499 16916 16921
16865 16748 16514 16571
16283 16152 17199 16988
16374 16277 17279 16865
16770 16514 17092 16744
16737 16511 17272 16209
16984 16601 16824 16643
16871 16684 16458 16603
16480 16744 17201 16823
17025 16486 16877 16657
16776 16428 17250 16192
16879 16672 16494 16573
16149 16299 17076 16998
16332 16221 17332 16784
16768 16452 17276 16238
16566 16218 17362 16743
16864 16724 16444 16613
16743 16417 17287 16256
16641 16609 17295 16323
16732 16374 17281 16263
16734 16596 16978 16881
16452 16663 16962 17023
16257 16174 17179 17012
16995 16455 16898 16657
16850 16725 16445 16713
16743 16371 17243 16273
16872 16700 16418 16567
16745 16374 17244 16264
17081 16555 16616 16432
16770 16349 17272 16242
16320 16643 17337 16778
16244 16740 16988 16998
16828 16811 16714 16566
16831 16429 17237 16279
16300 16298 17268 16854
16188 15944 17102 17019
16497 16601 16629 17072
16656 16536 16706 17093
16509 16726 17136 16819
16709 16617 17132 16733
16306 16050 17113 17003
16797 16803 16787 16598
16576 16753 17302 16316
17069 16480 16862 16516
16868 16640 16892 16841
16184 15946 17091 17041
16526 16755 17303 16321
16340 16344 17277 16814
16665 16313 17139 16881
16659 16675 17158 16806
16652 16368 17090 16912
17083 16474 16659 16597
17094 16458 16645 16511
16966 16707 16480 16473
17003 16532 16894 16603
16599 16783 17267 16390
17035 16474 16925 16596
16696 16642 16697 17005
16794 16323 17237 16564
16963 16614 16552 16451
16411 16286 17261 16939
17065 16404 16920 16612
16651 16807 16896 16562
16546 16800 17260 16384
16961 16611 16551 16460
16564 16798 17236 16397
16974 16616 16512 16455
17046 16321 16711 16746
16711 16341 17298 16612
16946 16659 16518 16451
16693 16353 17338 16369
16622 16617 16664 17044
16567 16589 17006 16960
16829 16787 16793 16469
16677 16333 17491 16413
16531 16852 17210 16424
16544 16797 17259 16393
17084 16336 16771 16632
16580 16875 17254 16368
16712 16362 17048 16874
16680 16588 17044 16914
16644 16510 17049 16939
16746 16845 16819 16371
17154 16285 16793 16587
16544 16749 17289 16408
17100 16341 16689 16583
16853 16744 16422 16652
16903 16614 16558 16555
16477 16716 17017 16924
16460 16418 17038 17015
16786 16828 16823 16336
16290 16469 17451 16742
17116 16259 16711 16653
16597 16576 17389 16525
16936 16631 16492 16503
16179 16350 17482 16632
16597 16367 17118 16917
16334 16833 17063 16869
16865 16772 16829 16377
16060 16760 16997 16971
16918 16685 16497 16559
16364 16768 16918 16967
16870 16702 16554 16825
16740 16756 17175 16655
16355 16274 17284 16922
16233 16774 16993 16981
16654 16548 17085 16855
17097 16281 16820 16601
16638 16828 16420 16707
16281 16482 17389 16731
16192 16511 17441 16807
16302 16143 17354 16860
16657 16370 17327 16328
16865 16456 16875 16951
16687 16446 17315 16298
16667 16566 17164 16795
16706 16478 16916 16968
16571 16763 16956 16865
16744 16527 17096 16755
16786 16593 16824 16942
16687 16398 17316 16308
16686 16467 16926 17017
16584 16449 16895 17038
16630 16394 17343 16322
16977 16445 16946 16523
16680 16507 17305 16382
17101 16453 16881 16545
16255 16496 17438 16745
16821 16390 16879 16972
16822 16616 16905 16885
17107 16415 16800 16517
16323 16191 17333 16825
17100 16329 16717 16629
16733 16814 16451 16522
16441 16170 17346 16876
17133 16361 16666 16564
16952 16570 16890 16663
16276 16154 17359 16850
16679 16541 17125 16788
17171 16398 16685 16529
16751 16464 16854 16930
16628 16618 17031 16902
17008 16400 16947 16626
16502 16636 17262 16799
17108 16305 16691 16583
16726 16842 16375 16516
16691 16623 16811 16999
16986 16286 16983 16510
16350 16206 17296 16902
16768 16478 17115 16726
17001 16579 16802 16431
16996 16485 16901 16581
16981 16366 16961 16565
16381 16265 17269 16886
16245 16357 17309 16802
17124 16403 16674 16544
16747 16834 16327 16524
16003 16953 17162 16931
17127 16399 16587 16533
17022 16478 16793 16731
16741 16816 16365 16521
16998 16563 16921 16391
16731 16255 16786 16974
17112 16380 16622 16592
16749 16813 16661 16564
16931 16573 16900 16402
16729 16252 16785 16983
17020 16419 16379 16734
16627 16342 17301 16398
17013 16354 16947 16508
16716 16307 16736 17014
16713 16408 16659 17014
16659 16807 17093 16238
16691 16272 16782 17009
16719 16381 16632 16977
16617 16819 16919 16508
16201 16446 17311 16827
16724 16584 17042 16798
15967 16875 17167 16956
16930 16577 16858 16410
16988 16488 16987 16493
16360 16341 17283 16789
16982 16482 16743 16806
16637 16849 16364 16655
16472 16589 16989 17066
16724 16562 16612 17026
16667 16375 17318 16360
16580 16849 16906 16793
16848 16549 17006 16743
16768 16606 17021 16783
16727 16350 16777 16984
16659 16685 17066 16802
15957 16961 17200 16963
16573 16870 16982 16480
16546 16709 17129 16799
16679 16900 16332 16593
16946 16503 16987 16441
16520 16589 17117 16976
16740 16439 16596 16964
16716 16565 16674 16985
16955 16499 16825 16821
16708 16875 16725 16587
16743 16477 16590 16958
16625 16436 17303 16414
16926 16507 16816 16832
17008 16359 16656 16732
16694 16863 16370 16613
16706 16303 16800 16993
17149 16352 16761 16573
16788 16569 17004 16697
16458 16648 16997 17002
16406 16753 17172 16884
16790 16681 17024 16238
16902 16671 16696 16424
16906 16447 17024 16520
16932 16286 16968 16565
16694 16303 16749 17023
16924 16504 16815 16841
16436 16668 16969 17002
16672 16545 16704 17054
16901 16655 16736 16460
16523 16197 17325 16804
16720 16831 16354 16586
16616 16480 17239 16752
16852 16742 16737 16561
16945 16288 16966 16590
16732 16793 17178 16694
16734 16827 16305 16589
16914 16641 16613 16458
16425 16236 17238 16874
16858 16493 16951 16807
16579 16414 16860 17098
16715 16812 16300 16631
16873 16644 16685 16505
16882 16429 17029 16651
16699 16847 16324 16601
16472 16286 17253 16872
16391 16721 17327 16744
16835 16607 17128 16291
16931 16368 16962 16570
16413 16243 17265 16855
16767 16838 16281 16536
16462 16641 17157 16972
16917 16642 16647 16449
16343 16294 17243 16900
16580 16192 16795 17088
16810 16656 16931 16900
16567 16247 16746 17119
16524 16830 16869 16893
16318 16292 17273 16838
16499 16791 16923 16859
16496 16512 17184 16952
16452 16807 17282 16798
16871 16811 16703 16418
16419 16418 17247 16835
17058 16290 16630 16719
16890 16628 16615 16461
16963 16474 16870 16661
16389 16342 17259 16865
16226 16148 17226 17002
17010 16248 16663 16776
16594 16803 16923 16576
16451 16631 17237 16855
16268 16217 17220 16982
16560 16286 16677 17130
16798 16902 16356 16478
16281 16162 17269 16951
16567 16246 16691 17120
16597 16246 16641 17109
16957 16447 16789 16801
16270 16119 17228 16981
16610 16244 16643 17101
17066 16574 16724 16652
16239 16376 17355 16770
16617 16216 16719 17107
16574 16692 17141 16883
16658 16231 17322 16746
16283 16165 17164 16976
16849 16443 17051 16534
16529 16778 17199 16790
16707 16893 16773 16560
16612 16727 17109 16886
16542 16587 17036 16979
16570 16790 17088 16820
16249 16237 17252 16982
16533 16750 17039 16867
16906 16627 16656 16463
16539 16671 17318 16659
16592 16637 17215 16778
16936 16639 16592 16399
17093 16395 16747 16576
16613 16284 17270 16853
16188 16157 17287 16945
16213 16427 17444 16765
16818 16452 17083 16720
16433 16733 17204 16834
16555 16600 17188 16779
16603 16718 17253 16705
16830 16918 16705 16402
16921 16620 16627 16458
16952 16447 16903 16728
16434 16747 17158 16839
16891 16620 16677 16469
16970 16374 16865 16692
16432 16744 17157 16848
16031 16908 17068 16882
16569 16706 17290 16711
16066 16961 17087 16877
16738 16269 17283 16628
16812 16865 16787 16440
16558 16732 17188 16760
16575 16638 17177 16898
16683 16233 17292 16808
16414 16247 17293 16841
16515 16711 17122 16802
16559 16677 17264 16716
16471 16660 17127 16920
16115 16911 17045 16850
16845 16372 17061 16590
16608 16600 17153 16852
16899 16685 16679 16421
16638 16604 17075 16857
16637 16607 16698 17023
16912 16630 16728 16390
16570 16222 17301 16881
16475 16663 17362 16743
16587 16641 17235 16734
16623 16584 17071 16928
16651 16697 17237 16708
16109 16894 17099 16908
16767 16814 16745 16468
16559 16186 17334 16846
16534 16688 17147 16798
16615 16572 17073 16866
16601 16604 17043 16928
16603 16535 17190 16783
16270 16830 17081 16853
16759 16838 16771 16514
16550 16796 16941 16789
16490 16737 17177 16820
16570 16601 17217 16751
16597 16582 16710 17039
16881 16632 16761 16459
16835 16463 17015 16520
16560 16821 17088 16772
16464 16739 17125 16843
16644 16617 16680 17024
16800 16525 17139 16536
16803 16776 16760 16561
16800 16784 16852 16532
16541 16658 17228 16793
16771 16588 16949 16897
16174 16768 17077 16904
16622 16322 17328 16498
16772 16285 17289 16584
16603 16821 16909 16854
16557 16649 17369 16618
16623 16311 17343 16463
16918 16625 16689 16347
16498 16106 17369 16809
16196 16298 17369 16775
16251 16856 17206 16853
16758 16245 17242 16589
16913 16627 16686 16344
16536 16142 17374 16773
17093 16205 16828 16550
16478 16769 17032 16838
16700 16600 17060 16772
16525 16799 17082 16785
16532 16590 17179 16927
16641 16563 17080 16871
16977 16640 16764 16267
16820 16337 17107 16585
16525 16761 16966 16876
16699 16670 17032 16821
16750 16229 17257 16613
16852 16747 16657 16435
16923 16616 16790 16336
16472 16633 17372 16720
16470 16562 17167 16969
16646 16605 17071 16829
16680 16535 17081 16844
16660 16564 16702 17030
16898 16581 16836 16331
17066 16379 16889 16488
16833 16523 17029 16546
17059 16255 16738 16667
16547 16578 17390 16530
16484 16757 17140 16822
16528 16565 17091 16930
16635 16475 17070 16908
16790 16226 17295 16564
16890 16740 16823 16408
17071 16377 16893 16575
16819 16658 16971 16810
17018 16341 16956 16446
17129 16204 16760 16622
16593 16648 17301 16690
16677 16716 16994 16803
16602 16487 17110 16878
16872 16625 16826 16308
16960 16302 16996 16415
16877 16493 17067 16406
17154 16239 16714 16627
16565 16561 17372 16531
16749 16698 17017 16705
16638 16565 17105 16853
16847 16730 16873 16305
16996 16380 16991 16390
17118 16161 16719 16652
16475 16710 17090 16899
16555 16690 17382 16646
16580 16642 17059 16930
16613 16484 17072 16888
16460 16651 16998 16993
16681 16265 17310 16642
16971 16345 17037 16385
17105 16216 16670 16683
16555 16667 17031 16952
16685 16666 17143 16770
16743 16621 17097 16711
16465 16608 17011 16992
16911 16636 16793 16247
16958 16400 16988 16416
16681 16230 17291 16817
17054 16148 16641 16729
16462 16509 17399 16568
16927 16408 17022 16456
16583 16167 17350 16850
16309 16384 17381 16685
16825 16413 17074 16609
17090 16226 16636 16704
16923 16746 16865 16216
16519 16612 17387 16671
16827 16416 17075 16600
16529 16736 17053 16876
16274 16805 17069 16866
16846 16777 16706 16406
16376 16391 17438 16644
16819 16379 17099 16655
17109 16267 16674 16626
16479 16738 17054 16881
16276 16808 17070 16857
16034 16981 17164 16874
16897 16845 16735 16360
16844 16412 17068 16597
17107 16264 16673 16635
16388 16692 17361 16554
16276 16794 17103 16838
16281 16765 17083 16856
16549 16468 16987 16985
16876 16769 16791 16387
17102 16307 16660 16636
16489 16760 17093 16838
16713 16545 17109 16741
16834 16806 16783 16351
17108 16280 16633 16599
16390 16650 17398 16555
16300 16748 17062 16891
16288 16736 17014 16933
16910 16425 16992 16466
16791 16591 17034 16408
16416 16089 17313 16911
16840 16567 16905 16862
16285 16830 17009 16951
16781 16566 17043 16579
17085 16339 16683 16650
16723 16688 17236 16729
16814 16569 17021 16535
16512 16164 17278 16906
16799 16538 16873 16911
16426 16700 17357 16509
16283 16812 16977 16961
16887 16657 16854 16238
16525 16109 17327 16875
16482 16758 16840 17065
16422 16774 17016 16867
16706 16557 17074 16747
16820 16648 16879 16309
16936 16370 17004 16436
16561 16187 17322 16850
16795 16543 17026 16572
16374 16768 16904 17002
16372 16713 17339 16472
16624 16696 17028 16859
16464 16843 17010 16847
16708 16552 17053 16788
16457 16723 16886 17060
16993 16374 16977 16422
16787 16563 17032 16461
16296 16456 17487 16528
17054 16265 16742 16634
16816 16629 16904 16863
16367 16738 17334 16390
16682 16758 17150 16768
16507 16826 17016 16842
16280 16680 17008 16959
16923 16588 17014 16306
16999 16347 16950 16385
16331 16793 17391 16438
16785 16664 17007 16835
16455 16726 16837 17068
16802 16299 17211 16518
16857 16507 17002 16341
16534 16144 17306 16906
16791 16545 17033 16757
16685 16692 16968 16757
16729 16551 17038 16747
16559 16179 17260 16911
16333 16428 17450 16562
16415 16708 17456 16447
16628 16651 16966 16840
16486 16874 16956 16821
16260 16718 17012 16949
16669 16594 17044 16851
16943 16774 16808 16246
17045 16482 16909 16587
16572 16124 17309 16880
16329 16487 17456 16532
16315 16716 17373 16467
16276 16795 17030 16920
16694 16629 16998 16856
16593 16172 17288 16845
17144 16366 16682 16532
16246 16719 17042 16950
16505 16580 17233 16818
16715 16512 17067 16778
16816 16244 17363 16516
16591 16117 17297 16839
16235 16376 17522 16491
16356 16816 16831 17068
16322 16688 17449 16473
16710 16555 17054 16779
16565 16694 17190 16747
16473 16704 16850 17117
16981 16585 16856 16125
16802 16601 17135 16340
16578 16172 17248 16870
16209 16385 17537 16527
17139 16422 16639 16485
16578 16628 16932 16953
16231 16738 17016 16963
16658 16549 16753 17051
16611 16169 17226 16860
16184 16304 17504 16562
16535 16849 16973 16795
16538 16660 17202 16766
16822 16210 17256 16518
16417 16711 17457 16438
16283 16794 17032 16933
16804 16229 17332 16541
16820 16588 17163 16350
16575 16091 17231 16885
16420 16630 17425 16478
16584 16599 16947 16929
17016 16498 16871 16425
16787 16483 17107 16541
16476 16666 17384 16518
16691 16224 17254 16822
16322 16329 17430 16654
16299 16812 16858 17082
16439 16645 17406 16478
16269 16753 16991 16980
16680 16508 16643 17097
16748 16157 17301 16584
16619 16157 17227 16864
16239 16677 17003 17010
16537 16668 17317 16668
16121 16884 17018 16813
16804 16565 17237 16243
16515 16865 17052 16703
16125 16941 17035 16808
16623 16192 17271 16818
16585 16822 16969 16655
16753 16502 16535 16999
16116 16886 17015 16810
16741 16203 17251 16620
16868 16577 17170 16237
16738 16483 16570 17058
16833 16736 16850 16422
16881 16522 17219 16206
16475 16667 17393 16456
16389 16731 16942 17022
16590 16644 17214 16755
16615 16619 17242 16733
16730 16507 16596 17104
16409 16763 16887 17049
16509 16711 17349 16404
16482 16745 16983 16877
16383 16761 16945 16946
16743 16526 16518 17024
16761 16208 17295 16602
16833 16500 17236 16292
16370 16763 16943 16954
16544 16625 17257 16746
16788 16474 16518 16973
16781 16250 17258 16566
16820 16555 17187 16323
16795 16416 17146 16457
16389 16816 16911 16890
16536 16605 17214 16802
16843 16740 16800 16451
16795 16474 17154 16358
16718 16531 16835 16944
16425 16587 17438 16477
16591 16630 16868 16907
16786 16438 16541 16955
16831 16552 17149 16333
16668 16285 17242 16848
16708 16481 16917 16959
16573 16819 17090 16764
16383 16799 16924 16908
16535 16617 17233 16786
16780 16465 16568 16992
16183 16960 16995 16721
16825 16533 17165 16295
16418 16627 17424 16487
16474 16875 17013 16745
16543 16673 17215 16762
16409 16635 16967 17114
16737 16387 16582 16997
16752 16232 17258 16604
16867 16582 17175 16246
16535 16847 16928 16844
16739 16390 16583 16988
16884 16735 16912 16249
16832 16550 17147 16290
16689 16206 17265 16771
16336 16720 17355 16749
16441 16787 16966 16862
16744 16347 16596 16987
16889 16554 17120 16276
16676 16261 17216 16802
16478 16843 16955 16858
16513 16679 16920 17042
16780 16425 16591 16962
16859 16654 16879 16284
16956 16512 17114 16254
16619 16257 17243 16816
16573 16671 16663 16940
16440 16546 17405 16524
16551 16780 16924 16883
16580 16703 17252 16721
16861 16657 16880 16275
16695 16262 17333 16718
16905 16444 17085 16300
16552 16204 17305 16816
16507 16538 17401 16521
16584 16774 16956 16764
16409 16786 16931 16882
16722 16742 17293 16671
16796 16347 16504 16977
16744 16292 17340 16570
16884 16702 16936 16222
16892 16499 17036 16331
16588 16282 17300 16791
16270 16431 17417 16751
16566 16851 16905 16865
16422 16784 16933 16874
16541 16740 16882 16979
16785 16304 16463 17007
16112 16981 17059 16807
16788 16250 17377 16561
16848 16624 16941 16247
16911 16549 17013 16336
16594 16255 17273 16754
16490 16793 16899 16869
16364 16750 16985 16934
16680 16583 16932 16980
16784 16586 16951 16889
16579 16787 16816 16905
16807 16393 16434 16973
16835 16679 16892 16278
16940 16537 16969 16373
16678 16259 17265 16776
16520 16869 16887 16839
16688 16488 16886 16944
16118 17015 17079 16790
16963 16407 16954 16528
16898 16507 16981 16341
16348 16765 17046 16908
16682 16515 16913 16981
16814 16753 16914 16267
16262 16703 17034 16960
16680 16512 16912 16990
16666 16798 16855 16803
16774 16153 17344 16571
16779 16744 16907 16298
16915 16571 17016 16267
16656 16228 17321 16755
16270 16759 17016 16936
16754 16742 17242 16657
16203 16298 17360 16795
16633 16746 16874 16815
16213 16747 17061 16912
16725 16130 17300 16627
16842 16783 16859 16307
16925 16499 16990 16271
16684 16232 17238 16739
16621 16698 16942 16835
16215 16742 17071 16899
16817 16647 16830 16870
16864 16481 16415 16927
16738 16210 17295 16600
16853 16797 16843 16261
16910 16480 17025 16330
16686 16235 17239 16730
16233 16789 17060 16874
16863 16450 16964 16806
16812 16573 16919 16907
16630 16749 16894 16870
16736 16207 17294 16609
16866 16742 16892 16230
16914 16502 17028 16261
16707 16171 17250 16713
17077 16448 16662 16580
16220 16791 17058 16882
16751 16682 17222 16684
16587 16773 16917 16857
16806 16470 16447 16942
16881 16548 17113 16286
16701 16198 17277 16750
16757 16655 17195 16647
16827 16562 16986 16814
16797 16540 17028 16806
16085 16958 17072 16871
16764 16294 17327 16570
16921 16743 16864 16225
16922 16553 17114 16205
16699 16195 17276 16759
16158 16763 17046 16924
16744 16710 17146 16678
16814 16617 16937 16845
16778 16602 16862 16928
16686 16250 17227 16790
16231 16459 17304 16815
16742 16707 17145 16687
16524 16802 16895 16914
16955 16734 16782 16231
16908 16575 17113 16242
16664 16303 17271 16812
16680 16820 16759 16836
16570 16769 16928 16866
16390 16818 16818 16937
16646 16521 16994 16984
16838 16564 16904 16871
16838 16410 17054 16741
16526 16805 16896 16905
16957 16737 16783 16222
16219 16381 17314 16815
16440 16816 16817 16932
16703 16583 16785 16984
16884 16446 16903 16916
16801 16296 17313 16556
16900 16733 16810 16236
16955 16570 17033 16189
16644 16194 17304 16764
16193 16390 17329 16851
16851 16375 17023 16723
16464 16771 16842 16984
16757 16322 17251 16564
16887 16788 16761 16267
17022 16528 17027 16167
16208 16316 17299 16819
16697 16596 16784 16962
16670 16181 17300 16753
16233 16397 17332 16784
16334 16717 17354 16758
16826 16618 16985 16800
16699 16599 16785 16953
16913 16811 16781 16224
16961 16448 17062 16130
16565 16872 16824 16756
16609 16677 17159 16811
16825 16352 17072 16618
16064 16949 17212 16868
16926 16830 16703 16144
16994 16482 16900 16590
16997 16526 17057 16105
16603 16223 17306 16775
16264 16801 17255 16822
16564 16856 16864 16792
16474 16933 16784 16820
16531 16597 17003 16959
16666 16681 17132 16797
16671 16595 16868 16969
16809 16272 17287 16510
16933 16802 16779 16150
16949 16519 17115 16100
16454 16719 17233 16817
16375 16644 17309 16773
16692 16672 17117 16761
16684 16540 16917 16938
16822 16217 17336 16479
16945 16771 16698 16123
16937 16540 17139 16133
16613 16235 17242 16858
16637 16789 16868 16765
16110 16858 17197 16862
16709 16621 16950 16903
16842 16519 16408 16875
16091 16985 17137 16860
16917 16814 16704 16119
16899 16479 17143 16135
16670 16239 17215 16844
16638 16805 16828 16729
16436 16939 16910 16752
16622 16687 17123 16784
16833 16521 16408 16891
16814 16241 17362 16525
17086 16768 16651 16121
16941 16528 17153 16086
16683 16184 17264 16813
16224 16311 17316 16809
16478 16978 16929 16688
16088 16790 17152 16864
16890 16553 16326 16853
17018 16750 16614 16158
17030 16492 16875 16608
16947 16501 17126 16049
16708 16219 17218 16818
16254 16387 17304 16779
16472 17017 16905 16727
16121 16990 17214 16785
16995 16734 16654 16164
16934 16556 17077 16080
16672 16141 17223 16843
16640 16841 16775 16636
16466 16940 16963 16676
16647 16693 17013 16808
16786 16588 17020 16758
16809 16432 17063 16737
16754 16660 17030 16768
16834 16581 16400 16883
16993 16731 16653 16173
16659 16196 17174 16874
16224 16305 17278 16821
16607 16887 16860 16661
16185 16817 17254 16836
16784 16585 17019 16767
16736 16691 16960 16740
16832 16578 16399 16892
16090 16986 17237 16718
16718 16301 17355 16606
16968 16756 16625 16195
16942 16528 17035 16077
16602 16192 17201 16888
16198 16314 17293 16857
16594 16889 16858 16669
16480 16609 17346 16674
16637 16545 16957 16986
16763 16649 17008 16784
16849 16460 17010 16688
16752 16683 16882 16659
16857 16613 16353 16897
16077 16988 17235 16726
16746 16295 17341 16561
16928 16555 17037 16155
16638 16270 17196 16863
16266 16374 17272 16801
16656 16877 16804 16588
16438 16931 16938 16706
16120 16772 17164 16855
16824 16425 17056 16683
16723 16744 16913 16698
16821 16535 16358 16922
16724 16264 17397 16540
16990 16543 16983 16074
16584 16205 17173 16878
16230 16296 17277 16826
16665 16830 16801 16593
16142 16803 17108 16876
16825 16610 16994 16769
16888 16505 16883 16769
16752 16684 16836 16671
16496 16811 16771 16992
16823 16538 16359 16913
16060 16910 17249 16748
16781 16268 17370 16526
16973 16703 16710 16143
16981 16545 16983 16090
16672 16294 17151 16954
16243 16376 17272 16799
16396 16933 16978 16640
16140 16800 17107 16885
16648 16524 16995 16975
16837 16570 16968 16754
16890 16508 16884 16760
16816 16449 17082 16729
16743 16667 16878 16735
16546 16809 16770 16987
16791 16535 16408 16933
16794 16213 17419 16495
16961 16743 16736 16158
17037 16516 16955 16048
16705 16266 17163 16936
16241 16373 17271 16808
16735 16691 16904 16781
16350 17024 16944 16641
16170 16876 17095 16855
16535 16672 17324 16729
16654 16497 16968 16938
16859 16601 16912 16775
16566 16811 16778 16962
16816 16616 16441 16898
16070 16922 17185 16831
16836 16262 17429 16446
16981 16680 16703 16131
17041 16492 16879 16019
16689 16810 16647 16613
16522 16727 17275 16760
16797 16646 16960 16811
16681 16678 16959 16772
16842 16235 17402 16409
16968 16735 16654 16162
17037 16562 16944 16138
16731 16233 17159 16900
16229 16423 17327 16797
16425 17029 16956 16637
16176 16852 17093 16886
16590 16484 16890 17015
16702 16753 16934 16807
16775 16685 16419 16905
16016 16898 17211 16900
16829 16290 17353 16440
17033 16698 16664 16118
17094 16488 16905 16071
16722 16205 17184 16843
16231 16426 17328 16788
16544 16590 17037 16970
16618 16734 16957 16796
16723 16644 16434 16934
16843 16252 17321 16366
16680 16186 17164 16874
16256 16401 17356 16766
16782 16819 16654 16515
16215 16787 17068 16906
16587 16473 16917 17002
16565 16526 17048 16953
16744 16380 17084 16770
16620 16737 16958 16787
16839 16276 17397 16395
17028 16451 16766 16694
17089 16472 16930 16136
16693 16131 17213 16843
16453 16986 16950 16641
16160 16775 17075 16915
16456 16722 17234 16808
16919 16547 16802 16842
16723 16444 17073 16787
16631 16759 17002 16777
16744 16636 16475 16918
16778 16196 17432 16358
17046 16722 16642 16161
17016 16491 16792 16709
17044 16449 16936 16129
16672 16195 17202 16860
16130 16699 17087 16945
16461 16679 17247 16807
16942 16554 16776 16852
15896 16881 17235 16926
16808 16272 17420 16328
17045 16471 17008 16109
16314 17058 16988 16596
16117 16754 17038 16976
16950 16555 16729 16810
16651 16685 16905 16853
16628 16799 16724 16881
15932 16959 17230 16901
16766 16280 17492 16427
17031 16695 16663 16127
16959 16450 16790 16792
16312 17022 17011 16578
16143 16745 17023 16940
16461 16726 17283 16760
16521 16498 17003 17052
16850 16663 16492 16848
15878 16894 17207 16916
17032 16468 16957 16150
16297 16350 17455 16587
16775 16772 16843 16577
16314 17025 17012 16569
16133 16831 17056 16947
16456 16769 17270 16761
16671 16553 17065 16883
16945 16525 16731 16835
16636 16722 16867 16833
16572 16855 16727 16960
15939 16974 17172 16953
16797 16225 17429 16457
16982 16672 16619 16183
17019 16523 16908 16181
16777 16775 16844 16568
16320 16998 16985 16532
16130 16791 17095 16912
16454 16766 17269 16770
16490 16494 17026 16985
16818 16491 17046 16725
15977 16909 17110 16954
16740 16221 17456 16471
16984 16675 16620 16174
16686 16127 17189 16868
16339 16401 17423 16525
16356 17076 16980 16507
16046 16760 17106 16946
16622 16530 17021 16939
16885 16550 16803 16866
16803 16528 17008 16705
16641 16717 16822 16838
16537 16823 16737 16942
15941 16831 17115 16979
16776 16299 17451 16446
17010 16644 16647 16186
17024 16564 16942 16146
16081 16755 17106 16904
16497 16512 16983 17032
16832 16456 16965 16861
16635 16744 16849 16875
16543 16810 16738 16964
16875 16662 16534 16746
15995 16896 17138 16964
16304 16406 17423 16567
16804 16674 16795 16542
16392 17075 16912 16579
16045 16677 17111 16929
16477 16584 16944 17071
16694 16508 17048 16934
16820 16496 16991 16876
16828 16504 16748 16902
16578 16740 16876 16889
16476 16819 16814 16938
15970 16861 17184 16959
16985 16642 16677 16124
16989 16442 16757 16796
16989 16540 16961 16224
16298 16433 17450 16604
16798 16701 16822 16579
16450 17021 16935 16684
16106 16757 17076 16966
16447 16508 16956 17101
16700 16481 17021 16897
16841 16432 17002 16859
16499 16775 16813 16926
16006 16939 17179 16934
17027 16691 16687 16075
16945 16542 16984 16236
16642 16156 17187 16889
16296 16430 17449 16613
16813 16668 16821 16580
16132 16748 17061 16930
16472 16774 17226 16804
16736 16559 17016 16872
16802 16517 16752 16913
15945 16859 17214 16897
17025 16688 16686 16084
16960 16458 16767 16776
16990 16477 16949 16189
16283 16485 17400 16644
16800 16723 16772 16611
16348 17021 16943 16650
16134 16751 17062 16921
16505 16583 16974 17065
16692 16561 17039 16884
15987 16908 17224 16848
16675 16297 17514 16395
16958 16455 16766 16785
17038 16499 16932 16103
16581 16103 17164 16936
16816 16664 16742 16586
16101 16668 17089 16943
16504 16697 17166 16825
16704 16511 16983 16895
16863 16570 16775 16866
16008 16844 17235 16831
16677 16300 17515 16386
17050 16690 16656 16146
16790 16673 16757 16622
16137 16746 17084 16918
16506 16700 17167 16816
16499 16497 17013 17011
16686 16450 16973 16938
16804 16513 17064 16813
16581 16806 16868 16900
16007 16855 17220 16866
17107 16694 16629 16132
17055 16442 16992 16050
16636 16117 17207 16885
16301 17016 16939 16712
16112 16665 17051 16953
16476 16680 17192 16861
16477 16517 16985 17011
16791 16568 17015 16844
16607 16793 16864 16889
15965 16806 17210 16915
17121 16656 16597 16058
17047 16466 17018 16096
16102 16751 17084 16960
16481 16516 16984 17029
16805 16505 16984 16891
15987 16837 17154 16936
16753 16222 17510 16304
17081 16635 16662 16055
17017 16390 17030 16126
16840 16712 16758 16552
16381 17020 16869 16685
16100 16715 17107 16942
16736 16554 16904 16938
16889 16444 16965 16890
16592 16838 16901 16854
16891 16623 16577 16748
15962 16756 17121 16971
16747 16249 17537 16341
17034 16600 16692 16070
16945 16530 16790 16777
17019 16393 17031 16117
16801 16677 16811 16524
16463 16809 17192 16804
16885 16650 16604 16785
16023 16836 17086 17008
16705 16200 17527 16390
17036 16603 16693 16061
16964 16583 16758 16713
16958 16313 17066 16080
16831 16753 16799 16494
16401 16728 17177 16845
16470 16514 17024 17025
16672 16584 16867 16942
16920 16512 16861 16760
16550 16789 16891 16903
16883 16647 16603 16794
16024 16825 17101 16973
16936 16579 16841 16729
17021 16458 17045 16107
16815 16680 16848 16501
16113 16777 17126 16854
16426 16763 17131 16850
16421 16447 17066 16998
16675 16615 16949 16918
16925 16469 16874 16759
16003 16889 17090 16990
16730 16202 17497 16452
17084 16641 16662 16021
16773 16311 17069 16922
16802 16735 16799 16532
16493 16945 16928 16689
16480 17000 16879 16720
16144 16857 17098 16841
16434 16452 17027 16993
16679 16556 16943 16948
16927 16472 16875 16750
16017 16883 17068 16966
16717 16257 17448 16483
17106 16651 16688 15991
16955 16596 16829 16659
17064 16425 17000 16111
16215 16851 17030 16871
16691 16516 16917 16933
16878 16401 16924 16920
16552 16792 16892 16894
16053 16961 17063 16941
17162 16633 16797 16012
16947 16579 16831 16620
17028 16347 17005 16136
16418 16660 17193 16864
16524 16561 16908 17023
16716 16565 16872 16939
16965 16452 16864 16723
16557 16749 16905 16893
16932 16560 16866 16679
17030 16350 17006 16127
16706 16258 17131 16922
16217 16790 17069 16897
16511 16556 16947 17028
16686 16489 16884 16969
17023 16486 16812 16663
16614 16753 16878 16879
16035 16924 17065 16932
16776 16194 17459 16420
17008 16319 17062 16106
16411 16937 16940 16690
16212 16773 17143 16899
16476 16655 17209 16842
16688 16492 16885 16960
16823 16393 16880 16963
17020 16457 16810 16719
16627 16698 16927 16848
16053 16859 17068 16920
16758 16259 17456 16432
16987 16383 17051 16123
16252 16763 17098 16862
16501 16736 17242 16807
16448 16579 17001 17079
16714 16461 16912 16972
16836 16338 16929 16932
17033 16476 16732 16639
16622 16741 16914 16849
16078 16894 17022 16925
16722 16181 17461 16457
16904 16570 16896 16648
16985 16380 17050 16132
16328 16445 17375 16685
16797 16687 16889 16489
16450 16668 17213 16853
16435 16634 16952 17110
16688 16470 16927 17008
16872 16416 16924 16907
16620 16738 16913 16858
16042 16816 17027 16950
16724 16217 17438 16475
16900 16508 16868 16669
16487 16961 16884 16617
16151 16693 17178 16862
16437 16593 16939 17082
16897 16391 16952 16885
17013 16511 16757 16654
16024 16881 17024 16962
16722 16214 17437 16484
16979 16409 17035 16156
16498 16983 16928 16607
16392 16673 17197 16875
16488 16661 16968 17036
16571 16715 16869 16914
16022 16878 17023 16971
16709 16269 17388 16515
16893 16505 16871 16697
16981 16412 17036 16147
16683 16286 17135 16936
16815 16756 16778 16495
16512 16959 16923 16579
16478 16735 17209 16823
16427 16581 17003 16999
16619 16460 16869 17058
16830 16384 16895 16926
16584 16795 16864 16887
16652 16265 17415 16529
16895 16508 16872 16688
16968 16332 17041 16174
16622 16206 17170 16899
16798 16725 16886 16563
16491 17023 16912 16596
16448 16659 17221 16853
16457 16657 16991 16969
16621 16463 16870 17049
16809 16448 16884 16943
17026 16553 16789 16649
16554 16719 16876 16917
16654 16268 17416 16520
17151 16571 16759 16018
16908 16453 16921 16657
16998 16408 17029 16144
16624 16209 17171 16890
16253 16493 17437 16754
16806 16701 16860 16517
16501 16999 16893 16563
16398 16605 17030 16993
16752 16444 16911 16957
16970 16582 16817 16691
16556 16722 16877 16908
16593 16188 17451 16483
17136 16552 16794 16077
16944 16531 16916 16632
17046 16411 16990 16139
16637 16154 17220 16859
16558 17076 16850 16596
16242 16821 17227 16822
16730 16464 16883 16957
16986 16574 16739 16610
16561 16679 16890 16907
16066 16906 17112 16910
16629 16266 17446 16458
17085 16484 16765 16123
16942 16528 16915 16641
17016 16335 17002 16169
16673 16232 17215 16834
16808 16696 16870 16504
16438 16686 17188 16886
16694 16386 16888 16982
16597 16757 16885 16882
16134 17006 17174 16799
16104 16930 17186 16829
16709 16797 17244 16702
16675 16752 17176 16777
16114 17017 17036 16825
16573 16676 17181 16919
16595 16836 17033 16519
16029 16949 17081 16910
16339 16804 17043 16887
16886 16621 16999 16751
16271 16944 16859 16768
16643 16870 16881 16603
16802 16648 16941 16901
16758 16961 16802 16514
16148 16923 16739 16974
16477 16763 17053 16877
16199 16991 16768 16928
16705 16934 16786 16588
16318 16871 17065 16845
16134 16979 16796 16908
16825 16662 16817 16456
16724 16745 17294 16662
16676 16896 16883 16554
15849 17012 16740 16893
16733 16750 17037 16667
15801 17034 16649 16857
16831 16746 16816 16445
16506 16867 17132 16522
16165 16873 16791 16923
16641 16561 17272 16717
16683 16643 17182 16766
16463 16741 17171 16926
16085 16841 17030 16936
15793 16996 16730 16951
16127 16836 16809 16976
16474 16650 17230 16965
16189 16925 16631 16947
15949 16843 16704 17066
16678 16855 16870 16526
16688 16802 17037 16718
16558 16922 16841 16916
16580 16681 17221 16744
16625 16585 16983 17001
16492 16697 17129 16826
17055 16562 16865 16627
16110 17039 17105 16836
16749 16679 17221 16693
16152 16961 16718 16981
16228 16911 16847 16854
16596 16758 17239 16715
15944 16995 16647 16859
16844 16718 16785 16430
16478 16737 17280 16689
16725 16694 17150 16704
16673 16677 17265 16708
16470 16715 16932 17151
16514 16790 17260 16801
16087 16917 16789 16943
16566 16604 17065 16949
16075 16980 16743 17002
16523 16624 17112 16929
15909 17016 16609 16894
16548 16722 17171 16779
15991 17012 16581 16900
16657 16794 17110 16750
16655 16830 16855 16588
16450 16911 16868 16814
16524 16723 17268 16699
16135 16978 16690 17005
16459 16907 16913 16812
16163 16914 16804 16951
16057 16887 16787 17021
16553 16628 16947 16980
16683 16542 16902 17013
16016 16903 16779 16956
16517 16651 17139 16966
16149 16927 16846 16868
16434 16867 16953 16862
16526 16629 16857 17047
16522 16904 16924 16826
16332 16823 16786 17041
15876 16896 16654 17078
15825 17024 16580 16850
15819 17097 16714 16673
16301 16825 16870 17003
16087 16961 17073 16862
15854 17045 16770 16618
16422 16808 17106 16620
15692 17040 16583 16687
16154 16964 16627 16978
16609 16912 16831 16480
15831 17059 16697 16608
15905 16886 16673 17058
16675 16858 16798 16618
16543 16836 16927 16799
16532 16889 16766 16967
15851 16815 16621 17113
16464 16796 17188 16793
16301 16815 16859 17073
16489 16367 17269 16790
16451 16750 16913 17097
16599 16820 16998 16309
16444 16728 16936 17162
16089 16920 16790 16934
16158 16946 16642 16954
15969 16819 16599 17083
16446 16583 16627 17165
16129 16881 16606 17039
15924 16797 16663 17091
16724 16712 17024 16717
16477 16665 16932 17085
16434 16716 17000 17079
16151 16974 16566 16948
16474 16636 17373 16711
16167 16909 16676 16947
16329 16423 17373 16712
16165 16932 16590 17008
16289 16790 16791 17090
16780 16671 17014 16732
16156 16959 16824 16908
16569 16548 16879 17032
16511 16720 16933 17070
16677 16861 16799 16609
15801 17015 16746 16923
15757 17013 16693 16938
16362 16799 16985 17029
15755 17027 16609 16928
15724 17030 16614 16925
16046 16862 16717 17039
16245 16952 16693 16876
16221 16939 16771 16848
16709 16291 17139 16743
16787 16618 17001 16874
16452 16887 16860 16864
17007 16574 16818 16478
16891 16623 16802 16413
16677 16880 16828 16341
16693 16309 17080 16938
16666 16640 17102 16820
16114 16891 16760 17007
16771 16602 16928 16928
16773 16877 16703 16485
16411 16341 17257 16856
16356 16529 17003 17026
16457 16779 17111 16853
16144 16348 17408 16739
16855 16645 16772 16414
16491 16724 17173 16809
16639 16548 16958 16977
15911 16852 16614 17122
16632 16614 16623 17124
16667 16316 17140 16872
15875 16774 16619 17147
16569 16599 16936 17022
16104 16847 16609 17027
16140 16851 16557 17043
16165 16886 16511 17048
15900 16855 16652 17112
16154 16889 16549 17038
15912 16815 16626 17097
16449 16321 17260 16830
16333 16827 16753 17027
16560 16930 17006 16760
16538 16760 16953 17007
16161 16924 16641 16968
16151 16859 16579 17015
15991 16799 16627 17083
16654 16937 16829 16411
16881 16540 16816 16800
16149 16856 16578 17024
16027 16877 16622 17058
16200 16924 16607 16978
16002 16842 16668 17053
16077 16939 16730 16974
16166 16839 16606 17000
16015 16847 16629 17048
16179 16844 16567 16995
16381 16503 17020 17005
16169 16912 16677 16938
16213 16963 16797 16894
16014 16900 16778 16965
16162 16940 16601 16932
16915 16614 16820 16390
16916 16626 16737 16466
16906 16657 16755 16427
16996 16592 16730 16455
16598 16855 16766 16933
16939 16596 16709 16342
16165 16906 16767 16950
17065 16622 16665 16401
16937 16618 16731 16369
16150 16925 16741 16963
16673 16289 17113 16835
16152 16928 16742 16954
16924 16648 16659 16382
16622 16881 16752 16928
17073 16570 16635 16351
16931 16586 16600 16471
16040 16897 16746 16990
16718 16290 17108 16738
16038 16894 16745 16999
16780 16673 16689 16624
16095 16898 16718 16985
16827 16694 16560 16618
16507 16854 16812 16962
16844 16544 16991 16816
16709 16367 17108 16810
16605 16498 16883 17082
16144 16921 16762 16929
16933 16712 16571 16360
16507 16438 16805 17095
16411 16799 16864 17067
16825 16594 16925 16817
16158 16962 16825 16899
17029 16582 16659 16445
16657 16391 17060 16852
16824 16619 16906 16876
16899 16589 16729 16487
16213 16777 17089 16873
16814 16700 16723 16509
16398 16814 17162 16779
16147 16924 16845 16877
16421 16831 17041 16879
16544 16825 17097 16748
17012 16541 16828 16688
16802 16294 17044 16801
16536 16523 16938 17016
16226 16908 16846 16863
16946 16518 16781 16790
16177 16885 16802 16919
16954 16622 16563 16451
16202 16920 16756 16924
16536 16764 17154 16786
16479 16590 17143 16968
17117 16488 16547 16430
16588 16748 16926 16821
16796 16189 17012 16812
16484 16732 16964 16914
17077 16572 16609 16412
16815 16292 17046 16793
16565 16766 16868 16974
16381 16840 16937 16936
16667 16567 16863 17021
16992 16557 16937 16607
16766 16539 16962 16914
16678 16669 17155 16734
17102 16498 16513 16451
16587 16900 16333 16835
16780 16733 17227 16621
16631 16695 17328 16330
16536 16742 17027 16867
16608 16809 17223 16455
16587 16835 17268 16358
16383 16648 16971 17125
17072 16556 16613 16414
16633 16722 16756 16858
16600 16771 17274 16331
16178 16370 16976 17119
16705 16586 16786 16975
16709 16455 17049 16864
16730 16718 17267 16625
16716 16586 16638 17072
16723 16620 16726 16974
17099 16499 16679 16476
17075 16536 16632 16394
16427 16951 16850 16791
16609 16657 17150 16867
16889 16477 16779 16873
16403 16483 17048 17005
16819 16502 16962 16834
16235 16938 16814 16820
17101 16569 16528 16339
17122 16593 16560 16303
16555 16831 17255 16450
16660 16732 17216 16739
16264 16811 17102 16841
16817 16559 17095 16511
16904 16432 16864 16691
16735 16608 17117 16697
16633 16382 17072 16889
16821 16347 17018 16744
16361 16828 17027 16928
16625 16840 16955 16503
16602 16683 17214 16741
16219 16738 17018 16936
17114 16514 16577 16308
16379 16372 17238 16875
17124 16623 16597 16296
16419 16647 16903 17197
16587 16968 16762 16833
17080 16557 16650 16282
17134 16562 16479 16276
17181 16562 16502 16233
16554 16463 16762 17122
17156 16481 16469 16268
17150 16508 16496 16305
16693 16557 17149 16759
17148 16505 16495 16314
16770 16481 17116 16717
17135 16560 16446 16345
16465 16880 17131 16272
16633 16608 17143 16851
16634 16487 16879 17018
16636 16865 16851 16665
16622 16826 16830 16745
16494 16751 17290 16413
16529 16557 17358 16671
16623 16433 17302 16423
17116 16517 16578 16299
17128 16477 16552 16284
16797 16723 16533 16719
17115 16532 16503 16315
16730 16468 17083 16784
16779 16850 16676 16448
16582 16446 16894 17047
16849 16499 17081 16451
16820 16569 17025 16412
17074 16641 16543 16323
16814 16760 16469 16605
16832 16542 17069 16320
16804 16788 16788 16381
16815 16759 16362 16727
16771 16880 16773 16376
16067 15801 16626 17253
16767 16788 17178 16652
16921 16697 16425 16782
16861 16488 17036 16426
16731 16756 16313 16790
16279 16399 16622 17213
16720 16776 16312 16743
16069 15796 16636 17240
16745 16822 16256 16577
17128 16523 16579 16199
16905 16705 16596 16495
16483 16567 17135 16983
16797 16752 16419 16759
16547 16752 17218 16753
17141 16468 16628 16168
16733 16840 16391 16567
17135 16495 16655 16205
16686 16872 16408 16599
17133 16492 16654 16214
16813 16723 16487 16649
16874 16531 17131 16291
17120 16547 16605 16245
16327 16862 17132 16792
16728 16432 17106 16766
16369 16836 17171 16775
16875 16549 17246 16243
16063 15691 16657 17201
16790 16781 16345 16671
16845 16524 17048 16425
16657 16854 16408 16637
16563 16691 17189 16756
16673 16898 16808 16345
17093 16502 16699 16251
16152 15968 16547 17244
16645 16870 16299 16788
17071 16522 16671 16251
16595 16364 17117 16926
16060 15823 16552 17240
16616 16720 17054 16905
16794 16740 16645 16643
16136 16984 17076 16778
16841 16404 17091 16309
16766 16295 17112 16729
16191 16868 17217 16824
16832 16456 17069 16637
16030 15831 16575 17225
16426 16563 17162 16997
16808 16488 17075 16541
16785 16502 17179 16464
16820 16489 17094 16420
16767 16836 16822 16230
16481 16626 17120 16986
16506 16667 17338 16702
16229 16401 16623 17218
16424 16286 17306 16825
16160 15962 16497 17242
16465 16723 17302 16774
16217 15966 16470 17228
16533 16713 17337 16757
17071 16454 16675 16515
16158 16935 17025 16761
16494 16715 17195 16810
16635 16871 16936 16199
17082 16576 16502 16426
16525 16704 17148 16823
17033 16642 16428 16368
16167 15878 16479 17232
16580 16900 16955 16249
17045 16681 16429 16338
16127 15941 16486 17262
16693 16550 16675 17092
16678 16825 16749 16849
16172 16069 16503 17228
17009 16632 16468 16405
16616 16837 16803 16930
16989 16648 16556 16346
16198 16018 16381 17220
16592 16850 16899 16260
17040 16668 16514 16287
16192 16045 16408 17257
16066 16759 17208 16843
16824 16553 17087 16366
17032 16651 16516 16248
16141 15986 16463 17258
16584 16635 17131 16883
17000 16670 16600 16336
16261 16267 17242 16940
16136 15991 16508 17253
16110 16000 16523 17289
16123 16046 16459 17284
16704 16727 16600 16859
16080 16963 17117 16866
16066 16042 16486 17298
16102 16120 16481 17273
16971 16738 16653 16294
16115 16065 16530 17242
16840 16824 16872 16335
16118 16004 16480 17243
16774 16712 16463 16888
16352 16518 17010 17052
16749 16826 16835 16431
16910 16658 16688 16257
16784 16825 16822 16345
16946 16657 16620 16329
16720 16524 17315 16292
16603 16549 17362 16488
16960 16717 16570 16339
16836 16310 17056 16764
16965 16747 16546 16302
16993 16723 16520 16312
16558 16732 17157 16781
16999 16696 16493 16275
16748 16848 16820 16362
16824 16701 16437 16760
16745 16834 16834 16326
16962 16720 16571 16330
16263 16135 17297 16927
16932 16644 16583 16360
16281 16211 17230 16967
16083 16146 16433 17230
16735 16696 16618 16810
16547 16713 16950 17012
17020 16584 16659 16461
16671 16639 17068 16841
16348 16534 17013 17033
16276 16215 17292 16900
16708 16386 17061 16858
16145 16887 17060 16628
16739 16257 17050 16791
16020 16979 17134 16885
16654 16577 16728 17066
16972 16610 16543 16411
16147 16890 17061 16619
16738 16395 17060 16778
16618 16729 17334 16655
16325 16216 17312 16886
16142 16957 17049 16741
16460 16903 17018 16798
16698 16374 17125 16775
16451 16729 17021 16935
16982 16618 16489 16425
16684 16872 16857 16508
16282 16720 16991 16972
16551 16757 17273 16383
16948 16666 16502 16491
16459 16291 17281 16820
16931 16610 16509 16515
16274 16212 17291 16909
16930 16658 16519 16540
16879 16718 16515 16531
16050 16066 16563 17257
16918 16605 16548 16520
16946 16605 16565 16412
16916 16698 16390 16709
16225 16182 17040 17036
16923 16670 16466 16715
16940 16657 16423 16632
16300 16181 17358 16881
16959 16682 16403 16632
16631 16489 16868 17046
16317 16768 17051 16905
16933 16657 16396 16680
16164 16184 16987 17085
16873 16551 16976 16805
16925 16681 16422 16726
16215 16252 17016 17039
16926 16697 16382 16690
16201 16342 17050 17014
16380 16217 17311 16799
16171 16310 17017 17067
16777 16888 16753 16324
16286 16405 16596 17204
17016 16731 16392 16573
16273 16251 17197 16983
16721 16681 16942 16741
16955 16651 16427 16536
16790 16458 17097 16765
16884 16261 17012 16735
16949 16678 16454 16573
16805 16582 16958 16814
16892 16674 16481 16587
16585 16514 16930 17030
16820 16949 16748 16433
16894 16677 16482 16578
16859 16226 17058 16730
16899 16634 16495 16577
16205 16238 17030 17042
16505 16718 17141 16813
16846 16281 17009 16761
16886 16689 16446 16608
16110 16230 17052 17030
17013 16579 16719 16577
16877 16669 16493 16582
16723 16405 17026 16799
16146 16276 17020 17055
16829 16902 16745 16438
16705 16346 17031 16927
16830 16545 17003 16804
16156 16298 17059 17012
16857 16477 16991 16843
16949 16438 16854 16709
17020 16497 16713 16648
16877 16684 16625 16487
16888 16570 16941 16746
16864 16739 16576 16518
16691 16754 17144 16708
16173 16276 17016 17036
16875 16204 16889 16799
16865 16748 16514 16571
16283 16152 17199 16988
16374 16277 17279 16865
16770 16514 17092 16744
16842 16708 16496 16688
16737 16511 17272 16209
16979 16581 16585 16552
16871 16684 16458 16603
16434 16720 17200 16823
17025 16486 16877 16657
16884 16629 16507 16572
16776 16428 17250 16192
16957 16561 16822 16760
16879 16672 16494 16573
16149 16299 17076 16998
16332 16221 17332 16784
16124 16218 17043 17033
16768 16452 17276 16238
16566 16218 17362 16743
16864 16724 16444 16613
16185 16298 17008 17070
16743 16417 17287 16256
16641 16609 17295 16323
16732 16374 17281 16263
16734 16596 16978 16881
16452 16663 16962 17023
16345 16425 17025 17030
16257 16174 17179 17012
16995 16455 16898 16657
16850 16725 16445 16713
16743 16371 17243 16273
17050 16582 16619 16405
16872 16700 16418 16567
16745 16374 17244 16264
17081 16555 16616 16432
16770 16349 17272 16242
17056 16478 16642 16537
16320 16643 17337 16778
16244 16740 16988 16998
16828 16811 16714 16566
16831 16429 17237 16279
17035 16563 16654 16464
16300 16298 17268 16854
16844 16446 16861 16861
16188 15944 17102 17019
16497 16601 16629 17072
16656 16536 16706 17093
16509 16726 17136 16819
16709 16617 17132 16733
16306 16050 17113 17003
16774 16751 16599 16570
16576 16753 17302 16316
17069 16480 16862 16516
16868 16640 16892 16841
16184 15946 17091 17041
16526 16755 17303 16321
16340 16344 17277 16814
16665 16313 17139 16881
16659 16675 17158 16806
16652 16368 17090 16912
17083 16474 16659 16597
17094 16458 16645 16511
16966 16707 16480 16473
17003 16532 16894 16603
16599 16783 17267 16390
17035 16474 16925 16596
16696 16642 16697 17005
16794 16323 17237 16564
16963 16614 16552 16451
16411 16286 17261 16939
17065 16404 16920 16612
16651 16807 16896 16562
16546 16800 17260 16384
16961 16611 16551 16460
16564 16798 17236 16397
16974 16616 16512 16455
17046 16321 16711 16746
16711 16341 17298 16612
16946 16659 16518 16451
16826 16750 16448 16704
16693 16353 17338 16369
16622 16617 16664 17044
16567 16589 17006 16960
16829 16787 16793 16469
16890 16633 16520 16517
16646 16332 17309 16375
16531 16852 17210 16424
16892 16636 16521 16508
17069 16287 16683 16655
16196 16339 17053 17012
16544 16797 17259 16393
17084 16336 16771 16632
16171 16258 17020 17047
16580 16875 17254 16368
16712 16362 17048 16874
16663 16541 16978 16892
16222 16326 17049 17001
16643 16347 17010 16935
16746 16845 16819 16371
16929 16580 16489 16556
16661 16538 16977 16901
17154 16285 16793 16587
16815 16698 16460 16730
16544 16749 17289 16408
17100 16341 16689 16583
16837 16699 16439 16752
16827 16747 16457 16662
16853 16744 16422 16652
16805 16728 16393 16713
16903 16614 16558 16555
16477 16716 17017 16924
16215 16366 17035 17011
16786 16828 16823 16336
16964 16599 16491 16518
16240 16430 17447 16669
16812 16675 16595 16677
16774 16732 16466 16651
16777 16756 16365 16710
16951 16594 16530 16523
17116 16259 16711 16653
16745 16727 16471 16667
16204 16352 17452 16694
17053 16210 16665 16684
16750 16760 16410 16668
16179 16255 17064 17009
16597 16576 17389 16525
16936 16631 16492 16503
16179 16350 17482 16632
16597 16367 17118 16917
16334 16833 17063 16869
16865 16772 16829 16377
16060 16760 16997 16971
16918 16685 16497 16559
16364 16768 16918 16967
16844 16673 16477 16646
16740 16756 17175 16655
16355 16274 17284 16922
16830 16677 16448 16694
16209 16423 17427 16696
16233 16774 16993 16981
16654 16548 17085 16855
17097 16281 16820 16601
16638 16828 16420 16707
16281 16482 17389 16731
16125 16408 17390 16771
16144 16601 17009 16994
16191 16407 17403 16725
16824 16319 16906 16899
16302 16143 17354 16860
16835 16677 16534 16611
16657 16370 17327 16328
16751 16303 16830 16946
16831 16655 16531 16680
16687 16446 17315 16298
16667 16566 17164 16795
16694 16299 16857 16960
16571 16763 16956 16865
16744 16527 17096 16755
16786 16593 16824 16942
16687 16398 17316 16308
16681 16358 16815 17016
16584 16449 16895 17038
16630 16394 17343 16322
16977 16445 16946 16523
16680 16507 17305 16382
17101 16453 16881 16545
16871 16559 16467 16774
16215 16349 17414 16704
16715 16386 16859 16955
16818 16511 16916 16867
16202 16404 17365 16735
16822 16616 16905 16885
17107 16415 16800 16517
16323 16191 17333 16825
17100 16329 16717 16629
16842 16416 16718 16908
16733 16814 16451 16522
16441 16170 17346 16876
17133 16361 16666 16564
16965 16563 16379 16636
16920 16496 16880 16625
16276 16154 17359 16850
16679 16541 17125 16788
17171 16398 16685 16529
16751 16464 16854 16930
16628 16618 17031 16902
17008 16400 16947 16626
16502 16636 17262 16799
17108 16305 16691 16583
16726 16842 16375 16516
16691 16623 16811 16999
16986 16286 16983 16510
16350 16206 17296 16902
16768 16478 17115 16726
16700 16229 16833 16964
17001 16579 16802 16431
16996 16485 16901 16581
16981 16366 16961 16565
16381 16265 17269 16886
16245 16357 17309 16802
16725 16264 16787 16969
17124 16403 16674 16544
16747 16834 16327 16524
16003 16953 17162 16931
16919 16560 16888 16481
17127 16399 16587 16533
17022 16478 16793 16731
16741 16816 16365 16521
16998 16563 16921 16391
16731 16255 16786 16974
17112 16380 16622 16592
16749 16813 16661 16564
16931 16573 16900 16402
16729 16252 16785 16983
17020 16419 16379 16734
16627 16342 17301 16398
17013 16354 16947 16508
16716 16307 16736 17014
16713 16408 16659 17014
16659 16807 17093 16238
16719 16446 17063 16790
16691 16272 16782 17009
16719 16381 16632 16977
16617 16819 16919 16508
16201 16446 17311 16827
16724 16584 17042 16798
15967 16875 17167 16956
16930 16577 16858 16410
16988 16488 16987 16493
16360 16341 17283 16789
16962 16350 16417 16757
16637 16849 16364 16655
16435 16570 16965 17028
16724 16562 16612 17026
16667 16375 17318 16360
16580 16849 16906 16793
16848 16549 17006 16743
16186 16439 17352 16774
16768 16606 17021 16783
16727 16350 16777 16984
16659 16685 17066 16802
15957 16961 17200 16963
16573 16870 16982 16480
16740 16295 16826 16953
16546 16709 17129 16799
16183 16660 17023 16961
16679 16900 16332 16593
16946 16503 16987 16441
16520 16589 17117 16976
16740 16439 16596 16964
16716 16565 16674 16985
16766 16306 16814 16944
16932 16480 16789 16795
16708 16875 16725 16587
16743 16477 16590 16958
16625 16436 17303 16414
16719 16248 16849 16962
16926 16507 16816 16832
17008 16359 16656 16732
16694 16863 16370 16613
16706 16303 16800 16993
17149 16352 16761 16573
16788 16569 17004 16697
16669 16268 16795 17018
16458 16648 16997 17002
16406 16753 17172 16884
16790 16681 17024 16238
16902 16671 16696 16424
16906 16447 17024 16520
16932 16286 16968 16565
16694 16303 16749 17023
16924 16504 16815 16841
16436 16668 16969 17002
16672 16545 16704 17054
16901 16655 16736 16460
16523 16197 17325 16804
16658 16225 16754 17048
16720 16831 16354 16586
16616 16480 17239 16752
16852 16680 16689 16462
16945 16288 16966 16590
16732 16793 17178 16694
16734 16827 16305 16589
16914 16641 16613 16458
16425 16236 17238 16874
16825 16342 16639 16912
16851 16664 16667 16509
16858 16493 16951 16807
16561 16316 16715 17092
16788 16282 16645 16938
16715 16812 16300 16631
16873 16644 16685 16505
16882 16429 17029 16651
16699 16847 16324 16601
16472 16286 17253 16872
16391 16721 17327 16744
16808 16423 16780 16918
16835 16607 17128 16291
16931 16368 16962 16570
16413 16243 17265 16855
16519 16387 16942 17017
16767 16838 16281 16536
16462 16641 17157 16972
16917 16642 16647 16449
16343 16294 17243 16900
16580 16192 16795 17088
16810 16656 16931 16900
16567 16247 16746 17119
16524 16830 16869 16893
16318 16292 17273 16838
16569 16206 16733 17091
16499 16791 16923 16859
16496 16512 17184 16952
16781 16368 16635 16945
16490 16449 16954 17004
16358 16338 17282 16798
16871 16811 16703 16418
16419 16418 17247 16835
17058 16290 16630 16719
16890 16628 16615 16461
16963 16474 16870 16661
16389 16342 17259 16865
16226 16148 17226 17002
17010 16248 16663 16776
16869 16408 16635 16891
16594 16803 16923 16576
16446 16346 17232 16851
16268 16217 17220 16982
16560 16286 16677 17130
16798 16902 16356 16478
16281 16162 17269 16951
16567 16246 16691 17120
17003 16251 16668 16748
16846 16666 16644 16482
16597 16246 16641 17109
16952 16183 16639 16794
16270 16119 17228 16981
16610 16244 16643 17101
16988 16261 16634 16769
17058 16414 16723 16556
16239 16376 17355 16770
16617 16216 16719 17107
16864 16396 16746 16908
16574 16692 17141 16883
16658 16231 17322 16746
16283 16165 17164 16976
16172 16413 17347 16783
16849 16443 17051 16534
16518 16663 17190 16782
16522 16671 17185 16788
16707 16893 16773 16560
16873 16404 16580 16878
16612 16727 17109 16886
16542 16587 17036 16979
16570 16790 17088 16820
16520 16666 17191 16773
16524 16674 17186 16779
16249 16237 17252 16982
16980 16286 16669 16753
16533 16750 17039 16867
16906 16627 16656 16463
16978 16283 16668 16762
16539 16671 17318 16659
16592 16637 17215 16778
16457 16475 16979 17008
16936 16639 16592 16399
17093 16395 16747 16576
16613 16284 17270 16853
16188 16157 17287 16945
16160 16400 17383 16752
16818 16452 17083 16720
16670 16509 16727 17036
16420 16688 17173 16829
16555 16600 17188 16779
16603 16718 17253 16705
16830 16918 16705 16402
16921 16620 16627 16458
16929 16596 16601 16412
16931 16303 16900 16651
16136 16325 17406 16781
17000 16345 16636 16740
16434 16747 17158 16839
16891 16620 16677 16469
16970 16374 16865 16692
16138 16328 17407 16772
16432 16744 17157 16848
16031 16908 17068 16882
16761 16797 16758 16486
16164 16319 17392 16736
16569 16706 17290 16711
16066 16961 17087 16877
16738 16269 17283 16628
16812 16865 16787 16440
16203 16438 17392 16717
16470 16724 17160 16822
16558 16732 17188 16760
16575 16638 17177 16898
16683 16233 17292 16808
16414 16247 17293 16841
16216 16383 17441 16686
16515 16711 17122 16802
16559 16677 17264 16716
16471 16660 17127 16920
16115 16911 17045 16850
16271 16384 17413 16681
16845 16372 17061 16590
16516 16669 17193 16772
16608 16600 17153 16852
16899 16685 16679 16421
16638 16604 17075 16857
16637 16607 16698 17023
16912 16630 16728 16390
16570 16222 17301 16881
16475 16663 17362 16743
16587 16641 17235 16734
16621 16570 17035 16882
16651 16697 17237 16708
16109 16894 17099 16908
16767 16814 16745 16468
16559 16186 17334 16846
16534 16688 17147 16798
16615 16572 17073 16866
16601 16604 17043 16928
16603 16535 17190 16783
16270 16830 17081 16853
16759 16838 16771 16514
16894 16577 16810 16428
16273 16387 17414 16672
16550 16796 16941 16789
16477 16684 17174 16812
16570 16601 17217 16751
16597 16582 16710 17039
16881 16632 16761 16459
16835 16463 17015 16520
16560 16821 17088 16772
16464 16739 17125 16843
16651 16565 17013 16855
16644 16617 16680 17024
16800 16525 17139 16536
16786 16766 16756 16530
16658 16551 17003 16881
16799 16711 16805 16499
16207 16375 17363 16757
16344 16801 17217 16770
16541 16658 17228 16793
16771 16588 16949 16897
16174 16768 17077 16904
16622 16322 17328 16498
16772 16285 17289 16584
16554 16801 16896 16840
16557 16649 17369 16618
16623 16311 17343 16463
16804 16706 16760 16504
16918 16625 16689 16347
16498 16106 17369 16809
16196 16298 17369 16775
16180 16846 17173 16834
16758 16245 17242 16589
16806 16709 16761 16495
16913 16627 16686 16344
16536 16142 17374 16773
17093 16205 16828 16550
16478 16769 17032 16838
16700 16600 17060 16772
16920 16599 16762 16350
16525 16799 17082 16785
16373 16804 17067 16791
16532 16590 17179 16927
16641 16563 17080 16871
16668 16498 17084 16818
16977 16640 16764 16267
16820 16337 17107 16585
16525 16761 16966 16876
16472 16727 17161 16813
16699 16670 17032 16821
16750 16229 17257 16613
16852 16747 16657 16435
16923 16616 16790 16336
16472 16633 17372 16720
16470 16562 17167 16969
16646 16605 17071 16829
16680 16535 17081 16844
16660 16564 16702 17030
16898 16581 16836 16331
17066 16379 16889 16488
16833 16523 17029 16546
16266 16427 17400 16682
17059 16255 16738 16667
16547 16578 17390 16530
16484 16757 17140 16822
16528 16565 17091 16930
16629 16467 17052 16890
16790 16226 17295 16564
16885 16636 16787 16362
17071 16377 16893 16575
16819 16658 16971 16810
17018 16341 16956 16446
17129 16204 16760 16622
16473 16841 17088 16748
16593 16648 17301 16690
16677 16716 16994 16803
16602 16487 17110 16878
16872 16625 16826 16308
16960 16302 16996 16415
16877 16493 17067 16406
17154 16239 16714 16627
16402 16847 17156 16718
16565 16561 17372 16531
16749 16698 17017 16705
16638 16565 17105 16853
16847 16730 16873 16305
16996 16380 16991 16390
17118 16161 16719 16652
16475 16710 17090 16899
16430 16804 17150 16722
16555 16690 17382 16646
16580 16642 17059 16930
16613 16484 17072 16888
16460 16651 16998 16993
16681 16265 17310 16642
16833 16748 16696 16423
16971 16345 17037 16385
17105 16216 16670 16683
16443 16802 17152 16714
16555 16667 17031 16952
16685 16666 17143 16770
16743 16621 17097 16711
16638 16519 17026 16893
16465 16608 17011 16992
16911 16636 16793 16247
16958 16400 16988 16416
16681 16230 17291 16817
17054 16148 16641 16729
16394 16819 17131 16731
16462 16509 17399 16568
16603 16498 17028 16933
16846 16730 16670 16453
16927 16408 17022 16456
16583 16167 17350 16850
16309 16384 17381 16685
16825 16413 17074 16609
17090 16226 16636 16704
16393 16803 17171 16767
16633 16574 17016 16903
16923 16746 16865 16216
16519 16612 17387 16671
16827 16416 17075 16600
17067 16218 16664 16675
16529 16736 17053 16876
16383 16833 17104 16750
16274 16805 17069 16866
16846 16777 16706 16406
16376 16391 17438 16644
16819 16379 17099 16655
17109 16267 16674 16626
16479 16738 17054 16881
16276 16808 17070 16857
16034 16981 17164 16874
16897 16845 16735 16360
16844 16412 17068 16597
17107 16264 16673 16635
16388 16692 17361 16554
16276 16794 17103 16838
16281 16765 17083 16856
16549 16468 16987 16985
16876 16769 16791 16387
17102 16307 16660 16636
16489 16760 17093 16838
16713 16545 17109 16741
16201 16782 17184 16817
16834 16806 16783 16351
17108 16280 16633 16599
16390 16650 17398 16555
16300 16748 17062 16891
16288 16736 17014 16933
16910 16425 16992 16466
16791 16591 17034 16408
16416 16089 17313 16911
16193 16454 17394 16634
16840 16567 16905 16862
16285 16830 17009 16951
16781 16566 17043 16579
17085 16339 16683 16650
16723 16688 17236 16729
16814 16569 17021 16535
16512 16164 17278 16906
16225 16479 17442 16587
17049 16261 16688 16675
16799 16538 16873 16911
16426 16700 17357 16509
16283 16812 16977 16961
16666 16579 17011 16866
16887 16657 16854 16238
16525 16109 17327 16875
16227 16438 17429 16559
17051 16264 16689 16666
16482 16758 16840 17065
16422 16774 17016 16867
16706 16557 17074 16747
16668 16582 17012 16857
16820 16648 16879 16309
16936 16370 17004 16436
16561 16187 17322 16850
16229 16441 17430 16550
16795 16543 17026 16572
16374 16768 16904 17002
16372 16713 17339 16472
16624 16696 17028 16859
16464 16843 17010 16847
16708 16552 17053 16788
16634 16543 16990 16896
16457 16723 16886 17060
16993 16374 16977 16422
16787 16563 17032 16461
16296 16456 17487 16528
17054 16265 16742 16634
16816 16629 16904 16863
16367 16738 17334 16390
16682 16758 17150 16768
16507 16826 17016 16842
16280 16680 17008 16959
16923 16588 17014 16306
16999 16347 16950 16385
16287 16441 17423 16552
16331 16793 17391 16438
16785 16664 17007 16835
16455 16726 16837 17068
16802 16299 17211 16518
16857 16507 17002 16341
16534 16144 17306 16906
16791 16545 17033 16757
16685 16692 16968 16757
16230 16642 17024 16979
16729 16551 17038 16747
16559 16179 17260 16911
16293 16425 17405 16552
16415 16708 17456 16447
16628 16651 16966 16840
16486 16874 16956 16821
16260 16718 17012 16949
16669 16594 17044 16851
16943 16774 16808 16246
17045 16482 16909 16587
16572 16124 17309 16880
16306 16370 17454 16521
16315 16716 17373 16467
16276 16795 17030 16920
16694 16629 16998 16856
16593 16172 17288 16845
17144 16366 16682 16532
16246 16719 17042 16950
16505 16580 17233 16818
16715 16512 17067 16778
16816 16244 17363 16516
16591 16117 17297 16839
16235 16376 17522 16491
16356 16816 16831 17068
16322 16688 17449 16473
16538 16501 16872 17041
16710 16555 17054 16779
16565 16694 17190 16747
16473 16704 16850 17117
16981 16585 16856 16125
16802 16601 17135 16340
16578 16172 17248 16870
16209 16385 17537 16527
17139 16422 16639 16485
16578 16628 16932 16953
16231 16738 17016 16963
16658 16549 16753 17051
16611 16169 17226 16860
16184 16304 17504 16562
16535 16849 16973 16795
16538 16660 17202 16766
16822 16210 17256 16518
16242 16343 17464 16593
16417 16711 17457 16438
16283 16794 17032 16933
16804 16229 17332 16541
16820 16588 17163 16350
16575 16091 17231 16885
16206 16265 17469 16618
16420 16630 17425 16478
16584 16599 16947 16929
17016 16498 16871 16425
16267 16345 17434 16655
16787 16483 17107 16541
16913 16540 16837 16774
16476 16666 17384 16518
16535 16369 16903 17039
16691 16224 17254 16822
16322 16329 17430 16654
16299 16812 16858 17082
16439 16645 17406 16478
16399 16823 17053 16761
16269 16753 16991 16980
16680 16508 16643 17097
16748 16157 17301 16584
16804 16692 16864 16340
16619 16157 17227 16864
16265 16299 17427 16663
16239 16677 17003 17010
16537 16668 17317 16668
16121 16884 17018 16813
16795 16684 16877 16359
16804 16565 17237 16243
16515 16865 17052 16703
16125 16941 17035 16808
16623 16192 17271 16818
16585 16822 16969 16655
16753 16502 16535 16999
16116 16886 17015 16810
16741 16203 17251 16620
16868 16577 17170 16237
16738 16483 16570 17058
16822 16649 16840 16340
16881 16522 17219 16206
16475 16667 17393 16456
16389 16731 16942 17022
16590 16644 17214 16755
16615 16619 17242 16733
16730 16507 16596 17104
16409 16763 16887 17049
16509 16711 17349 16404
16482 16745 16983 16877
16383 16761 16945 16946
16743 16526 16518 17024
16761 16208 17295 16602
16833 16500 17236 16292
16370 16763 16943 16954
16544 16625 17257 16746
16788 16474 16518 16973
16781 16250 17258 16566
16820 16555 17187 16323
16795 16416 17146 16457
16389 16816 16911 16890
16536 16605 17214 16802
16840 16691 16796 16412
16795 16474 17154 16358
16718 16531 16835 16944
16633 16715 16652 16890
16425 16587 17438 16477
16803 16504 17033 16760
16591 16630 16868 16907
16786 16438 16541 16955
16831 16552 17149 16333
16668 16285 17242 16848
16697 16399 16831 16945
16573 16819 17090 16764
16499 16850 17041 16723
16383 16799 16924 16908
16535 16617 17233 16786
16780 16465 16568 16992
16183 16960 16995 16721
16825 16533 17165 16295
16418 16627 17424 16487
16474 16875 17013 16745
16543 16673 17215 16762
16409 16635 16967 17114
16737 16387 16582 16997
16752 16232 17258 16604
16867 16582 17175 16246
16626 16676 16693 16875
16535 16847 16928 16844
16739 16390 16583 16988
16884 16735 16912 16249
16832 16550 17147 16290
16689 16206 17265 16771
16336 16720 17355 16749
16717 16389 16860 16946
16441 16787 16966 16862
16744 16347 16596 16987
16889 16554 17120 16276
16676 16261 17216 16802
16649 16708 16646 16889
16478 16843 16955 16858
16653 16461 16917 16941
16513 16679 16920 17042
16780 16425 16591 16962
16859 16654 16879 16284
16956 16512 17114 16254
16619 16257 17243 16816
16573 16671 16663 16940
16440 16546 17405 16524
16537 16775 16918 16862
16580 16703 17252 16721
16861 16657 16880 16275
16444 16777 16898 16876
16785 16350 16542 16967
16695 16262 17333 16718
16905 16444 17085 16300
16552 16204 17305 16816
16507 16538 17401 16521
16584 16774 16956 16764
16409 16786 16931 16882
16722 16742 17293 16671
16796 16347 16504 16977
16744 16292 17340 16570
16884 16702 16936 16222
16892 16499 17036 16331
16588 16282 17300 16791
16209 16378 17364 16748
16547 16797 16872 16855
16422 16784 16933 16874
16541 16740 16882 16979
16785 16304 16463 17007
16112 16981 17059 16807
16788 16250 17377 16561
16848 16624 16941 16247
16911 16549 17013 16336
16594 16255 17273 16754
16657 16700 16633 16852
16490 16793 16899 16869
16364 16750 16985 16934
16675 16543 16837 16975
16784 16586 16951 16889
16579 16787 16816 16905
16807 16393 16434 16973
16835 16679 16892 16278
16940 16537 16969 16373
16678 16259 17265 16776
16226 16374 17357 16745
16635 16720 16605 16852
16520 16869 16887 16839
16688 16488 16886 16944
16592 16796 16827 16839
16118 17015 17079 16790
16963 16407 16954 16528
16898 16507 16981 16341
16693 16770 16625 16849
16348 16765 17046 16908
16682 16515 16913 16981
16814 16753 16914 16267
16690 16719 16625 16876
16262 16703 17034 16960
16680 16512 16912 16990
16793 16476 16962 16862
16618 16772 16767 16790
16774 16153 17344 16571
16779 16744 16907 16298
16915 16571 17016 16267
16656 16228 17321 16755
16550 16773 16918 16823
16270 16759 17016 16936
16754 16742 17242 16657
16203 16298 17360 16795
16733 16705 16591 16863
16633 16746 16874 16815
16537 16828 16869 16854
16213 16747 17061 16912
16794 16467 17008 16829
16822 16341 16484 16933
16725 16130 17300 16627
16842 16783 16859 16307
16925 16499 16990 16271
16684 16232 17238 16739
16621 16698 16942 16835
16215 16742 17071 16899
16817 16647 16830 16870
16595 16782 16867 16838
16864 16481 16415 16927
16738 16210 17295 16600
16853 16797 16843 16261
16910 16480 17025 16330
16686 16235 17239 16730
17035 16399 16652 16629
16753 16687 16495 16765
16233 16789 17060 16874
16633 16492 16869 17037
16846 16449 16862 16852
16863 16450 16964 16806
16812 16573 16919 16907
16593 16746 16890 16820
16736 16207 17294 16609
16866 16742 16892 16230
16914 16502 17028 16261
16707 16171 17250 16713
17077 16448 16662 16580
16795 16682 16536 16782
16220 16791 17058 16882
16751 16682 17222 16684
16821 16368 16829 16887
16587 16773 16917 16857
16806 16470 16447 16942
16881 16548 17113 16286
16701 16198 17277 16750
16741 16669 16591 16773
16757 16655 17195 16647
16827 16562 16986 16814
16796 16397 17026 16806
16799 16412 16462 16930
16085 16958 17072 16871
16764 16294 17327 16570
16921 16743 16864 16225
16922 16553 17114 16205
16699 16195 17276 16759
16158 16763 17046 16924
16744 16710 17146 16678
16814 16617 16937 16845
16783 16388 16826 16913
16798 16400 17027 16797
16778 16602 16862 16928
16872 16469 16451 16897
16686 16250 17227 16790
16231 16459 17304 16815
16387 16696 17275 16778
16631 16568 16931 16949
16742 16707 17145 16687
16789 16582 16983 16840
16819 16466 16821 16888
16802 16332 17059 16766
16476 16777 16865 16911
16955 16734 16782 16231
16908 16575 17113 16242
16664 16303 17271 16812
16680 16820 16759 16836
16570 16769 16928 16866
16390 16818 16818 16937
16192 16815 17092 16807
16646 16521 16994 16984
16838 16564 16904 16871
16838 16410 17054 16741
16478 16780 16866 16902
16957 16737 16783 16222
16219 16381 17314 16815
16583 16788 16850 16786
16440 16816 16817 16932
16857 16446 16824 16862
16809 16326 17013 16772
16703 16583 16785 16984
16505 16776 16843 16903
16877 16426 16464 16896
16801 16296 17313 16556
16900 16733 16810 16236
16955 16570 17033 16189
16644 16194 17304 16764
16193 16390 17329 16851
16851 16375 17023 16723
16464 16771 16842 16984
16757 16322 17251 16564
16887 16788 16761 16267
17022 16528 17027 16167
16208 16316 17299 16819
16555 16817 16856 16804
16697 16596 16784 16962
16883 16735 16793 16254
16670 16181 17300 16753
16233 16397 17332 16784
16546 16819 16856 16820
16334 16717 17354 16758
16826 16618 16985 16800
16699 16599 16785 16953
16913 16811 16781 16224
16961 16448 17062 16130
16255 16433 17282 16783
16668 16689 16592 16884
16565 16872 16824 16756
16609 16677 17159 16811
16825 16352 17072 16618
16677 16568 16841 16932
16819 16415 16496 16911
16064 16949 17212 16868
16926 16830 16703 16144
16994 16482 16900 16590
16997 16526 17057 16105
16603 16223 17306 16775
16230 16352 17249 16818
16564 16856 16864 16792
16474 16933 16784 16820
16132 16791 17253 16778
16531 16597 17003 16959
16666 16681 17132 16797
16671 16595 16868 16969
16809 16272 17287 16510
16933 16802 16779 16150
16949 16519 17115 16100
16232 16355 17250 16809
16719 16746 16565 16800
16454 16719 17233 16817
16375 16644 17309 16773
16692 16672 17117 16761
16684 16540 16917 16938
16822 16217 17336 16479
16945 16771 16698 16123
16937 16540 17139 16133
16613 16235 17242 16858
16637 16789 16868 16765
16110 16858 17197 16862
16709 16621 16950 16903
16842 16519 16408 16875
16091 16985 17137 16860
16917 16814 16704 16119
16899 16479 17143 16135
16670 16239 17215 16844
16283 16363 17277 16785
16737 16681 16515 16834
16638 16805 16828 16729
16412 16939 16866 16752
16622 16687 17123 16784
16812 16471 17011 16768
16833 16521 16408 16891
16814 16241 17362 16525
16955 16749 16642 16120
16941 16528 17153 16086
16683 16184 17264 16813
16224 16311 17316 16809
16435 16941 16805 16686
16088 16790 17152 16864
16827 16367 17013 16771
16890 16553 16326 16853
16985 16749 16557 16085
17030 16492 16875 16608
16947 16501 17126 16049
16708 16219 17218 16818
16254 16387 17304 16779
16748 16724 16556 16804
16431 16965 16881 16715
16632 16576 16882 16971
16121 16990 17214 16785
16995 16734 16654 16164
16934 16556 17077 16080
16672 16141 17223 16843
16254 16381 17266 16791
16728 16730 16653 16802
16640 16841 16775 16636
16466 16940 16963 16676
16647 16693 17013 16808
16786 16588 17020 16758
16809 16432 17063 16737
16754 16660 17030 16768
16834 16581 16400 16883
16993 16731 16653 16173
16659 16196 17174 16874
16224 16305 17278 16821
16607 16887 16860 16661
16049 16778 17232 16825
16784 16585 17019 16767
16879 16465 16843 16790
16822 16428 17007 16691
16736 16691 16960 16740
16832 16578 16399 16892
16090 16986 17237 16718
16718 16301 17355 16606
16968 16756 16625 16195
16942 16528 17035 16077
16602 16192 17201 16888
16198 16314 17293 16857
16594 16889 16858 16669
16453 16950 16903 16647
16480 16609 17346 16674
16637 16545 16957 16986
16763 16649 17008 16784
16877 16462 16842 16799
16849 16460 17010 16688
16752 16683 16882 16659
16857 16613 16353 16897
16077 16988 17235 16726
16746 16295 17341 16561
16928 16555 17037 16155
16638 16270 17196 16863
16266 16374 17272 16801
16656 16877 16804 16588
16438 16931 16938 16706
16120 16772 17164 16855
16824 16425 17056 16683
16723 16744 16913 16698
16821 16535 16358 16922
16724 16264 17397 16540
16990 16543 16983 16074
16584 16205 17173 16878
16230 16296 17277 16826
16741 16675 16702 16771
16665 16830 16801 16593
16436 16954 16913 16643
16142 16803 17108 16876
16825 16610 16994 16769
16888 16505 16883 16769
16752 16684 16836 16671
16496 16811 16771 16992
16823 16538 16359 16913
16060 16910 17249 16748
16781 16268 17370 16526
16973 16703 16710 16143
16981 16545 16983 16090
16641 16209 17146 16864
16243 16376 17272 16799
16743 16678 16703 16762
16396 16933 16978 16640
16140 16800 17107 16885
16648 16524 16995 16975
16837 16570 16968 16754
16890 16508 16884 16760
16816 16449 17082 16729
16743 16667 16878 16735
16546 16809 16770 16987
16791 16535 16408 16933
16794 16213 17419 16495
16961 16743 16736 16158
17037 16516 16955 16048
16701 16247 17142 16812
16241 16373 17271 16808
16735 16691 16904 16781
16349 16953 16922 16589
16170 16876 17095 16855
16535 16672 17324 16729
16654 16497 16968 16938
16859 16601 16912 16775
16896 16481 16857 16723
16562 16777 16771 16958
16816 16616 16441 16898
16070 16922 17185 16831
16836 16262 17429 16446
16981 16680 16703 16131
17041 16492 16879 16019
16734 16201 17057 16787
16689 16810 16647 16613
16316 16947 16929 16638
16522 16727 17275 16760
16641 16552 16919 16969
16797 16646 16960 16811
16681 16678 16959 16772
16838 16662 16365 16854
16842 16235 17402 16409
16968 16735 16654 16162
17027 16530 16911 16093
16730 16225 17133 16816
16229 16423 17327 16797
16330 17028 16953 16599
16176 16852 17093 16886
16590 16484 16890 17015
16767 16426 17038 16785
16668 16733 16910 16803
16775 16685 16419 16905
16016 16898 17211 16900
16829 16290 17353 16440
16999 16694 16585 16115
16961 16398 16828 16694
17094 16488 16905 16071
16686 16159 17137 16837
16231 16426 17328 16788
16544 16590 17037 16970
16769 16429 17039 16776
16618 16734 16957 16796
16723 16644 16434 16934
16843 16252 17321 16366
17026 16726 16588 16112
16680 16186 17164 16874
16256 16401 17356 16766
16782 16819 16654 16515
16340 16942 16920 16592
16186 16766 17060 16879
16587 16473 16917 17002
16565 16526 17048 16953
16744 16380 17084 16770
16620 16737 16958 16787
16839 16276 17397 16395
17028 16451 16766 16694
17050 16422 16909 16092
16693 16131 17213 16843
16334 16969 16947 16629
16160 16775 17075 16915
16456 16722 17234 16808
16919 16547 16802 16842
16723 16444 17073 16787
16631 16759 17002 16777
16744 16636 16475 16918
16778 16196 17432 16358
17039 16671 16637 16081
17016 16491 16792 16709
17044 16449 16936 16129
16672 16195 17202 16860
16220 16402 17424 16694
16324 16972 16955 16589
16130 16699 17087 16945
16461 16679 17247 16807
16134 17006 17174 16799
16104 16930 17186 16829
16709 16797 17244 16702
16675 16752 17176 16777
16114 17017 17036 16825
16573 16676 17181 16919
16595 16836 17033 16519
16029 16949 17081 16910
16339 16804 17043 16887
16886 16621 16999 16751
16271 16944 16859 16768
16643 16870 16881 16603
16802 16648 16941 16901
16758 16961 16802 16514
16148 16923 16739 16974
16477 16763 17053 16877
16199 16991 16768 16928
16705 16934 16786 16588
16318 16871 17065 16845
16134 16979 16796 16908
16827 16763 16877 16459
16724 16745 17294 16662
16676 16896 16883 16554
15849 17012 16740 16893
16733 16750 17037 16667
15801 17034 16649 16857
16831 16746 16816 16445
16506 16867 17132 16522
16525 16873 16793 16931
16641 16561 17272 16717
16683 16643 17182 16766
16463 16741 17171 16926
16085 16841 17030 16936
15793 16996 16730 16951
16127 16836 16809 16976
16474 16650 17230 16965
16189 16925 16631 16947
15949 16843 16704 17066
16678 16855 16870 16526
16688 16802 17037 16718
16558 16922 16841 16916
16580 16681 17221 16744
16625 16585 16983 17001
16492 16697 17129 16826
17055 16562 16865 16627
16110 17039 17105 16836
16749 16679 17221 16693
16152 16961 16718 16981
16228 16911 16847 16854
16596 16758 17239 16715
15944 16995 16647 16859
16844 16718 16785 16430
16486 16760 17280 16772
16725 16694 17150 16704
16673 16677 17265 16708
16470 16715 16932 17151
16514 16790 17260 16801
16087 16917 16789 16943
16566 16604 17065 16949
16075 16980 16743 17002
16523 16624 17112 16929
15909 17016 16609 16894
16548 16722 17171 16779
15991 17012 16581 16900
16657 16794 17110 16750
16655 16830 16855 16588
16450 16911 16868 16814
16524 16723 17268 16699
16135 16978 16690 17005
16459 16907 16913 16812
16163 16914 16804 16951
16057 16887 16787 17021
16553 16628 16947 16980
16683 16542 16902 17013
16016 16903 16779 16956
16517 16651 17139 16966
16149 16927 16846 16868
16434 16867 16953 16862
16526 16629 16857 17047
16522 16904 16924 16826
16332 16823 16786 17041
15876 16896 16654 17078
15825 17024 16580 16850
15819 17097 16714 16673
16301 16825 16870 17003
16087 16961 17073 16862
16335 17076 16894 16681
16508 16852 17221 16779
15692 17040 16583 16687
16154 16964 16627 16978
16609 16912 16831 16480
15905 16886 16673 17058
16675 16858 16798 16618
16543 16836 16927 16799
16532 16889 16766 16967
15851 16815 16621 17113
16464 16796 17188 16793
16301 16815 16859 17073
16489 16367 17269 16790
16451 16750 16913 17097
16599 16820 16998 16309
16444 16728 16936 17162
16089 16920 16790 16934
16158 16946 16642 16954
15969 16819 16599 17083
16446 16583 16627 17165
16129 16881 16606 17039
15924 16797 16663 17091
16724 16712 17024 16717
16477 16665 16932 17085
16434 16716 17000 17079
16151 16974 16566 16948
16474 16636 17373 16711
16167 16909 16676 16947
16335 16457 17396 16783
16165 16932 16590 17008
16289 16790 16791 17090
16780 16671 17014 16732
16156 16959 16824 16908
16569 16548 16879 17032
16511 16720 16933 17070
16677 16861 16799 16609
15801 17015 16746 16923
15757 17013 16693 16938
16362 16799 16985 17029
15755 17027 16609 16928
15724 17030 16614 16925
16046 16862 16717 17039
16245 16952 16693 16876
16221 16939 16771 16848
16709 16291 17139 16743
16787 16618 17001 16874
16452 16887 16860 16864
17007 16574 16818 16478
16899 16630 16888 16461
16677 16880 16828 16341
16754 16333 17121 16963
16666 16640 17102 16820
16114 16891 16760 17007
16771 16602 16928 16928
16773 16877 16703 16485
16411 16341 17257 16856
16463 16554 17010 17035
16457 16779 17111 16853
16243 16579 17470 16761
16865 16687 16786 16530
16506 16731 17197 16812
16639 16548 16958 16977
15911 16852 16614 17122
16632 16614 16623 17124
16667 16316 17140 16872
15875 16774 16619 17147
16569 16599 16936 17022
16104 16847 16609 17027
16140 16851 16557 17043
16165 16886 16511 17048
15900 16855 16652 17112
16154 16889 16549 17038
15912 16815 16626 17097
16449 16321 17260 16830
16333 16827 16753 17027
16560 16930 17006 16760
16538 16760 16953 17007
16161 16924 16641 16968
16151 16859 16579 17015
15991 16799 16627 17083
16654 16937 16829 16411
16891 16550 16827 16805
16149 16856 16578 17024
16027 16877 16622 17058
16200 16924 16607 16978
16002 16842 16668 17053
16077 16939 16730 16974
16166 16839 16606 17000
16015 16847 16629 17048
16179 16844 16567 16995
16468 16511 17023 17034
16169 16912 16677 16938
16213 16963 16797 16894
16014 16900 16778 16965
16162 16940 16601 16932
16967 16621 16827 16701
16986 16674 16795 16637
17013 16606 16742 16607
16598 16855 16766 16933
16956 16598 16823 16759
16165 16906 16767 16950
17065 16622 16665 16401
16150 16925 16741 16963
16152 16928 16742 16954
16622 16881 16752 16928
17074 16591 16722 16691
16040 16897 16746 16990
16038 16894 16745 16999
16806 16708 16708 16892
16095 16898 16718 16985
16842 16786 16703 16867
16507 16854 16812 16962
16844 16544 16991 16816
16709 16367 17108 16810
16605 16498 16883 17082
16144 16921 16762 16929
16933 16712 16571 16360
16558 16478 16849 17115
16411 16799 16864 17067
16825 16594 16925 16817
16158 16962 16825 16899
16693 16533 17093 16883
16824 16619 16906 16876
16213 16777 17089 16873
16840 16752 16790 16517
16147 16924 16845 16877
16421 16831 17041 16879
16544 16825 17097 16748
17012 16541 16828 16688
16806 16516 17065 16804
16577 16538 16956 17076
16226 16908 16846 16863
16946 16518 16781 16790
16177 16885 16802 16919
16202 16920 16756 16924
16536 16764 17154 16786
16479 16590 17143 16968
17117 16488 16547 16430
16588 16748 16926 16821
16831 16518 17035 16866
16484 16732 16964 16914
17077 16572 16609 16412
16815 16292 17046 16793
16565 16766 16868 16974
16381 16840 16937 16936
16667 16567 16863 17021
16992 16557 16937 16607
16766 16539 16962 16914
16678 16669 17155 16734
17102 16498 16513 16451
16587 16900 16333 16835
16780 16733 17227 16621
16631 16695 17328 16330
16536 16742 17027 16867
16608 16809 17223 16455
16587 16835 17268 16358
16383 16648 16971 17125
16638 16769 16791 16898
16600 16771 17274 16331
16178 16370 16976 17119
16705 16586 16786 16975
16709 16455 17049 16864
16730 16718 17267 16625
16716 16586 16638 17072
16723 16620 16726 16974
17099 16499 16679 16476
17075 16536 16632 16394
16427 16951 16850 16791
16609 16657 17150 16867
16914 16479 16919 16895
16403 16483 17048 17005
16822 16542 16998 16868
16235 16938 16814 16820
17101 16569 16528 16339
17122 16593 16560 16303
16555 16831 17255 16450
16660 16732 17216 16739
16264 16811 17102 16841
16817 16559 17095 16511
16945 16487 16889 16738
16735 16608 17117 16697
16633 16382 17072 16889
16361 16828 17027 16928
16625 16840 16955 16503
16602 16683 17214 16741
16219 16738 17018 16936
17114 16514 16577 16308
16379 16372 17238 16875
17124 16623 16597 16296
16419 16647 16903 17197
16587 16968 16762 16833
17080 16557 16650 16282
17134 16562 16479 16276
17181 16562 16502 16233
16556 16475 16848 17124
17156 16481 16469 16268
17150 16508 16496 16305
16693 16557 17149 16759
17148 16505 16495 16314
16770 16481 17116 16717
17135 16560 16446 16345
16465 16880 17131 16272
16633 16608 17143 16851
16634 16487 16879 17018
16636 16865 16851 16665
16629 16828 16851 16814
16494 16751 17290 16413
16529 16557 17358 16671
16623 16433 17302 16423
17116 16517 16578 16299
17128 16477 16552 16284
17115 16532 16503 16315
16730 16468 17083 16784
16779 16850 16676 16448
16582 16446 16894 17047
16849 16499 17081 16451
16820 16569 17025 16412
17074 16641 16543 16323
16832 16542 17069 16320
16804 16788 16788 16381
16771 16880 16773 16376
16067 15801 16626 17253
16767 16788 17178 16652
16921 16697 16425 16782
16861 16488 17036 16426
16279 16399 16622 17213
16069 15796 16636 17240
16745 16822 16256 16577
17128 16523 16579 16199
16944 16705 16708 16592
16483 16567 17135 16983
16547 16752 17218 16753
17141 16468 16628 16168
16733 16840 16391 16567
17135 16495 16655 16205
16686 16872 16408 16599
17133 16492 16654 16214
16874 16531 17131 16291
17120 16547 16605 16245
16327 16862 17132 16792
16728 16432 17106 16766
16875 16549 17246 16243
16063 15691 16657 17201
16845 16524 17048 16425
16657 16854 16408 16637
16563 16691 17189 16756
16673 16898 16808 16345
17093 16502 16699 16251
16152 15968 16547 17244
16645 16870 16299 16788
16595 16364 17117 16926
16060 15823 16552 17240
16616 16720 17054 16905
16136 16984 17076 16778
16841 16404 17091 16309
16766 16295 17112 16729
16191 16868 17217 16824
16832 16456 17069 16637
16030 15831 16575 17225
16426 16563 17162 16997
16808 16488 17075 16541
16785 16502 17179 16464
16820 16489 17094 16420
16767 16836 16822 16230
16481 16626 17120 16986
16506 16667 17338 16702
16229 16401 16623 17218
16424 16286 17306 16825
16160 15962 16497 17242
16465 16723 17302 16774
16217 15966 16470 17228
16533 16713 17337 16757
16235 16953 17188 16800
16635 16871 16936 16199
17082 16576 16502 16426
16525 16704 17148 16823
17033 16642 16428 16368
16167 15878 16479 17232
16580 16900 16955 16249
17045 16681 16429 16338
16127 15941 16486 17262
16693 16550 16675 17092
16678 16825 16749 16849
16172 16069 16503 17228
17009 16632 16468 16405
16616 16837 16803 16930
16989 16648 16556 16346
16198 16018 16381 17220
16592 16850 16899 16260
17040 16668 16514 16287
16192 16045 16408 17257
16147 16837 17251 16862
16824 16553 17087 16366
17032 16651 16516 16248
16141 15986 16463 17258
16584 16635 17131 16883
17000 16670 16600 16336
16261 16267 17242 16940
16136 15991 16508 17253
16110 16000 16523 17289
16123 16046 16459 17284
16769 16736 16666 16898
16080 16963 17117 16866
16066 16042 16486 17298
16102 16120 16481 17273
16971 16738 16653 16294
16115 16065 16530 17242
16840 16824 16872 16335
16118 16004 16480 17243
16788 16764 16652 16914
16352 16518 17010 17052
16749 16826 16835 16431
16784 16825 16822 16345
16720 16524 17315 16292
16603 16549 17362 16488
16960 16717 16570 16339
16836 16310 17056 16764
16965 16747 16546 16302
16993 16723 16520 16312
16558 16732 17157 16781
16999 16696 16493 16275
16748 16848 16820 16362
16745 16834 16834 16326
16962 16720 16571 16330
16263 16135 17297 16927
16281 16211 17230 16967
16083 16146 16433 17230
16763 16729 16698 16909
16547 16713 16950 17012
16671 16639 17068 16841
16352 16588 17072 17048
16276 16215 17292 16900
16708 16386 17061 16858
16177 16913 17239 16832
16770 16438 17070 16829
16020 16979 17134 16885
16654 16577 16728 17066
16618 16729 17334 16655
16325 16216 17312 16886
16142 16957 17049 16741
16460 16903 17018 16798
16698 16374 17125 16775
16451 16729 17021 16935
16684 16872 16857 16508
16282 16720 16991 16972
16551 16757 17273 16383
16459 16291 17281 16820
16274 16212 17291 16909
16880 16762 16627 16810
16050 16066 16563 17257
16916 16698 16390 16709
16923 16670 16466 16715
16300 16181 17358 16881
16975 16688 16733 16640
16673 16522 16877 17048
16317 16768 17051 16905
16933 16657 16396 16680
16493 16504 17017 17097
16873 16551 16976 16805
16925 16681 16422 16726
16926 16697 16382 16690
16382 16664 17060 17018
16380 16217 17311 16799
16777 16888 16753 16324
16286 16405 16596 17204
17016 16731 16392 16573
16273 16251 17197 16983
16721 16681 16942 16741
16790 16458 17097 16765
16884 16261 17012 16735
16808 16622 16994 16848
16893 16707 16676 16779
16585 16514 16930 17030
16820 16949 16748 16433
16859 16226 17058 16730
16916 16658 16531 16753
16505 16718 17141 16813
16846 16281 17009 16761
16747 16542 17029 16811
16146 16276 17020 17055
16829 16902 16745 16438
16705 16346 17031 16927
16830 16545 17003 16804
16857 16477 16991 16843
17006 16567 16854 16775
16888 16570 16941 16746
16691 16754 17144 16708
16876 16499 16916 16921
16283 16152 17199 16988
16374 16277 17279 16865
16770 16514 17092 16744
16737 16511 17272 16209
16984 16601 16824 16643
16480 16744 17201 16823
17025 16486 16877 16657
16776 16428 17250 16192
16326 16450 17093 17023
16332 16221 17332 16784
16768 16452 17276 16238
16566 16218 17362 16743
16743 16417 17287 16256
16641 16609 17295 16323
16732 16374 17281 16263
16734 16596 16978 16881
16452 16663 16962 17023
16257 16174 17179 17012
16995 16455 16898 16657
16887 16734 16703 16816
16743 16371 17243 16273
16745 16374 17244 16264
17081 16555 16616 16432
16770 16349 17272 16242
16320 16643 17337 16778
16244 16740 16988 16998
16828 16811 16714 16566
16831 16429 17237 16279
16302 16561 17312 16882
16480 16263 17169 17030
16497 16601 16629 17072
16656 16536 16706 17093
16509 16726 17136 16819
16709 16617 17132 16733
16492 16260 17154 17004
16797 16803 16787 16598
16576 16753 17302 16316
17069 16480 16862 16516
16868 16640 16892 16841
16184 15946 17091 17041
16526 16755 17303 16321
16405 16792 17284 16850
16665 16313 17139 16881
16659 16675 17158 16806
16652 16368 17090 16912
17083 16474 16659 16597
17094 16458 16645 16511
16966 16707 16480 16473
17003 16532 16894 16603
16599 16783 17267 16390
17035 16474 16925 16596
16696 16642 16697 17005
16794 16323 17237 16564
16411 16286 17261 16939
17065 16404 16920 16612
16651 16807 16896 16562
16546 16800 17260 16384
16564 16798 17236 16397
17046 16321 16711 16746
16711 16341 17298 16612
16693 16353 17338 16369
16622 16617 16664 17044
16567 16589 17006 16960
16829 16787 16793 16469
16677 16333 17491 16413
16531 16852 17210 16424
16544 16797 17259 16393
17084 16336 16771 16632
16580 16875 17254 16368
16712 16362 17048 16874
16680 16588 17044 16914
16644 16510 17049 16939
16746 16845 16819 16371
17154 16285 16793 16587
16544 16749 17289 16408
17100 16341 16689 16583
16477 16716 17017 16924
16460 16418 17038 17015
16786 16828 16823 16336
16290 16469 17451 16742
17116 16259 16711 16653
16597 16576 17389 16525
16179 16350 17482 16632
16597 16367 17118 16917
16334 16833 17063 16869
16865 16772 16829 16377
16060 16760 16997 16971
16364 16768 16918 16967
16892 16704 16624 16869
16740 16756 17175 16655
16355 16274 17284 16922
16233 16774 16993 16981
16654 16548 17085 16855
17097 16281 16820 16601
16638 16828 16420 16707
16323 16540 17428 16799
16192 16511 17441 16807
16302 16143 17354 16860
16657 16370 17327 16328
16865 16456 16875 16951
16687 16446 17315 16298
16667 16566 17164 16795
16706 16478 16916 16968
16571 16763 16956 16865
16744 16527 17096 16755
16786 16593 16824 16942
16687 16398 17316 16308
16686 16467 16926 17017
16584 16449 16895 17038
16630 16394 17343 16322
16983 16568 16951 16554
16680 16507 17305 16382
17101 16453 16881 16545
16255 16496 17438 16745
16821 16390 16879 16972
16822 16616 16905 16885
17107 16415 16800 16517
16323 16191 17333 16825
17100 16329 16717 16629
16733 16814 16451 16522
16441 16170 17346 16876
17133 16361 16666 16564
16952 16570 16890 16663
16276 16154 17359 16850
16679 16541 17125 16788
17171 16398 16685 16529
16751 16464 16854 16930
16628 16618 17031 16902
17008 16400 16947 16626
16502 16636 17262 16799
17108 16305 16691 16583
16726 16842 16375 16516
16691 16623 16811 16999
16986 16286 16983 16510
16350 16206 17296 16902
16768 16478 17115 16726
17001 16579 16802 16431
16996 16485 16901 16581
16981 16366 16961 16565
16381 16265 17269 16886
16317 16471 17336 16823
17124 16403 16674 16544
16747 16834 16327 16524
16003 16953 17162 16931
17127 16399 16587 16533
17022 16478 16793 16731
16741 16816 16365 16521
16998 16563 16921 16391
16747 16411 16809 17002
17112 16380 16622 16592
16749 16813 16661 16564
16931 16573 16900 16402
17020 16419 16379 16734
16688 16343 17410 16504
17013 16354 16947 16508
16722 16436 16781 17024
16659 16807 17093 16238
16691 16272 16782 17009
16617 16819 16919 16508
16291 16576 17352 16835
16724 16584 17042 16798
15967 16875 17167 16956
16952 16598 16865 16650
16988 16488 16987 16493
16982 16482 16743 16806
16637 16849 16364 16655
16472 16589 16989 17066
16724 16562 16612 17026
16667 16375 17318 16360
16580 16849 16906 16793
16848 16549 17006 16743
16768 16606 17021 16783
16659 16685 17066 16802
15957 16961 17200 16963
16573 16870 16982 16480
16546 16709 17129 16799
16679 16900 16332 16593
16946 16503 16987 16441
16520 16589 17117 16976
16740 16439 16596 16964
16716 16565 16674 16985
16955 16499 16825 16821
16708 16875 16725 16587
16833 16660 16621 16961
16625 16436 17303 16414
16926 16507 16816 16832
17008 16359 16656 16732
16694 16863 16370 16613
17149 16352 16761 16573
16788 16569 17004 16697
16458 16648 16997 17002
16406 16753 17172 16884
16790 16681 17024 16238
16906 16447 17024 16520
16932 16286 16968 16565
16924 16504 16815 16841
16436 16668 16969 17002
16672 16545 16704 17054
16523 16197 17325 16804
16720 16831 16354 16586
16616 16480 17239 16752
16852 16742 16737 16561
16945 16288 16966 16590
16732 16793 17178 16694
16734 16827 16305 16589
16633 16268 17262 16916
16858 16493 16951 16807
16579 16414 16860 17098
16715 16812 16300 16631
16882 16429 17029 16651
16699 16847 16324 16601
16472 16286 17253 16872
16391 16721 17327 16744
16835 16607 17128 16291
16953 16492 16963 16584
16413 16243 17265 16855
16767 16838 16281 16536
16462 16641 17157 16972
16343 16294 17243 16900
16580 16192 16795 17088
16810 16656 16931 16900
16567 16247 16746 17119
16524 16830 16869 16893
16499 16791 16923 16859
16496 16512 17184 16952
16452 16807 17282 16798
16871 16811 16703 16418
16425 16669 17264 16835
17058 16290 16630 16719
16963 16474 16870 16661
16389 16342 17259 16865
16226 16148 17226 17002
17010 16248 16663 16776
16594 16803 16923 16576
16451 16631 17237 16855
16268 16217 17220 16982
16560 16286 16677 17130
16798 16902 16356 16478
16281 16162 17269 16951
16567 16246 16691 17120
16597 16246 16641 17109
16957 16447 16789 16801
16270 16119 17228 16981
16610 16244 16643 17101
17066 16574 16724 16652
16617 16216 16719 17107
16574 16692 17141 16883
16658 16231 17322 16746
16849 16443 17051 16534
16529 16778 17199 16790
16707 16893 16773 16560
16612 16727 17109 16886
16542 16587 17036 16979
16570 16790 17088 16820
16249 16237 17252 16982
16533 16750 17039 16867
16539 16671 17318 16659
16592 16637 17215 16778
17093 16395 16747 16576
16613 16284 17270 16853
16188 16157 17287 16945
16213 16427 17444 16765
16818 16452 17083 16720
16433 16733 17204 16834
16555 16600 17188 16779
16603 16718 17253 16705
16830 16918 16705 16402
16952 16447 16903 16728
16434 16747 17158 16839
16896 16627 16895 16671
16970 16374 16865 16692
16432 16744 17157 16848
16068 16909 17113 16901
16569 16706 17290 16711
16066 16961 17087 16877
16738 16269 17283 16628
16812 16865 16787 16440
16558 16732 17188 16760
16575 16638 17177 16898
16683 16233 17292 16808
16414 16247 17293 16841
16515 16711 17122 16802
16559 16677 17264 16716
16471 16660 17127 16920
16115 16911 17045 16850
16845 16372 17061 16590
16608 16600 17153 16852
16638 16604 17075 16857
16637 16607 16698 17023
16570 16222 17301 16881
16475 16663 17362 16743
16587 16641 17235 16734
16623 16584 17071 16928
16651 16697 17237 16708
16109 16894 17099 16908
16767 16814 16745 16468
16559 16186 17334 16846
16534 16688 17147 16798
16615 16572 17073 16866
16601 16604 17043 16928
16603 16535 17190 16783
16270 16830 17081 16853
16759 16838 16771 16514
16550 16796 16941 16789
16490 16737 17177 16820
16570 16601 17217 16751
16597 16582 16710 17039
16835 16463 17015 16520
16560 16821 17088 16772
16464 16739 17125 16843
16644 16617 16680 17024
16800 16525 17139 16536
16803 16776 16760 16561
16800 16784 16852 16532
16541 16658 17228 16793
16771 16588 16949 16897
16174 16768 17077 16904
16772 16285 17289 16584
16603 16821 16909 16854
16557 16649 17369 16618
16498 16106 17369 16809
16251 16856 17206 16853
16758 16245 17242 16589
16536 16142 17374 16773
17093 16205 16828 16550
16478 16769 17032 16838
16700 16600 17060 16772
16525 16799 17082 16785
16532 16590 17179 16927
16641 16563 17080 16871
16820 16337 17107 16585
16525 16761 16966 16876
16699 16670 17032 16821
16750 16229 17257 16613
16852 16747 16657 16435
16472 16633 17372 16720
16470 16562 17167 16969
16646 16605 17071 16829
16680 16535 17081 16844
16660 16564 16702 17030
16929 16583 16866 16672
17066 16379 16889 16488
16833 16523 17029 16546
17059 16255 16738 16667
16547 16578 17390 16530
16484 16757 17140 16822
16528 16565 17091 16930
16635 16475 17070 16908
16790 16226 17295 16564
16890 16740 16823 16408
17071 16377 16893 16575
16819 16658 16971 16810
17018 16341 16956 16446
17129 16204 16760 16622
16593 16648 17301 16690
16677 16716 16994 16803
16602 16487 17110 16878
16878 16645 16892 16459
16960 16302 16996 16415
16877 16493 17067 16406
17154 16239 16714 16627
16565 16561 17372 16531
16749 16698 17017 16705
16638 16565 17105 16853
16847 16730 16873 16305
16996 16380 16991 16390
17118 16161 16719 16652
16475 16710 17090 16899
16555 16690 17382 16646
16580 16642 17059 16930
16613 16484 17072 16888
16460 16651 16998 16993
16681 16265 17310 16642
16971 16345 17037 16385
17105 16216 16670 16683
16555 16667 17031 16952
16685 16666 17143 16770
16743 16621 17097 16711
16465 16608 17011 16992
16958 16400 16988 16416
16681 16230 17291 16817
17054 16148 16641 16729
16462 16509 17399 16568
16927 16408 17022 16456
16583 16167 17350 16850
16825 16413 17074 16609
17090 16226 16636 16704
16923 16746 16865 16216
16519 16612 17387 16671
16827 16416 17075 16600
16529 16736 17053 16876
16274 16805 17069 16866
16846 16777 16706 16406
16376 16391 17438 16644
16819 16379 17099 16655
17109 16267 16674 16626
16479 16738 17054 16881
16276 16808 17070 16857
16034 16981 17164 16874
16897 16845 16735 16360
16844 16412 17068 16597
17107 16264 16673 16635
16388 16692 17361 16554
16276 16794 17103 16838
16281 16765 17083 16856
16549 16468 16987 16985
16876 16769 16791 16387
17102 16307 16660 16636
16489 16760 17093 16838
16713 16545 17109 16741
16834 16806 16783 16351
17108 16280 16633 16599
16390 16650 17398 16555
16300 16748 17062 16891
16288 16736 17014 16933
16910 16425 16992 16466
16791 16591 17034 16408
16416 16089 17313 16911
16840 16567 16905 16862
16285 16830 17009 16951
16781 16566 17043 16579
17085 16339 16683 16650
16723 16688 17236 16729
16814 16569 17021 16535
16512 16164 17278 16906
16799 16538 16873 16911
16426 16700 17357 16509
16283 16812 16977 16961
16887 16657 16854 16238
16525 16109 17327 16875
16482 16758 16840 17065
16422 16774 17016 16867
16706 16557 17074 16747
16866 16676 16973 16486
16936 16370 17004 16436
16561 16187 17322 16850
16795 16543 17026 16572
16374 16768 16904 17002
16372 16713 17339 16472
16624 16696 17028 16859
16464 16843 17010 16847
16708 16552 17053 16788
16457 16723 16886 17060
16993 16374 16977 16422
16787 16563 17032 16461
16296 16456 17487 16528
17054 16265 16742 16634
16816 16629 16904 16863
16367 16738 17334 16390
16682 16758 17150 16768
16507 16826 17016 16842
16280 16680 17008 16959
16923 16588 17014 16306
16999 16347 16950 16385
16331 16793 17391 16438
16785 16664 17007 16835
16455 16726 16837 17068
16802 16299 17211 16518
16857 16507 17002 16341
16534 16144 17306 16906
16791 16545 17033 16757
16685 16692 16968 16757
16729 16551 17038 16747
16333 16428 17450 16562
16415 16708 17456 16447
16628 16651 16966 16840
16486 16874 16956 16821
16260 16718 17012 16949
16669 16594 17044 16851
16943 16774 16808 16246
17045 16482 16909 16587
16572 16124 17309 16880
16329 16487 17456 16532
16315 16716 17373 16467
16276 16795 17030 16920
16694 16629 16998 16856
16593 16172 17288 16845
17144 16366 16682 16532
16246 16719 17042 16950
16505 16580 17233 16818
16715 16512 17067 16778
16816 16244 17363 16516
16591 16117 17297 16839
16235 16376 17522 16491
16356 16816 16831 17068
16322 16688 17449 16473
16710 16555 17054 16779
16565 16694 17190 16747
16473 16704 16850 17117
16981 16585 16856 16125
16802 16601 17135 16340
16209 16385 17537 16527
17139 16422 16639 16485
16578 16628 16932 16953
16231 16738 17016 16963
16658 16549 16753 17051
16184 16304 17504 16562
16535 16849 16973 16795
16538 16660 17202 16766
16822 16210 17256 16518
16417 16711 17457 16438
16283 16794 17032 16933
16804 16229 17332 16541
16820 16588 17163 16350
16420 16630 17425 16478
16584 16599 16947 16929
17016 16498 16871 16425
16787 16483 17107 16541
16476 16666 17384 16518
16691 16224 17254 16822
16322 16329 17430 16654
16299 16812 16858 17082
16439 16645 17406 16478
16269 16753 16991 16980
16680 16508 16643 17097
16748 16157 17301 16584
16239 16677 17003 17010
16537 16668 17317 16668
16804 16565 17237 16243
16515 16865 17052 16703
16125 16941 17035 16808
16623 16192 17271 16818
16585 16822 16969 16655
16753 16502 16535 16999
16741 16203 17251 16620
16868 16577 17170 16237
16738 16483 16570 17058
16833 16736 16850 16422
16881 16522 17219 16206
16475 16667 17393 16456
16389 16731 16942 17022
16590 16644 17214 16755
16615 16619 17242 16733
16730 16507 16596 17104
16409 16763 16887 17049
16509 16711 17349 16404
16482 16745 16983 16877
16383 16761 16945 16946
16743 16526 16518 17024
16761 16208 17295 16602
16833 16500 17236 16292
16370 16763 16943 16954
16544 16625 17257 16746
16788 16474 16518 16973
16781 16250 17258 16566
16820 16555 17187 16323
16795 16416 17146 16457
16389 16816 16911 16890
16536 16605 17214 16802
16843 16740 16800 16451
16795 16474 17154 16358
16718 16531 16835 16944
16425 16587 17438 16477
16591 16630 16868 16907
16798 16479 16838 16956
16831 16552 17149 16333
16668 16285 17242 16848
16708 16481 16917 16959
16573 16819 17090 16764
16383 16799 16924 16908
16535 16617 17233 16786
16780 16465 16568 16992
16183 16960 16995 16721
16825 16533 17165 16295
16418 16627 17424 16487
16474 16875 17013 16745
16543 16673 17215 16762
16409 16635 16967 17114
16752 16232 17258 16604
16867 16582 17175 16246
16535 16847 16928 16844
16884 16735 16912 16249
16832 16550 17147 16290
16689 16206 17265 16771
16336 16720 17355 16749
16441 16787 16966 16862
16889 16554 17120 16276
16676 16261 17216 16802
16478 16843 16955 16858
16513 16679 16920 17042
16780 16425 16591 16962
16956 16512 17114 16254
16573 16671 16663 16940
16440 16546 17405 16524
16551 16780 16924 16883
16580 16703 17252 16721
16695 16262 17333 16718
16905 16444 17085 16300
16552 16204 17305 16816
16507 16538 17401 16521
16584 16774 16956 16764
16409 16786 16931 16882
16722 16742 17293 16671
16796 16347 16504 16977
16744 16292 17340 16570
16884 16702 16936 16222
16892 16499 17036 16331
16588 16282 17300 16791
16566 16851 16905 16865
16422 16784 16933 16874
16541 16740 16882 16979
16785 16304 16463 17007
16112 16981 17059 16807
16788 16250 17377 16561
16911 16549 17013 16336
16594 16255 17273 16754
16490 16793 16899 16869
16364 16750 16985 16934
16680 16583 16932 16980
16784 16586 16951 16889
16579 16787 16816 16905
16807 16393 16434 16973
16835 16679 16892 16278
16940 16537 16969 16373
16678 16259 17265 16776
16520 16869 16887 16839
16688 16488 16886 16944
16118 17015 17079 16790
16963 16407 16954 16528
16898 16507 16981 16341
16348 16765 17046 16908
16682 16515 16913 16981
16814 16753 16914 16267
16262 16703 17034 16960
16680 16512 16912 16990
16666 16798 16855 16803
16774 16153 17344 16571
16779 16744 16907 16298
16915 16571 17016 16267
16656 16228 17321 16755
16270 16759 17016 16936
16754 16742 17242 16657
16633 16746 16874 16815
16213 16747 17061 16912
16725 16130 17300 16627
16842 16783 16859 16307
16925 16499 16990 16271
16684 16232 17238 16739
16621 16698 16942 16835
16215 16742 17071 16899
16817 16647 16830 16870
16869 16738 16616 16936
16738 16210 17295 16600
16853 16797 16843 16261
16910 16480 17025 16330
16686 16235 17239 16730
16233 16789 17060 16874
16863 16450 16964 16806
16812 16573 16919 16907
16630 16749 16894 16870
16736 16207 17294 16609
16866 16742 16892 16230
16914 16502 17028 16261
16707 16171 17250 16713
17077 16448 16662 16580
16220 16791 17058 16882
16751 16682 17222 16684
16587 16773 16917 16857
16835 16663 16622 16952
16881 16548 17113 16286
16701 16198 17277 16750
16757 16655 17195 16647
16827 16562 16986 16814
16797 16540 17028 16806
16085 16958 17072 16871
16764 16294 17327 16570
16921 16743 16864 16225
16922 16553 17114 16205
16699 16195 17276 16759
16158 16763 17046 16924
16744 16710 17146 16678
16814 16617 16937 16845
16778 16602 16862 16928
16686 16250 17227 16790
16742 16707 17145 16687
16524 16802 16895 16914
16955 16734 16782 16231
16908 16575 17113 16242
16664 16303 17271 16812
16680 16820 16759 16836
16570 16769 16928 16866
16390 16818 16818 16937
16646 16521 16994 16984
16838 16564 16904 16871
16838 16410 17054 16741
16526 16805 16896 16905
16957 16737 16783 16222
16440 16816 16817 16932
16703 16583 16785 16984
16884 16446 16903 16916
16801 16296 17313 16556
16900 16733 16810 16236
16955 16570 17033 16189
16644 16194 17304 16764
16193 16390 17329 16851
16851 16375 17023 16723
16464 16771 16842 16984
16757 16322 17251 16564
16887 16788 16761 16267
17022 16528 17027 16167
16697 16596 16784 16962
16670 16181 17300 16753
16334 16717 17354 16758
16826 16618 16985 16800
16699 16599 16785 16953
16913 16811 16781 16224
16961 16448 17062 16130
16565 16872 16824 16756
16609 16677 17159 16811
16825 16352 17072 16618
16064 16949 17212 16868
16926 16830 16703 16144
16994 16482 16900 16590
16997 16526 17057 16105
16603 16223 17306 16775
16264 16801 17255 16822
16564 16856 16864 16792
16474 16933 16784 16820
16531 16597 17003 16959
16666 16681 17132 16797
16671 16595 16868 16969
16809 16272 17287 16510
16933 16802 16779 16150
16949 16519 17115 16100
16454 16719 17233 16817
16375 16644 17309 16773
16692 16672 17117 16761
16684 16540 16917 16938
16822 16217 17336 16479
16945 16771 16698 16123
16937 16540 17139 16133
16637 16789 16868 16765
16172 16872 17205 16867
16709 16621 16950 16903
16091 16985 17137 16860
16917 16814 16704 16119
16899 16479 17143 16135
16670 16239 17215 16844
16638 16805 16828 16729
16436 16939 16910 16752
16622 16687 17123 16784
16834 16713 16690 16919
16814 16241 17362 16525
17086 16768 16651 16121
16941 16528 17153 16086
16683 16184 17264 16813
16478 16978 16929 16688
17018 16750 16614 16158
17030 16492 16875 16608
16947 16501 17126 16049
16708 16219 17218 16818
16472 17017 16905 16727
16121 16990 17214 16785
16995 16734 16654 16164
16934 16556 17077 16080
16672 16141 17223 16843
16640 16841 16775 16636
16466 16940 16963 16676
16647 16693 17013 16808
16786 16588 17020 16758
16809 16432 17063 16737
16754 16660 17030 16768
16993 16731 16653 16173
16659 16196 17174 16874
16607 16887 16860 16661
16185 16817 17254 16836
16784 16585 17019 16767
16736 16691 16960 16740
16090 16986 17237 16718
16718 16301 17355 16606
16968 16756 16625 16195
16942 16528 17035 16077
16594 16889 16858 16669
16480 16609 17346 16674
16637 16545 16957 16986
16763 16649 17008 16784
16849 16460 17010 16688
16752 16683 16882 16659
16077 16988 17235 16726
16746 16295 17341 16561
16928 16555 17037 16155
16638 16270 17196 16863
16656 16877 16804 16588
16438 16931 16938 16706
16824 16425 17056 16683
16723 16744 16913 16698
16724 16264 17397 16540
16990 16543 16983 16074
16665 16830 16801 16593
16142 16803 17108 16876
16825 16610 16994 16769
16888 16505 16883 16769
16752 16684 16836 16671
16496 16811 16771 16992
16060 16910 17249 16748
16781 16268 17370 16526
16973 16703 16710 16143
16981 16545 16983 16090
16672 16294 17151 16954
16396 16933 16978 16640
16140 16800 17107 16885
16648 16524 16995 16975
16837 16570 16968 16754
16890 16508 16884 16760
16816 16449 17082 16729
16743 16667 16878 16735
16546 16809 16770 16987
16794 16213 17419 16495
16961 16743 16736 16158
17037 16516 16955 16048
16705 16266 17163 16936
16735 16691 16904 16781
16350 17024 16944 16641
16170 16876 17095 16855
16535 16672 17324 16729
16654 16497 16968 16938
16859 16601 16912 16775
16566 16811 16778 16962
16819 16750 16652 16899
16070 16922 17185 16831
16836 16262 17429 16446
17058 16680 16758 16171
17041 16492 16879 16019
16689 16810 16647 16613
16522 16727 17275 16760
16797 16646 16960 16811
16681 16678 16959 16772
16842 16235 17402 16409
16968 16735 16654 16162
17037 16562 16944 16138
16731 16233 17159 16900
16425 17029 16956 16637
16176 16852 17093 16886
16590 16484 16890 17015
16702 16753 16934 16807
16016 16898 17211 16900
16829 16290 17353 16440
17033 16698 16664 16118
17094 16488 16905 16071
16722 16205 17184 16843
16544 16590 17037 16970
16618 16734 16957 16796
16843 16252 17321 16366
16680 16186 17164 16874
16782 16819 16654 16515
16215 16787 17068 16906
16587 16473 16917 17002
16565 16526 17048 16953
16744 16380 17084 16770
16620 16737 16958 16787
16839 16276 17397 16395
17028 16451 16766 16694
17089 16472 16930 16136
16693 16131 17213 16843
16453 16986 16950 16641
16160 16775 17075 16915
16456 16722 17234 16808
16919 16547 16802 16842
16723 16444 17073 16787
16631 16759 17002 16777
16778 16196 17432 16358
17046 16722 16642 16161
17016 16491 16792 16709
17044 16449 16936 16129
16672 16195 17202 16860
16324 16702 17224 16952
16461 16679 17247 16807
16942 16554 16776 16852
15896 16881 17235 16926
16808 16272 17420 16328
17045 16471 17008 16109
16314 17058 16988 16596
16117 16754 17038 16976
16950 16555 16729 16810
16651 16685 16905 16853
16628 16799 16724 16881
15932 16959 17230 16901
16766 16280 17492 16427
17031 16695 16663 16127
16959 16450 16790 16792
16312 17022 17011 16578
16143 16745 17023 16940
16461 16726 17283 16760
16521 16498 17003 17052
15878 16894 17207 16916
17032 16468 16957 16150
16297 16350 17455 16587
16775 16772 16843 16577
16314 17025 17012 16569
16133 16831 17056 16947
16456 16769 17270 16761
16671 16553 17065 16883
16945 16525 16731 16835
16636 16722 16867 16833
16572 16855 16727 16960
15939 16974 17172 16953
16797 16225 17429 16457
17019 16523 16908 16181
16777 16775 16844 16568
16562 17036 16992 16554
16130 16791 17095 16912
16454 16766 17269 16770
16490 16494 17026 16985
16818 16491 17046 16725
15977 16909 17110 16954
16740 16221 17456 16471
16984 16675 16620 16174
16686 16127 17189 16868
16339 16401 17423 16525
16356 17076 16980 16507
16046 16760 17106 16946
16622 16530 17021 16939
16885 16550 16803 16866
16803 16528 17008 16705
16688 16719 16838 16890
16537 16823 16737 16942
15941 16831 17115 16979
16776 16299 17451 16446
17010 16644 16647 16186
17024 16564 16942 16146
16081 16755 17106 16904
16497 16512 16983 17032
16832 16456 16965 16861
16635 16744 16849 16875
16543 16810 16738 16964
15995 16896 17138 16964
16499 17093 16944 16590
16477 16584 16944 17071
16694 16508 17048 16934
16820 16496 16991 16876
16828 16504 16748 16902
16595 16754 16884 16891
16476 16819 16814 16938
15970 16861 17184 16959
16989 16442 16757 16796
16989 16540 16961 16224
16298 16433 17450 16604
16798 16701 16822 16579
16450 17021 16935 16684
16106 16757 17076 16966
16447 16508 16956 17101
16700 16481 17021 16897
16841 16432 17002 16859
16499 16775 16813 16926
16006 16939 17179 16934
17077 16694 16757 16148
16945 16542 16984 16236
16642 16156 17187 16889
16296 16430 17449 16613
16813 16668 16821 16580
16132 16748 17061 16930
16472 16774 17226 16804
16736 16559 17016 16872
16802 16517 16752 16913
15945 16859 17214 16897
16960 16458 16767 16776
16990 16477 16949 16189
16800 16723 16772 16611
16348 17021 16943 16650
16134 16751 17062 16921
16505 16583 16974 17065
16692 16561 17039 16884
15987 16908 17224 16848
16675 16297 17514 16395
16958 16455 16766 16785
17038 16499 16932 16103
16582 16260 17235 16940
16504 16697 17166 16825
16704 16511 16983 16895
16863 16570 16775 16866
16677 16300 17515 16386
16137 16746 17084 16918
16506 16700 17167 16816
16499 16497 17013 17011
16686 16450 16973 16938
16804 16513 17064 16813
16581 16806 16868 16900
16007 16855 17220 16866
17107 16694 16629 16132
17055 16442 16992 16050
16636 16117 17207 16885
16301 17016 16939 16712
16112 16665 17051 16953
16476 16680 17192 16861
16477 16517 16985 17011
16791 16568 17015 16844
16607 16793 16864 16889
15965 16806 17210 16915
17153 16669 16709 16062
17047 16466 17018 16096
16102 16751 17084 16960
16481 16516 16984 17029
16805 16505 16984 16891
15987 16837 17154 16936
16753 16222 17510 16304
17084 16656 16698 16122
17017 16390 17030 16126
16840 16712 16758 16552
16381 17020 16869 16685
16100 16715 17107 16942
16736 16554 16904 16938
16889 16444 16965 16890
16592 16838 16901 16854
15962 16756 17121 16971
16747 16249 17537 16341
16945 16530 16790 16777
17019 16393 17031 16117
16801 16677 16811 16524
16463 16809 17192 16804
16023 16836 17086 17008
16705 16200 17527 16390
16964 16583 16758 16713
16972 16318 17079 16259
16831 16753 16799 16494
16470 16514 17024 17025
16672 16584 16867 16942
16920 16512 16861 16760
16550 16789 16891 16903
16024 16825 17101 16973
16936 16579 16841 16729
17021 16458 17045 16107
16815 16680 16848 16501
16426 16763 17131 16850
16421 16447 17066 16998
16675 16615 16949 16918
16925 16469 16874 16759
16003 16889 17090 16990
16730 16202 17497 16452
16773 16311 17069 16922
16802 16735 16799 16532
16493 16945 16928 16689
16480 17000 16879 16720
16434 16452 17027 16993
16679 16556 16943 16948
16927 16472 16875 16750
16017 16883 17068 16966
16717 16257 17448 16483
17120 16715 16794 16087
16955 16596 16829 16659
17064 16425 17000 16111
16215 16851 17030 16871
16691 16516 16917 16933
16878 16401 16924 16920
16552 16792 16892 16894
16053 16961 17063 16941
17162 16633 16797 16012
17028 16347 17005 16136
16418 16660 17193 16864
16524 16561 16908 17023
16716 16565 16872 16939
16965 16452 16864 16723
16557 16749 16905 16893
16932 16560 16866 16679
17030 16350 17006 16127
16706 16258 17131 16922
16217 16790 17069 16897
16511 16556 16947 17028
16686 16489 16884 16969
17023 16486 16812 16663
16614 16753 16878 16879
16035 16924 17065 16932
16776 16194 17459 16420
17008 16319 17062 16106
16411 16937 16940 16690
16212 16773 17143 16899
16476 16655 17209 16842
16688 16492 16885 16960
16823 16393 16880 16963
17020 16457 16810 16719
16627 16698 16927 16848
16060 16921 17077 16931
16758 16259 17456 16432
16987 16383 17051 16123
16252 16763 17098 16862
16501 16736 17242 16807
16448 16579 17001 17079
16714 16461 16912 16972
16836 16338 16929 16932
17033 16476 16732 16639
16622 16741 16914 16849
16078 16894 17022 16925
16722 16181 17461 16457
16904 16570 16896 16648
16985 16380 17050 16132
16797 16687 16889 16489
16450 16668 17213 16853
16435 16634 16952 17110
16688 16470 16927 17008
16872 16416 16924 16907
16620 16738 16913 16858
16042 16816 17027 16950
16724 16217 17438 16475
16900 16508 16868 16669
16487 16961 16884 16617
16437 16593 16939 17082
16897 16391 16952 16885
17013 16511 16757 16654
16024 16881 17024 16962
16722 16214 17437 16484
16979 16409 17035 16156
16498 16983 16928 16607
16392 16673 17197 16875
16488 16661 16968 17036
16571 16715 16869 16914
16022 16878 17023 16971
16709 16269 17388 16515
16893 16505 16871 16697
16981 16412 17036 16147
16683 16286 17135 16936
16815 16756 16778 16495
16512 16959 16923 16579
16478 16735 17209 16823
16427 16581 17003 16999
16619 16460 16869 17058
16830 16384 16895 16926
16584 16795 16864 16887
16652 16265 17415 16529
16895 16508 16872 16688
16968 16332 17041 16174
16798 16725 16886 16563
16491 17023 16912 16596
16448 16659 17221 16853
16457 16657 16991 16969
16621 16463 16870 17049
16809 16448 16884 16943
17026 16553 16789 16649
16554 16719 16876 16917
16654 16268 17416 16520
17151 16571 16759 16018
16908 16453 16921 16657
16998 16408 17029 16144
16253 16493 17437 16754
16806 16701 16860 16517
16501 16999 16893 16563
16398 16605 17030 16993
16752 16444 16911 16957
16970 16582 16817 16691
16556 16722 16877 16908
16683 16251 17451 16501
17136 16552 16794 16077
16944 16531 16916 16632
17046 16411 16990 16139
16637 16154 17220 16859
16558 17076 16850 16596
16242 16821 17227 16822
16730 16464 16883 16957
16561 16679 16890 16907
16066 16906 17112 16910
16629 16266 17446 16458
17085 16484 16765 16123
16942 16528 16915 16641
17016 16335 17002 16169
16673 16232 17215 16834
16808 16696 16870 16504
16438 16686 17188 16886
16694 16386 16888 16982
16597 16757 16885 16882
16771 16739 16667 16889
16627 16263 17445 16467
17121 16562 16760 16098
17010 16362 17029 16206
16815 16668 16946 16510
16555 17064 16916 16548
16413 16651 17234 16881
16354 16591 17073 17039
16544 16515 16874 17139
16745 16454 16917 16936
16988 16571 16788 16602
16749 16708 16723 16868
16073 16866 17126 16900
17090 16639 16806 16117
16904 16548 16912 16667
17008 16359 17028 16215
16262 16460 17463 16762
16568 17009 16965 16517
16443 16727 17222 16851
16366 16551 17047 17024
16570 16506 16859 17103
16720 16373 16884 16971
16990 16574 16789 16593
16617 16785 16828 16912
16737 16748 16749 16883
16795 16724 16666 16904
16675 16263 17415 16531
16906 16551 16913 16658
16995 16414 16979 16246
16423 16555 17020 17010
16560 16592 16892 17110
16756 16451 16879 16946
16958 16571 16838 16613
16623 16758 16801 16875
16725 16668 16804 16884
16025 16864 17091 16960
16677 16266 17416 16522
16997 16600 16793 16134
16919 16496 16962 16627
16984 16400 16995 16292
16645 16237 17181 16889
16512 17038 16993 16559
16412 16724 17215 16866
16387 16477 17025 17035
16511 16525 16934 17083
16731 16416 16925 16941
16625 16761 16802 16866
16761 16746 16799 16859
16635 16197 17422 16542
16976 16500 16935 16613
16986 16403 16996 16283
16341 16430 17369 16746
16247 16870 17156 16784
16375 16517 17051 17050
16561 16523 16933 17078
16778 16451 16895 16926
16736 16665 16766 16894
16000 16829 17137 16955
16630 16240 17409 16543
16934 16431 16941 16633
16928 16360 17042 16268
16557 16226 17238 16928
16347 16547 17324 16793
16445 17031 16936 16600
16245 16867 17155 16793
16450 16718 17219 16841
16525 16445 16938 17103
16776 16448 16894 16935
16640 16724 16840 16886
16826 16654 16738 16779
16761 16700 16720 16899
16051 16897 17166 16909
16628 16237 17408 16552
17069 16637 16733 16181
16921 16486 16892 16664
16902 16369 17057 16304
16544 16281 17189 16959
16495 17029 16935 16595
16420 16642 17231 16871
16362 16528 17088 16998
16503 16465 16910 17103
16638 16721 16839 16895
16828 16657 16739 16770
16719 16652 16764 16905
16052 16913 17126 16873
16670 16306 17402 16532
17041 16616 16762 16173
16898 16478 16920 16635
16985 16364 17015 16254
16534 16311 17122 16942
16459 16951 16940 16620
16205 16877 17200 16830
16407 16697 17182 16902
16305 16524 17115 17012
16456 16430 16940 17118
16988 16633 16782 16609
16821 16656 16735 16776
16793 16694 16750 16837
16044 16937 17152 16919
16940 16547 16914 16615
16998 16309 17064 16223
16484 17032 16973 16585
16207 16880 17201 16821
16350 16693 17209 16916
16300 16567 17102 17013
16492 16508 16935 17093
16982 16660 16809 16646
16694 16692 16811 16853
16809 16696 16761 16791
16827 16738 16706 16785
16057 16882 17201 16888
16685 16254 17452 16492
16332 16637 17300 16852
16442 16983 16963 16634
16165 16811 17207 16841
16298 16564 17101 17022
16505 16453 16984 17062
16679 16358 16795 17029
16696 16695 16812 16844
16815 16669 16734 16754
16819 16762 16732 16831
16882 16683 16665 16905
16035 16902 17173 16888
16706 16190 17463 16475
16947 16237 17046 16294
16481 16279 17126 17016
16437 17026 16950 16635
16216 16879 17236 16795
16263 16622 17259 16915
16355 16568 17074 17008
16554 16520 16942 17089
16704 16439 16828 16994
16721 16670 16840 16822
16872 16673 16707 16740
16858 16741 16655 16767
16884 16686 16666 16896
16083 16905 17134 16883
16693 16245 17414 16506
16134 17006 17174 16799
16104 16930 17186 16829
16709 16797 17244 16702
16675 16752 17176 16777
16114 17017 17036 16825
16573 16676 17181 16919
16595 16836 17033 16519
16029 16949 17081 16910
16339 16804 17043 16887
16886 16621 16999 16751
16271 16944 16859 16768
16643 16870 16881 16603
16802 16648 16941 16901
16758 16961 16802 16514
16148 16923 16739 16974
16477 16763 17053 16877
16199 16991 16768 16928
16705 16934 16786 16588
16318 16871 17065 16845
16134 16979 16796 16908
16825 16662 16817 16456
16724 16745 17294 16662
16676 16896 16883 16554
15849 17012 16740 16893
16733 16750 17037 16667
15801 17034 16649 16857
16831 16746 16816 16445
16506 16867 17132 16522
16525 16873 16793 16931
16641 16561 17272 16717
16683 16643 17182 16766
16463 16741 17171 16926
16085 16841 17030 16936
15793 16996 16730 16951
16127 16836 16809 16976
16474 16650 17230 16965
16189 16925 16631 16947
15949 16843 16704 17066
16678 16855 16870 16526
16688 16802 17037 16718
16558 16922 16841 16916
16580 16681 17221 16744
16625 16585 16983 17001
16492 16697 17129 16826
17055 16562 16865 16627
16110 17039 17105 16836
16749 16679 17221 16693
16152 16961 16718 16981
16228 16911 16847 16854
16596 16758 17239 16715
15944 16995 16647 16859
16844 16718 16785 16430
16486 16760 17280 16772
16725 16694 17150 16704
16673 16677 17265 16708
16470 16715 16932 17151
16514 16790 17260 16801
16087 16917 16789 16943
16566 16604 17065 16949
16075 16980 16743 17002
16523 16624 17112 16929
15909 17016 16609 16894
16548 16722 17171 16779
15991 17012 16581 16900
16657 16794 17110 16750
16655 16830 16855 16588
16450 16911 16868 16814
16524 16723 17268 16699
16135 16978 16690 17005
16459 16907 16913 16812
16163 16914 16804 16951
16057 16887 16787 17021
16553 16628 16947 16980
16683 16542 16902 17013
16016 16903 16779 16956
16517 16651 17139 16966
16149 16927 16846 16868
16434 16867 16953 16862
16526 16629 16857 17047
16522 16904 16924 16826
16332 16823 16786 17041
15876 16896 16654 17078
15825 17024 16580 16850
15819 17097 16714 16673
16301 16825 16870 17003
16087 16961 17073 16862
15854 17045 16770 16618
16508 16852 17221 16779
15692 17040 16583 16687
16154 16964 16627 16978
16609 16912 16831 16480
15831 17059 16697 16608
15905 16886 16673 17058
16675 16858 16798 16618
16543 16836 16927 16799
16532 16889 16766 16967
15851 16815 16621 17113
16464 16796 17188 16793
16301 16815 16859 17073
16489 16367 17269 16790
16451 16750 16913 17097
16599 16820 16998 16309
16444 16728 16936 17162
16089 16920 16790 16934
16158 16946 16642 16954
15969 16819 16599 17083
16446 16583 16627 17165
16129 16881 16606 17039
15924 16797 16663 17091
16724 16712 17024 16717
16477 16665 16932 17085
16434 16716 17000 17079
16151 16974 16566 16948
16474 16636 17373 16711
16167 16909 16676 16947
16329 16423 17373 16712
16165 16932 16590 17008
16289 16790 16791 17090
16780 16671 17014 16732
16156 16959 16824 16908
16569 16548 16879 17032
16511 16720 16933 17070
16677 16861 16799 16609
15801 17015 16746 16923
15757 17013 16693 16938
16362 16799 16985 17029
15755 17027 16609 16928
15724 17030 16614 16925
16046 16862 16717 17039
16245 16952 16693 16876
16221 16939 16771 16848
16709 16291 17139 16743
16787 16618 17001 16874
16452 16887 16860 16864
17007 16574 16818 16478
16891 16623 16802 16413
16677 16880 16828 16341
16693 16309 17080 16938
16666 16640 17102 16820
16114 16891 16760 17007
16771 16602 16928 16928
16773 16877 16703 16485
16411 16341 17257 16856
16356 16529 17003 17026
16457 16779 17111 16853
16144 16348 17408 16739
16855 16645 16772 16414
16491 16724 17173 16809
16639 16548 16958 16977
15911 16852 16614 17122
16632 16614 16623 17124
16667 16316 17140 16872
15875 16774 16619 17147
16569 16599 16936 17022
16104 16847 16609 17027
16140 16851 16557 17043
16165 16886 16511 17048
15900 16855 16652 17112
16154 16889 16549 17038
15912 16815 16626 17097
16449 16321 17260 16830
16333 16827 16753 17027
16560 16930 17006 16760
16538 16760 16953 17007
16161 16924 16641 16968
16151 16859 16579 17015
15991 16799 16627 17083
16654 16937 16829 16411
16881 16540 16816 16800
16149 16856 16578 17024
16027 16877 16622 17058
16200 16924 16607 16978
16002 16842 16668 17053
16077 16939 16730 16974
16166 16839 16606 17000
16015 16847 16629 17048
16179 16844 16567 16995
16381 16503 17020 17005
16169 16912 16677 16938
16213 16963 16797 16894
16014 16900 16778 16965
16162 16940 16601 16932
16915 16614 16820 16390
16916 16626 16737 16466
16906 16657 16755 16427
16996 16592 16730 16455
16598 16855 16766 16933
16939 16596 16709 16342
16165 16906 16767 16950
17065 16622 16665 16401
16937 16618 16731 16369
16150 16925 16741 16963
16673 16289 17113 16835
16152 16928 16742 16954
16924 16648 16659 16382
16622 16881 16752 16928
17073 16570 16635 16351
16931 16586 16600 16471
16040 16897 16746 16990
16718 16290 17108 16738
16038 16894 16745 16999
16780 16673 16689 16624
16095 16898 16718 16985
16827 16694 16560 16618
16507 16854 16812 16962
16844 16544 16991 16816
16709 16367 17108 16810
16605 16498 16883 17082
16144 16921 16762 16929
16933 16712 16571 16360
16507 16438 16805 17095
16411 16799 16864 17067
16825 16594 16925 16817
16158 16962 16825 16899
17029 16582 16659 16445
16693 16533 17093 16883
16824 16619 16906 16876
16899 16589 16729 16487
16213 16777 17089 16873
16840 16752 16790 16517
16147 16924 16845 16877
16421 16831 17041 16879
16544 16825 17097 16748
17012 16541 16828 16688
16802 16294 17044 16801
16577 16538 16956 17076
16226 16908 16846 16863
16946 16518 16781 16790
16177 16885 16802 16919
16954 16622 16563 16451
16202 16920 16756 16924
16536 16764 17154 16786
16479 16590 17143 16968
17117 16488 16547 16430
16588 16748 16926 16821
16831 16518 17035 16866
16484 16732 16964 16914
17077 16572 16609 16412
16815 16292 17046 16793
16565 16766 16868 16974
16381 16840 16937 16936
16667 16567 16863 17021
16992 16557 16937 16607
16766 16539 16962 16914
16678 16669 17155 16734
17102 16498 16513 16451
16587 16900 16333 16835
16780 16733 17227 16621
16631 16695 17328 16330
16536 16742 17027 16867
16608 16809 17223 16455
16587 16835 17268 16358
16383 16648 16971 17125
17072 16556 16613 16414
16638 16769 16791 16898
16600 16771 17274 16331
16178 16370 16976 17119
16705 16586 16786 16975
16709 16455 17049 16864
16730 16718 17267 16625
16716 16586 16638 17072
16723 16620 16726 16974
17099 16499 16679 16476
17075 16536 16632 16394
16427 16951 16850 16791
16609 16657 17150 16867
16889 16477 16779 16873
16403 16483 17048 17005
16822 16542 16998 16868
16235 16938 16814 16820
17101 16569 16528 16339
17122 16593 16560 16303
16555 16831 17255 16450
16660 16732 17216 16739
16264 16811 17102 16841
16817 16559 17095 16511
16904 16432 16864 16691
16735 16608 17117 16697
16633 16382 17072 16889
16361 16828 17027 16928
16625 16840 16955 16503
16602 16683 17214 16741
16219 16738 17018 16936
17114 16514 16577 16308
16379 16372 17238 16875
17124 16623 16597 16296
16419 16647 16903 17197
16587 16968 16762 16833
17080 16557 16650 16282
17134 16562 16479 16276
17181 16562 16502 16233
16554 16463 16762 17122
17156 16481 16469 16268
17150 16508 16496 16305
16693 16557 17149 16759
17148 16505 16495 16314
16770 16481 17116 16717
17135 16560 16446 16345
16465 16880 17131 16272
16633 16608 17143 16851
16634 16487 16879 17018
16636 16865 16851 16665
16622 16826 16830 16745
16494 16751 17290 16413
16529 16557 17358 16671
16623 16433 17302 16423
17116 16517 16578 16299
17128 16477 16552 16284
16797 16723 16533 16719
17115 16532 16503 16315
16730 16468 17083 16784
16779 16850 16676 16448
16582 16446 16894 17047
16849 16499 17081 16451
16820 16569 17025 16412
17074 16641 16543 16323
16814 16760 16469 16605
16832 16542 17069 16320
16804 16788 16788 16381
16815 16759 16362 16727
16771 16880 16773 16376
16067 15801 16626 17253
16767 16788 17178 16652
16921 16697 16425 16782
16861 16488 17036 16426
16731 16756 16313 16790
16279 16399 16622 17213
16720 16776 16312 16743
16069 15796 16636 17240
16745 16822 16256 16577
17128 16523 16579 16199
16905 16705 16596 16495
16483 16567 17135 16983
16797 16752 16419 16759
16547 16752 17218 16753
17141 16468 16628 16168
16733 16840 16391 16567
17135 16495 16655 16205
16686 16872 16408 16599
17133 16492 16654 16214
16813 16723 16487 16649
16874 16531 17131 16291
17120 16547 16605 16245
16327 16862 17132 16792
16728 16432 17106 16766
16875 16549 17246 16243
16063 15691 16657 17201
16790 16781 16345 16671
16845 16524 17048 16425
16657 16854 16408 16637
16563 16691 17189 16756
16673 16898 16808 16345
17093 16502 16699 16251
16152 15968 16547 17244
16645 16870 16299 16788
17071 16522 16671 16251
16595 16364 17117 16926
16060 15823 16552 17240
16616 16720 17054 16905
16794 16740 16645 16643
16136 16984 17076 16778
16841 16404 17091 16309
16766 16295 17112 16729
16191 16868 17217 16824
16832 16456 17069 16637
16030 15831 16575 17225
16426 16563 17162 16997
16808 16488 17075 16541
16785 16502 17179 16464
16820 16489 17094 16420
16767 16836 16822 16230
16481 16626 17120 16986
16506 16667 17338 16702
16229 16401 16623 17218
16424 16286 17306 16825
16160 15962 16497 17242
16465 16723 17302 16774
16217 15966 16470 17228
16533 16713 17337 16757
17071 16454 16675 16515
16158 16935 17025 16761
16494 16715 17195 16810
16635 16871 16936 16199
17082 16576 16502 16426
16525 16704 17148 16823
17033 16642 16428 16368
16167 15878 16479 17232
16580 16900 16955 16249
17045 16681 16429 16338
16127 15941 16486 17262
16693 16550 16675 17092
16678 16825 16749 16849
16172 16069 16503 17228
17009 16632 16468 16405
16616 16837 16803 16930
16989 16648 16556 16346
16198 16018 16381 17220
16592 16850 16899 16260
17040 16668 16514 16287
16192 16045 16408 17257
16066 16759 17208 16843
16824 16553 17087 16366
17032 16651 16516 16248
16141 15986 16463 17258
16584 16635 17131 16883
17000 16670 16600 16336
16261 16267 17242 16940
16136 15991 16508 17253
16110 16000 16523 17289
16123 16046 16459 17284
16704 16727 16600 16859
16080 16963 17117 16866
16066 16042 16486 17298
16102 16120 16481 17273
16971 16738 16653 16294
16115 16065 16530 17242
16840 16824 16872 16335
16118 16004 16480 17243
16780 16714 16470 16893
16352 16518 17010 17052
16749 16826 16835 16431
16910 16658 16688 16257
16784 16825 16822 16345
16946 16657 16620 16329
16720 16524 17315 16292
16603 16549 17362 16488
16960 16717 16570 16339
16836 16310 17056 16764
16965 16747 16546 16302
16993 16723 16520 16312
16558 16732 17157 16781
16999 16696 16493 16275
16748 16848 16820 16362
16824 16701 16437 16760
16745 16834 16834 16326
16962 16720 16571 16330
16263 16135 17297 16927
16932 16644 16583 16360
16281 16211 17230 16967
16083 16146 16433 17230
16735 16696 16618 16810
16547 16713 16950 17012
17020 16584 16659 16461
16671 16639 17068 16841
16348 16534 17013 17033
16276 16215 17292 16900
16708 16386 17061 16858
16145 16887 17060 16628
16739 16257 17050 16791
16020 16979 17134 16885
16654 16577 16728 17066
16972 16610 16543 16411
16147 16890 17061 16619
16738 16395 17060 16778
16618 16729 17334 16655
16325 16216 17312 16886
16142 16957 17049 16741
16460 16903 17018 16798
16698 16374 17125 16775
16451 16729 17021 16935
16982 16618 16489 16425
16684 16872 16857 16508
16282 16720 16991 16972
16551 16757 17273 16383
16948 16666 16502 16491
16459 16291 17281 16820
16931 16610 16509 16515
16274 16212 17291 16909
16930 16658 16519 16540
16879 16718 16515 16531
16050 16066 16563 17257
16918 16605 16548 16520
16946 16605 16565 16412
16916 16698 16390 16709
16225 16182 17040 17036
16923 16670 16466 16715
16940 16657 16423 16632
16300 16181 17358 16881
16959 16682 16403 16632
16631 16489 16868 17046
16317 16768 17051 16905
16933 16657 16396 16680
16493 16504 17017 17097
16873 16551 16976 16805
16925 16681 16422 16726
16926 16697 16382 16690
16201 16342 17050 17014
16380 16217 17311 16799
16777 16888 16753 16324
16286 16405 16596 17204
17016 16731 16392 16573
16273 16251 17197 16983
16721 16681 16942 16741
16955 16651 16427 16536
16790 16458 17097 16765
16884 16261 17012 16735
16949 16678 16454 16573
16808 16622 16994 16848
16892 16674 16481 16587
16585 16514 16930 17030
16820 16949 16748 16433
16894 16677 16482 16578
16859 16226 17058 16730
16899 16634 16495 16577
16205 16238 17030 17042
16505 16718 17141 16813
16846 16281 17009 16761
16886 16689 16446 16608
16110 16230 17052 17030
17013 16579 16719 16577
16877 16669 16493 16582
16747 16542 17029 16811
16146 16276 17020 17055
16829 16902 16745 16438
16705 16346 17031 16927
16830 16545 17003 16804
16156 16298 17059 17012
16857 16477 16991 16843
16949 16438 16854 16709
17020 16497 16713 16648
16877 16684 16625 16487
16888 16570 16941 16746
16864 16739 16576 16518
16691 16754 17144 16708
16875 16204 16889 16799
16865 16748 16514 16571
16283 16152 17199 16988
16374 16277 17279 16865
16770 16514 17092 16744
16842 16708 16496 16688
16737 16511 17272 16209
16979 16581 16585 16552
16871 16684 16458 16603
16434 16720 17200 16823
17025 16486 16877 16657
16884 16629 16507 16572
16776 16428 17250 16192
16957 16561 16822 16760
16879 16672 16494 16573
16149 16299 17076 16998
16332 16221 17332 16784
16124 16218 17043 17033
16768 16452 17276 16238
16566 16218 17362 16743
16864 16724 16444 16613
16743 16417 17287 16256
16641 16609 17295 16323
16732 16374 17281 16263
16734 16596 16978 16881
16452 16663 16962 17023
16345 16425 17025 17030
16257 16174 17179 17012
16995 16455 16898 16657
16850 16725 16445 16713
16743 16371 17243 16273
17050 16582 16619 16405
16872 16700 16418 16567
16745 16374 17244 16264
17081 16555 16616 16432
16770 16349 17272 16242
17056 16478 16642 16537
16320 16643 17337 16778
16244 16740 16988 16998
16828 16811 16714 16566
16831 16429 17237 16279
17035 16563 16654 16464
16300 16298 17268 16854
16844 16446 16861 16861
16188 15944 17102 17019
16497 16601 16629 17072
16656 16536 16706 17093
16509 16726 17136 16819
16709 16617 17132 16733
16306 16050 17113 17003
16797 16803 16787 16598
16576 16753 17302 16316
17069 16480 16862 16516
16868 16640 16892 16841
16184 15946 17091 17041
16526 16755 17303 16321
16340 16344 17277 16814
16665 16313 17139 16881
16659 16675 17158 16806
16652 16368 17090 16912
17083 16474 16659 16597
17094 16458 16645 16511
16966 16707 16480 16473
17003 16532 16894 16603
16599 16783 17267 16390
17035 16474 16925 16596
16696 16642 16697 17005
16794 16323 17237 16564
16963 16614 16552 16451
16411 16286 17261 16939
17065 16404 16920 16612
16651 16807 16896 16562
16546 16800 17260 16384
16961 16611 16551 16460
16564 16798 17236 16397
16974 16616 16512 16455
17046 16321 16711 16746
16711 16341 17298 16612
16946 16659 16518 16451
16826 16750 16448 16704
16693 16353 17338 16369
16622 16617 16664 17044
16567 16589 17006 16960
16829 16787 16793 16469
16890 16633 16520 16517
16677 16333 17491 16413
16531 16852 17210 16424
16892 16636 16521 16508
17069 16287 16683 16655
16196 16339 17053 17012
16544 16797 17259 16393
17084 16336 16771 16632
16171 16258 17020 17047
16580 16875 17254 16368
16712 16362 17048 16874
16680 16588 17044 16914
16222 16326 17049 17001
16644 16510 17049 16939
16746 16845 16819 16371
16929 16580 16489 16556
17154 16285 16793 16587
16815 16698 16460 16730
16544 16749 17289 16408
17100 16341 16689 16583
16837 16699 16439 16752
16827 16747 16457 16662
16853 16744 16422 16652
16805 16728 16393 16713
16903 16614 16558 16555
16477 16716 17017 16924
16460 16418 17038 17015
16786 16828 16823 16336
16964 16599 16491 16518
16240 16430 17447 16669
16812 16675 16595 16677
16774 16732 16466 16651
16777 16756 16365 16710
16951 16594 16530 16523
17116 16259 16711 16653
16745 16727 16471 16667
16204 16352 17452 16694
17053 16210 16665 16684
16750 16760 16410 16668
16179 16255 17064 17009
16597 16576 17389 16525
16936 16631 16492 16503
16179 16350 17482 16632
16597 16367 17118 16917
16334 16833 17063 16869
16865 16772 16829 16377
16060 16760 16997 16971
16918 16685 16497 16559
16364 16768 16918 16967
16857 16684 16487 16791
16740 16756 17175 16655
16355 16274 17284 16922
16209 16423 17427 16696
16233 16774 16993 16981
16654 16548 17085 16855
17097 16281 16820 16601
16638 16828 16420 16707
16281 16482 17389 16731
16125 16408 17390 16771
16144 16601 17009 16994
16191 16407 17403 16725
16824 16319 16906 16899
16302 16143 17354 16860
16835 16677 16534 16611
16657 16370 17327 16328
16751 16303 16830 16946
16867 16658 16540 16755
16687 16446 17315 16298
16667 16566 17164 16795
16694 16299 16857 16960
16571 16763 16956 16865
16744 16527 17096 16755
16786 16593 16824 16942
16687 16398 17316 16308
16681 16358 16815 17016
16584 16449 16895 17038
16630 16394 17343 16322
16977 16445 16946 16523
16680 16507 17305 16382
17101 16453 16881 16545
16871 16559 16467 16774
16215 16349 17414 16704
16715 16386 16859 16955
16202 16404 17365 16735
16822 16616 16905 16885
17107 16415 16800 16517
16323 16191 17333 16825
17100 16329 16717 16629
16842 16416 16718 16908
16733 16814 16451 16522
16441 16170 17346 16876
17133 16361 16666 16564
16965 16563 16379 16636
16920 16496 16880 16625
16276 16154 17359 16850
16679 16541 17125 16788
17171 16398 16685 16529
16751 16464 16854 16930
16628 16618 17031 16902
17008 16400 16947 16626
16502 16636 17262 16799
17108 16305 16691 16583
16726 16842 16375 16516
16691 16623 16811 16999
16986 16286 16983 16510
16350 16206 17296 16902
16768 16478 17115 16726
16700 16229 16833 16964
17001 16579 16802 16431
16996 16485 16901 16581
16981 16366 16961 16565
16381 16265 17269 16886
16245 16357 17309 16802
16725 16264 16787 16969
17124 16403 16674 16544
16747 16834 16327 16524
16003 16953 17162 16931
16919 16560 16888 16481
17127 16399 16587 16533
17022 16478 16793 16731
16741 16816 16365 16521
16998 16563 16921 16391
16731 16255 16786 16974
17112 16380 16622 16592
16749 16813 16661 16564
16931 16573 16900 16402
16729 16252 16785 16983
17020 16419 16379 16734
16627 16342 17301 16398
17013 16354 16947 16508
16716 16307 16736 17014
16713 16408 16659 17014
16659 16807 17093 16238
16719 16446 17063 16790
16691 16272 16782 17009
16719 16381 16632 16977
16617 16819 16919 16508
16201 16446 17311 16827
16724 16584 17042 16798
15967 16875 17167 16956
16930 16577 16858 16410
16988 16488 16987 16493
16360 16341 17283 16789
16982 16482 16743 16806
16637 16849 16364 16655
16472 16589 16989 17066
16724 16562 16612 17026
16667 16375 17318 16360
16580 16849 16906 16793
16848 16549 17006 16743
16186 16439 17352 16774
16768 16606 17021 16783
16727 16350 16777 16984
16659 16685 17066 16802
15957 16961 17200 16963
16573 16870 16982 16480
16740 16295 16826 16953
16546 16709 17129 16799
16183 16660 17023 16961
16679 16900 16332 16593
16946 16503 16987 16441
16520 16589 17117 16976
16740 16439 16596 16964
16716 16565 16674 16985
16766 16306 16814 16944
16932 16480 16789 16795
16708 16875 16725 16587
16743 16477 16590 16958
16625 16436 17303 16414
16719 16248 16849 16962
16926 16507 16816 16832
17008 16359 16656 16732
16694 16863 16370 16613
16706 16303 16800 16993
17149 16352 16761 16573
16788 16569 17004 16697
16669 16268 16795 17018
16458 16648 16997 17002
16406 16753 17172 16884
16790 16681 17024 16238
16902 16671 16696 16424
16906 16447 17024 16520
16932 16286 16968 16565
16694 16303 16749 17023
16924 16504 16815 16841
16436 16668 16969 17002
16672 16545 16704 17054
16901 16655 16736 16460
16523 16197 17325 16804
16658 16225 16754 17048
16720 16831 16354 16586
16616 16480 17239 16752
16852 16680 16689 16462
16945 16288 16966 16590
16732 16793 17178 16694
16734 16827 16305 16589
16914 16641 16613 16458
16425 16236 17238 16874
16825 16342 16639 16912
16851 16664 16667 16509
16858 16493 16951 16807
16561 16316 16715 17092
16788 16282 16645 16938
16715 16812 16300 16631
16873 16644 16685 16505
16882 16429 17029 16651
16699 16847 16324 16601
16472 16286 17253 16872
16391 16721 17327 16744
16808 16423 16780 16918
16835 16607 17128 16291
16931 16368 16962 16570
16413 16243 17265 16855
16767 16838 16281 16536
16462 16641 17157 16972
16917 16642 16647 16449
16343 16294 17243 16900
16580 16192 16795 17088
16810 16656 16931 16900
16567 16247 16746 17119
16524 16830 16869 16893
16318 16292 17273 16838
16569 16206 16733 17091
16499 16791 16923 16859
16496 16512 17184 16952
16781 16368 16635 16945
16452 16807 17282 16798
16871 16811 16703 16418
16419 16418 17247 16835
17058 16290 16630 16719
16890 16628 16615 16461
16963 16474 16870 16661
16389 16342 17259 16865
16226 16148 17226 17002
17010 16248 16663 16776
16869 16408 16635 16891
16594 16803 16923 16576
16446 16346 17232 16851
16268 16217 17220 16982
16560 16286 16677 17130
16798 16902 16356 16478
16281 16162 17269 16951
16567 16246 16691 17120
17003 16251 16668 16748
16846 16666 16644 16482
16597 16246 16641 17109
16957 16447 16789 16801
16270 16119 17228 16981
16610 16244 16643 17101
16988 16455 16716 16769
17058 16414 16723 16556
16239 16376 17355 16770
16617 16216 16719 17107
16864 16396 16746 16908
16574 16692 17141 16883
16658 16231 17322 16746
16283 16165 17164 16976
16172 16413 17347 16783
16849 16443 17051 16534
16518 16663 17190 16782
16522 16671 17185 16788
16707 16893 16773 16560
16873 16404 16580 16878
16612 16727 17109 16886
16542 16587 17036 16979
16570 16790 17088 16820
16520 16666 17191 16773
16524 16674 17186 16779
16249 16237 17252 16982
16533 16750 17039 16867
16906 16627 16656 16463
16539 16671 17318 16659
16592 16637 17215 16778
16936 16639 16592 16399
17093 16395 16747 16576
16613 16284 17270 16853
16188 16157 17287 16945
16160 16400 17383 16752
16818 16452 17083 16720
16670 16509 16727 17036
16420 16688 17173 16829
16555 16600 17188 16779
16603 16718 17253 16705
16830 16918 16705 16402
16921 16620 16627 16458
16929 16596 16601 16412
16931 16303 16900 16651
16136 16325 17406 16781
17000 16345 16636 16740
16434 16747 17158 16839
16891 16620 16677 16469
16970 16374 16865 16692
16138 16328 17407 16772
16432 16744 17157 16848
16031 16908 17068 16882
16164 16319 17392 16736
16569 16706 17290 16711
16066 16961 17087 16877
16738 16269 17283 16628
16812 16865 16787 16440
16203 16438 17392 16717
16470 16724 17160 16822
16558 16732 17188 16760
16575 16638 17177 16898
16683 16233 17292 16808
16414 16247 17293 16841
16216 16383 17441 16686
16515 16711 17122 16802
16559 16677 17264 16716
16471 16660 17127 16920
16115 16911 17045 16850
16271 16384 17413 16681
16845 16372 17061 16590
16516 16669 17193 16772
16608 16600 17153 16852
16899 16685 16679 16421
16638 16604 17075 16857
16637 16607 16698 17023
16912 16630 16728 16390
16570 16222 17301 16881
16475 16663 17362 16743
16587 16641 17235 16734
16623 16584 17071 16928
16651 16697 17237 16708
16109 16894 17099 16908
16767 16814 16745 16468
16559 16186 17334 16846
16534 16688 17147 16798
16615 16572 17073 16866
16601 16604 17043 16928
16603 16535 17190 16783
16270 16830 17081 16853
16759 16838 16771 16514
16894 16577 16810 16428
16273 16387 17414 16672
16550 16796 16941 16789
16477 16684 17174 16812
16570 16601 17217 16751
16597 16582 16710 17039
16881 16632 16761 16459
16835 16463 17015 16520
16560 16821 17088 16772
16464 16739 17125 16843
16644 16617 16680 17024
16800 16525 17139 16536
16803 16776 16760 16561
16799 16711 16805 16499
16207 16375 17363 16757
16541 16658 17228 16793
16771 16588 16949 16897
16174 16768 17077 16904
16622 16322 17328 16498
16772 16285 17289 16584
16603 16821 16909 16854
16557 16649 17369 16618
16623 16311 17343 16463
16918 16625 16689 16347
16498 16106 17369 16809
16196 16298 17369 16775
16180 16846 17173 16834
16758 16245 17242 16589
16913 16627 16686 16344
16536 16142 17374 16773
17093 16205 16828 16550
16478 16769 17032 16838
16700 16600 17060 16772
16920 16599 16762 16350
16525 16799 17082 16785
16532 16590 17179 16927
16641 16563 17080 16871
16977 16640 16764 16267
16820 16337 17107 16585
16525 16761 16966 16876
16472 16727 17161 16813
16699 16670 17032 16821
16750 16229 17257 16613
16852 16747 16657 16435
16923 16616 16790 16336
16472 16633 17372 16720
16470 16562 17167 16969
16646 16605 17071 16829
16680 16535 17081 16844
16660 16564 16702 17030
16898 16581 16836 16331
17066 16379 16889 16488
16833 16523 17029 16546
16266 16427 17400 16682
17059 16255 16738 16667
16547 16578 17390 16530
16484 16757 17140 16822
16528 16565 17091 16930
16635 16475 17070 16908
16790 16226 17295 16564
16885 16636 16787 16362
17071 16377 16893 16575
16819 16658 16971 16810
17018 16341 16956 16446
17129 16204 16760 16622
16593 16648 17301 16690
16677 16716 16994 16803
16602 16487 17110 16878
16872 16625 16826 16308
16960 16302 16996 16415
16877 16493 17067 16406
17154 16239 16714 16627
16565 16561 17372 16531
16749 16698 17017 16705
16638 16565 17105 16853
16847 16730 16873 16305
16996 16380 16991 16390
17118 16161 16719 16652
16475 16710 17090 16899
16555 16690 17382 16646
16580 16642 17059 16930
16613 16484 17072 16888
16460 16651 16998 16993
16681 16265 17310 16642
16971 16345 17037 16385
17105 16216 16670 16683
16555 16667 17031 16952
16685 16666 17143 16770
16743 16621 17097 16711
16465 16608 17011 16992
16911 16636 16793 16247
16958 16400 16988 16416
16681 16230 17291 16817
17054 16148 16641 16729
16462 16509 17399 16568
16846 16730 16670 16453
16927 16408 17022 16456
16583 16167 17350 16850
16309 16384 17381 16685
16825 16413 17074 16609
17090 16226 16636 16704
16923 16746 16865 16216
16519 16612 17387 16671
16827 16416 17075 16600
17067 16218 16664 16675
16529 16736 17053 16876
16274 16805 17069 16866
16846 16777 16706 16406
16376 16391 17438 16644
16819 16379 17099 16655
17109 16267 16674 16626
16479 16738 17054 16881
16276 16808 17070 16857
16034 16981 17164 16874
16897 16845 16735 16360
16844 16412 17068 16597
17107 16264 16673 16635
16388 16692 17361 16554
16276 16794 17103 16838
16281 16765 17083 16856
16549 16468 16987 16985
16876 16769 16791 16387
17102 16307 16660 16636
16489 16760 17093 16838
16713 16545 17109 16741
16201 16782 17184 16817
16834 16806 16783 16351
17108 16280 16633 16599
16390 16650 17398 16555
16300 16748 17062 16891
16288 16736 17014 16933
16910 16425 16992 16466
16791 16591 17034 16408
16416 16089 17313 16911
16250 16478 17412 16664
16840 16567 16905 16862
16285 16830 17009 16951
16781 16566 17043 16579
17085 16339 16683 16650
16723 16688 17236 16729
16814 16569 17021 16535
16512 16164 17278 16906
16225 16479 17442 16587
17049 16261 16688 16675
16799 16538 16873 16911
16426 16700 17357 16509
16283 16812 16977 16961
16887 16657 16854 16238
16525 16109 17327 16875
16227 16438 17429 16559
17051 16264 16689 16666
16482 16758 16840 17065
16422 16774 17016 16867
16706 16557 17074 16747
16820 16648 16879 16309
16936 16370 17004 16436
16561 16187 17322 16850
16229 16441 17430 16550
16795 16543 17026 16572
16374 16768 16904 17002
16372 16713 17339 16472
16624 16696 17028 16859
16464 16843 17010 16847
16708 16552 17053 16788
16457 16723 16886 17060
16993 16374 16977 16422
16787 16563 17032 16461
16296 16456 17487 16528
17054 16265 16742 16634
16816 16629 16904 16863
16367 16738 17334 16390
16682 16758 17150 16768
16507 16826 17016 16842
16280 16680 17008 16959
16923 16588 17014 16306
16999 16347 16950 16385
16287 16441 17423 16552
16331 16793 17391 16438
16785 16664 17007 16835
16455 16726 16837 17068
16802 16299 17211 16518
16857 16507 17002 16341
16534 16144 17306 16906
16791 16545 17033 16757
16685 16692 16968 16757
16230 16642 17024 16979
16729 16551 17038 16747
16559 16179 17260 16911
16333 16428 17450 16562
16415 16708 17456 16447
16628 16651 16966 16840
16486 16874 16956 16821
16260 16718 17012 16949
16669 16594 17044 16851
16943 16774 16808 16246
17045 16482 16909 16587
16572 16124 17309 16880
16329 16487 17456 16532
16315 16716 17373 16467
16276 16795 17030 16920
16694 16629 16998 16856
16593 16172 17288 16845
17144 16366 16682 16532
16246 16719 17042 16950
16505 16580 17233 16818
16715 16512 17067 16778
16816 16244 17363 16516
16591 16117 17297 16839
16235 16376 17522 16491
16356 16816 16831 17068
16322 16688 17449 16473
16710 16555 17054 16779
16565 16694 17190 16747
16473 16704 16850 17117
16981 16585 16856 16125
16802 16601 17135 16340
16578 16172 17248 16870
16209 16385 17537 16527
17139 16422 16639 16485
16578 16628 16932 16953
16231 16738 17016 16963
16658 16549 16753 17051
16611 16169 17226 16860
16184 16304 17504 16562
16535 16849 16973 16795
16538 16660 17202 16766
16822 16210 17256 16518
16242 16343 17464 16593
16417 16711 17457 16438
16283 16794 17032 16933
16804 16229 17332 16541
16820 16588 17163 16350
16575 16091 17231 16885
16206 16265 17469 16618
16420 16630 17425 16478
16584 16599 16947 16929
17016 16498 16871 16425
16267 16345 17434 16655
16787 16483 17107 16541
16913 16540 16837 16774
16476 16666 17384 16518
16691 16224 17254 16822
16322 16329 17430 16654
16299 16812 16858 17082
16439 16645 17406 16478
16269 16753 16991 16980
16680 16508 16643 17097
16748 16157 17301 16584
16804 16692 16864 16340
16619 16157 17227 16864
16265 16299 17427 16663
16239 16677 17003 17010
16537 16668 17317 16668
16121 16884 17018 16813
16795 16684 16877 16359
16804 16565 17237 16243
16515 16865 17052 16703
16125 16941 17035 16808
16623 16192 17271 16818
16585 16822 16969 16655
16753 16502 16535 16999
16116 16886 17015 16810
16741 16203 17251 16620
16868 16577 17170 16237
16738 16483 16570 17058
16822 16649 16840 16340
16881 16522 17219 16206
16475 16667 17393 16456
16389 16731 16942 17022
16590 16644 17214 16755
16615 16619 17242 16733
16730 16507 16596 17104
16409 16763 16887 17049
16509 16711 17349 16404
16482 16745 16983 16877
16383 16761 16945 16946
16743 16526 16518 17024
16761 16208 17295 16602
16833 16500 17236 16292
16370 16763 16943 16954
16544 16625 17257 16746
16788 16474 16518 16973
16781 16250 17258 16566
16820 16555 17187 16323
16795 16416 17146 16457
16389 16816 16911 16890
16536 16605 17214 16802
16840 16691 16796 16412
16795 16474 17154 16358
16718 16531 16835 16944
16425 16587 17438 16477
16591 16630 16868 16907
16786 16438 16541 16955
16831 16552 17149 16333
16668 16285 17242 16848
16697 16399 16831 16945
16573 16819 17090 16764
16383 16799 16924 16908
16535 16617 17233 16786
16780 16465 16568 16992
16183 16960 16995 16721
16825 16533 17165 16295
16418 16627 17424 16487
16474 16875 17013 16745
16543 16673 17215 16762
16409 16635 16967 17114
16737 16387 16582 16997
16752 16232 17258 16604
16867 16582 17175 16246
16535 16847 16928 16844
16739 16390 16583 16988
16884 16735 16912 16249
16832 16550 17147 16290
16689 16206 17265 16771
16336 16720 17355 16749
16717 16389 16860 16946
16441 16787 16966 16862
16744 16347 16596 16987
16889 16554 17120 16276
16676 16261 17216 16802
16649 16708 16646 16889
16478 16843 16955 16858
16653 16461 16917 16941
16513 16679 16920 17042
16780 16425 16591 16962
16859 16654 16879 16284
16956 16512 17114 16254
16619 16257 17243 16816
16573 16671 16663 16940
16440 16546 17405 16524
16551 16780 16924 16883
16580 16703 17252 16721
16861 16657 16880 16275
16785 16350 16542 16967
16695 16262 17333 16718
16905 16444 17085 16300
16552 16204 17305 16816
16507 16538 17401 16521
16584 16774 16956 16764
16409 16786 16931 16882
16722 16742 17293 16671
16796 16347 16504 16977
16744 16292 17340 16570
16884 16702 16936 16222
16892 16499 17036 16331
16588 16282 17300 16791
16209 16378 17364 16748
16547 16797 16872 16855
16422 16784 16933 16874
16541 16740 16882 16979
16785 16304 16463 17007
16112 16981 17059 16807
16788 16250 17377 16561
16848 16624 16941 16247
16911 16549 17013 16336
16594 16255 17273 16754
16657 16700 16633 16852
16490 16793 16899 16869
16364 16750 16985 16934
16675 16543 16837 16975
16784 16586 16951 16889
16579 16787 16816 16905
16807 16393 16434 16973
16835 16679 16892 16278
16940 16537 16969 16373
16678 16259 17265 16776
16226 16374 17357 16745
16520 16869 16887 16839
16688 16488 16886 16944
16118 17015 17079 16790
16963 16407 16954 16528
16898 16507 16981 16341
16693 16770 16625 16849
16348 16765 17046 16908
16682 16515 16913 16981
16814 16753 16914 16267
16690 16719 16625 16876
16262 16703 17034 16960
16680 16512 16912 16990
16666 16798 16855 16803
16774 16153 17344 16571
16779 16744 16907 16298
16915 16571 17016 16267
16656 16228 17321 16755
16270 16759 17016 16936
16754 16742 17242 16657
16203 16298 17360 16795
16733 16705 16591 16863
16633 16746 16874 16815
16537 16828 16869 16854
16213 16747 17061 16912
16822 16341 16484 16933
16725 16130 17300 16627
16842 16783 16859 16307
16925 16499 16990 16271
16684 16232 17238 16739
16621 16698 16942 16835
16215 16742 17071 16899
16817 16647 16830 16870
16864 16481 16415 16927
16738 16210 17295 16600
16853 16797 16843 16261
16910 16480 17025 16330
16686 16235 17239 16730
17035 16399 16652 16629
16753 16687 16495 16765
16233 16789 17060 16874
16633 16492 16869 17037
16846 16449 16862 16852
16863 16450 16964 16806
16812 16573 16919 16907
16630 16749 16894 16870
16736 16207 17294 16609
16866 16742 16892 16230
16914 16502 17028 16261
16707 16171 17250 16713
17077 16448 16662 16580
16795 16682 16536 16782
16220 16791 17058 16882
16751 16682 17222 16684
16821 16368 16829 16887
16587 16773 16917 16857
16806 16470 16447 16942
16881 16548 17113 16286
16701 16198 17277 16750
16741 16669 16591 16773
16757 16655 17195 16647
16827 16562 16986 16814
16797 16540 17028 16806
16799 16412 16462 16930
16085 16958 17072 16871
16764 16294 17327 16570
16921 16743 16864 16225
16922 16553 17114 16205
16699 16195 17276 16759
16158 16763 17046 16924
16744 16710 17146 16678
16814 16617 16937 16845
16783 16388 16826 16913
16778 16602 16862 16928
16872 16469 16451 16897
16686 16250 17227 16790
16231 16459 17304 16815
16631 16568 16931 16949
16742 16707 17145 16687
16819 16466 16821 16888
16802 16332 17059 16766
16476 16777 16865 16911
16955 16734 16782 16231
16908 16575 17113 16242
16664 16303 17271 16812
16680 16820 16759 16836
16570 16769 16928 16866
16390 16818 16818 16937
16192 16815 17092 16807
16646 16521 16994 16984
16838 16564 16904 16871
16838 16410 17054 16741
16478 16780 16866 16902
16957 16737 16783 16222
16219 16381 17314 16815
16440 16816 16817 16932
16857 16446 16824 16862
16703 16583 16785 16984
16505 16776 16843 16903
16877 16426 16464 16896
16801 16296 17313 16556
16900 16733 16810 16236
16955 16570 17033 16189
16644 16194 17304 16764
16193 16390 17329 16851
16851 16375 17023 16723
16464 16771 16842 16984
16757 16322 17251 16564
16887 16788 16761 16267
17022 16528 17027 16167
16208 16316 17299 16819
16697 16596 16784 16962
16883 16735 16793 16254
16670 16181 17300 16753
16233 16397 17332 16784
16334 16717 17354 16758
16826 16618 16985 16800
16699 16599 16785 16953
16913 16811 16781 16224
16961 16448 17062 16130
16668 16689 16592 16884
16565 16872 16824 16756
16609 16677 17159 16811
16825 16352 17072 16618
16677 16568 16841 16932
16819 16415 16496 16911
16064 16949 17212 16868
16926 16830 16703 16144
16994 16482 16900 16590
16997 16526 17057 16105
16603 16223 17306 16775
16230 16352 17249 16818
16564 16856 16864 16792
16474 16933 16784 16820
16531 16597 17003 16959
16666 16681 17132 16797
16671 16595 16868 16969
16809 16272 17287 16510
16933 16802 16779 16150
16949 16519 17115 16100
16232 16355 17250 16809
16719 16746 16565 16800
16454 16719 17233 16817
16375 16644 17309 16773
16692 16672 17117 16761
16684 16540 16917 16938
16822 16217 17336 16479
16945 16771 16698 16123
16937 16540 17139 16133
16613 16235 17242 16858
16637 16789 16868 16765
16110 16858 17197 16862
16709 16621 16950 16903
16842 16519 16408 16875
16091 16985 17137 16860
16917 16814 16704 16119
16899 16479 17143 16135
16670 16239 17215 16844
16826 16681 16575 16844
16638 16805 16828 16729
16412 16939 16866 16752
16622 16687 17123 16784
16833 16521 16408 16891
16814 16241 17362 16525
16955 16749 16642 16120
16941 16528 17153 16086
16683 16184 17264 16813
16224 16311 17316 16809
16435 16941 16805 16686
16088 16790 17152 16864
16890 16553 16326 16853
17018 16750 16614 16158
17030 16492 16875 16608
16947 16501 17126 16049
16708 16219 17218 16818
16254 16387 17304 16779
16748 16724 16556 16804
16431 16965 16881 16715
16632 16576 16882 16971
16121 16990 17214 16785
16995 16734 16654 16164
16934 16556 17077 16080
16672 16141 17223 16843
16728 16730 16653 16802
16640 16841 16775 16636
16466 16940 16963 16676
16647 16693 17013 16808
16786 16588 17020 16758
16809 16432 17063 16737
16754 16660 17030 16768
16834 16581 16400 16883
16993 16731 16653 16173
16659 16196 17174 16874
16224 16305 17278 16821
16607 16887 16860 16661
16049 16778 17232 16825
16784 16585 17019 16767
16879 16465 16843 16790
16736 16691 16960 16740
16832 16578 16399 16892
16090 16986 17237 16718
16718 16301 17355 16606
16968 16756 16625 16195
16942 16528 17035 16077
16602 16192 17201 16888
16198 16314 17293 16857
16594 16889 16858 16669
16453 16950 16903 16647
16480 16609 17346 16674
16637 16545 16957 16986
16763 16649 17008 16784
16877 16462 16842 16799
16849 16460 17010 16688
16752 16683 16882 16659
16857 16613 16353 16897
16077 16988 17235 16726
16746 16295 17341 16561
16928 16555 17037 16155
16638 16270 17196 16863
16266 16374 17272 16801
16656 16877 16804 16588
16438 16931 16938 16706
16120 16772 17164 16855
16824 16425 17056 16683
16723 16744 16913 16698
16821 16535 16358 16922
16724 16264 17397 16540
16990 16543 16983 16074
16584 16205 17173 16878
16230 16296 17277 16826
16741 16675 16702 16771
16665 16830 16801 16593
16436 16954 16913 16643
16142 16803 17108 16876
16825 16610 16994 16769
16888 16505 16883 16769
16752 16684 16836 16671
16496 16811 16771 16992
16823 16538 16359 16913
16060 16910 17249 16748
16781 16268 17370 16526
16973 16703 16710 16143
16981 16545 16983 16090
16641 16209 17146 16864
16243 16376 17272 16799
16743 16678 16703 16762
16396 16933 16978 16640
16140 16800 17107 16885
16648 16524 16995 16975
16837 16570 16968 16754
16890 16508 16884 16760
16816 16449 17082 16729
16743 16667 16878 16735
16546 16809 16770 16987
16791 16535 16408 16933
16794 16213 17419 16495
16961 16743 16736 16158
17037 16516 16955 16048
16701 16247 17142 16812
16241 16373 17271 16808
16735 16691 16904 16781
16350 17024 16944 16641
16170 16876 17095 16855
16535 16672 17324 16729
16654 16497 16968 16938
16859 16601 16912 16775
16896 16481 16857 16723
16566 16811 16778 16962
16816 16616 16441 16898
16070 16922 17185 16831
16836 16262 17429 16446
16981 16680 16703 16131
17041 16492 16879 16019
16734 16201 17057 16787
16689 16810 16647 16613
16522 16727 17275 16760
16641 16552 16919 16969
16797 16646 16960 16811
16681 16678 16959 16772
16838 16662 16365 16854
16842 16235 17402 16409
16968 16735 16654 16162
17037 16562 16944 16138
16730 16225 17133 16816
16229 16423 17327 16797
16330 17028 16953 16599
16176 16852 17093 16886
16590 16484 16890 17015
16767 16426 17038 16785
16702 16753 16934 16807
16775 16685 16419 16905
16016 16898 17211 16900
16829 16290 17353 16440
17033 16698 16664 16118
16961 16398 16828 16694
17094 16488 16905 16071
16722 16205 17184 16843
16231 16426 17328 16788
16544 16590 17037 16970
16769 16429 17039 16776
16618 16734 16957 16796
16723 16644 16434 16934
16843 16252 17321 16366
17026 16726 16588 16112
16680 16186 17164 16874
16256 16401 17356 16766
16782 16819 16654 16515
16186 16766 17060 16879
16587 16473 16917 17002
16565 16526 17048 16953
16744 16380 17084 16770
16620 16737 16958 16787
16839 16276 17397 16395
17028 16451 16766 16694
17089 16472 16930 16136
16693 16131 17213 16843
16334 16969 16947 16629
16160 16775 17075 16915
16456 16722 17234 16808
16919 16547 16802 16842
16723 16444 17073 16787
16631 16759 17002 16777
16744 16636 16475 16918
16778 16196 17432 16358
17046 16722 16642 16161
17016 16491 16792 16709
17044 16449 16936 16129
16672 16195 17202 16860
16220 16402 17424 16694
16324 16972 16955 16589
16130 16699 17087 16945
16461 16679 17247 16807
16925 16520 16775 16805
16726 16388 17044 16806
15896 16881 17235 16926
16808 16272 17420 16328
16965 16423 16763 16755
17028 16392 16965 16099
16314 17058 16988 16596
16117 16754 17038 16976
16950 16555 16729 16810
16762 16466 17039 16781
16651 16685 16905 16853
16628 16799 16724 16881
16793 16659 16519 16862
15932 16959 17230 16901
16766 16221 17452 16390
17031 16695 16663 16127
16959 16450 16790 16792
16284 16405 17406 16618
16312 17022 17011 16578
16143 16745 17023 16940
16461 16726 17283 16760
16521 16498 17003 17052
16951 16498 16704 16798
16760 16463 17038 16790
16850 16663 16492 16848
15878 16894 17207 16916
16736 16145 17464 16420
17032 16468 16957 16150
16728 16178 17157 16806
16297 16350 17455 16587
16775 16772 16843 16577
16314 17025 17012 16569
16133 16831 17056 16947
16456 16769 17270 16761
16671 16553 17065 16883
16945 16525 16731 16835
16802 16512 17048 16741
16636 16722 16867 16833
16572 16855 16727 16960
15939 16974 17172 16953
16797 16225 17429 16457
16982 16672 16619 16183
17019 16523 16908 16181
16777 16775 16844 16568
16320 16998 16985 16532
16072 16751 17091 16910
16454 16766 17269 16770
16490 16494 17026 16985
16888 16521 16758 16849
16818 16491 17046 16725
16838 16631 16519 16855
15977 16909 17110 16954
16740 16221 17456 16471
16984 16675 16620 16174
16686 16127 17189 16868
16339 16401 17423 16525
16783 16748 16817 16531
16356 17076 16980 16507
16046 16760 17106 16946
16436 16432 17018 16995
16622 16530 17021 16939
16866 16541 16730 16849
16803 16528 17008 16705
16641 16717 16822 16838
16537 16823 16737 16942
15941 16831 17115 16979
16776 16299 17451 16446
17010 16644 16647 16186
16990 16458 16717 16760
17024 16564 16942 16146
16673 16182 17140 16899
16331 16995 16947 16542
16081 16755 17106 16904
16497 16512 16983 17032
16832 16456 16965 16861
16830 16463 16735 16874
16635 16744 16849 16875
16543 16810 16738 16964
16871 16634 16464 16726
15995 16896 17138 16964
16715 16219 17486 16409
16995 16415 16730 16759
16631 16113 17146 16919
16304 16406 17423 16567
16804 16674 16795 16542
16392 17075 16912 16579
16045 16677 17111 16929
16477 16584 16944 17071
16694 16508 17048 16934
16820 16496 16991 16876
16828 16504 16748 16902
16776 16442 17036 16774
16578 16740 16876 16889
16476 16819 16814 16938
15970 16861 17184 16959
16689 16250 17459 16397
16985 16642 16677 16124
16989 16442 16757 16796
16989 16540 16961 16224
16667 16191 17141 16894
16298 16433 17450 16604
16798 16701 16822 16579
16356 16997 16917 16604
16106 16757 17076 16966
16447 16508 16956 17101
16700 16481 17021 16897
16841 16432 17002 16859
16777 16436 16719 16948
16499 16775 16813 16926
16826 16655 16594 16775
16006 16939 17179 16934
16687 16247 17458 16406
17027 16691 16687 16075
16935 16377 16734 16811
16945 16542 16984 16236
16642 16156 17187 16889
16296 16430 17449 16613
16813 16668 16821 16580
16132 16748 17061 16930
16472 16774 17226 16804
16736 16559 17016 16872
16802 16517 16752 16913
16428 16781 16881 16896
16800 16686 16567 16763
15945 16859 17214 16897
17025 16688 16686 16084
16134 17006 17174 16799
16104 16930 17186 16829
16709 16797 17244 16702
16675 16752 17176 16777
16114 17017 17036 16825
16573 16676 17181 16919
16595 16836 17033 16519
16029 16949 17081 16910
16339 16804 17043 16887
16886 16621 16999 16751
16271 16944 16859 16768
16643 16870 16881 16603
16802 16648 16941 16901
16758 16961 16802 16514
16148 16923 16739 16974
16477 16763 17053 16877
16199 16991 16768 16928
16705 16934 16786 16588
16318 16871 17065 16845
16134 16979 16796 16908
16827 16763 16877 16459
16724 16745 17294 16662
16676 16896 16883 16554
15849 17012 16740 16893
16733 16750 17037 16667
15801 17034 16649 16857
16848 16748 16827 16721
16506 16867 17132 16522
16525 16873 16793 16931
16641 16561 17272 16717
16683 16643 17182 16766
16463 16741 17171 16926
16085 16841 17030 16936
15793 16996 16730 16951
16127 16836 16809 16976
16474 16650 17230 16965
16189 16925 16631 16947
15949 16843 16704 17066
16678 16855 16870 16526
16688 16802 17037 16718
16558 16922 16841 16916
16580 16681 17221 16744
16625 16585 16983 17001
16492 16697 17129 16826
17055 16562 16865 16627
16110 17039 17105 16836
16749 16679 17221 16693
16152 16961 16718 16981
16228 16911 16847 16854
16596 16758 17239 16715
15944 16995 16647 16859
16486 16760 17280 16772
16725 16694 17150 16704
16673 16677 17265 16708
16470 16715 16932 17151
16514 16790 17260 16801
16087 16917 16789 16943
16566 16604 17065 16949
16075 16980 16743 17002
16523 16624 17112 16929
15909 17016 16609 16894
16548 16722 17171 16779
15991 17012 16581 16900
16657 16794 17110 16750
16849 16832 16858 16633
16450 16911 16868 16814
16524 16723 17268 16699
16135 16978 16690 17005
16459 16907 16913 16812
16163 16914 16804 16951
16057 16887 16787 17021
16553 16628 16947 16980
16683 16542 16902 17013
16016 16903 16779 16956
16517 16651 17139 16966
16149 16927 16846 16868
16434 16867 16953 16862
16526 16629 16857 17047
16522 16904 16924 16826
16332 16823 16786 17041
15876 16896 16654 17078
15825 17024 16580 16850
15819 17097 16714 16673
16301 16825 16870 17003
16087 16961 17073 16862
16335 17076 16894 16681
16508 16852 17221 16779
15692 17040 16583 16687
16154 16964 16627 16978
16643 16932 16838 16497
15905 16886 16673 17058
16675 16858 16798 16618
16543 16836 16927 16799
16532 16889 16766 16967
15851 16815 16621 17113
16464 16796 17188 16793
16301 16815 16859 17073
16489 16367 17269 16790
16451 16750 16913 17097
16599 16820 16998 16309
16444 16728 16936 17162
16089 16920 16790 16934
16158 16946 16642 16954
15969 16819 16599 17083
16446 16583 16627 17165
16129 16881 16606 17039
15924 16797 16663 17091
16724 16712 17024 16717
16477 16665 16932 17085
16434 16716 17000 17079
16151 16974 16566 16948
16474 16636 17373 16711
16167 16909 16676 16947
16335 16457 17396 16783
16165 16932 16590 17008
16289 16790 16791 17090
16780 16671 17014 16732
16156 16959 16824 16908
16569 16548 16879 17032
16511 16720 16933 17070
16677 16861 16799 16609
15801 17015 16746 16923
15757 17013 16693 16938
16362 16799 16985 17029
15755 17027 16609 16928
15724 17030 16614 16925
16046 16862 16717 17039
16245 16952 16693 16876
16221 16939 16771 16848
16709 16291 17139 16743
16787 16618 17001 16874
16452 16887 16860 16864
17007 16574 16818 16478
16918 16655 16897 16643
16691 16909 16891 16490
16754 16333 17121 16963
16666 16640 17102 16820
16114 16891 16760 17007
16771 16602 16928 16928
16773 16877 16703 16485
16417 16392 17308 16903
16472 16565 17038 17117
16457 16779 17111 16853
16243 16579 17470 16761
16976 16716 16793 16598
16506 16731 17197 16812
16639 16548 16958 16977
15911 16852 16614 17122
16632 16614 16623 17124
16667 16316 17140 16872
15875 16774 16619 17147
16569 16599 16936 17022
16104 16847 16609 17027
16140 16851 16557 17043
16165 16886 16511 17048
15900 16855 16652 17112
16154 16889 16549 17038
15912 16815 16626 17097
16449 16321 17260 16830
16333 16827 16753 17027
16560 16930 17006 16760
16538 16760 16953 17007
16161 16924 16641 16968
16151 16859 16579 17015
15991 16799 16627 17083
16668 16957 16832 16465
16891 16550 16827 16805
16149 16856 16578 17024
16027 16877 16622 17058
16200 16924 16607 16978
16002 16842 16668 17053
16077 16939 16730 16974
16166 16839 16606 17000
16015 16847 16629 17048
16179 16844 16567 16995
16169 16912 16677 16938
16213 16963 16797 16894
16014 16900 16778 16965
16162 16940 16601 16932
16967 16621 16827 16701
16986 16674 16795 16637
17013 16606 16742 16607
16598 16855 16766 16933
16956 16598 16823 16759
16165 16906 16767 16950
17065 16622 16665 16401
16150 16925 16741 16963
16152 16928 16742 16954
16622 16881 16752 16928
17074 16591 16722 16691
16040 16897 16746 16990
16038 16894 16745 16999
16806 16708 16708 16892
16095 16898 16718 16985
16842 16786 16703 16867
16507 16854 16812 16962
16844 16544 16991 16816
16709 16367 17108 16810
16606 16519 16990 17089
16144 16921 16762 16929
16571 16510 16983 17120
16411 16799 16864 17067
16865 16621 16948 16817
16158 16962 16825 16899
16693 16533 17093 16883
16824 16619 16906 16876
16239 16847 17229 16896
16857 16810 16829 16643
16147 16924 16845 16877
16421 16831 17041 16879
16544 16825 17097 16748
17012 16541 16828 16688
16806 16516 17065 16804
16577 16538 16956 17076
16226 16908 16846 16863
16946 16518 16781 16790
16177 16885 16802 16919
16202 16920 16756 16924
16536 16764 17154 16786
16479 16590 17143 16968
17117 16488 16547 16430
16588 16748 16926 16821
16831 16518 17035 16866
16484 16732 16964 16914
17077 16572 16609 16412
16815 16292 17046 16793
16565 16766 16868 16974
16381 16840 16937 16936
16667 16567 16863 17021
16992 16557 16937 16607
16766 16539 16962 16914
16678 16669 17155 16734
17102 16498 16513 16451
16587 16900 16333 16835
16780 16733 17227 16621
16631 16695 17328 16330
16536 16742 17027 16867
16608 16809 17223 16455
16587 16835 17268 16358
16435 16653 16984 17140
16685 16788 16859 16911
16600 16771 17274 16331
16705 16586 16786 16975
16709 16455 17049 16864
16730 16718 17267 16625
16716 16586 16638 17072
16723 16620 16726 16974
17099 16499 16679 16476
17075 16536 16632 16394
16427 16951 16850 16791
16609 16657 17150 16867
16914 16479 16919 16895
16403 16521 17053 17081
16822 16542 16998 16868
16235 16938 16814 16820
17132 16578 16605 16366
17163 16598 16609 16331
16555 16831 17255 16450
16660 16732 17216 16739
16268 16900 17195 16842
16817 16559 17095 16511
16945 16487 16889 16738
16735 16608 17117 16697
16633 16382 17072 16889
16361 16828 17027 16928
16625 16840 16955 16503
16602 16683 17214 16741
16305 16758 17205 16954
17157 16659 16638 16331
16419 16647 16903 17197
16587 16968 16762 16833
17080 16557 16650 16282
17181 16618 16671 16254
16557 16496 16946 17145
16693 16557 17149 16759
16770 16481 17116 16717
17135 16560 16446 16345
16465 16880 17131 16272
16633 16608 17143 16851
16691 16515 16904 17080
16636 16865 16851 16665
16629 16828 16851 16814
16494 16751 17290 16413
16529 16557 17358 16671
16623 16433 17302 16423
16730 16468 17083 16784
16779 16850 16676 16448
16849 16499 17081 16451
16820 16569 17025 16412
16832 16542 17069 16320
16771 16880 16773 16376
16067 15801 16626 17253
16767 16788 17178 16652
16959 16722 16699 16789
16861 16488 17036 16426
16279 16399 16622 17213
16069 15796 16636 17240
17139 16698 16728 16207
16483 16567 17135 16983
16547 16752 17218 16753
16733 16840 16391 16567
16686 16872 16408 16599
16874 16531 17131 16291
16327 16862 17132 16792
16728 16432 17106 16766
16875 16549 17246 16243
16063 15691 16657 17201
16845 16524 17048 16425
16657 16854 16408 16637
16563 16691 17189 16756
16675 16921 16831 16466
17093 16502 16699 16251
16152 15968 16547 17244
16645 16870 16299 16788
16595 16364 17117 16926
16060 15823 16552 17240
16616 16720 17054 16905
16136 16984 17076 16778
16901 16410 17099 16324
16766 16295 17112 16729
16191 16868 17217 16824
16832 16456 17069 16637
16030 15831 16575 17225
16426 16563 17162 16997
16808 16488 17075 16541
16785 16502 17179 16464
16820 16489 17094 16420
16767 16836 16822 16230
16481 16626 17120 16986
16506 16667 17338 16702
16229 16401 16623 17218
16424 16286 17306 16825
16160 15962 16497 17242
16465 16723 17302 16774
16217 15966 16470 17228
16533 16713 17337 16757
16235 16953 17188 16800
16667 16877 16990 16429
17082 16576 16502 16426
16525 16704 17148 16823
17033 16642 16428 16368
16167 15878 16479 17232
16580 16900 16955 16249
17045 16681 16429 16338
16127 15941 16486 17262
16693 16550 16675 17092
16678 16825 16749 16849
16172 16069 16503 17228
17009 16632 16468 16405
16616 16837 16803 16930
17101 16660 16562 16346
16198 16018 16381 17220
16622 16866 16959 16480
17111 16669 16649 16299
16192 16045 16408 17257
16147 16837 17251 16862
16824 16553 17087 16366
17079 16695 16714 16256
16141 15986 16463 17258
16584 16635 17131 16883
17000 16670 16600 16336
16311 16621 17331 16956
16136 15991 16508 17253
16110 16000 16523 17289
16123 16046 16459 17284
16769 16736 16666 16898
16080 16963 17117 16866
16066 16042 16486 17298
16102 16120 16481 17273
16971 16738 16653 16294
16115 16065 16530 17242
16840 16824 16872 16335
16118 16004 16480 17243
16788 16764 16652 16914
16452 16614 17076 17080
16720 16524 17315 16292
16603 16549 17362 16488
16960 16717 16570 16339
16836 16310 17056 16764
16965 16747 16546 16302
16993 16723 16520 16312
16558 16732 17157 16781
16999 16696 16493 16275
16748 16848 16820 16362
16745 16834 16834 16326
16962 16720 16571 16330
16317 16301 17235 17005
16083 16146 16433 17230
16763 16729 16698 16909
16547 16713 16950 17012
16671 16639 17068 16841
16708 16386 17061 16858
16177 16913 17239 16832
16770 16438 17070 16829
16025 16989 17171 16949
16654 16577 16728 17066
16618 16729 17334 16655
16365 16374 17324 16895
16142 16957 17049 16741
16460 16903 17018 16798
16698 16374 17125 16775
16451 16729 17021 16935
16684 16872 16857 16508
16282 16720 16991 16972
16551 16757 17273 16383
16459 16291 17281 16820
16880 16762 16627 16810
16050 16066 16563 17257
16313 16594 17372 16889
16975 16688 16733 16640
16673 16522 16877 17048
16356 16784 17144 16923
16493 16504 17017 17097
16873 16551 16976 16805
16382 16664 17060 17018
16380 16217 17311 16799
16777 16888 16753 16324
16286 16405 16596 17204
17016 16731 16392 16573
16364 16336 17205 16990
16733 16748 16970 16769
16790 16458 17097 16765
16884 16261 17012 16735
16808 16622 16994 16848
16820 16949 16748 16433
16859 16226 17058 16730
16505 16718 17141 16813
16846 16281 17009 16761
16747 16542 17029 16811
16829 16902 16745 16438
16705 16346 17031 16927
16830 16545 17003 16804
16857 16477 16991 16843
17006 16567 16854 16775
16888 16570 16941 16746
16691 16754 17144 16708
16876 16499 16916 16921
16770 16514 17092 16744
16737 16511 17272 16209
16984 16601 16824 16643
16480 16744 17201 16823
17025 16486 16877 16657
16776 16428 17250 16192
16326 16450 17093 17023
16363 16338 17347 16877
16768 16452 17276 16238
16566 16218 17362 16743
16743 16417 17287 16256
16641 16609 17295 16323
16732 16374 17281 16263
16734 16596 16978 16881
16452 16663 16962 17023
16257 16174 17179 17012
16995 16455 16898 16657
16887 16734 16703 16816
16743 16371 17243 16273
16745 16374 17244 16264
17081 16555 16616 16432
16770 16349 17272 16242
16320 16643 17337 16778
16244 16740 16988 16998
16831 16429 17237 16279
16480 16263 17169 17030
16502 16641 17026 17087
16656 16536 16706 17093
16509 16726 17136 16819
16709 16617 17132 16733
16492 16260 17154 17004
16576 16753 17302 16316
17069 16480 16862 16516
16868 16640 16892 16841
16359 16283 17115 17055
16526 16755 17303 16321
16405 16792 17284 16850
16665 16313 17139 16881
16659 16675 17158 16806
16652 16368 17090 16912
17083 16474 16659 16597
17094 16458 16645 16511
17003 16532 16894 16603
16599 16783 17267 16390
17035 16474 16925 16596
16696 16642 16697 17005
16794 16323 17237 16564
16411 16286 17261 16939
17065 16404 16920 16612
16681 16807 16896 16810
16546 16800 17260 16384
16564 16798 17236 16397
17046 16321 16711 16746
16711 16341 17298 16612
16693 16353 17338 16369
16622 16617 16664 17044
16567 16589 17006 16960
16677 16333 17491 16413
16531 16852 17210 16424
16544 16797 17259 16393
17084 16336 16771 16632
16580 16875 17254 16368
16712 16362 17048 16874
16680 16588 17044 16914
16644 16510 17049 16939
16746 16845 16819 16371
17154 16285 16793 16587
16544 16749 17289 16408
17100 16341 16689 16583
16477 16716 17017 16924
16290 16469 17451 16742
17116 16259 16711 16653
16597 16576 17389 16525
16270 16442 17527 16708
16597 16367 17118 16917
16334 16833 17063 16869
16894 16780 16858 16582
16060 16760 16997 16971
16364 16768 16918 16967
16906 16709 16677 16873
16740 16756 17175 16655
16355 16274 17284 16922
16233 16774 16993 16981
16654 16548 17085 16855
17097 16281 16820 16601
16638 16828 16420 16707
16323 16540 17428 16799
16192 16511 17441 16807
16657 16370 17327 16328
16865 16456 16875 16951
16687 16446 17315 16298
16667 16566 17164 16795
16706 16478 16916 16968
16571 16763 16956 16865
16744 16527 17096 16755
16786 16593 16824 16942
16687 16398 17316 16308
16686 16467 16926 17017
16614 16495 16964 17043
16630 16394 17343 16322
16983 16568 16951 16554
16680 16507 17305 16382
17101 16453 16881 16545
16255 16496 17438 16745
16821 16390 16879 16972
16822 16616 16905 16885
17107 16415 16800 16517
17100 16329 16717 16629
16441 16170 17346 16876
17133 16361 16666 16564
16952 16570 16890 16663
16679 16541 17125 16788
17171 16398 16685 16529
16751 16464 16854 16930
16628 16618 17031 16902
17008 16400 16947 16626
16502 16636 17262 16799
17108 16305 16691 16583
16726 16842 16375 16516
16691 16623 16811 16999
16986 16286 16983 16510
16768 16478 17115 16726
17001 16579 16802 16431
16996 16485 16901 16581
16981 16366 16961 16565
16317 16471 17336 16823
17124 16403 16674 16544
16747 16834 16327 16524
17127 16399 16587 16533
17022 16478 16793 16731
16998 16563 16921 16391
16747 16411 16809 17002
17112 16380 16622 16592
16936 16610 16913 16621
17020 16419 16379 16734
16688 16343 17410 16504
17013 16354 16947 16508
16722 16436 16781 17024
16659 16807 17093 16238
16796 16390 16815 17059
16644 16819 16982 16793
16724 16584 17042 16798
15967 16875 17167 16956
16952 16598 16865 16650
16988 16488 16987 16493
16982 16482 16743 16806
16637 16849 16364 16655
16724 16562 16612 17026
16667 16375 17318 16360
16580 16849 16906 16793
16848 16549 17006 16743
16768 16606 17021 16783
16659 16685 17066 16802
15957 16961 17200 16963
16573 16870 16982 16480
16546 16709 17129 16799
16679 16900 16332 16593
16946 16503 16987 16441
16520 16589 17117 16976
16780 16612 16663 17000
16716 16565 16674 16985
16955 16499 16825 16821
16708 16875 16725 16587
16833 16660 16621 16961
16625 16436 17303 16414
16926 16507 16816 16832
17008 16359 16656 16732
16694 16863 16370 16613
17149 16352 16761 16573
16788 16569 17004 16697
16458 16648 16997 17002
16406 16753 17172 16884
16790 16681 17024 16238
16906 16447 17024 16520
16948 16479 17003 16683
16924 16504 16815 16841
16436 16668 16969 17002
16672 16545 16704 17054
16523 16197 17325 16804
16616 16480 17239 16752
16732 16793 17178 16694
16633 16268 17262 16916
16858 16493 16951 16807
16579 16414 16860 17098
16882 16429 17029 16651
16699 16847 16324 16601
16472 16286 17253 16872
16391 16721 17327 16744
16835 16607 17128 16291
16953 16492 16963 16584
16767 16838 16281 16536
16462 16641 17157 16972
16366 16324 17279 16949
16810 16656 16931 16900
16524 16830 16869 16893
16499 16791 16923 16859
16496 16512 17184 16952
16452 16807 17282 16798
16871 16811 16703 16418
16425 16669 17264 16835
17058 16290 16630 16719
16966 16520 16910 16686
17010 16248 16663 16776
16451 16631 17237 16855
16577 16444 16856 17136
16798 16902 16356 16478
16600 16383 16868 17110
16957 16447 16789 16801
16610 16244 16643 17101
17066 16574 16724 16652
16617 16216 16719 17107
16574 16692 17141 16883
16658 16231 17322 16746
16849 16443 17051 16534
16529 16778 17199 16790
16707 16893 16773 16560
16612 16727 17109 16886
16542 16587 17036 16979
16570 16790 17088 16820
16249 16237 17252 16982
16533 16750 17039 16867
16539 16671 17318 16659
16592 16637 17215 16778
17093 16395 16747 16576
16613 16284 17270 16853
16250 16568 17451 16797
16818 16452 17083 16720
16433 16733 17204 16834
16555 16600 17188 16779
16603 16718 17253 16705
16830 16918 16705 16402
16952 16447 16903 16728
16434 16747 17158 16839
16896 16627 16895 16671
16970 16374 16865 16692
16432 16744 17157 16848
16068 16909 17113 16901
16569 16706 17290 16711
16066 16961 17087 16877
16738 16269 17283 16628
16812 16865 16787 16440
16558 16732 17188 16760
16575 16638 17177 16898
16683 16233 17292 16808
16515 16711 17122 16802
16559 16677 17264 16716
16471 16660 17127 16920
16115 16911 17045 16850
16845 16372 17061 16590
16608 16600 17153 16852
16638 16604 17075 16857
16637 16607 16698 17023
16570 16222 17301 16881
16475 16663 17362 16743
16587 16641 17235 16734
16623 16584 17071 16928
16651 16697 17237 16708
16109 16894 17099 16908
16559 16186 17334 16846
16534 16688 17147 16798
16615 16572 17073 16866
16601 16604 17043 16928
16603 16535 17190 16783
16270 16830 17081 16853
16759 16838 16771 16514
16490 16737 17177 16820
16570 16601 17217 16751
16597 16582 16710 17039
16835 16463 17015 16520
16560 16821 17088 16772
16464 16739 17125 16843
16644 16617 16680 17024
16800 16525 17139 16536
16541 16658 17228 16793
16771 16588 16949 16897
16772 16285 17289 16584
16603 16821 16909 16854
16557 16649 17369 16618
16498 16106 17369 16809
16251 16856 17206 16853
16758 16245 17242 16589
16536 16142 17374 16773
17093 16205 16828 16550
16478 16769 17032 16838
16700 16600 17060 16772
16525 16799 17082 16785
16532 16590 17179 16927
16641 16563 17080 16871
16820 16337 17107 16585
16525 16761 16966 16876
16699 16670 17032 16821
16750 16229 17257 16613
16472 16633 17372 16720
16470 16562 17167 16969
16646 16605 17071 16829
16680 16535 17081 16844
16660 16564 16702 17030
16929 16583 16866 16672
17066 16379 16889 16488
16833 16523 17029 16546
17059 16255 16738 16667
16547 16578 17390 16530
16484 16757 17140 16822
16528 16565 17091 16930
16635 16475 17070 16908
16790 16226 17295 16564
17071 16377 16893 16575
16819 16658 16971 16810
17018 16341 16956 16446
17129 16204 16760 16622
16593 16648 17301 16690
16677 16716 16994 16803
16602 16487 17110 16878
16960 16302 16996 16415
16877 16493 17067 16406
17154 16239 16714 16627
16565 16561 17372 16531
16749 16698 17017 16705
16638 16565 17105 16853
16847 16730 16873 16305
16996 16380 16991 16390
17118 16161 16719 16652
16475 16710 17090 16899
16555 16690 17382 16646
16580 16642 17059 16930
16613 16484 17072 16888
16460 16651 16998 16993
16681 16265 17310 16642
16971 16345 17037 16385
17105 16216 16670 16683
16555 16667 17031 16952
16685 16666 17143 16770
16743 16621 17097 16711
16958 16400 16988 16416
16681 16230 17291 16817
17054 16148 16641 16729
16462 16509 17399 16568
16927 16408 17022 16456
16583 16167 17350 16850
16825 16413 17074 16609
17090 16226 16636 16704
16923 16746 16865 16216
16519 16612 17387 16671
16827 16416 17075 16600
16529 16736 17053 16876
16274 16805 17069 16866
16376 16391 17438 16644
16819 16379 17099 16655
17109 16267 16674 16626
16479 16738 17054 16881
16276 16808 17070 16857
16034 16981 17164 16874
16897 16845 16735 16360
16844 16412 17068 16597
17107 16264 16673 16635
16388 16692 17361 16554
16276 16794 17103 16838
16309 16775 17265 16856
17102 16307 16660 16636
16489 16760 17093 16838
16713 16545 17109 16741
17108 16280 16633 16599
16390 16650 17398 16555
16333 16752 17191 16909
16910 16486 16998 16633
16791 16591 17034 16408
16416 16089 17313 16911
16840 16567 16905 16862
16285 16830 17009 16951
16781 16566 17043 16579
17085 16339 16683 16650
16723 16688 17236 16729
16814 16569 17021 16535
16512 16164 17278 16906
16799 16538 16873 16911
16426 16700 17357 16509
16283 16812 16977 16961
16909 16663 16855 16598
16525 16109 17327 16875
16482 16758 16840 17065
16422 16774 17016 16867
16706 16557 17074 16747
16866 16676 16973 16486
16936 16370 17004 16436
16561 16187 17322 16850
16795 16543 17026 16572
16374 16768 16904 17002
16372 16713 17339 16472
16624 16696 17028 16859
16464 16843 17010 16847
16708 16552 17053 16788
16457 16723 16886 17060
16993 16374 16977 16422
16787 16563 17032 16461
16296 16456 17487 16528
17054 16265 16742 16634
16816 16629 16904 16863
16367 16738 17334 16390
16682 16758 17150 16768
16507 16826 17016 16842
16280 16680 17008 16959
16923 16588 17014 16306
16999 16347 16950 16385
16331 16793 17391 16438
16785 16664 17007 16835
16455 16726 16837 17068
16802 16299 17211 16518
16885 16605 17010 16688
16534 16144 17306 16906
16791 16545 17033 16757
16729 16551 17038 16747
16333 16428 17450 16562
16415 16708 17456 16447
16628 16651 16966 16840
16486 16874 16956 16821
16669 16594 17044 16851
16943 16774 16808 16246
17045 16482 16909 16587
16572 16124 17309 16880
16329 16487 17456 16532
16315 16716 17373 16467
16276 16795 17030 16920
16694 16629 16998 16856
16593 16172 17288 16845
17144 16366 16682 16532
16505 16580 17233 16818
16715 16512 17067 16778
16816 16244 17363 16516
16591 16117 17297 16839
16247 16444 17527 16706
16356 16816 16831 17068
16322 16688 17449 16473
16710 16555 17054 16779
16565 16694 17190 16747
16473 16704 16850 17117
16981 16585 16856 16125
16802 16601 17135 16340
16213 16438 17554 16722
17139 16422 16639 16485
16578 16628 16932 16953
16231 16738 17016 16963
16658 16549 16753 17051
16535 16849 16973 16795
16538 16660 17202 16766
16822 16210 17256 16518
16417 16711 17457 16438
16283 16794 17032 16933
16804 16229 17332 16541
16820 16588 17163 16350
16420 16630 17425 16478
16584 16599 16947 16929
17016 16498 16871 16425
16787 16483 17107 16541
16476 16666 17384 16518
16691 16224 17254 16822
16322 16329 17430 16654
16299 16812 16858 17082
16439 16645 17406 16478
16269 16753 16991 16980
16680 16508 16643 17097
16748 16157 17301 16584
16239 16677 17003 17010
16537 16668 17317 16668
16804 16565 17237 16243
16515 16865 17052 16703
16125 16941 17035 16808
16623 16192 17271 16818
16585 16822 16969 16655
16741 16203 17251 16620
16868 16577 17170 16237
16738 16483 16570 17058
16881 16522 17219 16206
16475 16667 17393 16456
16389 16731 16942 17022
16590 16644 17214 16755
16615 16619 17242 16733
16730 16507 16596 17104
16409 16763 16887 17049
16509 16711 17349 16404
16482 16745 16983 16877
16383 16761 16945 16946
16743 16526 16518 17024
16761 16208 17295 16602
16833 16500 17236 16292
16370 16763 16943 16954
16544 16625 17257 16746
16816 16690 16658 16975
16781 16250 17258 16566
16820 16555 17187 16323
16795 16416 17146 16457
16389 16816 16911 16890
16536 16605 17214 16802
16795 16474 17154 16358
16718 16531 16835 16944
16425 16587 17438 16477
16591 16630 16868 16907
16798 16479 16838 16956
16831 16552 17149 16333
16668 16285 17242 16848
16708 16481 16917 16959
16573 16819 17090 16764
16383 16799 16924 16908
16535 16617 17233 16786
16183 16960 16995 16721
16825 16533 17165 16295
16418 16627 17424 16487
16474 16875 17013 16745
16543 16673 17215 16762
16752 16232 17258 16604
16867 16582 17175 16246
16535 16847 16928 16844
16884 16735 16912 16249
16832 16550 17147 16290
16689 16206 17265 16771
16336 16720 17355 16749
16441 16787 16966 16862
16889 16554 17120 16276
16676 16261 17216 16802
16478 16843 16955 16858
16513 16679 16920 17042
16956 16512 17114 16254
16669 16711 16841 16940
16440 16546 17405 16524
16551 16780 16924 16883
16580 16703 17252 16721
16695 16262 17333 16718
16905 16444 17085 16300
16552 16204 17305 16816
16507 16538 17401 16521
16409 16786 16931 16882
16722 16742 17293 16671
16744 16292 17340 16570
16884 16702 16936 16222
16900 16504 17040 16349
16588 16282 17300 16791
16566 16851 16905 16865
16422 16784 16933 16874
16541 16740 16882 16979
16112 16981 17059 16807
16788 16250 17377 16561
16911 16549 17013 16336
16594 16255 17273 16754
16490 16793 16899 16869
16364 16750 16985 16934
16680 16583 16932 16980
16784 16586 16951 16889
16835 16679 16892 16278
16940 16537 16969 16373
16678 16259 17265 16776
16520 16869 16887 16839
16118 17015 17079 16790
16963 16407 16954 16528
16898 16507 16981 16341
16682 16515 16913 16981
16814 16753 16914 16267
16262 16703 17034 16960
16680 16512 16912 16990
16688 16817 16861 16855
16774 16153 17344 16571
16779 16744 16907 16298
16915 16571 17016 16267
16656 16228 17321 16755
16270 16759 17016 16936
16754 16742 17242 16657
16637 16757 16883 16890
16331 16749 17190 16918
16725 16130 17300 16627
16842 16783 16859 16307
16925 16499 16990 16271
16684 16232 17238 16739
16621 16698 16942 16835
16817 16647 16830 16870
16869 16738 16616 16936
16738 16210 17295 16600
16853 16797 16843 16261
16910 16480 17025 16330
16686 16235 17239 16730
16863 16450 16964 16806
16812 16573 16919 16907
16630 16749 16894 16870
16736 16207 17294 16609
16866 16742 16892 16230
16914 16502 17028 16261
16707 16171 17250 16713
17077 16448 16662 16580
16751 16682 17222 16684
16587 16773 16917 16857
16835 16663 16622 16952
16881 16548 17113 16286
16701 16198 17277 16750
16757 16655 17195 16647
16827 16562 16986 16814
16797 16540 17028 16806
16085 16958 17072 16871
16764 16294 17327 16570
16921 16743 16864 16225
16922 16553 17114 16205
16699 16195 17276 16759
16158 16763 17046 16924
16744 16710 17146 16678
16814 16617 16937 16845
16778 16602 16862 16928
16686 16250 17227 16790
16742 16707 17145 16687
16524 16802 16895 16914
16955 16734 16782 16231
16908 16575 17113 16242
16664 16303 17271 16812
16680 16820 16759 16836
16570 16769 16928 16866
16390 16818 16818 16937
16646 16521 16994 16984
16838 16564 16904 16871
16838 16410 17054 16741
16526 16805 16896 16905
16957 16737 16783 16222
16440 16816 16817 16932
16703 16583 16785 16984
16884 16446 16903 16916
16801 16296 17313 16556
16900 16733 16810 16236
16955 16570 17033 16189
16644 16194 17304 16764
16851 16375 17023 16723
16464 16771 16842 16984
16757 16322 17251 16564
16887 16788 16761 16267
17022 16528 17027 16167
16697 16596 16784 16962
16670 16181 17300 16753
16334 16717 17354 16758
16826 16618 16985 16800
16699 16599 16785 16953
16913 16811 16781 16224
16961 16448 17062 16130
16565 16872 16824 16756
16609 16677 17159 16811
16825 16352 17072 16618
16064 16949 17212 16868
16926 16830 16703 16144
16994 16482 16900 16590
16997 16526 17057 16105
16603 16223 17306 16775
16264 16801 17255 16822
16564 16856 16864 16792
16474 16933 16784 16820
16531 16597 17003 16959
16666 16681 17132 16797
16671 16595 16868 16969
16809 16272 17287 16510
16933 16802 16779 16150
16949 16519 17115 16100
16454 16719 17233 16817
16375 16644 17309 16773
16692 16672 17117 16761
16684 16540 16917 16938
16822 16217 17336 16479
16945 16771 16698 16123
16937 16540 17139 16133
16172 16872 17205 16867
16709 16621 16950 16903
16091 16985 17137 16860
16917 16814 16704 16119
16899 16479 17143 16135
16670 16239 17215 16844
16436 16939 16910 16752
16622 16687 17123 16784
16834 16713 16690 16919
16814 16241 17362 16525
17086 16768 16651 16121
16941 16528 17153 16086
16683 16184 17264 16813
16478 16978 16929 16688
17018 16750 16614 16158
17030 16492 16875 16608
16947 16501 17126 16049
16708 16219 17218 16818
16472 17017 16905 16727
16121 16990 17214 16785
16995 16734 16654 16164
16934 16556 17077 16080
16672 16141 17223 16843
16640 16841 16775 16636
16466 16940 16963 16676
16647 16693 17013 16808
16786 16588 17020 16758
16809 16432 17063 16737
16754 16660 17030 16768
16993 16731 16653 16173
16659 16196 17174 16874
16607 16887 16860 16661
16185 16817 17254 16836
16784 16585 17019 16767
16736 16691 16960 16740
16090 16986 17237 16718
16718 16301 17355 16606
16968 16756 16625 16195
16942 16528 17035 16077
16594 16889 16858 16669
16480 16609 17346 16674
16637 16545 16957 16986
16763 16649 17008 16784
16801 16766 16893 16692
16077 16988 17235 16726
16746 16295 17341 16561
16928 16555 17037 16155
16638 16270 17196 16863
16656 16877 16804 16588
16438 16931 16938 16706
16824 16425 17056 16683
16769 16797 16931 16702
16724 16264 17397 16540
16990 16543 16983 16074
16825 16610 16994 16769
16919 16582 16895 16772
16496 16811 16771 16992
16060 16910 17249 16748
16781 16268 17370 16526
16981 16545 16983 16090
16672 16294 17151 16954
16396 16933 16978 16640
16648 16524 16995 16975
16854 16664 16973 16807
16816 16449 17082 16729
16782 16711 16910 16798
16546 16809 16770 16987
16794 16213 17419 16495
16961 16743 16736 16158
17037 16516 16955 16048
16705 16266 17163 16936
16350 17024 16944 16641
16170 16876 17095 16855
16535 16672 17324 16729
16718 16501 16993 16942
16566 16811 16778 16962
16819 16750 16652 16899
16070 16922 17185 16831
16836 16262 17429 16446
17058 16680 16758 16171
17041 16492 16879 16019
16522 16727 17275 16760
16797 16646 16960 16811
16731 16745 16969 16778
16842 16235 17402 16409
16968 16735 16654 16162
17037 16562 16944 16138
16731 16233 17159 16900
16425 17029 16956 16637
16176 16852 17093 16886
16702 16753 16934 16807
16016 16898 17211 16900
16829 16290 17353 16440
17094 16488 16905 16071
16722 16205 17184 16843
16544 16590 17037 16970
16618 16734 16957 16796
16843 16252 17321 16366
16680 16186 17164 16874
16215 16787 17068 16906
16565 16526 17048 16953
16744 16380 17084 16770
16839 16276 17397 16395
17028 16451 16766 16694
17089 16472 16930 16136
16693 16131 17213 16843
16453 16986 16950 16641
16456 16722 17234 16808
16919 16547 16802 16842
16723 16444 17073 16787
16631 16759 17002 16777
16778 16196 17432 16358
17046 16722 16642 16161
17016 16491 16792 16709
17044 16449 16936 16129
16672 16195 17202 16860
16324 16702 17224 16952
16461 16679 17247 16807
16942 16554 16776 16852
15896 16881 17235 16926
16808 16272 17420 16328
17045 16471 17008 16109
16314 17058 16988 16596
16117 16754 17038 16976
16950 16555 16729 16810
16651 16685 16905 16853
16628 16799 16724 16881
15932 16959 17230 16901
16766 16280 17492 16427
16959 16450 16790 16792
16312 17022 17011 16578
16461 16726 17283 16760
16521 16498 17003 17052
15878 16894 17207 16916
17032 16468 16957 16150
16308 16471 17459 16718
16851 16791 16845 16605
16314 17025 17012 16569
16133 16831 17056 16947
16456 16769 17270 16761
16671 16553 17065 16883
16945 16525 16731 16835
16572 16855 16727 16960
15939 16974 17172 16953
16797 16225 17429 16457
17019 16523 16908 16181
16562 17036 16992 16554
16130 16791 17095 16912
16454 16766 17269 16770
16818 16491 17046 16725
15977 16909 17110 16954
16740 16221 17456 16471
16686 16127 17189 16868
16339 16401 17423 16525
16356 17076 16980 16507
16046 16760 17106 16946
16622 16530 17021 16939
16885 16550 16803 16866
16803 16528 17008 16705
16688 16719 16838 16890
16537 16823 16737 16942
15974 16921 17142 16995
16776 16299 17451 16446
17024 16564 16942 16146
16573 16513 16984 17111
16832 16456 16965 16861
16543 16810 16738 16964
15995 16896 17138 16964
16499 17093 16944 16590
16694 16508 17048 16934
16820 16496 16991 16876
16828 16504 16748 16902
16595 16754 16884 16891
16476 16819 16814 16938
15976 16870 17223 16960
16989 16442 16757 16796
16989 16540 16961 16224
16846 16713 16882 16724
16450 17021 16935 16684
16106 16757 17076 16966
16700 16481 17021 16897
16841 16432 17002 16859
16499 16775 16813 16926
16006 16939 17179 16934
17077 16694 16757 16148
16945 16542 16984 16236
16642 16156 17187 16889
16472 16774 17226 16804
16736 16559 17016 16872
16802 16517 16752 16913
16960 16458 16767 16776
16990 16477 16949 16189
16348 17021 16943 16650
16505 16583 16974 17065
16692 16561 17039 16884
15987 16908 17224 16848
16675 16297 17514 16395
16958 16455 16766 16785
17038 16499 16932 16103
16582 16260 17235 16940
16504 16697 17166 16825
16704 16511 16983 16895
16863 16570 16775 16866
16677 16300 17515 16386
16506 16700 17167 16816
16804 16513 17064 16813
16581 16806 16868 16900
16023 16865 17234 16945
17055 16442 16992 16050
16636 16117 17207 16885
16301 17016 16939 16712
16476 16680 17192 16861
16791 16568 17015 16844
16607 16793 16864 16889
17153 16669 16709 16062
17047 16466 17018 16096
16102 16751 17084 16960
16805 16505 16984 16891
16753 16222 17510 16304
17017 16390 17030 16126
16381 17020 16869 16685
16736 16554 16904 16938
16889 16444 16965 16890
16592 16838 16901 16854
15976 16866 17133 16971
16747 16249 17537 16341
16945 16530 16790 16777
17019 16393 17031 16117
16463 16809 17192 16804
16023 16836 17086 17008
16705 16200 17527 16390
16964 16583 16758 16713
16972 16318 17079 16259
16672 16584 16867 16942
16920 16512 16861 16760
16550 16789 16891 16903
16024 16825 17101 16973
16936 16579 16841 16729
17021 16458 17045 16107
16426 16763 17131 16850
16675 16615 16949 16918
16925 16469 16874 16759
16003 16889 17090 16990
16730 16202 17497 16452
16773 16311 17069 16922
16493 16945 16928 16689
16480 17000 16879 16720
16679 16556 16943 16948
16927 16472 16875 16750
16017 16883 17068 16966
16717 16257 17448 16483
17120 16715 16794 16087
16955 16596 16829 16659
17064 16425 17000 16111
16215 16851 17030 16871
16691 16516 16917 16933
16878 16401 16924 16920
16552 16792 16892 16894
16053 16961 17063 16941
17162 16633 16797 16012
17028 16347 17005 16136
16418 16660 17193 16864
16536 16570 16968 17134
16716 16565 16872 16939
16965 16452 16864 16723
16557 16749 16905 16893
16944 16566 16948 16679
17030 16350 17006 16127
16706 16258 17131 16922
16217 16790 17069 16897
17023 16486 16812 16663
16035 16924 17065 16932
16776 16194 17459 16420
17008 16401 17086 16163
16411 16937 16940 16690
16476 16655 17209 16842
16823 16393 16880 16963
17020 16457 16810 16719
16627 16698 16927 16848
16060 16921 17077 16931
16758 16259 17456 16432
17006 16398 17085 16172
16380 16769 17197 16886
16501 16736 17242 16807
16714 16461 16912 16972
16836 16338 16929 16932
17033 16476 16732 16639
16622 16741 16914 16849
16078 16894 17022 16925
16722 16181 17461 16457
16904 16570 16896 16648
16450 16668 17213 16853
16688 16470 16927 17008
16872 16416 16924 16907
16620 16738 16913 16858
16042 16816 17027 16950
16724 16217 17438 16475
16487 16961 16884 16617
16467 16596 16963 17102
16897 16391 16952 16885
17013 16511 16757 16654
16024 16881 17024 16962
16722 16214 17437 16484
16981 16423 17057 16194
16498 16983 16928 16607
16392 16673 17197 16875
16488 16661 16968 17036
16571 16715 16869 16914
16022 16878 17023 16971
16709 16269 17388 16515
16893 16579 16875 16788
16683 16286 17135 16936
16518 16972 16934 16600
16478 16735 17209 16823
16830 16384 16895 16926
16584 16795 16864 16887
16652 16265 17415 16529
16971 16379 17090 16283
16491 17023 16912 16596
16448 16659 17221 16853
16457 16657 16991 16969
16809 16448 16884 16943
17026 16553 16789 16649
16554 16719 16876 16917
16654 16268 17416 16520
17151 16571 16759 16018
16923 16540 16948 16689
16998 16408 17029 16144
16253 16493 17437 16754
16501 16999 16893 16563
16752 16444 16911 16957
16970 16582 16817 16691
16556 16722 16877 16908
16683 16251 17451 16501
17136 16552 16794 16077
16949 16532 16922 16690
17046 16411 16990 16139
16637 16154 17220 16859
16558 17076 16850 16596
16242 16821 17227 16822
16730 16464 16883 16957
16561 16679 16890 16907
16066 16906 17112 16910
16629 16266 17446 16458
17085 16484 16765 16123
17016 16335 17002 16169
16673 16232 17215 16834
16438 16686 17188 16886
16705 16435 16897 17051
16597 16757 16885 16882
16771 16739 16667 16889
16627 16263 17445 16467
17121 16562 16760 16098
17010 16362 17029 16206
16815 16668 16946 16510
16555 17064 16916 16548
16413 16651 17234 16881
16544 16515 16874 17139
16745 16454 16917 16936
16988 16571 16788 16602
16749 16708 16723 16868
16073 16866 17126 16900
17090 16639 16806 16117
17008 16359 17028 16215
16262 16460 17463 16762
16568 17009 16965 16517
16443 16727 17222 16851
16720 16373 16884 16971
16990 16574 16789 16593
16617 16785 16828 16912
16737 16748 16749 16883
16795 16724 16666 16904
16675 16263 17415 16531
16995 16414 16979 16246
16560 16592 16892 17110
16756 16451 16879 16946
16958 16571 16838 16613
16725 16668 16804 16884
16025 16864 17091 16960
16677 16266 17416 16522
16997 16600 16793 16134
16930 16570 16976 16629
16991 16428 16995 16292
16645 16237 17181 16889
16512 17038 16993 16559
16412 16724 17215 16866
16401 16583 17051 17104
16731 16416 16925 16941
16761 16746 16799 16859
16635 16197 17422 16542
16976 16500 16935 16613
16986 16403 16996 16283
16341 16430 17369 16746
16561 16523 16933 17078
16778 16451 16895 16926
16736 16665 16766 16894
16000 16829 17137 16955
16630 16240 17409 16543
16557 16226 17238 16928
16347 16547 17324 16793
16445 17031 16936 16600
16450 16718 17219 16841
16776 16448 16894 16935
16827 16695 16853 16812
16761 16700 16720 16899
16051 16897 17166 16909
16628 16237 17408 16552
17069 16637 16733 16181
16902 16369 17057 16304
16544 16281 17189 16959
16495 17029 16935 16595
16420 16642 17231 16871
16362 16528 17088 16998
16719 16652 16764 16905
16052 16913 17126 16873
16670 16306 17402 16532
17047 16653 16779 16181
16985 16364 17015 16254
16535 16316 17125 16945
16459 16951 16940 16620
16205 16877 17200 16830
16407 16697 17182 16902
16305 16524 17115 17012
16988 16633 16782 16609
16793 16694 16750 16837
16044 16937 17152 16919
16998 16309 17064 16223
16484 17032 16973 16585
16207 16880 17201 16821
16359 16721 17218 16921
16300 16567 17102 17013
16982 16660 16809 16646
16715 16697 16867 16859
16809 16696 16761 16791
16827 16738 16706 16785
16057 16882 17201 16888
16685 16254 17452 16492
16332 16637 17300 16852
16442 16983 16963 16634
16298 16564 17101 17022
16835 16671 16827 16766
16819 16762 16732 16831
16882 16683 16665 16905
16035 16902 17173 16888
16706 16190 17463 16475
16947 16237 17046 16294
16481 16279 17126 17016
16437 17026 16950 16635
16216 16879 17236 16795
16263 16622 17259 16915
16554 16520 16942 17089
16704 16460 16953 17049
16721 16670 16840 16822
16899 16715 16731 16805
16858 16741 16655 16767
16884 16686 16666 16896
16083 16905 17134 16883
16693 16245 17414 16506
16998 16305 17075 16248
16494 16224 17175 16985
16435 17023 16949 16644
16321 16927 17211 16768
16293 16698 17247 16885
16319 16490 17079 17033
16929 16686 16743 16651
16898 16642 16734 16752
16889 16694 16733 16697
16027 16934 17162 16925
16657 16167 17419 16531
17144 16652 16751 16126
16928 16574 16892 16634
16944 16240 17078 16290
16530 16302 17170 16960
16477 17072 16959 16595
16658 16693 16894 16873
16866 16651 16890 16772
16891 16761 16627 16913
16643 16165 17389 16542
16888 16584 16937 16671
16919 16265 17050 16312
16528 16299 17169 16969
16306 16622 17296 16883
16452 16991 16926 16630
16764 16365 16758 17061
16917 16671 16731 16851
16940 16658 16592 16866
15963 16921 17084 17002
16632 16086 17450 16538
17108 16574 16756 16151
16883 16187 17055 16337
16515 16354 17120 17000
16488 17069 16921 16605
16281 16898 17197 16834
16566 16541 16908 17105
16892 16590 16698 16886
15916 16863 17119 17020
16576 16093 17445 16537
16908 16268 17088 16302
16461 16292 17112 17010
16330 16581 17329 16806
16438 17071 16922 16610
16700 16734 16829 16839
16879 16645 16649 16917
16966 16657 16527 16814
15952 16941 17114 16995
17084 16615 16723 16228
16463 16295 17113 17001
16259 16587 17397 16776
16440 17074 16923 16601
16907 16660 16854 16607
16698 16731 16828 16848
16822 16641 16676 16931
16872 16658 16931 16758
16962 16681 16603 16843
16689 16090 17423 16524
16864 16642 16952 16634
16924 16345 17106 16273
16485 16275 17141 17001
16298 16610 17418 16740
16398 17025 16913 16650
16360 16483 17044 17116
16894 16715 16805 16638
16858 16719 16671 16906
16844 16720 16816 16757
16912 16682 16650 16836
16664 15977 17470 16480
17078 16618 16763 16170
16866 16645 16953 16625
16542 16279 17114 16987
16283 16568 17413 16780
16455 17029 16886 16636
16251 16816 17148 16869
16327 16510 17052 17117
16627 16737 16896 16818
16814 16719 16678 16925
15964 16909 17206 16912
16700 16055 17465 16455
16540 16276 17113 16996
16304 16616 17392 16745
16468 16974 16935 16605
16258 16788 17224 16875
16369 16729 17193 16892
16325 16507 17051 17126
16553 16415 16999 17006
16839 16714 16833 16643
16621 16764 16923 16855
16829 16735 16681 16886
16904 16706 16676 16882
16014 16907 17205 16907
16698 16052 17464 16464
17005 16604 16769 16230
16810 16629 16995 16627
16601 16356 17078 17033
16303 16758 17234 16888
16347 16749 17165 16892
16404 16619 17017 17153
16547 16442 17026 17043
16624 16708 16894 16874
16677 16116 17453 16481
16995 16690 16802 16237
16808 16626 16994 16636
16918 16383 17086 16268
16588 16314 17046 17038
16237 16628 17422 16793
16524 16945 16907 16563
16306 16799 17215 16833
16307 16759 17210 16929
16545 16439 17025 17052
16814 16362 16714 16993
16823 16735 16835 16659
16754 16725 16609 16941
16855 16683 16632 16938
16635 16047 17459 16501
16997 16639 16744 16232
16590 16350 17023 17056
16308 16622 17354 16823
16511 17000 16858 16594
16239 16808 17291 16807
16246 16679 17245 16892
16816 16365 16715 16984
16830 16733 16893 16712
16695 16702 16826 16904
16752 16722 16608 16950
16859 16673 16753 16698
16880 16718 16586 16943
15951 16789 17190 16995
16639 16045 17470 16479
17028 16612 16741 16259
16856 16626 16965 16669
16565 16341 17046 17034
16260 16580 17387 16880
16529 16946 16868 16559
16267 16765 17285 16811
16410 16553 17031 17121
16570 16441 16995 17114
16829 16310 16764 16953
16777 16757 16562 16955
16893 16663 16635 16912
15972 16797 17205 16991
16644 16002 17483 16478
17018 16615 16749 16219
16858 16629 16966 16660
16607 16390 17056 16985
16199 16500 17422 16843
16523 16973 16895 16596
16237 16689 17297 16841
16278 16723 17280 16883
16827 16351 16777 16981
16697 16705 16827 16895
16723 16744 16617 16946
16895 16666 16636 16903
16646 16005 17484 16469
16611 16404 17042 16976
16548 16938 16864 16577
16224 16744 17248 16872
16500 16492 16973 17159
16675 16674 16883 16874
16774 16812 16646 16900
16873 16635 16692 16882
15994 16827 17199 16960
16644 15969 17507 16451
16895 16574 16908 16772
16544 16351 17104 16976
16578 17014 16852 16547
16717 16723 16893 16825
16851 16766 16660 16878
16860 16690 16643 16913
16040 16748 17255 17004
16686 16038 17501 16431
16557 16296 17153 16945
16312 16560 17395 16675
16613 16963 16773 16545
16280 16726 17281 16874
16367 16443 17058 17106
16482 16505 16945 17149
16731 16699 16890 16818
16792 16747 16596 16934
16835 16655 16689 16908
16000 16787 17202 16971
16707 15974 17512 16414
16944 16586 16887 16575
16297 16541 17430 16734
16626 16908 16822 16514
16290 16640 17248 16867
16539 16509 16918 17135
16873 16767 16835 16630
16718 16739 16853 16789
15998 16784 17201 16980
16768 16054 17477 16451
17135 16622 16736 16156
16943 16570 16927 16611
16499 16238 17130 16970
16253 16475 17434 16755
16264 16649 17263 16903
16716 16736 16852 16798
16773 16732 16642 16930
16717 15986 17448 16497
17099 16544 16741 16181
16988 16383 17020 16233
16486 16293 17081 17001
16247 16502 17461 16792
16214 16651 17264 16908
16590 16389 16905 17105
16738 16332 16792 17084
16710 16763 16879 16835
16790 16726 16646 16916
16704 16041 17399 16528
17124 16614 16698 16268
16986 16380 17019 16242
16429 16289 17108 17015
16205 16433 17467 16812
16201 16706 17215 16939
16592 16392 16906 17096
16782 16732 16676 16917
16740 16728 16647 16921
15974 16800 17206 16982
16668 15963 17404 16553
17032 16619 16729 16240
16972 16443 17035 16371
16465 16367 17103 16990
16207 16436 17468 16803
16661 16979 16827 16472
16152 16639 17257 16912
16613 16328 16917 17079
16875 16726 16822 16602
16733 16702 16891 16809
16845 16779 16659 16856
16934 16601 16860 16713
16765 16763 16601 16926
15979 16757 17219 16981
16647 16027 17393 16570
17060 16576 16723 16244
16925 16513 16980 16743
16411 16302 17080 17005
16212 16393 17481 16802
16613 16957 16844 16558
16203 16707 17286 16866
16862 16781 16773 16633
16708 16667 16937 16804
16030 16825 17248 16935
16605 15958 17399 16590
17071 16493 16739 16254
16395 16361 17110 17030
16254 16462 17475 16782
16618 16909 16802 16515
16145 16668 17326 16835
16587 16341 16836 17115
16808 16359 16734 17032
16892 16805 16747 16632
16738 16743 16925 16774
16859 16742 16634 16832
16893 16571 16907 16781
16022 16808 17250 16896
16641 16036 17394 16565
17107 16571 16734 16229
16266 16422 17449 16767
16603 16890 16837 16574
16202 16672 17299 16821
16442 16613 16998 17130
16745 16382 16788 17083
16849 16784 16733 16676
16866 16714 16710 16838
16007 16789 17285 16955
16598 15998 17385 16600
17082 16490 16701 16264
16361 16286 17116 17046
16593 16895 16809 16566
16207 16692 17312 16769
16708 16310 16837 17052
16893 16807 16664 16674
16739 16721 16943 16732
16853 16634 16715 16865
16754 16643 16636 16988
16037 16800 17246 16942
16582 16014 17358 16581
16339 16255 17172 17025
16314 16444 17432 16681
16660 16902 16866 16525
16205 16689 17311 16778
16402 16616 17016 17162
16711 16408 16870 17014
16733 16391 16870 17017
16883 16710 16703 16835
16026 16803 17284 16932
16580 16011 17357 16590
16302 16484 17458 16696
16247 16738 17321 16729
16459 16620 16989 17148
16855 16768 16690 16655
16907 16691 16705 16759
16818 16586 16978 16832
16039 16748 17333 16901
16634 16076 17380 16575
16268 16729 17319 16662
16757 16403 16868 17018
16706 16770 16941 16800
16809 16699 16578 16952
16075 16826 17328 16876
16938 16546 16950 16583
16353 16379 17230 16980
16635 16900 16896 16463
16297 16747 17319 16624
16669 16436 16965 16979
16726 16420 16843 16970
16670 16692 16946 16825
16886 16661 16807 16850
16837 16581 16997 16813
16836 16731 16581 16949
16050 16745 17295 16911
16600 16001 17386 16591
16897 16541 16949 16664
16234 16364 17532 16733
16312 16745 17318 16677
16510 16617 17000 17041
16667 16433 16964 16988
16711 16401 16878 17029
16847 16792 16716 16701
16695 16727 16900 16830
16824 16636 16948 16844
16823 16689 16549 16954
16621 15937 17397 16574
17174 16646 16595 16248
16221 16419 17483 16764
16604 16892 16969 16495
16297 16727 17293 16707
16458 16587 17049 17043
16645 16729 16901 16835
16817 16716 16576 16991
16055 16767 17220 16945
16663 16006 17391 16554
17187 16591 16644 16217
16394 16417 17310 16887
16164 16415 17510 16778
16625 16828 16980 16478
16296 16780 17307 16661
16693 16420 16960 16977
16822 16648 16729 16927
16859 16660 16929 16766
16815 16713 16575 17000
16661 16003 17390 16563
16901 16562 16921 16681
16978 16430 16993 16300
16200 16493 17505 16753
16239 16776 17334 16675
16455 16558 17047 17099
16695 16423 16961 16968
16693 16280 16859 17054
16656 16772 16942 16805
16815 16570 16746 16930
16875 16652 16851 16685
16810 16756 16562 17001
15989 16680 17226 17050
16640 16067 17379 16580
16981 16459 16995 16244
16673 16850 16963 16392
16241 16779 17335 16666
16750 16284 16832 17040
16839 16794 16719 16665
16634 16792 16914 16805
16883 16630 16725 16874
16816 16729 16535 16964
15967 16700 17198 17050
16653 16012 17428 16549
16950 16502 16892 16711
16925 16488 17023 16286
16350 16393 17298 16908
16660 16905 16914 16423
16247 16752 17308 16629
16412 16537 17010 17160
16763 16229 16881 17009
16841 16797 16720 16656
16577 16788 16941 16819
16896 16575 16774 16843
16850 16689 16806 16695
16873 16733 16508 16950
15968 16716 17158 17014
16655 16015 17429 16540
17086 16588 16616 16334
16887 16525 16946 16762
16938 16486 17025 16278
16339 16458 17322 16911
16242 16485 17533 16704
16630 16829 16926 16453
16282 16784 17336 16585
16407 16580 16997 17161
16799 16307 16876 16984
16835 16801 16774 16646
16579 16791 16942 16810
16817 16735 16891 16720
16826 16751 16574 16921
15949 16663 17190 17078
16676 15951 17440 16523
17111 16623 16570 16339
16895 16441 17101 16284
16254 16435 17477 16715
16257 16794 17393 16573
16405 16577 16996 17170
16752 16272 16906 16999
16584 16748 16955 16809
16835 16593 16778 16896
16839 16685 16494 16951
16712 16029 17435 16498
16904 16439 17101 16268
16288 16390 17293 16957
16223 16438 17482 16712
16639 16836 16894 16453
16265 16770 17367 16527
16739 16327 16857 17030
16959 16763 16741 16610
16796 16768 16506 16962
15892 16659 17217 17092
16710 16026 17434 16507
16324 16468 17288 16932
16251 16395 17476 16716
16664 16917 16927 16418
16263 16767 17366 16536
16448 16598 17033 17109
16706 16463 16954 17040
16703 16249 16862 17055
16619 16738 16949 16828
16845 16642 16691 16893
16805 16718 16876 16743
16834 16703 16444 16963
15928 16737 17212 17067
17076 16579 16529 16381
16926 16499 16975 16683
16956 16416 17052 16263
16337 16413 17337 16901
16276 16328 17506 16733
16628 16839 16932 16443
16426 16618 17005 17109
16645 16383 16989 17003
16728 16284 16816 17060
16923 16685 16746 16635
16676 16742 16922 16814
16858 16587 16740 16862
16765 16697 16941 16740
16792 16652 16476 17025
15941 16682 17261 17036
16263 16383 17457 16764
16214 16716 17407 16578
16675 16459 16977 16973
16741 16229 16865 17029
16910 16740 16697 16666
15949 16959 16837 16572
16040 16924 17078 16621
16104 16923 17106 16615
16583 16776 17168 16467
16549 16738 17131 16743
15982 16998 16870 16516
16089 16878 17067 16679
16573 16676 17181 16919
16595 16836 17033 16519
16029 16949 17081 16910
16339 16804 17043 16887
16844 16601 16865 16738
16271 16944 16859 16768
16643 16870 16881 16603
16792 16591 16921 16720
16758 16961 16802 16514
16148 16923 16739 16974
16477 16763 17053 16877
16199 16991 16768 16928
16705 16934 16786 16588
16318 16871 17065 16845
16134 16979 16796 16908
16825 16662 16817 16456
16685 16626 17201 16362
16676 16896 16883 16554
15849 17012 16740 16893
15988 16998 16694 16816
16733 16750 17037 16667
15801 17034 16649 16857
16831 16746 16816 16445
16506 16867 17132 16522
16165 16873 16791 16923
16641 16561 17272 16717
16564 16701 17169 16763
16683 16643 17182 16766
16463 16741 17171 16926
16085 16841 17030 16936
15793 16996 16730 16951
16127 16836 16809 16976
16474 16650 17230 16965
16189 16925 16631 16947
15949 16843 16704 17066
16678 16855 16870 16526
16688 16802 17037 16718
16412 16885 16786 16880
16580 16681 17221 16744
16777 16643 16871 16760
16619 16551 16979 16905
16492 16697 17129 16826
16960 16537 16837 16587
16065 16903 17087 16638
16734 16515 17160 16672
16152 16961 16718 16981
16228 16911 16847 16854
16596 16758 17239 16715
15944 16995 16647 16859
16844 16718 16785 16430
16478 16737 17280 16689
16725 16694 17150 16704
16613 16632 17220 16698
16632 16659 17232 16426
16458 16710 16927 17087
16085 16789 17257 16585
16087 16917 16789 16943
16529 16787 17111 16479
16566 16604 17065 16949
16075 16980 16743 17002
16523 16624 17112 16929
15909 17016 16609 16894
16548 16722 17171 16779
16855 16617 16666 16584
15991 17012 16581 16900
16657 16794 17110 16750
16655 16830 16855 16588
16450 16911 16868 16814
16509 16706 17256 16446
16135 16978 16690 17005
16531 16743 17242 16697
16459 16907 16913 16812
16163 16914 16804 16951
16057 16887 16787 17021
15884 17018 16734 16566
16552 16543 16934 16980
16555 16538 16901 16982
16016 16903 16779 16956
16791 16630 16871 16481
16517 16651 17139 16966
16149 16927 16846 16868
16425 16830 16835 16849
16526 16629 16857 17047
16234 16884 16820 16817
16332 16823 16786 17041
15876 16896 16654 17078
15825 17024 16580 16850
15819 17097 16714 16673
16301 16825 16870 17003
16063 16938 17049 16860
15879 16995 16712 16675
16893 16559 16849 16509
15854 17045 16770 16618
16422 16808 17106 16620
15692 17040 16583 16687
16154 16964 16627 16978
16609 16912 16831 16480
15758 17017 16749 16636
15831 17059 16697 16608
15905 16886 16673 17058
16675 16858 16798 16618
16543 16836 16927 16799
16174 16869 16690 16937
15851 16815 16621 17113
16464 16796 17188 16793
16301 16815 16859 17073
16489 16367 17269 16790
16451 16750 16913 17097
16599 16820 16998 16309
16786 16641 16884 16428
15991 16720 16827 17137
16089 16920 16790 16934
16158 16946 16642 16954
15969 16819 16599 17083
16446 16583 16627 17165
16129 16881 16606 17039
15924 16797 16663 17091
16724 16712 17024 16717
16477 16665 16932 17085
16263 16898 16734 16847
16390 16538 16999 17036
16151 16974 16566 16948
16341 16358 17373 16673
16167 16909 16676 16947
16329 16423 17373 16712
16227 16880 16693 16910
16165 16932 16590 17008
16289 16790 16791 17090
16780 16671 17014 16732
16009 16707 16855 17147
16418 16878 16867 16815
16156 16959 16824 16908
16557 16501 16827 17024
16496 16650 16930 17065
16677 16861 16799 16609
16433 16599 16936 17106
15801 17015 16746 16923
15757 17013 16693 16938
16056 16764 16982 16986
15755 17027 16609 16928
15724 17030 16614 16925
16046 16862 16717 17039
16245 16952 16693 16876
16221 16939 16771 16848
16709 16291 17139 16743
16451 16702 16930 17116
16753 16603 16775 16820
16097 16882 16860 16862
16787 16621 16666 16587
16440 16707 16872 17127
17007 16574 16818 16478
16891 16623 16802 16413
16677 16880 16828 16341
16693 16309 17080 16938
16666 16640 17102 16820
16586 16469 16842 16962
16114 16891 16760 17007
16704 16580 16731 16876
16773 16877 16703 16485
16411 16341 17257 16856
16356 16529 17003 17026
16457 16779 17111 16853
16144 16348 17408 16739
16325 16686 16972 16963
16855 16645 16772 16414
16491 16724 17173 16809
16576 16527 16954 16975
15911 16852 16614 17122
16632 16614 16623 17124
16667 16316 17140 16872
15875 16774 16619 17147
16526 16596 16881 17020
16104 16847 16609 17027
16140 16851 16557 17043
16165 16886 16511 17048
15900 16855 16652 17112
16154 16889 16549 17038
15912 16815 16626 17097
16449 16321 17260 16830
16333 16827 16753 17027
16532 16885 16887 16396
16507 16742 16842 16930
16161 16924 16641 16968
16151 16859 16579 17015
15991 16799 16627 17083
16654 16937 16829 16411
16856 16492 16752 16782
16548 16505 16923 17002
16149 16856 16578 17024
16027 16877 16622 17058
16200 16924 16607 16978
16002 16842 16668 17053
16077 16939 16730 16974
16166 16839 16606 17000
16015 16847 16629 17048
16179 16844 16567 16995
16381 16503 17020 17005
16169 16912 16677 16938
16213 16963 16797 16894
16014 16900 16778 16965
16162 16940 16601 16932
16489 16718 16854 17055
16915 16614 16820 16390
16916 16626 16737 16466
16886 16416 16825 16695
16906 16657 16755 16427
16996 16592 16730 16455
16597 16728 16744 16914
16939 16596 16709 16342
16165 16906 16767 16950
17065 16622 16665 16401
16937 16618 16731 16369
16150 16925 16741 16963
16673 16289 17113 16835
16152 16928 16742 16954
16924 16648 16659 16382
16542 16508 16973 16995
16620 16658 16525 16892
16851 16543 16706 16585
17073 16570 16635 16351
16931 16586 16600 16471
16040 16897 16746 16990
17029 16550 16657 16521
16718 16290 17108 16738
16038 16894 16745 16999
16780 16673 16689 16624
16095 16898 16718 16985
16827 16694 16560 16618
16357 16796 16842 16961
16108 16843 16767 16954
16819 16533 16927 16687
16709 16367 17108 16810
16505 16402 16828 17077
16396 16767 16386 16884
16144 16921 16762 16929
16933 16712 16571 16360
16507 16438 16805 17095
16385 16778 16813 16898
16816 16462 16815 16786
16570 16500 16865 16990
16158 16962 16825 16899
17029 16582 16659 16445
16507 16405 16829 17068
16657 16391 17060 16852
16996 16555 16612 16584
16820 16617 16738 16472
16899 16589 16729 16487
16088 16767 17085 16860
16814 16700 16723 16509
16398 16814 17162 16779
16471 16693 16881 16997
16147 16924 16845 16877
16421 16831 17041 16879
16832 16542 16938 16621
16216 16305 16914 17120
16051 16902 17143 16736
16544 16825 17097 16748
16415 16626 16839 17162
16990 16471 16613 16595
16802 16294 17044 16801
16536 16523 16938 17016
16226 16908 16846 16863
16912 16490 16698 16728
16177 16885 16802 16919
16954 16622 16563 16451
16202 16920 16756 16924
16536 16764 17154 16786
16846 16520 16703 16782
16479 16590 17143 16968
16215 16865 16805 16893
16861 16482 16625 16754
16217 16868 16806 16884
17117 16488 16547 16430
16582 16740 16916 16821
16796 16189 17012 16812
16179 16842 16724 16950
16484 16732 16964 16914
17077 16572 16609 16412
16815 16292 17046 16793
16544 16751 16777 16940
16229 16839 16680 16882
16217 16879 16706 16897
16625 16557 16799 16975
16974 16533 16885 16547
16764 16168 16931 16902
16215 16876 16705 16906
16678 16669 17155 16734
16868 16532 16743 16717
17102 16498 16513 16451
16587 16900 16333 16835
16772 16601 17185 16351
16631 16695 17328 16330
16220 16917 16739 16871
16536 16742 17027 16867
16608 16809 17223 16455
16222 16920 16740 16862
16653 16595 17243 16409
16587 16835 17268 16358
16627 16507 16779 16942
16535 16677 16929 16905
16705 16548 17212 16387
16203 16333 16937 17087
16257 16883 16829 16835
16631 16689 17290 16342
17072 16556 16613 16414
16718 16551 17274 16359
16623 16704 16577 16836
16600 16771 17274 16331
16178 16370 16976 17119
16597 16585 16771 16972
16709 16455 17049 16864
16494 16883 16906 16802
16728 16487 17224 16361
16642 16585 16607 17065
16916 16492 16813 16665
16234 16839 16837 16854
16861 16374 16865 16695
16723 16620 16726 16974
17099 16499 16679 16476
17075 16536 16632 16394
16258 16949 16830 16774
16609 16657 17150 16867
16889 16427 16761 16760
16403 16483 17048 17005
16809 16235 16948 16807
16235 16938 16814 16820
17101 16569 16528 16339
16504 16753 17168 16774
17122 16593 16560 16303
16462 16891 16509 16713
16555 16831 17255 16450
16656 16638 17211 16713
16264 16811 17102 16841
16841 16351 16870 16663
16506 16374 17217 16799
16956 16336 16781 16688
16561 16650 16749 16939
16817 16559 17095 16511
16904 16432 16864 16691
16735 16608 17117 16697
16218 16323 16971 17066
16633 16382 17072 16889
16821 16347 17018 16744
16361 16828 17027 16928
16368 16611 16857 17157
16625 16840 16955 16503
16602 16683 17214 16741
16219 16738 17018 16936
17114 16514 16577 16308
16466 16901 16573 16685
16379 16372 17238 16875
17124 16623 16597 16296
16483 16884 16493 16684
16336 16642 16838 17176
16568 16882 16531 16657
16259 16868 16675 16881
17080 16557 16650 16282
16083 15790 16687 17189
16683 16672 17251 16315
17134 16562 16479 16276
17181 16562 16502 16233
16554 16463 16762 17122
17156 16481 16469 16268
17150 16508 16496 16305
16693 16557 17149 16759
16616 16785 17197 16409
17148 16505 16495 16314
16770 16481 17116 16717
17135 16560 16446 16345
16465 16880 17131 16272
16633 16608 17143 16851
16597 16486 16816 16990
16591 16837 16509 16665
16608 16471 17283 16450
16597 16810 16482 16628
16494 16751 17290 16413
16622 16845 16436 16633
16691 16791 16381 16616
16529 16557 17358 16671
16623 16433 17302 16423
17116 16517 16578 16299
17128 16477 16552 16284
16797 16723 16533 16719
17115 16532 16503 16315
16730 16468 17083 16784
16026 15785 16704 17190
16779 16850 16676 16448
16529 16428 16840 17045
16849 16499 17081 16451
16820 16569 17025 16412
17074 16641 16543 16323
15986 15852 16696 17183
16814 16760 16469 16605
16832 16542 17069 16320
16804 16788 16788 16381
16295 16476 16640 17184
16815 16759 16362 16727
16771 16880 16773 16376
16067 15801 16626 17253
16751 16779 16611 16569
16921 16697 16425 16782
16861 16488 17036 16426
16731 16756 16313 16790
16279 16399 16622 17213
16720 16776 16312 16743
16069 15796 16636 17240
16745 16822 16256 16577
17128 16523 16579 16199
16905 16705 16596 16495
16483 16567 17135 16983
16797 16752 16419 16759
16547 16752 17218 16753
17141 16468 16628 16168
16788 16635 16662 16577
16733 16840 16391 16567
17135 16495 16655 16205
16686 16872 16408 16599
17133 16492 16654 16214
16813 16723 16487 16649
16060 16910 17073 16855
16845 16487 17118 16289
17120 16547 16605 16245
16103 15757 16650 17190
16327 16862 17132 16792
16847 16490 17119 16280
16105 15760 16651 17181
16728 16432 17106 16766
16369 16836 17171 16775
16853 16463 17092 16243
16063 15691 16657 17201
16790 16781 16345 16671
16845 16524 17048 16425
16657 16854 16408 16637
16563 16691 17189 16756
16673 16898 16808 16345
17093 16502 16699 16251
16152 15968 16547 17244
16645 16870 16299 16788
17071 16522 16671 16251
16595 16364 17117 16926
16060 15823 16552 17240
16616 16659 16653 16895
16624 16701 17206 16708
16794 16740 16645 16643
16133 16907 17052 16686
16841 16404 17091 16309
16766 16295 17112 16729
16089 16854 17203 16625
16832 16456 17069 16637
16030 15831 16575 17225
16426 16563 17162 16997
16808 16488 17075 16541
16767 16416 17159 16356
16820 16489 17094 16420
16767 16836 16822 16230
16719 16452 17245 16330
16789 16490 16655 16871
16481 16626 17120 16986
16734 16460 17197 16324
16421 16660 17323 16656
16229 16401 16623 17218
16424 16286 17306 16825
16160 15962 16497 17242
16410 16293 17299 16769
16217 15966 16470 17228
16490 16677 17260 16721
17071 16454 16675 16515
16124 16926 17018 16641
16765 16494 16828 16838
17052 16500 16514 16456
16494 16715 17195 16810
16635 16871 16936 16199
17082 16576 16502 16426
16311 16778 17148 16800
16500 16293 17274 16754
16525 16704 17148 16823
17033 16642 16428 16368
16167 15878 16479 17232
16580 16900 16955 16249
16621 16844 16313 16793
17045 16681 16429 16338
16824 16541 16796 16838
16127 15941 16486 17262
16693 16550 16675 17092
16660 16823 16236 16729
16172 16069 16503 17228
16612 16801 16253 16815
17009 16632 16468 16405
16582 16731 16780 16914
16601 16804 16291 16805
16664 16781 16237 16754
16616 16739 16270 16811
16788 16564 16761 16769
16989 16648 16556 16346
16198 16018 16381 17220
16592 16850 16899 16260
17040 16668 16514 16287
16192 16045 16408 17257
15876 16729 17199 16830
16824 16553 17087 16366
17032 16651 16516 16248
16141 15986 16463 17258
16584 16635 17131 16883
17000 16670 16600 16336
16261 16267 17242 16940
16136 15991 16508 17253
16110 16000 16523 17289
16123 16046 16459 17284
16695 16678 16318 16815
16028 16770 17115 16840
16066 16042 16486 17298
16102 16120 16481 17273
16971 16738 16653 16294
16115 16065 16530 17242
16706 16756 16857 16193
16118 16004 16480 17243
16753 16698 16251 16765
16352 16518 17010 17052
16708 16759 16858 16184
16602 16657 17280 16576
16749 16826 16835 16431
16910 16658 16688 16257
16784 16825 16822 16345
16795 16648 16471 16814
16946 16657 16620 16329
16720 16524 17315 16292
16603 16549 17362 16488
16960 16717 16570 16339
16836 16310 17056 16764
16965 16747 16546 16302
16993 16723 16520 16312
16558 16732 17157 16781
16999 16696 16493 16275
16748 16848 16820 16362
16824 16701 16437 16760
16745 16834 16834 16326
16962 16720 16571 16330
16263 16135 17297 16927
16932 16644 16583 16360
16281 16211 17230 16967
16083 16146 16433 17230
16697 16681 16319 16806
16500 16582 16937 17009
17020 16584 16659 16461
16671 16639 17068 16841
16348 16534 17013 17033
16705 16739 17184 16339
16276 16215 17292 16900
16751 16785 16822 16403
16708 16386 17061 16858
16145 16887 17060 16628
16739 16257 17050 16791
16120 16912 17032 16650
16002 16783 17119 16851
16654 16577 16728 17066
16972 16610 16543 16411
16742 16328 16958 16801
16147 16890 17061 16619
16738 16395 17060 16778
16110 16896 17079 16578
16599 16443 17324 16519
16325 16216 17312 16886
16135 16931 17033 16583
16460 16903 17018 16798
16698 16374 17125 16775
16141 16883 17026 16640
16139 16880 17025 16649
16451 16729 17021 16935
16982 16618 16489 16425
16684 16872 16857 16508
16282 16720 16991 16972
16551 16757 17273 16383
16723 16527 16787 16850
16948 16666 16502 16491
16459 16291 17281 16820
16931 16610 16509 16515
16274 16212 17291 16909
16930 16658 16519 16540
16879 16718 16515 16531
16050 16066 16563 17257
16918 16605 16548 16520
16527 16425 16839 17054
16946 16605 16565 16412
16916 16698 16390 16709
16225 16182 17040 17036
16565 16700 17167 16743
16923 16670 16466 16715
16305 16390 16607 17177
16940 16657 16423 16632
16300 16181 17358 16881
16959 16682 16403 16632
16212 16237 16991 17067
16609 16482 16795 17024
16099 16764 17047 16870
16726 16484 17223 16370
16933 16657 16396 16680
16164 16184 16987 17085
16551 16468 16822 17058
16831 16539 16596 16788
16925 16681 16422 16726
16215 16252 17016 17039
16868 16354 16869 16716
16926 16697 16382 16690
16201 16342 17050 17014
16265 16479 16618 17193
16380 16217 17311 16799
16171 16310 17017 17067
16777 16888 16753 16324
16286 16405 16596 17204
16856 16526 16520 16733
17016 16731 16392 16573
16273 16251 17197 16983
16721 16681 16942 16741
16845 16293 16877 16658
16955 16651 16427 16536
16741 16214 17079 16764
16884 16261 17012 16735
16839 16320 16904 16695
16949 16678 16454 16573
16790 16380 16933 16665
16901 16493 16736 16718
16892 16674 16481 16587
16512 16427 16928 17027
16820 16949 16748 16433
16894 16677 16482 16578
16551 16395 16838 17011
16859 16226 17058 16730
16759 16440 16924 16795
16899 16634 16495 16577
16205 16238 17030 17042
16505 16718 17141 16813
16742 16374 17037 16761
16846 16281 17009 16761
16886 16689 16446 16608
16110 16230 17052 17030
17008 16524 16531 16557
16784 16200 16994 16802
16924 16436 16480 16674
16416 16585 16967 17048
16877 16669 16493 16582
16723 16405 17026 16799
16146 16276 17020 17055
16829 16902 16745 16438
16991 16556 16577 16511
16705 16346 17031 16927
16822 16180 16997 16776
16655 16598 17244 16400
16156 16298 17059 17012
16506 16442 16893 17048
16852 16256 16985 16746
16925 16358 16842 16702
16945 16422 16552 16645
16877 16684 16625 16487
16888 16274 16912 16745
16967 16409 16810 16640
16864 16739 16576 16518
16657 16698 17113 16355
16715 16296 16955 16804
16873 16255 16947 16804
16941 16388 16731 16728
16173 16276 17016 17036
16713 16552 17239 16286
16626 16747 17213 16700
17041 16502 16607 16486
16875 16204 16889 16799
16865 16748 16514 16571
16652 16699 17254 16288
17034 16530 16531 16480
16283 16152 17199 16988
16374 16277 17279 16865
16770 16514 17092 16744
16835 16183 16954 16796
16962 16381 16717 16666
16842 16708 16496 16688
16737 16511 17272 16209
16632 16667 17212 16331
16979 16581 16585 16552
16805 16107 16966 16826
16871 16684 16458 16603
16434 16720 17200 16823
16762 16549 17203 16319
16987 16557 16559 16506
16779 16116 16981 16862
16961 16473 16866 16608
16884 16629 16507 16572
16776 16428 17250 16192
16777 16113 16980 16871
16954 16333 16780 16697
16879 16672 16494 16573
16149 16299 17076 16998
16332 16221 17332 16784
16124 16218 17043 17033
16768 16452 17276 16238
16566 16218 17362 16743
16792 16162 16917 16857
16864 16724 16444 16613
16185 16298 17008 17070
16743 16417 17287 16256
16641 16609 17295 16323
16735 16158 16944 16871
16732 16374 17281 16263
16725 16244 16977 16878
16452 16663 16962 17023
16345 16425 17025 17030
16257 16174 17179 17012
16974 16381 16886 16646
16872 16431 16620 16757
16850 16725 16445 16713
16743 16371 17243 16273
17050 16582 16619 16405
16980 16354 16859 16609
16872 16700 16418 16567
16745 16374 17244 16264
16641 16603 17257 16335
17081 16555 16616 16432
16710 16509 16975 16819
16770 16349 17272 16242
17056 16478 16642 16537
16273 16289 17311 16729
16244 16740 16988 16998
16811 16765 16529 16541
16458 16552 16546 17138
16831 16429 17237 16279
16573 16650 17330 16311
17035 16563 16654 16464
16300 16298 17268 16854
16780 16361 17208 16325
16615 16719 17324 16291
17042 16495 16706 16490
16841 16439 16633 16832
16757 16752 16584 16532
16613 16716 17323 16300
16188 15944 17102 17019
16731 16338 17164 16381
16934 16441 16863 16611
16497 16601 16629 17072
16759 16770 16573 16583
16656 16536 16706 17093
17027 16387 16733 16607
16941 16426 16705 16613
16509 16726 17136 16819
16709 16617 17132 16733
16306 16050 17113 17003
16935 16453 16732 16650
16873 16503 16817 16703
17005 16402 16754 16605
16905 16377 16744 16680
16774 16751 16599 16570
16540 16675 17307 16341
16964 16553 16781 16539
16576 16753 17302 16316
17069 16480 16862 16516
16830 16635 16628 16546
16184 15946 17091 17041
16714 16384 17172 16398
16526 16755 17303 16321
16884 16615 16591 16518
16340 16344 17277 16814
16998 16430 16678 16599
16724 16374 17215 16609
16853 16618 16596 16515
16665 16313 17139 16881
16691 16412 17184 16397
16623 16619 17118 16793
16652 16368 17090 16912
16707 16757 16508 16668
16654 16463 17245 16418
17045 16435 16601 16567
17036 16391 16774 16590
16694 16764 16464 16627
16677 16410 17224 16393
17060 16417 16655 16540
16752 16750 16471 16635
17094 16458 16645 16511
16966 16707 16480 16473
16983 16458 16858 16542
16718 16402 17293 16375
16599 16783 17267 16390
17037 16454 16672 16525
17028 16382 16886 16529
16696 16642 16697 17005
16794 16323 17237 16564
17024 16509 16623 16556
16981 16410 16870 16552
16659 16441 17271 16522
17020 16492 16801 16559
16963 16614 16552 16451
16411 16286 17261 16939
17057 16398 16763 16592
16651 16807 16896 16562
16546 16800 17260 16384
16973 16483 16684 16587
16961 16611 16551 16460
16177 16317 17330 16775
16748 16397 16883 16825
16564 16798 17236 16397
16974 16616 16512 16455
17046 16321 16711 16746
16649 16334 17290 16397
16755 16721 16830 16354
16946 16659 16518 16451
16826 16750 16448 16704
16693 16353 17338 16369
16981 16319 16731 16660
16622 16617 16664 17044
16567 16589 17006 16960
16829 16787 16793 16469
16281 16267 17313 16768
16686 16353 17244 16378
16890 16633 16520 16517
16646 16332 17309 16375
16531 16852 17210 16424
16892 16636 16521 16508
17069 16287 16683 16655
16219 16659 16955 17033
16196 16339 17053 17012
16544 16797 17259 16393
17084 16336 16771 16632
16413 16590 16937 17028
16171 16258 17020 17047
16601 16402 17311 16491
16580 16875 17254 16368
16712 16362 17048 16874
16663 16541 16978 16892
16222 16326 17049 17001
16332 16480 16976 17061
16990 16562 16485 16503
16643 16347 17010 16935
16746 16845 16819 16371
17022 16537 16856 16498
16929 16580 16489 16556
16661 16538 16977 16901
17154 16285 16793 16587
16268 16682 16999 16977
16815 16698 16460 16730
16544 16749 17289 16408
16960 16577 16484 16559
16688 16394 16869 16874
17100 16341 16689 16583
16837 16699 16439 16752
16827 16747 16457 16662
16853 16744 16422 16652
16805 16728 16393 16713
16903 16614 16558 16555
16477 16716 17017 16924
16215 16366 17035 17011
16786 16828 16823 16336
16964 16599 16491 16518
16240 16430 17447 16669
16812 16675 16595 16677
16851 16619 16443 16772
16774 16732 16466 16651
16777 16756 16365 16710
16951 16594 16530 16523
17116 16259 16711 16653
16838 16621 16441 16780
16745 16727 16471 16667
16392 16497 16986 17008
16570 16740 17274 16372
16782 16752 16831 16285
16204 16352 17452 16694
16801 16446 16867 16828
17053 16210 16665 16684
16782 16623 16479 16744
16750 16760 16410 16668
16179 16255 17064 17009
16597 16576 17389 16525
16572 16743 17275 16363
16745 16718 16984 16346
17018 16419 16859 16567
16936 16631 16492 16503
16179 16350 17482 16632
16597 16367 17118 16917
16698 16501 16747 16934
16802 16622 16509 16708
16742 16731 16495 16645
16703 16780 16354 16617
16334 16833 17063 16869
16593 16679 17286 16346
16801 16763 16802 16342
16813 16581 16876 16754
16060 16760 16997 16971
16766 16707 16830 16348
16918 16685 16497 16559
16770 16397 16899 16805
17019 16350 16741 16621
16364 16768 16918 16967
16844 16673 16477 16646
16734 16748 16521 16652
16570 16668 17270 16392
16808 16776 16824 16328
16882 16607 16502 16584
16355 16274 17284 16922
16791 16402 16870 16843
16830 16677 16448 16694
16553 16735 17267 16413
16772 16698 16829 16353
16857 16632 16474 16606
16209 16423 17427 16696
16727 16777 16590 16575
16233 16774 16993 16981
16551 16732 17266 16422
16754 16763 16826 16365
16654 16548 17085 16855
16778 16360 16838 16848
17097 16281 16820 16601
16733 16496 16747 16892
16638 16828 16420 16707
16196 16478 17378 16727
16772 16387 16865 16885
16125 16408 17390 16771
16735 16315 16914 16854
16144 16601 17009 16994
16737 16318 16915 16845
16014 16772 16955 16992
16763 16239 16941 16862
16614 16826 16420 16739
16680 16408 17289 16400
16191 16407 17403 16725
16824 16319 16906 16899
16501 16594 16903 17042
16718 16450 17292 16365
16302 16143 17354 16860
16764 16248 16879 16915
16835 16677 16534 16611
16613 16821 16452 16656
16500 16611 16887 17030
15996 16693 16955 17002
16657 16370 17327 16328
16751 16303 16830 16946
16831 16655 16531 16680
16687 16446 17315 16298
16667 16566 17164 16795
16694 16299 16857 16960
16499 16751 16929 16855
16790 16588 16920 16729
16744 16527 17096 16755
16672 16319 16829 16960
16774 16471 16690 16930
16038 16780 16969 16971
16687 16398 17316 16308
17026 16395 16833 16521
16681 16358 16815 17016
16661 16555 16633 17059
17030 16369 16900 16502
16584 16247 16829 17037
16784 16460 16816 16870
16400 16590 16974 17027
16630 16394 17343 16322
16973 16388 16891 16509
16752 16476 16683 16895
16867 16484 16539 16740
16845 16504 16743 16818
16680 16507 17305 16382
16638 16641 17235 16346
16979 16480 16859 16524
16964 16435 16894 16504
17081 16430 16806 16527
16659 16261 16858 16945
16720 16601 16730 16928
16852 16465 16574 16799
16363 16778 16797 16918
16871 16559 16467 16774
16663 16676 17189 16351
16951 16437 16892 16512
17040 16332 16782 16576
16215 16349 17414 16704
16707 16312 16859 16913
16681 16464 16757 16896
16818 16466 16670 16848
16229 16596 16960 17038
16870 16600 16436 16722
16661 16673 17188 16360
17042 16335 16783 16567
16202 16404 17365 16735
16770 16371 16814 16923
16684 16511 16752 16928
16813 16425 16636 16883
16864 16556 16487 16724
16648 16728 17139 16391
16924 16459 16842 16612
17107 16415 16800 16517
16323 16191 17333 16825
16709 16362 16826 16935
17100 16329 16717 16629
16830 16391 16679 16889
16926 16544 16433 16643
16733 16814 16451 16522
16441 16170 17346 16876
16661 16311 16825 16967
17133 16361 16666 16564
16227 16551 16975 17028
16965 16563 16379 16636
16940 16541 16783 16538
16920 16496 16880 16625
16276 16154 17359 16850
16648 16366 16776 16998
16766 16405 16711 16904
16868 16455 16696 16786
16980 16526 16417 16656
16703 16703 17207 16321
17017 16289 16905 16529
16679 16541 17125 16788
17171 16398 16685 16529
16747 16430 16736 16913
16863 16414 16662 16821
16628 16618 17031 16902
16255 16737 16950 17008
16988 16502 16391 16610
16644 16330 17294 16425
16705 16706 17208 16312
16917 16456 16928 16514
17053 16367 16900 16504
16421 16486 17270 16723
16987 16486 16431 16646
16646 16352 17290 16406
16669 16628 17213 16337
16977 16498 16830 16508
16996 16363 16927 16518
16502 16636 17262 16799
17108 16305 16691 16583
16725 16530 16788 16841
16838 16430 16750 16867
16999 16467 16412 16635
16726 16842 16375 16516
16656 16683 17164 16368
16998 16366 16928 16509
16687 16284 16784 16995
16790 16466 16802 16854
16802 16483 16706 16879
17006 16427 16426 16625
16489 16678 16854 17059
16633 16675 17192 16339
16891 16487 16901 16502
16986 16286 16983 16510
16350 16206 17296 16902
16768 16478 17115 16726
16700 16229 16833 16964
16733 16521 16750 16855
17007 16443 16386 16589
16669 16753 17187 16314
17001 16579 16802 16431
16889 16484 16900 16511
16981 16366 16961 16565
16381 16265 17269 16886
16245 16357 17309 16802
16725 16264 16787 16969
17124 16403 16674 16544
16727 16500 16806 16880
16747 16834 16327 16524
15955 16819 17107 16925
16682 16698 17236 16283
16946 16539 16871 16441
16919 16560 16888 16481
16689 16186 16792 16994
17127 16399 16587 16533
16674 16503 16811 16888
16988 16401 16473 16700
16741 16816 16365 16521
16667 16408 17294 16387
16660 16718 17208 16283
16998 16563 16921 16391
16848 16566 16956 16451
17000 16337 16889 16583
16731 16255 16786 16974
17112 16380 16622 16592
16591 16675 16893 16887
16950 16444 16368 16691
16739 16813 16364 16530
16654 16699 17224 16245
16931 16573 16900 16402
16869 16517 16936 16464
16729 16252 16785 16983
16723 16506 16883 16859
17020 16419 16379 16734
16627 16342 17301 16398
16641 16754 17175 16276
16917 16512 16934 16468
16841 16475 16951 16519
17013 16354 16947 16508
16716 16307 16736 17014
16710 16552 16772 16821
16713 16408 16659 17014
16659 16807 17093 16238
16875 16576 16886 16415
17065 16453 16867 16507
16279 16264 17312 16777
16719 16446 17063 16790
16691 16272 16782 17009
16697 16554 16770 16829
16833 16456 16789 16802
16693 16794 16382 16607
16719 16381 16632 16977
16666 16779 17169 16244
16617 16819 16919 16508
17024 16351 16909 16518
16143 16319 17302 16806
16697 16466 17035 16790
16862 16395 16758 16763
17006 16374 16384 16682
16706 16436 16583 17008
15823 16696 17143 16933
16683 16766 17126 16161
16930 16577 16858 16410
16881 16457 16957 16445
16360 16341 17283 16789
16696 16377 16780 16957
16762 16513 16847 16800
16962 16350 16417 16757
16637 16849 16364 16655
16435 16570 16965 17028
16718 16396 16557 16993
16667 16375 17318 16360
16730 16743 17074 16145
16577 16846 16906 16451
16846 16462 17001 16528
17067 16448 16877 16494
16185 16389 17276 16749
16740 16547 17021 16783
16727 16350 16777 16984
16659 16685 17066 16802
16712 16423 16584 17030
15844 16686 17106 16957
16692 16424 17273 16366
16712 16744 17117 16165
16573 16870 16982 16480
16849 16570 16820 16443
16740 16295 16826 16953
16853 16378 16800 16827
16546 16709 17129 16799
16183 16660 17023 16961
16679 16900 16332 16593
16715 16358 16563 16999
16690 16421 17272 16375
16946 16503 16987 16441
17086 16339 16855 16437
16201 16466 17294 16720
16741 16577 16836 16817
16832 16452 16822 16816
16520 16589 17117 16976
16740 16439 16596 16964
16781 16426 16777 16881
16716 16565 16674 16985
16760 16743 17024 16134
17028 16373 16912 16449
16766 16306 16814 16944
17065 16343 16671 16579
16909 16313 16718 16794
16939 16378 16429 16756
16707 16808 16419 16582
16743 16477 16590 16958
16625 16436 17303 16414
16719 16248 16849 16962
16896 16368 16669 16825
17008 16359 16656 16732
16694 16863 16370 16613
16727 16685 17051 16208
16809 16481 16998 16648
16706 16303 16800 16993
17149 16352 16761 16573
16814 16459 16814 16795
16981 16429 16397 16694
16493 16685 17203 16801
16660 16385 17224 16412
16788 16569 17004 16697
16669 16268 16795 17018
16752 16424 16847 16886
16888 16377 16707 16811
16458 16648 16997 17002
16994 16374 16446 16663
16406 16753 17172 16884
16790 16681 17024 16238
16902 16671 16696 16424
16906 16447 17024 16520
16932 16286 16968 16565
16794 16463 16943 16664
16694 16303 16749 17023
16894 16350 16680 16774
16436 16668 16969 17002
16672 16545 16704 17054
15805 16745 17190 16830
16688 16458 17211 16391
16901 16655 16736 16460
16953 16386 16962 16439
16523 16197 17325 16804
16796 16466 16944 16655
16658 16225 16754 17048
16717 16453 16759 16911
16881 16405 16631 16805
16932 16386 16500 16744
16720 16831 16354 16586
16616 16480 17239 16752
16852 16680 16689 16462
16945 16288 16966 16590
16851 16365 16679 16865
16919 16441 16451 16775
16732 16791 16328 16571
16932 16343 16917 16621
16654 16435 16764 16958
16884 16432 16444 16806
16734 16827 16305 16589
16914 16641 16613 16458
16938 16316 16890 16584
16425 16236 17238 16874
16661 16604 16807 16891
16825 16342 16639 16912
16914 16508 16432 16776
16721 16785 16273 16594
16851 16664 16667 16509
16974 16394 16885 16559
16854 16453 16919 16626
16561 16316 16715 17092
16648 16438 16807 16913
16788 16282 16645 16938
16523 16470 16969 16997
16925 16500 16426 16692
16715 16812 16300 16631
16732 16642 17064 16207
16873 16644 16685 16505
16873 16514 16946 16596
16987 16339 16934 16528
16879 16426 17019 16618
16582 16252 16726 17075
16867 16466 16478 16752
16699 16847 16324 16601
16860 16619 16691 16486
16472 16286 17253 16872
16300 16334 17300 16728
16865 16441 16868 16644
16804 16359 16663 16909
16880 16464 16480 16744
16737 16782 16262 16602
16835 16607 17128 16291
16816 16512 16990 16551
16931 16368 16962 16570
16413 16243 17265 16855
16597 16200 16776 17035
16756 16333 16681 16940
16514 16430 16929 17018
16850 16420 16524 16818
16785 16804 16245 16516
16918 16423 16913 16601
16595 16241 16789 17063
16760 16415 16809 16900
16792 16411 16676 16915
16519 16387 16942 17017
16767 16838 16281 16536
16662 16540 16761 16937
16462 16641 17157 16972
16917 16642 16647 16449
16937 16442 16886 16502
16882 16345 16918 16626
16343 16294 17243 16900
16580 16192 16795 17088
16805 16356 16725 16884
16684 16523 16735 16953
16670 16447 17212 16414
16914 16486 16887 16514
16851 16471 16865 16651
16567 16247 16746 17119
16981 16345 16657 16678
16409 16818 16732 16882
16981 16477 16811 16540
16920 16325 16921 16600
16318 16292 17273 16838
16418 16610 17309 16684
16826 16526 16925 16723
16569 16206 16733 17091
16794 16313 16684 16914
16499 16791 16923 16859
16821 16786 16276 16485
16679 16510 16790 16880
16956 16403 16916 16575
16496 16512 17184 16952
16672 16438 16854 16905
16781 16368 16635 16945
16490 16449 16954 17004
16921 16394 16909 16606
16358 16338 17282 16798
16760 16322 16646 16934
16871 16811 16703 16418
16872 16575 16697 16499
16908 16449 16860 16637
16419 16418 17247 16835
17058 16290 16630 16719
16796 16400 16641 16909
16890 16628 16615 16461
16910 16405 16837 16654
16389 16342 17259 16865
16226 16148 17226 17002
16228 16401 17318 16748
16851 16367 16927 16656
17010 16248 16663 16776
16728 16578 16843 16797
16869 16408 16635 16891
16614 16562 16730 16973
16594 16803 16923 16576
16882 16619 16665 16480
16446 16346 17232 16851
16268 16217 17220 16982
16881 16409 16949 16590
16560 16286 16677 17130
16953 16236 16708 16752
16798 16902 16356 16478
16578 16491 16827 17004
17040 16429 16779 16540
16281 16162 17269 16951
16179 16320 17331 16766
16567 16246 16691 17120
17003 16251 16668 16748
16795 16536 16837 16775
16882 16353 16684 16860
16846 16666 16644 16482
16184 16277 17344 16765
16836 16498 17002 16565
16597 16246 16641 17109
16952 16183 16639 16794
16776 16494 16818 16780
16837 16334 16668 16886
16824 16630 16694 16483
17002 16403 16697 16606
16428 16287 17304 16753
16270 16119 17228 16981
16610 16244 16643 17101
16988 16261 16634 16769
16492 16526 16948 16984
15989 16813 17112 16843
17058 16414 16723 16556
16430 16290 17305 16744
16235 16361 17332 16738
16617 16216 16719 17107
16931 16257 16661 16783
16857 16378 16656 16882
16018 16714 16768 17114
16505 16704 17162 16782
16574 16692 17141 16883
15987 16810 17111 16852
16451 16226 17316 16727
16283 16165 17164 16976
16172 16413 17347 16783
16849 16443 17051 16534
16588 16198 16725 17076
16933 16260 16662 16774
16518 16663 17190 16782
16522 16671 17185 16788
16707 16893 16773 16560
16928 16576 16681 16477
16938 16217 16675 16773
16873 16404 16580 16878
16601 16699 17011 16785
16513 16527 16986 16978
16525 16717 17088 16815
16520 16666 17191 16773
16524 16674 17186 16779
16435 16638 17231 16764
16931 16331 16815 16665
16443 16289 17301 16768
16249 16237 17252 16982
16980 16286 16669 16753
16533 16750 17039 16867
16586 16304 17291 16571
16906 16627 16656 16463
16978 16283 16668 16762
16865 16425 16545 16817
16478 16664 17296 16642
16468 16711 17204 16764
16557 16603 17189 16770
16501 16675 17209 16800
16457 16475 16979 17008
15982 16832 17091 16849
16936 16639 16592 16399
17093 16395 16747 16576
16400 16268 17264 16829
16188 16157 17287 16945
16160 16400 17383 16752
16796 16378 17074 16662
16670 16509 16727 17036
16416 16670 17219 16793
16420 16688 17173 16829
16559 16708 17006 16821
16555 16600 17188 16779
16498 16608 16886 17039
16459 16478 16980 16999
15970 16872 17117 16864
16603 16718 17253 16705
16830 16918 16705 16402
16921 16620 16627 16458
17007 16360 16779 16612
17021 16355 16600 16686
16418 16673 17220 16784
16445 16769 17206 16794
15968 16869 17116 16873
16551 16693 17294 16657
16929 16596 16601 16412
17045 16415 16802 16563
16931 16303 16900 16651
16136 16325 17406 16781
17000 16345 16636 16740
16744 16510 16792 16840
16434 16747 17158 16839
16617 16319 17289 16532
16595 16290 17283 16557
16670 16243 17189 16681
16891 16620 16677 16469
16918 16358 16851 16682
16138 16328 17407 16772
17004 16367 16639 16671
16432 16744 17157 16848
16604 16724 17150 16728
16666 16697 17099 16667
16031 16908 17068 16882
16560 16315 17316 16546
16688 16296 17220 16634
16761 16797 16758 16486
17043 16429 16718 16553
16164 16319 17392 16736
16964 16346 16704 16668
16542 16638 17288 16668
16535 16678 17274 16678
16502 16623 16903 17028
16033 16911 17069 16873
16733 16243 17272 16527
16702 16252 17219 16614
16812 16865 16787 16440
17058 16392 16756 16573
16863 16317 16871 16667
16203 16438 17392 16717
16977 16291 16753 16637
16530 16724 16926 16882
16537 16681 17275 16669
16470 16724 17160 16822
16558 16732 17188 16760
16575 16638 17177 16898
16536 16660 16848 16963
16630 16175 17292 16567
16739 16277 17173 16642
17071 16337 16805 16542
16874 16394 16865 16649
16414 16247 17293 16841
16216 16383 17441 16686
17019 16360 16747 16617
16827 16345 16640 16903
16446 16567 17303 16688
16515 16711 17122 16802
16559 16677 17264 16716
16471 16660 17127 16920
16514 16666 17192 16781
16096 16888 17015 16822
16471 16251 17266 16827
16271 16384 17413 16681
16845 16372 17061 16590
16983 16282 16752 16642
16840 16290 16689 16872
16493 16723 17139 16797
16489 16713 17045 16882
16516 16669 17193 16772
16608 16600 17153 16852
16647 16570 17111 16777
16698 16758 16806 16477
16899 16685 16679 16421
16852 16443 16866 16652
16970 16337 16703 16673
16876 16368 16684 16847
16560 16711 17116 16766
16564 16648 17266 16656
16476 16715 17043 16890
16459 16665 17220 16786
16638 16604 17075 16857
16607 16549 17176 16774
16637 16607 16698 17023
16668 16240 17188 16690
16700 16761 16807 16468
16912 16630 16728 16390
16570 16222 17301 16881
16968 16282 16712 16667
16543 16728 16925 16848
16059 16661 16787 17153
16428 16446 17284 16713
16506 16731 17153 16794
16535 16616 17276 16686
16587 16641 17235 16734
16621 16570 17035 16882
16622 16687 17226 16687
16080 16855 17017 16901
16698 16316 17176 16660
16767 16814 16745 16468
17032 16380 16843 16557
16559 16186 17334 16846
16741 16523 16892 16766
16517 16556 17320 16679
16534 16688 17147 16798
16388 16681 17211 16786
16562 16560 17202 16769
16615 16572 17073 16866
16597 16556 17029 16919
16603 16535 17190 16783
16270 16830 17081 16853
16760 16304 17122 16579
16759 16838 16771 16514
16894 16577 16810 16428
17019 16435 16794 16588
16273 16387 17414 16672
16989 16274 16753 16651
16550 16796 16941 16789
16477 16684 17174 16812
16570 16601 17217 16751
16609 16516 17003 16904
16597 16582 16710 17039
16548 16610 17326 16607
16691 16255 17257 16604
16747 16306 17120 16587
16729 16762 16783 16544
16881 16632 16761 16459
16952 16444 16870 16562
16835 16463 17015 16520
16991 16277 16754 16642
16551 16812 16901 16753
16464 16739 17125 16843
16611 16683 17236 16641
16564 16555 17212 16756
16602 16526 17080 16882
16651 16565 17013 16855
16644 16617 16680 17024
16078 16835 17070 16841
16554 16526 17318 16544
16666 16174 17224 16639
16737 16345 17125 16529
16786 16766 16756 16530
16980 16401 16864 16566
16881 16419 16897 16610
16554 16606 17279 16608
16586 16586 17156 16777
16658 16551 17003 16881
16656 16487 17242 16685
16799 16711 16805 16499
16883 16594 16757 16438
16993 16346 16913 16535
16884 16448 16899 16554
16178 16357 17359 16752
16513 16760 16939 16829
16344 16801 17217 16770
16541 16658 17228 16793
16596 16535 17081 16877
16679 16544 16938 16879
16643 16542 17193 16716
16042 16757 17075 16866
16622 16322 17328 16498
16767 16220 17230 16571
17018 16381 16867 16540
16876 16471 16895 16549
16853 16513 16778 16776
16538 16795 16893 16834
16534 16633 17341 16561
16617 16583 17250 16544
16691 16614 16965 16871
16482 16692 16872 17053
16623 16311 17343 16463
16692 16185 17212 16630
16804 16706 16760 16504
16918 16625 16689 16347
17040 16372 16834 16542
16836 16466 16961 16570
16498 16106 17369 16809
16193 16292 17338 16758
16551 16740 16942 16803
16556 16529 17319 16535
16333 16758 17176 16800
16521 16534 17259 16724
16586 16549 17037 16922
16091 16780 17119 16810
16758 16245 17242 16589
16806 16709 16761 16495
16913 16627 16686 16344
16854 16513 16950 16545
16536 16142 17374 16773
16188 16335 17325 16759
17093 16205 16828 16550
16819 16566 16911 16733
16553 16743 16943 16794
16478 16769 17032 16838
16508 16609 17235 16762
16699 16590 16939 16825
16700 16600 17060 16772
16608 16348 17305 16443
16746 16324 17142 16507
16799 16737 16685 16489
16920 16599 16762 16350
17075 16424 16851 16448
16851 16484 16948 16601
16186 16332 17324 16768
16821 16569 16912 16724
16590 16604 17313 16519
16525 16799 17082 16785
16373 16804 17067 16791
16532 16590 17179 16927
16641 16563 17080 16871
16707 16600 16918 16780
16668 16498 17084 16818
16031 16865 17153 16809
16744 16142 17198 16597
16977 16640 16764 16267
16840 16534 16873 16577
16820 16337 17107 16585
16859 16351 16773 16790
16480 16755 16944 16866
16472 16727 17161 16813
16318 16764 17136 16801
16699 16670 17032 16821
16050 16835 17120 16828
16742 16139 17197 16606
16852 16747 16657 16435
16923 16616 16790 16336
17081 16398 16854 16429
16241 16346 17367 16717
16542 16750 16867 16868
16497 16702 17189 16791
16548 16801 17021 16719
16320 16782 17074 16799
16428 16524 17284 16704
16470 16562 17167 16969
16646 16605 17071 16829
16680 16535 17081 16844
16377 16512 16942 17053
16660 16564 16702 17030
16025 16754 17087 16863
16898 16581 16836 16331
17066 16379 16889 16488
16833 16523 17029 16546
16266 16427 17400 16682
17059 16255 16738 16667
16851 16375 16799 16836
16511 16696 16861 16940
16547 16578 17390 16530
16484 16757 17140 16822
16528 16565 17091 16930
16629 16467 17052 16890
16402 16593 16975 17018
16027 16757 17088 16854
16768 16209 17245 16536
16885 16636 16787 16362
17058 16362 16891 16449
16845 16471 16970 16505
16483 16739 16867 16936
16486 16786 17137 16717
16674 16611 17036 16770
16635 16562 16732 16968
15977 16759 17089 16859
16770 16212 17246 16527
16818 16645 16863 16336
17018 16341 16956 16446
16851 16502 16992 16471
17129 16204 16760 16622
16747 16550 16809 16780
16495 16689 16811 16947
16473 16841 17088 16748
16558 16589 17296 16525
16677 16716 16994 16803
16602 16487 17110 16878
16637 16565 16733 16959
16085 16885 17101 16833
16739 16249 17281 16522
16872 16625 16826 16308
16960 16302 16996 16415
16877 16493 17067 16406
17154 16239 16714 16627
16772 16585 16763 16785
16783 16429 16778 16872
16532 16638 17331 16574
16402 16847 17156 16718
16565 16561 17372 16531
16749 16698 17017 16705
16638 16565 17105 16853
15988 16836 17083 16841
16841 16628 16831 16305
16996 16380 16991 16390
16217 16404 17356 16738
17118 16161 16719 16652
16835 16529 16765 16761
16796 16374 16827 16841
16575 16759 16704 16908
16475 16710 17090 16899
16430 16804 17150 16722
16517 16510 17371 16563
16568 16563 17052 16921
16613 16484 17072 16888
16460 16651 16998 16993
16038 16834 17082 16836
16631 16192 17297 16521
16833 16748 16696 16423
16869 16585 16825 16309
16971 16345 17037 16385
16229 16364 17330 16723
17105 16216 16670 16683
16733 16628 17049 16521
16443 16802 17152 16714
16519 16513 17372 16554
16555 16618 17003 16952
16684 16585 17089 16734
16743 16621 17097 16711
16638 16519 17026 16893
16465 16608 17011 16992
16686 16621 16707 16907
16002 16756 17087 16861
16667 16270 17292 16496
16911 16636 16793 16247
16958 16400 16988 16416
16599 16176 17289 16809
16231 16367 17331 16714
17054 16148 16641 16729
16838 16425 16795 16779
16483 16571 17373 16547
16394 16819 17131 16731
16462 16509 17399 16568
16603 16498 17028 16933
16658 16613 16779 16914
16027 16837 17120 16826
16846 16730 16670 16453
16855 16665 16821 16289
16922 16322 16993 16441
16583 16167 17350 16850
16244 16312 17380 16683
16825 16413 17074 16609
17090 16226 16636 16704
16825 16480 16746 16810
16461 16591 17345 16547
16393 16803 17171 16767
16458 16573 17360 16626
16633 16574 17016 16903
16014 16757 17125 16853
16917 16653 16767 16208
16983 16402 16958 16478
16280 16390 17375 16658
16827 16416 17075 16600
17067 16218 16664 16675
16786 16483 16829 16808
16450 16648 17298 16480
16529 16736 17053 16876
16383 16833 17104 16750
16274 16805 17069 16866
16604 16600 16834 16905
16846 16777 16706 16406
16904 16655 16765 16216
16999 16394 16880 16397
16305 16365 17403 16636
16814 16336 17080 16627
17109 16267 16674 16626
16557 16696 16826 16909
16442 16672 17324 16526
16479 16738 17054 16881
16276 16808 17070 16857
16544 16511 16974 16986
15993 16831 17147 16842
16665 16297 17251 16563
16897 16845 16735 16360
16910 16699 16714 16214
17026 16426 16883 16394
16279 16396 17376 16624
16844 16412 17068 16597
17107 16264 16673 16635
16788 16463 16801 16863
16763 16491 16827 16847
16336 16697 16935 16982
16388 16692 17361 16554
16276 16794 17103 16838
16281 16765 17083 16856
16549 16468 16987 16985
16658 16641 17212 16704
16469 16677 16931 17081
15995 16834 17148 16833
16663 16294 17250 16572
16836 16765 16770 16323
16848 16711 16768 16295
16972 16413 16938 16385
16791 16511 17103 16416
16277 16393 17375 16633
16832 16460 17003 16590
17102 16307 16660 16636
16738 16516 16799 16869
16323 16752 16886 17013
16546 16653 16785 16939
16437 16632 17332 16584
16489 16760 17093 16838
16713 16545 17109 16741
16664 16614 17185 16667
16462 16686 16851 17058
16649 16574 16828 16882
15934 16754 17183 16796
16834 16806 16783 16351
16862 16673 16736 16221
16966 16440 16965 16422
16778 16566 17054 16447
16778 16480 17040 16618
17108 16280 16633 16599
16702 16438 16804 16894
16533 16708 16736 16970
16390 16650 17398 16555
16543 16740 17056 16810
16300 16748 17062 16891
16288 16736 17014 16933
16523 16481 16906 17021
15947 16834 17178 16769
16848 16756 16760 16286
16829 16719 16821 16246
16910 16425 16992 16466
16791 16591 17034 16408
16416 16089 17313 16911
16193 16454 17394 16634
16801 16474 17002 16584
16829 16466 16747 16843
16704 16441 16805 16885
16531 16672 16759 16952
16402 16600 17342 16566
16595 16712 17010 16763
16285 16830 17009 16951
16553 16557 16894 16991
16464 16683 16900 17050
15972 16809 17206 16747
16745 16300 17193 16620
16833 16737 16795 16345
16842 16717 16823 16238
16776 16572 17069 16467
16260 16442 17364 16586
16781 16566 17043 16579
17085 16339 16683 16650
16804 16385 16714 16878
16533 16675 16760 16943
16353 16660 17371 16536
16717 16600 17115 16717
15959 16864 17157 16778
16856 16696 16741 16261
16808 16673 16867 16290
16921 16422 16954 16476
16814 16569 17021 16535
16512 16164 17278 16906
16225 16479 17442 16587
17049 16261 16688 16675
16791 16440 16665 16909
16361 16772 16766 16932
16538 16632 16773 16942
16407 16640 17334 16508
16283 16812 16977 16961
16666 16579 17011 16866
16456 16707 16926 17096
15957 16861 17156 16787
16847 16679 16783 16325
16887 16657 16854 16238
16923 16425 16955 16467
16525 16109 17327 16875
16227 16438 17429 16559
17051 16264 16689 16666
16729 16479 16856 16822
16482 16758 16840 17065
16560 16663 16717 16963
16426 16693 17302 16444
16422 16774 17016 16867
16293 16726 16944 16954
16622 16567 16849 16955
16706 16557 17074 16747
16668 16582 17012 16857
16018 16941 17121 16824
16860 16624 16832 16294
16820 16648 16879 16309
16936 16370 17004 16436
16561 16187 17322 16850
16229 16441 17430 16550
16795 16543 17026 16572
17003 16197 16713 16680
16368 16768 16729 16993
16558 16660 16716 16972
16372 16713 17339 16472
16621 16691 16952 16850
16464 16843 17010 16847
16267 16735 16959 16990
16567 16595 17287 16621
16587 16516 16879 16923
16708 16552 17053 16788
16634 16543 16990 16896
16457 16723 16886 17060
16005 16899 17089 16829
16862 16627 16833 16285
16853 16689 16828 16184
16993 16374 16977 16422
16787 16563 17032 16461
16296 16456 17487 16528
17054 16265 16742 16634
16815 16428 16755 16848
16553 16703 16703 16973
16367 16738 17334 16390
16678 16732 16954 16767
16476 16803 16984 16832
16280 16680 17008 16959
16513 16615 17324 16649
16676 16592 17000 16847
16631 16530 16772 16938
16762 16227 17281 16574
16867 16584 16846 16284
16812 16684 16827 16265
16999 16347 16950 16385
16843 16534 17004 16419
16287 16441 17423 16552
16834 16400 16782 16803
16559 16676 16676 16936
16331 16793 17391 16438
16478 16806 16985 16823
16498 16597 17299 16679
16622 16563 17217 16729
16707 16646 17006 16775
16455 16726 16837 17068
16802 16299 17211 16518
16854 16639 16797 16315
16986 16402 16901 16416
16857 16507 17002 16341
16534 16144 17306 16906
16783 16525 17030 16551
16801 16394 16789 16852
16561 16679 16677 16927
16685 16692 16968 16757
16484 16779 16958 16786
16230 16642 17024 16979
16729 16551 17038 16747
16635 16643 17212 16702
16078 16886 17099 16820
16852 16636 16796 16324
16992 16389 16902 16438
16559 16179 17260 16911
16293 16425 17405 16552
16825 16420 16775 16847
16253 16712 16796 17115
16554 16693 16728 16944
16415 16708 17456 16447
16628 16651 16966 16840
16486 16874 16956 16821
16260 16718 17012 16949
16591 16436 16876 16973
16633 16640 17211 16711
16669 16594 17044 16851
16076 16850 17122 16802
16840 16676 16822 16339
16925 16633 16778 16181
17040 16411 16885 16352
16768 16582 17115 16408
16572 16124 17309 16880
16306 16370 17454 16521
16774 16352 16746 16893
16548 16705 16700 16970
16315 16716 17373 16467
16618 16683 16969 16828
16276 16795 17030 16920
16620 16695 17162 16742
16694 16629 16998 16856
16451 16704 16834 17137
16655 16521 16764 16930
16063 16905 17073 16833
16760 16185 17292 16505
16846 16649 16795 16302
16935 16606 16768 16115
16984 16440 16913 16394
16721 16533 17156 16397
16593 16172 17288 16845
16774 16548 17086 16532
17144 16366 16682 16532
16768 16379 16773 16930
16576 16632 17001 16890
16246 16719 17042 16950
16505 16580 17233 16818
16548 16415 16839 17034
16715 16512 17067 16778
16426 16669 16880 17132
16640 16502 16799 16989
16785 16234 17247 16511
16848 16652 16796 16293
16920 16587 16803 16174
16591 16117 17297 16839
16235 16376 17522 16491
16915 16425 16677 16697
16724 16337 16814 16925
16345 16761 16763 17048
16322 16688 17449 16473
16580 16678 16931 16877
16538 16501 16872 17041
16710 16555 17054 16779
16565 16694 17190 16747
16636 16571 16975 16881
16473 16704 16850 17117
16770 16208 17283 16563
16826 16621 16852 16272
16981 16585 16856 16125
16977 16480 16899 16404
16802 16601 17135 16340
16578 16172 17248 16870
16209 16385 17537 16527
16750 16516 17088 16540
17139 16422 16639 16485
16909 16452 16704 16734
16603 16701 16717 16877
16549 16624 16925 16949
16231 16738 17016 16963
16543 16617 17215 16765
16551 16446 16921 17010
16590 16669 17218 16725
16642 16581 16938 16873
16437 16626 16855 17142
16658 16549 16753 17051
16017 16832 17087 16860
16973 16482 16888 16426
16611 16169 17226 16860
16184 16304 17504 16562
16940 16506 16710 16662
16773 16360 16858 16869
16590 16756 16668 16908
16492 16847 16929 16784
16538 16660 17202 16766
16733 16587 17007 16793
16617 16500 16905 16908
16415 16646 16827 17142
16074 16836 17060 16846
16822 16210 17256 16518
16818 16645 16878 16318
16600 16172 17264 16850
16242 16343 17464 16593
16756 16479 17130 16474
17099 16368 16720 16539
16916 16512 16701 16659
16584 16737 16684 16870
16417 16711 17457 16438
16578 16677 16891 16895
16283 16794 17032 16933
16499 16642 17235 16734
16586 16441 16921 16968
16708 16506 16974 16828
16636 16661 17180 16693
16647 16576 16893 16878
16087 16781 17109 16815
16796 16199 17268 16527
16797 16709 16867 16335
17031 16517 16836 16366
16820 16588 17163 16350
16575 16091 17231 16885
16206 16265 17469 16618
16758 16397 16820 16849
16307 16788 16832 17036
16578 16764 16711 16907
16392 16630 17424 16473
16579 16693 16851 16859
16470 16817 16985 16791
16501 16645 17236 16725
16560 16450 16936 17004
16584 16599 16947 16929
16393 16646 16811 17162
16130 16859 17095 16810
16803 16682 16840 16298
17016 16498 16871 16425
16267 16345 17434 16655
16787 16483 17107 16541
16887 16425 16786 16707
16745 16452 16771 16880
16417 16665 17378 16478
16571 16717 16877 16905
16295 16744 16976 16944
16514 16590 17285 16694
16535 16369 16903 17039
16735 16484 17003 16797
16630 16674 17179 16671
16542 16550 16937 16978
16128 16856 17094 16819
16134 17006 17174 16799
16104 16930 17186 16829
16709 16797 17244 16702
16675 16752 17176 16777
16114 17017 17036 16825
16573 16676 17181 16919
16595 16836 17033 16519
16029 16949 17081 16910
16339 16804 17043 16887
16886 16621 16999 16751
16271 16944 16859 16768
16643 16870 16881 16603
16802 16648 16941 16901
16758 16961 16802 16514
16148 16923 16739 16974
16477 16763 17053 16877
16199 16991 16768 16928
16705 16934 16786 16588
16318 16871 17065 16845
16134 16979 16796 16908
16827 16763 16877 16459
16724 16745 17294 16662
16676 16896 16883 16554
15849 17012 16740 16893
16733 16750 17037 16667
15801 17034 16649 16857
16831 16746 16816 16445
16506 16867 17132 16522
16525 16873 16793 16931
16641 16561 17272 16717
16683 16643 17182 16766
16463 16741 17171 16926
16085 16841 17030 16936
15793 16996 16730 16951
16127 16836 16809 16976
16474 16650 17230 16965
16189 16925 16631 16947
15949 16843 16704 17066
16678 16855 16870 16526
16688 16802 17037 16718
16558 16922 16841 16916
16580 16681 17221 16744
16625 16585 16983 17001
16492 16697 17129 16826
17055 16562 16865 16627
16110 17039 17105 16836
16749 16679 17221 16693
16152 16961 16718 16981
16228 16911 16847 16854
16596 16758 17239 16715
15944 16995 16647 16859
16844 16718 16785 16430
16486 16760 17280 16772
16725 16694 17150 16704
16673 16677 17265 16708
16470 16715 16932 17151
16514 16790 17260 16801
16087 16917 16789 16943
16566 16604 17065 16949
16075 16980 16743 17002
16523 16624 17112 16929
15909 17016 16609 16894
16548 16722 17171 16779
15991 17012 16581 16900
16657 16794 17110 16750
16655 16830 16855 16588
16450 16911 16868 16814
16524 16723 17268 16699
16135 16978 16690 17005
16459 16907 16913 16812
16163 16914 16804 16951
16057 16887 16787 17021
16553 16628 16947 16980
16683 16542 16902 17013
16016 16903 16779 16956
16517 16651 17139 16966
16149 16927 16846 16868
16434 16867 16953 16862
16526 16629 16857 17047
16522 16904 16924 16826
16332 16823 16786 17041
15876 16896 16654 17078
15825 17024 16580 16850
15819 17097 16714 16673
16301 16825 16870 17003
16087 16961 17073 16862
16335 17076 16894 16681
16508 16852 17221 16779
15692 17040 16583 16687
16154 16964 16627 16978
16609 16912 16831 16480
15905 16886 16673 17058
16675 16858 16798 16618
16543 16836 16927 16799
16532 16889 16766 16967
15851 16815 16621 17113
16464 16796 17188 16793
16301 16815 16859 17073
16489 16367 17269 16790
16451 16750 16913 17097
16599 16820 16998 16309
16444 16728 16936 17162
16089 16920 16790 16934
16158 16946 16642 16954
15969 16819 16599 17083
16446 16583 16627 17165
16129 16881 16606 17039
15924 16797 16663 17091
16724 16712 17024 16717
16477 16665 16932 17085
16434 16716 17000 17079
16151 16974 16566 16948
16474 16636 17373 16711
16167 16909 16676 16947
16335 16457 17396 16783
16165 16932 16590 17008
16289 16790 16791 17090
16780 16671 17014 16732
16156 16959 16824 16908
16569 16548 16879 17032
16511 16720 16933 17070
16677 16861 16799 16609
15801 17015 16746 16923
15757 17013 16693 16938
16362 16799 16985 17029
15755 17027 16609 16928
15724 17030 16614 16925
16046 16862 16717 17039
16245 16952 16693 16876
16221 16939 16771 16848
16709 16291 17139 16743
16787 16618 17001 16874
16452 16887 16860 16864
17007 16574 16818 16478
16899 16630 16888 16461
16677 16880 16828 16341
16754 16333 17121 16963
16666 16640 17102 16820
16114 16891 16760 17007
16771 16602 16928 16928
16773 16877 16703 16485
16411 16341 17257 16856
16463 16554 17010 17035
16457 16779 17111 16853
16243 16579 17470 16761
16865 16687 16786 16530
16506 16731 17197 16812
16639 16548 16958 16977
15911 16852 16614 17122
16632 16614 16623 17124
16667 16316 17140 16872
15875 16774 16619 17147
16569 16599 16936 17022
16104 16847 16609 17027
16140 16851 16557 17043
16165 16886 16511 17048
15900 16855 16652 17112
16154 16889 16549 17038
15912 16815 16626 17097
16449 16321 17260 16830
16333 16827 16753 17027
16560 16930 17006 16760
16538 16760 16953 17007
16161 16924 16641 16968
16151 16859 16579 17015
15991 16799 16627 17083
16654 16937 16829 16411
16891 16550 16827 16805
16149 16856 16578 17024
16027 16877 16622 17058
16200 16924 16607 16978
16002 16842 16668 17053
16077 16939 16730 16974
16166 16839 16606 17000
16015 16847 16629 17048
16179 16844 16567 16995
16468 16511 17023 17034
16169 16912 16677 16938
16213 16963 16797 16894
16014 16900 16778 16965
16162 16940 16601 16932
16967 16621 16827 16701
16986 16674 16795 16637
17013 16606 16742 16607
16598 16855 16766 16933
16956 16598 16823 16759
16165 16906 16767 16950
17065 16622 16665 16401
16150 16925 16741 16963
16152 16928 16742 16954
16622 16881 16752 16928
17074 16591 16722 16691
16040 16897 16746 16990
16038 16894 16745 16999
16806 16708 16708 16892
16095 16898 16718 16985
16842 16786 16703 16867
16507 16854 16812 16962
16844 16544 16991 16816
16709 16367 17108 16810
16605 16498 16883 17082
16144 16921 16762 16929
16933 16712 16571 16360
16571 16510 16983 17120
16411 16799 16864 17067
16825 16594 16925 16817
16158 16962 16825 16899
16693 16533 17093 16883
16824 16619 16906 16876
16213 16777 17089 16873
16840 16752 16790 16517
16147 16924 16845 16877
16421 16831 17041 16879
16544 16825 17097 16748
17012 16541 16828 16688
16806 16516 17065 16804
16577 16538 16956 17076
16226 16908 16846 16863
16946 16518 16781 16790
16177 16885 16802 16919
16202 16920 16756 16924
16536 16764 17154 16786
16479 16590 17143 16968
17117 16488 16547 16430
16588 16748 16926 16821
16831 16518 17035 16866
16484 16732 16964 16914
17077 16572 16609 16412
16815 16292 17046 16793
16565 16766 16868 16974
16381 16840 16937 16936
16667 16567 16863 17021
16992 16557 16937 16607
16766 16539 16962 16914
16678 16669 17155 16734
17102 16498 16513 16451
16587 16900 16333 16835
16780 16733 17227 16621
16631 16695 17328 16330
16536 16742 17027 16867
16608 16809 17223 16455
16587 16835 17268 16358
16383 16648 16971 17125
16638 16769 16791 16898
16600 16771 17274 16331
16705 16586 16786 16975
16709 16455 17049 16864
16730 16718 17267 16625
16716 16586 16638 17072
16723 16620 16726 16974
17099 16499 16679 16476
17075 16536 16632 16394
16427 16951 16850 16791
16609 16657 17150 16867
16914 16479 16919 16895
16403 16483 17048 17005
16822 16542 16998 16868
16235 16938 16814 16820
17101 16569 16528 16339
17122 16593 16560 16303
16555 16831 17255 16450
16660 16732 17216 16739
16264 16811 17102 16841
16817 16559 17095 16511
16945 16487 16889 16738
16735 16608 17117 16697
16633 16382 17072 16889
16361 16828 17027 16928
16625 16840 16955 16503
16602 16683 17214 16741
16219 16738 17018 16936
17114 16514 16577 16308
16379 16372 17238 16875
17124 16623 16597 16296
16419 16647 16903 17197
16587 16968 16762 16833
17080 16557 16650 16282
17134 16562 16479 16276
17181 16562 16502 16233
16556 16475 16848 17124
17156 16481 16469 16268
17150 16508 16496 16305
16693 16557 17149 16759
17148 16505 16495 16314
16770 16481 17116 16717
17135 16560 16446 16345
16465 16880 17131 16272
16633 16608 17143 16851
16634 16487 16879 17018
16636 16865 16851 16665
16629 16828 16851 16814
16494 16751 17290 16413
16529 16557 17358 16671
16623 16433 17302 16423
17116 16517 16578 16299
17128 16477 16552 16284
17115 16532 16503 16315
16730 16468 17083 16784
16779 16850 16676 16448
16582 16446 16894 17047
16849 16499 17081 16451
16820 16569 17025 16412
17074 16641 16543 16323
16832 16542 17069 16320
16804 16788 16788 16381
16771 16880 16773 16376
16067 15801 16626 17253
16767 16788 17178 16652
16921 16697 16425 16782
16861 16488 17036 16426
16279 16399 16622 17213
16069 15796 16636 17240
16745 16822 16256 16577
17128 16523 16579 16199
16944 16705 16708 16592
16483 16567 17135 16983
16547 16752 17218 16753
17141 16468 16628 16168
16733 16840 16391 16567
17135 16495 16655 16205
16686 16872 16408 16599
17133 16492 16654 16214
16874 16531 17131 16291
17120 16547 16605 16245
16327 16862 17132 16792
16728 16432 17106 16766
16875 16549 17246 16243
16063 15691 16657 17201
16845 16524 17048 16425
16657 16854 16408 16637
16563 16691 17189 16756
16673 16898 16808 16345
17093 16502 16699 16251
16152 15968 16547 17244
16645 16870 16299 16788
16595 16364 17117 16926
16060 15823 16552 17240
16616 16720 17054 16905
16136 16984 17076 16778
16841 16404 17091 16309
16766 16295 17112 16729
16191 16868 17217 16824
16832 16456 17069 16637
16030 15831 16575 17225
16426 16563 17162 16997
16808 16488 17075 16541
16785 16502 17179 16464
16820 16489 17094 16420
16767 16836 16822 16230
16481 16626 17120 16986
16506 16667 17338 16702
16229 16401 16623 17218
16424 16286 17306 16825
16160 15962 16497 17242
16465 16723 17302 16774
16217 15966 16470 17228
16533 16713 17337 16757
16235 16953 17188 16800
16635 16871 16936 16199
17082 16576 16502 16426
16525 16704 17148 16823
17033 16642 16428 16368
16167 15878 16479 17232
16580 16900 16955 16249
17045 16681 16429 16338
16127 15941 16486 17262
16693 16550 16675 17092
16678 16825 16749 16849
16172 16069 16503 17228
17009 16632 16468 16405
16616 16837 16803 16930
16989 16648 16556 16346
16198 16018 16381 17220
16592 16850 16899 16260
17040 16668 16514 16287
16192 16045 16408 17257
16147 16837 17251 16862
16824 16553 17087 16366
17032 16651 16516 16248
16141 15986 16463 17258
16584 16635 17131 16883
17000 16670 16600 16336
16261 16267 17242 16940
16136 15991 16508 17253
16110 16000 16523 17289
16123 16046 16459 17284
16769 16736 16666 16898
16080 16963 17117 16866
16066 16042 16486 17298
16102 16120 16481 17273
16971 16738 16653 16294
16115 16065 16530 17242
16840 16824 16872 16335
16118 16004 16480 17243
16788 16764 16652 16914
16352 16518 17010 17052
16749 16826 16835 16431
16784 16825 16822 16345
16720 16524 17315 16292
16603 16549 17362 16488
16960 16717 16570 16339
16836 16310 17056 16764
16965 16747 16546 16302
16993 16723 16520 16312
16558 16732 17157 16781
16999 16696 16493 16275
16748 16848 16820 16362
16745 16834 16834 16326
16962 16720 16571 16330
16263 16135 17297 16927
16281 16211 17230 16967
16083 16146 16433 17230
16763 16729 16698 16909
16547 16713 16950 17012
16671 16639 17068 16841
16352 16588 17072 17048
16276 16215 17292 16900
16708 16386 17061 16858
16177 16913 17239 16832
16770 16438 17070 16829
16020 16979 17134 16885
16654 16577 16728 17066
16618 16729 17334 16655
16325 16216 17312 16886
16142 16957 17049 16741
16460 16903 17018 16798
16698 16374 17125 16775
16451 16729 17021 16935
16684 16872 16857 16508
16282 16720 16991 16972
16551 16757 17273 16383
16459 16291 17281 16820
16274 16212 17291 16909
16880 16762 16627 16810
16050 16066 16563 17257
16916 16698 16390 16709
16923 16670 16466 16715
16300 16181 17358 16881
16975 16688 16733 16640
16673 16522 16877 17048
16317 16768 17051 16905
16933 16657 16396 16680
16493 16504 17017 17097
16873 16551 16976 16805
16925 16681 16422 16726
16926 16697 16382 16690
16382 16664 17060 17018
16380 16217 17311 16799
16777 16888 16753 16324
16286 16405 16596 17204
17016 16731 16392 16573
16273 16251 17197 16983
16721 16681 16942 16741
16790 16458 17097 16765
16884 16261 17012 16735
16808 16622 16994 16848
16893 16707 16676 16779
16585 16514 16930 17030
16820 16949 16748 16433
16859 16226 17058 16730
16916 16658 16531 16753
16505 16718 17141 16813
16846 16281 17009 16761
16747 16542 17029 16811
16146 16276 17020 17055
16829 16902 16745 16438
16705 16346 17031 16927
16830 16545 17003 16804
16857 16477 16991 16843
17006 16567 16854 16775
16888 16570 16941 16746
16691 16754 17144 16708
16876 16499 16916 16921
16283 16152 17199 16988
16374 16277 17279 16865
16770 16514 17092 16744
16737 16511 17272 16209
16984 16601 16824 16643
16480 16744 17201 16823
17025 16486 16877 16657
16776 16428 17250 16192
16326 16450 17093 17023
16332 16221 17332 16784
16768 16452 17276 16238
16566 16218 17362 16743
16743 16417 17287 16256
16641 16609 17295 16323
16732 16374 17281 16263
16734 16596 16978 16881
16452 16663 16962 17023
16257 16174 17179 17012
16995 16455 16898 16657
16887 16734 16703 16816
16743 16371 17243 16273
16745 16374 17244 16264
17081 16555 16616 16432
16770 16349 17272 16242
16320 16643 17337 16778
16244 16740 16988 16998
16828 16811 16714 16566
16831 16429 17237 16279
16302 16561 17312 16882
16480 16263 17169 17030
16497 16601 16629 17072
16656 16536 16706 17093
16509 16726 17136 16819
16709 16617 17132 16733
16492 16260 17154 17004
16797 16803 16787 16598
16576 16753 17302 16316
17069 16480 16862 16516
16868 16640 16892 16841
16184 15946 17091 17041
16526 16755 17303 16321
16405 16792 17284 16850
16665 16313 17139 16881
16659 16675 17158 16806
16652 16368 17090 16912
17083 16474 16659 16597
17094 16458 16645 16511
16966 16707 16480 16473
17003 16532 16894 16603
16599 16783 17267 16390
17035 16474 16925 16596
16696 16642 16697 17005
16794 16323 17237 16564
16411 16286 17261 16939
17065 16404 16920 16612
16651 16807 16896 16562
16546 16800 17260 16384
16564 16798 17236 16397
17046 16321 16711 16746
16711 16341 17298 16612
16693 16353 17338 16369
16622 16617 16664 17044
16567 16589 17006 16960
16829 16787 16793 16469
16677 16333 17491 16413
16531 16852 17210 16424
16544 16797 17259 16393
17084 16336 16771 16632
16580 16875 17254 16368
16712 16362 17048 16874
16680 16588 17044 16914
16644 16510 17049 16939
16746 16845 16819 16371
17154 16285 16793 16587
16544 16749 17289 16408
17100 16341 16689 16583
16477 16716 17017 16924
16460 16418 17038 17015
16786 16828 16823 16336
16290 16469 17451 16742
17116 16259 16711 16653
16597 16576 17389 16525
16179 16350 17482 16632
16597 16367 17118 16917
16334 16833 17063 16869
16865 16772 16829 16377
16060 16760 16997 16971
16364 16768 16918 16967
16892 16704 16624 16869
16740 16756 17175 16655
16355 16274 17284 16922
16233 16774 16993 16981
16654 16548 17085 16855
17097 16281 16820 16601
16638 16828 16420 16707
16323 16540 17428 16799
16192 16511 17441 16807
16302 16143 17354 16860
16657 16370 17327 16328
16865 16456 16875 16951
16687 16446 17315 16298
16667 16566 17164 16795
16706 16478 16916 16968
16571 16763 16956 16865
16744 16527 17096 16755
16786 16593 16824 16942
16687 16398 17316 16308
16686 16467 16926 17017
16584 16449 16895 17038
16630 16394 17343 16322
16983 16568 16951 16554
16680 16507 17305 16382
17101 16453 16881 16545
16255 16496 17438 16745
16821 16390 16879 16972
16822 16616 16905 16885
17107 16415 16800 16517
16323 16191 17333 16825
17100 16329 16717 16629
16733 16814 16451 16522
16441 16170 17346 16876
17133 16361 16666 16564
16952 16570 16890 16663
16276 16154 17359 16850
16679 16541 17125 16788
17171 16398 16685 16529
16751 16464 16854 16930
16628 16618 17031 16902
17008 16400 16947 16626
16502 16636 17262 16799
17108 16305 16691 16583
16726 16842 16375 16516
16691 16623 16811 16999
16986 16286 16983 16510
16350 16206 17296 16902
16768 16478 17115 16726
17001 16579 16802 16431
16996 16485 16901 16581
16981 16366 16961 16565
16381 16265 17269 16886
16317 16471 17336 16823
17124 16403 16674 16544
16747 16834 16327 16524
16003 16953 17162 16931
17127 16399 16587 16533
17022 16478 16793 16731
16741 16816 16365 16521
16998 16563 16921 16391
16747 16411 16809 17002
17112 16380 16622 16592
16749 16813 16661 16564
16931 16573 16900 16402
17020 16419 16379 16734
16688 16343 17410 16504
17013 16354 16947 16508
16722 16436 16781 17024
16659 16807 17093 16238
16707 16383 16799 17013
16617 16819 16919 16508
16291 16576 17352 16835
16724 16584 17042 16798
15967 16875 17167 16956
16952 16598 16865 16650
16988 16488 16987 16493
16982 16482 16743 16806
16637 16849 16364 16655
16472 16589 16989 17066
16724 16562 16612 17026
16667 16375 17318 16360
16580 16849 16906 16793
16848 16549 17006 16743
16768 16606 17021 16783
16659 16685 17066 16802
15957 16961 17200 16963
16573 16870 16982 16480
16546 16709 17129 16799
16679 16900 16332 16593
16946 16503 16987 16441
16520 16589 17117 16976
16740 16439 16596 16964
16716 16565 16674 16985
16955 16499 16825 16821
16708 16875 16725 16587
16833 16660 16621 16961
16625 16436 17303 16414
16926 16507 16816 16832
17008 16359 16656 16732
16694 16863 16370 16613
17149 16352 16761 16573
16788 16569 17004 16697
16458 16648 16997 17002
16406 16753 17172 16884
16790 16681 17024 16238
16906 16447 17024 16520
16932 16286 16968 16565
16924 16504 16815 16841
16436 16668 16969 17002
16672 16545 16704 17054
16523 16197 17325 16804
16720 16831 16354 16586
16616 16480 17239 16752
16852 16742 16737 16561
16945 16288 16966 16590
16732 16793 17178 16694
16734 16827 16305 16589
16633 16268 17262 16916
16858 16493 16951 16807
16579 16414 16860 17098
16715 16812 16300 16631
16882 16429 17029 16651
16699 16847 16324 16601
16472 16286 17253 16872
16391 16721 17327 16744
16835 16607 17128 16291
16953 16492 16963 16584
16413 16243 17265 16855
16767 16838 16281 16536
16462 16641 17157 16972
16343 16294 17243 16900
16580 16192 16795 17088
16810 16656 16931 16900
16524 16830 16869 16893
16499 16791 16923 16859
16496 16512 17184 16952
16452 16807 17282 16798
16871 16811 16703 16418
16425 16669 17264 16835
17058 16290 16630 16719
16963 16474 16870 16661
16389 16342 17259 16865
16226 16148 17226 17002
17010 16248 16663 16776
16594 16803 16923 16576
16451 16631 17237 16855
16268 16217 17220 16982
16560 16286 16677 17130
16798 16902 16356 16478
16281 16162 17269 16951
16597 16246 16641 17109
16957 16447 16789 16801
16270 16119 17228 16981
16610 16244 16643 17101
17066 16574 16724 16652
16617 16216 16719 17107
16574 16692 17141 16883
16658 16231 17322 16746
16849 16443 17051 16534
16529 16778 17199 16790
16707 16893 16773 16560
16612 16727 17109 16886
16542 16587 17036 16979
16570 16790 17088 16820
16249 16237 17252 16982
16533 16750 17039 16867
16539 16671 17318 16659
16592 16637 17215 16778
17093 16395 16747 16576
16613 16284 17270 16853
16188 16157 17287 16945
16213 16427 17444 16765
16818 16452 17083 16720
16433 16733 17204 16834
16555 16600 17188 16779
16603 16718 17253 16705
16830 16918 16705 16402
16952 16447 16903 16728
16434 16747 17158 16839
16896 16627 16895 16671
16970 16374 16865 16692
16432 16744 17157 16848
16068 16909 17113 16901
16569 16706 17290 16711
16066 16961 17087 16877
16738 16269 17283 16628
16812 16865 16787 16440
16558 16732 17188 16760
16575 16638 17177 16898
16683 16233 17292 16808
16414 16247 17293 16841
16515 16711 17122 16802
16559 16677 17264 16716
16471 16660 17127 16920
16115 16911 17045 16850
16845 16372 17061 16590
16608 16600 17153 16852
16638 16604 17075 16857
16637 16607 16698 17023
16570 16222 17301 16881
16475 16663 17362 16743
16587 16641 17235 16734
16623 16584 17071 16928
16651 16697 17237 16708
16109 16894 17099 16908
16767 16814 16745 16468
16559 16186 17334 16846
16534 16688 17147 16798
16615 16572 17073 16866
16601 16604 17043 16928
16603 16535 17190 16783
16270 16830 17081 16853
16759 16838 16771 16514
16550 16796 16941 16789
16490 16737 17177 16820
16570 16601 17217 16751
16597 16582 16710 17039
16835 16463 17015 16520
16560 16821 17088 16772
16464 16739 17125 16843
16644 16617 16680 17024
16800 16525 17139 16536
16803 16776 16760 16561
16800 16784 16852 16532
16541 16658 17228 16793
16771 16588 16949 16897
16174 16768 17077 16904
16772 16285 17289 16584
16603 16821 16909 16854
16557 16649 17369 16618
16498 16106 17369 16809
16251 16856 17206 16853
16758 16245 17242 16589
16536 16142 17374 16773
17093 16205 16828 16550
16478 16769 17032 16838
16700 16600 17060 16772
16525 16799 17082 16785
16532 16590 17179 16927
16641 16563 17080 16871
16820 16337 17107 16585
16525 16761 16966 16876
16699 16670 17032 16821
16750 16229 17257 16613
16852 16747 16657 16435
16472 16633 17372 16720
16470 16562 17167 16969
16646 16605 17071 16829
16680 16535 17081 16844
16660 16564 16702 17030
16929 16583 16866 16672
17066 16379 16889 16488
16833 16523 17029 16546
17059 16255 16738 16667
16547 16578 17390 16530
16484 16757 17140 16822
16528 16565 17091 16930
16635 16475 17070 16908
16790 16226 17295 16564
16890 16740 16823 16408
17071 16377 16893 16575
16819 16658 16971 16810
17018 16341 16956 16446
17129 16204 16760 16622
16593 16648 17301 16690
16677 16716 16994 16803
16602 16487 17110 16878
16878 16645 16892 16459
16960 16302 16996 16415
16877 16493 17067 16406
17154 16239 16714 16627
16565 16561 17372 16531
16749 16698 17017 16705
16638 16565 17105 16853
16847 16730 16873 16305
16996 16380 16991 16390
17118 16161 16719 16652
16475 16710 17090 16899
16555 16690 17382 16646
16580 16642 17059 16930
16613 16484 17072 16888
16460 16651 16998 16993
16681 16265 17310 16642
16971 16345 17037 16385
17105 16216 16670 16683
16555 16667 17031 16952
16685 16666 17143 16770
16743 16621 17097 16711
16465 16608 17011 16992
16958 16400 16988 16416
16681 16230 17291 16817
17054 16148 16641 16729
16462 16509 17399 16568
16927 16408 17022 16456
16583 16167 17350 16850
16825 16413 17074 16609
17090 16226 16636 16704
16923 16746 16865 16216
16519 16612 17387 16671
16827 16416 17075 16600
16529 16736 17053 16876
16274 16805 17069 16866
16846 16777 16706 16406
16376 16391 17438 16644
16819 16379 17099 16655
17109 16267 16674 16626
16479 16738 17054 16881
16276 16808 17070 16857
16034 16981 17164 16874
16897 16845 16735 16360
16844 16412 17068 16597
17107 16264 16673 16635
16388 16692 17361 16554
16276 16794 17103 16838
16281 16765 17083 16856
16549 16468 16987 16985
16876 16769 16791 16387
17102 16307 16660 16636
16489 16760 17093 16838
16713 16545 17109 16741
16834 16806 16783 16351
17108 16280 16633 16599
16390 16650 17398 16555
16300 16748 17062 16891
16288 16736 17014 16933
16910 16425 16992 16466
16791 16591 17034 16408
16416 16089 17313 16911
16840 16567 16905 16862
16285 16830 17009 16951
16781 16566 17043 16579
17085 16339 16683 16650
16723 16688 17236 16729
16814 16569 17021 16535
16512 16164 17278 16906
16799 16538 16873 16911
16426 16700 17357 16509
16283 16812 16977 16961
16887 16657 16854 16238
16525 16109 17327 16875
16482 16758 16840 17065
16422 16774 17016 16867
16706 16557 17074 16747
16866 16676 16973 16486
16936 16370 17004 16436
16561 16187 17322 16850
16795 16543 17026 16572
16374 16768 16904 17002
16372 16713 17339 16472
16624 16696 17028 16859
16464 16843 17010 16847
16708 16552 17053 16788
16457 16723 16886 17060
16993 16374 16977 16422
16787 16563 17032 16461
16296 16456 17487 16528
17054 16265 16742 16634
16816 16629 16904 16863
16367 16738 17334 16390
16682 16758 17150 16768
16507 16826 17016 16842
16280 16680 17008 16959
16923 16588 17014 16306
16999 16347 16950 16385
16331 16793 17391 16438
16785 16664 17007 16835
16455 16726 16837 17068
16802 16299 17211 16518
16857 16507 17002 16341
16534 16144 17306 16906
16791 16545 17033 16757
16685 16692 16968 16757
16729 16551 17038 16747
16333 16428 17450 16562
16415 16708 17456 16447
16628 16651 16966 16840
16486 16874 16956 16821
16260 16718 17012 16949
16669 16594 17044 16851
16943 16774 16808 16246
17045 16482 16909 16587
16572 16124 17309 16880
16329 16487 17456 16532
16315 16716 17373 16467
16276 16795 17030 16920
16694 16629 16998 16856
16593 16172 17288 16845
17144 16366 16682 16532
16246 16719 17042 16950
16505 16580 17233 16818
16715 16512 17067 16778
16816 16244 17363 16516
16591 16117 17297 16839
16235 16376 17522 16491
16356 16816 16831 17068
16322 16688 17449 16473
16710 16555 17054 16779
16565 16694 17190 16747
16473 16704 16850 17117
16981 16585 16856 16125
16802 16601 17135 16340
16209 16385 17537 16527
17139 16422 16639 16485
16578 16628 16932 16953
16231 16738 17016 16963
16658 16549 16753 17051
16184 16304 17504 16562
16535 16849 16973 16795
16538 16660 17202 16766
16822 16210 17256 16518
16417 16711 17457 16438
16283 16794 17032 16933
16804 16229 17332 16541
16820 16588 17163 16350
16420 16630 17425 16478
16584 16599 16947 16929
17016 16498 16871 16425
16787 16483 17107 16541
16476 16666 17384 16518
16691 16224 17254 16822
16322 16329 17430 16654
16299 16812 16858 17082
16439 16645 17406 16478
16269 16753 16991 16980
16680 16508 16643 17097
16748 16157 17301 16584
16239 16677 17003 17010
16537 16668 17317 16668
16804 16565 17237 16243
16515 16865 17052 16703
16125 16941 17035 16808
16623 16192 17271 16818
16585 16822 16969 16655
16753 16502 16535 16999
16741 16203 17251 16620
16868 16577 17170 16237
16738 16483 16570 17058
16833 16736 16850 16422
16881 16522 17219 16206
16475 16667 17393 16456
16389 16731 16942 17022
16590 16644 17214 16755
16615 16619 17242 16733
16730 16507 16596 17104
16409 16763 16887 17049
16509 16711 17349 16404
16482 16745 16983 16877
16383 16761 16945 16946
16743 16526 16518 17024
16761 16208 17295 16602
16833 16500 17236 16292
16370 16763 16943 16954
16544 16625 17257 16746
16788 16474 16518 16973
16781 16250 17258 16566
16820 16555 17187 16323
16795 16416 17146 16457
16389 16816 16911 16890
16536 16605 17214 16802
16843 16740 16800 16451
16795 16474 17154 16358
16718 16531 16835 16944
16425 16587 17438 16477
16591 16630 16868 16907
16798 16479 16838 16956
16831 16552 17149 16333
16668 16285 17242 16848
16708 16481 16917 16959
16573 16819 17090 16764
16383 16799 16924 16908
16535 16617 17233 16786
16780 16465 16568 16992
16183 16960 16995 16721
16825 16533 17165 16295
16418 16627 17424 16487
16474 16875 17013 16745
16543 16673 17215 16762
16409 16635 16967 17114
16752 16232 17258 16604
16867 16582 17175 16246
16535 16847 16928 16844
16884 16735 16912 16249
16832 16550 17147 16290
16689 16206 17265 16771
16336 16720 17355 16749
16441 16787 16966 16862
16889 16554 17120 16276
16676 16261 17216 16802
16478 16843 16955 16858
16513 16679 16920 17042
16780 16425 16591 16962
16956 16512 17114 16254
16573 16671 16663 16940
16440 16546 17405 16524
16551 16780 16924 16883
16580 16703 17252 16721
16695 16262 17333 16718
16905 16444 17085 16300
16552 16204 17305 16816
16507 16538 17401 16521
16584 16774 16956 16764
16409 16786 16931 16882
16722 16742 17293 16671
16796 16347 16504 16977
16744 16292 17340 16570
16884 16702 16936 16222
16892 16499 17036 16331
16588 16282 17300 16791
16566 16851 16905 16865
16422 16784 16933 16874
16541 16740 16882 16979
16785 16304 16463 17007
16112 16981 17059 16807
16788 16250 17377 16561
16911 16549 17013 16336
16594 16255 17273 16754
16490 16793 16899 16869
16364 16750 16985 16934
16680 16583 16932 16980
16784 16586 16951 16889
16579 16787 16816 16905
16807 16393 16434 16973
16835 16679 16892 16278
16940 16537 16969 16373
16678 16259 17265 16776
16520 16869 16887 16839
16688 16488 16886 16944
16118 17015 17079 16790
16963 16407 16954 16528
16898 16507 16981 16341
16348 16765 17046 16908
16682 16515 16913 16981
16814 16753 16914 16267
16262 16703 17034 16960
16680 16512 16912 16990
16666 16798 16855 16803
16774 16153 17344 16571
16779 16744 16907 16298
16915 16571 17016 16267
16656 16228 17321 16755
16270 16759 17016 16936
16754 16742 17242 16657
16633 16746 16874 16815
16213 16747 17061 16912
16725 16130 17300 16627
16842 16783 16859 16307
16925 16499 16990 16271
16684 16232 17238 16739
16621 16698 16942 16835
16215 16742 17071 16899
16817 16647 16830 16870
16869 16738 16616 16936
16738 16210 17295 16600
16853 16797 16843 16261
16910 16480 17025 16330
16686 16235 17239 16730
16233 16789 17060 16874
16863 16450 16964 16806
16812 16573 16919 16907
16630 16749 16894 16870
16736 16207 17294 16609
16866 16742 16892 16230
16914 16502 17028 16261
16707 16171 17250 16713
17077 16448 16662 16580
16220 16791 17058 16882
16751 16682 17222 16684
16587 16773 16917 16857
16835 16663 16622 16952
16881 16548 17113 16286
16701 16198 17277 16750
16757 16655 17195 16647
16827 16562 16986 16814
16797 16540 17028 16806
16085 16958 17072 16871
16764 16294 17327 16570
16921 16743 16864 16225
16922 16553 17114 16205
16699 16195 17276 16759
16158 16763 17046 16924
16744 16710 17146 16678
16814 16617 16937 16845
16778 16602 16862 16928
16686 16250 17227 16790
16742 16707 17145 16687
16524 16802 16895 16914
16955 16734 16782 16231
16908 16575 17113 16242
16664 16303 17271 16812
16680 16820 16759 16836
16570 16769 16928 16866
16390 16818 16818 16937
16646 16521 16994 16984
16838 16564 16904 16871
16838 16410 17054 16741
16526 16805 16896 16905
16957 16737 16783 16222
16440 16816 16817 16932
16703 16583 16785 16984
16884 16446 16903 16916
16801 16296 17313 16556
16900 16733 16810 16236
16955 16570 17033 16189
16644 16194 17304 16764
16193 16390 17329 16851
16851 16375 17023 16723
16464 16771 16842 16984
16757 16322 17251 16564
16887 16788 16761 16267
17022 16528 17027 16167
16697 16596 16784 16962
16670 16181 17300 16753
16334 16717 17354 16758
16826 16618 16985 16800
16699 16599 16785 16953
16913 16811 16781 16224
16961 16448 17062 16130
16565 16872 16824 16756
16609 16677 17159 16811
16825 16352 17072 16618
16064 16949 17212 16868
16926 16830 16703 16144
16994 16482 16900 16590
16997 16526 17057 16105
16603 16223 17306 16775
16264 16801 17255 16822
16564 16856 16864 16792
16474 16933 16784 16820
16531 16597 17003 16959
16666 16681 17132 16797
16671 16595 16868 16969
16809 16272 17287 16510
16933 16802 16779 16150
16949 16519 17115 16100
16454 16719 17233 16817
16375 16644 17309 16773
16692 16672 17117 16761
16684 16540 16917 16938
16822 16217 17336 16479
16945 16771 16698 16123
16937 16540 17139 16133
16637 16789 16868 16765
16172 16872 17205 16867
16709 16621 16950 16903
16091 16985 17137 16860
16917 16814 16704 16119
16899 16479 17143 16135
16670 16239 17215 16844
16638 16805 16828 16729
16436 16939 16910 16752
16622 16687 17123 16784
16834 16713 16690 16919
16814 16241 17362 16525
17086 16768 16651 16121
16941 16528 17153 16086
16683 16184 17264 16813
16478 16978 16929 16688
17018 16750 16614 16158
17030 16492 16875 16608
16947 16501 17126 16049
16708 16219 17218 16818
16472 17017 16905 16727
16121 16990 17214 16785
16995 16734 16654 16164
16934 16556 17077 16080
16672 16141 17223 16843
16640 16841 16775 16636
16466 16940 16963 16676
16647 16693 17013 16808
16786 16588 17020 16758
16809 16432 17063 16737
16754 16660 17030 16768
16993 16731 16653 16173
16659 16196 17174 16874
16607 16887 16860 16661
16185 16817 17254 16836
16784 16585 17019 16767
16736 16691 16960 16740
16090 16986 17237 16718
16718 16301 17355 16606
16968 16756 16625 16195
16942 16528 17035 16077
16594 16889 16858 16669
16480 16609 17346 16674
16637 16545 16957 16986
16763 16649 17008 16784
16849 16460 17010 16688
16752 16683 16882 16659
16077 16988 17235 16726
16746 16295 17341 16561
16928 16555 17037 16155
16638 16270 17196 16863
16656 16877 16804 16588
16438 16931 16938 16706
16824 16425 17056 16683
16723 16744 16913 16698
16724 16264 17397 16540
16990 16543 16983 16074
16665 16830 16801 16593
16142 16803 17108 16876
16825 16610 16994 16769
16888 16505 16883 16769
16752 16684 16836 16671
16496 16811 16771 16992
16060 16910 17249 16748
16781 16268 17370 16526
16973 16703 16710 16143
16981 16545 16983 16090
16672 16294 17151 16954
16396 16933 16978 16640
16140 16800 17107 16885
16648 16524 16995 16975
16837 16570 16968 16754
16890 16508 16884 16760
16816 16449 17082 16729
16743 16667 16878 16735
16546 16809 16770 16987
16794 16213 17419 16495
16961 16743 16736 16158
17037 16516 16955 16048
16705 16266 17163 16936
16735 16691 16904 16781
16350 17024 16944 16641
16170 16876 17095 16855
16535 16672 17324 16729
16654 16497 16968 16938
16859 16601 16912 16775
16566 16811 16778 16962
16819 16750 16652 16899
16070 16922 17185 16831
16836 16262 17429 16446
17058 16680 16758 16171
17041 16492 16879 16019
16689 16810 16647 16613
16522 16727 17275 16760
16797 16646 16960 16811
16681 16678 16959 16772
16842 16235 17402 16409
16968 16735 16654 16162
17037 16562 16944 16138
16731 16233 17159 16900
16425 17029 16956 16637
16176 16852 17093 16886
16590 16484 16890 17015
16702 16753 16934 16807
16016 16898 17211 16900
16829 16290 17353 16440
17033 16698 16664 16118
17094 16488 16905 16071
16722 16205 17184 16843
16544 16590 17037 16970
16618 16734 16957 16796
16843 16252 17321 16366
16680 16186 17164 16874
16782 16819 16654 16515
16215 16787 17068 16906
16587 16473 16917 17002
16565 16526 17048 16953
16744 16380 17084 16770
16620 16737 16958 16787
16839 16276 17397 16395
17028 16451 16766 16694
17089 16472 16930 16136
16693 16131 17213 16843
16453 16986 16950 16641
16160 16775 17075 16915
16456 16722 17234 16808
16919 16547 16802 16842
16723 16444 17073 16787
16631 16759 17002 16777
16778 16196 17432 16358
17046 16722 16642 16161
17016 16491 16792 16709
17044 16449 16936 16129
16672 16195 17202 16860
16324 16702 17224 16952
16461 16679 17247 16807
16942 16554 16776 16852
15896 16881 17235 16926
16808 16272 17420 16328
17045 16471 17008 16109
16314 17058 16988 16596
16117 16754 17038 16976
16950 16555 16729 16810
16651 16685 16905 16853
16628 16799 16724 16881
15932 16959 17230 16901
16766 16280 17492 16427
17031 16695 16663 16127
16959 16450 16790 16792
16312 17022 17011 16578
16143 16745 17023 16940
16461 16726 17283 16760
16521 16498 17003 17052
15878 16894 17207 16916
17032 16468 16957 16150
16297 16350 17455 16587
16775 16772 16843 16577
16314 17025 17012 16569
16133 16831 17056 16947
16456 16769 17270 16761
16671 16553 17065 16883
16945 16525 16731 16835
16636 16722 16867 16833
16572 16855 16727 16960
15939 16974 17172 16953
16797 16225 17429 16457
17019 16523 16908 16181
16777 16775 16844 16568
16562 17036 16992 16554
16130 16791 17095 16912
16454 16766 17269 16770
16490 16494 17026 16985
16818 16491 17046 16725
15977 16909 17110 16954
16740 16221 17456 16471
16984 16675 16620 16174
16686 16127 17189 16868
16339 16401 17423 16525
16356 17076 16980 16507
16046 16760 17106 16946
16622 16530 17021 16939
16885 16550 16803 16866
16803 16528 17008 16705
16688 16719 16838 16890
16537 16823 16737 16942
15941 16831 17115 16979
16776 16299 17451 16446
17010 16644 16647 16186
17024 16564 16942 16146
16081 16755 17106 16904
16497 16512 16983 17032
16832 16456 16965 16861
16635 16744 16849 16875
16543 16810 16738 16964
15995 16896 17138 16964
16499 17093 16944 16590
16477 16584 16944 17071
16694 16508 17048 16934
16820 16496 16991 16876
16828 16504 16748 16902
16595 16754 16884 16891
16476 16819 16814 16938
15970 16861 17184 16959
16989 16442 16757 16796
16989 16540 16961 16224
16298 16433 17450 16604
16798 16701 16822 16579
16450 17021 16935 16684
16106 16757 17076 16966
16700 16481 17021 16897
16841 16432 17002 16859
16499 16775 16813 16926
16006 16939 17179 16934
17077 16694 16757 16148
16945 16542 16984 16236
16642 16156 17187 16889
16296 16430 17449 16613
16813 16668 16821 16580
16132 16748 17061 16930
16472 16774 17226 16804
16736 16559 17016 16872
16802 16517 16752 16913
15945 16859 17214 16897
16960 16458 16767 16776
16990 16477 16949 16189
16800 16723 16772 16611
16348 17021 16943 16650
16134 16751 17062 16921
16505 16583 16974 17065
16692 16561 17039 16884
15987 16908 17224 16848
16675 16297 17514 16395
16958 16455 16766 16785
17038 16499 16932 16103
16582 16260 17235 16940
16504 16697 17166 16825
16704 16511 16983 16895
16863 16570 16775 16866
16677 16300 17515 16386
16137 16746 17084 16918
16506 16700 17167 16816
16499 16497 17013 17011
16686 16450 16973 16938
16804 16513 17064 16813
16581 16806 16868 16900
16007 16855 17220 16866
17107 16694 16629 16132
17055 16442 16992 16050
16636 16117 17207 16885
16301 17016 16939 16712
16112 16665 17051 16953
16476 16680 17192 16861
16477 16517 16985 17011
16791 16568 17015 16844
16607 16793 16864 16889
15965 16806 17210 16915
17153 16669 16709 16062
17047 16466 17018 16096
16102 16751 17084 16960
16481 16516 16984 17029
16805 16505 16984 16891
15987 16837 17154 16936
16753 16222 17510 16304
17084 16656 16698 16122
17017 16390 17030 16126
16840 16712 16758 16552
16381 17020 16869 16685
16100 16715 17107 16942
16736 16554 16904 16938
16889 16444 16965 16890
16592 16838 16901 16854
15962 16756 17121 16971
16747 16249 17537 16341
16945 16530 16790 16777
17019 16393 17031 16117
16801 16677 16811 16524
16463 16809 17192 16804
16023 16836 17086 17008
16705 16200 17527 16390
16964 16583 16758 16713
16972 16318 17079 16259
16831 16753 16799 16494
16470 16514 17024 17025
16672 16584 16867 16942
16920 16512 16861 16760
16550 16789 16891 16903
16024 16825 17101 16973
16936 16579 16841 16729
17021 16458 17045 16107
16815 16680 16848 16501
16426 16763 17131 16850
16421 16447 17066 16998
16675 16615 16949 16918
16925 16469 16874 16759
16003 16889 17090 16990
16730 16202 17497 16452
16773 16311 17069 16922
16802 16735 16799 16532
16493 16945 16928 16689
16480 17000 16879 16720
16434 16452 17027 16993
16679 16556 16943 16948
16927 16472 16875 16750
16017 16883 17068 16966
16717 16257 17448 16483
17120 16715 16794 16087
16955 16596 16829 16659
17064 16425 17000 16111
16215 16851 17030 16871
16691 16516 16917 16933
16878 16401 16924 16920
16552 16792 16892 16894
16053 16961 17063 16941
17162 16633 16797 16012
17028 16347 17005 16136
16418 16660 17193 16864
16524 16561 16908 17023
16716 16565 16872 16939
16965 16452 16864 16723
16557 16749 16905 16893
16932 16560 16866 16679
17030 16350 17006 16127
16706 16258 17131 16922
16217 16790 17069 16897
16511 16556 16947 17028
16686 16489 16884 16969
17023 16486 16812 16663
16614 16753 16878 16879
16035 16924 17065 16932
16776 16194 17459 16420
17008 16319 17062 16106
16411 16937 16940 16690
16212 16773 17143 16899
16476 16655 17209 16842
16688 16492 16885 16960
16823 16393 16880 16963
17020 16457 16810 16719
16627 16698 16927 16848
16060 16921 17077 16931
16758 16259 17456 16432
16987 16383 17051 16123
16252 16763 17098 16862
16501 16736 17242 16807
16448 16579 17001 17079
16714 16461 16912 16972
16836 16338 16929 16932
17033 16476 16732 16639
16622 16741 16914 16849
16078 16894 17022 16925
16722 16181 17461 16457
16904 16570 16896 16648
16985 16380 17050 16132
16797 16687 16889 16489
16450 16668 17213 16853
16435 16634 16952 17110
16688 16470 16927 17008
16872 16416 16924 16907
16620 16738 16913 16858
16042 16816 17027 16950
16724 16217 17438 16475
16900 16508 16868 16669
16487 16961 16884 16617
16437 16593 16939 17082
16897 16391 16952 16885
17013 16511 16757 16654
16024 16881 17024 16962
16722 16214 17437 16484
16979 16409 17035 16156
16498 16983 16928 16607
16392 16673 17197 16875
16488 16661 16968 17036
16571 16715 16869 16914
16022 16878 17023 16971
16709 16269 17388 16515
16893 16505 16871 16697
16981 16412 17036 16147
16683 16286 17135 16936
16815 16756 16778 16495
16512 16959 16923 16579
16478 16735 17209 16823
16427 16581 17003 16999
16619 16460 16869 17058
16830 16384 16895 16926
16584 16795 16864 16887
16652 16265 17415 16529
16895 16508 16872 16688
16968 16332 17041 16174
16798 16725 16886 16563
16491 17023 16912 16596
16448 16659 17221 16853
16457 16657 16991 16969
16621 16463 16870 17049
16809 16448 16884 16943
17026 16553 16789 16649
16554 16719 16876 16917
16654 16268 17416 16520
17151 16571 16759 16018
16908 16453 16921 16657
16998 16408 17029 16144
16253 16493 17437 16754
16806 16701 16860 16517
16501 16999 16893 16563
16398 16605 17030 16993
16752 16444 16911 16957
16970 16582 16817 16691
16556 16722 16877 16908
16683 16251 17451 16501
17136 16552 16794 16077
16944 16531 16916 16632
17046 16411 16990 16139
16637 16154 17220 16859
16558 17076 16850 16596
16242 16821 17227 16822
16730 16464 16883 16957
16561 16679 16890 16907
16066 16906 17112 16910
16629 16266 17446 16458
17085 16484 16765 16123
16942 16528 16915 16641
17016 16335 17002 16169
16673 16232 17215 16834
16808 16696 16870 16504
16438 16686 17188 16886
16694 16386 16888 16982
16597 16757 16885 16882
16771 16739 16667 16889
16627 16263 17445 16467
17121 16562 16760 16098
17010 16362 17029 16206
16815 16668 16946 16510
16555 17064 16916 16548
16413 16651 17234 16881
16354 16591 17073 17039
16544 16515 16874 17139
16745 16454 16917 16936
16988 16571 16788 16602
16749 16708 16723 16868
16073 16866 17126 16900
17090 16639 16806 16117
16904 16548 16912 16667
17008 16359 17028 16215
16262 16460 17463 16762
16568 17009 16965 16517
16443 16727 17222 16851
16366 16551 17047 17024
16720 16373 16884 16971
16990 16574 16789 16593
16617 16785 16828 16912
16737 16748 16749 16883
16795 16724 16666 16904
16675 16263 17415 16531
16906 16551 16913 16658
16995 16414 16979 16246
16423 16555 17020 17010
16560 16592 16892 17110
16756 16451 16879 16946
16958 16571 16838 16613
16623 16758 16801 16875
16725 16668 16804 16884
16025 16864 17091 16960
16677 16266 17416 16522
16997 16600 16793 16134
16919 16496 16962 16627
16984 16400 16995 16292
16645 16237 17181 16889
16512 17038 16993 16559
16412 16724 17215 16866
16387 16477 17025 17035
16511 16525 16934 17083
16731 16416 16925 16941
16625 16761 16802 16866
16761 16746 16799 16859
16635 16197 17422 16542
16976 16500 16935 16613
16986 16403 16996 16283
16341 16430 17369 16746
16247 16870 17156 16784
16375 16517 17051 17050
16561 16523 16933 17078
16778 16451 16895 16926
16736 16665 16766 16894
16000 16829 17137 16955
16630 16240 17409 16543
16934 16431 16941 16633
16928 16360 17042 16268
16557 16226 17238 16928
16347 16547 17324 16793
16445 17031 16936 16600
16245 16867 17155 16793
16450 16718 17219 16841
16776 16448 16894 16935
16640 16724 16840 16886
16826 16654 16738 16779
16761 16700 16720 16899
16051 16897 17166 16909
16628 16237 17408 16552
17069 16637 16733 16181
16921 16486 16892 16664
16902 16369 17057 16304
16544 16281 17189 16959
16495 17029 16935 16595
16420 16642 17231 16871
16362 16528 17088 16998
16638 16721 16839 16895
16828 16657 16739 16770
16719 16652 16764 16905
16052 16913 17126 16873
16670 16306 17402 16532
17041 16616 16762 16173
16898 16478 16920 16635
16985 16364 17015 16254
16534 16311 17122 16942
16459 16951 16940 16620
16205 16877 17200 16830
16407 16697 17182 16902
16305 16524 17115 17012
16988 16633 16782 16609
16821 16656 16735 16776
16793 16694 16750 16837
16044 16937 17152 16919
16940 16547 16914 16615
16998 16309 17064 16223
16484 17032 16973 16585
16207 16880 17201 16821
16350 16693 17209 16916
16300 16567 17102 17013
16982 16660 16809 16646
16694 16692 16811 16853
16809 16696 16761 16791
16827 16738 16706 16785
16057 16882 17201 16888
16685 16254 17452 16492
16332 16637 17300 16852
16442 16983 16963 16634
16165 16811 17207 16841
16298 16564 17101 17022
16505 16453 16984 17062
16679 16358 16795 17029
16696 16695 16812 16844
16815 16669 16734 16754
16819 16762 16732 16831
16882 16683 16665 16905
16035 16902 17173 16888
16706 16190 17463 16475
16947 16237 17046 16294
16481 16279 17126 17016
16437 17026 16950 16635
16216 16879 17236 16795
16263 16622 17259 16915
16355 16568 17074 17008
16554 16520 16942 17089
16704 16439 16828 16994
16721 16670 16840 16822
16872 16673 16707 16740
16858 16741 16655 16767
16884 16686 16666 16896
16083 16905 17134 16883
16693 16245 17414 16506
16941 16519 16941 16603
16998 16305 17075 16248
16494 16224 17175 16985
16277 16586 17284 16904
16435 17023 16949 16644
16239 16881 17175 16729
16293 16698 17247 16885
16319 16490 17079 17033
16134 17006 17174 16799
16104 16930 17186 16829
16709 16797 17244 16702
16675 16752 17176 16777
16114 17017 17036 16825
16573 16676 17181 16919
16595 16836 17033 16519
16029 16949 17081 16910
16339 16804 17043 16887
16886 16621 16999 16751
16271 16944 16859 16768
16643 16870 16881 16603
16802 16648 16941 16901
16758 16961 16802 16514
16148 16923 16739 16974
16477 16763 17053 16877
16199 16991 16768 16928
16705 16934 16786 16588
16318 16871 17065 16845
16134 16979 16796 16908
16825 16662 16817 16456
16724 16745 17294 16662
16676 16896 16883 16554
15849 17012 16740 16893
16733 16750 17037 16667
15801 17034 16649 16857
16831 16746 16816 16445
16506 16867 17132 16522
16525 16873 16793 16931
16641 16561 17272 16717
16683 16643 17182 16766
16463 16741 17171 16926
16085 16841 17030 16936
15793 16996 16730 16951
16127 16836 16809 16976
16474 16650 17230 16965
16189 16925 16631 16947
15949 16843 16704 17066
16678 16855 16870 16526
16688 16802 17037 16718
16558 16922 16841 16916
16580 16681 17221 16744
16625 16585 16983 17001
16492 16697 17129 16826
17055 16562 16865 16627
16110 17039 17105 16836
16749 16679 17221 16693
16152 16961 16718 16981
16228 16911 16847 16854
16596 16758 17239 16715
15944 16995 16647 16859
16844 16718 16785 16430
16486 16760 17280 16772
16725 16694 17150 16704
16673 16677 17265 16708
16470 16715 16932 17151
16514 16790 17260 16801
16087 16917 16789 16943
16566 16604 17065 16949
16075 16980 16743 17002
16523 16624 17112 16929
15909 17016 16609 16894
16548 16722 17171 16779
15991 17012 16581 16900
16657 16794 17110 16750
16655 16830 16855 16588
16450 16911 16868 16814
16524 16723 17268 16699
16135 16978 16690 17005
16459 16907 16913 16812
16163 16914 16804 16951
16057 16887 16787 17021
16553 16628 16947 16980
16683 16542 16902 17013
16016 16903 16779 16956
16517 16651 17139 16966
16149 16927 16846 16868
16434 16867 16953 16862
16526 16629 16857 17047
16522 16904 16924 16826
16332 16823 16786 17041
15876 16896 16654 17078
15825 17024 16580 16850
15819 17097 16714 16673
16301 16825 16870 17003
16087 16961 17073 16862
15854 17045 16770 16618
16422 16808 17106 16620
15692 17040 16583 16687
16154 16964 16627 16978
16609 16912 16831 16480
15831 17059 16697 16608
15905 16886 16673 17058
16675 16858 16798 16618
16543 16836 16927 16799
16532 16889 16766 16967
15851 16815 16621 17113
16464 16796 17188 16793
16301 16815 16859 17073
16489 16367 17269 16790
16451 16750 16913 17097
16599 16820 16998 16309
16444 16728 16936 17162
16089 16920 16790 16934
16158 16946 16642 16954
15969 16819 16599 17083
16446 16583 16627 17165
16129 16881 16606 17039
15924 16797 16663 17091
16724 16712 17024 16717
16477 16665 16932 17085
16434 16716 17000 17079
16151 16974 16566 16948
16474 16636 17373 16711
16167 16909 16676 16947
16329 16423 17373 16712
16165 16932 16590 17008
16289 16790 16791 17090
16780 16671 17014 16732
16156 16959 16824 16908
16569 16548 16879 17032
16511 16720 16933 17070
16677 16861 16799 16609
15801 17015 16746 16923
15757 17013 16693 16938
16362 16799 16985 17029
15755 17027 16609 16928
15724 17030 16614 16925
16046 16862 16717 17039
16245 16952 16693 16876
16221 16939 16771 16848
16709 16291 17139 16743
16787 16618 17001 16874
16452 16887 16860 16864
17007 16574 16818 16478
16891 16623 16802 16413
16677 16880 16828 16341
16693 16309 17080 16938
16666 16640 17102 16820
16114 16891 16760 17007
16771 16602 16928 16928
16773 16877 16703 16485
16411 16341 17257 16856
16356 16529 17003 17026
16457 16779 17111 16853
16144 16348 17408 16739
16855 16645 16772 16414
16491 16724 17173 16809
16639 16548 16958 16977
15911 16852 16614 17122
16632 16614 16623 17124
16667 16316 17140 16872
15875 16774 16619 17147
16569 16599 16936 17022
16104 16847 16609 17027
16140 16851 16557 17043
16165 16886 16511 17048
15900 16855 16652 17112
16154 16889 16549 17038
15912 16815 16626 17097
16449 16321 17260 16830
16333 16827 16753 17027
16560 16930 17006 16760
16538 16760 16953 17007
16161 16924 16641 16968
16151 16859 16579 17015
15991 16799 16627 17083
16654 16937 16829 16411
16881 16540 16816 16800
16149 16856 16578 17024
16027 16877 16622 17058
16200 16924 16607 16978
16002 16842 16668 17053
16077 16939 16730 16974
16166 16839 16606 17000
16015 16847 16629 17048
16179 16844 16567 16995
16381 16503 17020 17005
16169 16912 16677 16938
16213 16963 16797 16894
16014 16900 16778 16965
16162 16940 16601 16932
16915 16614 16820 16390
16916 16626 16737 16466
16906 16657 16755 16427
16996 16592 16730 16455
16598 16855 16766 16933
16939 16596 16709 16342
16165 16906 16767 16950
17065 16622 16665 16401
16937 16618 16731 16369
16150 16925 16741 16963
16673 16289 17113 16835
16152 16928 16742 16954
16924 16648 16659 16382
16622 16881 16752 16928
17073 16570 16635 16351
16931 16586 16600 16471
16040 16897 16746 16990
16718 16290 17108 16738
16038 16894 16745 16999
16780 16673 16689 16624
16095 16898 16718 16985
16827 16694 16560 16618
16507 16854 16812 16962
16844 16544 16991 16816
16709 16367 17108 16810
16605 16498 16883 17082
16144 16921 16762 16929
16933 16712 16571 16360
16507 16438 16805 17095
16411 16799 16864 17067
16825 16594 16925 16817
16158 16962 16825 16899
17029 16582 16659 16445
16693 16533 17093 16883
16824 16619 16906 16876
16899 16589 16729 16487
16213 16777 17089 16873
16814 16700 16723 16509
16398 16814 17162 16779
16147 16924 16845 16877
16421 16831 17041 16879
16544 16825 17097 16748
17012 16541 16828 16688
16802 16294 17044 16801
16577 16538 16956 17076
16226 16908 16846 16863
16946 16518 16781 16790
16177 16885 16802 16919
16954 16622 16563 16451
16202 16920 16756 16924
16536 16764 17154 16786
16479 16590 17143 16968
17117 16488 16547 16430
16588 16748 16926 16821
16796 16189 17012 16812
16484 16732 16964 16914
17077 16572 16609 16412
16815 16292 17046 16793
16565 16766 16868 16974
16381 16840 16937 16936
16667 16567 16863 17021
16992 16557 16937 16607
16766 16539 16962 16914
16678 16669 17155 16734
17102 16498 16513 16451
16587 16900 16333 16835
16780 16733 17227 16621
16631 16695 17328 16330
16536 16742 17027 16867
16608 16809 17223 16455
16587 16835 17268 16358
16383 16648 16971 17125
17072 16556 16613 16414
16638 16769 16791 16898
16600 16771 17274 16331
16178 16370 16976 17119
16705 16586 16786 16975
16709 16455 17049 16864
16730 16718 17267 16625
16716 16586 16638 17072
16723 16620 16726 16974
17099 16499 16679 16476
17075 16536 16632 16394
16427 16951 16850 16791
16609 16657 17150 16867
16889 16477 16779 16873
16403 16483 17048 17005
16822 16542 16998 16868
16235 16938 16814 16820
17101 16569 16528 16339
17122 16593 16560 16303
16555 16831 17255 16450
16660 16732 17216 16739
16264 16811 17102 16841
16817 16559 17095 16511
16904 16432 16864 16691
16735 16608 17117 16697
16633 16382 17072 16889
16821 16347 17018 16744
16361 16828 17027 16928
16625 16840 16955 16503
16602 16683 17214 16741
16219 16738 17018 16936
17114 16514 16577 16308
16379 16372 17238 16875
17124 16623 16597 16296
16419 16647 16903 17197
16587 16968 16762 16833
17080 16557 16650 16282
17134 16562 16479 16276
17181 16562 16502 16233
16554 16463 16762 17122
17156 16481 16469 16268
17150 16508 16496 16305
16693 16557 17149 16759
17148 16505 16495 16314
16770 16481 17116 16717
17135 16560 16446 16345
16465 16880 17131 16272
16633 16608 17143 16851
16634 16487 16879 17018
16636 16865 16851 16665
16622 16826 16830 16745
16494 16751 17290 16413
16529 16557 17358 16671
16623 16433 17302 16423
17116 16517 16578 16299
17128 16477 16552 16284
16797 16723 16533 16719
17115 16532 16503 16315
16730 16468 17083 16784
16779 16850 16676 16448
16582 16446 16894 17047
16849 16499 17081 16451
16820 16569 17025 16412
17074 16641 16543 16323
16814 16760 16469 16605
16832 16542 17069 16320
16804 16788 16788 16381
16815 16759 16362 16727
16771 16880 16773 16376
16067 15801 16626 17253
16767 16788 17178 16652
16921 16697 16425 16782
16861 16488 17036 16426
16731 16756 16313 16790
16279 16399 16622 17213
16720 16776 16312 16743
16069 15796 16636 17240
16745 16822 16256 16577
17128 16523 16579 16199
16905 16705 16596 16495
16483 16567 17135 16983
16797 16752 16419 16759
16547 16752 17218 16753
17141 16468 16628 16168
16733 16840 16391 16567
17135 16495 16655 16205
16686 16872 16408 16599
17133 16492 16654 16214
16813 16723 16487 16649
16874 16531 17131 16291
17120 16547 16605 16245
16327 16862 17132 16792
16728 16432 17106 16766
16369 16836 17171 16775
16875 16549 17246 16243
16063 15691 16657 17201
16790 16781 16345 16671
16845 16524 17048 16425
16657 16854 16408 16637
16563 16691 17189 16756
16673 16898 16808 16345
17093 16502 16699 16251
16152 15968 16547 17244
16645 16870 16299 16788
17071 16522 16671 16251
16595 16364 17117 16926
16060 15823 16552 17240
16616 16720 17054 16905
16794 16740 16645 16643
16136 16984 17076 16778
16841 16404 17091 16309
16766 16295 17112 16729
16191 16868 17217 16824
16832 16456 17069 16637
16030 15831 16575 17225
16426 16563 17162 16997
16808 16488 17075 16541
16785 16502 17179 16464
16820 16489 17094 16420
16767 16836 16822 16230
16481 16626 17120 16986
16506 16667 17338 16702
16229 16401 16623 17218
16424 16286 17306 16825
16160 15962 16497 17242
16465 16723 17302 16774
16217 15966 16470 17228
16533 16713 17337 16757
17071 16454 16675 16515
16158 16935 17025 16761
16494 16715 17195 16810
16635 16871 16936 16199
17082 16576 16502 16426
16525 16704 17148 16823
17033 16642 16428 16368
16167 15878 16479 17232
16580 16900 16955 16249
17045 16681 16429 16338
16127 15941 16486 17262
16693 16550 16675 17092
16678 16825 16749 16849
16172 16069 16503 17228
17009 16632 16468 16405
16616 16837 16803 16930
16989 16648 16556 16346
16198 16018 16381 17220
16592 16850 16899 16260
17040 16668 16514 16287
16192 16045 16408 17257
16066 16759 17208 16843
16824 16553 17087 16366
17032 16651 16516 16248
16141 15986 16463 17258
16584 16635 17131 16883
17000 16670 16600 16336
16261 16267 17242 16940
16136 15991 16508 17253
16110 16000 16523 17289
16123 16046 16459 17284
16704 16727 16600 16859
16080 16963 17117 16866
16066 16042 16486 17298
16102 16120 16481 17273
16971 16738 16653 16294
16115 16065 16530 17242
16840 16824 16872 16335
16118 16004 16480 17243
16780 16714 16470 16893
16352 16518 17010 17052
16749 16826 16835 16431
16910 16658 16688 16257
16784 16825 16822 16345
16946 16657 16620 16329
16720 16524 17315 16292
16603 16549 17362 16488
16960 16717 16570 16339
16836 16310 17056 16764
16965 16747 16546 16302
16993 16723 16520 16312
16558 16732 17157 16781
16999 16696 16493 16275
16748 16848 16820 16362
16824 16701 16437 16760
16745 16834 16834 16326
16962 16720 16571 16330
16263 16135 17297 16927
16932 16644 16583 16360
16281 16211 17230 16967
16083 16146 16433 17230
16735 16696 16618 16810
16547 16713 16950 17012
17020 16584 16659 16461
16671 16639 17068 16841
16348 16534 17013 17033
16276 16215 17292 16900
16708 16386 17061 16858
16145 16887 17060 16628
16739 16257 17050 16791
16020 16979 17134 16885
16654 16577 16728 17066
16972 16610 16543 16411
16147 16890 17061 16619
16738 16395 17060 16778
16618 16729 17334 16655
16325 16216 17312 16886
16142 16957 17049 16741
16460 16903 17018 16798
16698 16374 17125 16775
16451 16729 17021 16935
16982 16618 16489 16425
16684 16872 16857 16508
16282 16720 16991 16972
16551 16757 17273 16383
16948 16666 16502 16491
16459 16291 17281 16820
16931 16610 16509 16515
16274 16212 17291 16909
16930 16658 16519 16540
16879 16718 16515 16531
16050 16066 16563 17257
16918 16605 16548 16520
16946 16605 16565 16412
16916 16698 16390 16709
16225 16182 17040 17036
16923 16670 16466 16715
16940 16657 16423 16632
16300 16181 17358 16881
16959 16682 16403 16632
16631 16489 16868 17046
16317 16768 17051 16905
16933 16657 16396 16680
16493 16504 17017 17097
16873 16551 16976 16805
16925 16681 16422 16726
16926 16697 16382 16690
16201 16342 17050 17014
16380 16217 17311 16799
16777 16888 16753 16324
16286 16405 16596 17204
17016 16731 16392 16573
16273 16251 17197 16983
16721 16681 16942 16741
16955 16651 16427 16536
16790 16458 17097 16765
16884 16261 17012 16735
16949 16678 16454 16573
16808 16622 16994 16848
16892 16674 16481 16587
16585 16514 16930 17030
16820 16949 16748 16433
16894 16677 16482 16578
16859 16226 17058 16730
16899 16634 16495 16577
16205 16238 17030 17042
16505 16718 17141 16813
16846 16281 17009 16761
16886 16689 16446 16608
16110 16230 17052 17030
17013 16579 16719 16577
16877 16669 16493 16582
16747 16542 17029 16811
16146 16276 17020 17055
16829 16902 16745 16438
16705 16346 17031 16927
16830 16545 17003 16804
16156 16298 17059 17012
16857 16477 16991 16843
16949 16438 16854 16709
17020 16497 16713 16648
16877 16684 16625 16487
16888 16570 16941 16746
16864 16739 16576 16518
16691 16754 17144 16708
16875 16204 16889 16799
16865 16748 16514 16571
16283 16152 17199 16988
16374 16277 17279 16865
16770 16514 17092 16744
16842 16708 16496 16688
16737 16511 17272 16209
16979 16581 16585 16552
16871 16684 16458 16603
16434 16720 17200 16823
17025 16486 16877 16657
16884 16629 16507 16572
16776 16428 17250 16192
16957 16561 16822 16760
16879 16672 16494 16573
16149 16299 17076 16998
16332 16221 17332 16784
16124 16218 17043 17033
16768 16452 17276 16238
16566 16218 17362 16743
16864 16724 16444 16613
16743 16417 17287 16256
16641 16609 17295 16323
16732 16374 17281 16263
16734 16596 16978 16881
16452 16663 16962 17023
16345 16425 17025 17030
16257 16174 17179 17012
16995 16455 16898 16657
16850 16725 16445 16713
16743 16371 17243 16273
17050 16582 16619 16405
16872 16700 16418 16567
16745 16374 17244 16264
17081 16555 16616 16432
16770 16349 17272 16242
17056 16478 16642 16537
16320 16643 17337 16778
16244 16740 16988 16998
16828 16811 16714 16566
16831 16429 17237 16279
17035 16563 16654 16464
16300 16298 17268 16854
16844 16446 16861 16861
16188 15944 17102 17019
16497 16601 16629 17072
16656 16536 16706 17093
16509 16726 17136 16819
16709 16617 17132 16733
16306 16050 17113 17003
16797 16803 16787 16598
16576 16753 17302 16316
17069 16480 16862 16516
16868 16640 16892 16841
16184 15946 17091 17041
16526 16755 17303 16321
16340 16344 17277 16814
16665 16313 17139 16881
16659 16675 17158 16806
16652 16368 17090 16912
17083 16474 16659 16597
17094 16458 16645 16511
16966 16707 16480 16473
17003 16532 16894 16603
16599 16783 17267 16390
17035 16474 16925 16596
16696 16642 16697 17005
16794 16323 17237 16564
16963 16614 16552 16451
16411 16286 17261 16939
17065 16404 16920 16612
16651 16807 16896 16562
16546 16800 17260 16384
16961 16611 16551 16460
16564 16798 17236 16397
16974 16616 16512 16455
17046 16321 16711 16746
16711 16341 17298 16612
16946 16659 16518 16451
16826 16750 16448 16704
16693 16353 17338 16369
16622 16617 16664 17044
16567 16589 17006 16960
16829 16787 16793 16469
16890 16633 16520 16517
16646 16332 17309 16375
16531 16852 17210 16424
16892 16636 16521 16508
17069 16287 16683 16655
16196 16339 17053 17012
16544 16797 17259 16393
17084 16336 16771 16632
16171 16258 17020 17047
16580 16875 17254 16368
16712 16362 17048 16874
16680 16588 17044 16914
16222 16326 17049 17001
16643 16347 17010 16935
16746 16845 16819 16371
16929 16580 16489 16556
17154 16285 16793 16587
16815 16698 16460 16730
16544 16749 17289 16408
17100 16341 16689 16583
16837 16699 16439 16752
16827 16747 16457 16662
16853 16744 16422 16652
16805 16728 16393 16713
16903 16614 16558 16555
16477 16716 17017 16924
16460 16418 17038 17015
16786 16828 16823 16336
16964 16599 16491 16518
16240 16430 17447 16669
16812 16675 16595 16677
16774 16732 16466 16651
16777 16756 16365 16710
16951 16594 16530 16523
17116 16259 16711 16653
16745 16727 16471 16667
16204 16352 17452 16694
17053 16210 16665 16684
16750 16760 16410 16668
16179 16255 17064 17009
16597 16576 17389 16525
16936 16631 16492 16503
16179 16350 17482 16632
16597 16367 17118 16917
16334 16833 17063 16869
16865 16772 16829 16377
16060 16760 16997 16971
16918 16685 16497 16559
16364 16768 16918 16967
16857 16684 16487 16791
16740 16756 17175 16655
16355 16274 17284 16922
16209 16423 17427 16696
16233 16774 16993 16981
16654 16548 17085 16855
17097 16281 16820 16601
16638 16828 16420 16707
16281 16482 17389 16731
16125 16408 17390 16771
16144 16601 17009 16994
16191 16407 17403 16725
16824 16319 16906 16899
16302 16143 17354 16860
16835 16677 16534 16611
16657 16370 17327 16328
16751 16303 16830 16946
16831 16655 16531 16680
16687 16446 17315 16298
16667 16566 17164 16795
16694 16299 16857 16960
16571 16763 16956 16865
16744 16527 17096 16755
16786 16593 16824 16942
16687 16398 17316 16308
16681 16358 16815 17016
16584 16449 16895 17038
16630 16394 17343 16322
16977 16445 16946 16523
16680 16507 17305 16382
17101 16453 16881 16545
16871 16559 16467 16774
16215 16349 17414 16704
16715 16386 16859 16955
16202 16404 17365 16735
16822 16616 16905 16885
17107 16415 16800 16517
16323 16191 17333 16825
17100 16329 16717 16629
16842 16416 16718 16908
16733 16814 16451 16522
16441 16170 17346 16876
17133 16361 16666 16564
16965 16563 16379 16636
16920 16496 16880 16625
16276 16154 17359 16850
16679 16541 17125 16788
17171 16398 16685 16529
16751 16464 16854 16930
16628 16618 17031 16902
17008 16400 16947 16626
16502 16636 17262 16799
17108 16305 16691 16583
16726 16842 16375 16516
16691 16623 16811 16999
16986 16286 16983 16510
16350 16206 17296 16902
16768 16478 17115 16726
16700 16229 16833 16964
17001 16579 16802 16431
16996 16485 16901 16581
16981 16366 16961 16565
16381 16265 17269 16886
16245 16357 17309 16802
16725 16264 16787 16969
17124 16403 16674 16544
16747 16834 16327 16524
16003 16953 17162 16931
16919 16560 16888 16481
17127 16399 16587 16533
17022 16478 16793 16731
16741 16816 16365 16521
16998 16563 16921 16391
16731 16255 16786 16974
17112 16380 16622 16592
16749 16813 16661 16564
16931 16573 16900 16402
16729 16252 16785 16983
17020 16419 16379 16734
16627 16342 17301 16398
17013 16354 16947 16508
16716 16307 16736 17014
16713 16408 16659 17014
16659 16807 17093 16238
16719 16446 17063 16790
16691 16272 16782 17009
16719 16381 16632 16977
16617 16819 16919 16508
16201 16446 17311 16827
16724 16584 17042 16798
15967 16875 17167 16956
16930 16577 16858 16410
16988 16488 16987 16493
16360 16341 17283 16789
16982 16482 16743 16806
16637 16849 16364 16655
16435 16570 16965 17028
16724 16562 16612 17026
16667 16375 17318 16360
16580 16849 16906 16793
16848 16549 17006 16743
16186 16439 17352 16774
16768 16606 17021 16783
16727 16350 16777 16984
16659 16685 17066 16802
15957 16961 17200 16963
16573 16870 16982 16480
16740 16295 16826 16953
16546 16709 17129 16799
16183 16660 17023 16961
16679 16900 16332 16593
16946 16503 16987 16441
16520 16589 17117 16976
16740 16439 16596 16964
16716 16565 16674 16985
16766 16306 16814 16944
16932 16480 16789 16795
16708 16875 16725 16587
16743 16477 16590 16958
16625 16436 17303 16414
16719 16248 16849 16962
16926 16507 16816 16832
17008 16359 16656 16732
16694 16863 16370 16613
16706 16303 16800 16993
17149 16352 16761 16573
16788 16569 17004 16697
16669 16268 16795 17018
16458 16648 16997 17002
16406 16753 17172 16884
16790 16681 17024 16238
16902 16671 16696 16424
16906 16447 17024 16520
16932 16286 16968 16565
16694 16303 16749 17023
16924 16504 16815 16841
16436 16668 16969 17002
16672 16545 16704 17054
16901 16655 16736 16460
16523 16197 17325 16804
16658 16225 16754 17048
16720 16831 16354 16586
16616 16480 17239 16752
16852 16680 16689 16462
16945 16288 16966 16590
16732 16793 17178 16694
16734 16827 16305 16589
16914 16641 16613 16458
16425 16236 17238 16874
16825 16342 16639 16912
16851 16664 16667 16509
16858 16493 16951 16807
16561 16316 16715 17092
16788 16282 16645 16938
16715 16812 16300 16631
16873 16644 16685 16505
16882 16429 17029 16651
16699 16847 16324 16601
16472 16286 17253 16872
16391 16721 17327 16744
16808 16423 16780 16918
16835 16607 17128 16291
16931 16368 16962 16570
16413 16243 17265 16855
16767 16838 16281 16536
16462 16641 17157 16972
16917 16642 16647 16449
16343 16294 17243 16900
16580 16192 16795 17088
16810 16656 16931 16900
16567 16247 16746 17119
16524 16830 16869 16893
16318 16292 17273 16838
16569 16206 16733 17091
16499 16791 16923 16859
16496 16512 17184 16952
16781 16368 16635 16945
16452 16807 17282 16798
16871 16811 16703 16418
16419 16418 17247 16835
17058 16290 16630 16719
16890 16628 16615 16461
16963 16474 16870 16661
16389 16342 17259 16865
16226 16148 17226 17002
17010 16248 16663 16776
16869 16408 16635 16891
16594 16803 16923 16576
16446 16346 17232 16851
16268 16217 17220 16982
16560 16286 16677 17130
16798 16902 16356 16478
16281 16162 17269 16951
16567 16246 16691 17120
17003 16251 16668 16748
16846 16666 16644 16482
16597 16246 16641 17109
16957 16447 16789 16801
16270 16119 17228 16981
16610 16244 16643 17101
16988 16455 16716 16769
17058 16414 16723 16556
16239 16376 17355 16770
16617 16216 16719 17107
16864 16396 16746 16908
16574 16692 17141 16883
16658 16231 17322 16746
16283 16165 17164 16976
16172 16413 17347 16783
16849 16443 17051 16534
16518 16663 17190 16782
16522 16671 17185 16788
16707 16893 16773 16560
16873 16404 16580 16878
16612 16727 17109 16886
16542 16587 17036 16979
16570 16790 17088 16820
16520 16666 17191 16773
16524 16674 17186 16779
16249 16237 17252 16982
16533 16750 17039 16867
16906 16627 16656 16463
16539 16671 17318 16659
16592 16637 17215 16778
16936 16639 16592 16399
17093 16395 16747 16576
16613 16284 17270 16853
16188 16157 17287 16945
16160 16400 17383 16752
16818 16452 17083 16720
16670 16509 16727 17036
16420 16688 17173 16829
16555 16600 17188 16779
16603 16718 17253 16705
16830 16918 16705 16402
16921 16620 16627 16458
16929 16596 16601 16412
16931 16303 16900 16651
16136 16325 17406 16781
17000 16345 16636 16740
16434 16747 17158 16839
16891 16620 16677 16469
16970 16374 16865 16692
16138 16328 17407 16772
16432 16744 17157 16848
16031 16908 17068 16882
16164 16319 17392 16736
16569 16706 17290 16711
16066 16961 17087 16877
16738 16269 17283 16628
16812 16865 16787 16440
16203 16438 17392 16717
16470 16724 17160 16822
16558 16732 17188 16760
16575 16638 17177 16898
16683 16233 17292 16808
16414 16247 17293 16841
16216 16383 17441 16686
16515 16711 17122 16802
16559 16677 17264 16716
16471 16660 17127 16920
16115 16911 17045 16850
16271 16384 17413 16681
16845 16372 17061 16590
16516 16669 17193 16772
16608 16600 17153 16852
16899 16685 16679 16421
16638 16604 17075 16857
16637 16607 16698 17023
16912 16630 16728 16390
16570 16222 17301 16881
16475 16663 17362 16743
16587 16641 17235 16734
16623 16584 17071 16928
16651 16697 17237 16708
16109 16894 17099 16908
16767 16814 16745 16468
16559 16186 17334 16846
16534 16688 17147 16798
16615 16572 17073 16866
16601 16604 17043 16928
16603 16535 17190 16783
16270 16830 17081 16853
16759 16838 16771 16514
16894 16577 16810 16428
16273 16387 17414 16672
16550 16796 16941 16789
16477 16684 17174 16812
16570 16601 17217 16751
16597 16582 16710 17039
16881 16632 16761 16459
16835 16463 17015 16520
16560 16821 17088 16772
16464 16739 17125 16843
16644 16617 16680 17024
16800 16525 17139 16536
16803 16776 16760 16561
16799 16711 16805 16499
16207 16375 17363 16757
16541 16658 17228 16793
16771 16588 16949 16897
16174 16768 17077 16904
16622 16322 17328 16498
16772 16285 17289 16584
16554 16801 16896 16840
16557 16649 17369 16618
16623 16311 17343 16463
16804 16706 16760 16504
16918 16625 16689 16347
16498 16106 17369 16809
16196 16298 17369 16775
16180 16846 17173 16834
16758 16245 17242 16589
16806 16709 16761 16495
16913 16627 16686 16344
16536 16142 17374 16773
17093 16205 16828 16550
16478 16769 17032 16838
16700 16600 17060 16772
16920 16599 16762 16350
16525 16799 17082 16785
16532 16590 17179 16927
16641 16563 17080 16871
16977 16640 16764 16267
16820 16337 17107 16585
16525 16761 16966 16876
16472 16727 17161 16813
16699 16670 17032 16821
16750 16229 17257 16613
16852 16747 16657 16435
16923 16616 16790 16336
16472 16633 17372 16720
16470 16562 17167 16969
16646 16605 17071 16829
16680 16535 17081 16844
16660 16564 16702 17030
16898 16581 16836 16331
17066 16379 16889 16488
16833 16523 17029 16546
16266 16427 17400 16682
17059 16255 16738 16667
16547 16578 17390 16530
16484 16757 17140 16822
16528 16565 17091 16930
16635 16475 17070 16908
16790 16226 17295 16564
16885 16636 16787 16362
17071 16377 16893 16575
16819 16658 16971 16810
17018 16341 16956 16446
17129 16204 16760 16622
16473 16841 17088 16748
16593 16648 17301 16690
16677 16716 16994 16803
16602 16487 17110 16878
16872 16625 16826 16308
16960 16302 16996 16415
16877 16493 17067 16406
17154 16239 16714 16627
16402 16847 17156 16718
16565 16561 17372 16531
16749 16698 17017 16705
16638 16565 17105 16853
16847 16730 16873 16305
16996 16380 16991 16390
17118 16161 16719 16652
16475 16710 17090 16899
16555 16690 17382 16646
16580 16642 17059 16930
16613 16484 17072 16888
16460 16651 16998 16993
16681 16265 17310 16642
16833 16748 16696 16423
16971 16345 17037 16385
17105 16216 16670 16683
16555 16667 17031 16952
16685 16666 17143 16770
16743 16621 17097 16711
16465 16608 17011 16992
16911 16636 16793 16247
16958 16400 16988 16416
16681 16230 17291 16817
17054 16148 16641 16729
16394 16819 17131 16731
16462 16509 17399 16568
16603 16498 17028 16933
16846 16730 16670 16453
16927 16408 17022 16456
16583 16167 17350 16850
16309 16384 17381 16685
16825 16413 17074 16609
17090 16226 16636 16704
16923 16746 16865 16216
16519 16612 17387 16671
16827 16416 17075 16600
17067 16218 16664 16675
16529 16736 17053 16876
16383 16833 17104 16750
16274 16805 17069 16866
16846 16777 16706 16406
16376 16391 17438 16644
16819 16379 17099 16655
17109 16267 16674 16626
16479 16738 17054 16881
16276 16808 17070 16857
16034 16981 17164 16874
16897 16845 16735 16360
16844 16412 17068 16597
17107 16264 16673 16635
16388 16692 17361 16554
16276 16794 17103 16838
16281 16765 17083 16856
16549 16468 16987 16985
16876 16769 16791 16387
17102 16307 16660 16636
16489 16760 17093 16838
16713 16545 17109 16741
16201 16782 17184 16817
16834 16806 16783 16351
17108 16280 16633 16599
16390 16650 17398 16555
16300 16748 17062 16891
16288 16736 17014 16933
16910 16425 16992 16466
16791 16591 17034 16408
16416 16089 17313 16911
16250 16478 17412 16664
16840 16567 16905 16862
16285 16830 17009 16951
16781 16566 17043 16579
17085 16339 16683 16650
16723 16688 17236 16729
16814 16569 17021 16535
16512 16164 17278 16906
16225 16479 17442 16587
17049 16261 16688 16675
16799 16538 16873 16911
16426 16700 17357 16509
16283 16812 16977 16961
16887 16657 16854 16238
16525 16109 17327 16875
16227 16438 17429 16559
17051 16264 16689 16666
16482 16758 16840 17065
16422 16774 17016 16867
16706 16557 17074 16747
16820 16648 16879 16309
16936 16370 17004 16436
16561 16187 17322 16850
16229 16441 17430 16550
16795 16543 17026 16572
16374 16768 16904 17002
16372 16713 17339 16472
16624 16696 17028 16859
16464 16843 17010 16847
16708 16552 17053 16788
16457 16723 16886 17060
16993 16374 16977 16422
16787 16563 17032 16461
16296 16456 17487 16528
17054 16265 16742 16634
16816 16629 16904 16863
16367 16738 17334 16390
16682 16758 17150 16768
16507 16826 17016 16842
16280 16680 17008 16959
16923 16588 17014 16306
16999 16347 16950 16385
16287 16441 17423 16552
16331 16793 17391 16438
16785 16664 17007 16835
16455 16726 16837 17068
16802 16299 17211 16518
16857 16507 17002 16341
16534 16144 17306 16906
16791 16545 17033 16757
16685 16692 16968 16757
16230 16642 17024 16979
16729 16551 17038 16747
16559 16179 17260 16911
16333 16428 17450 16562
16415 16708 17456 16447
16628 16651 16966 16840
16486 16874 16956 16821
16260 16718 17012 16949
16669 16594 17044 16851
16943 16774 16808 16246
17045 16482 16909 16587
16572 16124 17309 16880
16306 16370 17454 16521
16315 16716 17373 16467
16276 16795 17030 16920
16694 16629 16998 16856
16593 16172 17288 16845
17144 16366 16682 16532
16246 16719 17042 16950
16505 16580 17233 16818
16715 16512 17067 16778
16816 16244 17363 16516
16591 16117 17297 16839
16235 16376 17522 16491
16356 16816 16831 17068
16322 16688 17449 16473
16710 16555 17054 16779
16565 16694 17190 16747
16473 16704 16850 17117
16981 16585 16856 16125
16802 16601 17135 16340
16578 16172 17248 16870
16209 16385 17537 16527
17139 16422 16639 16485
16578 16628 16932 16953
16231 16738 17016 16963
16658 16549 16753 17051
16611 16169 17226 16860
16184 16304 17504 16562
16535 16849 16973 16795
16538 16660 17202 16766
16822 16210 17256 16518
16242 16343 17464 16593
16417 16711 17457 16438
16283 16794 17032 16933
16804 16229 17332 16541
16820 16588 17163 16350
16575 16091 17231 16885
16206 16265 17469 16618
16420 16630 17425 16478
16584 16599 16947 16929
17016 16498 16871 16425
16267 16345 17434 16655
16787 16483 17107 16541
16913 16540 16837 16774
16476 16666 17384 16518
16691 16224 17254 16822
16322 16329 17430 16654
16299 16812 16858 17082
16439 16645 17406 16478
16399 16823 17053 16761
16269 16753 16991 16980
16680 16508 16643 17097
16748 16157 17301 16584
16804 16692 16864 16340
16619 16157 17227 16864
16265 16299 17427 16663
16239 16677 17003 17010
16537 16668 17317 16668
16121 16884 17018 16813
16795 16684 16877 16359
16804 16565 17237 16243
16515 16865 17052 16703
16125 16941 17035 16808
16623 16192 17271 16818
16585 16822 16969 16655
16753 16502 16535 16999
16116 16886 17015 16810
16741 16203 17251 16620
16868 16577 17170 16237
16738 16483 16570 17058
16822 16649 16840 16340
16881 16522 17219 16206
16475 16667 17393 16456
16389 16731 16942 17022
16590 16644 17214 16755
16615 16619 17242 16733
16730 16507 16596 17104
16409 16763 16887 17049
16509 16711 17349 16404
16482 16745 16983 16877
16383 16761 16945 16946
16743 16526 16518 17024
16761 16208 17295 16602
16833 16500 17236 16292
16370 16763 16943 16954
16544 16625 17257 16746
16788 16474 16518 16973
16781 16250 17258 16566
16820 16555 17187 16323
16795 16416 17146 16457
16389 16816 16911 16890
16536 16605 17214 16802
16840 16691 16796 16412
16795 16474 17154 16358
16718 16531 16835 16944
16425 16587 17438 16477
16803 16504 17033 16760
16591 16630 16868 16907
16786 16438 16541 16955
16831 16552 17149 16333
16668 16285 17242 16848
16697 16399 16831 16945
16573 16819 17090 16764
16499 16850 17041 16723
16383 16799 16924 16908
16535 16617 17233 16786
16780 16465 16568 16992
16183 16960 16995 16721
16825 16533 17165 16295
16418 16627 17424 16487
16474 16875 17013 16745
16543 16673 17215 16762
16409 16635 16967 17114
16737 16387 16582 16997
16752 16232 17258 16604
16867 16582 17175 16246
16535 16847 16928 16844
16739 16390 16583 16988
16884 16735 16912 16249
16832 16550 17147 16290
16689 16206 17265 16771
16336 16720 17355 16749
16717 16389 16860 16946
16441 16787 16966 16862
16744 16347 16596 16987
16889 16554 17120 16276
16676 16261 17216 16802
16649 16708 16646 16889
16478 16843 16955 16858
16653 16461 16917 16941
16513 16679 16920 17042
16780 16425 16591 16962
16859 16654 16879 16284
16956 16512 17114 16254
16619 16257 17243 16816
16573 16671 16663 16940
16440 16546 17405 16524
16537 16775 16918 16862
16580 16703 17252 16721
16861 16657 16880 16275
16444 16777 16898 16876
16785 16350 16542 16967
16695 16262 17333 16718
16905 16444 17085 16300
16552 16204 17305 16816
16507 16538 17401 16521
16584 16774 16956 16764
16409 16786 16931 16882
16722 16742 17293 16671
16796 16347 16504 16977
16744 16292 17340 16570
16884 16702 16936 16222
16892 16499 17036 16331
16588 16282 17300 16791
16209 16378 17364 16748
16547 16797 16872 16855
16422 16784 16933 16874
16541 16740 16882 16979
16785 16304 16463 17007
16112 16981 17059 16807
16788 16250 17377 16561
16848 16624 16941 16247
16911 16549 17013 16336
16594 16255 17273 16754
16657 16700 16633 16852
16490 16793 16899 16869
16364 16750 16985 16934
16675 16543 16837 16975
16784 16586 16951 16889
16579 16787 16816 16905
16807 16393 16434 16973
16835 16679 16892 16278
16940 16537 16969 16373
16678 16259 17265 16776
16226 16374 17357 16745
16520 16869 16887 16839
16688 16488 16886 16944
16592 16796 16827 16839
16118 17015 17079 16790
16963 16407 16954 16528
16898 16507 16981 16341
16693 16770 16625 16849
16348 16765 17046 16908
16682 16515 16913 16981
16814 16753 16914 16267
16690 16719 16625 16876
16262 16703 17034 16960
16680 16512 16912 16990
16666 16798 16855 16803
16774 16153 17344 16571
16779 16744 16907 16298
16915 16571 17016 16267
16656 16228 17321 16755
16550 16773 16918 16823
16270 16759 17016 16936
16754 16742 17242 16657
16203 16298 17360 16795
16733 16705 16591 16863
16633 16746 16874 16815
16537 16828 16869 16854
16213 16747 17061 16912
16794 16467 17008 16829
16822 16341 16484 16933
16725 16130 17300 16627
16842 16783 16859 16307
16925 16499 16990 16271
16684 16232 17238 16739
16621 16698 16942 16835
16215 16742 17071 16899
16817 16647 16830 16870
16595 16782 16867 16838
16864 16481 16415 16927
16738 16210 17295 16600
16853 16797 16843 16261
16910 16480 17025 16330
16686 16235 17239 16730
17035 16399 16652 16629
16753 16687 16495 16765
16233 16789 17060 16874
16633 16492 16869 17037
16846 16449 16862 16852
16863 16450 16964 16806
16812 16573 16919 16907
16630 16749 16894 16870
16736 16207 17294 16609
16866 16742 16892 16230
16914 16502 17028 16261
16707 16171 17250 16713
17077 16448 16662 16580
16795 16682 16536 16782
16220 16791 17058 16882
16751 16682 17222 16684
16821 16368 16829 16887
16587 16773 16917 16857
16806 16470 16447 16942
16881 16548 17113 16286
16701 16198 17277 16750
16741 16669 16591 16773
16757 16655 17195 16647
16827 16562 16986 16814
16797 16540 17028 16806
16799 16412 16462 16930
16085 16958 17072 16871
16764 16294 17327 16570
16921 16743 16864 16225
16922 16553 17114 16205
16699 16195 17276 16759
16158 16763 17046 16924
16744 16710 17146 16678
16814 16617 16937 16845
16783 16388 16826 16913
16798 16400 17027 16797
16778 16602 16862 16928
16872 16469 16451 16897
16686 16250 17227 16790
16231 16459 17304 16815
16631 16568 16931 16949
16742 16707 17145 16687
16819 16466 16821 16888
16802 16332 17059 16766
16476 16777 16865 16911
16955 16734 16782 16231
16908 16575 17113 16242
16664 16303 17271 16812
16680 16820 16759 16836
16570 16769 16928 16866
16390 16818 16818 16937
16192 16815 17092 16807
16646 16521 16994 16984
16838 16564 16904 16871
16838 16410 17054 16741
16478 16780 16866 16902
16957 16737 16783 16222
16219 16381 17314 16815
16440 16816 16817 16932
16857 16446 16824 16862
16809 16326 17013 16772
16703 16583 16785 16984
16505 16776 16843 16903
16877 16426 16464 16896
16801 16296 17313 16556
16900 16733 16810 16236
16955 16570 17033 16189
16644 16194 17304 16764
16193 16390 17329 16851
16851 16375 17023 16723
16464 16771 16842 16984
16757 16322 17251 16564
16887 16788 16761 16267
17022 16528 17027 16167
16208 16316 17299 16819
16555 16817 16856 16804
16697 16596 16784 16962
16883 16735 16793 16254
16670 16181 17300 16753
16233 16397 17332 16784
16546 16819 16856 16820
16334 16717 17354 16758
16826 16618 16985 16800
16699 16599 16785 16953
16913 16811 16781 16224
16961 16448 17062 16130
16668 16689 16592 16884
16565 16872 16824 16756
16609 16677 17159 16811
16825 16352 17072 16618
16677 16568 16841 16932
16819 16415 16496 16911
16064 16949 17212 16868
16926 16830 16703 16144
16994 16482 16900 16590
16997 16526 17057 16105
16603 16223 17306 16775
16230 16352 17249 16818
16564 16856 16864 16792
16474 16933 16784 16820
16531 16597 17003 16959
16666 16681 17132 16797
16671 16595 16868 16969
16809 16272 17287 16510
16933 16802 16779 16150
16949 16519 17115 16100
16232 16355 17250 16809
16719 16746 16565 16800
16454 16719 17233 16817
16375 16644 17309 16773
16692 16672 17117 16761
16684 16540 16917 16938
16822 16217 17336 16479
16945 16771 16698 16123
16937 16540 17139 16133
16613 16235 17242 16858
16637 16789 16868 16765
16110 16858 17197 16862
16709 16621 16950 16903
16842 16519 16408 16875
16091 16985 17137 16860
16917 16814 16704 16119
16899 16479 17143 16135
16670 16239 17215 16844
16826 16681 16575 16844
16638 16805 16828 16729
16412 16939 16866 16752
16622 16687 17123 16784
16812 16471 17011 16768
16833 16521 16408 16891
16814 16241 17362 16525
16955 16749 16642 16120
16941 16528 17153 16086
16683 16184 17264 16813
16224 16311 17316 16809
16435 16941 16805 16686
16088 16790 17152 16864
16827 16367 17013 16771
16890 16553 16326 16853
17018 16750 16614 16158
17030 16492 16875 16608
16947 16501 17126 16049
16708 16219 17218 16818
16254 16387 17304 16779
16748 16724 16556 16804
16431 16965 16881 16715
16632 16576 16882 16971
16121 16990 17214 16785
16995 16734 16654 16164
16934 16556 17077 16080
16672 16141 17223 16843
16728 16730 16653 16802
16640 16841 16775 16636
16466 16940 16963 16676
16647 16693 17013 16808
16786 16588 17020 16758
16809 16432 17063 16737
16754 16660 17030 16768
16834 16581 16400 16883
16993 16731 16653 16173
16659 16196 17174 16874
16224 16305 17278 16821
16607 16887 16860 16661
16049 16778 17232 16825
16784 16585 17019 16767
16879 16465 16843 16790
16822 16428 17007 16691
16736 16691 16960 16740
16832 16578 16399 16892
16090 16986 17237 16718
16718 16301 17355 16606
16968 16756 16625 16195
16942 16528 17035 16077
16602 16192 17201 16888
16198 16314 17293 16857
16594 16889 16858 16669
16453 16950 16903 16647
16480 16609 17346 16674
16637 16545 16957 16986
16763 16649 17008 16784
16877 16462 16842 16799
16849 16460 17010 16688
16752 16683 16882 16659
16857 16613 16353 16897
16077 16988 17235 16726
16746 16295 17341 16561
16928 16555 17037 16155
16638 16270 17196 16863
16266 16374 17272 16801
16656 16877 16804 16588
16438 16931 16938 16706
16120 16772 17164 16855
16824 16425 17056 16683
16723 16744 16913 16698
16821 16535 16358 16922
16724 16264 17397 16540
16990 16543 16983 16074
16584 16205 17173 16878
16230 16296 17277 16826
16741 16675 16702 16771
16665 16830 16801 16593
16436 16954 16913 16643
16142 16803 17108 16876
16825 16610 16994 16769
16888 16505 16883 16769
16752 16684 16836 16671
16496 16811 16771 16992
16823 16538 16359 16913
16060 16910 17249 16748
16781 16268 17370 16526
16973 16703 16710 16143
16981 16545 16983 16090
16641 16209 17146 16864
16243 16376 17272 16799
16743 16678 16703 16762
16396 16933 16978 16640
16140 16800 17107 16885
16648 16524 16995 16975
16837 16570 16968 16754
16890 16508 16884 16760
16816 16449 17082 16729
16743 16667 16878 16735
16546 16809 16770 16987
16791 16535 16408 16933
16794 16213 17419 16495
16961 16743 16736 16158
17037 16516 16955 16048
16701 16247 17142 16812
16241 16373 17271 16808
16735 16691 16904 16781
16349 16953 16922 16589
16170 16876 17095 16855
16535 16672 17324 16729
16654 16497 16968 16938
16859 16601 16912 16775
16896 16481 16857 16723
16566 16811 16778 16962
16816 16616 16441 16898
16070 16922 17185 16831
16836 16262 17429 16446
16981 16680 16703 16131
17041 16492 16879 16019
16734 16201 17057 16787
16689 16810 16647 16613
16316 16947 16929 16638
16522 16727 17275 16760
16641 16552 16919 16969
16797 16646 16960 16811
16681 16678 16959 16772
16838 16662 16365 16854
16842 16235 17402 16409
16968 16735 16654 16162
17027 16530 16911 16093
16730 16225 17133 16816
16229 16423 17327 16797
16330 17028 16953 16599
16176 16852 17093 16886
16590 16484 16890 17015
16767 16426 17038 16785
16702 16753 16934 16807
16775 16685 16419 16905
16016 16898 17211 16900
16829 16290 17353 16440
17033 16698 16664 16118
16961 16398 16828 16694
17094 16488 16905 16071
16722 16205 17184 16843
16231 16426 17328 16788
16544 16590 17037 16970
16769 16429 17039 16776
16618 16734 16957 16796
16723 16644 16434 16934
16843 16252 17321 16366
17026 16726 16588 16112
16680 16186 17164 16874
16256 16401 17356 16766
16782 16819 16654 16515
16340 16942 16920 16592
16186 16766 17060 16879
16587 16473 16917 17002
16565 16526 17048 16953
16744 16380 17084 16770
16620 16737 16958 16787
16839 16276 17397 16395
17028 16451 16766 16694
17089 16472 16930 16136
16693 16131 17213 16843
16334 16969 16947 16629
16160 16775 17075 16915
16456 16722 17234 16808
16919 16547 16802 16842
16723 16444 17073 16787
16631 16759 17002 16777
16744 16636 16475 16918
16778 16196 17432 16358
17039 16671 16637 16081
17016 16491 16792 16709
17044 16449 16936 16129
16672 16195 17202 16860
16220 16402 17424 16694
16324 16972 16955 16589
16130 16699 17087 16945
16461 16679 17247 16807
16925 16520 16775 16805
16726 16388 17044 16806
15896 16881 17235 16926
16808 16272 17420 16328
16965 16423 16763 16755
17028 16392 16965 16099
16314 17058 16988 16596
16117 16754 17038 16976
16950 16555 16729 16810
16762 16466 17039 16781
16651 16685 16905 16853
16628 16799 16724 16881
16793 16659 16519 16862
15932 16959 17230 16901
16766 16221 17452 16390
17031 16695 16663 16127
16959 16450 16790 16792
16284 16405 17406 16618
16312 17022 17011 16578
16143 16745 17023 16940
16461 16726 17283 16760
16521 16498 17003 17052
16951 16498 16704 16798
16760 16463 17038 16790
16850 16663 16492 16848
15878 16894 17207 16916
16736 16145 17464 16420
17032 16468 16957 16150
16728 16178 17157 16806
16297 16350 17455 16587
16775 16772 16843 16577
16314 17025 17012 16569
16133 16831 17056 16947
16456 16769 17270 16761
16671 16553 17065 16883
16945 16525 16731 16835
16802 16512 17048 16741
16636 16722 16867 16833
16572 16855 16727 16960
15939 16974 17172 16953
16797 16225 17429 16457
16982 16672 16619 16183
17019 16523 16908 16181
16777 16775 16844 16568
16320 16998 16985 16532
16072 16751 17091 16910
16454 16766 17269 16770
16490 16494 17026 16985
16761 16462 17033 16831
16888 16521 16758 16849
16808 16485 17021 16704
16838 16631 16519 16855
15977 16909 17110 16954
16740 16221 17456 16471
16984 16675 16620 16174
17028 16540 16866 16117
16686 16127 17189 16868
16339 16401 17423 16525
16783 16748 16817 16531
16356 17076 16980 16507
16046 16760 17106 16946
16436 16432 17018 16995
16622 16530 17021 16939
16866 16541 16730 16849
16803 16528 17008 16705
16641 16717 16822 16838
16537 16823 16737 16942
15941 16831 17115 16979
16122 16992 17085 16762
16104 16923 17106 16615
16709 16797 17244 16702
16549 16738 17131 16743
16114 17017 17036 16825
16573 16676 17181 16919
16595 16836 17033 16519
16029 16949 17081 16910
16339 16804 17043 16887
16844 16601 16865 16738
16271 16944 16859 16768
16643 16870 16881 16603
16802 16648 16941 16901
16758 16961 16802 16514
16148 16923 16739 16974
16477 16763 17053 16877
16199 16991 16768 16928
16705 16934 16786 16588
16318 16871 17065 16845
16134 16979 16796 16908
16825 16662 16817 16456
16724 16745 17294 16662
16676 16896 16883 16554
15849 17012 16740 16893
16733 16750 17037 16667
15801 17034 16649 16857
16831 16746 16816 16445
16506 16867 17132 16522
16165 16873 16791 16923
16641 16561 17272 16717
16564 16701 17169 16763
16683 16643 17182 16766
16463 16741 17171 16926
16085 16841 17030 16936
15793 16996 16730 16951
16127 16836 16809 16976
16474 16650 17230 16965
16189 16925 16631 16947
15949 16843 16704 17066
16678 16855 16870 16526
16688 16802 17037 16718
16412 16885 16786 16880
16580 16681 17221 16744
16619 16551 16979 16905
16492 16697 17129 16826
16960 16537 16837 16587
16110 17039 17105 16836
16749 16679 17221 16693
16152 16961 16718 16981
16228 16911 16847 16854
16596 16758 17239 16715
15944 16995 16647 16859
16844 16718 16785 16430
16478 16737 17280 16689
16725 16694 17150 16704
16673 16677 17265 16708
16470 16715 16932 17151
16085 16789 17257 16585
16087 16917 16789 16943
16566 16604 17065 16949
16075 16980 16743 17002
16523 16624 17112 16929
15909 17016 16609 16894
16548 16722 17171 16779
16855 16617 16666 16584
15991 17012 16581 16900
16657 16794 17110 16750
16655 16830 16855 16588
16450 16911 16868 16814
16524 16723 17268 16699
16135 16978 16690 17005
16459 16907 16913 16812
16163 16914 16804 16951
16057 16887 16787 17021
16552 16543 16934 16980
16683 16542 16902 17013
16016 16903 16779 16956
16517 16651 17139 16966
16149 16927 16846 16868
16434 16867 16953 16862
16526 16629 16857 17047
16522 16904 16924 16826
16332 16823 16786 17041
15876 16896 16654 17078
15825 17024 16580 16850
15819 17097 16714 16673
16301 16825 16870 17003
16087 16961 17073 16862
16893 16559 16849 16509
15854 17045 16770 16618
16422 16808 17106 16620
15692 17040 16583 16687
16154 16964 16627 16978
16609 16912 16831 16480
15831 17059 16697 16608
15905 16886 16673 17058
16675 16858 16798 16618
16543 16836 16927 16799
16174 16869 16690 16937
15851 16815 16621 17113
16464 16796 17188 16793
16301 16815 16859 17073
16489 16367 17269 16790
16451 16750 16913 17097
16599 16820 16998 16309
16444 16728 16936 17162
16089 16920 16790 16934
16158 16946 16642 16954
15969 16819 16599 17083
16446 16583 16627 17165
16129 16881 16606 17039
15924 16797 16663 17091
16724 16712 17024 16717
16477 16665 16932 17085
16263 16898 16734 16847
16434 16716 17000 17079
16151 16974 16566 16948
16341 16358 17373 16673
16167 16909 16676 16947
16329 16423 17373 16712
16227 16880 16693 16910
16165 16932 16590 17008
16289 16790 16791 17090
16780 16671 17014 16732
16156 16959 16824 16908
16557 16501 16827 17024
16511 16720 16933 17070
16677 16861 16799 16609
15801 17015 16746 16923
15757 17013 16693 16938
16362 16799 16985 17029
15755 17027 16609 16928
15724 17030 16614 16925
16046 16862 16717 17039
16245 16952 16693 16876
16221 16939 16771 16848
16709 16291 17139 16743
16787 16618 17001 16874
16097 16882 16860 16862
17007 16574 16818 16478
16891 16623 16802 16413
16677 16880 16828 16341
16693 16309 17080 16938
16666 16640 17102 16820
16114 16891 16760 17007
16771 16602 16928 16928
16773 16877 16703 16485
16411 16341 17257 16856
16356 16529 17003 17026
16457 16779 17111 16853
16144 16348 17408 16739
16855 16645 16772 16414
16491 16724 17173 16809
16576 16527 16954 16975
15911 16852 16614 17122
16632 16614 16623 17124
16667 16316 17140 16872
15875 16774 16619 17147
16526 16596 16881 17020
16104 16847 16609 17027
16140 16851 16557 17043
16165 16886 16511 17048
15900 16855 16652 17112
16154 16889 16549 17038
15912 16815 16626 17097
16449 16321 17260 16830
16333 16827 16753 17027
16560 16930 17006 16760
16538 16760 16953 17007
16161 16924 16641 16968
16151 16859 16579 17015
15991 16799 16627 17083
16654 16937 16829 16411
16881 16540 16816 16800
16548 16505 16923 17002
16149 16856 16578 17024
16027 16877 16622 17058
16200 16924 16607 16978
16002 16842 16668 17053
16077 16939 16730 16974
16166 16839 16606 17000
16015 16847 16629 17048
16179 16844 16567 16995
16381 16503 17020 17005
16169 16912 16677 16938
16213 16963 16797 16894
16014 16900 16778 16965
16162 16940 16601 16932
16915 16614 16820 16390
16916 16626 16737 16466
16886 16416 16825 16695
16906 16657 16755 16427
16996 16592 16730 16455
16597 16728 16744 16914
16939 16596 16709 16342
16165 16906 16767 16950
17065 16622 16665 16401
16937 16618 16731 16369
16150 16925 16741 16963
16673 16289 17113 16835
16152 16928 16742 16954
16924 16648 16659 16382
16542 16508 16973 16995
16620 16658 16525 16892
16854 16562 16850 16749
17073 16570 16635 16351
16931 16586 16600 16471
16040 16897 16746 16990
17029 16550 16657 16521
16718 16290 17108 16738
16038 16894 16745 16999
16780 16673 16689 16624
16095 16898 16718 16985
16827 16694 16560 16618
16108 16843 16767 16954
16844 16544 16991 16816
16709 16367 17108 16810
16605 16498 16883 17082
16579 16774 16761 16909
16144 16921 16762 16929
16933 16712 16571 16360
16507 16438 16805 17095
16411 16799 16864 17067
16825 16594 16925 16817
16158 16962 16825 16899
17029 16582 16659 16445
16657 16391 17060 16852
16996 16555 16612 16584
16824 16619 16906 16876
16899 16589 16729 16487
16088 16767 17085 16860
16814 16700 16723 16509
16398 16814 17162 16779
16147 16924 16845 16877
16421 16831 17041 16879
16051 16902 17143 16736
16544 16825 17097 16748
16991 16476 16732 16627
16802 16294 17044 16801
16536 16523 16938 17016
16226 16908 16846 16863
16912 16490 16698 16728
16177 16885 16802 16919
16954 16622 16563 16451
16202 16920 16756 16924
16536 16764 17154 16786
16479 16590 17143 16968
16215 16865 16805 16893
16217 16868 16806 16884
17117 16488 16547 16430
16588 16748 16926 16821
16796 16189 17012 16812
16179 16842 16724 16950
16484 16732 16964 16914
17077 16572 16609 16412
16815 16292 17046 16793
16565 16766 16868 16974
16381 16840 16937 16936
16217 16879 16706 16897
16667 16567 16863 17021
16974 16533 16885 16547
16766 16539 16962 16914
16215 16876 16705 16906
16678 16669 17155 16734
17102 16498 16513 16451
16587 16900 16333 16835
16780 16733 17227 16621
16631 16695 17328 16330
16220 16917 16739 16871
16536 16742 17027 16867
16608 16809 17223 16455
16222 16920 16740 16862
16587 16835 17268 16358
16383 16648 16971 17125
16257 16883 16829 16835
17072 16556 16613 16414
16633 16722 16756 16858
16600 16771 17274 16331
16178 16370 16976 17119
16597 16585 16771 16972
16709 16455 17049 16864
16730 16718 17267 16625
16716 16586 16638 17072
16916 16492 16813 16665
16873 16512 16916 16748
16723 16620 16726 16974
17099 16499 16679 16476
17075 16536 16632 16394
16258 16949 16830 16774
16609 16657 17150 16867
16889 16427 16761 16760
16403 16483 17048 17005
16819 16502 16962 16834
16235 16938 16814 16820
17101 16569 16528 16339
16504 16753 17168 16774
17122 16593 16560 16303
16555 16831 17255 16450
16660 16732 17216 16739
16264 16811 17102 16841
16506 16374 17217 16799
16956 16336 16781 16688
16817 16559 17095 16511
16904 16432 16864 16691
16735 16608 17117 16697
16633 16382 17072 16889
16821 16347 17018 16744
16361 16828 17027 16928
16625 16840 16955 16503
16602 16683 17214 16741
16219 16738 17018 16936
17114 16514 16577 16308
16379 16372 17238 16875
17124 16623 16597 16296
16419 16647 16903 17197
16568 16882 16531 16657
16259 16868 16675 16881
17080 16557 16650 16282
17134 16562 16479 16276
17181 16562 16502 16233
16554 16463 16762 17122
17156 16481 16469 16268
17150 16508 16496 16305
16693 16557 17149 16759
17148 16505 16495 16314
16770 16481 17116 16717
17135 16560 16446 16345
16465 16880 17131 16272
16633 16608 17143 16851
16634 16487 16879 17018
16591 16837 16509 16665
16597 16810 16482 16628
16494 16751 17290 16413
16622 16845 16436 16633
16529 16557 17358 16671
16623 16433 17302 16423
17116 16517 16578 16299
17128 16477 16552 16284
16797 16723 16533 16719
17115 16532 16503 16315
16730 16468 17083 16784
16779 16850 16676 16448
16582 16446 16894 17047
16849 16499 17081 16451
16820 16569 17025 16412
17074 16641 16543 16323
16814 16760 16469 16605
16832 16542 17069 16320
16804 16788 16788 16381
16815 16759 16362 16727
16771 16880 16773 16376
16067 15801 16626 17253
16767 16788 17178 16652
16921 16697 16425 16782
16861 16488 17036 16426
16731 16756 16313 16790
16279 16399 16622 17213
16720 16776 16312 16743
16069 15796 16636 17240
16745 16822 16256 16577
17128 16523 16579 16199
16905 16705 16596 16495
16483 16567 17135 16983
16797 16752 16419 16759
16547 16752 17218 16753
17141 16468 16628 16168
16733 16840 16391 16567
17135 16495 16655 16205
16686 16872 16408 16599
17133 16492 16654 16214
16813 16723 16487 16649
16874 16531 17131 16291
17120 16547 16605 16245
16327 16862 17132 16792
16728 16432 17106 16766
16369 16836 17171 16775
16875 16549 17246 16243
16063 15691 16657 17201
16790 16781 16345 16671
16845 16524 17048 16425
16657 16854 16408 16637
16563 16691 17189 16756
16673 16898 16808 16345
17093 16502 16699 16251
16152 15968 16547 17244
16645 16870 16299 16788
17071 16522 16671 16251
16595 16364 17117 16926
16060 15823 16552 17240
16616 16659 16653 16895
16794 16740 16645 16643
16136 16984 17076 16778
16841 16404 17091 16309
16766 16295 17112 16729
16089 16854 17203 16625
16832 16456 17069 16637
16030 15831 16575 17225
16426 16563 17162 16997
16808 16488 17075 16541
16785 16502 17179 16464
16820 16489 17094 16420
16767 16836 16822 16230
16481 16626 17120 16986
16506 16667 17338 16702
16229 16401 16623 17218
16424 16286 17306 16825
16160 15962 16497 17242
16410 16293 17299 16769
16217 15966 16470 17228
16490 16677 17260 16721
17071 16454 16675 16515
16158 16935 17025 16761
17052 16500 16514 16456
16494 16715 17195 16810
16635 16871 16936 16199
17082 16576 16502 16426
16311 16778 17148 16800
16500 16293 17274 16754
16525 16704 17148 16823
17033 16642 16428 16368
16167 15878 16479 17232
16580 16900 16955 16249
16621 16844 16313 16793
17045 16681 16429 16338
16127 15941 16486 17262
16693 16550 16675 17092
16660 16823 16236 16729
16172 16069 16503 17228
16612 16801 16253 16815
17009 16632 16468 16405
16582 16731 16780 16914
16601 16804 16291 16805
16664 16781 16237 16754
16627 16796 16744 16823
16989 16648 16556 16346
16198 16018 16381 17220
16592 16850 16899 16260
17040 16668 16514 16287
16192 16045 16408 17257
15876 16729 17199 16830
16824 16553 17087 16366
17032 16651 16516 16248
16141 15986 16463 17258
16584 16635 17131 16883
17000 16670 16600 16336
16261 16267 17242 16940
16136 15991 16508 17253
16110 16000 16523 17289
16123 16046 16459 17284
16695 16678 16318 16815
16028 16770 17115 16840
16066 16042 16486 17298
16102 16120 16481 17273
16971 16738 16653 16294
16115 16065 16530 17242
16840 16824 16872 16335
16118 16004 16480 17243
16753 16698 16251 16765
16352 16518 17010 17052
16749 16826 16835 16431
16910 16658 16688 16257
16784 16825 16822 16345
16946 16657 16620 16329
16720 16524 17315 16292
16603 16549 17362 16488
16960 16717 16570 16339
16836 16310 17056 16764
16965 16747 16546 16302
16993 16723 16520 16312
16558 16732 17157 16781
16999 16696 16493 16275
16748 16848 16820 16362
16824 16701 16437 16760
16745 16834 16834 16326
16962 16720 16571 16330
16263 16135 17297 16927
16932 16644 16583 16360
16281 16211 17230 16967
16083 16146 16433 17230
16735 16696 16618 16810
16547 16713 16950 17012
17020 16584 16659 16461
16671 16639 17068 16841
16348 16534 17013 17033
16276 16215 17292 16900
16708 16386 17061 16858
16145 16887 17060 16628
16739 16257 17050 16791
16002 16783 17119 16851
16654 16577 16728 17066
16972 16610 16543 16411
16147 16890 17061 16619
16738 16395 17060 16778
16618 16729 17334 16655
16325 16216 17312 16886
16142 16957 17049 16741
16460 16903 17018 16798
16698 16374 17125 16775
16451 16729 17021 16935
16982 16618 16489 16425
16684 16872 16857 16508
16282 16720 16991 16972
16551 16757 17273 16383
16948 16666 16502 16491
16459 16291 17281 16820
16931 16610 16509 16515
16274 16212 17291 16909
16930 16658 16519 16540
16879 16718 16515 16531
16050 16066 16563 17257
16918 16605 16548 16520
16946 16605 16565 16412
16916 16698 16390 16709
16225 16182 17040 17036
16565 16700 17167 16743
16923 16670 16466 16715
16940 16657 16423 16632
16300 16181 17358 16881
16959 16682 16403 16632
16631 16489 16868 17046
16317 16768 17051 16905
16933 16657 16396 16680
16164 16184 16987 17085
16838 16546 16777 16803
16925 16681 16422 16726
16215 16252 17016 17039
16926 16697 16382 16690
16201 16342 17050 17014
16380 16217 17311 16799
16171 16310 17017 17067
16777 16888 16753 16324
16286 16405 16596 17204
17016 16731 16392 16573
16273 16251 17197 16983
16721 16681 16942 16741
16955 16651 16427 16536
16741 16214 17079 16764
16884 16261 17012 16735
16949 16678 16454 16573
16805 16582 16958 16814
16901 16493 16736 16718
16892 16674 16481 16587
16512 16427 16928 17027
16820 16949 16748 16433
16894 16677 16482 16578
16859 16226 17058 16730
16899 16634 16495 16577
16205 16238 17030 17042
16505 16718 17141 16813
16742 16374 17037 16761
16846 16281 17009 16761
16886 16689 16446 16608
16110 16230 17052 17030
17013 16579 16719 16577
16924 16436 16480 16674
16877 16669 16493 16582
16723 16405 17026 16799
16146 16276 17020 17055
16829 16902 16745 16438
16705 16346 17031 16927
16830 16545 17003 16804
16156 16298 17059 17012
16857 16477 16991 16843
16925 16358 16842 16702
17020 16497 16713 16648
16877 16684 16625 16487
16888 16274 16912 16745
16967 16409 16810 16640
16864 16739 16576 16518
16691 16754 17144 16708
16873 16255 16947 16804
16941 16388 16731 16728
16173 16276 17016 17036
17041 16502 16607 16486
16875 16204 16889 16799
16865 16748 16514 16571
17034 16530 16531 16480
16283 16152 17199 16988
16374 16277 17279 16865
16770 16514 17092 16744
16962 16381 16717 16666
16842 16708 16496 16688
16737 16511 17272 16209
16979 16581 16585 16552
16871 16684 16458 16603
16434 16720 17200 16823
16961 16473 16866 16608
16884 16629 16507 16572
16776 16428 17250 16192
16954 16333 16780 16697
16879 16672 16494 16573
16149 16299 17076 16998
16332 16221 17332 16784
16124 16218 17043 17033
16768 16452 17276 16238
16566 16218 17362 16743
16864 16724 16444 16613
16185 16298 17008 17070
16743 16417 17287 16256
16641 16609 17295 16323
16732 16374 17281 16263
16725 16244 16977 16878
16452 16663 16962 17023
16345 16425 17025 17030
16257 16174 17179 17012
16974 16381 16886 16646
16850 16725 16445 16713
16743 16371 17243 16273
17050 16582 16619 16405
16980 16354 16859 16609
16872 16700 16418 16567
16745 16374 17244 16264
17081 16555 16616 16432
16770 16349 17272 16242
17056 16478 16642 16537
16273 16289 17311 16729
16244 16740 16988 16998
16811 16765 16529 16541
16831 16429 17237 16279
17035 16563 16654 16464
16300 16298 17268 16854
17042 16495 16706 16490
16844 16446 16861 16861
16188 15944 17102 17019
16971 16461 16867 16617
16497 16601 16629 17072
16656 16536 16706 17093
17027 16387 16733 16607
17023 16446 16725 16621
16509 16726 17136 16819
16709 16617 17132 16733
16306 16050 17113 17003
16935 16453 16732 16650
17005 16402 16754 16605
16911 16401 16852 16696
16774 16751 16599 16570
16964 16553 16781 16539
16576 16753 17302 16316
17069 16480 16862 16516
16830 16635 16628 16546
16184 15946 17091 17041
16526 16755 17303 16321
16884 16615 16591 16518
16340 16344 17277 16814
16853 16618 16596 16515
16665 16313 17139 16881
16623 16619 17118 16793
16652 16368 17090 16912
17083 16474 16659 16597
17036 16391 16774 16590
17094 16458 16645 16511
16966 16707 16480 16473
17003 16532 16894 16603
16599 16783 17267 16390
17038 16468 16769 16532
17028 16382 16886 16529
16696 16642 16697 17005
16794 16323 17237 16564
17024 16509 16623 16556
17020 16492 16801 16559
16963 16614 16552 16451
16411 16286 17261 16939
17057 16398 16763 16592
16651 16807 16896 16562
16546 16800 17260 16384
16987 16483 16787 16608
16961 16611 16551 16460
16177 16317 17330 16775
16564 16798 17236 16397
16974 16616 16512 16455
17046 16321 16711 16746
16711 16341 17298 16612
16946 16659 16518 16451
16826 16750 16448 16704
16693 16353 17338 16369
16981 16319 16731 16660
16622 16617 16664 17044
16567 16589 17006 16960
16829 16787 16793 16469
16281 16267 17313 16768
16890 16633 16520 16517
16646 16332 17309 16375
16531 16852 17210 16424
16892 16636 16521 16508
17069 16287 16683 16655
16196 16339 17053 17012
16544 16797 17259 16393
17084 16336 16771 16632
16171 16258 17020 17047
16580 16875 17254 16368
16712 16362 17048 16874
16663 16541 16978 16892
16222 16326 17049 17001
16643 16347 17010 16935
16746 16845 16819 16371
17022 16537 16856 16498
16929 16580 16489 16556
16661 16538 16977 16901
17154 16285 16793 16587
16815 16698 16460 16730
16544 16749 17289 16408
17100 16341 16689 16583
16837 16699 16439 16752
16827 16747 16457 16662
16853 16744 16422 16652
16805 16728 16393 16713
16903 16614 16558 16555
16477 16716 17017 16924
16215 16366 17035 17011
16786 16828 16823 16336
16964 16599 16491 16518
16240 16430 17447 16669
16812 16675 16595 16677
16851 16619 16443 16772
16774 16732 16466 16651
16777 16756 16365 16710
16951 16594 16530 16523
17116 16259 16711 16653
16838 16621 16441 16780
16745 16727 16471 16667
16204 16352 17452 16694
17053 16210 16665 16684
16750 16760 16410 16668
16179 16255 17064 17009
16597 16576 17389 16525
17018 16419 16859 16567
16936 16631 16492 16503
16179 16350 17482 16632
16597 16367 17118 16917
16705 16507 16778 16945
16334 16833 17063 16869
16865 16772 16829 16377
16060 16760 16997 16971
16918 16685 16497 16559
17019 16350 16741 16621
16364 16768 16918 16967
16844 16673 16477 16646
16740 16756 17175 16655
16882 16607 16502 16584
16355 16274 17284 16922
16830 16677 16448 16694
16857 16632 16474 16606
16209 16423 17427 16696
16233 16774 16993 16981
16654 16548 17085 16855
17097 16281 16820 16601
16638 16828 16420 16707
16196 16478 17378 16727
16125 16408 17390 16771
16144 16601 17009 16994
16614 16826 16420 16739
16191 16407 17403 16725
16824 16319 16906 16899
16302 16143 17354 16860
16835 16677 16534 16611
16613 16821 16452 16656
16657 16370 17327 16328
16751 16303 16830 16946
16831 16655 16531 16680
16687 16446 17315 16298
16667 16566 17164 16795
16694 16299 16857 16960
16571 16763 16956 16865
16744 16527 17096 16755
16786 16593 16824 16942
16687 16398 17316 16308
17026 16475 16847 16522
16681 16358 16815 17016
17030 16369 16900 16502
16584 16449 16895 17038
16630 16394 17343 16322
16977 16445 16946 16523
16845 16504 16743 16818
16680 16507 17305 16382
17081 16430 16806 16527
16871 16559 16467 16774
17040 16332 16782 16576
16215 16349 17414 16704
16715 16386 16859 16955
16818 16511 16916 16867
16870 16600 16436 16722
17042 16335 16783 16567
16202 16404 17365 16735
16822 16616 16905 16885
16864 16556 16487 16724
17107 16415 16800 16517
16323 16191 17333 16825
17100 16329 16717 16629
16830 16391 16679 16889
16926 16544 16433 16643
16733 16814 16451 16522
16441 16170 17346 16876
17133 16361 16666 16564
16965 16563 16379 16636
16940 16541 16783 16538
16920 16496 16880 16625
16276 16154 17359 16850
16980 16526 16417 16656
17017 16289 16905 16529
16679 16541 17125 16788
17171 16398 16685 16529
16751 16464 16854 16930
16863 16414 16662 16821
16628 16618 17031 16902
16988 16502 16391 16610
16917 16456 16928 16514
17053 16367 16900 16504
16488 16645 17273 16724
16996 16363 16927 16518
16502 16636 17262 16799
17108 16305 16691 16583
16838 16430 16750 16867
16726 16842 16375 16516
16998 16366 16928 16509
16687 16284 16784 16995
16891 16487 16901 16502
16986 16286 16983 16510
16350 16206 17296 16902
16768 16478 17115 16726
16700 16229 16833 16964
17001 16579 16802 16431
16889 16484 16900 16511
16981 16366 16961 16565
16381 16265 17269 16886
16245 16357 17309 16802
16725 16264 16787 16969
17124 16403 16674 16544
16747 16834 16327 16524
15955 16819 17107 16925
16946 16539 16871 16441
16919 16560 16888 16481
16689 16186 16792 16994
17127 16399 16587 16533
16988 16401 16473 16700
16741 16816 16365 16521
16998 16563 16921 16391
16848 16566 16956 16451
16731 16255 16786 16974
17112 16380 16622 16592
16591 16675 16893 16887
16950 16444 16368 16691
16739 16813 16364 16530
16931 16573 16900 16402
16869 16517 16936 16464
16729 16252 16785 16983
17020 16419 16379 16734
16627 16342 17301 16398
16917 16512 16934 16468
17013 16354 16947 16508
16716 16307 16736 17014
16713 16408 16659 17014
16659 16807 17093 16238
16875 16576 16886 16415
17065 16453 16867 16507
16279 16264 17312 16777
16719 16446 17063 16790
16691 16272 16782 17009
16719 16381 16632 16977
16617 16819 16919 16508
17024 16351 16909 16518
16143 16319 17302 16806
16697 16466 17035 16790
17006 16374 16384 16682
15823 16696 17143 16933
16930 16577 16858 16410
16988 16488 16987 16493
16360 16341 17283 16789
16696 16377 16780 16957
16962 16350 16417 16757
16637 16849 16364 16655
16435 16570 16965 17028
16724 16562 16612 17026
16667 16375 17318 16360
16580 16849 16906 16793
16846 16462 17001 16528
17067 16448 16877 16494
16186 16439 17352 16774
16740 16547 17021 16783
16727 16350 16777 16984
16659 16685 17066 16802
15844 16686 17106 16957
16573 16870 16982 16480
16849 16570 16820 16443
16740 16295 16826 16953
16546 16709 17129 16799
16183 16660 17023 16961
16679 16900 16332 16593
16946 16503 16987 16441
17086 16339 16855 16437
16235 16490 17311 16732
16520 16589 17117 16976
16740 16439 16596 16964
16716 16565 16674 16985
17028 16373 16912 16449
16766 16306 16814 16944
17065 16343 16671 16579
16909 16313 16718 16794
16939 16378 16429 16756
16707 16808 16419 16582
16743 16477 16590 16958
16625 16436 17303 16414
16719 16248 16849 16962
16896 16368 16669 16825
17008 16359 16656 16732
16694 16863 16370 16613
16706 16303 16800 16993
17149 16352 16761 16573
16981 16429 16397 16694
16493 16685 17203 16801
16788 16569 17004 16697
16669 16268 16795 17018
16888 16377 16707 16811
16458 16648 16997 17002
16994 16374 16446 16663
16406 16753 17172 16884
16790 16681 17024 16238
16902 16671 16696 16424
16906 16447 17024 16520
16932 16286 16968 16565
16694 16303 16749 17023
16894 16350 16680 16774
16436 16668 16969 17002
16672 16545 16704 17054
15805 16745 17190 16830
16901 16655 16736 16460
16523 16197 17325 16804
16658 16225 16754 17048
16881 16405 16631 16805
16932 16386 16500 16744
16720 16831 16354 16586
16616 16480 17239 16752
16852 16680 16689 16462
16945 16288 16966 16590
16851 16365 16679 16865
16919 16441 16451 16775
16732 16791 16328 16571
16932 16343 16917 16621
16884 16432 16444 16806
16734 16827 16305 16589
16914 16641 16613 16458
16425 16236 17238 16874
16825 16342 16639 16912
16914 16508 16432 16776
16851 16664 16667 16509
16858 16493 16951 16807
16561 16316 16715 17092
16788 16282 16645 16938
16523 16470 16969 16997
16925 16500 16426 16692
16715 16812 16300 16631
16873 16644 16685 16505
16873 16514 16946 16596
16987 16339 16934 16528
16879 16426 17019 16618
16699 16847 16324 16601
16860 16619 16691 16486
16472 16286 17253 16872
16300 16334 17300 16728
16808 16423 16780 16918
16835 16607 17128 16291
16931 16368 16962 16570
16413 16243 17265 16855
16514 16430 16929 17018
16785 16804 16245 16516
16918 16423 16913 16601
16519 16387 16942 17017
16767 16838 16281 16536
16462 16641 17157 16972
16917 16642 16647 16449
16882 16345 16918 16626
16343 16294 17243 16900
16580 16192 16795 17088
16810 16656 16931 16900
16684 16523 16735 16953
16567 16247 16746 17119
16981 16345 16657 16678
16524 16830 16869 16893
16920 16325 16921 16600
16318 16292 17273 16838
16569 16206 16733 17091
16499 16791 16923 16859
16821 16786 16276 16485
16956 16403 16916 16575
16496 16512 17184 16952
16781 16368 16635 16945
16490 16449 16954 17004
16921 16394 16909 16606
16358 16338 17282 16798
16871 16811 16703 16418
16978 16451 16861 16638
16419 16418 17247 16835
17058 16290 16630 16719
16890 16628 16615 16461
16910 16405 16837 16654
16389 16342 17259 16865
16226 16148 17226 17002
16228 16401 17318 16748
17010 16248 16663 16776
16869 16408 16635 16891
16594 16803 16923 16576
16882 16619 16665 16480
16446 16346 17232 16851
16268 16217 17220 16982
16881 16409 16949 16590
16560 16286 16677 17130
16953 16236 16708 16752
16798 16902 16356 16478
17040 16429 16779 16540
16281 16162 17269 16951
16567 16246 16691 17120
17003 16251 16668 16748
16882 16353 16684 16860
16846 16666 16644 16482
16836 16498 17002 16565
16597 16246 16641 17109
16952 16183 16639 16794
16837 16334 16668 16886
16824 16630 16694 16483
16428 16287 17304 16753
16270 16119 17228 16981
16610 16244 16643 17101
16988 16261 16634 16769
15989 16813 17112 16843
17058 16414 16723 16556
16430 16290 17305 16744
16239 16376 17355 16770
16617 16216 16719 17107
16931 16257 16661 16783
16857 16378 16656 16882
16505 16704 17162 16782
16574 16692 17141 16883
15987 16810 17111 16852
16658 16231 17322 16746
16283 16165 17164 16976
16172 16413 17347 16783
16849 16443 17051 16534
16933 16260 16662 16774
16518 16663 17190 16782
16522 16671 17185 16788
16707 16893 16773 16560
16938 16217 16675 16773
16873 16404 16580 16878
16601 16699 17011 16785
16513 16527 16986 16978
16570 16790 17088 16820
16520 16666 17191 16773
16524 16674 17186 16779
16496 16683 17242 16788
16931 16331 16815 16665
16443 16289 17301 16768
16249 16237 17252 16982
16980 16286 16669 16753
16533 16750 17039 16867
16906 16627 16656 16463
16978 16283 16668 16762
16865 16425 16545 16817
16539 16671 17318 16659
16468 16711 17204 16764
16592 16637 17215 16778
16501 16675 17209 16800
16457 16475 16979 17008
15982 16832 17091 16849
16936 16639 16592 16399
17093 16395 16747 16576
16613 16284 17270 16853
16188 16157 17287 16945
16160 16400 17383 16752
16796 16378 17074 16662
16670 16509 16727 17036
16416 16670 17219 16793
16420 16688 17173 16829
16559 16708 17006 16821
16555 16600 17188 16779
16459 16478 16980 16999
15970 16872 17117 16864
16603 16718 17253 16705
16830 16918 16705 16402
16921 16620 16627 16458
17007 16360 16779 16612
17021 16355 16600 16686
16445 16769 17206 16794
15968 16869 17116 16873
16929 16596 16601 16412
17045 16415 16802 16563
16931 16303 16900 16651
16136 16325 17406 16781
17000 16345 16636 16740
16434 16747 17158 16839
16891 16620 16677 16469
16918 16358 16851 16682
16138 16328 17407 16772
17004 16367 16639 16671
16432 16744 17157 16848
16031 16908 17068 16882
16761 16797 16758 16486
17043 16429 16718 16553
16164 16319 17392 16736
16964 16346 16704 16668
16569 16706 17290 16711
16033 16911 17069 16873
16738 16269 17283 16628
16812 16865 16787 16440
17058 16392 16756 16573
16203 16438 17392 16717
16977 16530 16758 16644
16470 16724 17160 16822
16558 16732 17188 16760
16575 16638 17177 16898
16683 16233 17292 16808
17071 16337 16805 16542
16874 16394 16865 16649
16414 16247 17293 16841
16216 16383 17441 16686
17019 16360 16747 16617
16827 16345 16640 16903
16515 16711 17122 16802
16559 16677 17264 16716
16471 16660 17127 16920
16514 16666 17192 16781
16115 16911 17045 16850
16271 16384 17413 16681
16845 16372 17061 16590
16983 16282 16752 16642
16840 16290 16689 16872
16493 16723 17139 16797
16489 16713 17045 16882
16516 16669 17193 16772
16608 16600 17153 16852
16647 16570 17111 16777
16899 16685 16679 16421
16970 16337 16703 16673
16876 16368 16684 16847
16560 16711 17116 16766
16476 16715 17043 16890
16638 16604 17075 16857
16607 16549 17176 16774
16637 16607 16698 17023
16912 16630 16728 16390
16570 16222 17301 16881
16968 16282 16712 16667
16429 16527 17298 16738
16506 16731 17153 16794
16587 16641 17235 16734
16621 16570 17035 16882
16651 16697 17237 16708
16080 16855 17017 16901
16767 16814 16745 16468
17032 16380 16843 16557
16559 16186 17334 16846
16517 16556 17320 16679
16534 16688 17147 16798
16615 16572 17073 16866
16597 16556 17029 16919
16603 16535 17190 16783
16270 16830 17081 16853
16759 16838 16771 16514
16894 16577 16810 16428
17019 16435 16794 16588
16273 16387 17414 16672
16989 16274 16753 16651
16550 16796 16941 16789
16477 16684 17174 16812
16570 16601 17217 16751
16609 16516 17003 16904
16597 16582 16710 17039
16881 16632 16761 16459
16835 16463 17015 16520
16991 16277 16754 16642
16560 16821 17088 16772
16464 16739 17125 16843
16602 16526 17080 16882
16651 16565 17013 16855
16644 16617 16680 17024
16800 16525 17139 16536
16786 16766 16756 16530
16881 16419 16897 16610
16658 16551 17003 16881
16799 16711 16805 16499
16883 16594 16757 16438
16993 16346 16913 16535
16950 16462 16905 16559
16207 16375 17363 16757
16344 16801 17217 16770
16541 16658 17228 16793
16596 16535 17081 16877
16771 16588 16949 16897
16174 16768 17077 16904
16622 16322 17328 16498
16772 16285 17289 16584
17018 16381 16867 16540
16917 16477 16901 16588
16538 16795 16893 16834
16557 16649 17369 16618
16623 16311 17343 16463
16804 16706 16760 16504
16918 16625 16689 16347
17040 16372 16834 16542
16498 16106 17369 16809
16196 16298 17369 16775
16333 16758 17176 16800
16521 16534 17259 16724
16586 16549 17037 16922
16091 16780 17119 16810
16758 16245 17242 16589
16806 16709 16761 16495
16913 16627 16686 16344
16854 16513 16950 16545
16536 16142 17374 16773
17093 16205 16828 16550
16478 16769 17032 16838
16508 16609 17235 16762
16700 16600 17060 16772
16799 16737 16685 16489
16920 16599 16762 16350
17075 16424 16851 16448
16525 16799 17082 16785
16373 16804 17067 16791
16532 16590 17179 16927
16641 16563 17080 16871
16668 16498 17084 16818
16031 16865 17153 16809
16977 16640 16764 16267
16820 16337 17107 16585
16525 16761 16966 16876
16472 16727 17161 16813
16318 16764 17136 16801
16699 16670 17032 16821
16050 16835 17120 16828
16750 16229 17257 16613
16852 16747 16657 16435
16923 16616 16790 16336
17081 16398 16854 16429
16241 16346 17367 16717
16497 16702 17189 16791
16470 16562 17167 16969
16646 16605 17071 16829
16680 16535 17081 16844
16660 16564 16702 17030
16025 16754 17087 16863
16898 16581 16836 16331
17066 16379 16889 16488
16833 16523 17029 16546
16266 16427 17400 16682
17059 16255 16738 16667
16547 16578 17390 16530
16484 16757 17140 16822
16528 16565 17091 16930
16629 16467 17052 16890
16027 16757 17088 16854
16790 16226 17295 16564
16885 16636 16787 16362
17058 16362 16891 16449
16486 16786 17137 16717
16674 16611 17036 16770
15977 16759 17089 16859
16818 16645 16863 16336
17018 16341 16956 16446
16851 16502 16992 16471
17129 16204 16760 16622
16473 16841 17088 16748
16593 16648 17301 16690
16677 16716 16994 16803
16602 16487 17110 16878
16872 16625 16826 16308
16960 16302 16996 16415
16877 16493 17067 16406
17154 16239 16714 16627
16402 16847 17156 16718
16565 16561 17372 16531
16749 16698 17017 16705
16638 16565 17105 16853
15988 16836 17083 16841
16847 16730 16873 16305
16996 16380 16991 16390
16217 16404 17356 16738
17118 16161 16719 16652
16475 16710 17090 16899
16430 16804 17150 16722
16555 16690 17382 16646
16568 16563 17052 16921
16613 16484 17072 16888
16460 16651 16998 16993
16681 16265 17310 16642
16833 16748 16696 16423
16869 16585 16825 16309
16971 16345 17037 16385
17105 16216 16670 16683
16443 16802 17152 16714
16555 16618 17003 16952
16684 16585 17089 16734
16743 16621 17097 16711
16638 16519 17026 16893
16465 16608 17011 16992
16686 16621 16707 16907
16002 16756 17087 16861
16911 16636 16793 16247
16958 16400 16988 16416
16681 16230 17291 16817
16247 16467 17337 16718
17054 16148 16641 16729
16394 16819 17131 16731
16462 16509 17399 16568
16603 16498 17028 16933
16658 16613 16779 16914
16027 16837 17120 16826
16846 16730 16670 16453
16927 16408 17022 16456
16583 16167 17350 16850
16309 16384 17381 16685
16825 16413 17074 16609
17090 16226 16636 16704
16393 16803 17171 16767
16633 16574 17016 16903
16014 16757 17125 16853
16923 16746 16865 16216
16519 16612 17387 16671
16827 16416 17075 16600
17067 16218 16664 16675
16529 16736 17053 16876
16383 16833 17104 16750
16274 16805 17069 16866
16846 16777 16706 16406
16376 16391 17438 16644
16814 16336 17080 16627
17109 16267 16674 16626
16479 16738 17054 16881
16276 16808 17070 16857
16544 16511 16974 16986
15993 16831 17147 16842
16897 16845 16735 16360
17026 16426 16883 16394
16844 16412 17068 16597
17107 16264 16673 16635
16388 16692 17361 16554
16276 16794 17103 16838
16281 16765 17083 16856
16549 16468 16987 16985
15995 16834 17148 16833
16876 16769 16791 16387
16832 16460 17003 16590
17102 16307 16660 16636
16489 16760 17093 16838
16713 16545 17109 16741
15934 16754 17183 16796
16834 16806 16783 16351
17108 16280 16633 16599
16390 16650 17398 16555
16300 16748 17062 16891
16288 16736 17014 16933
16523 16481 16906 17021
15947 16834 17178 16769
16910 16425 16992 16466
16791 16591 17034 16408
16416 16089 17313 16911
16193 16454 17394 16634
16839 16489 16848 16862
16595 16712 17010 16763
16285 16830 17009 16951
16553 16557 16894 16991
15972 16809 17206 16747
16781 16566 17043 16579
17085 16339 16683 16650
16723 16688 17236 16729
15959 16864 17157 16778
16814 16569 17021 16535
16512 16164 17278 16906
16225 16479 17442 16587
17049 16261 16688 16675
16799 16538 16873 16911
16426 16700 17357 16509
16283 16812 16977 16961
16666 16579 17011 16866
15957 16861 17156 16787
16887 16657 16854 16238
16525 16109 17327 16875
16227 16438 17429 16559
17051 16264 16689 16666
16482 16758 16840 17065
16422 16774 17016 16867
16706 16557 17074 16747
16668 16582 17012 16857
16018 16941 17121 16824
16860 16624 16832 16294
16820 16648 16879 16309
16936 16370 17004 16436
16561 16187 17322 16850
16229 16441 17430 16550
16795 16543 17026 16572
17003 16197 16713 16680
16374 16768 16904 17002
16372 16713 17339 16472
16621 16691 16952 16850
16464 16843 17010 16847
16708 16552 17053 16788
16634 16543 16990 16896
16457 16723 16886 17060
16862 16627 16833 16285
16993 16374 16977 16422
16787 16563 17032 16461
16296 16456 17487 16528
17054 16265 16742 16634
16816 16629 16904 16863
16367 16738 17334 16390
16678 16732 16954 16767
16507 16826 17016 16842
16280 16680 17008 16959
16923 16588 17014 16306
16999 16347 16950 16385
16843 16534 17004 16419
16287 16441 17423 16552
16331 16793 17391 16438
16707 16646 17006 16775
16455 16726 16837 17068
16802 16299 17211 16518
16857 16507 17002 16341
16534 16144 17306 16906
16783 16525 17030 16551
16685 16692 16968 16757
16230 16642 17024 16979
16729 16551 17038 16747
16992 16389 16902 16438
16559 16179 17260 16911
16293 16425 17405 16552
16415 16708 17456 16447
16628 16651 16966 16840
16486 16874 16956 16821
16260 16718 17012 16949
16669 16594 17044 16851
16076 16850 17122 16802
16943 16774 16808 16246
17040 16411 16885 16352
16572 16124 17309 16880
16306 16370 17454 16521
16315 16716 17373 16467
16618 16683 16969 16828
16276 16795 17030 16920
16620 16695 17162 16742
16694 16629 16998 16856
16593 16172 17288 16845
17144 16366 16682 16532
16576 16632 17001 16890
16246 16719 17042 16950
16505 16580 17233 16818
16715 16512 17067 16778
16785 16234 17247 16511
16591 16117 17297 16839
16235 16376 17522 16491
16915 16425 16677 16697
16356 16816 16831 17068
16322 16688 17449 16473
16580 16678 16931 16877
16538 16501 16872 17041
16710 16555 17054 16779
16565 16694 17190 16747
16636 16571 16975 16881
16473 16704 16850 17117
16981 16585 16856 16125
16802 16601 17135 16340
16578 16172 17248 16870
16209 16385 17537 16527
17139 16422 16639 16485
16909 16452 16704 16734
16603 16701 16717 16877
16578 16628 16932 16953
16231 16738 17016 16963
16551 16446 16921 17010
16658 16549 16753 17051
16017 16832 17087 16860
16611 16169 17226 16860
16184 16304 17504 16562
16940 16506 16710 16662
16590 16756 16668 16908
16535 16849 16973 16795
16538 16660 17202 16766
16733 16587 17007 16793
16822 16210 17256 16518
16818 16645 16878 16318
16242 16343 17464 16593
17099 16368 16720 16539
16916 16512 16701 16659
16596 16742 16738 16895
16417 16711 17457 16438
16578 16677 16891 16895
16283 16794 17032 16933
16499 16642 17235 16734
16595 16490 16936 16974
16087 16781 17109 16815
16804 16229 17332 16541
17031 16517 16836 16366
16820 16588 17163 16350
16575 16091 17231 16885
16206 16265 17469 16618
16420 16630 17425 16478
16579 16693 16851 16859
16560 16450 16936 17004
16584 16599 16947 16929
16130 16859 17095 16810
17016 16498 16871 16425
16267 16345 17434 16655
16787 16483 17107 16541
16892 16466 16823 16724
16476 16666 17384 16518
16571 16717 16877 16905
16535 16369 16903 17039
16548 16552 16944 16983
16128 16856 17094 16819
16691 16224 17254 16822
16322 16329 17430 16654
16299 16812 16858 17082
16439 16645 17406 16478
16399 16823 17053 16761
16269 16753 16991 16980
16586 16437 16932 16993
16550 16555 16945 16974
16680 16508 16643 17097
16748 16157 17301 16584
16804 16692 16864 16340
16619 16157 17227 16864
16265 16299 17427 16663
16998 16365 16692 16656
16239 16677 17003 17010
16537 16668 17317 16668
16561 16403 16935 16981
16121 16884 17018 16813
16795 16684 16877 16359
16804 16565 17237 16243
16515 16865 17052 16703
16597 16493 16937 16965
16125 16941 17035 16808
16811 16652 16878 16330
16623 16192 17271 16818
16998 16466 16769 16627
16585 16822 16969 16655
16753 16502 16535 16999
16116 16886 17015 16810
16741 16203 17251 16620
17031 16438 16818 16542
16868 16577 17170 16237
16738 16483 16570 17058
16822 16649 16840 16340
16881 16522 17219 16206
16955 16398 16737 16652
16902 16380 16790 16717
16475 16667 17393 16456
16389 16731 16942 17022
16590 16644 17214 16755
16615 16619 17242 16733
16730 16507 16596 17104
17023 16505 16731 16512
16409 16763 16887 17049
16595 16696 16674 16924
16509 16711 17349 16404
16482 16745 16983 16877
16383 16761 16945 16946
16743 16526 16518 17024
16761 16208 17295 16602
16833 16500 17236 16292
17037 16493 16769 16591
16582 16654 16642 16929
16370 16763 16943 16954
16508 16633 17186 16799
16544 16625 17257 16746
16788 16474 16518 16973
16781 16250 17258 16566
17012 16458 16815 16586
16820 16555 17187 16323
16795 16416 17146 16457
16612 16730 16630 16899
16389 16816 16911 16890
16536 16605 17214 16802
16840 16691 16796 16412
17028 16475 16773 16568
16795 16474 17154 16358
16452 16605 17330 16712
16889 16435 16741 16748
16699 16402 16832 16936
16604 16713 16632 16860
16425 16587 17438 16477
16797 16456 17012 16743
16591 16630 16868 16907
16786 16438 16541 16955
16831 16552 17149 16333
16668 16285 17242 16848
16697 16399 16831 16945
16600 16737 16708 16889
16573 16819 17090 16764
16499 16850 17041 16723
16383 16799 16924 16908
16535 16617 17233 16786
16578 16632 16866 16915
16780 16465 16568 16992
16183 16960 16995 16721
16825 16533 17165 16295
16662 16725 16654 16808
16418 16627 17424 16487
16474 16875 17013 16745
16543 16673 17215 16762
16409 16635 16967 17114
16737 16387 16582 16997
16752 16232 17258 16604
17025 16465 16845 16579
16867 16582 17175 16246
16626 16676 16693 16875
16545 16709 17055 16855
16535 16847 16928 16844
16518 16638 17261 16757
16739 16390 16583 16988
16884 16735 16912 16249
16832 16550 17147 16290
16689 16206 17265 16771
16260 16465 17339 16710
16717 16389 16860 16946
16659 16703 16634 16843
16547 16712 17056 16846
16441 16787 16966 16862
16744 16347 16596 16987
16889 16554 17120 16276
16676 16261 17216 16802
17005 16488 16742 16602
16649 16708 16646 16889
16603 16683 17028 16804
16478 16843 16955 16858
16653 16461 16917 16941
16513 16679 16920 17042
16780 16425 16591 16962
16859 16654 16879 16284
16926 16377 16917 16569
16956 16512 17114 16254
16619 16257 17243 16816
16192 16412 17325 16737
16993 16536 16677 16595
16573 16671 16663 16940
16440 16546 17405 16524
16590 16685 17026 16812
16537 16775 16918 16862
16580 16703 17252 16721
16861 16657 16880 16275
16988 16498 16686 16612
16601 16665 16649 16895
16612 16731 16950 16768
16444 16777 16898 16876
16636 16465 16924 16944
16785 16350 16542 16967
16650 16261 17333 16575
16859 16621 16903 16257
16905 16444 17085 16300
16552 16204 17305 16816
16507 16538 17401 16521
16584 16774 16956 16764
16409 16786 16931 16882
16722 16742 17293 16671
16796 16347 16504 16977
16114 16984 17060 16798
16652 16264 17334 16566
16884 16702 16936 16222
16892 16499 17036 16331
16588 16282 17300 16791
16209 16378 17364 16748
16983 16503 16731 16607
16596 16724 16900 16775
16547 16797 16872 16855
16422 16784 16933 16874
16541 16740 16882 16979
16785 16304 16463 17007
16112 16981 17059 16807
16673 16200 17345 16549
16848 16624 16941 16247
16911 16549 17013 16336
16594 16255 17273 16754
16880 16397 16875 16629
16657 16700 16633 16852
16490 16793 16899 16869
16364 16750 16985 16934
16675 16543 16837 16975
16784 16586 16951 16889
16579 16787 16816 16905
16807 16393 16434 16973
16835 16679 16892 16278
16940 16537 16969 16373
16678 16259 17265 16776
16226 16374 17357 16745
16956 16471 16833 16638
16635 16720 16605 16852
16578 16682 16959 16836
16520 16869 16887 16839
16688 16488 16886 16944
16592 16796 16827 16839
16118 17015 17079 16790
16743 16149 17367 16504
16963 16407 16954 16528
16898 16507 16981 16341
16664 16204 17295 16709
16916 16396 16807 16701
16692 16752 16523 16814
16603 16717 16913 16841
16348 16765 17046 16908
16682 16515 16913 16981
16826 16356 16503 16897
16814 16753 16914 16267
17026 16470 16686 16611
16886 16320 16819 16731
16681 16690 16485 16820
16607 16739 16916 16772
16262 16703 17034 16960
16680 16512 16912 16990
16793 16476 16962 16862
16618 16772 16767 16790
16820 16364 16520 16900
16051 16962 17141 16790
16774 16153 17344 16571
16779 16744 16907 16298
16915 16571 17016 16267
16656 16228 17321 16755
16911 16355 16773 16736
16660 16680 16521 16874
16592 16720 16951 16831
16550 16773 16918 16823
16270 16759 17016 16936
16454 16608 17331 16703
16754 16742 17242 16657
16603 16753 16802 16849
16879 16382 16486 16850
16203 16298 17360 16795
17029 16412 16651 16607
16732 16677 16531 16819
16625 16674 16866 16806
16537 16828 16869 16854
16213 16747 17061 16912
16794 16467 17008 16829
16830 16592 16879 16839
16599 16758 16791 16809
16822 16341 16484 16933
16057 16935 17114 16753
16725 16130 17300 16627
16842 16783 16859 16307
16920 16393 16838 16663
16925 16499 16990 16271
16684 16232 17238 16739
17023 16439 16678 16644
16621 16698 16942 16835
16215 16742 17071 16899
16465 16605 17293 16713
16817 16647 16830 16870
16595 16782 16867 16838
16815 16369 16408 16927
16738 16210 17295 16600
16853 16797 16843 16261
16910 16480 17025 16330
16686 16235 17239 16730
16245 16349 17328 16733
17035 16399 16652 16629
16753 16687 16495 16765
16636 16717 16907 16776
16233 16789 17060 16874
16430 16573 17265 16757
16633 16492 16869 17037
16780 16547 17004 16809
16846 16449 16862 16852
16863 16450 16964 16806
16792 16566 16797 16905
16593 16746 16890 16820
16736 16207 17294 16609
16866 16742 16892 16230
16914 16502 17028 16261
16707 16171 17250 16713
16224 16413 17317 16750
17077 16448 16662 16580
16795 16682 16536 16782
16603 16711 16914 16825
16220 16791 17058 16882
16491 16653 17230 16794
16572 16412 16904 17000
16751 16682 17222 16684
16821 16368 16829 16887
16587 16773 16917 16857
16799 16376 16436 16934
16881 16548 17113 16286
16701 16198 17277 16750
16222 16410 17316 16759
17096 16426 16596 16538
16741 16669 16591 16773
16616 16709 16916 16817
16470 16691 17233 16728
16757 16655 17195 16647
16827 16562 16986 16814
16796 16397 17026 16806
16799 16412 16462 16930
16085 16958 17072 16871
16711 16205 17324 16547
16921 16743 16864 16225
16942 16452 16929 16566
16922 16553 17114 16205
16699 16195 17276 16759
16204 16475 17313 16771
17048 16404 16613 16624
16615 16693 16956 16853
16459 16782 16765 16908
16158 16763 17046 16924
16413 16687 17260 16742
16744 16710 17146 16678
16814 16617 16937 16845
16783 16388 16826 16913
16798 16400 17027 16797
16778 16602 16862 16928
16821 16431 16418 16891
16690 16269 17313 16564
16686 16250 17227 16790
16134 17006 17174 16799
16104 16930 17186 16829
16709 16797 17244 16702
16675 16752 17176 16777
16114 17017 17036 16825
16573 16676 17181 16919
16595 16836 17033 16519
16029 16949 17081 16910
16339 16804 17043 16887
16886 16621 16999 16751
16271 16944 16859 16768
16643 16870 16881 16603
16802 16648 16941 16901
16758 16961 16802 16514
16148 16923 16739 16974
16477 16763 17053 16877
16199 16991 16768 16928
16705 16934 16786 16588
16318 16871 17065 16845
16134 16979 16796 16908
16825 16662 16817 16456
16724 16745 17294 16662
16676 16896 16883 16554
15849 17012 16740 16893
16733 16750 17037 16667
15801 17034 16649 16857
16831 16746 16816 16445
16506 16867 17132 16522
16165 16873 16791 16923
16641 16561 17272 16717
16683 16643 17182 16766
16463 16741 17171 16926
16085 16841 17030 16936
15793 16996 16730 16951
16127 16836 16809 16976
16474 16650 17230 16965
16189 16925 16631 16947
15949 16843 16704 17066
16678 16855 16870 16526
16688 16802 17037 16718
16558 16922 16841 16916
16580 16681 17221 16744
16625 16585 16983 17001
16492 16697 17129 16826
17055 16562 16865 16627
16110 17039 17105 16836
16749 16679 17221 16693
16152 16961 16718 16981
16228 16911 16847 16854
16596 16758 17239 16715
15944 16995 16647 16859
16844 16718 16785 16430
16478 16737 17280 16689
16725 16694 17150 16704
16673 16677 17265 16708
16470 16715 16932 17151
16085 16789 17257 16585
16087 16917 16789 16943
16566 16604 17065 16949
16075 16980 16743 17002
16523 16624 17112 16929
15909 17016 16609 16894
16548 16722 17171 16779
15991 17012 16581 16900
16657 16794 17110 16750
16655 16830 16855 16588
16450 16911 16868 16814
16524 16723 17268 16699
16135 16978 16690 17005
16459 16907 16913 16812
16163 16914 16804 16951
16057 16887 16787 17021
16553 16628 16947 16980
16683 16542 16902 17013
16016 16903 16779 16956
16517 16651 17139 16966
16149 16927 16846 16868
16434 16867 16953 16862
16526 16629 16857 17047
16522 16904 16924 16826
16332 16823 16786 17041
15876 16896 16654 17078
15825 17024 16580 16850
15819 17097 16714 16673
16301 16825 16870 17003
16087 16961 17073 16862
15854 17045 16770 16618
16422 16808 17106 16620
15692 17040 16583 16687
16154 16964 16627 16978
16609 16912 16831 16480
15831 17059 16697 16608
15905 16886 16673 17058
16675 16858 16798 16618
16543 16836 16927 16799
16532 16889 16766 16967
15851 16815 16621 17113
16464 16796 17188 16793
16301 16815 16859 17073
16489 16367 17269 16790
16451 16750 16913 17097
16599 16820 16998 16309
16444 16728 16936 17162
16089 16920 16790 16934
16158 16946 16642 16954
15969 16819 16599 17083
16446 16583 16627 17165
16129 16881 16606 17039
15924 16797 16663 17091
16724 16712 17024 16717
16477 16665 16932 17085
16434 16716 17000 17079
16151 16974 16566 16948
16474 16636 17373 16711
16167 16909 16676 16947
16329 16423 17373 16712
16165 16932 16590 17008
16289 16790 16791 17090
16780 16671 17014 16732
16156 16959 16824 16908
16557 16501 16827 17024
16511 16720 16933 17070
16677 16861 16799 16609
15801 17015 16746 16923
15757 17013 16693 16938
16362 16799 16985 17029
15755 17027 16609 16928
15724 17030 16614 16925
16046 16862 16717 17039
16245 16952 16693 16876
16221 16939 16771 16848
16709 16291 17139 16743
16787 16618 17001 16874
16452 16887 16860 16864
17007 16574 16818 16478
16891 16623 16802 16413
16677 16880 16828 16341
16693 16309 17080 16938
16666 16640 17102 16820
16114 16891 16760 17007
16771 16602 16928 16928
16773 16877 16703 16485
16411 16341 17257 16856
16356 16529 17003 17026
16457 16779 17111 16853
16144 16348 17408 16739
16855 16645 16772 16414
16491 16724 17173 16809
16639 16548 16958 16977
15911 16852 16614 17122
16632 16614 16623 17124
16667 16316 17140 16872
15875 16774 16619 17147
16569 16599 16936 17022
16104 16847 16609 17027
16140 16851 16557 17043
16165 16886 16511 17048
15900 16855 16652 17112
16154 16889 16549 17038
15912 16815 16626 17097
16449 16321 17260 16830
16333 16827 16753 17027
16560 16930 17006 16760
16538 16760 16953 17007
16161 16924 16641 16968
16151 16859 16579 17015
15991 16799 16627 17083
16654 16937 16829 16411
16881 16540 16816 16800
16149 16856 16578 17024
16027 16877 16622 17058
16200 16924 16607 16978
16002 16842 16668 17053
16077 16939 16730 16974
16166 16839 16606 17000
16015 16847 16629 17048
16179 16844 16567 16995
16381 16503 17020 17005
16169 16912 16677 16938
16213 16963 16797 16894
16014 16900 16778 16965
16162 16940 16601 16932
16915 16614 16820 16390
16916 16626 16737 16466
16906 16657 16755 16427
16996 16592 16730 16455
16598 16855 16766 16933
16939 16596 16709 16342
16165 16906 16767 16950
17065 16622 16665 16401
16937 16618 16731 16369
16150 16925 16741 16963
16673 16289 17113 16835
16152 16928 16742 16954
16924 16648 16659 16382
16622 16881 16752 16928
17073 16570 16635 16351
16931 16586 16600 16471
16040 16897 16746 16990
16718 16290 17108 16738
16038 16894 16745 16999
16780 16673 16689 16624
16095 16898 16718 16985
16827 16694 16560 16618
16507 16854 16812 16962
16844 16544 16991 16816
16709 16367 17108 16810
16605 16498 16883 17082
16144 16921 16762 16929
16933 16712 16571 16360
16507 16438 16805 17095
16411 16799 16864 17067
16825 16594 16925 16817
16158 16962 16825 16899
17029 16582 16659 16445
16657 16391 17060 16852
16824 16619 16906 16876
16899 16589 16729 16487
16213 16777 17089 16873
16814 16700 16723 16509
16398 16814 17162 16779
16147 16924 16845 16877
16421 16831 17041 16879
16544 16825 17097 16748
17012 16541 16828 16688
16802 16294 17044 16801
16536 16523 16938 17016
16226 16908 16846 16863
16946 16518 16781 16790
16177 16885 16802 16919
16954 16622 16563 16451
16202 16920 16756 16924
16536 16764 17154 16786
16479 16590 17143 16968
17117 16488 16547 16430
16588 16748 16926 16821
16796 16189 17012 16812
16484 16732 16964 16914
17077 16572 16609 16412
16815 16292 17046 16793
16565 16766 16868 16974
16381 16840 16937 16936
16667 16567 16863 17021
16992 16557 16937 16607
16766 16539 16962 16914
16678 16669 17155 16734
17102 16498 16513 16451
16587 16900 16333 16835
16780 16733 17227 16621
16631 16695 17328 16330
16536 16742 17027 16867
16608 16809 17223 16455
16587 16835 17268 16358
16383 16648 16971 17125
17072 16556 16613 16414
16633 16722 16756 16858
16600 16771 17274 16331
16178 16370 16976 17119
16705 16586 16786 16975
16709 16455 17049 16864
16730 16718 17267 16625
16716 16586 16638 17072
16723 16620 16726 16974
17099 16499 16679 16476
17075 16536 16632 16394
16427 16951 16850 16791
16609 16657 17150 16867
16889 16477 16779 16873
16403 16483 17048 17005
16819 16502 16962 16834
16235 16938 16814 16820
17101 16569 16528 16339
16504 16753 17168 16774
17122 16593 16560 16303
16555 16831 17255 16450
16660 16732 17216 16739
16264 16811 17102 16841
16506 16374 17217 16799
16817 16559 17095 16511
16904 16432 16864 16691
16735 16608 17117 16697
16633 16382 17072 16889
16821 16347 17018 16744
16361 16828 17027 16928
16625 16840 16955 16503
16602 16683 17214 16741
16219 16738 17018 16936
17114 16514 16577 16308
16379 16372 17238 16875
17124 16623 16597 16296
16419 16647 16903 17197
16587 16968 16762 16833
17080 16557 16650 16282
17134 16562 16479 16276
17181 16562 16502 16233
16554 16463 16762 17122
17156 16481 16469 16268
17150 16508 16496 16305
16693 16557 17149 16759
17148 16505 16495 16314
16770 16481 17116 16717
17135 16560 16446 16345
16465 16880 17131 16272
16633 16608 17143 16851
16634 16487 16879 17018
16636 16865 16851 16665
16622 16826 16830 16745
16494 16751 17290 16413
16529 16557 17358 16671
16623 16433 17302 16423
17116 16517 16578 16299
17128 16477 16552 16284
16797 16723 16533 16719
17115 16532 16503 16315
16730 16468 17083 16784
16779 16850 16676 16448
16582 16446 16894 17047
16849 16499 17081 16451
16820 16569 17025 16412
17074 16641 16543 16323
16814 16760 16469 16605
16832 16542 17069 16320
16804 16788 16788 16381
16815 16759 16362 16727
16771 16880 16773 16376
16067 15801 16626 17253
16767 16788 17178 16652
16921 16697 16425 16782
16861 16488 17036 16426
16731 16756 16313 16790
16279 16399 16622 17213
16720 16776 16312 16743
16069 15796 16636 17240
16745 16822 16256 16577
17128 16523 16579 16199
16905 16705 16596 16495
16483 16567 17135 16983
16797 16752 16419 16759
16547 16752 17218 16753
17141 16468 16628 16168
16733 16840 16391 16567
17135 16495 16655 16205
16686 16872 16408 16599
17133 16492 16654 16214
16813 16723 16487 16649
16874 16531 17131 16291
17120 16547 16605 16245
16327 16862 17132 16792
16728 16432 17106 16766
16369 16836 17171 16775
16875 16549 17246 16243
16063 15691 16657 17201
16790 16781 16345 16671
16845 16524 17048 16425
16657 16854 16408 16637
16563 16691 17189 16756
16673 16898 16808 16345
17093 16502 16699 16251
16152 15968 16547 17244
16645 16870 16299 16788
17071 16522 16671 16251
16595 16364 17117 16926
16060 15823 16552 17240
16616 16720 17054 16905
16794 16740 16645 16643
16136 16984 17076 16778
16841 16404 17091 16309
16766 16295 17112 16729
16191 16868 17217 16824
16832 16456 17069 16637
16030 15831 16575 17225
16426 16563 17162 16997
16808 16488 17075 16541
16785 16502 17179 16464
16820 16489 17094 16420
16767 16836 16822 16230
16481 16626 17120 16986
16506 16667 17338 16702
16229 16401 16623 17218
16424 16286 17306 16825
16160 15962 16497 17242
16465 16723 17302 16774
16217 15966 16470 17228
16533 16713 17337 16757
17071 16454 16675 16515
16158 16935 17025 16761
16494 16715 17195 16810
16635 16871 16936 16199
17082 16576 16502 16426
16311 16778 17148 16800
16525 16704 17148 16823
17033 16642 16428 16368
16167 15878 16479 17232
16580 16900 16955 16249
17045 16681 16429 16338
16127 15941 16486 17262
16693 16550 16675 17092
16660 16823 16236 16729
16172 16069 16503 17228
17009 16632 16468 16405
16582 16731 16780 16914
16664 16781 16237 16754
16627 16796 16744 16823
16989 16648 16556 16346
16198 16018 16381 17220
16592 16850 16899 16260
17040 16668 16514 16287
16192 16045 16408 17257
16066 16759 17208 16843
16824 16553 17087 16366
17032 16651 16516 16248
16141 15986 16463 17258
16584 16635 17131 16883
17000 16670 16600 16336
16261 16267 17242 16940
16136 15991 16508 17253
16110 16000 16523 17289
16123 16046 16459 17284
16704 16727 16600 16859
16080 16963 17117 16866
16066 16042 16486 17298
16102 16120 16481 17273
16971 16738 16653 16294
16115 16065 16530 17242
16840 16824 16872 16335
16118 16004 16480 17243
16753 16698 16251 16765
16352 16518 17010 17052
16749 16826 16835 16431
16910 16658 16688 16257
16784 16825 16822 16345
16946 16657 16620 16329
16720 16524 17315 16292
16603 16549 17362 16488
16960 16717 16570 16339
16836 16310 17056 16764
16965 16747 16546 16302
16993 16723 16520 16312
16558 16732 17157 16781
16999 16696 16493 16275
16748 16848 16820 16362
16824 16701 16437 16760
16745 16834 16834 16326
16962 16720 16571 16330
16263 16135 17297 16927
16932 16644 16583 16360
16281 16211 17230 16967
16083 16146 16433 17230
16735 16696 16618 16810
16547 16713 16950 17012
17020 16584 16659 16461
16671 16639 17068 16841
16348 16534 17013 17033
16276 16215 17292 16900
16708 16386 17061 16858
16145 16887 17060 16628
16739 16257 17050 16791
16020 16979 17134 16885
16654 16577 16728 17066
16972 16610 16543 16411
16147 16890 17061 16619
16738 16395 17060 16778
16618 16729 17334 16655
16325 16216 17312 16886
16142 16957 17049 16741
16460 16903 17018 16798
16698 16374 17125 16775
16451 16729 17021 16935
16982 16618 16489 16425
16684 16872 16857 16508
16282 16720 16991 16972
16551 16757 17273 16383
16948 16666 16502 16491
16459 16291 17281 16820
16931 16610 16509 16515
16274 16212 17291 16909
16930 16658 16519 16540
16879 16718 16515 16531
16050 16066 16563 17257
16918 16605 16548 16520
16946 16605 16565 16412
16916 16698 16390 16709
16225 16182 17040 17036
16923 16670 16466 16715
16940 16657 16423 16632
16300 16181 17358 16881
16959 16682 16403 16632
16631 16489 16868 17046
16317 16768 17051 16905
16933 16657 16396 16680
16164 16184 16987 17085
16873 16551 16976 16805
16925 16681 16422 16726
16215 16252 17016 17039
16926 16697 16382 16690
16201 16342 17050 17014
16380 16217 17311 16799
16171 16310 17017 17067
16777 16888 16753 16324
16286 16405 16596 17204
17016 16731 16392 16573
16273 16251 17197 16983
16721 16681 16942 16741
16955 16651 16427 16536
16790 16458 17097 16765
16884 16261 17012 16735
16949 16678 16454 16573
16805 16582 16958 16814
16892 16674 16481 16587
16512 16427 16928 17027
16820 16949 16748 16433
16894 16677 16482 16578
16859 16226 17058 16730
16899 16634 16495 16577
16205 16238 17030 17042
16505 16718 17141 16813
16846 16281 17009 16761
16886 16689 16446 16608
16110 16230 17052 17030
17013 16579 16719 16577
16877 16669 16493 16582
16723 16405 17026 16799
16146 16276 17020 17055
16829 16902 16745 16438
16705 16346 17031 16927
16830 16545 17003 16804
16156 16298 17059 17012
16857 16477 16991 16843
16949 16438 16854 16709
17020 16497 16713 16648
16877 16684 16625 16487
16888 16570 16941 16746
16864 16739 16576 16518
16691 16754 17144 16708
16173 16276 17016 17036
16875 16204 16889 16799
16865 16748 16514 16571
16283 16152 17199 16988
16374 16277 17279 16865
16770 16514 17092 16744
16842 16708 16496 16688
16737 16511 17272 16209
16979 16581 16585 16552
16871 16684 16458 16603
16434 16720 17200 16823
17025 16486 16877 16657
16884 16629 16507 16572
16776 16428 17250 16192
16957 16561 16822 16760
16879 16672 16494 16573
16149 16299 17076 16998
16332 16221 17332 16784
16124 16218 17043 17033
16768 16452 17276 16238
16566 16218 17362 16743
16864 16724 16444 16613
16185 16298 17008 17070
16743 16417 17287 16256
16641 16609 17295 16323
16732 16374 17281 16263
16734 16596 16978 16881
16452 16663 16962 17023
16345 16425 17025 17030
16257 16174 17179 17012
16995 16455 16898 16657
16850 16725 16445 16713
16743 16371 17243 16273
17050 16582 16619 16405
16872 16700 16418 16567
16745 16374 17244 16264
17081 16555 16616 16432
16770 16349 17272 16242
17056 16478 16642 16537
16320 16643 17337 16778
16244 16740 16988 16998
16811 16765 16529 16541
16831 16429 17237 16279
17035 16563 16654 16464
16300 16298 17268 16854
16844 16446 16861 16861
16188 15944 17102 17019
16497 16601 16629 17072
16656 16536 16706 17093
16509 16726 17136 16819
16709 16617 17132 16733
16306 16050 17113 17003
16774 16751 16599 16570
16576 16753 17302 16316
17069 16480 16862 16516
16868 16640 16892 16841
16184 15946 17091 17041
16526 16755 17303 16321
16340 16344 17277 16814
16665 16313 17139 16881
16659 16675 17158 16806
16652 16368 17090 16912
17083 16474 16659 16597
17094 16458 16645 16511
16966 16707 16480 16473
17003 16532 16894 16603
16599 16783 17267 16390
17035 16474 16925 16596
16696 16642 16697 17005
16794 16323 17237 16564
16963 16614 16552 16451
16411 16286 17261 16939
17065 16404 16920 16612
16651 16807 16896 16562
16546 16800 17260 16384
16961 16611 16551 16460
16564 16798 17236 16397
16974 16616 16512 16455
17046 16321 16711 16746
16711 16341 17298 16612
16946 16659 16518 16451
16826 16750 16448 16704
16693 16353 17338 16369
16622 16617 16664 17044
16567 16589 17006 16960
16829 16787 16793 16469
16890 16633 16520 16517
16646 16332 17309 16375
16531 16852 17210 16424
16892 16636 16521 16508
17069 16287 16683 16655
16196 16339 17053 17012
16544 16797 17259 16393
17084 16336 16771 16632
16171 16258 17020 17047
16580 16875 17254 16368
16712 16362 17048 16874
16663 16541 16978 16892
16222 16326 17049 17001
16643 16347 17010 16935
16746 16845 16819 16371
16929 16580 16489 16556
16661 16538 16977 16901
17154 16285 16793 16587
16815 16698 16460 16730
16544 16749 17289 16408
17100 16341 16689 16583
16837 16699 16439 16752
16827 16747 16457 16662
16853 16744 16422 16652
16805 16728 16393 16713
16903 16614 16558 16555
16477 16716 17017 16924
16215 16366 17035 17011
16786 16828 16823 16336
16964 16599 16491 16518
16240 16430 17447 16669
16812 16675 16595 16677
16774 16732 16466 16651
16777 16756 16365 16710
16951 16594 16530 16523
17116 16259 16711 16653
16745 16727 16471 16667
16204 16352 17452 16694
17053 16210 16665 16684
16750 16760 16410 16668
16179 16255 17064 17009
16597 16576 17389 16525
16936 16631 16492 16503
16179 16350 17482 16632
16597 16367 17118 16917
16334 16833 17063 16869
16865 16772 16829 16377
16060 16760 16997 16971
16918 16685 16497 16559
16364 16768 16918 16967
16844 16673 16477 16646
16740 16756 17175 16655
16355 16274 17284 16922
16830 16677 16448 16694
16209 16423 17427 16696
16233 16774 16993 16981
16654 16548 17085 16855
17097 16281 16820 16601
16638 16828 16420 16707
16196 16478 17378 16727
16125 16408 17390 16771
16144 16601 17009 16994
16191 16407 17403 16725
16824 16319 16906 16899
16302 16143 17354 16860
16835 16677 16534 16611
16657 16370 17327 16328
16751 16303 16830 16946
16831 16655 16531 16680
16687 16446 17315 16298
16667 16566 17164 16795
16694 16299 16857 16960
16571 16763 16956 16865
16744 16527 17096 16755
16786 16593 16824 16942
16687 16398 17316 16308
16681 16358 16815 17016
16584 16449 16895 17038
16630 16394 17343 16322
16977 16445 16946 16523
16680 16507 17305 16382
17101 16453 16881 16545
16871 16559 16467 16774
16215 16349 17414 16704
16715 16386 16859 16955
16818 16511 16916 16867
16202 16404 17365 16735
16822 16616 16905 16885
17107 16415 16800 16517
16323 16191 17333 16825
17100 16329 16717 16629
16842 16416 16718 16908
16733 16814 16451 16522
16441 16170 17346 16876
17133 16361 16666 16564
16965 16563 16379 16636
16920 16496 16880 16625
16276 16154 17359 16850
16679 16541 17125 16788
17171 16398 16685 16529
16751 16464 16854 16930
16628 16618 17031 16902
17008 16400 16947 16626
16502 16636 17262 16799
17108 16305 16691 16583
16726 16842 16375 16516
16691 16623 16811 16999
16986 16286 16983 16510
16350 16206 17296 16902
16768 16478 17115 16726
16700 16229 16833 16964
17001 16579 16802 16431
16996 16485 16901 16581
16981 16366 16961 16565
16381 16265 17269 16886
16245 16357 17309 16802
16725 16264 16787 16969
17124 16403 16674 16544
16747 16834 16327 16524
15955 16819 17107 16925
16919 16560 16888 16481
17127 16399 16587 16533
16988 16401 16473 16700
16741 16816 16365 16521
16998 16563 16921 16391
16731 16255 16786 16974
17112 16380 16622 16592
16739 16813 16364 16530
16931 16573 16900 16402
16729 16252 16785 16983
17020 16419 16379 16734
16627 16342 17301 16398
17013 16354 16947 16508
16716 16307 16736 17014
16713 16408 16659 17014
16659 16807 17093 16238
16719 16446 17063 16790
16691 16272 16782 17009
16719 16381 16632 16977
16617 16819 16919 16508
16201 16446 17311 16827
16724 16584 17042 16798
15823 16696 17143 16933
16930 16577 16858 16410
16988 16488 16987 16493
16360 16341 17283 16789
16962 16350 16417 16757
16637 16849 16364 16655
16435 16570 16965 17028
16724 16562 16612 17026
16667 16375 17318 16360
16580 16849 16906 16793
16848 16549 17006 16743
16186 16439 17352 16774
16768 16606 17021 16783
16727 16350 16777 16984
16659 16685 17066 16802
15844 16686 17106 16957
16573 16870 16982 16480
16740 16295 16826 16953
16546 16709 17129 16799
16183 16660 17023 16961
16679 16900 16332 16593
16946 16503 16987 16441
16520 16589 17117 16976
16740 16439 16596 16964
16716 16565 16674 16985
16766 16306 16814 16944
16932 16480 16789 16795
16708 16875 16725 16587
16743 16477 16590 16958
16625 16436 17303 16414
16719 16248 16849 16962
16896 16368 16669 16825
17008 16359 16656 16732
16694 16863 16370 16613
16706 16303 16800 16993
17149 16352 16761 16573
16981 16429 16397 16694
16493 16685 17203 16801
16788 16569 17004 16697
16669 16268 16795 17018
16458 16648 16997 17002
16406 16753 17172 16884
16790 16681 17024 16238
16902 16671 16696 16424
16906 16447 17024 16520
16932 16286 16968 16565
16694 16303 16749 17023
16895 16450 16752 16836
16436 16668 16969 17002
16672 16545 16704 17054
16901 16655 16736 16460
16523 16197 17325 16804
16658 16225 16754 17048
16720 16831 16354 16586
16616 16480 17239 16752
16852 16680 16689 16462
16945 16288 16966 16590
16732 16793 17178 16694
16734 16827 16305 16589
16914 16641 16613 16458
16425 16236 17238 16874
16825 16342 16639 16912
16851 16664 16667 16509
16858 16493 16951 16807
16561 16316 16715 17092
16788 16282 16645 16938
16715 16812 16300 16631
16873 16644 16685 16505
16882 16429 17029 16651
16699 16847 16324 16601
16472 16286 17253 16872
16391 16721 17327 16744
16808 16423 16780 16918
16835 16607 17128 16291
16931 16368 16962 16570
16413 16243 17265 16855
16785 16804 16245 16516
16519 16387 16942 17017
16767 16838 16281 16536
16462 16641 17157 16972
16917 16642 16647 16449
16343 16294 17243 16900
16580 16192 16795 17088
16810 16656 16931 16900
16567 16247 16746 17119
16524 16830 16869 16893
16318 16292 17273 16838
16569 16206 16733 17091
16499 16791 16923 16859
16821 16786 16276 16485
16496 16512 17184 16952
16781 16368 16635 16945
16490 16449 16954 17004
16358 16338 17282 16798
16871 16811 16703 16418
16419 16418 17247 16835
17058 16290 16630 16719
16890 16628 16615 16461
16963 16474 16870 16661
16389 16342 17259 16865
16226 16148 17226 17002
17010 16248 16663 16776
16869 16408 16635 16891
16594 16803 16923 16576
16446 16346 17232 16851
16268 16217 17220 16982
16560 16286 16677 17130
16798 16902 16356 16478
16281 16162 17269 16951
16567 16246 16691 17120
17003 16251 16668 16748
16846 16666 16644 16482
16597 16246 16641 17109
16952 16183 16639 16794
16270 16119 17228 16981
16610 16244 16643 17101
16988 16261 16634 16769
17058 16414 16723 16556
16239 16376 17355 16770
16617 16216 16719 17107
16864 16396 16746 16908
16505 16704 17162 16782
16574 16692 17141 16883
16658 16231 17322 16746
16283 16165 17164 16976
16172 16413 17347 16783
16849 16443 17051 16534
16518 16663 17190 16782
16522 16671 17185 16788
16707 16893 16773 16560
16873 16404 16580 16878
16612 16727 17109 16886
16542 16587 17036 16979
16570 16790 17088 16820
16520 16666 17191 16773
16524 16674 17186 16779
16496 16683 17242 16788
16249 16237 17252 16982
16980 16286 16669 16753
16533 16750 17039 16867
16906 16627 16656 16463
16978 16283 16668 16762
16539 16671 17318 16659
16468 16711 17204 16764
16592 16637 17215 16778
16501 16675 17209 16800
16457 16475 16979 17008
16936 16639 16592 16399
17093 16395 16747 16576
16613 16284 17270 16853
16188 16157 17287 16945
16160 16400 17383 16752
16818 16452 17083 16720
16670 16509 16727 17036
16416 16670 17219 16793
16420 16688 17173 16829
16555 16600 17188 16779
16603 16718 17253 16705
16830 16918 16705 16402
16921 16620 16627 16458
17021 16355 16600 16686
16445 16769 17206 16794
16929 16596 16601 16412
16931 16303 16900 16651
16136 16325 17406 16781
17000 16345 16636 16740
16434 16747 17158 16839
16891 16620 16677 16469
16970 16374 16865 16692
16138 16328 17407 16772
16432 16744 17157 16848
16031 16908 17068 16882
16761 16797 16758 16486
16164 16319 17392 16736
16569 16706 17290 16711
16066 16961 17087 16877
16738 16269 17283 16628
16812 16865 16787 16440
16203 16438 17392 16717
16470 16724 17160 16822
16558 16732 17188 16760
16575 16638 17177 16898
16683 16233 17292 16808
16414 16247 17293 16841
16216 16383 17441 16686
16515 16711 17122 16802
16559 16677 17264 16716
16471 16660 17127 16920
16514 16666 17192 16781
16115 16911 17045 16850
16271 16384 17413 16681
16845 16372 17061 16590
16493 16723 17139 16797
16516 16669 17193 16772
16608 16600 17153 16852
16899 16685 16679 16421
16638 16604 17075 16857
16637 16607 16698 17023
16912 16630 16728 16390
16570 16222 17301 16881
16475 16663 17362 16743
16506 16731 17153 16794
16587 16641 17235 16734
16621 16570 17035 16882
16651 16697 17237 16708
16109 16894 17099 16908
16767 16814 16745 16468
16559 16186 17334 16846
16534 16688 17147 16798
16615 16572 17073 16866
16597 16556 17029 16919
16603 16535 17190 16783
16270 16830 17081 16853
16759 16838 16771 16514
16894 16577 16810 16428
16273 16387 17414 16672
16550 16796 16941 16789
16477 16684 17174 16812
16570 16601 17217 16751
16597 16582 16710 17039
16881 16632 16761 16459
16835 16463 17015 16520
16560 16821 17088 16772
16464 16739 17125 16843
16651 16565 17013 16855
16644 16617 16680 17024
16800 16525 17139 16536
16786 16766 16756 16530
16658 16551 17003 16881
16799 16711 16805 16499
16207 16375 17363 16757
16344 16801 17217 16770
16541 16658 17228 16793
16771 16588 16949 16897
16174 16768 17077 16904
16622 16322 17328 16498
16772 16285 17289 16584
16554 16801 16896 16840
16557 16649 17369 16618
16623 16311 17343 16463
16804 16706 16760 16504
16918 16625 16689 16347
16498 16106 17369 16809
16196 16298 17369 16775
16333 16758 17176 16800
16586 16549 17037 16922
16180 16846 17173 16834
16758 16245 17242 16589
16806 16709 16761 16495
16913 16627 16686 16344
16536 16142 17374 16773
17093 16205 16828 16550
16478 16769 17032 16838
16508 16609 17235 16762
16700 16600 17060 16772
16799 16737 16685 16489
16920 16599 16762 16350
16525 16799 17082 16785
16373 16804 17067 16791
16532 16590 17179 16927
16641 16563 17080 16871
16668 16498 17084 16818
16977 16640 16764 16267
16820 16337 17107 16585
16525 16761 16966 16876
16472 16727 17161 16813
16318 16764 17136 16801
16699 16670 17032 16821
16750 16229 17257 16613
16852 16747 16657 16435
16923 16616 16790 16336
16472 16633 17372 16720
16497 16702 17189 16791
16470 16562 17167 16969
16646 16605 17071 16829
16680 16535 17081 16844
16660 16564 16702 17030
16898 16581 16836 16331
17066 16379 16889 16488
16833 16523 17029 16546
16266 16427 17400 16682
17059 16255 16738 16667
16547 16578 17390 16530
16484 16757 17140 16822
16528 16565 17091 16930
16629 16467 17052 16890
16790 16226 17295 16564
16885 16636 16787 16362
17071 16377 16893 16575
16486 16786 17137 16717
16819 16658 16971 16810
17018 16341 16956 16446
17129 16204 16760 16622
16473 16841 17088 16748
16593 16648 17301 16690
16677 16716 16994 16803
16602 16487 17110 16878
16872 16625 16826 16308
16960 16302 16996 16415
16877 16493 17067 16406
17154 16239 16714 16627
16402 16847 17156 16718
16565 16561 17372 16531
16749 16698 17017 16705
16638 16565 17105 16853
16847 16730 16873 16305
16996 16380 16991 16390
17118 16161 16719 16652
16475 16710 17090 16899
16430 16804 17150 16722
16555 16690 17382 16646
16580 16642 17059 16930
16613 16484 17072 16888
16460 16651 16998 16993
16681 16265 17310 16642
16833 16748 16696 16423
16971 16345 17037 16385
17105 16216 16670 16683
16443 16802 17152 16714
16555 16667 17031 16952
16685 16666 17143 16770
16743 16621 17097 16711
16638 16519 17026 16893
16465 16608 17011 16992
16911 16636 16793 16247
16958 16400 16988 16416
16681 16230 17291 16817
17054 16148 16641 16729
16394 16819 17131 16731
16462 16509 17399 16568
16603 16498 17028 16933
16846 16730 16670 16453
16927 16408 17022 16456
16583 16167 17350 16850
16309 16384 17381 16685
16825 16413 17074 16609
17090 16226 16636 16704
16393 16803 17171 16767
16633 16574 17016 16903
16923 16746 16865 16216
16519 16612 17387 16671
16827 16416 17075 16600
17067 16218 16664 16675
16529 16736 17053 16876
16383 16833 17104 16750
16274 16805 17069 16866
16846 16777 16706 16406
16376 16391 17438 16644
16819 16379 17099 16655
17109 16267 16674 16626
16479 16738 17054 16881
16276 16808 17070 16857
16034 16981 17164 16874
16897 16845 16735 16360
16844 16412 17068 16597
17107 16264 16673 16635
16388 16692 17361 16554
16276 16794 17103 16838
16281 16765 17083 16856
16549 16468 16987 16985
16876 16769 16791 16387
17102 16307 16660 16636
16489 16760 17093 16838
16713 16545 17109 16741
16201 16782 17184 16817
16834 16806 16783 16351
17108 16280 16633 16599
16390 16650 17398 16555
16300 16748 17062 16891
16288 16736 17014 16933
16910 16425 16992 16466
16791 16591 17034 16408
16416 16089 17313 16911
16193 16454 17394 16634
16839 16489 16848 16862
16285 16830 17009 16951
16781 16566 17043 16579
17085 16339 16683 16650
16723 16688 17236 16729
16814 16569 17021 16535
16512 16164 17278 16906
16225 16479 17442 16587
17049 16261 16688 16675
16799 16538 16873 16911
16426 16700 17357 16509
16283 16812 16977 16961
16666 16579 17011 16866
16887 16657 16854 16238
16525 16109 17327 16875
16227 16438 17429 16559
17051 16264 16689 16666
16482 16758 16840 17065
16422 16774 17016 16867
16706 16557 17074 16747
16668 16582 17012 16857
16820 16648 16879 16309
16936 16370 17004 16436
16561 16187 17322 16850
16229 16441 17430 16550
16795 16543 17026 16572
16374 16768 16904 17002
16372 16713 17339 16472
16624 16696 17028 16859
16464 16843 17010 16847
16708 16552 17053 16788
16634 16543 16990 16896
16457 16723 16886 17060
16993 16374 16977 16422
16787 16563 17032 16461
16296 16456 17487 16528
17054 16265 16742 16634
16816 16629 16904 16863
16367 16738 17334 16390
16682 16758 17150 16768
16507 16826 17016 16842
16280 16680 17008 16959
16923 16588 17014 16306
16999 16347 16950 16385
16287 16441 17423 16552
16331 16793 17391 16438
16785 16664 17007 16835
16455 16726 16837 17068
16802 16299 17211 16518
16857 16507 17002 16341
16534 16144 17306 16906
16791 16545 17033 16757
16685 16692 16968 16757
16230 16642 17024 16979
16729 16551 17038 16747
16559 16179 17260 16911
16293 16425 17405 16552
16415 16708 17456 16447
16628 16651 16966 16840
16486 16874 16956 16821
16260 16718 17012 16949
16669 16594 17044 16851
16943 16774 16808 16246
17045 16482 16909 16587
16572 16124 17309 16880
16306 16370 17454 16521
16315 16716 17373 16467
16276 16795 17030 16920
16694 16629 16998 16856
16593 16172 17288 16845
17144 16366 16682 16532
16246 16719 17042 16950
16505 16580 17233 16818
16715 16512 17067 16778
16816 16244 17363 16516
16591 16117 17297 16839
16235 16376 17522 16491
16356 16816 16831 17068
16322 16688 17449 16473
16538 16501 16872 17041
16710 16555 17054 16779
16565 16694 17190 16747
16473 16704 16850 17117
16981 16585 16856 16125
16802 16601 17135 16340
16578 16172 17248 16870
16209 16385 17537 16527
17139 16422 16639 16485
16578 16628 16932 16953
16231 16738 17016 16963
16658 16549 16753 17051
16611 16169 17226 16860
16184 16304 17504 16562
16535 16849 16973 16795
16538 16660 17202 16766
16822 16210 17256 16518
16242 16343 17464 16593
16417 16711 17457 16438
16283 16794 17032 16933
16804 16229 17332 16541
16820 16588 17163 16350
16575 16091 17231 16885
16206 16265 17469 16618
16420 16630 17425 16478
16584 16599 16947 16929
17016 16498 16871 16425
16267 16345 17434 16655
16787 16483 17107 16541
16913 16540 16837 16774
16476 16666 17384 16518
16535 16369 16903 17039
16691 16224 17254 16822
16322 16329 17430 16654
16299 16812 16858 17082
16439 16645 17406 16478
16399 16823 17053 16761
16269 16753 16991 16980
16680 16508 16643 17097
16748 16157 17301 16584
16804 16692 16864 16340
16619 16157 17227 16864
16265 16299 17427 16663
16239 16677 17003 17010
16537 16668 17317 16668
16121 16884 17018 16813
16795 16684 16877 16359
16804 16565 17237 16243
16515 16865 17052 16703
16125 16941 17035 16808
16623 16192 17271 16818
16585 16822 16969 16655
16753 16502 16535 16999
16116 16886 17015 16810
16741 16203 17251 16620
16868 16577 17170 16237
16738 16483 16570 17058
16822 16649 16840 16340
16881 16522 17219 16206
16475 16667 17393 16456
16389 16731 16942 17022
16590 16644 17214 16755
16615 16619 17242 16733
16730 16507 16596 17104
16409 16763 16887 17049
16509 16711 17349 16404
16482 16745 16983 16877
16383 16761 16945 16946
16743 16526 16518 17024
16761 16208 17295 16602
16833 16500 17236 16292
16370 16763 16943 16954
16508 16633 17186 16799
16544 16625 17257 16746
16788 16474 16518 16973
16781 16250 17258 16566
16820 16555 17187 16323
16795 16416 17146 16457
16389 16816 16911 16890
16536 16605 17214 16802
16840 16691 16796 16412
16795 16474 17154 16358
16718 16531 16835 16944
16633 16715 16652 16890
16425 16587 17438 16477
16803 16504 17033 16760
16591 16630 16868 16907
16786 16438 16541 16955
16831 16552 17149 16333
16668 16285 17242 16848
16697 16399 16831 16945
16573 16819 17090 16764
16499 16850 17041 16723
16383 16799 16924 16908
16535 16617 17233 16786
16780 16465 16568 16992
16183 16960 16995 16721
16825 16533 17165 16295
16662 16725 16654 16808
16418 16627 17424 16487
16474 16875 17013 16745
16543 16673 17215 16762
16409 16635 16967 17114
16737 16387 16582 16997
16752 16232 17258 16604
16867 16582 17175 16246
16626 16676 16693 16875
16535 16847 16928 16844
16739 16390 16583 16988
16884 16735 16912 16249
16832 16550 17147 16290
16689 16206 17265 16771
16336 16720 17355 16749
16717 16389 16860 16946
16659 16703 16634 16843
16441 16787 16966 16862
16744 16347 16596 16987
16889 16554 17120 16276
16676 16261 17216 16802
16649 16708 16646 16889
16478 16843 16955 16858
16653 16461 16917 16941
16513 16679 16920 17042
16780 16425 16591 16962
16859 16654 16879 16284
16956 16512 17114 16254
16619 16257 17243 16816
16573 16671 16663 16940
16440 16546 17405 16524
16537 16775 16918 16862
16580 16703 17252 16721
16861 16657 16880 16275
16444 16777 16898 16876
16785 16350 16542 16967
16695 16262 17333 16718
16905 16444 17085 16300
16552 16204 17305 16816
16507 16538 17401 16521
16584 16774 16956 16764
16409 16786 16931 16882
16722 16742 17293 16671
16796 16347 16504 16977
16744 16292 17340 16570
16884 16702 16936 16222
16892 16499 17036 16331
16588 16282 17300 16791
16209 16378 17364 16748
16547 16797 16872 16855
16422 16784 16933 16874
16541 16740 16882 16979
16785 16304 16463 17007
16112 16981 17059 16807
16788 16250 17377 16561
16848 16624 16941 16247
16911 16549 17013 16336
16594 16255 17273 16754
16657 16700 16633 16852
16490 16793 16899 16869
16364 16750 16985 16934
16675 16543 16837 16975
16784 16586 16951 16889
16579 16787 16816 16905
16807 16393 16434 16973
16835 16679 16892 16278
16940 16537 16969 16373
16678 16259 17265 16776
16226 16374 17357 16745
16635 16720 16605 16852
16520 16869 16887 16839
16688 16488 16886 16944
16592 16796 16827 16839
16118 17015 17079 16790
16963 16407 16954 16528
16898 16507 16981 16341
16693 16770 16625 16849
16348 16765 17046 16908
16682 16515 16913 16981
16814 16753 16914 16267
16690 16719 16625 16876
16262 16703 17034 16960
16680 16512 16912 16990
16793 16476 16962 16862
16618 16772 16767 16790
16774 16153 17344 16571
16779 16744 16907 16298
16915 16571 17016 16267
16656 16228 17321 16755
16550 16773 16918 16823
16270 16759 17016 16936
16754 16742 17242 16657
16603 16753 16802 16849
16203 16298 17360 16795
16733 16705 16591 16863
16633 16746 16874 16815
16537 16828 16869 16854
16213 16747 17061 16912
16794 16467 17008 16829
16599 16758 16791 16809
16822 16341 16484 16933
16725 16130 17300 16627
16842 16783 16859 16307
16925 16499 16990 16271
16684 16232 17238 16739
16621 16698 16942 16835
16215 16742 17071 16899
16817 16647 16830 16870
16595 16782 16867 16838
16864 16481 16415 16927
16738 16210 17295 16600
16853 16797 16843 16261
16910 16480 17025 16330
16686 16235 17239 16730
17035 16399 16652 16629
16753 16687 16495 16765
16233 16789 17060 16874
16633 16492 16869 17037
16846 16449 16862 16852
16863 16450 16964 16806
16792 16566 16797 16905
16593 16746 16890 16820
16736 16207 17294 16609
16866 16742 16892 16230
16914 16502 17028 16261
16707 16171 17250 16713
17077 16448 16662 16580
16795 16682 16536 16782
16220 16791 17058 16882
16491 16653 17230 16794
16751 16682 17222 16684
16821 16368 16829 16887
16587 16773 16917 16857
16806 16470 16447 16942
16881 16548 17113 16286
16701 16198 17277 16750
16741 16669 16591 16773
16757 16655 17195 16647
16827 16562 16986 16814
16796 16397 17026 16806
16799 16412 16462 16930
16085 16958 17072 16871
16764 16294 17327 16570
16921 16743 16864 16225
16922 16553 17114 16205
16699 16195 17276 16759
16158 16763 17046 16924
16744 16710 17146 16678
16814 16617 16937 16845
16783 16388 16826 16913
16798 16400 17027 16797
16778 16602 16862 16928
16872 16469 16451 16897
16686 16250 17227 16790
16231 16459 17304 16815
16678 16692 16645 16824
16387 16696 17275 16778
16631 16568 16931 16949
16742 16707 17145 16687
16789 16582 16983 16840
16819 16466 16821 16888
16802 16332 17059 16766
16476 16777 16865 16911
16955 16734 16782 16231
16908 16575 17113 16242
16664 16303 17271 16812
16680 16695 16646 16815
16570 16769 16928 16866
16390 16818 16818 16937
16192 16815 17092 16807
16646 16521 16994 16984
16832 16411 16870 16857
16838 16410 17054 16741
16478 16780 16866 16902
16957 16737 16783 16222
16219 16381 17314 16815
16583 16788 16850 16786
16440 16816 16817 16932
16857 16446 16824 16862
16809 16326 17013 16772
16703 16583 16785 16984
16505 16776 16843 16903
16877 16426 16464 16896
16801 16296 17313 16556
16900 16733 16810 16236
16955 16570 17033 16189
16644 16194 17304 16764
16193 16390 17329 16851
16589 16512 17008 16923
16851 16375 17023 16723
16464 16771 16842 16984
16757 16322 17251 16564
16887 16788 16761 16267
17022 16528 17027 16167
16208 16316 17299 16819
16555 16817 16856 16804
16697 16596 16784 16962
16883 16735 16793 16254
16670 16181 17300 16753
16233 16397 17332 16784
16546 16819 16856 16820
16334 16717 17354 16758
16826 16618 16985 16800
16699 16599 16785 16953
16913 16811 16781 16224
16961 16448 17062 16130
16255 16433 17282 16783
16668 16689 16592 16884
16565 16872 16824 16756
16130 16788 17252 16787
16609 16677 17159 16811
16825 16352 17072 16618
16677 16568 16841 16932
16819 16415 16496 16911
16064 16949 17212 16868
16926 16830 16703 16144
16994 16482 16900 16590
16997 16526 17057 16105
16603 16223 17306 16775
16230 16352 17249 16818
16564 16856 16864 16792
16474 16933 16784 16820
16132 16791 17253 16778
16531 16597 17003 16959
16666 16681 17132 16797
16671 16595 16868 16969
16809 16272 17287 16510
16933 16802 16779 16150
16949 16519 17115 16100
16232 16355 17250 16809
16719 16746 16565 16800
16107 16710 17220 16813
16375 16644 17309 16773
16692 16672 17117 16761
16684 16540 16917 16938
16812 16443 16420 16905
16822 16217 17336 16479
16945 16771 16698 16123
16937 16540 17139 16133
16613 16235 17242 16858
16637 16789 16868 16765
16110 16858 17197 16862
16709 16621 16950 16903
16842 16519 16408 16875
16091 16985 17137 16860
16917 16814 16704 16119
16899 16479 17143 16135
16670 16239 17215 16844
16283 16363 17277 16785
16737 16681 16515 16834
16638 16805 16828 16729
16412 16939 16866 16752
16622 16687 17123 16784
16812 16471 17011 16768
16833 16521 16408 16891
16814 16241 17362 16525
16955 16749 16642 16120
16941 16528 17153 16086
16683 16184 17264 16813
16224 16311 17316 16809
16435 16941 16805 16686
16088 16790 17152 16864
16827 16367 17013 16771
16890 16553 16326 16853
16985 16749 16557 16085
17030 16492 16875 16608
16947 16501 17126 16049
16708 16219 17218 16818
16254 16387 17304 16779
16748 16724 16556 16804
16431 16965 16881 16715
16632 16576 16882 16971
16840 16554 16373 16846
16121 16990 17214 16785
16995 16734 16654 16164
16934 16556 17077 16080
16672 16141 17223 16843
16254 16381 17266 16791
16728 16730 16653 16802
16640 16841 16775 16636
16466 16940 16963 16676
16647 16693 17013 16808
16786 16588 17020 16758
16809 16432 17063 16737
16754 16660 17030 16768
16834 16581 16400 16883
16993 16731 16653 16173
16659 16196 17174 16874
16224 16305 17278 16821
16607 16887 16860 16661
16049 16778 17232 16825
16784 16585 17019 16767
16879 16465 16843 16790
16822 16428 17007 16691
16736 16691 16960 16740
16832 16578 16399 16892
16090 16986 17237 16718
16718 16301 17355 16606
16968 16756 16625 16195
16942 16528 17035 16077
16602 16192 17201 16888
16198 16314 17293 16857
16594 16889 16858 16669
16453 16950 16903 16647
16480 16609 17346 16674
16637 16545 16957 16986
16763 16649 17008 16784
16877 16462 16842 16799
16849 16460 17010 16688
16752 16683 16882 16659
16857 16613 16353 16897
16077 16988 17235 16726
16746 16295 17341 16561
16928 16555 17037 16155
16638 16270 17196 16863
16266 16374 17272 16801
16656 16877 16804 16588
16438 16931 16938 16706
16120 16772 17164 16855
16824 16425 17056 16683
16723 16744 16913 16698
16821 16535 16358 16922
16724 16264 17397 16540
16990 16543 16983 16074
16584 16205 17173 16878
16230 16296 17277 16826
16741 16675 16702 16771
16665 16830 16801 16593
16436 16954 16913 16643
16142 16803 17108 16876
16825 16610 16994 16769
16888 16505 16883 16769
16752 16684 16836 16671
16496 16811 16771 16992
16823 16538 16359 16913
16060 16910 17249 16748
16781 16268 17370 16526
16973 16703 16710 16143
16981 16545 16983 16090
16641 16209 17146 16864
16243 16376 17272 16799
16743 16678 16703 16762
16396 16933 16978 16640
16140 16800 17107 16885
16648 16524 16995 16975
16837 16570 16968 16754
16890 16508 16884 16760
16816 16449 17082 16729
16743 16667 16878 16735
16546 16809 16770 16987
16791 16535 16408 16933
16794 16213 17419 16495
16961 16743 16736 16158
17037 16516 16955 16048
16701 16247 17142 16812
16241 16373 17271 16808
16735 16691 16904 16781
16659 16810 16697 16624
16349 16953 16922 16589
16170 16876 17095 16855
16535 16672 17324 16729
16654 16497 16968 16938
16859 16601 16912 16775
16896 16481 16857 16723
16562 16777 16771 16958
16816 16616 16441 16898
16070 16922 17185 16831
16836 16262 17429 16446
16981 16680 16703 16131
17041 16492 16879 16019
16734 16201 17057 16787
16689 16810 16647 16613
16316 16947 16929 16638
16522 16727 17275 16760
16641 16552 16919 16969
16797 16646 16960 16811
16681 16678 16959 16772
16838 16662 16365 16854
16842 16235 17402 16409
16968 16735 16654 16162
17027 16530 16911 16093
16730 16225 17133 16816
16229 16423 17327 16797
16715 16809 16582 16561
16311 16972 16924 16556
16142 16848 17014 16883
16590 16484 16890 17015
16767 16426 17038 16785
16668 16733 16910 16803
16775 16685 16419 16905
16016 16898 17211 16900
16829 16290 17353 16440
16999 16694 16585 16115
16961 16398 16828 16694
17060 16484 16826 16068
16686 16159 17137 16837
16231 16426 17328 16788
16134 17006 17174 16799
16104 16930 17186 16829
16709 16797 17244 16702
16675 16752 17176 16777
16114 17017 17036 16825
16573 16676 17181 16919
16595 16836 17033 16519
16029 16949 17081 16910
16339 16804 17043 16887
16886 16621 16999 16751
16271 16944 16859 16768
16643 16870 16881 16603
16802 16648 16941 16901
16758 16961 16802 16514
16148 16923 16739 16974
16477 16763 17053 16877
16199 16991 16768 16928
16705 16934 16786 16588
16318 16871 17065 16845
16134 16979 16796 16908
16825 16662 16817 16456
16724 16745 17294 16662
16676 16896 16883 16554
15849 17012 16740 16893
16733 16750 17037 16667
15801 17034 16649 16857
16831 16746 16816 16445
16506 16867 17132 16522
16525 16873 16793 16931
16641 16561 17272 16717
16683 16643 17182 16766
16463 16741 17171 16926
16085 16841 17030 16936
15793 16996 16730 16951
16127 16836 16809 16976
16474 16650 17230 16965
16189 16925 16631 16947
15949 16843 16704 17066
16678 16855 16870 16526
16688 16802 17037 16718
16558 16922 16841 16916
16580 16681 17221 16744
16625 16585 16983 17001
16492 16697 17129 16826
17055 16562 16865 16627
16110 17039 17105 16836
16749 16679 17221 16693
16152 16961 16718 16981
16228 16911 16847 16854
16596 16758 17239 16715
15944 16995 16647 16859
16844 16718 16785 16430
16486 16760 17280 16772
16725 16694 17150 16704
16673 16677 17265 16708
16470 16715 16932 17151
16514 16790 17260 16801
16087 16917 16789 16943
16566 16604 17065 16949
16075 16980 16743 17002
16523 16624 17112 16929
15909 17016 16609 16894
16548 16722 17171 16779
15991 17012 16581 16900
16657 16794 17110 16750
16655 16830 16855 16588
16450 16911 16868 16814
16524 16723 17268 16699
16135 16978 16690 17005
16459 16907 16913 16812
16163 16914 16804 16951
16057 16887 16787 17021
16553 16628 16947 16980
16683 16542 16902 17013
16016 16903 16779 16956
16517 16651 17139 16966
16149 16927 16846 16868
16434 16867 16953 16862
16526 16629 16857 17047
16522 16904 16924 16826
16332 16823 16786 17041
15876 16896 16654 17078
15825 17024 16580 16850
15819 17097 16714 16673
16301 16825 16870 17003
16087 16961 17073 16862
16335 17076 16894 16681
16508 16852 17221 16779
15692 17040 16583 16687
16154 16964 16627 16978
16609 16912 16831 16480
15905 16886 16673 17058
16675 16858 16798 16618
16543 16836 16927 16799
16532 16889 16766 16967
15851 16815 16621 17113
16464 16796 17188 16793
16301 16815 16859 17073
16489 16367 17269 16790
16451 16750 16913 17097
16599 16820 16998 16309
16444 16728 16936 17162
16089 16920 16790 16934
16158 16946 16642 16954
15969 16819 16599 17083
16446 16583 16627 17165
16129 16881 16606 17039
15924 16797 16663 17091
16724 16712 17024 16717
16477 16665 16932 17085
16434 16716 17000 17079
16151 16974 16566 16948
16474 16636 17373 16711
16167 16909 16676 16947
16329 16423 17373 16712
16165 16932 16590 17008
16289 16790 16791 17090
16780 16671 17014 16732
16156 16959 16824 16908
16569 16548 16879 17032
16511 16720 16933 17070
16677 16861 16799 16609
15801 17015 16746 16923
15757 17013 16693 16938
16362 16799 16985 17029
15755 17027 16609 16928
15724 17030 16614 16925
16046 16862 16717 17039
16245 16952 16693 16876
16221 16939 16771 16848
16709 16291 17139 16743
16787 16618 17001 16874
16452 16887 16860 16864
17007 16574 16818 16478
16891 16623 16802 16413
16677 16880 16828 16341
16693 16309 17080 16938
16666 16640 17102 16820
16114 16891 16760 17007
16771 16602 16928 16928
16773 16877 16703 16485
16411 16341 17257 16856
16463 16554 17010 17035
16457 16779 17111 16853
16186 16456 17454 16749
16865 16687 16786 16530
16506 16731 17197 16812
16639 16548 16958 16977
15911 16852 16614 17122
16632 16614 16623 17124
16667 16316 17140 16872
15875 16774 16619 17147
16569 16599 16936 17022
16104 16847 16609 17027
16140 16851 16557 17043
16165 16886 16511 17048
15900 16855 16652 17112
16154 16889 16549 17038
15912 16815 16626 17097
16449 16321 17260 16830
16333 16827 16753 17027
16560 16930 17006 16760
16538 16760 16953 17007
16161 16924 16641 16968
16151 16859 16579 17015
15991 16799 16627 17083
16654 16937 16829 16411
16891 16550 16827 16805
16149 16856 16578 17024
16027 16877 16622 17058
16200 16924 16607 16978
16002 16842 16668 17053
16077 16939 16730 16974
16166 16839 16606 17000
16015 16847 16629 17048
16179 16844 16567 16995
16468 16511 17023 17034
16169 16912 16677 16938
16213 16963 16797 16894
16014 16900 16778 16965
16162 16940 16601 16932
16915 16614 16820 16390
16916 16626 16737 16466
16906 16657 16755 16427
16996 16592 16730 16455
16598 16855 16766 16933
16956 16598 16823 16759
16165 16906 16767 16950
17065 16622 16665 16401
16937 16618 16731 16369
16150 16925 16741 16963
16673 16289 17113 16835
16152 16928 16742 16954
16924 16648 16659 16382
16622 16881 16752 16928
17073 16570 16635 16351
16040 16897 16746 16990
16718 16290 17108 16738
16038 16894 16745 16999
16780 16673 16689 16624
16095 16898 16718 16985
16842 16711 16562 16799
16507 16854 16812 16962
16844 16544 16991 16816
16709 16367 17108 16810
16605 16498 16883 17082
16144 16921 16762 16929
16933 16712 16571 16360
16507 16438 16805 17095
16411 16799 16864 17067
16825 16594 16925 16817
16158 16962 16825 16899
17029 16582 16659 16445
16693 16533 17093 16883
16824 16619 16906 16876
16213 16777 17089 16873
16840 16752 16790 16517
16147 16924 16845 16877
16421 16831 17041 16879
16544 16825 17097 16748
17012 16541 16828 16688
16806 16516 17065 16804
16577 16538 16956 17076
16226 16908 16846 16863
16946 16518 16781 16790
16177 16885 16802 16919
16954 16622 16563 16451
16202 16920 16756 16924
16536 16764 17154 16786
16479 16590 17143 16968
17117 16488 16547 16430
16588 16748 16926 16821
16831 16518 17035 16866
16484 16732 16964 16914
17077 16572 16609 16412
16815 16292 17046 16793
16565 16766 16868 16974
16381 16840 16937 16936
16667 16567 16863 17021
16992 16557 16937 16607
16766 16539 16962 16914
16678 16669 17155 16734
17102 16498 16513 16451
16587 16900 16333 16835
16780 16733 17227 16621
16631 16695 17328 16330
16536 16742 17027 16867
16608 16809 17223 16455
16587 16835 17268 16358
16383 16648 16971 17125
17072 16556 16613 16414
16638 16769 16791 16898
16600 16771 17274 16331
16178 16370 16976 17119
16705 16586 16786 16975
16709 16455 17049 16864
16730 16718 17267 16625
16716 16586 16638 17072
16723 16620 16726 16974
17099 16499 16679 16476
17075 16536 16632 16394
16427 16951 16850 16791
16609 16657 17150 16867
16914 16479 16919 16895
16403 16483 17048 17005
16822 16542 16998 16868
16235 16938 16814 16820
17101 16569 16528 16339
17122 16593 16560 16303
16555 16831 17255 16450
16660 16732 17216 16739
16264 16811 17102 16841
16817 16559 17095 16511
16945 16487 16889 16738
16735 16608 17117 16697
16633 16382 17072 16889
16361 16828 17027 16928
16625 16840 16955 16503
16602 16683 17214 16741
16219 16738 17018 16936
17114 16514 16577 16308
16379 16372 17238 16875
17124 16623 16597 16296
16419 16647 16903 17197
16587 16968 16762 16833
17080 16557 16650 16282
17134 16562 16479 16276
17181 16562 16502 16233
16554 16463 16762 17122
17156 16481 16469 16268
17150 16508 16496 16305
16693 16557 17149 16759
17148 16505 16495 16314
16770 16481 17116 16717
17135 16560 16446 16345
16465 16880 17131 16272
16633 16608 17143 16851
16634 16487 16879 17018
16636 16865 16851 16665
16629 16828 16851 16814
16494 16751 17290 16413
16529 16557 17358 16671
16623 16433 17302 16423
17116 16517 16578 16299
17128 16477 16552 16284
16797 16723 16533 16719
17115 16532 16503 16315
16730 16468 17083 16784
16779 16850 16676 16448
16582 16446 16894 17047
16849 16499 17081 16451
16820 16569 17025 16412
17074 16641 16543 16323
16814 16760 16469 16605
16832 16542 17069 16320
16804 16788 16788 16381
16815 16759 16362 16727
16771 16880 16773 16376
16067 15801 16626 17253
16767 16788 17178 16652
16921 16697 16425 16782
16861 16488 17036 16426
16731 16756 16313 16790
16279 16399 16622 17213
16720 16776 16312 16743
16069 15796 16636 17240
16745 16822 16256 16577
17128 16523 16579 16199
16905 16705 16596 16495
16483 16567 17135 16983
16797 16752 16419 16759
16547 16752 17218 16753
17141 16468 16628 16168
16733 16840 16391 16567
17135 16495 16655 16205
16686 16872 16408 16599
17133 16492 16654 16214
16813 16723 16487 16649
16874 16531 17131 16291
17120 16547 16605 16245
16327 16862 17132 16792
16728 16432 17106 16766
16875 16549 17246 16243
16063 15691 16657 17201
16790 16781 16345 16671
16845 16524 17048 16425
16657 16854 16408 16637
16563 16691 17189 16756
16673 16898 16808 16345
17093 16502 16699 16251
16152 15968 16547 17244
16645 16870 16299 16788
17071 16522 16671 16251
16595 16364 17117 16926
16060 15823 16552 17240
16616 16720 17054 16905
16794 16740 16645 16643
16136 16984 17076 16778
16841 16404 17091 16309
16766 16295 17112 16729
16191 16868 17217 16824
16832 16456 17069 16637
16030 15831 16575 17225
16426 16563 17162 16997
16808 16488 17075 16541
16785 16502 17179 16464
16820 16489 17094 16420
16767 16836 16822 16230
16481 16626 17120 16986
16506 16667 17338 16702
16229 16401 16623 17218
16424 16286 17306 16825
16160 15962 16497 17242
16465 16723 17302 16774
16217 15966 16470 17228
16533 16713 17337 16757
17071 16454 16675 16515
16158 16935 17025 16761
16635 16871 16936 16199
17082 16576 16502 16426
16525 16704 17148 16823
17033 16642 16428 16368
16167 15878 16479 17232
16580 16900 16955 16249
17045 16681 16429 16338
16127 15941 16486 17262
16693 16550 16675 17092
16678 16825 16749 16849
16172 16069 16503 17228
17009 16632 16468 16405
16616 16837 16803 16930
16989 16648 16556 16346
16198 16018 16381 17220
16592 16850 16899 16260
17040 16668 16514 16287
16192 16045 16408 17257
16066 16759 17208 16843
16824 16553 17087 16366
17032 16651 16516 16248
16141 15986 16463 17258
16584 16635 17131 16883
17000 16670 16600 16336
16261 16267 17242 16940
16136 15991 16508 17253
16110 16000 16523 17289
16123 16046 16459 17284
16704 16727 16600 16859
16080 16963 17117 16866
16066 16042 16486 17298
16102 16120 16481 17273
16971 16738 16653 16294
16115 16065 16530 17242
16840 16824 16872 16335
16118 16004 16480 17243
16780 16714 16470 16893
16352 16518 17010 17052
16749 16826 16835 16431
16910 16658 16688 16257
16784 16825 16822 16345
16946 16657 16620 16329
16720 16524 17315 16292
16603 16549 17362 16488
16960 16717 16570 16339
16836 16310 17056 16764
16965 16747 16546 16302
16993 16723 16520 16312
16558 16732 17157 16781
16999 16696 16493 16275
16748 16848 16820 16362
16745 16834 16834 16326
16962 16720 16571 16330
16263 16135 17297 16927
16932 16644 16583 16360
16281 16211 17230 16967
16083 16146 16433 17230
16735 16696 16618 16810
16547 16713 16950 17012
17020 16584 16659 16461
16671 16639 17068 16841
16348 16534 17013 17033
16276 16215 17292 16900
16708 16386 17061 16858
16145 16887 17060 16628
16770 16438 17070 16829
16020 16979 17134 16885
16654 16577 16728 17066
16972 16610 16543 16411
16147 16890 17061 16619
16618 16729 17334 16655
16325 16216 17312 16886
16142 16957 17049 16741
16460 16903 17018 16798
16698 16374 17125 16775
16451 16729 17021 16935
16982 16618 16489 16425
16684 16872 16857 16508
16282 16720 16991 16972
16551 16757 17273 16383
16948 16666 16502 16491
16459 16291 17281 16820
16931 16610 16509 16515
16274 16212 17291 16909
16930 16658 16519 16540
16879 16718 16515 16531
16050 16066 16563 17257
16918 16605 16548 16520
16946 16605 16565 16412
16916 16698 16390 16709
16225 16182 17040 17036
16923 16670 16466 16715
16940 16657 16423 16632
16300 16181 17358 16881
16959 16682 16403 16632
16631 16489 16868 17046
16317 16768 17051 16905
16933 16657 16396 16680
16493 16504 17017 17097
16873 16551 16976 16805
16925 16681 16422 16726
16926 16697 16382 16690
16201 16342 17050 17014
16380 16217 17311 16799
16777 16888 16753 16324
16286 16405 16596 17204
17016 16731 16392 16573
16273 16251 17197 16983
16721 16681 16942 16741
16955 16651 16427 16536
16790 16458 17097 16765
16884 16261 17012 16735
16949 16678 16454 16573
16808 16622 16994 16848
16892 16674 16481 16587
16585 16514 16930 17030
16820 16949 16748 16433
16894 16677 16482 16578
16859 16226 17058 16730
16916 16658 16531 16753
16205 16238 17030 17042
16505 16718 17141 16813
16846 16281 17009 16761
16886 16689 16446 16608
16110 16230 17052 17030
17013 16579 16719 16577
16877 16669 16493 16582
16747 16542 17029 16811
16146 16276 17020 17055
16829 16902 16745 16438
16705 16346 17031 16927
16830 16545 17003 16804
16156 16298 17059 17012
16857 16477 16991 16843
17006 16567 16854 16775
17020 16497 16713 16648
16877 16684 16625 16487
16888 16570 16941 16746
16864 16739 16576 16518
16691 16754 17144 16708
16876 16499 16916 16921
16865 16748 16514 16571
16283 16152 17199 16988
16374 16277 17279 16865
16770 16514 17092 16744
16737 16511 17272 16209
16984 16601 16824 16643
16871 16684 16458 16603
16434 16720 17200 16823
17025 16486 16877 16657
16776 16428 17250 16192
16879 16672 16494 16573
16149 16299 17076 16998
16332 16221 17332 16784
16124 16218 17043 17033
16768 16452 17276 16238
16566 16218 17362 16743
16864 16724 16444 16613
16743 16417 17287 16256
16641 16609 17295 16323
16732 16374 17281 16263
16734 16596 16978 16881
16452 16663 16962 17023
16345 16425 17025 17030
16257 16174 17179 17012
16995 16455 16898 16657
16850 16725 16445 16713
16743 16371 17243 16273
17050 16582 16619 16405
16872 16700 16418 16567
16745 16374 17244 16264
17081 16555 16616 16432
16770 16349 17272 16242
17056 16478 16642 16537
16320 16643 17337 16778
16244 16740 16988 16998
16828 16811 16714 16566
16831 16429 17237 16279
17035 16563 16654 16464
16300 16298 17268 16854
16188 15944 17102 17019
16497 16601 16629 17072
16656 16536 16706 17093
16509 16726 17136 16819
16709 16617 17132 16733
16306 16050 17113 17003
16797 16803 16787 16598
16576 16753 17302 16316
17069 16480 16862 16516
16868 16640 16892 16841
16184 15946 17091 17041
16526 16755 17303 16321
16340 16344 17277 16814
16665 16313 17139 16881
16659 16675 17158 16806
16652 16368 17090 16912
17083 16474 16659 16597
17094 16458 16645 16511
16966 16707 16480 16473
17003 16532 16894 16603
16599 16783 17267 16390
17035 16474 16925 16596
16696 16642 16697 17005
16794 16323 17237 16564
16963 16614 16552 16451
16411 16286 17261 16939
17065 16404 16920 16612
16651 16807 16896 16562
16546 16800 17260 16384
16961 16611 16551 16460
16564 16798 17236 16397
16974 16616 16512 16455
17046 16321 16711 16746
16711 16341 17298 16612
16946 16659 16518 16451
16826 16750 16448 16704
16693 16353 17338 16369
16622 16617 16664 17044
16567 16589 17006 16960
16829 16787 16793 16469
16677 16333 17491 16413
16531 16852 17210 16424
17069 16287 16683 16655
16196 16339 17053 17012
16544 16797 17259 16393
17084 16336 16771 16632
16171 16258 17020 17047
16580 16875 17254 16368
16712 16362 17048 16874
16680 16588 17044 16914
16222 16326 17049 17001
16644 16510 17049 16939
16746 16845 16819 16371
17154 16285 16793 16587
16544 16749 17289 16408
17100 16341 16689 16583
16827 16747 16457 16662
16853 16744 16422 16652
16805 16728 16393 16713
16903 16614 16558 16555
16477 16716 17017 16924
16460 16418 17038 17015
16786 16828 16823 16336
16240 16430 17447 16669
16817 16676 16608 16794
16774 16732 16466 16651
16777 16756 16365 16710
17116 16259 16711 16653
16745 16727 16471 16667
16204 16352 17452 16694
17053 16210 16665 16684
16750 16760 16410 16668
16179 16255 17064 17009
16597 16576 17389 16525
16936 16631 16492 16503
16179 16350 17482 16632
16597 16367 17118 16917
16334 16833 17063 16869
16865 16772 16829 16377
16060 16760 16997 16971
16918 16685 16497 16559
16364 16768 16918 16967
16870 16702 16554 16825
16740 16756 17175 16655
16355 16274 17284 16922
16212 16447 17439 16713
16233 16774 16993 16981
16654 16548 17085 16855
17097 16281 16820 16601
16638 16828 16420 16707
16281 16482 17389 16731
16125 16408 17390 16771
16144 16601 17009 16994
16191 16407 17403 16725
16302 16143 17354 16860
16657 16370 17327 16328
16865 16456 16875 16951
16687 16446 17315 16298
16667 16566 17164 16795
16706 16478 16916 16968
16571 16763 16956 16865
16744 16527 17096 16755
16786 16593 16824 16942
16687 16398 17316 16308
16681 16358 16815 17016
16584 16449 16895 17038
16630 16394 17343 16322
16977 16445 16946 16523
16680 16507 17305 16382
17101 16453 16881 16545
16217 16475 17417 16707
16821 16390 16879 16972
16202 16404 17365 16735
16822 16616 16905 16885
17107 16415 16800 16517
16323 16191 17333 16825
17100 16329 16717 16629
16733 16814 16451 16522
16441 16170 17346 16876
17133 16361 16666 16564
16930 16524 16889 16661
16276 16154 17359 16850
16679 16541 17125 16788
17171 16398 16685 16529
16751 16464 16854 16930
16628 16618 17031 16902
17008 16400 16947 16626
16502 16636 17262 16799
17108 16305 16691 16583
16726 16842 16375 16516
16691 16623 16811 16999
16986 16286 16983 16510
16350 16206 17296 16902
16768 16478 17115 16726
17001 16579 16802 16431
16996 16485 16901 16581
16981 16366 16961 16565
16381 16265 17269 16886
16245 16357 17309 16802
17124 16403 16674 16544
16747 16834 16327 16524
16003 16953 17162 16931
16919 16560 16888 16481
17127 16399 16587 16533
17022 16478 16793 16731
16741 16816 16365 16521
16998 16563 16921 16391
16731 16255 16786 16974
17112 16380 16622 16592
16749 16813 16661 16564
16931 16573 16900 16402
16729 16252 16785 16983
17020 16419 16379 16734
16627 16342 17301 16398
17013 16354 16947 16508
16716 16307 16736 17014
16713 16408 16659 17014
16659 16807 17093 16238
16691 16272 16782 17009
16719 16381 16632 16977
16617 16819 16919 16508
16201 16446 17311 16827
16724 16584 17042 16798
15967 16875 17167 16956
16930 16577 16858 16410
16988 16488 16987 16493
16360 16341 17283 16789
16982 16482 16743 16806
16637 16849 16364 16655
16472 16589 16989 17066
16724 16562 16612 17026
16667 16375 17318 16360
16580 16849 16906 16793
16848 16549 17006 16743
16186 16439 17352 16774
16768 16606 17021 16783
16727 16350 16777 16984
16659 16685 17066 16802
15957 16961 17200 16963
16573 16870 16982 16480
16546 16709 17129 16799
16183 16660 17023 16961
16679 16900 16332 16593
16946 16503 16987 16441
16520 16589 17117 16976
16740 16439 16596 16964
16716 16565 16674 16985
16955 16499 16825 16821
16708 16875 16725 16587
16743 16477 16590 16958
16625 16436 17303 16414
16926 16507 16816 16832
17008 16359 16656 16732
16694 16863 16370 16613
16706 16303 16800 16993
17149 16352 16761 16573
16788 16569 17004 16697
16669 16268 16795 17018
16458 16648 16997 17002
16406 16753 17172 16884
16790 16681 17024 16238
16902 16671 16696 16424
16906 16447 17024 16520
16932 16286 16968 16565
16694 16303 16749 17023
16924 16504 16815 16841
16436 16668 16969 17002
16672 16545 16704 17054
16901 16655 16736 16460
16523 16197 17325 16804
16658 16225 16754 17048
16720 16831 16354 16586
16616 16480 17239 16752
16852 16742 16737 16561
16945 16288 16966 16590
16732 16793 17178 16694
16734 16827 16305 16589
16914 16641 16613 16458
16425 16236 17238 16874
16858 16493 16951 16807
16561 16316 16715 17092
16715 16812 16300 16631
16873 16644 16685 16505
16882 16429 17029 16651
16699 16847 16324 16601
16472 16286 17253 16872
16391 16721 17327 16744
16835 16607 17128 16291
16931 16368 16962 16570
16413 16243 17265 16855
16767 16838 16281 16536
16462 16641 17157 16972
16917 16642 16647 16449
16343 16294 17243 16900
16580 16192 16795 17088
16810 16656 16931 16900
16567 16247 16746 17119
16524 16830 16869 16893
16318 16292 17273 16838
16569 16206 16733 17091
16499 16791 16923 16859
16496 16512 17184 16952
16452 16807 17282 16798
16871 16811 16703 16418
16419 16418 17247 16835
17058 16290 16630 16719
16890 16628 16615 16461
16963 16474 16870 16661
16389 16342 17259 16865
16226 16148 17226 17002
17010 16248 16663 16776
16594 16803 16923 16576
16446 16346 17232 16851
16268 16217 17220 16982
16560 16286 16677 17130
16798 16902 16356 16478
16281 16162 17269 16951
16567 16246 16691 17120
16597 16246 16641 17109
16957 16447 16789 16801
16270 16119 17228 16981
16610 16244 16643 17101
17058 16414 16723 16556
16239 16376 17355 16770
16617 16216 16719 17107
16574 16692 17141 16883
16658 16231 17322 16746
16283 16165 17164 16976
16172 16413 17347 16783
16849 16443 17051 16534
16529 16778 17199 16790
16707 16893 16773 16560
16612 16727 17109 16886
16542 16587 17036 16979
16570 16790 17088 16820
16249 16237 17252 16982
16533 16750 17039 16867
16906 16627 16656 16463
16539 16671 17318 16659
16592 16637 17215 16778
16936 16639 16592 16399
17093 16395 16747 16576
16613 16284 17270 16853
16188 16157 17287 16945
16160 16400 17383 16752
16818 16452 17083 16720
16670 16509 16727 17036
16433 16733 17204 16834
16555 16600 17188 16779
16603 16718 17253 16705
16830 16918 16705 16402
16921 16620 16627 16458
16952 16447 16903 16728
16136 16325 17406 16781
16434 16747 17158 16839
16891 16620 16677 16469
16970 16374 16865 16692
16138 16328 17407 16772
16432 16744 17157 16848
16031 16908 17068 16882
16569 16706 17290 16711
16066 16961 17087 16877
16738 16269 17283 16628
16812 16865 16787 16440
16203 16438 17392 16717
16470 16724 17160 16822
16558 16732 17188 16760
16575 16638 17177 16898
16683 16233 17292 16808
16414 16247 17293 16841
16216 16383 17441 16686
16515 16711 17122 16802
16559 16677 17264 16716
16471 16660 17127 16920
16115 16911 17045 16850
16271 16384 17413 16681
16845 16372 17061 16590
16608 16600 17153 16852
16899 16685 16679 16421
16638 16604 17075 16857
16637 16607 16698 17023
16912 16630 16728 16390
16570 16222 17301 16881
16475 16663 17362 16743
16587 16641 17235 16734
16623 16584 17071 16928
16651 16697 17237 16708
16109 16894 17099 16908
16767 16814 16745 16468
16559 16186 17334 16846
16534 16688 17147 16798
16615 16572 17073 16866
16601 16604 17043 16928
16603 16535 17190 16783
16270 16830 17081 16853
16759 16838 16771 16514
16273 16387 17414 16672
16550 16796 16941 16789
16490 16737 17177 16820
16570 16601 17217 16751
16597 16582 16710 17039
16881 16632 16761 16459
16835 16463 17015 16520
16560 16821 17088 16772
16464 16739 17125 16843
16644 16617 16680 17024
16800 16525 17139 16536
16803 16776 16760 16561
16799 16711 16805 16499
16207 16375 17363 16757
16541 16658 17228 16793
16771 16588 16949 16897
16174 16768 17077 16904
16622 16322 17328 16498
16772 16285 17289 16584
16603 16821 16909 16854
16557 16649 17369 16618
16623 16311 17343 16463
16918 16625 16689 16347
16498 16106 17369 16809
16196 16298 17369 16775
16180 16846 17173 16834
16758 16245 17242 16589
16913 16627 16686 16344
16536 16142 17374 16773
17093 16205 16828 16550
16478 16769 17032 16838
16700 16600 17060 16772
16525 16799 17082 16785
16532 16590 17179 16927
16641 16563 17080 16871
16977 16640 16764 16267
16820 16337 17107 16585
16525 16761 16966 16876
16699 16670 17032 16821
16750 16229 17257 16613
16852 16747 16657 16435
16923 16616 16790 16336
16472 16633 17372 16720
16470 16562 17167 16969
16646 16605 17071 16829
16680 16535 17081 16844
16660 16564 16702 17030
16898 16581 16836 16331
17066 16379 16889 16488
16833 16523 17029 16546
16266 16427 17400 16682
17059 16255 16738 16667
16547 16578 17390 16530
16484 16757 17140 16822
16528 16565 17091 16930
16635 16475 17070 16908
16790 16226 17295 16564
16890 16740 16823 16408
17071 16377 16893 16575
16819 16658 16971 16810
17018 16341 16956 16446
17129 16204 16760 16622
16593 16648 17301 16690
16677 16716 16994 16803
16602 16487 17110 16878
16872 16625 16826 16308
16960 16302 16996 16415
16877 16493 17067 16406
17154 16239 16714 16627
16565 16561 17372 16531
16749 16698 17017 16705
16638 16565 17105 16853
16847 16730 16873 16305
16996 16380 16991 16390
17118 16161 16719 16652
16475 16710 17090 16899
16555 16690 17382 16646
16580 16642 17059 16930
16613 16484 17072 16888
16460 16651 16998 16993
16681 16265 17310 16642
16971 16345 17037 16385
17105 16216 16670 16683
16555 16667 17031 16952
16685 16666 17143 16770
16743 16621 17097 16711
16465 16608 17011 16992
16911 16636 16793 16247
16958 16400 16988 16416
16681 16230 17291 16817
17054 16148 16641 16729
16462 16509 17399 16568
16927 16408 17022 16456
16583 16167 17350 16850
16309 16384 17381 16685
16825 16413 17074 16609
17090 16226 16636 16704
16923 16746 16865 16216
16519 16612 17387 16671
16827 16416 17075 16600
17067 16218 16664 16675
16529 16736 17053 16876
16274 16805 17069 16866
16846 16777 16706 16406
16376 16391 17438 16644
16819 16379 17099 16655
17109 16267 16674 16626
16479 16738 17054 16881
16276 16808 17070 16857
16034 16981 17164 16874
16897 16845 16735 16360
16844 16412 17068 16597
17107 16264 16673 16635
16388 16692 17361 16554
16276 16794 17103 16838
16281 16765 17083 16856
16549 16468 16987 16985
16876 16769 16791 16387
17102 16307 16660 16636
16489 16760 17093 16838
16713 16545 17109 16741
16201 16782 17184 16817
16834 16806 16783 16351
17108 16280 16633 16599
16390 16650 17398 16555
16300 16748 17062 16891
16288 16736 17014 16933
16910 16425 16992 16466
16791 16591 17034 16408
16416 16089 17313 16911
16250 16478 17412 16664
16840 16567 16905 16862
16285 16830 17009 16951
16781 16566 17043 16579
17085 16339 16683 16650
16723 16688 17236 16729
16814 16569 17021 16535
16512 16164 17278 16906
16225 16479 17442 16587
17049 16261 16688 16675
16799 16538 16873 16911
16426 16700 17357 16509
16283 16812 16977 16961
16887 16657 16854 16238
16525 16109 17327 16875
16227 16438 17429 16559
17051 16264 16689 16666
16482 16758 16840 17065
16422 16774 17016 16867
16706 16557 17074 16747
16820 16648 16879 16309
16936 16370 17004 16436
16561 16187 17322 16850
16229 16441 17430 16550
16795 16543 17026 16572
16374 16768 16904 17002
16372 16713 17339 16472
16624 16696 17028 16859
16464 16843 17010 16847
16708 16552 17053 16788
16457 16723 16886 17060
16993 16374 16977 16422
16787 16563 17032 16461
16296 16456 17487 16528
17054 16265 16742 16634
16816 16629 16904 16863
16367 16738 17334 16390
16682 16758 17150 16768
16507 16826 17016 16842
16280 16680 17008 16959
16923 16588 17014 16306
16999 16347 16950 16385
16287 16441 17423 16552
16331 16793 17391 16438
16785 16664 17007 16835
16455 16726 16837 17068
16802 16299 17211 16518
16857 16507 17002 16341
16534 16144 17306 16906
16791 16545 17033 16757
16685 16692 16968 16757
16230 16642 17024 16979
16729 16551 17038 16747
16559 16179 17260 16911
16333 16428 17450 16562
16415 16708 17456 16447
16628 16651 16966 16840
16486 16874 16956 16821
16260 16718 17012 16949
16669 16594 17044 16851
16943 16774 16808 16246
17045 16482 16909 16587
16572 16124 17309 16880
16329 16487 17456 16532
16315 16716 17373 16467
16276 16795 17030 16920
16694 16629 16998 16856
16593 16172 17288 16845
17144 16366 16682 16532
16246 16719 17042 16950
16505 16580 17233 16818
16715 16512 17067 16778
16816 16244 17363 16516
16591 16117 17297 16839
16235 16376 17522 16491
16356 16816 16831 17068
16322 16688 17449 16473
16710 16555 17054 16779
16565 16694 17190 16747
16473 16704 16850 17117
16981 16585 16856 16125
16802 16601 17135 16340
16578 16172 17248 16870
16209 16385 17537 16527
17139 16422 16639 16485
16578 16628 16932 16953
16231 16738 17016 16963
16658 16549 16753 17051
16611 16169 17226 16860
16184 16304 17504 16562
16535 16849 16973 16795
16538 16660 17202 16766
16822 16210 17256 16518
16242 16343 17464 16593
16417 16711 17457 16438
16283 16794 17032 16933
16804 16229 17332 16541
16820 16588 17163 16350
16575 16091 17231 16885
16206 16265 17469 16618
16420 16630 17425 16478
16584 16599 16947 16929
17016 16498 16871 16425
16267 16345 17434 16655
16787 16483 17107 16541
16476 16666 17384 16518
16691 16224 17254 16822
16322 16329 17430 16654
16299 16812 16858 17082
16439 16645 17406 16478
16269 16753 16991 16980
16680 16508 16643 17097
16748 16157 17301 16584
16804 16692 16864 16340
16619 16157 17227 16864
16265 16299 17427 16663
16239 16677 17003 17010
16537 16668 17317 16668
16121 16884 17018 16813
16795 16684 16877 16359
16804 16565 17237 16243
16515 16865 17052 16703
16125 16941 17035 16808
16623 16192 17271 16818
16585 16822 16969 16655
16753 16502 16535 16999
16116 16886 17015 16810
16741 16203 17251 16620
16868 16577 17170 16237
16738 16483 16570 17058
16833 16736 16850 16422
16881 16522 17219 16206
16475 16667 17393 16456
16389 16731 16942 17022
16590 16644 17214 16755
16615 16619 17242 16733
16730 16507 16596 17104
16409 16763 16887 17049
16509 16711 17349 16404
16482 16745 16983 16877
16383 16761 16945 16946
16743 16526 16518 17024
16761 16208 17295 16602
16833 16500 17236 16292
16370 16763 16943 16954
16544 16625 17257 16746
16788 16474 16518 16973
16781 16250 17258 16566
16820 16555 17187 16323
16795 16416 17146 16457
16389 16816 16911 16890
16536 16605 17214 16802
16843 16740 16800 16451
16795 16474 17154 16358
16718 16531 16835 16944
16425 16587 17438 16477
16591 16630 16868 16907
16786 16438 16541 16955
16831 16552 17149 16333
16668 16285 17242 16848
16708 16481 16917 16959
16573 16819 17090 16764
16383 16799 16924 16908
16535 16617 17233 16786
16780 16465 16568 16992
16183 16960 16995 16721
16825 16533 17165 16295
16418 16627 17424 16487
16474 16875 17013 16745
16543 16673 17215 16762
16409 16635 16967 17114
16737 16387 16582 16997
16752 16232 17258 16604
16867 16582 17175 16246
16535 16847 16928 16844
16739 16390 16583 16988
16884 16735 16912 16249
16832 16550 17147 16290
16689 16206 17265 16771
16336 16720 17355 16749
16441 16787 16966 16862
16744 16347 16596 16987
16889 16554 17120 16276
16676 16261 17216 16802
16649 16708 16646 16889
16478 16843 16955 16858
16513 16679 16920 17042
16780 16425 16591 16962
16859 16654 16879 16284
16956 16512 17114 16254
16619 16257 17243 16816
16573 16671 16663 16940
16440 16546 17405 16524
16551 16780 16924 16883
16580 16703 17252 16721
16861 16657 16880 16275
16695 16262 17333 16718
16905 16444 17085 16300
16552 16204 17305 16816
16507 16538 17401 16521
16584 16774 16956 16764
16409 16786 16931 16882
16722 16742 17293 16671
16796 16347 16504 16977
16744 16292 17340 16570
16884 16702 16936 16222
16892 16499 17036 16331
16588 16282 17300 16791
16209 16378 17364 16748
16566 16851 16905 16865
16422 16784 16933 16874
16541 16740 16882 16979
16785 16304 16463 17007
16112 16981 17059 16807
16788 16250 17377 16561
16848 16624 16941 16247
16911 16549 17013 16336
16594 16255 17273 16754
16657 16700 16633 16852
16490 16793 16899 16869
16364 16750 16985 16934
16680 16583 16932 16980
16784 16586 16951 16889
16579 16787 16816 16905
16807 16393 16434 16973
16835 16679 16892 16278
16940 16537 16969 16373
16678 16259 17265 16776
16226 16374 17357 16745
16520 16869 16887 16839
16688 16488 16886 16944
16118 17015 17079 16790
16963 16407 16954 16528
16898 16507 16981 16341
16693 16770 16625 16849
16348 16765 17046 16908
16682 16515 16913 16981
16814 16753 16914 16267
16690 16719 16625 16876
16262 16703 17034 16960
16680 16512 16912 16990
16666 16798 16855 16803
16774 16153 17344 16571
16779 16744 16907 16298
16915 16571 17016 16267
16656 16228 17321 16755
16270 16759 17016 16936
16754 16742 17242 16657
16203 16298 17360 16795
16733 16705 16591 16863
16633 16746 16874 16815
16213 16747 17061 16912
16725 16130 17300 16627
16842 16783 16859 16307
16925 16499 16990 16271
16684 16232 17238 16739
16621 16698 16942 16835
16215 16742 17071 16899
16817 16647 16830 16870
16864 16481 16415 16927
16738 16210 17295 16600
16853 16797 16843 16261
16910 16480 17025 16330
16686 16235 17239 16730
17035 16399 16652 16629
16233 16789 17060 16874
16633 16492 16869 17037
16863 16450 16964 16806
16812 16573 16919 16907
16630 16749 16894 16870
16736 16207 17294 16609
16866 16742 16892 16230
16914 16502 17028 16261
16707 16171 17250 16713
17077 16448 16662 16580
16220 16791 17058 16882
16751 16682 17222 16684
16587 16773 16917 16857
16806 16470 16447 16942
16881 16548 17113 16286
16701 16198 17277 16750
16757 16655 17195 16647
16827 16562 16986 16814
16797 16540 17028 16806
16085 16958 17072 16871
16764 16294 17327 16570
16921 16743 16864 16225
16922 16553 17114 16205
16699 16195 17276 16759
16158 16763 17046 16924
16744 16710 17146 16678
16814 16617 16937 16845
16778 16602 16862 16928
16686 16250 17227 16790
16231 16459 17304 16815
16742 16707 17145 16687
16524 16802 16895 16914
16955 16734 16782 16231
16908 16575 17113 16242
16664 16303 17271 16812
16680 16820 16759 16836
16570 16769 16928 16866
16390 16818 16818 16937
16192 16815 17092 16807
16646 16521 16994 16984
16838 16564 16904 16871
16838 16410 17054 16741
16526 16805 16896 16905
16957 16737 16783 16222
16219 16381 17314 16815
16440 16816 16817 16932
16703 16583 16785 16984
16877 16426 16464 16896
16801 16296 17313 16556
16900 16733 16810 16236
16955 16570 17033 16189
16644 16194 17304 16764
16193 16390 17329 16851
16851 16375 17023 16723
16464 16771 16842 16984
16757 16322 17251 16564
16887 16788 16761 16267
17022 16528 17027 16167
16208 16316 17299 16819
16697 16596 16784 16962
16670 16181 17300 16753
16233 16397 17332 16784
16334 16717 17354 16758
16826 16618 16985 16800
16699 16599 16785 16953
16913 16811 16781 16224
16961 16448 17062 16130
16668 16689 16592 16884
16565 16872 16824 16756
16609 16677 17159 16811
16825 16352 17072 16618
16064 16949 17212 16868
16926 16830 16703 16144
16994 16482 16900 16590
16997 16526 17057 16105
16603 16223 17306 16775
16230 16352 17249 16818
16564 16856 16864 16792
16474 16933 16784 16820
16531 16597 17003 16959
16666 16681 17132 16797
16671 16595 16868 16969
16809 16272 17287 16510
16933 16802 16779 16150
16949 16519 17115 16100
16232 16355 17250 16809
16719 16746 16565 16800
16454 16719 17233 16817
16375 16644 17309 16773
16692 16672 17117 16761
16684 16540 16917 16938
16822 16217 17336 16479
16945 16771 16698 16123
16937 16540 17139 16133
16613 16235 17242 16858
16637 16789 16868 16765
16110 16858 17197 16862
16709 16621 16950 16903
16842 16519 16408 16875
16091 16985 17137 16860
16917 16814 16704 16119
16899 16479 17143 16135
16670 16239 17215 16844
16826 16681 16575 16844
16638 16805 16828 16729
16436 16939 16910 16752
16622 16687 17123 16784
16833 16521 16408 16891
16814 16241 17362 16525
17086 16768 16651 16121
16941 16528 17153 16086
16683 16184 17264 16813
16224 16311 17316 16809
16478 16978 16929 16688
16088 16790 17152 16864
16890 16553 16326 16853
17018 16750 16614 16158
17030 16492 16875 16608
16947 16501 17126 16049
16708 16219 17218 16818
16254 16387 17304 16779
16748 16724 16556 16804
16472 17017 16905 16727
16121 16990 17214 16785
16995 16734 16654 16164
16934 16556 17077 16080
16672 16141 17223 16843
16728 16730 16653 16802
16640 16841 16775 16636
16466 16940 16963 16676
16647 16693 17013 16808
16786 16588 17020 16758
16809 16432 17063 16737
16754 16660 17030 16768
16834 16581 16400 16883
16993 16731 16653 16173
16659 16196 17174 16874
16224 16305 17278 16821
16607 16887 16860 16661
16049 16778 17232 16825
16784 16585 17019 16767
16736 16691 16960 16740
16832 16578 16399 16892
16090 16986 17237 16718
16718 16301 17355 16606
16968 16756 16625 16195
16942 16528 17035 16077
16602 16192 17201 16888
16198 16314 17293 16857
16594 16889 16858 16669
16480 16609 17346 16674
16637 16545 16957 16986
16763 16649 17008 16784
16849 16460 17010 16688
16752 16683 16882 16659
16857 16613 16353 16897
16077 16988 17235 16726
16746 16295 17341 16561
16928 16555 17037 16155
16638 16270 17196 16863
16266 16374 17272 16801
16656 16877 16804 16588
16438 16931 16938 16706
16120 16772 17164 16855
16824 16425 17056 16683
16723 16744 16913 16698
16821 16535 16358 16922
16724 16264 17397 16540
16990 16543 16983 16074
16584 16205 17173 16878
16230 16296 17277 16826
16741 16675 16702 16771
16665 16830 16801 16593
16142 16803 17108 16876
16825 16610 16994 16769
16888 16505 16883 16769
16752 16684 16836 16671
16496 16811 16771 16992
16823 16538 16359 16913
16060 16910 17249 16748
16781 16268 17370 16526
16973 16703 16710 16143
16981 16545 16983 16090
16672 16294 17151 16954
16243 16376 17272 16799
16743 16678 16703 16762
16396 16933 16978 16640
16140 16800 17107 16885
16648 16524 16995 16975
16837 16570 16968 16754
16890 16508 16884 16760
16816 16449 17082 16729
16743 16667 16878 16735
16546 16809 16770 16987
16791 16535 16408 16933
16794 16213 17419 16495
16961 16743 16736 16158
17037 16516 16955 16048
16701 16247 17142 16812
16241 16373 17271 16808
16735 16691 16904 16781
16350 17024 16944 16641
16170 16876 17095 16855
16535 16672 17324 16729
16654 16497 16968 16938
16859 16601 16912 16775
16566 16811 16778 16962
16816 16616 16441 16898
16070 16922 17185 16831
16836 16262 17429 16446
16981 16680 16703 16131
17041 16492 16879 16019
16689 16810 16647 16613
16522 16727 17275 16760
16797 16646 16960 16811
16681 16678 16959 16772
16838 16662 16365 16854
16842 16235 17402 16409
16968 16735 16654 16162
17037 16562 16944 16138
16731 16233 17159 16900
16229 16423 17327 16797
16330 17028 16953 16599
16176 16852 17093 16886
16590 16484 16890 17015
16702 16753 16934 16807
16775 16685 16419 16905
16016 16898 17211 16900
16829 16290 17353 16440
17033 16698 16664 16118
17094 16488 16905 16071
16722 16205 17184 16843
16231 16426 17328 16788
16544 16590 17037 16970
16618 16734 16957 16796
16723 16644 16434 16934
16843 16252 17321 16366
16680 16186 17164 16874
16256 16401 17356 16766
16782 16819 16654 16515
16215 16787 17068 16906
16587 16473 16917 17002
16565 16526 17048 16953
16744 16380 17084 16770
16620 16737 16958 16787
16839 16276 17397 16395
17028 16451 16766 16694
17089 16472 16930 16136
16693 16131 17213 16843
16334 16969 16947 16629
16160 16775 17075 16915
16456 16722 17234 16808
16919 16547 16802 16842
16723 16444 17073 16787
16631 16759 17002 16777
16744 16636 16475 16918
16778 16196 17432 16358
17046 16722 16642 16161
17016 16491 16792 16709
17044 16449 16936 16129
16672 16195 17202 16860
16220 16402 17424 16694
16324 16972 16955 16589
16130 16699 17087 16945
16461 16679 17247 16807
16942 16554 16776 16852
15896 16881 17235 16926
16808 16272 17420 16328
17045 16471 17008 16109
16314 17058 16988 16596
16117 16754 17038 16976
16950 16555 16729 16810
16651 16685 16905 16853
16628 16799 16724 16881
16793 16659 16519 16862
15932 16959 17230 16901
16766 16280 17492 16427
17031 16695 16663 16127
16959 16450 16790 16792
16284 16405 17406 16618
16312 17022 17011 16578
16143 16745 17023 16940
16461 16726 17283 16760
16521 16498 17003 17052
16850 16663 16492 16848
15878 16894 17207 16916
17032 16468 16957 16150
16297 16350 17455 16587
16775 16772 16843 16577
16314 17025 17012 16569
16133 16831 17056 16947
16456 16769 17270 16761
16671 16553 17065 16883
16945 16525 16731 16835
16636 16722 16867 16833
16572 16855 16727 16960
15939 16974 17172 16953
16797 16225 17429 16457
16982 16672 16619 16183
17019 16523 16908 16181
16777 16775 16844 16568
16320 16998 16985 16532
16130 16791 17095 16912
16454 16766 17269 16770
16490 16494 17026 16985
16818 16491 17046 16725
16838 16631 16519 16855
15977 16909 17110 16954
16740 16221 17456 16471
16984 16675 16620 16174
16686 16127 17189 16868
16339 16401 17423 16525
16783 16748 16817 16531
16356 17076 16980 16507
16046 16760 17106 16946
16622 16530 17021 16939
16885 16550 16803 16866
16803 16528 17008 16705
16641 16717 16822 16838
16537 16823 16737 16942
15941 16831 17115 16979
16776 16299 17451 16446
17010 16644 16647 16186
17024 16564 16942 16146
16331 16995 16947 16542
16081 16755 17106 16904
16497 16512 16983 17032
16832 16456 16965 16861
16635 16744 16849 16875
16543 16810 16738 16964
16875 16662 16534 16746
15995 16896 17138 16964
16304 16406 17423 16567
16804 16674 16795 16542
16392 17075 16912 16579
16045 16677 17111 16929
16477 16584 16944 17071
16694 16508 17048 16934
16820 16496 16991 16876
16828 16504 16748 16902
16578 16740 16876 16889
16476 16819 16814 16938
15970 16861 17184 16959
16985 16642 16677 16124
16989 16442 16757 16796
16989 16540 16961 16224
16298 16433 17450 16604
16798 16701 16822 16579
16450 17021 16935 16684
16106 16757 17076 16966
16447 16508 16956 17101
16700 16481 17021 16897
16841 16432 17002 16859
16499 16775 16813 16926
16826 16655 16594 16775
16006 16939 17179 16934
17027 16691 16687 16075
16945 16542 16984 16236
16642 16156 17187 16889
16296 16430 17449 16613
16813 16668 16821 16580
16132 16748 17061 16930
16472 16774 17226 16804
16736 16559 17016 16872
16802 16517 16752 16913
16824 16710 16592 16857
15945 16859 17214 16897
17025 16688 16686 16084
16960 16458 16767 16776
16990 16477 16949 16189
16617 16181 17159 16911
16283 16485 17400 16644
16800 16723 16772 16611
16348 17021 16943 16650
16134 16751 17062 16921
16484 16549 16963 17051
16692 16561 17039 16884
15987 16908 17224 16848
16675 16297 17514 16395
16958 16455 16766 16785
17038 16499 16932 16103
16581 16103 17164 16936
16247 16407 17405 16669
16816 16664 16742 16586
16101 16668 17089 16943
16504 16697 17166 16825
16486 16552 16964 17042
16704 16511 16983 16895
16863 16570 16775 16866
16008 16844 17235 16831
16677 16300 17515 16386
17050 16690 16656 16146
16623 16172 17158 16916
16242 16523 17427 16683
16790 16673 16757 16622
16137 16746 17084 16918
16506 16700 17167 16816
16499 16497 17013 17011
16686 16450 16973 16938
16804 16513 17064 16813
16581 16806 16868 16900
16007 16855 17220 16866
17107 16694 16629 16132
17055 16442 16992 16050
16636 16117 17207 16885
16243 16466 17402 16671
16301 17016 16939 16712
16112 16665 17051 16953
16454 16659 17182 16845
16477 16517 16985 17011
16791 16568 17015 16844
16587 16779 16841 16863
15965 16806 17210 16915
17121 16656 16597 16058
17047 16466 17018 16096
16661 16152 17161 16890
16102 16751 17084 16960
16481 16516 16984 17029
16805 16505 16984 16891
15987 16837 17154 16936
16753 16222 17510 16304
17081 16635 16662 16055
17017 16390 17030 16126
16659 16149 17160 16899
16226 16446 17409 16712
16840 16712 16758 16552
16381 17020 16869 16685
16100 16715 17107 16942
16736 16554 16904 16938
16889 16444 16965 16890
16592 16838 16901 16854
16891 16623 16577 16748
15962 16756 17121 16971
16747 16249 17537 16341
17034 16600 16692 16070
16945 16530 16790 16777
17019 16393 17031 16117
16252 16437 17394 16676
16801 16677 16811 16524
16463 16809 17192 16804
16885 16650 16604 16785
16023 16836 17086 17008
16705 16200 17527 16390
17036 16603 16693 16061
16964 16583 16758 16713
16958 16313 17066 16080
16831 16753 16799 16494
16401 16728 17177 16845
16470 16514 17024 17025
16672 16584 16867 16942
16920 16512 16861 16760
16550 16789 16891 16903
16883 16647 16603 16794
16024 16825 17101 16973
17048 16563 16667 16046
16936 16579 16841 16729
17005 16348 17036 16065
16721 16331 17073 16925
16815 16680 16848 16501
16113 16777 17126 16854
16426 16763 17131 16850
16421 16447 17066 16998
16675 16615 16949 16918
16925 16469 16874 16759
16003 16889 17090 16990
16730 16202 17497 16452
17084 16641 16662 16021
17003 16345 17035 16074
16773 16311 17069 16922
16802 16735 16799 16532
16493 16945 16928 16689
16480 17000 16879 16720
16144 16857 17098 16841
16439 16708 17180 16819
16434 16452 17027 16993
16679 16556 16943 16948
16927 16472 16875 16750
16834 16624 16559 16850
16009 16862 17063 16953
16717 16257 17448 16483
17087 16595 16659 15948
16955 16596 16829 16659
17064 16425 17000 16111
16196 16370 17421 16742
16215 16851 17030 16871
16691 16516 16917 16933
16878 16401 16924 16920
16552 16792 16892 16894
16039 16938 17051 16923
17114 16627 16662 15945
16947 16579 16831 16620
17028 16347 17005 16136
16198 16373 17422 16733
16418 16660 17193 16864
16524 16561 16908 17023
16716 16565 16872 16939
16965 16452 16864 16723
16557 16749 16905 16893
16776 16716 16592 16794
16041 16897 17038 16895
16932 16560 16866 16679
17030 16350 17006 16127
16706 16258 17131 16922
16156 16304 17428 16753
16217 16790 17069 16897
16511 16556 16947 17028
16686 16489 16884 16969
17023 16486 16812 16663
16614 16753 16878 16879
16789 16661 16641 16763
16035 16924 17065 16932
16776 16194 17459 16420
17072 16558 16668 15965
17008 16319 17062 16106
16192 16382 17423 16728
16411 16937 16940 16690
16195 16759 17125 16876
16134 17006 17174 16799
16104 16930 17186 16829
16709 16797 17244 16702
16675 16752 17176 16777
16114 17017 17036 16825
16573 16676 17181 16919
16595 16836 17033 16519
16029 16949 17081 16910
16339 16804 17043 16887
16886 16621 16999 16751
16271 16944 16859 16768
16643 16870 16881 16603
16802 16648 16941 16901
16758 16961 16802 16514
16148 16923 16739 16974
16477 16763 17053 16877
16199 16991 16768 16928
16705 16934 16786 16588
16318 16871 17065 16845
16134 16979 16796 16908
16827 16763 16877 16459
16724 16745 17294 16662
16676 16896 16883 16554
15849 17012 16740 16893
16733 16750 17037 16667
15801 17034 16649 16857
16848 16748 16827 16721
16506 16867 17132 16522
16525 16873 16793 16931
16641 16561 17272 16717
16683 16643 17182 16766
16463 16741 17171 16926
16085 16841 17030 16936
15793 16996 16730 16951
16127 16836 16809 16976
16474 16650 17230 16965
16189 16925 16631 16947
15949 16843 16704 17066
16678 16855 16870 16526
16688 16802 17037 16718
16558 16922 16841 16916
16580 16681 17221 16744
16625 16585 16983 17001
16492 16697 17129 16826
17055 16562 16865 16627
16110 17039 17105 16836
16749 16679 17221 16693
16152 16961 16718 16981
16228 16911 16847 16854
16596 16758 17239 16715
15944 16995 16647 16859
16486 16760 17280 16772
16725 16694 17150 16704
16673 16677 17265 16708
16470 16715 16932 17151
16514 16790 17260 16801
16087 16917 16789 16943
16566 16604 17065 16949
16075 16980 16743 17002
16523 16624 17112 16929
15909 17016 16609 16894
16548 16722 17171 16779
15991 17012 16581 16900
16657 16794 17110 16750
16849 16832 16858 16633
16450 16911 16868 16814
16524 16723 17268 16699
16135 16978 16690 17005
16459 16907 16913 16812
16163 16914 16804 16951
16057 16887 16787 17021
16553 16628 16947 16980
16683 16542 16902 17013
16016 16903 16779 16956
16517 16651 17139 16966
16149 16927 16846 16868
16434 16867 16953 16862
16526 16629 16857 17047
16522 16904 16924 16826
16332 16823 16786 17041
15876 16896 16654 17078
15825 17024 16580 16850
15819 17097 16714 16673
16301 16825 16870 17003
16087 16961 17073 16862
16335 17076 16894 16681
16508 16852 17221 16779
15692 17040 16583 16687
16154 16964 16627 16978
16643 16932 16838 16497
15905 16886 16673 17058
16675 16858 16798 16618
16543 16836 16927 16799
16532 16889 16766 16967
15851 16815 16621 17113
16464 16796 17188 16793
16301 16815 16859 17073
16489 16367 17269 16790
16451 16750 16913 17097
16599 16820 16998 16309
16444 16728 16936 17162
16089 16920 16790 16934
16158 16946 16642 16954
15969 16819 16599 17083
16446 16583 16627 17165
16129 16881 16606 17039
15924 16797 16663 17091
16724 16712 17024 16717
16477 16665 16932 17085
16434 16716 17000 17079
16151 16974 16566 16948
16474 16636 17373 16711
16167 16909 16676 16947
16335 16457 17396 16783
16165 16932 16590 17008
16289 16790 16791 17090
16780 16671 17014 16732
16156 16959 16824 16908
16569 16548 16879 17032
16511 16720 16933 17070
16677 16861 16799 16609
15801 17015 16746 16923
15757 17013 16693 16938
16362 16799 16985 17029
15755 17027 16609 16928
15724 17030 16614 16925
16046 16862 16717 17039
16245 16952 16693 16876
16221 16939 16771 16848
16709 16291 17139 16743
16787 16618 17001 16874
16452 16887 16860 16864
17007 16574 16818 16478
16918 16655 16897 16643
16677 16880 16828 16341
16754 16333 17121 16963
16666 16640 17102 16820
16114 16891 16760 17007
16771 16602 16928 16928
16773 16877 16703 16485
16411 16341 17257 16856
16463 16554 17010 17035
16457 16779 17111 16853
16243 16579 17470 16761
16976 16716 16793 16598
16506 16731 17197 16812
16639 16548 16958 16977
15911 16852 16614 17122
16632 16614 16623 17124
16667 16316 17140 16872
15875 16774 16619 17147
16569 16599 16936 17022
16104 16847 16609 17027
16140 16851 16557 17043
16165 16886 16511 17048
15900 16855 16652 17112
16154 16889 16549 17038
15912 16815 16626 17097
16449 16321 17260 16830
16333 16827 16753 17027
16560 16930 17006 16760
16538 16760 16953 17007
16161 16924 16641 16968
16151 16859 16579 17015
15991 16799 16627 17083
16668 16957 16832 16465
16891 16550 16827 16805
16149 16856 16578 17024
16027 16877 16622 17058
16200 16924 16607 16978
16002 16842 16668 17053
16077 16939 16730 16974
16166 16839 16606 17000
16015 16847 16629 17048
16179 16844 16567 16995
16468 16511 17023 17034
16169 16912 16677 16938
16213 16963 16797 16894
16014 16900 16778 16965
16162 16940 16601 16932
16967 16621 16827 16701
16986 16674 16795 16637
17013 16606 16742 16607
16598 16855 16766 16933
16956 16598 16823 16759
16165 16906 16767 16950
17065 16622 16665 16401
16150 16925 16741 16963
16152 16928 16742 16954
16622 16881 16752 16928
17074 16591 16722 16691
16040 16897 16746 16990
16038 16894 16745 16999
16806 16708 16708 16892
16095 16898 16718 16985
16842 16786 16703 16867
16507 16854 16812 16962
16844 16544 16991 16816
16709 16367 17108 16810
16606 16519 16990 17089
16144 16921 16762 16929
16571 16510 16983 17120
16411 16799 16864 17067
16825 16594 16925 16817
16158 16962 16825 16899
16693 16533 17093 16883
16824 16619 16906 16876
16239 16847 17229 16896
16857 16810 16829 16643
16147 16924 16845 16877
16421 16831 17041 16879
16544 16825 17097 16748
17012 16541 16828 16688
16806 16516 17065 16804
16577 16538 16956 17076
16226 16908 16846 16863
16946 16518 16781 16790
16177 16885 16802 16919
16202 16920 16756 16924
16536 16764 17154 16786
16479 16590 17143 16968
17117 16488 16547 16430
16588 16748 16926 16821
16831 16518 17035 16866
16484 16732 16964 16914
17077 16572 16609 16412
16815 16292 17046 16793
16565 16766 16868 16974
16381 16840 16937 16936
16667 16567 16863 17021
16992 16557 16937 16607
16766 16539 16962 16914
16678 16669 17155 16734
17102 16498 16513 16451
16587 16900 16333 16835
16780 16733 17227 16621
16631 16695 17328 16330
16536 16742 17027 16867
16608 16809 17223 16455
16587 16835 17268 16358
16383 16648 16971 17125
16685 16788 16859 16911
16600 16771 17274 16331
16705 16586 16786 16975
16709 16455 17049 16864
16730 16718 17267 16625
16716 16586 16638 17072
16723 16620 16726 16974
17099 16499 16679 16476
17075 16536 16632 16394
16427 16951 16850 16791
16609 16657 17150 16867
16914 16479 16919 16895
16403 16521 17053 17081
16822 16542 16998 16868
16235 16938 16814 16820
17101 16569 16528 16339
17122 16593 16560 16303
16555 16831 17255 16450
16660 16732 17216 16739
16268 16900 17195 16842
16817 16559 17095 16511
16945 16487 16889 16738
16735 16608 17117 16697
16633 16382 17072 16889
16361 16828 17027 16928
16625 16840 16955 16503
16602 16683 17214 16741
16305 16758 17205 16954
17114 16514 16577 16308
16379 16372 17238 16875
17124 16623 16597 16296
16419 16647 16903 17197
16587 16968 16762 16833
17080 16557 16650 16282
17134 16562 16479 16276
17181 16562 16502 16233
16557 16496 16946 17145
17156 16481 16469 16268
17150 16508 16496 16305
16693 16557 17149 16759
17148 16505 16495 16314
16770 16481 17116 16717
17135 16560 16446 16345
16465 16880 17131 16272
16633 16608 17143 16851
16634 16487 16879 17018
16636 16865 16851 16665
16629 16828 16851 16814
16494 16751 17290 16413
16529 16557 17358 16671
16623 16433 17302 16423
17116 16517 16578 16299
17128 16477 16552 16284
17115 16532 16503 16315
16730 16468 17083 16784
16779 16850 16676 16448
16849 16499 17081 16451
16820 16569 17025 16412
17074 16641 16543 16323
16832 16542 17069 16320
16771 16880 16773 16376
16067 15801 16626 17253
16767 16788 17178 16652
16959 16722 16699 16789
16861 16488 17036 16426
16279 16399 16622 17213
16069 15796 16636 17240
17139 16698 16728 16207
16483 16567 17135 16983
16547 16752 17218 16753
17141 16468 16628 16168
16733 16840 16391 16567
16686 16872 16408 16599
17133 16492 16654 16214
16874 16531 17131 16291
17120 16547 16605 16245
16327 16862 17132 16792
16728 16432 17106 16766
16875 16549 17246 16243
16063 15691 16657 17201
16845 16524 17048 16425
16657 16854 16408 16637
16563 16691 17189 16756
16673 16898 16808 16345
17093 16502 16699 16251
16152 15968 16547 17244
16645 16870 16299 16788
16595 16364 17117 16926
16060 15823 16552 17240
16616 16720 17054 16905
16136 16984 17076 16778
16841 16404 17091 16309
16766 16295 17112 16729
16191 16868 17217 16824
16832 16456 17069 16637
16030 15831 16575 17225
16426 16563 17162 16997
16808 16488 17075 16541
16785 16502 17179 16464
16820 16489 17094 16420
16767 16836 16822 16230
16481 16626 17120 16986
16506 16667 17338 16702
16229 16401 16623 17218
16424 16286 17306 16825
16160 15962 16497 17242
16465 16723 17302 16774
16217 15966 16470 17228
16533 16713 17337 16757
16235 16953 17188 16800
16635 16871 16936 16199
17082 16576 16502 16426
16525 16704 17148 16823
17033 16642 16428 16368
16167 15878 16479 17232
16580 16900 16955 16249
17045 16681 16429 16338
16127 15941 16486 17262
16693 16550 16675 17092
16678 16825 16749 16849
16172 16069 16503 17228
17009 16632 16468 16405
16616 16837 16803 16930
16989 16648 16556 16346
16198 16018 16381 17220
16592 16850 16899 16260
17040 16668 16514 16287
16192 16045 16408 17257
16147 16837 17251 16862
16824 16553 17087 16366
17079 16695 16714 16256
16141 15986 16463 17258
16584 16635 17131 16883
17000 16670 16600 16336
16311 16621 17331 16956
16136 15991 16508 17253
16110 16000 16523 17289
16123 16046 16459 17284
16769 16736 16666 16898
16080 16963 17117 16866
16066 16042 16486 17298
16102 16120 16481 17273
16971 16738 16653 16294
16115 16065 16530 17242
16840 16824 16872 16335
16118 16004 16480 17243
16788 16764 16652 16914
16380 16570 17044 17070
16720 16524 17315 16292
16603 16549 17362 16488
16960 16717 16570 16339
16836 16310 17056 16764
16965 16747 16546 16302
16993 16723 16520 16312
16558 16732 17157 16781
16999 16696 16493 16275
16748 16848 16820 16362
16745 16834 16834 16326
16962 16720 16571 16330
16281 16211 17230 16967
16083 16146 16433 17230
16763 16729 16698 16909
16547 16713 16950 17012
16671 16639 17068 16841
16352 16588 17072 17048
16708 16386 17061 16858
16177 16913 17239 16832
16770 16438 17070 16829
16025 16989 17171 16949
16654 16577 16728 17066
16618 16729 17334 16655
16325 16216 17312 16886
16142 16957 17049 16741
16460 16903 17018 16798
16698 16374 17125 16775
16451 16729 17021 16935
16684 16872 16857 16508
16282 16720 16991 16972
16551 16757 17273 16383
16459 16291 17281 16820
16880 16762 16627 16810
16050 16066 16563 17257
16313 16594 17372 16889
16975 16688 16733 16640
16673 16522 16877 17048
16356 16784 17144 16923
16493 16504 17017 17097
16873 16551 16976 16805
16382 16664 17060 17018
16380 16217 17311 16799
16777 16888 16753 16324
16286 16405 16596 17204
17016 16731 16392 16573
16273 16251 17197 16983
16721 16681 16942 16741
16790 16458 17097 16765
16884 16261 17012 16735
16808 16622 16994 16848
16820 16949 16748 16433
16859 16226 17058 16730
16505 16718 17141 16813
16846 16281 17009 16761
16747 16542 17029 16811
16829 16902 16745 16438
16705 16346 17031 16927
16830 16545 17003 16804
16857 16477 16991 16843
17006 16567 16854 16775
16888 16570 16941 16746
16691 16754 17144 16708
16876 16499 16916 16921
16283 16152 17199 16988
16374 16277 17279 16865
16770 16514 17092 16744
16737 16511 17272 16209
16984 16601 16824 16643
16480 16744 17201 16823
17025 16486 16877 16657
16776 16428 17250 16192
16326 16450 17093 17023
16332 16221 17332 16784
16768 16452 17276 16238
16566 16218 17362 16743
16743 16417 17287 16256
16641 16609 17295 16323
16732 16374 17281 16263
16734 16596 16978 16881
16452 16663 16962 17023
16257 16174 17179 17012
16995 16455 16898 16657
16887 16734 16703 16816
16743 16371 17243 16273
16745 16374 17244 16264
17081 16555 16616 16432
16770 16349 17272 16242
16320 16643 17337 16778
16244 16740 16988 16998
16831 16429 17237 16279
16480 16263 17169 17030
16497 16601 16629 17072
16656 16536 16706 17093
16509 16726 17136 16819
16709 16617 17132 16733
16492 16260 17154 17004
16576 16753 17302 16316
17069 16480 16862 16516
16868 16640 16892 16841
16184 15946 17091 17041
16526 16755 17303 16321
16405 16792 17284 16850
16665 16313 17139 16881
16659 16675 17158 16806
16652 16368 17090 16912
17083 16474 16659 16597
17094 16458 16645 16511
17003 16532 16894 16603
16599 16783 17267 16390
17035 16474 16925 16596
16696 16642 16697 17005
16794 16323 17237 16564
16411 16286 17261 16939
17065 16404 16920 16612
16651 16807 16896 16562
16546 16800 17260 16384
16564 16798 17236 16397
17046 16321 16711 16746
16711 16341 17298 16612
16693 16353 17338 16369
16622 16617 16664 17044
16567 16589 17006 16960
16677 16333 17491 16413
16531 16852 17210 16424
16544 16797 17259 16393
17084 16336 16771 16632
16580 16875 17254 16368
16712 16362 17048 16874
16680 16588 17044 16914
16644 16510 17049 16939
16746 16845 16819 16371
17154 16285 16793 16587
16544 16749 17289 16408
17100 16341 16689 16583
16477 16716 17017 16924
16460 16418 17038 17015
16290 16469 17451 16742
17116 16259 16711 16653
16597 16576 17389 16525
16179 16350 17482 16632
16597 16367 17118 16917
16334 16833 17063 16869
16894 16780 16858 16582
16060 16760 16997 16971
16364 16768 16918 16967
16906 16709 16677 16873
16740 16756 17175 16655
16355 16274 17284 16922
16233 16774 16993 16981
16654 16548 17085 16855
17097 16281 16820 16601
16638 16828 16420 16707
16323 16540 17428 16799
16192 16511 17441 16807
16657 16370 17327 16328
16865 16456 16875 16951
16687 16446 17315 16298
16667 16566 17164 16795
16706 16478 16916 16968
16571 16763 16956 16865
16744 16527 17096 16755
16786 16593 16824 16942
16687 16398 17316 16308
16686 16467 16926 17017
16614 16495 16964 17043
16630 16394 17343 16322
16983 16568 16951 16554
16680 16507 17305 16382
17101 16453 16881 16545
16255 16496 17438 16745
16821 16390 16879 16972
16822 16616 16905 16885
17107 16415 16800 16517
16323 16191 17333 16825
17100 16329 16717 16629
16441 16170 17346 16876
17133 16361 16666 16564
16952 16570 16890 16663
16679 16541 17125 16788
17171 16398 16685 16529
16751 16464 16854 16930
16628 16618 17031 16902
17008 16400 16947 16626
16502 16636 17262 16799
17108 16305 16691 16583
16726 16842 16375 16516
16691 16623 16811 16999
16986 16286 16983 16510
16350 16206 17296 16902
16768 16478 17115 16726
17001 16579 16802 16431
16996 16485 16901 16581
16981 16366 16961 16565
16381 16265 17269 16886
16317 16471 17336 16823
17124 16403 16674 16544
16747 16834 16327 16524
17127 16399 16587 16533
17022 16478 16793 16731
16998 16563 16921 16391
16747 16411 16809 17002
17112 16380 16622 16592
16936 16610 16913 16621
17020 16419 16379 16734
16688 16343 17410 16504
17013 16354 16947 16508
16722 16436 16781 17024
16659 16807 17093 16238
16796 16390 16815 17059
16617 16819 16919 16508
16724 16584 17042 16798
15967 16875 17167 16956
16952 16598 16865 16650
16988 16488 16987 16493
16982 16482 16743 16806
16637 16849 16364 16655
16472 16589 16989 17066
16724 16562 16612 17026
16667 16375 17318 16360
16580 16849 16906 16793
16848 16549 17006 16743
16768 16606 17021 16783
16659 16685 17066 16802
15957 16961 17200 16963
16573 16870 16982 16480
16546 16709 17129 16799
16679 16900 16332 16593
16946 16503 16987 16441
16520 16589 17117 16976
16740 16439 16596 16964
16716 16565 16674 16985
16955 16499 16825 16821
16708 16875 16725 16587
16833 16660 16621 16961
16625 16436 17303 16414
16926 16507 16816 16832
17008 16359 16656 16732
16694 16863 16370 16613
17149 16352 16761 16573
16788 16569 17004 16697
16458 16648 16997 17002
16406 16753 17172 16884
16790 16681 17024 16238
16906 16447 17024 16520
16932 16286 16968 16565
16924 16504 16815 16841
16436 16668 16969 17002
16672 16545 16704 17054
16523 16197 17325 16804
16616 16480 17239 16752
16945 16288 16966 16590
16732 16793 17178 16694
16633 16268 17262 16916
16858 16493 16951 16807
16579 16414 16860 17098
16882 16429 17029 16651
16699 16847 16324 16601
16472 16286 17253 16872
16391 16721 17327 16744
16835 16607 17128 16291
16953 16492 16963 16584
16413 16243 17265 16855
16767 16838 16281 16536
16462 16641 17157 16972
16343 16294 17243 16900
16810 16656 16931 16900
16524 16830 16869 16893
16499 16791 16923 16859
16496 16512 17184 16952
16452 16807 17282 16798
16871 16811 16703 16418
16425 16669 17264 16835
17058 16290 16630 16719
16963 16474 16870 16661
16389 16342 17259 16865
16226 16148 17226 17002
17010 16248 16663 16776
16594 16803 16923 16576
16451 16631 17237 16855
16268 16217 17220 16982
16577 16444 16856 17136
16798 16902 16356 16478
16600 16383 16868 17110
16957 16447 16789 16801
16270 16119 17228 16981
16610 16244 16643 17101
17066 16574 16724 16652
16617 16216 16719 17107
16574 16692 17141 16883
16658 16231 17322 16746
16849 16443 17051 16534
16529 16778 17199 16790
16707 16893 16773 16560
16612 16727 17109 16886
16542 16587 17036 16979
16570 16790 17088 16820
16249 16237 17252 16982
16533 16750 17039 16867
16539 16671 17318 16659
16592 16637 17215 16778
17093 16395 16747 16576
16613 16284 17270 16853
16250 16568 17451 16797
16818 16452 17083 16720
16433 16733 17204 16834
16555 16600 17188 16779
16603 16718 17253 16705
16830 16918 16705 16402
16952 16447 16903 16728
16434 16747 17158 16839
16896 16627 16895 16671
16970 16374 16865 16692
16432 16744 17157 16848
16068 16909 17113 16901
16569 16706 17290 16711
16066 16961 17087 16877
16738 16269 17283 16628
16812 16865 16787 16440
16558 16732 17188 16760
16575 16638 17177 16898
16683 16233 17292 16808
16414 16247 17293 16841
16515 16711 17122 16802
16559 16677 17264 16716
16471 16660 17127 16920
16115 16911 17045 16850
16845 16372 17061 16590
16608 16600 17153 16852
16638 16604 17075 16857
16637 16607 16698 17023
16570 16222 17301 16881
16475 16663 17362 16743
16587 16641 17235 16734
16623 16584 17071 16928
16651 16697 17237 16708
16109 16894 17099 16908
16559 16186 17334 16846
16534 16688 17147 16798
16615 16572 17073 16866
16601 16604 17043 16928
16603 16535 17190 16783
16270 16830 17081 16853
16759 16838 16771 16514
16550 16796 16941 16789
16490 16737 17177 16820
16570 16601 17217 16751
16597 16582 16710 17039
16835 16463 17015 16520
16560 16821 17088 16772
16464 16739 17125 16843
16644 16617 16680 17024
16800 16525 17139 16536
16541 16658 17228 16793
16771 16588 16949 16897
16772 16285 17289 16584
16603 16821 16909 16854
16557 16649 17369 16618
16498 16106 17369 16809
16251 16856 17206 16853
16758 16245 17242 16589
16536 16142 17374 16773
17093 16205 16828 16550
16478 16769 17032 16838
16700 16600 17060 16772
16525 16799 17082 16785
16532 16590 17179 16927
16641 16563 17080 16871
16820 16337 17107 16585
16525 16761 16966 16876
16699 16670 17032 16821
16750 16229 17257 16613
16472 16633 17372 16720
16470 16562 17167 16969
16646 16605 17071 16829
16680 16535 17081 16844
16660 16564 16702 17030
16929 16583 16866 16672
17066 16379 16889 16488
16833 16523 17029 16546
17059 16255 16738 16667
16547 16578 17390 16530
16484 16757 17140 16822
16528 16565 17091 16930
16635 16475 17070 16908
16790 16226 17295 16564
17071 16377 16893 16575
16819 16658 16971 16810
17018 16341 16956 16446
17129 16204 16760 16622
16593 16648 17301 16690
16677 16716 16994 16803
16602 16487 17110 16878
16960 16302 16996 16415
16877 16493 17067 16406
17154 16239 16714 16627
16565 16561 17372 16531
16749 16698 17017 16705
16638 16565 17105 16853
16847 16730 16873 16305
16996 16380 16991 16390
17118 16161 16719 16652
16475 16710 17090 16899
16555 16690 17382 16646
16580 16642 17059 16930
16613 16484 17072 16888
16460 16651 16998 16993
16681 16265 17310 16642
16971 16345 17037 16385
17105 16216 16670 16683
16555 16667 17031 16952
16685 16666 17143 16770
16743 16621 17097 16711
16465 16608 17011 16992
16958 16400 16988 16416
16681 16230 17291 16817
17054 16148 16641 16729
16462 16509 17399 16568
16927 16408 17022 16456
16583 16167 17350 16850
16825 16413 17074 16609
17090 16226 16636 16704
16923 16746 16865 16216
16519 16612 17387 16671
16827 16416 17075 16600
16529 16736 17053 16876
16274 16805 17069 16866
16376 16391 17438 16644
16819 16379 17099 16655
17109 16267 16674 16626
16479 16738 17054 16881
16276 16808 17070 16857
16034 16981 17164 16874
16897 16845 16735 16360
16844 16412 17068 16597
17107 16264 16673 16635
16388 16692 17361 16554
16276 16794 17103 16838
16309 16775 17265 16856
17102 16307 16660 16636
16489 16760 17093 16838
16713 16545 17109 16741
17108 16280 16633 16599
16390 16650 17398 16555
16333 16752 17191 16909
16910 16425 16992 16466
16791 16591 17034 16408
16416 16089 17313 16911
16840 16567 16905 16862
16285 16830 17009 16951
16781 16566 17043 16579
17085 16339 16683 16650
16723 16688 17236 16729
16814 16569 17021 16535
16512 16164 17278 16906
16799 16538 16873 16911
16426 16700 17357 16509
16283 16812 16977 16961
16909 16663 16855 16598
16525 16109 17327 16875
16482 16758 16840 17065
16422 16774 17016 16867
16706 16557 17074 16747
16866 16676 16973 16486
16936 16370 17004 16436
16561 16187 17322 16850
16795 16543 17026 16572
16374 16768 16904 17002
16372 16713 17339 16472
16624 16696 17028 16859
16464 16843 17010 16847
16708 16552 17053 16788
16457 16723 16886 17060
16993 16374 16977 16422
16787 16563 17032 16461
16296 16456 17487 16528
17054 16265 16742 16634
16816 16629 16904 16863
16367 16738 17334 16390
16682 16758 17150 16768
16507 16826 17016 16842
16280 16680 17008 16959
16923 16588 17014 16306
16999 16347 16950 16385
16331 16793 17391 16438
16785 16664 17007 16835
16455 16726 16837 17068
16802 16299 17211 16518
16857 16507 17002 16341
16534 16144 17306 16906
16791 16545 17033 16757
16685 16692 16968 16757
16729 16551 17038 16747
16333 16428 17450 16562
16415 16708 17456 16447
16628 16651 16966 16840
16486 16874 16956 16821
16669 16594 17044 16851
16943 16774 16808 16246
17045 16482 16909 16587
16572 16124 17309 16880
16329 16487 17456 16532
16315 16716 17373 16467
16276 16795 17030 16920
16694 16629 16998 16856
16593 16172 17288 16845
17144 16366 16682 16532
16505 16580 17233 16818
16715 16512 17067 16778
16816 16244 17363 16516
16591 16117 17297 16839
16235 16376 17522 16491
16356 16816 16831 17068
16322 16688 17449 16473
16710 16555 17054 16779
16565 16694 17190 16747
16473 16704 16850 17117
16981 16585 16856 16125
16802 16601 17135 16340
16209 16385 17537 16527
17139 16422 16639 16485
16578 16628 16932 16953
16231 16738 17016 16963
16658 16549 16753 17051
16184 16304 17504 16562
16535 16849 16973 16795
16538 16660 17202 16766
16822 16210 17256 16518
16417 16711 17457 16438
16283 16794 17032 16933
16804 16229 17332 16541
16820 16588 17163 16350
16420 16630 17425 16478
16584 16599 16947 16929
17016 16498 16871 16425
16787 16483 17107 16541
16476 16666 17384 16518
16691 16224 17254 16822
16322 16329 17430 16654
16299 16812 16858 17082
16439 16645 17406 16478
16269 16753 16991 16980
16680 16508 16643 17097
16748 16157 17301 16584
16239 16677 17003 17010
16537 16668 17317 16668
16804 16565 17237 16243
16515 16865 17052 16703
16125 16941 17035 16808
16623 16192 17271 16818
16585 16822 16969 16655
16753 16502 16535 16999
16741 16203 17251 16620
16868 16577 17170 16237
16738 16483 16570 17058
16881 16522 17219 16206
16475 16667 17393 16456
16389 16731 16942 17022
16590 16644 17214 16755
16615 16619 17242 16733
16730 16507 16596 17104
16409 16763 16887 17049
16509 16711 17349 16404
16482 16745 16983 16877
16383 16761 16945 16946
16743 16526 16518 17024
16761 16208 17295 16602
16833 16500 17236 16292
16370 16763 16943 16954
16544 16625 17257 16746
16788 16474 16518 16973
16781 16250 17258 16566
16820 16555 17187 16323
16795 16416 17146 16457
16389 16816 16911 16890
16536 16605 17214 16802
16795 16474 17154 16358
16718 16531 16835 16944
16425 16587 17438 16477
16591 16630 16868 16907
16798 16479 16838 16956
16831 16552 17149 16333
16668 16285 17242 16848
16708 16481 16917 16959
16573 16819 17090 16764
16383 16799 16924 16908
16535 16617 17233 16786
16780 16465 16568 16992
16183 16960 16995 16721
16825 16533 17165 16295
16418 16627 17424 16487
16474 16875 17013 16745
16543 16673 17215 16762
16409 16635 16967 17114
16752 16232 17258 16604
16867 16582 17175 16246
16535 16847 16928 16844
16884 16735 16912 16249
16832 16550 17147 16290
16689 16206 17265 16771
16336 16720 17355 16749
16441 16787 16966 16862
16889 16554 17120 16276
16676 16261 17216 16802
16478 16843 16955 16858
16513 16679 16920 17042
16780 16425 16591 16962
16956 16512 17114 16254
16669 16711 16841 16940
16440 16546 17405 16524
16551 16780 16924 16883
16580 16703 17252 16721
16695 16262 17333 16718
16905 16444 17085 16300
16552 16204 17305 16816
16507 16538 17401 16521
16584 16774 16956 16764
16409 16786 16931 16882
16722 16742 17293 16671
16744 16292 17340 16570
16884 16702 16936 16222
16892 16499 17036 16331
16588 16282 17300 16791
16566 16851 16905 16865
16422 16784 16933 16874
16541 16740 16882 16979
16112 16981 17059 16807
16788 16250 17377 16561
16911 16549 17013 16336
16594 16255 17273 16754
16490 16793 16899 16869
16364 16750 16985 16934
16680 16583 16932 16980
16784 16586 16951 16889
16807 16393 16434 16973
16835 16679 16892 16278
16940 16537 16969 16373
16678 16259 17265 16776
16520 16869 16887 16839
16688 16488 16886 16944
16118 17015 17079 16790
16963 16407 16954 16528
16898 16507 16981 16341
16682 16515 16913 16981
16814 16753 16914 16267
16262 16703 17034 16960
16680 16512 16912 16990
16688 16817 16861 16855
16774 16153 17344 16571
16779 16744 16907 16298
16915 16571 17016 16267
16656 16228 17321 16755
16270 16759 17016 16936
16754 16742 17242 16657
16637 16757 16883 16890
16331 16749 17190 16918
16725 16130 17300 16627
16842 16783 16859 16307
16925 16499 16990 16271
16684 16232 17238 16739
16621 16698 16942 16835
16817 16647 16830 16870
16869 16738 16616 16936
16738 16210 17295 16600
16853 16797 16843 16261
16910 16480 17025 16330
16686 16235 17239 16730
16863 16450 16964 16806
16812 16573 16919 16907
16630 16749 16894 16870
16736 16207 17294 16609
16866 16742 16892 16230
16914 16502 17028 16261
16707 16171 17250 16713
17077 16448 16662 16580
16751 16682 17222 16684
16587 16773 16917 16857
16835 16663 16622 16952
16881 16548 17113 16286
16701 16198 17277 16750
16757 16655 17195 16647
16827 16562 16986 16814
16797 16540 17028 16806
16085 16958 17072 16871
16764 16294 17327 16570
16921 16743 16864 16225
16922 16553 17114 16205
16699 16195 17276 16759
16158 16763 17046 16924
16744 16710 17146 16678
16814 16617 16937 16845
16778 16602 16862 16928
16686 16250 17227 16790
16742 16707 17145 16687
16524 16802 16895 16914
16955 16734 16782 16231
16908 16575 17113 16242
16664 16303 17271 16812
16680 16820 16759 16836
16570 16769 16928 16866
16390 16818 16818 16937
16646 16521 16994 16984
16838 16564 16904 16871
16838 16410 17054 16741
16526 16805 16896 16905
16957 16737 16783 16222
16440 16816 16817 16932
16703 16583 16785 16984
16884 16446 16903 16916
16801 16296 17313 16556
16900 16733 16810 16236
16955 16570 17033 16189
16644 16194 17304 16764
16851 16375 17023 16723
16464 16771 16842 16984
16757 16322 17251 16564
16887 16788 16761 16267
17022 16528 17027 16167
16697 16596 16784 16962
16670 16181 17300 16753
16334 16717 17354 16758
16826 16618 16985 16800
16699 16599 16785 16953
16913 16811 16781 16224
16961 16448 17062 16130
16565 16872 16824 16756
16609 16677 17159 16811
16825 16352 17072 16618
16064 16949 17212 16868
16926 16830 16703 16144
16994 16482 16900 16590
16997 16526 17057 16105
16603 16223 17306 16775
16264 16801 17255 16822
16564 16856 16864 16792
16474 16933 16784 16820
16531 16597 17003 16959
16666 16681 17132 16797
16671 16595 16868 16969
16809 16272 17287 16510
16933 16802 16779 16150
16949 16519 17115 16100
16454 16719 17233 16817
16375 16644 17309 16773
16692 16672 17117 16761
16684 16540 16917 16938
16822 16217 17336 16479
16945 16771 16698 16123
16937 16540 17139 16133
16637 16789 16868 16765
16172 16872 17205 16867
16709 16621 16950 16903
16091 16985 17137 16860
16917 16814 16704 16119
16899 16479 17143 16135
16670 16239 17215 16844
16436 16939 16910 16752
16622 16687 17123 16784
16834 16713 16690 16919
16814 16241 17362 16525
17086 16768 16651 16121
16941 16528 17153 16086
16683 16184 17264 16813
16478 16978 16929 16688
17018 16750 16614 16158
17030 16492 16875 16608
16947 16501 17126 16049
16708 16219 17218 16818
16472 17017 16905 16727
16121 16990 17214 16785
16995 16734 16654 16164
16934 16556 17077 16080
16672 16141 17223 16843
16640 16841 16775 16636
16466 16940 16963 16676
16647 16693 17013 16808
16786 16588 17020 16758
16809 16432 17063 16737
16754 16660 17030 16768
16993 16731 16653 16173
16659 16196 17174 16874
16607 16887 16860 16661
16185 16817 17254 16836
16784 16585 17019 16767
16736 16691 16960 16740
16090 16986 17237 16718
16718 16301 17355 16606
16968 16756 16625 16195
16942 16528 17035 16077
16594 16889 16858 16669
16480 16609 17346 16674
16637 16545 16957 16986
16763 16649 17008 16784
16849 16460 17010 16688
16801 16766 16893 16692
16077 16988 17235 16726
16746 16295 17341 16561
16928 16555 17037 16155
16638 16270 17196 16863
16656 16877 16804 16588
16438 16931 16938 16706
16824 16425 17056 16683
16723 16744 16913 16698
16724 16264 17397 16540
16990 16543 16983 16074
16825 16610 16994 16769
16919 16582 16895 16772
16496 16811 16771 16992
16060 16910 17249 16748
16781 16268 17370 16526
16981 16545 16983 16090
16672 16294 17151 16954
16396 16933 16978 16640
16648 16524 16995 16975
16837 16570 16968 16754
16816 16449 17082 16729
16743 16667 16878 16735
16546 16809 16770 16987
16794 16213 17419 16495
16961 16743 16736 16158
17037 16516 16955 16048
16705 16266 17163 16936
16735 16691 16904 16781
16350 17024 16944 16641
16170 16876 17095 16855
16535 16672 17324 16729
16654 16497 16968 16938
16859 16601 16912 16775
16566 16811 16778 16962
16819 16750 16652 16899
16070 16922 17185 16831
16836 16262 17429 16446
17058 16680 16758 16171
17041 16492 16879 16019
16522 16727 17275 16760
16797 16646 16960 16811
16681 16678 16959 16772
16842 16235 17402 16409
16968 16735 16654 16162
17037 16562 16944 16138
16731 16233 17159 16900
16425 17029 16956 16637
16176 16852 17093 16886
16702 16753 16934 16807
16016 16898 17211 16900
16829 16290 17353 16440
17094 16488 16905 16071
16722 16205 17184 16843
16544 16590 17037 16970
16618 16734 16957 16796
16843 16252 17321 16366
16680 16186 17164 16874
16215 16787 17068 16906
16565 16526 17048 16953
16744 16380 17084 16770
16620 16737 16958 16787
16839 16276 17397 16395
17028 16451 16766 16694
17089 16472 16930 16136
16693 16131 17213 16843
16453 16986 16950 16641
16456 16722 17234 16808
16919 16547 16802 16842
16723 16444 17073 16787
16631 16759 17002 16777
16778 16196 17432 16358
17046 16722 16642 16161
17016 16491 16792 16709
17044 16449 16936 16129
16672 16195 17202 16860
16324 16702 17224 16952
16461 16679 17247 16807
16942 16554 16776 16852
15896 16881 17235 16926
16808 16272 17420 16328
17045 16471 17008 16109
16314 17058 16988 16596
16117 16754 17038 16976
16950 16555 16729 16810
16651 16685 16905 16853
16628 16799 16724 16881
15932 16959 17230 16901
16766 16280 17492 16427
16959 16450 16790 16792
16312 17022 17011 16578
16461 16726 17283 16760
16521 16498 17003 17052
15878 16894 17207 16916
17032 16468 16957 16150
16297 16350 17455 16587
16851 16791 16845 16605
16314 17025 17012 16569
16133 16831 17056 16947
16456 16769 17270 16761
16671 16553 17065 16883
16945 16525 16731 16835
16572 16855 16727 16960
15939 16974 17172 16953
16797 16225 17429 16457
17019 16523 16908 16181
16562 17036 16992 16554
16130 16791 17095 16912
16454 16766 17269 16770
16490 16494 17026 16985
16818 16491 17046 16725
15977 16909 17110 16954
16740 16221 17456 16471
16686 16127 17189 16868
16339 16401 17423 16525
16356 17076 16980 16507
16046 16760 17106 16946
16622 16530 17021 16939
16885 16550 16803 16866
16803 16528 17008 16705
16688 16719 16838 16890
16537 16823 16737 16942
15974 16921 17142 16995
16776 16299 17451 16446
17024 16564 16942 16146
16573 16513 16984 17111
16832 16456 16965 16861
16543 16810 16738 16964
15995 16896 17138 16964
16499 17093 16944 16590
16477 16584 16944 17071
16694 16508 17048 16934
16820 16496 16991 16876
16828 16504 16748 16902
16595 16754 16884 16891
16476 16819 16814 16938
15976 16870 17223 16960
16989 16442 16757 16796
16989 16540 16961 16224
16298 16433 17450 16604
16837 16711 16832 16652
16450 17021 16935 16684
16106 16757 17076 16966
16700 16481 17021 16897
16841 16432 17002 16859
16499 16775 16813 16926
16006 16939 17179 16934
17077 16694 16757 16148
16945 16542 16984 16236
16642 16156 17187 16889
16296 16430 17449 16613
16472 16774 17226 16804
16736 16559 17016 16872
16802 16517 16752 16913
16960 16458 16767 16776
16990 16477 16949 16189
16348 17021 16943 16650
16505 16583 16974 17065
16692 16561 17039 16884
15987 16908 17224 16848
16675 16297 17514 16395
16958 16455 16766 16785
17038 16499 16932 16103
16582 16260 17235 16940
16504 16697 17166 16825
16704 16511 16983 16895
16863 16570 16775 16866
16677 16300 17515 16386
16506 16700 17167 16816
16499 16497 17013 17011
16686 16450 16973 16938
16804 16513 17064 16813
16581 16806 16868 16900
16023 16865 17234 16945
17055 16442 16992 16050
16636 16117 17207 16885
16301 17016 16939 16712
16476 16680 17192 16861
16791 16568 17015 16844
16607 16793 16864 16889
17153 16669 16709 16062
17047 16466 17018 16096
16102 16751 17084 16960
16805 16505 16984 16891
16753 16222 17510 16304
17017 16390 17030 16126
16381 17020 16869 16685
16736 16554 16904 16938
16889 16444 16965 16890
16592 16838 16901 16854
15976 16866 17133 16971
16747 16249 17537 16341
16945 16530 16790 16777
17019 16393 17031 16117
16463 16809 17192 16804
16023 16836 17086 17008
16705 16200 17527 16390
16964 16583 16758 16713
16972 16318 17079 16259
16470 16514 17024 17025
16672 16584 16867 16942
16920 16512 16861 16760
16550 16789 16891 16903
16024 16825 17101 16973
16936 16579 16841 16729
17021 16458 17045 16107
16426 16763 17131 16850
16421 16447 17066 16998
16675 16615 16949 16918
16925 16469 16874 16759
16003 16889 17090 16990
16730 16202 17497 16452
16773 16311 17069 16922
16493 16945 16928 16689
16480 17000 16879 16720
16434 16452 17027 16993
16679 16556 16943 16948
16927 16472 16875 16750
16017 16883 17068 16966
16717 16257 17448 16483
17120 16715 16794 16087
16955 16596 16829 16659
17064 16425 17000 16111
16215 16851 17030 16871
16691 16516 16917 16933
16878 16401 16924 16920
16552 16792 16892 16894
16053 16961 17063 16941
17162 16633 16797 16012
17028 16347 17005 16136
16418 16660 17193 16864
16536 16570 16968 17134
16716 16565 16872 16939
16965 16452 16864 16723
16557 16749 16905 16893
16932 16560 16866 16679
17030 16350 17006 16127
16706 16258 17131 16922
16217 16790 17069 16897
16686 16489 16884 16969
17023 16486 16812 16663
16035 16924 17065 16932
16776 16194 17459 16420
17008 16401 17086 16163
16411 16937 16940 16690
16476 16655 17209 16842
16688 16492 16885 16960
16823 16393 16880 16963
17020 16457 16810 16719
16627 16698 16927 16848
16060 16921 17077 16931
16758 16259 17456 16432
17006 16398 17085 16172
16380 16769 17197 16886
16501 16736 17242 16807
16448 16579 17001 17079
16714 16461 16912 16972
16836 16338 16929 16932
17033 16476 16732 16639
16622 16741 16914 16849
16078 16894 17022 16925
16722 16181 17461 16457
16904 16570 16896 16648
16450 16668 17213 16853
16435 16634 16952 17110
16688 16470 16927 17008
16872 16416 16924 16907
16620 16738 16913 16858
16042 16816 17027 16950
16724 16217 17438 16475
16487 16961 16884 16617
16437 16593 16939 17082
16897 16391 16952 16885
17013 16511 16757 16654
16024 16881 17024 16962
16722 16214 17437 16484
16981 16423 17057 16194
16498 16983 16928 16607
16392 16673 17197 16875
16488 16661 16968 17036
16571 16715 16869 16914
16022 16878 17023 16971
16709 16269 17388 16515
16893 16579 16875 16788
16683 16286 17135 16936
16518 16972 16934 16600
16478 16735 17209 16823
16427 16581 17003 16999
16619 16460 16869 17058
16830 16384 16895 16926
16584 16795 16864 16887
16652 16265 17415 16529
16970 16346 17063 16212
16491 17023 16912 16596
16448 16659 17221 16853
16457 16657 16991 16969
16621 16463 16870 17049
16809 16448 16884 16943
17026 16553 16789 16649
16554 16719 16876 16917
16654 16268 17416 16520
17151 16571 16759 16018
16908 16453 16921 16657
16998 16408 17029 16144
16253 16493 17437 16754
16806 16701 16860 16517
16501 16999 16893 16563
16398 16605 17030 16993
16752 16444 16911 16957
16970 16582 16817 16691
16556 16722 16877 16908
16683 16251 17451 16501
17136 16552 16794 16077
16944 16531 16916 16632
17046 16411 16990 16139
16637 16154 17220 16859
16558 17076 16850 16596
16242 16821 17227 16822
16730 16464 16883 16957
16561 16679 16890 16907
16066 16906 17112 16910
16629 16266 17446 16458
17085 16484 16765 16123
16942 16528 16915 16641
17016 16335 17002 16169
16673 16232 17215 16834
16808 16696 16870 16504
16438 16686 17188 16886
16694 16386 16888 16982
16597 16757 16885 16882
16771 16739 16667 16889
16627 16263 17445 16467
17121 16562 16760 16098
17010 16362 17029 16206
16815 16668 16946 16510
16555 17064 16916 16548
16413 16651 17234 16881
16354 16591 17073 17039
16544 16515 16874 17139
16745 16454 16917 16936
16988 16571 16788 16602
16749 16708 16723 16868
16073 16866 17126 16900
17090 16639 16806 16117
16904 16548 16912 16667
17008 16359 17028 16215
16262 16460 17463 16762
16568 17009 16965 16517
16443 16727 17222 16851
16384 16551 17054 17034
16720 16373 16884 16971
16990 16574 16789 16593
16617 16785 16828 16912
16737 16748 16749 16883
16795 16724 16666 16904
16675 16263 17415 16531
16906 16551 16913 16658
16995 16414 16979 16246
16423 16555 17020 17010
16560 16592 16892 17110
16756 16451 16879 16946
16958 16571 16838 16613
16725 16668 16804 16884
16025 16864 17091 16960
16677 16266 17416 16522
16997 16600 16793 16134
16919 16496 16962 16627
16984 16400 16995 16292
16645 16237 17181 16889
16512 17038 16993 16559
16412 16724 17215 16866
16396 16561 17039 17091
16731 16416 16925 16941
16761 16746 16799 16859
16635 16197 17422 16542
16976 16500 16935 16613
16986 16403 16996 16283
16341 16430 17369 16746
16378 16534 17067 17052
16561 16523 16933 17078
16778 16451 16895 16926
16736 16665 16766 16894
16000 16829 17137 16955
16630 16240 17409 16543
16934 16431 16941 16633
16928 16360 17042 16268
16557 16226 17238 16928
16347 16547 17324 16793
16445 17031 16936 16600
16450 16718 17219 16841
16776 16448 16894 16935
16827 16695 16853 16812
16761 16700 16720 16899
16051 16897 17166 16909
16628 16237 17408 16552
17069 16637 16733 16181
16921 16486 16892 16664
16902 16369 17057 16304
16544 16281 17189 16959
16495 17029 16935 16595
16420 16642 17231 16871
16362 16528 17088 16998
16828 16657 16739 16770
16719 16652 16764 16905
16052 16913 17126 16873
16670 16306 17402 16532
17047 16653 16779 16181
16898 16478 16920 16635
16985 16364 17015 16254
16535 16316 17125 16945
16459 16951 16940 16620
16205 16877 17200 16830
16407 16697 17182 16902
16305 16524 17115 17012
16988 16633 16782 16609
16793 16694 16750 16837
16044 16937 17152 16919
16940 16547 16914 16615
16998 16309 17064 16223
16484 17032 16973 16585
16207 16880 17201 16821
16359 16721 17218 16921
16300 16567 17102 17013
16982 16660 16809 16646
16715 16697 16867 16859
16809 16696 16761 16791
16827 16738 16706 16785
16057 16882 17201 16888
16685 16254 17452 16492
16332 16637 17300 16852
16442 16983 16963 16634
16298 16564 17101 17022
16835 16671 16827 16766
16819 16762 16732 16831
16882 16683 16665 16905
16035 16902 17173 16888
16706 16190 17463 16475
16947 16237 17046 16294
16481 16279 17126 17016
16437 17026 16950 16635
16216 16879 17236 16795
16263 16622 17259 16915
16355 16568 17074 17008
16554 16520 16942 17089
16704 16439 16828 16994
16721 16670 16840 16822
16872 16673 16707 16740
16858 16741 16655 16767
16884 16686 16666 16896
16083 16905 17134 16883
16693 16245 17414 16506
16941 16519 16941 16603
16998 16305 17075 16248
16494 16224 17175 16985
16435 17023 16949 16644
16321 16927 17211 16768
16293 16698 17247 16885
16319 16490 17079 17033
16929 16686 16743 16651
16898 16642 16734 16752
16889 16694 16733 16697
16027 16934 17162 16925
16657 16167 17419 16531
17144 16652 16751 16126
16928 16574 16892 16634
16944 16240 17078 16290
16530 16302 17170 16960
16477 17072 16959 16595
16658 16693 16894 16873
16866 16651 16890 16772
16891 16761 16627 16913
16643 16165 17389 16542
16888 16584 16937 16671
16919 16265 17050 16312
16528 16299 17169 16969
16306 16622 17296 16883
16452 16991 16926 16630
16764 16365 16758 17061
16917 16671 16731 16851
16940 16658 16592 16866
15963 16921 17084 17002
16582 16085 17424 16505
17108 16574 16756 16151
16883 16187 17055 16337
16515 16354 17120 17000
16488 17069 16921 16605
16281 16898 17197 16834
16380 16537 17068 17043
16566 16541 16908 17105
16892 16590 16698 16886
15916 16863 17119 17020
16576 16093 17445 16537
16908 16268 17088 16302
16461 16292 17112 17010
16330 16581 17329 16806
16438 17071 16922 16610
16700 16734 16829 16839
16879 16645 16649 16917
16966 16657 16527 16814
15952 16941 17114 16995
16594 16028 17448 16525
17084 16615 16723 16228
16934 16259 17073 16266
16463 16295 17113 17001
16259 16587 17397 16776
16440 17074 16923 16601
16611 16464 16882 17067
16907 16660 16854 16607
16698 16731 16828 16848
16822 16641 16676 16931
16856 16652 16842 16725
16962 16681 16603 16843
16651 16032 17421 16511
16864 16642 16952 16634
16924 16345 17106 16273
16485 16275 17141 17001
16298 16610 17418 16740
16398 17025 16913 16650
16360 16483 17044 17116
16624 16409 16931 17036
16894 16715 16805 16638
16858 16719 16671 16906
16844 16720 16816 16757
16912 16682 16650 16836
16664 15977 17470 16480
17078 16618 16763 16170
16866 16645 16953 16625
16899 16264 17073 16308
16542 16279 17114 16987
16283 16568 17413 16780
16455 17029 16886 16636
16251 16816 17148 16869
16327 16510 17052 17117
16627 16737 16896 16818
16814 16719 16678 16925
15964 16909 17206 16912
16700 16055 17465 16455
16815 16586 17008 16626
16935 16342 17068 16283
16540 16276 17113 16996
16304 16616 17392 16745
16468 16974 16935 16605
16258 16788 17224 16875
16369 16729 17193 16892
16325 16507 17051 17126
16553 16415 16999 17006
16839 16714 16833 16643
16621 16764 16923 16855
16829 16735 16681 16886
16904 16706 16676 16882
16014 16907 17205 16907
16698 16052 17464 16464
17005 16604 16769 16230
16810 16629 16995 16627
16888 16307 17098 16298
16601 16356 17078 17033
16303 16758 17234 16888
16347 16749 17165 16892
16347 16538 16995 17147
16547 16442 17026 17043
16844 16671 16846 16642
16624 16708 16894 16874
16778 16667 16652 16932
16677 16116 17453 16481
16995 16690 16802 16237
16808 16626 16994 16636
16918 16383 17086 16268
16588 16314 17046 17038
16237 16628 17422 16793
16524 16945 16907 16563
16306 16799 17215 16833
16307 16759 17210 16929
16545 16439 17025 17052
16814 16362 16714 16993
16823 16735 16835 16659
16754 16725 16609 16941
16855 16683 16632 16938
16635 16047 17459 16501
16997 16639 16744 16232
16830 16657 16938 16657
16590 16350 17023 17056
16308 16622 17354 16823
16511 17000 16858 16594
16239 16808 17291 16807
16246 16679 17245 16892
16816 16365 16715 16984
16821 16732 16834 16668
16695 16702 16826 16904
16752 16722 16608 16950
16859 16673 16753 16698
16880 16718 16586 16943
15951 16789 17190 16995
16639 16045 17470 16479
17028 16612 16741 16259
16856 16626 16965 16669
16565 16341 17046 17034
16260 16580 17387 16880
16529 16946 16868 16559
16267 16765 17285 16811
16410 16553 17031 17121
16570 16441 16995 17114
16829 16310 16764 16953
16777 16757 16562 16955
16893 16663 16635 16912
15972 16797 17205 16991
16644 16002 17483 16478
17018 16615 16749 16219
16858 16629 16966 16660
16607 16390 17056 16985
16199 16500 17422 16843
16523 16973 16895 16596
16237 16689 17297 16841
16278 16723 17280 16883
16827 16351 16777 16981
16697 16705 16827 16895
16723 16744 16617 16946
16895 16666 16636 16903
16646 16005 17484 16469
16896 16564 16904 16661
16611 16404 17042 16976
16548 16938 16864 16577
16224 16744 17248 16872
16500 16492 16973 17159
16675 16674 16883 16874
16774 16812 16646 16900
16873 16635 16692 16882
15994 16827 17199 16960
16644 15969 17507 16451
16894 16561 16903 16670
16544 16351 17104 16976
16578 17014 16852 16547
16717 16723 16893 16825
16851 16766 16660 16878
16860 16690 16643 16913
16005 16744 17215 16970
16686 16038 17501 16431
16557 16296 17153 16945
16312 16560 17395 16675
16613 16963 16773 16545
16280 16726 17281 16874
16367 16443 17058 17106
16482 16505 16945 17149
16731 16699 16890 16818
16792 16747 16596 16934
16835 16655 16689 16908
16000 16787 17202 16971
16707 15974 17512 16414
16944 16586 16887 16575
16297 16541 17430 16734
16626 16908 16822 16514
16290 16640 17248 16867
16354 16498 17009 17137
16539 16509 16918 17135
16873 16767 16835 16630
16718 16739 16853 16789
16729 16688 16644 16934
15998 16784 17201 16980
16768 16054 17477 16451
17135 16622 16736 16156
16943 16570 16927 16611
16966 16352 17076 16212
16499 16238 17130 16970
16253 16475 17434 16755
16264 16649 17263 16903
16352 16495 17008 17146
16716 16736 16852 16798
16773 16732 16642 16930
16754 16648 16651 16941
16717 15986 17448 16497
17099 16544 16741 16181
16901 16521 16917 16660
16988 16383 17020 16233
16486 16293 17081 17001
16247 16502 17461 16792
16656 16877 16887 16466
16214 16651 17264 16908
16388 16573 17003 17121
16590 16389 16905 17105
16738 16332 16792 17084
16812 16687 16870 16593
16710 16763 16879 16835
16728 16667 16653 16932
16836 16575 16902 16802
16790 16726 16646 16916
16704 16041 17399 16528
17086 16599 16692 16212
16986 16380 17019 16242
16429 16289 17108 17015
16205 16433 17467 16812
16201 16706 17215 16939
16592 16392 16906 17096
16782 16732 16676 16917
16740 16728 16647 16921
15974 16800 17206 16982
16668 15963 17404 16553
17032 16619 16729 16240
16960 16389 17034 16278
16465 16367 17103 16990
16207 16436 17468 16803
16661 16979 16827 16472
16152 16639 17257 16912
16412 16556 17032 17112
16613 16328 16917 17079
16875 16726 16822 16602
16733 16702 16891 16809
16845 16779 16659 16856
16934 16601 16860 16713
16765 16763 16601 16926
15979 16757 17219 16981
16647 16027 17393 16570
17060 16576 16723 16244
16890 16511 16921 16724
16961 16405 16991 16264
16411 16302 17080 17005
16212 16393 17481 16802
16613 16957 16844 16558
16203 16707 17286 16866
16418 16529 17005 17075
16862 16781 16773 16633
16708 16667 16937 16804
16729 16685 16606 16951
16030 16825 17248 16935
15949 16959 16837 16572
16040 16924 17078 16621
16104 16923 17106 16615
16583 16776 17168 16467
16549 16738 17131 16743
15982 16998 16870 16516
16089 16878 17067 16679
16573 16676 17181 16919
16595 16836 17033 16519
16029 16949 17081 16910
16127 16795 16976 16887
16844 16601 16865 16738
16271 16944 16859 16768
16643 16870 16881 16603
16792 16591 16921 16720
16758 16961 16802 16514
16148 16923 16739 16974
16477 16763 17053 16877
16199 16991 16768 16928
16705 16934 16786 16588
16318 16871 17065 16845
16134 16979 16796 16908
16825 16662 16817 16456
16685 16626 17201 16362
16676 16896 16883 16554
15849 17012 16740 16893
15988 16998 16694 16816
16733 16750 17037 16667
15801 17034 16649 16857
16831 16746 16816 16445
16506 16867 17132 16522
16165 16873 16791 16923
16641 16561 17272 16717
16564 16701 17169 16763
16678 16635 17174 16446
16463 16741 17171 16926
16085 16841 17030 16936
15793 16996 16730 16951
16127 16836 16809 16976
16474 16650 17230 16965
16189 16925 16631 16947
15949 16843 16704 17066
16678 16855 16870 16526
16688 16802 17037 16718
16412 16885 16786 16880
16580 16681 17221 16744
16777 16643 16871 16760
16619 16551 16979 16905
16492 16697 17129 16826
16960 16537 16837 16587
16065 16903 17087 16638
16734 16515 17160 16672
16152 16961 16718 16981
16228 16911 16847 16854
16596 16758 17239 16715
15944 16995 16647 16859
16844 16718 16785 16430
16478 16737 17280 16689
16642 16679 17148 16414
16613 16632 17220 16698
16632 16659 17232 16426
16225 16709 16917 17061
16085 16789 17257 16585
16087 16917 16789 16943
16529 16787 17111 16479
16566 16604 17065 16949
16075 16980 16743 17002
16523 16624 17112 16929
15909 17016 16609 16894
16548 16722 17171 16779
16855 16617 16666 16584
15991 17012 16581 16900
16657 16794 17110 16750
16655 16830 16855 16588
16450 16911 16868 16814
16509 16706 17256 16446
16135 16978 16690 17005
16531 16743 17242 16697
16250 16898 16870 16757
16163 16914 16804 16951
16057 16887 16787 17021
15884 17018 16734 16566
16552 16543 16934 16980
16555 16538 16901 16982
16016 16903 16779 16956
16791 16630 16871 16481
16517 16651 17139 16966
16149 16927 16846 16868
16425 16830 16835 16849
16526 16629 16857 17047
16234 16884 16820 16817
16091 16796 16678 17038
15876 16896 16654 17078
15825 17024 16580 16850
15819 17097 16714 16673
16301 16825 16870 17003
16037 16891 16870 16768
15879 16995 16712 16675
16893 16559 16849 16509
15854 17045 16770 16618
16422 16808 17106 16620
15692 17040 16583 16687
16154 16964 16627 16978
16609 16912 16831 16480
15758 17017 16749 16636
15831 17059 16697 16608
15905 16886 16673 17058
16675 16858 16798 16618
16543 16836 16927 16799
16174 16869 16690 16937
15851 16815 16621 17113
16464 16796 17188 16793
16065 16761 16838 17060
16489 16367 17269 16790
16116 16717 16818 17082
16599 16820 16998 16309
16786 16641 16884 16428
15991 16720 16827 17137
16089 16920 16790 16934
16068 16739 16682 17054
16158 16946 16642 16954
15969 16819 16599 17083
16446 16583 16627 17165
16129 16881 16606 17039
15924 16797 16663 17091
16724 16712 17024 16717
16430 16373 16931 17032
16263 16898 16734 16847
16390 16538 16999 17036
16151 16974 16566 16948
16341 16358 17373 16673
16167 16909 16676 16947
16329 16423 17373 16712
16227 16880 16693 16910
16165 16932 16590 17008
16078 16785 16657 17060
16780 16671 17014 16732
16009 16707 16855 17147
16418 16878 16867 16815
16291 16711 16861 17051
16045 16723 16886 17052
16472 16617 16901 17075
16156 16959 16824 16908
16557 16501 16827 17024
16496 16650 16930 17065
16677 16861 16799 16609
16339 16531 16935 17065
15801 17015 16746 16923
16271 16749 16882 17033
15757 17013 16693 16938
16056 16764 16982 16986
15755 17027 16609 16928
15724 17030 16614 16925
16046 16862 16717 17039
16245 16952 16693 16876
16676 16413 17160 16719
16221 16939 16771 16848
16709 16291 17139 16743
16451 16702 16930 17116
16753 16603 16775 16820
16097 16882 16860 16862
16200 16720 16885 17039
16787 16621 16666 16587
16070 16704 16828 17123
16036 16701 16796 17124
17007 16574 16818 16478
16891 16623 16802 16413
16677 16880 16828 16341
16693 16309 17080 16938
16666 16640 17102 16820
16586 16469 16842 16962
16114 16891 16760 17007
16704 16580 16731 16876
16773 16877 16703 16485
16411 16341 17257 16856
16356 16529 17003 17026
16457 16779 17111 16853
16144 16348 17408 16739
16325 16686 16972 16963
16855 16645 16772 16414
16491 16724 17173 16809
16570 16486 16951 16942
15911 16852 16614 17122
16632 16614 16623 17124
16667 16316 17140 16872
15875 16774 16619 17147
15888 16763 16739 17029
16526 16596 16881 17020
16104 16847 16609 17027
16140 16851 16557 17043
16214 16740 16793 17043
16165 16886 16511 17048
16129 16808 16516 17073
15900 16855 16652 17112
16154 16889 16549 17038
15912 16815 16626 17097
16449 16321 17260 16830
16156 16816 16592 17014
16021 16781 16684 17074
16532 16885 16887 16396
16507 16742 16842 16930
16161 16924 16641 16968
16151 16859 16579 17015
15991 16799 16627 17083
16654 16937 16829 16411
16856 16492 16752 16782
16548 16505 16923 17002
16149 16856 16578 17024
16027 16877 16622 17058
16200 16924 16607 16978
16002 16842 16668 17053
16077 16939 16730 16974
16166 16839 16606 17000
16015 16847 16629 17048
16179 16844 16567 16995
16202 16786 16608 17004
16381 16503 17020 17005
16169 16912 16677 16938
16213 16963 16797 16894
16014 16900 16778 16965
16162 16940 16601 16932
16322 16716 16727 17021
16915 16614 16820 16390
16916 16626 16737 16466
16886 16416 16825 16695
16906 16657 16755 16427
16996 16592 16730 16455
16594 16671 16529 16903
16939 16596 16709 16342
16165 16906 16767 16950
17065 16622 16665 16401
16937 16618 16731 16369
16150 16925 16741 16963
16673 16289 17113 16835
16152 16928 16742 16954
16924 16648 16659 16382
16525 16473 16970 16988
16620 16658 16525 16892
16851 16543 16706 16585
17073 16570 16635 16351
16931 16586 16600 16471
16040 16897 16746 16990
17029 16550 16657 16521
16718 16290 17108 16738
16038 16894 16745 16999
16780 16673 16689 16624
16095 16898 16718 16985
16827 16694 16560 16618
16357 16796 16842 16961
16108 16843 16767 16954
16819 16533 16927 16687
16709 16367 17108 16810
16505 16402 16828 17077
16396 16767 16386 16884
16144 16921 16762 16929
16933 16712 16571 16360
16507 16438 16805 17095
16385 16778 16813 16898
16816 16462 16815 16786
16564 16446 16831 16985
16158 16962 16825 16899
17029 16582 16659 16445
16507 16405 16829 17068
16657 16391 17060 16852
16996 16555 16612 16584
16820 16617 16738 16472
16899 16589 16729 16487
16088 16767 17085 16860
16814 16700 16723 16509
16347 16707 16738 16971
16398 16814 17162 16779
16471 16693 16881 16997
16147 16924 16845 16877
16400 16805 16862 16847
16832 16542 16938 16621
16216 16305 16914 17120
16051 16902 17143 16736
16544 16825 17097 16748
16160 15933 16742 17148
16990 16471 16613 16595
16802 16294 17044 16801
16527 16465 16914 17003
16226 16908 16846 16863
16900 16461 16548 16690
16177 16885 16802 16919
16954 16622 16563 16451
16202 16920 16756 16924
16536 16764 17154 16786
16846 16519 16587 16734
16479 16590 17143 16968
16215 16865 16805 16893
16861 16482 16625 16754
16217 16868 16806 16884
16395 16870 16895 16786
17117 16488 16547 16430
16582 16740 16916 16821
16796 16189 17012 16812
16179 16842 16724 16950
16484 16732 16964 16914
17077 16572 16609 16412
16815 16292 17046 16793
16371 16726 16278 16938
16229 16839 16680 16882
16217 16879 16706 16897
16623 16517 16750 16946
16974 16533 16885 16547
16764 16168 16931 16902
16215 16876 16705 16906
16666 16638 17151 16346
16868 16532 16743 16717
17102 16498 16513 16451
16587 16900 16333 16835
16741 16597 17173 16320
16631 16695 17328 16330
16220 16917 16739 16871
16536 16695 16941 16858
16608 16809 17223 16455
16222 16920 16740 16862
16653 16595 17243 16409
16587 16835 17268 16358
16627 16507 16779 16942
16535 16677 16929 16905
16705 16548 17212 16387
16203 16333 16937 17087
16257 16883 16829 16835
16631 16689 17290 16342
17072 16556 16613 16414
16718 16551 17274 16359
16623 16704 16577 16836
16600 16771 17274 16331
16178 16370 16976 17119
16596 16485 16747 16949
16709 16455 17049 16864
16472 16874 16559 16722
16728 16487 17224 16361
16642 16585 16607 17065
16916 16492 16813 16665
16234 16839 16837 16854
16861 16374 16865 16695
16642 16642 17132 16440
16723 16620 16726 16974
17099 16499 16679 16476
17075 16536 16632 16394
16258 16949 16830 16774
16609 16657 17150 16867
16889 16427 16761 16760
16403 16483 17048 17005
16809 16235 16948 16807
16235 16938 16814 16820
16709 16677 17082 16702
17101 16569 16528 16339
16504 16753 17168 16774
17122 16593 16560 16303
16462 16891 16509 16713
16555 16831 17255 16450
16642 16618 17204 16549
16264 16811 17102 16841
16709 16666 17122 16699
16841 16351 16870 16663
16506 16374 17217 16799
16956 16336 16781 16688
16321 16240 16819 17129
16337 16274 16811 17120
16561 16645 16673 16931
16800 16558 17042 16375
16904 16432 16864 16691
16120 15720 16794 17158
16363 16824 16876 16878
16729 16518 17100 16392
16218 16323 16971 17066
16633 16382 17072 16889
16821 16347 17018 16744
16352 16814 16759 16896
16264 16236 16846 17143
16625 16840 16955 16503
16123 15772 16767 17148
16602 16683 17214 16741
16761 16548 17137 16290
16219 16738 17018 16936
17114 16514 16577 16308
16466 16901 16573 16685
16379 16372 17238 16875
17124 16623 16597 16296
16485 16874 16477 16682
16483 16884 16493 16684
16106 15868 16719 17163
16568 16882 16531 16657
16259 16868 16675 16881
16108 15871 16720 17154
16453 16876 16447 16752
17080 16557 16650 16282
16083 15790 16687 17189
16119 15868 16682 17164
16480 16850 16533 16676
16451 16853 16426 16765
16087 15900 16754 17154
16478 16847 16532 16685
16683 16672 17251 16315
16035 15838 16732 17160
17134 16562 16479 16276
16089 15903 16755 17145
17181 16562 16502 16233
16554 16463 16762 17122
17156 16481 16469 16268
17150 16508 16496 16305
16679 16371 17138 16709
16616 16785 17197 16409
17148 16505 16495 16314
16770 16481 17116 16717
17135 16560 16446 16345
16465 16880 17131 16272
16633 16608 17143 16851
16593 16441 16762 16976
16591 16837 16509 16665
16608 16471 17283 16450
16597 16810 16482 16628
16494 16751 17290 16413
16150 15750 16693 17169
16622 16845 16436 16633
16124 15781 16666 17157
16691 16791 16381 16616
16493 16482 17336 16596
16122 15778 16665 17166
16623 16433 17302 16423
17116 16517 16578 16299
16112 15864 16698 17173
17128 16477 16552 16284
16084 15843 16727 17165
16797 16723 16533 16719
16807 16544 17045 16451
17115 16532 16503 16315
16062 15863 16699 17165
16730 16468 17083 16784
16026 15785 16704 17190
16779 16850 16676 16448
16051 15866 16737 17155
16529 16428 16840 17045
16849 16499 17081 16451
15991 15795 16710 17171
16808 16534 17016 16329
17074 16641 16543 16323
15986 15852 16696 17183
16814 16760 16469 16605
16832 16542 17069 16320
16804 16788 16788 16381
16295 16476 16640 17184
16815 16759 16362 16727
16771 16880 16773 16376
16067 15801 16626 17253
16751 16779 16611 16569
16921 16697 16425 16782
16861 16488 17036 16426
16731 16756 16313 16790
16279 16399 16622 17213
16720 16776 16312 16743
16069 15796 16636 17240
16745 16822 16256 16577
17128 16523 16579 16199
16905 16705 16596 16495
16483 16567 17135 16983
16797 16752 16419 16759
16547 16752 17218 16753
17141 16468 16628 16168
16788 16635 16662 16577
16733 16840 16391 16567
17135 16495 16655 16205
16218 16319 16657 17176
16686 16872 16408 16599
17133 16492 16654 16214
16813 16723 16487 16649
16055 16837 17070 16839
16845 16487 17118 16289
17120 16547 16605 16245
16103 15757 16650 17190
16046 16854 17114 16760
16847 16490 17119 16280
16105 15760 16651 17181
16728 16432 17106 16766
16369 16836 17171 16775
16853 16463 17092 16243
16063 15691 16657 17201
16790 16781 16345 16671
16840 16518 17043 16274
16114 15759 16686 17155
16657 16854 16408 16637
16087 16848 17069 16671
16542 16687 17189 16755
16673 16898 16808 16345
17093 16502 16699 16251
16152 15968 16547 17244
16645 16870 16299 16788
17071 16522 16671 16251
16595 16364 17117 16926
16060 15823 16552 17240
16616 16659 16653 16895
16606 16672 17206 16708
16794 16740 16645 16643
16133 16907 17052 16686
16841 16404 17091 16309
16766 16295 17112 16729
16089 16854 17203 16625
16832 16456 17069 16637
16030 15831 16575 17225
16426 16563 17162 16997
16775 16468 17069 16498
16054 16860 17106 16642
16767 16416 17159 16356
16749 16443 17130 16328
16820 16489 17094 16420
16767 16836 16822 16230
16375 16425 16643 17155
16719 16452 17245 16330
16789 16490 16655 16871
16481 16626 17120 16986
16734 16460 17197 16324
16421 16660 17323 16656
16229 16401 16623 17218
16424 16286 17306 16825
16160 15962 16497 17242
16410 16293 17299 16769
16217 15966 16470 17228
16490 16677 17260 16721
17071 16454 16675 16515
16124 16926 17018 16641
16764 16502 17174 16207
16762 16470 16727 16837
16762 16499 17173 16216
17052 16500 16514 16456
16494 16715 17195 16810
16635 16871 16936 16199
17082 16576 16502 16426
16311 16778 17148 16800
16500 16293 17274 16754
16525 16704 17148 16823
17033 16642 16428 16368
16167 15878 16479 17232
16580 16900 16955 16249
16640 16335 17165 16744
16621 16844 16313 16793
17045 16681 16429 16338
16801 16514 16765 16826
16127 15941 16486 17262
16677 16534 16631 17043
16660 16823 16236 16729
16172 16069 16503 17228
16612 16801 16253 16815
17009 16632 16468 16405
16576 16723 16258 16840
16759 16509 16622 16831
16601 16804 16291 16805
16749 16554 17124 16247
16664 16781 16237 16754
16616 16739 16270 16811
16788 16564 16761 16769
16770 16475 17147 16170
16989 16648 16556 16346
16198 16018 16381 17220
16768 16516 17160 16198
16592 16850 16899 16260
17040 16668 16514 16287
16192 16045 16408 17257
15876 16729 17199 16830
16763 16530 17081 16157
17032 16651 16516 16248
16141 15986 16463 17258
16584 16635 17131 16883
17000 16670 16600 16336
16261 16267 17242 16940
16136 15991 16508 17253
16110 16000 16523 17289
16123 16046 16459 17284
16695 16678 16318 16815
16028 16770 17115 16840
16066 16042 16486 17298
16102 16120 16481 17273
16971 16738 16653 16294
16115 16065 16530 17242
16706 16756 16857 16193
16118 16004 16480 17243
16753 16698 16251 16765
16352 16518 17010 17052
16708 16759 16858 16184
16602 16657 17280 16576
16749 16826 16835 16431
16910 16658 16688 16257
16784 16825 16822 16345
16795 16648 16471 16814
16946 16657 16620 16329
16720 16524 17315 16292
16603 16549 17362 16488
16960 16717 16570 16339
16836 16310 17056 16764
16965 16747 16546 16302
16993 16723 16520 16312
16558 16732 17157 16781
16999 16696 16493 16275
16748 16848 16820 16362
16824 16701 16437 16760
16745 16834 16834 16326
16962 16720 16571 16330
16263 16135 17297 16927
16932 16644 16583 16360
16281 16211 17230 16967
16083 16146 16433 17230
16697 16681 16319 16806
16500 16582 16937 17009
17020 16584 16659 16461
16671 16639 17068 16841
16348 16534 17013 17033
16705 16739 17184 16339
16276 16215 17292 16900
16751 16785 16822 16403
16708 16386 17061 16858
16145 16887 17060 16628
16739 16257 17050 16791
16120 16912 17032 16650
16002 16783 17119 16851
16654 16577 16728 17066
16972 16610 16543 16411
16742 16328 16958 16801
16147 16890 17061 16619
16125 16859 17117 16598
16738 16395 17060 16778
16377 16428 16644 17146
16110 16896 17079 16578
16599 16443 17324 16519
16325 16216 17312 16886
16135 16931 17033 16583
16156 16902 16991 16581
16698 16374 17125 16775
16281 16291 16693 17138
16141 16883 17026 16640
16525 16462 16913 17012
16139 16880 17025 16649
16451 16729 17021 16935
16982 16618 16489 16425
16242 16256 16818 17143
16684 16872 16857 16508
16282 16720 16991 16972
16551 16757 17273 16383
16723 16527 16787 16850
16948 16666 16502 16491
16459 16291 17281 16820
16249 16331 16654 17153
16931 16610 16509 16515
16274 16212 17291 16909
16291 16400 16648 17133
16930 16658 16519 16540
16289 16397 16647 17142
16879 16718 16515 16531
16050 16066 16563 17257
16325 16475 16642 17117
16918 16605 16548 16520
16268 16471 16669 17131
16527 16425 16839 17054
16270 16474 16670 17122
16234 16396 16675 17147
16946 16605 16565 16412
16916 16698 16390 16709
16225 16182 17040 17036
16565 16700 17167 16743
16923 16670 16466 16715
16305 16390 16607 17177
16940 16657 16423 16632
16300 16181 17358 16881
16959 16682 16403 16632
16212 16237 16991 17067
16587 16468 16789 17013
16099 16764 17047 16870
16726 16484 17223 16370
16933 16657 16396 16680
16164 16184 16987 17085
16551 16468 16822 17058
16254 16397 16652 17151
16831 16539 16596 16788
16925 16681 16422 16726
16215 16252 17016 17039
16204 16399 16653 17156
16868 16354 16869 16716
16926 16697 16382 16690
16201 16342 17050 17014
16475 16450 16773 17078
16265 16479 16618 17193
16380 16217 17311 16799
16171 16310 17017 17067
16477 16453 16774 17069
16777 16888 16753 16324
16286 16405 16596 17204
16856 16526 16520 16733
17016 16731 16392 16573
16312 16396 16581 17168
16273 16251 17197 16983
16302 16482 16614 17175
16721 16681 16942 16741
16845 16293 16877 16658
16955 16651 16427 16536
16241 16402 16649 17138
16741 16214 17079 16764
16884 16261 17012 16735
16839 16320 16904 16695
16949 16678 16454 16573
16790 16380 16933 16665
16874 16491 16502 16707
16892 16674 16481 16587
16512 16427 16928 17027
16220 16476 16671 17127
16820 16949 16748 16433
16889 16454 16540 16727
16894 16677 16482 16578
16551 16395 16838 17011
16281 16556 16636 17164
16859 16226 17058 16730
16891 16482 16565 16699
16759 16440 16924 16795
16899 16634 16495 16577
16205 16238 17030 17042
16505 16718 17141 16813
16742 16374 17037 16761
16846 16281 17009 16761
16896 16457 16501 16713
16886 16689 16446 16608
16110 16230 17052 17030
17008 16524 16531 16557
16784 16200 16994 16802
16924 16436 16480 16674
16416 16585 16967 17048
16877 16669 16493 16582
16723 16405 17026 16799
16146 16276 17020 17055
16829 16902 16745 16438
16991 16556 16577 16511
16705 16346 17031 16927
16822 16180 16997 16776
16655 16598 17244 16400
16900 16437 16589 16676
16156 16298 17059 17012
16506 16442 16893 17048
16852 16256 16985 16746
16925 16358 16842 16702
16945 16422 16552 16645
16877 16684 16625 16487
16888 16274 16912 16745
16967 16409 16810 16640
16864 16739 16576 16518
16657 16698 17113 16355
16715 16296 16955 16804
16873 16255 16947 16804
16941 16388 16731 16728
16173 16276 17016 17036
16713 16552 17239 16286
16618 16723 17190 16448
17041 16502 16607 16486
16875 16204 16889 16799
16865 16748 16514 16571
16652 16699 17254 16288
17034 16530 16531 16480
16283 16152 17199 16988
16374 16277 17279 16865
16770 16514 17092 16744
16835 16183 16954 16796
16962 16381 16717 16666
16842 16708 16496 16688
16737 16511 17272 16209
16632 16667 17212 16331
16979 16581 16585 16552
16805 16107 16966 16826
16871 16684 16458 16603
16434 16720 17200 16823
16748 16455 17193 16155
16987 16557 16559 16506
16779 16116 16981 16862
16961 16473 16866 16608
16884 16629 16507 16572
16776 16428 17250 16192
16777 16113 16980 16871
16954 16333 16780 16697
16879 16672 16494 16573
16149 16299 17076 16998
16332 16221 17332 16784
16124 16218 17043 17033
16768 16452 17276 16238
16566 16218 17362 16743
16792 16162 16917 16857
16864 16724 16444 16613
16185 16298 17008 17070
16743 16417 17287 16256
16641 16609 17295 16323
16735 16158 16944 16871
16732 16374 17281 16263
16725 16244 16977 16878
16334 16703 16738 16976
16452 16663 16962 17023
16345 16425 17025 17030
16799 16493 16795 16767
16257 16174 17179 17012
16974 16381 16886 16646
16872 16431 16620 16757
16850 16725 16445 16713
16743 16371 17243 16273
17050 16582 16619 16405
16980 16354 16859 16609
16872 16700 16418 16567
16745 16374 17244 16264
16641 16603 17257 16335
17081 16555 16616 16432
16710 16364 16939 16807
16770 16349 17272 16242
17056 16478 16642 16537
16273 16289 17311 16729
16244 16740 16988 16998
16811 16765 16529 16541
16458 16552 16546 17138
16831 16429 17237 16279
16573 16650 17330 16311
17035 16563 16654 16464
16300 16298 17268 16854
16780 16361 17208 16325
16615 16719 17324 16291
17042 16495 16706 16490
16841 16439 16633 16832
16757 16752 16584 16532
16613 16716 17323 16300
16188 15944 17102 17019
16731 16338 17164 16381
16934 16441 16863 16611
16497 16601 16629 17072
16759 16770 16573 16583
16656 16536 16706 17093
17027 16387 16733 16607
16941 16426 16705 16613
16509 16726 17136 16819
16709 16434 17127 16707
16306 16050 17113 17003
16935 16453 16732 16650
16873 16503 16817 16703
16702 16419 17138 16675
17005 16402 16754 16605
16905 16377 16744 16680
16774 16751 16599 16570
16540 16675 17307 16341
16964 16553 16781 16539
16576 16753 17302 16316
17069 16480 16862 16516
16830 16635 16628 16546
16184 15946 17091 17041
16714 16384 17172 16398
16526 16755 17303 16321
16884 16615 16591 16518
16340 16344 17277 16814
16998 16430 16678 16599
16712 16348 17195 16380
16853 16618 16596 16515
16665 16313 17139 16881
16691 16412 17184 16397
16623 16619 17118 16793
16652 16368 17090 16912
16707 16757 16508 16668
16591 16645 16588 16896
16654 16463 17245 16418
17045 16435 16601 16567
17026 16338 16765 16588
16694 16764 16464 16627
16677 16410 17224 16393
17060 16417 16655 16540
17028 16341 16766 16579
16752 16750 16471 16635
16689 16360 17168 16404
17094 16458 16645 16511
16966 16707 16480 16473
16983 16458 16858 16542
16718 16402 17293 16375
16599 16783 17267 16390
17037 16454 16672 16525
17028 16382 16886 16529
16696 16642 16697 17005
16676 16314 17232 16409
17024 16509 16623 16556
16981 16410 16870 16552
16659 16441 17271 16522
17020 16492 16801 16559
16963 16614 16552 16451
16411 16286 17261 16939
17057 16398 16763 16592
16651 16807 16896 16562
16546 16800 17260 16384
16973 16483 16684 16587
16961 16611 16551 16460
16177 16317 17330 16775
16748 16397 16883 16825
16564 16798 17236 16397
16974 16616 16512 16455
17046 16321 16711 16746
16649 16334 17290 16397
16755 16721 16830 16354
16946 16659 16518 16451
16826 16750 16448 16704
16693 16353 17338 16369
16981 16319 16731 16660
16622 16617 16664 17044
16567 16589 17006 16960
16829 16787 16793 16469
16281 16267 17313 16768
16686 16353 17244 16378
16890 16633 16520 16517
16646 16332 17309 16375
16531 16852 17210 16424
16892 16636 16521 16508
17069 16287 16683 16655
16219 16659 16955 17033
16196 16339 17053 17012
16544 16797 17259 16393
17084 16336 16771 16632
16413 16590 16937 17028
16171 16258 17020 17047
16601 16402 17311 16491
16580 16875 17254 16368
16712 16362 17048 16874
16658 16366 16975 16876
16222 16326 17049 17001
16332 16480 16976 17061
16990 16562 16485 16503
16643 16347 17010 16935
16746 16845 16819 16371
17022 16537 16856 16498
16929 16580 16489 16556
16661 16400 16928 16897
17154 16285 16793 16587
16268 16682 16999 16977
16815 16698 16460 16730
16544 16749 17289 16408
16960 16577 16484 16559
16688 16394 16869 16874
17100 16341 16689 16583
16837 16699 16439 16752
16827 16747 16457 16662
16853 16744 16422 16652
16805 16728 16393 16713
16903 16614 16558 16555
16477 16716 17017 16924
16215 16366 17035 17011
16097 16800 16937 16873
16786 16828 16823 16336
16964 16599 16491 16518
16240 16430 17447 16669
16812 16675 16595 16677
16851 16619 16443 16772
16774 16732 16466 16651
16777 16756 16365 16710
16951 16594 16530 16523
17116 16259 16711 16653
16838 16621 16441 16780
16745 16727 16471 16667
16392 16497 16986 17008
16570 16740 17274 16372
16782 16752 16831 16285
16204 16352 17452 16694
16763 16416 16848 16766
17053 16210 16665 16684
16782 16623 16479 16744
16750 16760 16410 16668
16179 16255 17064 17009
16597 16576 17389 16525
16572 16743 17275 16363
16745 16718 16984 16346
17018 16419 16859 16567
16936 16631 16492 16503
16179 16350 17482 16632
16597 16367 17118 16917
16698 16501 16747 16934
16802 16622 16509 16708
16742 16731 16495 16645
16703 16780 16354 16617
16092 16805 16982 16868
16593 16679 17286 16346
16801 16763 16802 16342
16813 16581 16876 16754
16568 16483 16950 16951
16060 16760 16997 16971
16766 16707 16830 16348
16918 16685 16497 16559
16770 16397 16899 16805
17019 16350 16741 16621
16278 16733 16912 16930
16844 16673 16477 16646
16734 16748 16521 16652
16570 16668 17270 16392
16808 16776 16824 16328
16882 16607 16502 16584
16355 16274 17284 16922
16791 16402 16870 16843
16306 16776 16871 16892
16830 16677 16448 16694
16553 16735 17267 16413
16772 16698 16829 16353
16857 16632 16474 16606
16209 16423 17427 16696
16727 16777 16590 16575
16021 16774 16988 16967
16551 16732 17266 16422
16754 16763 16826 16365
16654 16548 17085 16855
16778 16360 16838 16848
17097 16281 16820 16601
16733 16496 16747 16892
16638 16828 16420 16707
16196 16478 17378 16727
16772 16387 16865 16885
16125 16408 17390 16771
16735 16315 16914 16854
16144 16601 17009 16994
16620 16726 17191 16439
16737 16318 16915 16845
16014 16772 16955 16992
16626 16699 17164 16402
16763 16239 16941 16862
16614 16826 16420 16739
16680 16408 17289 16400
16191 16407 17403 16725
16824 16319 16906 16899
16501 16594 16903 17042
16718 16450 17292 16365
16302 16143 17354 16860
16764 16248 16879 16915
16835 16677 16534 16611
16613 16821 16452 16656
16500 16611 16887 17030
15996 16693 16955 17002
16657 16370 17327 16328
16751 16303 16830 16946
16831 16655 16531 16680
16687 16446 17315 16298
16641 16404 17153 16750
16694 16299 16857 16960
16499 16751 16929 16855
16790 16588 16920 16729
16744 16527 17096 16755
16643 16407 17154 16741
16672 16319 16829 16960
16774 16471 16690 16930
16038 16780 16969 16971
16687 16398 17316 16308
16611 16733 17211 16401
17026 16395 16833 16521
16681 16358 16815 17016
16804 16507 16593 16791
16661 16555 16633 17059
16623 16693 17185 16386
17030 16369 16900 16502
16584 16247 16829 17037
16784 16460 16816 16870
16400 16590 16974 17027
16819 16541 16483 16766
16630 16394 17343 16322
16625 16696 17186 16377
16973 16388 16891 16509
16752 16476 16683 16895
16867 16484 16539 16740
16835 16481 16472 16799
16680 16507 17305 16382
16638 16641 17235 16346
16979 16480 16859 16524
16964 16435 16894 16504
17081 16430 16806 16527
16659 16261 16858 16945
16720 16601 16730 16928
16852 16465 16574 16799
16363 16778 16797 16918
16871 16559 16467 16774
16663 16676 17189 16351
16951 16437 16892 16512
17040 16332 16782 16576
16215 16349 17414 16704
16707 16312 16859 16913
16681 16464 16757 16896
16818 16466 16670 16848
16229 16596 16960 17038
16870 16600 16436 16722
16684 16494 16645 17033
16661 16673 17188 16360
17042 16335 16783 16567
16202 16404 17365 16735
16770 16371 16814 16923
16684 16511 16752 16928
16813 16425 16636 16883
16178 16528 16931 17084
16864 16556 16487 16724
16648 16728 17139 16391
16924 16459 16842 16612
17107 16415 16800 16517
16323 16191 17333 16825
16709 16362 16826 16935
17092 16287 16712 16523
16830 16391 16679 16889
16926 16544 16433 16643
16733 16814 16451 16522
16302 16145 17344 16814
16661 16311 16825 16967
17079 16342 16663 16554
16227 16551 16975 17028
16965 16563 16379 16636
16940 16541 16783 16538
16920 16496 16880 16625
16276 16154 17359 16850
16648 16366 16776 16998
16759 16390 16710 16898
16868 16455 16696 16786
16980 16526 16417 16656
16703 16703 17207 16321
17017 16289 16905 16529
16679 16541 17125 16788
17169 16379 16640 16490
16747 16430 16736 16913
16863 16414 16662 16821
16628 16618 17031 16902
16255 16737 16950 17008
16988 16502 16391 16610
16644 16330 17294 16425
16705 16706 17208 16312
16917 16456 16928 16514
17053 16367 16900 16504
16421 16486 17270 16723
16987 16486 16431 16646
16646 16352 17290 16406
16669 16628 17213 16337
16977 16498 16830 16508
16996 16363 16927 16518
16189 16383 17251 16765
17108 16299 16675 16453
16725 16530 16788 16841
16838 16430 16750 16867
16999 16467 16412 16635
16726 16842 16375 16516
16656 16683 17164 16368
16998 16366 16928 16509
16687 16284 16784 16995
16746 16466 16799 16824
16793 16465 16640 16866
17006 16427 16426 16625
16489 16678 16854 17059
16633 16675 17192 16339
16891 16487 16901 16502
16986 16286 16983 16510
16350 16206 17296 16902
16768 16478 17115 16726
16700 16229 16833 16964
16733 16521 16750 16855
17007 16443 16386 16589
16669 16753 17187 16314
17001 16579 16802 16431
16889 16484 16900 16511
16981 16366 16961 16565
16381 16265 17269 16886
16245 16357 17309 16802
16725 16264 16787 16969
17087 16378 16652 16530
16727 16500 16806 16880
16747 16834 16327 16524
15955 16819 17107 16925
16682 16698 17236 16283
16946 16539 16871 16441
16919 16560 16888 16481
16689 16186 16792 16994
17127 16399 16587 16533
16674 16503 16811 16888
16988 16401 16473 16700
16741 16816 16365 16521
16667 16408 17294 16387
16660 16718 17208 16283
16987 16544 16872 16360
16848 16566 16956 16451
17000 16337 16889 16583
16731 16255 16786 16974
17112 16380 16622 16592
16662 16423 16866 16889
16591 16647 16860 16879
16950 16444 16368 16691
16739 16813 16364 16530
16654 16699 17224 16245
16931 16573 16900 16402
16869 16517 16936 16464
16683 16447 17131 16718
16729 16252 16785 16983
16692 16499 16854 16859
17020 16419 16379 16734
16627 16342 17301 16398
16641 16754 17175 16276
16917 16512 16934 16468
16841 16475 16951 16519
17013 16354 16947 16508
16716 16307 16736 17014
16710 16552 16772 16821
16713 16408 16659 17014
16659 16807 17093 16238
16875 16576 16886 16415
17065 16453 16867 16507
16279 16264 17312 16777
16719 16446 17063 16790
16691 16272 16782 17009
16697 16554 16770 16829
16833 16456 16789 16802
16693 16794 16382 16607
16719 16381 16632 16977
16666 16779 17169 16244
16617 16819 16919 16508
16938 16553 16832 16364
17024 16351 16909 16518
16143 16319 17302 16806
16697 16466 17035 16790
16862 16395 16758 16763
17006 16374 16384 16682
16706 16436 16583 17008
15823 16696 17143 16933
16683 16766 17126 16161
16930 16577 16858 16410
16881 16457 16957 16445
16360 16341 17283 16789
16696 16377 16780 16957
16762 16513 16847 16800
16962 16350 16417 16757
16637 16849 16364 16655
16435 16570 16965 17028
16718 16396 16557 16993
16667 16375 17318 16360
16730 16743 17074 16145
16577 16846 16906 16451
16846 16462 17001 16528
17067 16448 16877 16494
16185 16389 17276 16749
16723 16489 17004 16758
16727 16350 16777 16984
16659 16685 17066 16802
16712 16423 16584 17030
15844 16686 17106 16957
16692 16424 17273 16366
16712 16744 17117 16165
16573 16870 16982 16480
16849 16570 16820 16443
16740 16295 16826 16953
16853 16378 16800 16827
16546 16709 17129 16799
16183 16660 17023 16961
16679 16900 16332 16593
16715 16358 16563 16999
16690 16421 17272 16375
16882 16462 16985 16433
17086 16339 16855 16437
16201 16466 17294 16720
16741 16577 16836 16817
16832 16452 16822 16816
16520 16589 17117 16976
16740 16439 16596 16964
16781 16426 16777 16881
16716 16565 16674 16985
16760 16743 17024 16134
17028 16373 16912 16449
16766 16306 16814 16944
17065 16343 16671 16579
16909 16313 16718 16794
16939 16378 16429 16756
16707 16808 16419 16582
16743 16477 16590 16958
16625 16436 17303 16414
16719 16248 16849 16962
16896 16368 16669 16825
16388 16796 16818 16850
17008 16359 16656 16732
16694 16863 16370 16613
16727 16685 17051 16208
16809 16481 16998 16648
16706 16303 16800 16993
17072 16350 16731 16565
16814 16459 16814 16795
16382 16800 16872 16840
16981 16429 16397 16694
16493 16685 17203 16801
16690 16469 16647 17010
16660 16385 17224 16412
16939 16466 16958 16419
16782 16503 16969 16679
16669 16268 16795 17018
16740 16419 16834 16833
16888 16377 16707 16811
16458 16648 16997 17002
16994 16374 16446 16663
16688 16466 16646 17019
16406 16753 17172 16884
16790 16681 17024 16238
16902 16671 16696 16424
16906 16447 17024 16520
16932 16286 16968 16565
16794 16463 16943 16664
16694 16303 16749 17023
16894 16350 16680 16774
16436 16668 16969 17002
16667 16530 16635 17036
15805 16745 17190 16830
16688 16458 17211 16391
16901 16655 16736 16460
16953 16386 16962 16439
16523 16197 17325 16804
16796 16466 16944 16655
16658 16225 16754 17048
16717 16453 16759 16911
16881 16405 16631 16805
16932 16386 16500 16744
16720 16831 16354 16586
16616 16480 17239 16752
16725 16682 17050 16217
16852 16680 16689 16462
16945 16288 16966 16590
16851 16365 16679 16865
16919 16441 16451 16775
16732 16791 16328 16571
16661 16539 16636 17031
16932 16343 16917 16621
16654 16435 16764 16958
16884 16432 16444 16806
16734 16827 16305 16589
16612 16597 17181 16734
16914 16641 16613 16458
16938 16316 16890 16584
16425 16236 17238 16874
16656 16494 16789 16889
16825 16342 16639 16912
16229 16704 16875 17059
16914 16508 16432 16776
16721 16785 16273 16594
16674 16368 17179 16580
16851 16664 16667 16509
16974 16394 16885 16559
16854 16453 16919 16626
16561 16316 16715 17092
16648 16438 16807 16913
16788 16282 16645 16938
16523 16470 16969 16997
16925 16500 16426 16692
16715 16812 16300 16631
16701 16346 17177 16423
16732 16642 17064 16207
16873 16644 16685 16505
16873 16514 16946 16596
16987 16339 16934 16528
16879 16426 17019 16618
16582 16252 16726 17075
16867 16466 16478 16752
16699 16847 16324 16601
16860 16619 16691 16486
16472 16286 17253 16872
16300 16334 17300 16728
16865 16441 16868 16644
16804 16359 16663 16909
16354 16817 16760 16887
16880 16464 16480 16744
16737 16782 16262 16602
16754 16603 17029 16263
16816 16512 16990 16551
16931 16368 16962 16570
16413 16243 17265 16855
16401 16151 17263 16871
16597 16200 16776 17035
16756 16333 16681 16940
16514 16430 16929 17018
16850 16420 16524 16818
16785 16804 16245 16516
16918 16423 16913 16601
16274 16389 17256 16746
16595 16241 16789 17063
16730 16398 16808 16880
16792 16411 16676 16915
16519 16387 16942 17017
16841 16467 16527 16813
16767 16838 16281 16536
16662 16540 16761 16937
16462 16641 17157 16972
16917 16642 16647 16449
16937 16442 16886 16502
16882 16345 16918 16626
16343 16294 17243 16900
16580 16192 16795 17088
16805 16356 16725 16884
16684 16523 16735 16953
16670 16447 17212 16414
16914 16486 16887 16514
16851 16471 16865 16651
16567 16247 16746 17119
16981 16345 16657 16678
16696 16407 16770 16900
16409 16818 16732 16882
16981 16477 16811 16540
16920 16325 16921 16600
16318 16292 17273 16838
16418 16610 17309 16684
16826 16526 16925 16723
16569 16206 16733 17091
16794 16313 16684 16914
16499 16791 16923 16859
16821 16786 16276 16485
16679 16510 16790 16880
16956 16403 16916 16575
16496 16512 17184 16952
16667 16429 16779 16896
16781 16368 16635 16945
16410 16803 16807 16866
16490 16449 16954 17004
16635 16444 16794 16901
16921 16394 16909 16606
16358 16338 17282 16798
16760 16322 16646 16934
16871 16811 16703 16418
16872 16575 16697 16499
16908 16449 16860 16637
16419 16418 17247 16835
17058 16290 16630 16719
16796 16400 16641 16909
16890 16628 16615 16461
16910 16405 16837 16654
16389 16342 17259 16865
16226 16148 17226 17002
16228 16401 17318 16748
16851 16367 16927 16656
17010 16248 16663 16776
16728 16578 16843 16797
16869 16408 16635 16891
16614 16562 16730 16973
16594 16803 16923 16576
16882 16619 16665 16480
16446 16346 17232 16851
16268 16217 17220 16982
16881 16409 16949 16590
16560 16286 16677 17130
16953 16236 16708 16752
16798 16902 16356 16478
16578 16484 16735 16998
17040 16429 16779 16540
16281 16162 17269 16951
16179 16320 17331 16766
16567 16246 16691 17120
17003 16251 16668 16748
16795 16536 16837 16775
16882 16353 16684 16860
16846 16666 16644 16482
16184 16277 17344 16765
16836 16498 17002 16565
16597 16246 16641 17109
16952 16183 16639 16794
16776 16494 16818 16780
16837 16334 16668 16886
16040 16714 16784 17094
16824 16630 16694 16483
17002 16403 16697 16606
16428 16287 17304 16753
16270 16119 17228 16981
16610 16244 16643 17101
16988 16261 16634 16769
16492 16526 16948 16984
15989 16813 17112 16843
16689 16314 17188 16426
17058 16414 16723 16556
16430 16290 17305 16744
16235 16361 17332 16738
16617 16216 16719 17107
16931 16257 16661 16783
16857 16378 16656 16882
16018 16714 16768 17114
16505 16704 17162 16782
16574 16692 17141 16883
15987 16810 17111 16852
16451 16226 17316 16727
16283 16165 17164 16976
16172 16413 17347 16783
16849 16443 17051 16534
16588 16198 16725 17076
16933 16260 16662 16774
16338 16743 16843 16913
16518 16663 17190 16782
16522 16671 17185 16788
16707 16893 16773 16560
16928 16576 16681 16477
16938 16217 16675 16773
16873 16404 16580 16878
16568 16695 16921 16769
16513 16527 16986 16978
16525 16717 17088 16815
16520 16666 17191 16773
16524 16674 17186 16779
16435 16638 17231 16764
16931 16331 16815 16665
16443 16289 17301 16768
16249 16237 17252 16982
16773 16432 17092 16480
16980 16286 16669 16753
16533 16750 17039 16867
16407 16631 17239 16727
16489 16604 17249 16741
16440 16595 17244 16763
16586 16304 17291 16571
16906 16627 16656 16463
16430 16344 17252 16799
16978 16283 16668 16762
16865 16425 16545 16817
16308 16779 16872 16883
16478 16664 17296 16642
16468 16711 17204 16764
16557 16603 17189 16770
16501 16675 17209 16800
16457 16475 16979 17008
15982 16832 17091 16849
16936 16639 16592 16399
17065 16374 16737 16546
16400 16268 17264 16829
16188 16157 17287 16945
16160 16400 17383 16752
16796 16378 17074 16662
16666 16210 16722 17032
16251 16775 16899 16897
16416 16670 17219 16793
16420 16688 17173 16829
16559 16708 17006 16821
16555 16600 17188 16779
16498 16608 16886 17039
16459 16478 16980 16999
15970 16872 17117 16864
16603 16718 17253 16705
16830 16918 16705 16402
16921 16620 16627 16458
17007 16360 16779 16612
17021 16355 16600 16686
16229 16795 16871 16897
16418 16673 17220 16784
16445 16769 17206 16794
15968 16869 17116 16873
16551 16693 17294 16657
16664 16276 17191 16608
16929 16596 16601 16412
17045 16415 16802 16563
16931 16303 16900 16651
16136 16325 17406 16781
17000 16345 16636 16740
16744 16510 16792 16840
16240 16745 16905 16966
15955 16642 16832 17162
16439 16609 17231 16767
16434 16747 17158 16839
16617 16319 17289 16532
16595 16290 17283 16557
16670 16243 17189 16681
16891 16620 16677 16469
16918 16358 16851 16682
16138 16328 17407 16772
17004 16367 16639 16671
16746 16513 16793 16831
16432 16744 17157 16848
16604 16724 17150 16728
16666 16697 17099 16667
16031 16908 17068 16882
16560 16315 17316 16546
16660 16262 17205 16617
16761 16797 16758 16486
17043 16429 16718 16553
16164 16319 17392 16736
16964 16346 16704 16668
16542 16638 17288 16668
16535 16678 17274 16678
16502 16623 16903 17028
16033 16911 17069 16873
16669 16240 17259 16501
16702 16252 17219 16614
16812 16865 16787 16440
17058 16392 16756 16573
16863 16317 16871 16667
16203 16438 17392 16717
16977 16291 16753 16637
16530 16724 16926 16882
16537 16681 17275 16669
16470 16724 17160 16822
16558 16732 17188 16760
16575 16638 17177 16898
16536 16660 16848 16963
16039 16884 17042 16836
16630 16175 17292 16567
16739 16277 17173 16642
17071 16337 16805 16542
16874 16394 16865 16649
16414 16247 17293 16841
16216 16383 17441 16686
17019 16360 16747 16617
16827 16345 16640 16903
16025 16591 16854 17117
16446 16567 17303 16688
16515 16711 17122 16802
16526 16612 17261 16692
16471 16660 17127 16920
16514 16666 17192 16781
16668 16541 16638 17014
16096 16888 17015 16822
16682 16203 17163 16666
16471 16251 17266 16827
16271 16384 17413 16681
16845 16372 17061 16590
16983 16282 16752 16642
16840 16290 16689 16872
16493 16723 17139 16797
16489 16713 17045 16882
16516 16669 17193 16772
16608 16600 17153 16852
16647 16570 17111 16777
16698 16758 16806 16477
16899 16685 16679 16421
16852 16443 16866 16652
16970 16337 16703 16673
16876 16368 16684 16847
16072 16606 16836 17122
16560 16711 17116 16766
16564 16648 17266 16656
16476 16715 17043 16890
16459 16665 17220 16786
16638 16604 17075 16857
16607 16549 17176 16774
16684 16642 17128 16697
16637 16607 16698 17023
16088 16831 16991 16855
16668 16240 17188 16690
16700 16761 16807 16468
16912 16630 16728 16390
16462 16216 17287 16796
16968 16282 16712 16667
16543 16728 16925 16848
16059 16661 16787 17153
16428 16446 17284 16713
16506 16731 17153 16794
16535 16616 17276 16686
16587 16641 17235 16734
16621 16570 17035 16882
16609 16508 17163 16746
16622 16687 17226 16687
16586 16539 16669 17069
16080 16855 17017 16901
16698 16316 17176 16660
16767 16814 16745 16468
17032 16380 16843 16557
16559 16186 17334 16846
16741 16523 16892 16766
16034 16626 16833 17148
16453 16527 17317 16678
16534 16688 17147 16798
16388 16681 17211 16786
16562 16560 17202 16769
16615 16572 17073 16866
16597 16556 17029 16919
16603 16535 17190 16783
16270 16830 17081 16853
16760 16304 17122 16579
16759 16838 16771 16514
16894 16577 16810 16428
17019 16435 16794 16588
16273 16387 17414 16672
16778 16459 17042 16534
16989 16274 16753 16651
16788 16390 16682 16878
16550 16796 16941 16789
16459 16519 17296 16646
16477 16684 17174 16812
16570 16601 17217 16751
16609 16516 17003 16904
16597 16582 16710 17039
16548 16375 17295 16565
16691 16255 17257 16604
16747 16306 17120 16587
16729 16762 16783 16544
16881 16632 16761 16459
16952 16444 16870 16562
16835 16463 17015 16520
16991 16277 16754 16642
16237 16776 16756 17023
16551 16812 16901 16753
16494 16528 17303 16615
16464 16739 17125 16843
16611 16683 17236 16641
16564 16555 17212 16756
16602 16526 17080 16882
16651 16565 17013 16855
16644 16617 16680 17024
16078 16835 17070 16841
16554 16526 17318 16544
16666 16174 17224 16639
16737 16345 17125 16529
16786 16766 16756 16530
16980 16401 16864 16566
16881 16419 16897 16610
16458 16450 17308 16640
16554 16606 17279 16608
16586 16586 17156 16777
16654 16509 16984 16874
16656 16487 17242 16685
16799 16711 16805 16499
16883 16594 16757 16438
16993 16346 16913 16535
16884 16448 16899 16554
16426 16148 17322 16852
16178 16357 17359 16752
16513 16760 16939 16829
16344 16801 17217 16770
16539 16604 17222 16748
16596 16535 17081 16877
16679 16544 16938 16879
16643 16542 17193 16716
16452 16692 16922 17064
16042 16757 17075 16866
16622 16322 17328 16498
16767 16220 17230 16571
16675 16357 17194 16545
17018 16381 16867 16540
16876 16471 16895 16549
16853 16513 16778 16776
16538 16795 16893 16834
16534 16633 17341 16561
16617 16583 17250 16544
16681 16503 16925 16851
16618 16461 17160 16751
16482 16692 16872 17053
16623 16311 17343 16463
16692 16185 17212 16630
16677 16360 17195 16536
16804 16706 16760 16504
16918 16625 16689 16347
17040 16372 16834 16542
16836 16466 16961 16570
16472 16093 17352 16793
16193 16292 17338 16758
16551 16740 16942 16803
16556 16529 17319 16535
16333 16758 17176 16800
16521 16534 17259 16724
16586 16549 17037 16922
16676 16546 16912 16852
16091 16780 17119 16810
16748 16156 17184 16588
16689 16320 17169 16521
16806 16709 16761 16495
16913 16627 16686 16344
16854 16513 16950 16545
16536 16142 17374 16773
16188 16335 17325 16759
17093 16205 16828 16550
16819 16566 16911 16733
16553 16743 16943 16794
16644 16577 17191 16521
16478 16769 17032 16838
16508 16589 17210 16755
16682 16519 16885 16815
16683 16517 17049 16759
16608 16348 17305 16443
16746 16324 17142 16507
16799 16737 16685 16489
16920 16599 16762 16350
17075 16424 16851 16448
16851 16484 16948 16601
16186 16332 17324 16768
16821 16569 16912 16724
16590 16604 17313 16519
16639 16620 17178 16522
16525 16799 17082 16785
16373 16804 17067 16791
16532 16590 17179 16927
16641 16563 17080 16871
16707 16600 16918 16780
16668 16498 17084 16818
16031 16865 17153 16809
16744 16142 17198 16597
16779 16275 17114 16454
16977 16640 16764 16267
16840 16534 16873 16577
16820 16337 17107 16585
16859 16351 16773 16790
16199 16741 16907 16954
16480 16755 16944 16866
16472 16727 17161 16813
16645 16593 17151 16485
16318 16764 17136 16801
16684 16511 17005 16815
16043 16815 17097 16820
16742 16139 17197 16606
16852 16747 16657 16435
16923 16616 16790 16336
17081 16398 16854 16429
16241 16346 17367 16717
16542 16750 16867 16868
16497 16702 17189 16791
16548 16801 17021 16719
16320 16782 17074 16799
16428 16524 17284 16704
16470 16562 17167 16969
16646 16605 17071 16829
16680 16535 17081 16844
16377 16512 16942 17053
16660 16564 16702 17030
16025 16754 17087 16863
16898 16581 16836 16331
17066 16379 16889 16488
16833 16519 16905 16498
16266 16427 17400 16682
17059 16255 16738 16667
16851 16375 16799 16836
16161 16761 16904 16980
16511 16696 16861 16940
16547 16578 17390 16530
16484 16757 17140 16822
16443 16542 17309 16674
16528 16565 17091 16930
16629 16467 17052 16890
16402 16593 16975 17018
16027 16757 17088 16854
16768 16209 17245 16536
16885 16636 16787 16362
17058 16362 16891 16449
16845 16471 16970 16505
16218 16765 16877 16966
16483 16739 16867 16936
16653 16593 17142 16574
16486 16786 17137 16717
16517 16584 17295 16606
16674 16611 17036 16770
16635 16562 16732 16968
15977 16759 17089 16859
16770 16212 17246 16527
16818 16645 16863 16336
17018 16341 16956 16446
16851 16502 16992 16471
17129 16204 16760 16622
16747 16550 16809 16780
16495 16689 16811 16947
16474 16562 17314 16577
16669 16561 17143 16545
16473 16841 17088 16748
16558 16589 17296 16525
16661 16666 16987 16801
16602 16487 17110 16878
16637 16565 16733 16959
15990 16839 17084 16832
16709 16132 17281 16490
16872 16625 16826 16308
16960 16302 16996 16415
16877 16493 17067 16406
17154 16239 16714 16627
16772 16585 16763 16785
16783 16429 16778 16872
16517 16719 16755 16940
16532 16638 17331 16574
16402 16847 17156 16718
16302 16775 16992 16867
16565 16561 17372 16531
16675 16616 16964 16736
16749 16698 17017 16705
16638 16565 17105 16853
15988 16836 17083 16841
16688 16196 17270 16507
16841 16628 16831 16305
16996 16380 16991 16390
16217 16404 17356 16738
17118 16161 16719 16652
16835 16529 16765 16761
16796 16374 16827 16841
16575 16759 16704 16908
16472 16567 17304 16590
16475 16710 17090 16899
16430 16804 17150 16722
16291 16751 17006 16904
16517 16510 17371 16563
16568 16563 17052 16921
16671 16640 17040 16765
16613 16484 17072 16888
16460 16651 16998 16993
16038 16834 17082 16836
16631 16192 17297 16521
16833 16748 16696 16423
16869 16585 16825 16309
16971 16345 17037 16385
16229 16364 17330 16723
17105 16216 16670 16683
16321 16747 16881 17028
16733 16628 17049 16521
16443 16802 17152 16714
16353 16820 16986 16843
16519 16513 17372 16554
16555 16618 17003 16952
16684 16585 17089 16734
16719 16591 17049 16695
16638 16519 17026 16893
16465 16608 17011 16992
16686 16621 16707 16907
16002 16756 17087 16861
16667 16270 17292 16496
16911 16636 16793 16247
16958 16400 16988 16416
16599 16176 17289 16809
16231 16367 17331 16714
17054 16148 16641 16729
16838 16425 16795 16779
16327 16720 16854 16991
16483 16571 17373 16547
16394 16819 17131 16731
16328 16785 17032 16838
16462 16509 17399 16568
16603 16498 17028 16933
16658 16613 16779 16914
16027 16837 17120 16826
16673 16243 17265 16459
16846 16730 16670 16453
16855 16665 16821 16289
16922 16322 16993 16441
16569 16100 17301 16839
16244 16312 17380 16683
16825 16413 17074 16609
17090 16226 16636 16704
16825 16480 16746 16810
16550 16724 16750 16903
16461 16591 17345 16547
16535 16709 17026 16839
16393 16803 17171 16767
16449 16564 17350 16599
16648 16586 17157 16662
16633 16574 17016 16903
16014 16757 17125 16853
16660 16298 17216 16490
16917 16653 16767 16208
16983 16402 16958 16478
