7112 7436 9660
7822 9876 7596
7281 10050 7188
7585 9956 7340
7400 10025 7238
8988 8056 8796
7426 8661 9273
8177 9735 7672
7394 9984 7448
7868 9847 7682
9759 7997 7697
9205 8954 7966
9692 8418 7501
9607 7996 8145
7882 9893 7464
8878 8007 8840
8701 9537 7585
7480 9050 9007
8272 9762 7551
7580 9979 7331
8748 9510 7484
8237 9788 7539
7837 9596 8293
7398 9992 7402
7827 9551 8364
9382 7868 8543
7635 9990 7236
9394 8124 8388
7315 9074 9046
7558 9966 7351
7830 9902 7471
9477 7980 8360
7345 9083 9034
7243 7460 9647
7113 7822 9579
7197 10061 7179
7822 9895 7537
7064 7303 9747
8205 9760 7584
8348 9738 7555
7094 7411 9707
7593 9495 8624
7443 10004 7305
8554 9626 7560
7386 7364 9644
7688 7105 9576
7363 7799 9517
9436 7952 8395
8361 8233 9077
8086 9651 7876
7423 9999 7361
7136 7398 9703
7619 7110 9601
7390 7221 9660
7957 9854 7587
9758 8318 7457
9014 8779 8372
7058 7354 9739
9766 8023 7599
7581 7129 9611
7222 7373 9656
8131 9833 7486
9263 8179 8453
9765 8419 7391
9940 7629 7211
9939 7654 7219
8233 7979 9117
9316 8027 8513
9438 7985 8374
7417 9181 8936
7865 9889 7532
7472 7321 9604
9510 8241 8124
9592 8332 7833
9814 8200 7292
7004 8069 9600
9668 7911 8124
7753 9384 8713
7227 8956 9151
8574 8070 9012
7724 9889 7538
9758 8079 7516
9857 7857 7450
7318 9038 9071
7123 7871 9574
8448 7556 9245
9045 9038 7937
7527 8442 9267
7474 9982 7331
8212 7854 9184
9741 8346 7489
7553 9624 8427
8109 9442 8453
9707 8089 7947
7889 9638 8259
9748 8082 7713
7667 9846 7809
9572 7817 8288
8298 7726 9192
9811 8067 7451
8941 9409 7529
9077 8981 8055
9934 7626 7297
7261 10056 7227
8027 7296 9429
8980 8831 8283
7551 9468 8662
8913 9008 8172
9154 8515 8484
9209 9020 7831
7658 9838 7871
7921 9273 8703
8164 7450 9357
9687 8320 7590
9841 7926 7464
8993 8483 8554
9182 8589 8327
9070 8365 8570
9672 7916 8107
6954 7416 9757
9921 7636 7365
8861 9032 8239
7575 9994 7311
7605 9976 7328
9198 9193 7550
7769 9201 8760
7116 7589 9652
7771 8352 9269
7402 10009 7335
8861 8021 8870
9934 7549 7346
8586 8084 8959
8018 9867 7461
9737 7803 8056
8099 9829 7550
9541 8043 8288
9258 8453 8309
7414 9976 7422
9761 7805 7933
9924 7757 7188
7847 9888 7574
7449 9300 8848
7458 9159 8987
7654 9564 8498
7444 9211 8932
9216 7903 8701
7390 7756 9523
9026 8946 8228
9578 8322 7852
8614 9036 8500
8982 9269 7838
9549 7843 8425
9311 8112 8490
7852 9650 8172
8653 9545 7639
9415 8521 8115
7650 9781 8035
8556 7751 9047
9500 8632 7897
9345 8512 8283
9319 9071 7541
9846 7800 7660
9934 7693 7255
7759 9398 8653
7915 9892 7432
8447 9058 8562
9854 7809 7539
8496 7338 9277
8979 8248 8611
9466 8482 8108
7267 7283 9672
9441 8590 7966
8846 9476 7555
7782 9656 8325
9770 7867 7931
9866 7763 7601
9209 8788 8064
7866 9666 8131
9023 8579 8445
7184 8605 9420
7358 10027 7331
8588 8638 8809
7791 9953 7498
7394 10023 7290
7614 9575 8459
9459 8923 7613
9463 8323 8225
9833 7797 7781
7125 10057 7249
8444 9074 8518
9505 8591 7815
7599 9213 8853
7453 10002 7311
9876 7810 7375
9798 8339 7272
9888 7684 7531
8594 7823 9024
8974 8839 8287
7402 8551 9342
9178 7765 8750
7314 8621 9366
8392 9069 8654
9509 8296 8095
7215 8643 9382
7599 9659 8379
8184 9729 7691
7261 8563 9398
8694 9068 8344
7462 7149 9662
8080 9838 7526
9143 8905 8065
9859 7822 7534
8532 7753 9137
8921 8612 8602
7525 9611 8456
8445 9662 7640
9611 8549 7785
7482 9015 9108
9402 8065 8436
9372 8828 7797
7952 9873 7514
9226 7817 8703
7684 9375 8773
8544 9629 7529
9925 7719 7261
8698 7352 9177
8576 9592 7550
9093 8712 8407
9573 8413 8020
7482 9981 7341
7356 8725 9324
7499 9384 8784
7993 9656 8155
8593 7311 9244
8080 9507 8308
9094 8187 8651
8829 9479 7489
9911 7872 7138
7662 9710 8288
7346 8955 9151
7675 9185 8850
9131 8062 8709
9849 7977 7405
9930 7789 7186
8471 9529 7891
9404 8204 8335
9771 8020 7617
7433 7718 9551
8638 8557 8881
9596 8190 8037
7357 8694 9293
7739 9717 8096
8306 9774 7521
8867 8203 8719
9269 8699 8137
8823 8320 8819
9616 8380 7774
6979 7433 9741
7353 7261 9663
8596 9504 7818
8742 9045 8258
9578 8364 7819
7247 8200 9481
8608 8892 8597
9257 8317 8424
7203 8574 9433
7295 7264 9663
8395 8496 8917
9718 7936 8004
7254 10049 7251
8729 7746 9086
8793 7744 8997
9558 8845 7550
7780 8640 9144
8899 8657 8595
9020 8525 8485
9062 9245 7733
7418 8609 9285
8871 9379 7719
8693 9502 7640
9123 8300 8577
8851 9435 7592
9814 8049 7489
9894 7709 7403
7134 7427 9650
7469 9014 9115
7323 8612 9326
7198 8009 9571
7748 7607 9456
7631 9569 8521
8909 7838 8854
9575 8627 7754
7439 7247 9641
9610 8564 7771
7094 8655 9430
7162 8255 9513
7356 10042 7191
7427 9998 7347
8306 8422 9031
9716 8008 7825
7396 7175 9669
9855 7784 7557
9786 8111 7515
7182 8693 9395
8205 7339 9384
7845 9540 8439
7296 9036 9085
8482 8903 8649
9601 8455 7811
7398 10014 7313
8663 8763 8692
9308 8734 8083
7525 9282 8880
7687 9697 8303
9318 8127 8438
9467 8761 7763
6945 7828 9669
7982 9857 7469
8493 9490 7894
8750 9504 7497
8704 9008 8556
9344 7982 8531
9047 8921 8214
9324 8839 7969
9693 7845 8142
7255 9981 7543
8536 8746 8811
9429 8945 7493
9935 7459 7301
8463 7992 9059
8602 7345 9229
9262 8740 8202
9373 8593 8074
8368 7511 9273
9670 8261 7766
9893 7843 7355
9437 8265 8242
9754 8087 7575
7406 10013 7262
8731 9520 7538
9105 8999 7982
7536 9968 7401
7373 8717 9275
7796 9124 8867
9360 8150 8401
9701 7872 8027
7381 8892 9198
7611 9791 8158
7350 8080 9529
7182 8478 9442
9917 7841 7240
7408 8580 9298
8557 9610 7569
9086 7980 8780
9668 8127 8071
9424 8965 7636
9761 7991 7745
6898 8227 9573
7112 7319 9737
7498 10007 7297
7851 7371 9482
7277 8088 9532
7600 9991 7308
8531 7448 9245
8650 8331 8916
7634 9706 8309
9080 7595 8917
7629 9490 8608
8604 8706 8805
7755 7308 9500
7568 9546 8597
7505 8969 9149
8045 9719 7838
8784 8428 8718
7847 9931 7458
8857 9322 8021
7491 7412 9602
8462 7353 9302
9755 7750 7966
9894 7675 7489
9922 7810 7269
7629 9786 8016
7301 8744 9319
9440 7791 8509
7307 8714 9343
7546 8830 9186
7411 9177 8941
8091 7772 9252
9330 8913 7806
9346 8544 8220
7002 7678 9705
7880 8971 8931
8470 8211 9017
8893 7931 8883
9051 7734 8849
9183 9123 7842
7482 8864 9190
8013 9734 7827
8482 8262 8994
8289 9675 7806
8602 7487 9208
9087 9064 7909
7262 8670 9380
7567 9393 8766
7194 7739 9631
7427 10019 7255
9451 8004 8343
7099 8602 9441
7268 8726 9336
9909 7905 7241
7439 9572 8531
7347 10045 7305
8035 9827 7727
8444 8786 8857
8504 7414 9260
8035 9728 7847
8839 7743 8914
9010 7912 8808
9714 7833 8028
7358 10031 7218
9289 8711 8094
9907 7659 7410
7284 8679 9353
7434 9187 8933
8917 9159 7904
9549 8529 7898
9502 8755 7659
7446 8996 9136
8672 8647 8786
9475 8655 7795
7272 10047 7387
7596 9667 8381
7060 7412 9724
7450 8114 9460
7792 7079 9551
8451 8538 8912
8882 9440 7547
7681 9928 7561
7559 8777 9216
7912 9881 7548
8809 7475 9113
9592 7785 8309
9433 8754 7811
9298 8947 7747
9021 9139 7901
9924 7682 7287
7582 9560 8549
8821 8378 8711
7833 9307 8741
8235 7272 9395
8502 7861 9101
9544 7930 8333
9815 8190 7265
7642 9766 8038
7199 7365 9709
8401 7903 9158
8495 8923 8617
8987 9198 7801
9744 8360 7415
7738 8675 9145
8494 9444 8181
8424 8564 8890
9605 8190 8010
8349 9752 7464
9039 8451 8573
9194 8984 7871
9610 7951 8283
9644 8315 7872
9451 8932 7559
8196 7376 9404
8695 8673 8683
7198 8774 9293
8394 7610 9202
8207 8668 9007
8416 8606 8902
9085 7681 8864
9755 7924 7925
7372 7207 9678
8579 7609 9123
8356 7245 9324
7683 9299 8788
7373 8243 9465
7504 7097 9642
7638 9954 7326
7650 7349 9584
9668 7845 8195
9719 7934 7992
8080 9839 7465
9186 8834 8052
8357 7674 9257
8830 8230 8811
9333 8726 7997
7322 8888 9259
7616 9255 8845
8596 8278 8929
9446 8079 8350
9476 8493 7931
9411 8781 7849
9906 7854 7323
7576 9455 8675
9467 8265 8190
9753 8351 7415
7008 7381 9755
8480 7418 9287
8719 9273 8157
8936 9069 8171
9156 8110 8548
9264 9025 7702
7486 9046 9036
7733 9742 8051
9001 9167 7888
7434 8998 9128
8262 8504 9025
9818 8145 7361
9475 8564 7954
7553 9807 8094
8669 9221 8393
8706 7997 8929
8470 9464 8216
7690 9427 8695
8214 8590 8996
7396 8925 9181
7840 8972 8924
8735 9506 7569
7273 8816 9285
7214 8483 9434
8704 9340 8139
8644 8840 8700
9405 8064 8363
7373 7150 9693
7471 8463 9325
7918 9898 7370
8543 9492 7861
7925 9883 7463
8579 7956 9038
8940 9057 8163
8690 9580 7559
9309 8701 8129
9366 8916 7659
7391 9879 7861
8584 9066 8522
8460 7987 9067
9533 8211 8157
9464 8871 7610
8081 9499 8377
8751 9494 7496
7173 7403 9668
7514 9980 7351
8259 7616 9288
8399 7996 9050
9912 7660 7323
7700 9749 8158
8916 9201 7894
9194 8490 8446
9589 8180 8261
6917 8114 9599
7508 7533 9574
7371 8495 9353
7928 8156 9216
8600 8559 8864
8905 8121 8753
8693 7613 9119
9612 8318 7875
9883 8108 7168
7583 9235 8899
7744 9553 8455
7683 7240 9584
8675 8818 8607
8815 9044 8253
8976 9345 7579
7479 8903 9170
7083 7603 9706
7701 9085 8930
7490 9873 7928
9620 8005 8097
6995 7476 9733
7505 9813 8018
7654 9978 7159
8760 7607 9149
9273 7672 8753
9547 8013 8299
9438 8956 7470
9672 8553 7507
9873 7553 7610
7343 8564 9332
7880 9660 8088
9398 7854 8538
9671 8292 7729
9776 8435 7380
7054 7448 9739
8083 7254 9458
8340 7287 9345
8600 7371 9237
8785 8350 8792
8604 7579 9155
9332 8579 8263
7401 7238 9650
7663 8720 9144
7626 9174 8867
8224 9693 7784
7479 9045 9049
7727 9963 7306
8793 9038 8265
7483 7110 9651
8851 9406 7661
7817 9668 8118
8453 8920 8650
8814 9492 7601
9377 8711 7934
7002 7943 9650
7070 7799 9634
7990 9594 8276
8908 8169 8692
8548 8856 8636
8949 9280 7873
8931 7869 8847
8746 9476 7637
7576 9513 8601
7537 7998 9492
7892 9332 8666
9462 8455 8194
9938 7655 7142
7727 9719 8143
8117 8346 9129
8944 8699 8542
9832 7883 7792
9860 7779 7526
7571 9524 8606
8084 9862 7448
7831 7540 9494
7700 9685 8363
7938 7220 9487
9014 9062 7967
7580 9012 9013
7883 9124 8793
8921 7956 8843
8614 9575 7625
8903 7848 8879
8736 7612 9054
7584 7156 9593
7855 7317 9483
8068 7925 9286
7890 9928 7222
9489 7787 8533
7607 9552 8557
7330 8803 9286
7022 7646 9695
7842 7098 9547
8380 8430 8956
8515 9442 8122
8308 8456 9009
8832 9209 8101
8469 7460 9269
9280 8535 8276
9841 7650 7681
7702 9602 8381
7112 7854 9622
7327 8156 9513
8431 9205 8490
9255 7744 8738
9683 7799 8163
7598 9385 8782
8233 9561 8253
8240 9089 8664
9200 8801 8211
8915 7682 9001
9204 9161 7769
9674 8125 7951
9673 7911 8108
9811 8254 7300
7831 7304 9513
8290 8972 8751
7970 7347 9481
8519 7534 9245
8992 8455 8571
9441 8826 7666
7156 8746 9360
8397 8306 9009
8703 7384 9171
9360 8934 7725
8826 9438 7658
9559 7804 8412
7121 8133 9565
7487 9815 7989
7194 8742 9334
8840 8935 8469
8800 8828 8600
9002 8780 8325
8773 7646 9028
9330 8556 8270
7510 9211 8922
7377 7432 9621
8171 8331 9114
8930 9093 8147
9418 8994 7581
9625 8427 7735
9362 8999 7601
9518 8833 7623
7508 9433 8719
7762 8824 9129
8539 8887 8616
8044 9704 7884
7697 9471 8604
8470 7953 9106
8508 8269 8980
8637 7413 9211
9180 8727 8248
8783 9514 7455
9829 7890 7799
9094 8722 8400
9075 7727 8834
9521 7775 8452
7315 7226 9689
7109 7369 9722
7746 7263 9540
8097 9690 7834
8949 8986 8309
8853 9477 7383
7565 9622 8425
7360 10009 7404
9191 7678 8828
9238 8991 7843
7892 7209 9527
8761 8882 8558
9008 9058 8107
7595 9748 8247
7575 9598 8478
7820 9040 8834
7903 7026 9514
9700 7902 8128
7239 8780 9292
7625 8901 9019
8124 8881 8883
8796 8667 8672
9451 8505 8055
8214 8637 8967
8516 9578 7738
8546 8841 8722
9296 8146 8496
8847 9443 7487
9632 7857 8200
9661 8549 7549
8835 7925 8971
8817 7593 9065
8975 8244 8638
9926 7699 7280
7471 9169 8952
7690 7712 9432
8059 9442 8499
8183 7712 9280
9748 8190 7527
7703 9591 8446
7949 8715 9023
7898 9322 8714
8953 8848 8498
8932 7616 8982
9433 8890 7787
7210 7531 9631
8231 9457 8369
8449 7592 9183
8523 8905 8625
7048 8336 9545
8000 7344 9458
7631 8506 9214
8862 9421 7645
9053 9185 7838
7142 8506 9463
8078 9267 8736
8194 7382 9382
6957 7843 9663
6936 7493 9738
7503 8815 9219
8853 7457 9052
7331 8907 9202
8357 8852 8781
8737 9528 7497
8916 7498 9050
9343 7793 8669
9823 8198 7186
7409 7125 9684
7368 7724 9546
8836 7837 8924
9874 7749 7487
8088 9562 8207
8426 9232 8498
8762 9112 8202
9710 8383 7495
7104 8470 9532
7409 8419 9364
8214 7829 9230
8373 8730 8931
8522 8950 8610
8459 9509 7894
8904 7937 8851
9492 8714 7789
9818 8037 7395
9677 8545 7497
7786 7161 9535
8260 9142 8599
8067 7276 9441
8940 7753 8885
9472 8920 7598
9288 9103 7617
9686 8424 7506
7060 8330 9538
7098 7445 9676
7512 8981 9044
7897 9534 8410
7770 9876 7740
7761 9668 8235
7907 8173 9337
9234 9100 7697
9007 7502 8971
9697 8499 7500
9753 7826 8001
7655 9616 8449
7364 8358 9418
7866 9025 8896
9147 7901 8754
9716 8523 7490
7274 8076 9555
7455 9060 9062
7388 8117 9465
8852 7404 9099
9092 8262 8584
9324 8849 7957
9501 8711 7766
7836 9588 8338
8501 7975 9098
7364 8007 9514
7319 10037 7340
6966 7656 9726
8700 8487 8743
7625 9501 8581
9249 8904 7865
8246 9415 8418
8610 8845 8579
8549 8155 8969
8722 8642 8712
9328 8767 7938
7583 9455 8647
7705 9357 8787
8440 8994 8612
8751 9419 8048
9308 8662 8189
9563 7836 8352
6960 7464 9744
7674 7938 9482
9260 8644 8223
7047 7840 9667
7448 9033 9093
7568 9699 8344
7653 8863 9081
8429 9601 7928
8543 7720 9134
8648 9230 8253
9659 8644 7477
9913 7759 7291
6995 8041 9618
7907 9640 8174
8751 8905 8473
9473 8566 7943
7135 10058 7190
7588 9799 7979
8435 7640 9199
8383 7986 9103
8754 8432 8733
8835 9032 8323
8542 9543 7822
8428 7359 9295
8979 9003 8142
9651 8232 7924
9791 7895 7916
8477 8472 8943
7922 9833 7704
8349 7398 9305
8546 8131 8988
9077 9092 7854
9378 7769 8642
9839 7809 7733
8767 7899 9001
8661 8794 8715
8595 8037 9023
8645 8803 8677
8674 9053 8450
9390 9021 7570
7384 8904 9193
7680 9642 8416
7497 9122 9006
7858 7255 9503
8511 9475 7931
9762 8353 7396
7569 9195 8920
7867 7262 9495
8888 7551 9042
8729 7292 9153
9120 7645 8846
7036 7854 9657
7366 8858 9279
7519 9661 8392
8339 7409 9330
9219 8582 8345
7380 8618 9313
7642 8354 9243
7806 9620 8355
7173 7370 9717
8001 9868 7431
8986 9340 7650
9929 7700 7213
7119 8533 9457
7558 9796 8164
8409 7806 9118
8508 9700 7531
9214 9193 7522
9212 8407 8360
9578 7778 8331
6929 7780 9677
7302 7223 9695
7436 7330 9643
7740 7269 9527
8547 9503 7843
9210 9001 7810
9269 9038 7661
9813 8224 7389
9910 7892 7202
7415 9063 9035
7661 9090 8925
7512 9938 7546
8022 9526 8575
8537 8470 8941
8343 9561 7960
9325 8586 8218
9241 9071 7744
7608 8961 9123
7294 8750 9319
8566 9469 7959
8913 8721 8505
9189 7697 8807
9116 7688 8847
9509 7876 8448
9677 8485 7524
7682 9725 8223
7183 7347 9720
7890 7230 9507
7098 8555 9467
8679 9588 7557
9018 8193 8662
9774 8312 7454
9930 7754 7204
7980 9545 8336
8213 7357 9371
8453 8929 8639
9857 8127 7254
7321 9063 9041
7247 8483 9403
9901 7639 7470
6980 7384 9742
7501 7207 9622
8222 9330 8621
9081 9239 7718
9833 8001 7362
7350 7443 9585
7914 7721 9392
8367 8186 9077
8436 9517 8031
9141 9063 7864
9720 7840 8017
7614 9595 8452
7763 9295 8761
7493 9907 7671
8257 9681 7721
8115 9498 8449
8956 9254 7883
9473 7812 8475
7385 9899 7833
7197 7305 9719
8667 9478 7818
9584 8603 7693
9219 7755 8770
6928 7810 9679
6992 7724 9691
7934 7228 9493
8287 7959 9180
8370 8443 8948
8512 9449 7962
8773 8427 8767
8779 9404 7781
8943 7523 8995
9199 8683 8281
7802 9242 8747
9667 7936 8124
9558 8752 7639
7824 9360 8732
7728 9971 7207
8785 9236 8195
9109 9183 7723
9016 7581 8928
7464 9101 9030
7110 8181 9590
7917 8063 9322
7972 8113 9215
8049 9842 7551
9394 8489 8120
9038 7562 8925
9261 9113 7666
9915 7611 7418
7280 8756 9321
6974 7735 9708
7563 9280 8902
7791 7782 9389
8156 7854 9217
8644 8769 8721
9303 8132 8503
9368 8896 7828
8953 7461 9007
7160 8517 9451
7017 7593 9722
7097 7326 9727
7503 7183 9648
7605 8751 9177
7788 9156 8837
8681 9536 7769
8984 9334 7725
9618 8601 7629
7468 8823 9229
7884 8705 9095
7869 8810 9069
7181 8174 9492
8080 9650 8028
8431 8854 8752
9502 8730 7714
9805 7939 7911
7664 9312 8818
7411 8491 9323
9021 9114 7940
8958 9395 7591
7868 9531 8466
8535 7880 9073
8223 9771 7568
7216 8444 9439
7182 8799 9302
7610 9607 8452
7451 9787 8169
7866 9039 8844
7769 9166 8880
8879 8740 8515
9025 9331 7695
9136 7945 8712
9172 7838 8818
9244 9156 7533
7596 9264 8885
7353 8041 9521
7924 9849 7594
8485 7857 9113
8613 9053 8500
8302 8437 9031
8688 9585 7576
9395 9006 7582
9717 8461 7471
7550 9602 8461
7913 9035 8895
8406 9595 7931
7139 8127 9571
7253 10056 7355
8150 9580 8163
9784 7985 7610
9687 7936 8096
7904 9275 8661
8071 9329 8647
8082 9510 8302
8374 8417 8985
9195 7535 8781
7392 9980 7589
7559 8437 9317
8786 9397 7717
8998 7633 8942
9242 8974 7940
9343 9029 7500
6902 7374 9758
9194 7647 8775
9217 9017 7787
9703 7747 8075
9850 7791 7624
7612 9485 8627
8317 7577 9299
8531 8934 8597
8498 7433 9271
8469 8452 8946
8404 9713 7450
9295 8952 7809
9918 7569 7389
7355 7765 9540
7905 8466 9229
7878 8807 9058
8214 7448 9370
9270 8997 7678
9221 9170 7545
7274 10009 7423
7527 7163 9620
9406 7844 8544
9849 7872 7545
9921 7691 7283
7386 8674 9267
7618 9969 7328
8334 7515 9346
8872 8870 8471
7457 10011 7290
7993 9745 7850
8372 9728 7446
7725 9605 8369
7910 9728 8071
8615 9543 7709
9732 7879 8008
9854 7699 7650
6956 7339 9756
7782 9641 8332
8402 9641 7729
8885 9432 7536
9908 7703 7310
9878 7762 7374
9875 7716 7447
7374 8448 9404
8730 9511 7541
9179 8850 8253
9279 8218 8440
7085 8536 9474
8123 9236 8710
7694 7900 9376
8089 7499 9416
9180 8843 8182
9234 9156 7575
9220 8858 7952
9318 9016 7637
9824 7928 7852
7730 7416 9514
7484 9822 8039
8258 9166 8592
9197 9122 7812
9163 9264 7683
9557 8207 8160
7904 8474 9210
8782 8146 8856
8589 9416 8102
8937 9406 7595
9060 9245 7735
8975 9404 7586
7591 9445 8651
7340 8484 9387
7750 7799 9387
8144 7328 9428
8493 7438 9286
8693 9029 8409
8787 8860 8518
8903 9217 7971
8529 9636 7540
9265 8777 8090
9164 7905 8738
9337 8818 7916
9755 7997 7906
9761 8348 7421
7574 7504 9534
8016 9719 7887
9312 7806 8639
7588 8171 9410
7990 8630 9056
8284 9108 8620
8886 8405 8682
9356 8798 7887
7510 9811 8030
7300 10046 7127
8006 7321 9461
8599 9374 8173
9280 7850 8656
9162 7792 8820
9709 8130 7837
9426 7723 8569
9662 8483 7550
7176 8522 9446
7623 7434 9576
7446 8476 9303
8366 9380 8330
8804 8098 8891
8590 8177 8938
8416 8972 8744
8670 9442 7911
9382 8917 7643
8205 9260 8709
9659 7989 8191
8736 9214 8197
9004 9322 7722
8672 9556 7611
9274 8982 7685
9192 7610 8813
8806 7652 9004
8630 8046 8946
8895 9026 8369
8848 7531 9100
9467 7852 8505
7340 10024 7343
7347 8499 9347
8518 9440 8129
8993 7568 8959
9083 7551 8893
9311 8094 8495
9641 8000 8142
9355 9014 7648
6918 7607 9728
7402 8991 9140
8649 8674 8779
9322 9067 7489
9699 8017 7996
7050 7747 9680
7487 8358 9338
8025 7286 9459
8889 8614 8601
9047 9338 7673
7538 9457 8664
7605 9538 8597
7108 7760 9668
7148 8377 9523
7483 9039 9039
7739 9261 8764
7774 9705 8166
7454 7308 9627
7842 9587 8311
7916 9904 7393
8539 7615 9136
7473 9831 8017
8288 8991 8846
9063 8317 8586
8377 9714 7449
9119 8041 8778
9171 8860 8208
8935 9271 7893
9257 7711 8710
9447 7738 8552
9776 8310 7390
7530 9870 7753
7991 9876 7437
8266 8494 9063
8635 7470 9205
7177 8476 9471
6951 8226 9582
8197 9431 8511
7922 8484 9175
8520 9330 8380
8524 8585 8863
8599 7416 9227
8772 7769 8989
9042 9214 7748
8860 7593 9050
7206 8702 9376
7823 9849 7682
7216 8138 9527
8362 9721 7594
9523 7748 8436
7578 9541 8594
7316 10040 7338
7592 9356 8844
8160 8377 9121
8178 9498 8327
8244 7448 9357
9859 7616 7673
7440 9917 7773
7495 8090 9421
9367 8714 8065
7559 9462 8659
7635 9392 8768
8615 9113 8468
8911 9365 7928
8731 8589 8701
9725 8172 7692
7175 8699 9384
7893 9145 8782
8547 9364 8347
9667 7832 8209
9337 9034 7555
7245 8309 9449
7991 9853 7520
8868 8443 8710
9625 8091 8076
7430 9924 7814
7571 9166 8924
8189 7839 9224
8676 9110 8316
9580 8622 7634
9744 8422 7391
7887 9583 8327
8395 7468 9261
9258 7674 8721
9828 7828 7830
7734 8659 9163
7991 8913 9008
7788 9076 8891
8691 7570 9191
8885 8352 8683
7392 8937 9160
7251 7348 9707
7735 8865 9018
7821 9366 8663
7846 7456 9467
8755 7951 9014
8408 9325 8530
9049 8725 8353
9290 8772 8085
9042 9312 7736
9633 7773 8270
9817 8163 7298
7856 7673 9435
8081 9638 8066
8638 7969 8995
9668 7809 8204
9888 8105 7304
7742 9651 8362
7306 8449 9431
7312 7774 9563
7701 9411 8720
8518 7543 9228
8388 7913 9159
8695 8491 8915
8947 9056 8135
9435 8968 7483
8576 8707 8848
9698 8242 7769
9647 8719 7549
7597 9714 8295
7279 7609 9598
8138 9846 7439
8870 8723 8661
8962 8774 8433
9366 8478 8166
9720 8263 7749
9661 7814 8228
9905 7733 7381
7175 8770 9307
7056 7441 9721
7568 8648 9255
7221 7217 9720
7892 9055 8817
7742 7256 9545
8342 9460 8279
7940 9902 7254
8583 9426 8008
8816 9445 7614
9131 7967 8732
9170 7759 8826
9441 7754 8534
7639 9557 8555
7692 8353 9266
8002 8602 9044
8868 8755 8531
9587 7991 8263
9590 8345 7840
9611 7837 8246
9880 7719 7407
7097 7544 9683
6971 8095 9646
7376 9996 7373
7945 7638 9448
8330 7400 9366
9144 8249 8608
9196 9186 7681
9928 7805 7171
7765 9539 8529
8009 9597 8221
8958 7596 8945
8761 9462 7618
9366 7727 8687
9843 8169 7290
9571 8791 7575
7579 9579 8494
7227 8260 9453
7596 9857 7921
8197 9797 7548
8020 7539 9399
8411 8249 9034
9031 8309 8596
9203 9167 7587
9614 7828 8236
9701 8583 7446
9912 7869 7137
7403 7170 9663
7784 8066 9357
7779 7570 9449
8205 8209 9188
7582 9963 7408
7815 7254 9533
8655 8700 8727
8550 9644 7491
9162 8665 8334
9093 7585 8860
9908 7639 7409
7587 8754 9156
7948 7462 9443
9265 8033 8692
9448 8529 7979
9311 9037 7613
9556 7870 8316
7326 8498 9352
7631 9408 8725
7579 7164 9601
8888 9406 7627
9449 8058 8340
9529 8827 7611
7224 8565 9381
7512 9479 8655
7833 8827 9102
7826 9593 8442
8597 8741 8727
8566 9613 7494
8384 9707 7530
8197 9807 7426
8821 8109 8847
9026 8857 8251
8925 9337 7762
8908 7518 9042
9774 7831 7928
9854 7670 7674
7567 9643 8403
7109 7839 9626
7103 8541 9465
7472 7945 9514
8320 9434 8320
8582 9266 8194
8837 8060 8852
9161 7649 8843
7386 8892 9191
7370 9877 7898
7100 8607 9424
7941 7687 9406
7587 7107 9637
7783 7252 9552
8670 9059 8475
8751 8995 8425
9111 9173 7801
9281 8799 8016
8950 9378 7727
9821 8054 7309
7167 8055 9564
8196 9825 7393
8781 8207 8872
9376 8985 7622
9425 7843 8589
7087 8243 9567
7841 9837 7958
8174 9441 8492
8157 9827 7601
8906 8928 8325
8753 9464 7838
9169 7567 8837
9648 8681 7590
9406 7717 8626
6873 7476 9750
7997 7508 9441
8234 9798 7474
8378 7471 9273
8877 8997 8407
9127 9036 7978
9420 8747 7859
9358 9015 7621
8082 7551 9325
7694 7404 9532
8008 7366 9452
8805 9299 8108
9393 7855 8573
9587 7759 8373
9619 8750 7560
7029 8274 9557
7072 7903 9620
7570 9591 8483
7524 8869 9169
8643 8587 8828
8819 8268 8838
9109 8650 8432
9199 9171 7624
7837 8857 9031
8466 9493 8236
8503 7332 9286
9431 7561 8553
7673 9308 8791
8361 8826 8774
9085 9331 7694
8955 9383 7659
9430 8029 8469
9739 8211 7586
9869 7851 7347
6913 7742 9713
7611 9604 8456
7655 7501 9544
8122 9061 8787
8479 8353 8971
8232 9266 8562
8441 9614 7905
9241 7747 8718
8749 9500 7501
9588 8592 7660
7430 7313 9644
7970 9350 8616
7913 8459 9207
7988 9016 8871
8780 9333 8075
9316 8053 8475
9300 9118 7527
9387 9024 7599
7105 8210 9597
7646 9165 8986
7624 9179 8859
7886 7254 9508
8008 7580 9365
8472 7583 9150
8722 9542 7563
8762 9423 7717
8708 7475 9155
8929 9288 7812
9744 8436 7360
9727 8510 7464
7122 8456 9492
7545 9024 9042
7483 9049 9036
7696 9607 8367
8404 7390 9304
8749 9469 7677
9316 7907 8568
9393 9008 7536
7446 9956 7603
7342 8859 9222
9037 7882 8808
8947 8665 8503
9435 7988 8480
9741 8116 7759
7618 9202 8853
7723 7391 9531
8031 7556 9376
7882 8749 9024
7864 9531 8533
9092 7648 8891
9494 8819 7691
9682 7873 8142
9931 7586 7324
8344 9182 8548
8498 9145 8418
8529 9558 7725
9304 7890 8612
9512 8018 8330
9675 8622 7436
9729 7974 7978
7638 9550 8565
7273 8916 9187
7603 9698 8314
7369 10026 7271
7585 9595 8468
9020 7880 8818
9129 8797 8302
9743 8402 7452
9656 8625 7502
7360 9880 7846
7060 8073 9599
7321 10008 7440
7993 9731 7897
9084 8940 8101
9291 8012 8527
9683 8143 7870
9863 7958 7331
7782 8180 9288
7494 7248 9597
8732 8899 8531
8977 8629 8504
9108 8163 8694
9026 8949 8066
9145 9273 7664
9282 8098 8583
9592 8006 8236
9564 8750 7635
9686 8576 7468
7299 10015 7381
7468 9130 8995
7930 8365 9161
7963 9752 7831
8347 9673 7729
8908 9050 8180
8613 9246 8221
9219 8918 8046
9249 9144 7560
9442 8803 7753
9518 8711 7763
7528 9887 7755
7659 7229 9589
7411 10008 7307
8929 7619 9032
9699 8181 7772
9895 7592 7486
7343 9989 7524
7516 7327 9590
8506 9573 7753
7634 9339 8842
8304 7955 9171
8394 9701 7677
8933 9072 8162
9075 7718 8858
9404 7902 8503
7466 7218 9613
7969 7874 9385
8109 7649 9316
7920 8408 9207
8364 8805 8932
8232 9351 8487
8717 9101 8247
8705 8398 8907
9370 8599 8017
8926 9407 7560
9736 8135 7590
9656 8638 7484
9900 7931 7169
7146 8516 9461
7525 10022 7197
8435 8316 9002
8394 9063 8717
8716 9289 8188
9317 8405 8395
9276 8872 7859
9115 7621 8855
9856 7627 7677
7032 7882 9660
6986 8073 9622
7596 9444 8656
7272 10010 7397
7926 9084 8748
7794 7277 9518
8942 7515 8997
9273 7867 8677
9506 8257 8331
9217 9132 7592
9927 7622 7388
7161 8486 9460
7655 9106 8985
7143 8297 9537
7444 9969 7640
7525 7529 9567
7521 8307 9394
8069 7455 9425
7890 8743 9034
7897 7247 9484
8226 9791 7541
9348 8963 7739
9476 7809 8459
9755 8372 7402
9796 8292 7330
9870 7560 7538
7423 7201 9660
7698 9212 8820
8127 9487 8406
7961 7955 9281
8205 9349 8530
9669 8582 7529
7112 8516 9480
6915 7894 9666
8597 7646 9090
9241 8377 8525
9089 7492 8894
7616 9694 8313
7064 7398 9719
8445 8616 8865
8701 9280 8192
9528 8722 7716
9685 7798 8144
7570 9896 7650
8262 7977 9168
8979 8494 8569
9498 8645 7929
9794 8237 7334
9594 8773 7596
9680 7952 8008
9895 7933 7116
7463 9481 8650
7528 9811 8001
7351 8308 9450
7942 7377 9480
8155 9486 8350
7923 9895 7378
8960 8610 8674
8744 9500 7592
9207 9180 7583
7602 9042 8991
8232 9436 8311
8162 8597 9112
8557 9293 8362
9272 8788 8043
9627 8252 7902
9673 8458 7652
9694 8590 7446
9828 8174 7225
7499 9942 7610
7102 7910 9616
8513 9657 7672
8546 7360 9273
8508 7296 9275
9869 7807 7461
9608 8754 7532
9826 8044 7376
7362 7694 9552
7953 9469 8640
7783 9859 7665
7519 9906 7633
8425 7806 9117
8363 7523 9271
8716 9268 8189
8668 9426 7914
9441 7953 8363
9337 8980 7726
7896 9079 8799
7514 7215 9592
8421 8809 8782
8842 8066 8845
9223 8810 8016
9252 9013 7732
7531 9861 7983
7608 9200 8865
8019 7222 9468
9231 8521 8319
9058 7690 8860
9462 8751 7808
9750 7947 7978
7250 8727 9361
7522 9584 8512
7304 8730 9328
7522 9866 7821
8701 9124 8302
9620 7820 8284
8393 9500 8056
8984 7929 8846
9184 9224 7718
9332 9053 7594
9791 8361 7375
7063 8285 9542
7078 8325 9537
7557 7198 9607
7895 7177 9511
8675 8509 8786
8855 9135 8185
9250 7723 8762
9373 8754 7994
8992 7705 8924
9457 7924 8434
9693 7936 8045
7403 9905 7815
7306 7366 9655
7815 9685 8225
8495 9235 8422
8979 7594 8981
9167 8330 8537
9543 7947 8400
7717 9343 8775
7533 9187 8929
8871 7718 8950
8351 9722 7481
9209 9120 7689
9256 9117 7642
8215 9805 7477
8588 7980 9037
8400 9009 8655
8063 7283 9463
9251 9062 7689
9333 7763 8705
9814 8271 7254
7095 8272 9564
7620 9765 8136
7628 9787 8085
8962 9047 8116
9342 8722 8091
9566 7809 8352
7326 8954 9152
7550 9047 9033
7105 8423 9497
7235 7555 9629
7660 9762 8233
7684 8065 9436
7977 9619 8282
8165 7406 9426
8245 7302 9383
8479 9551 7801
9402 8043 8463
9579 7806 8320
7464 9950 7744
7468 8670 9249
8002 8676 9018
8374 9535 8165
8000 9893 7332
8233 7622 9294
8501 9371 8290
8763 9446 7628
8583 9593 7482
9039 8240 8629
8852 9427 7590
9757 7982 7810
9841 7927 7452
7524 8973 9052
7913 8485 9177
7632 8475 9192
8326 7728 9179
8453 7564 9203
8336 8413 9082
9751 8258 7522
7457 9953 7611
7581 9272 8918
7682 9001 8935
7727 7319 9574
8334 9134 8570
8294 9556 8100
8296 9650 8024
8867 9374 7760
9718 8542 7390
7395 9169 8981
7999 9870 7364
8722 7986 8987
8349 8285 9069
8844 8345 8752
8983 9246 7807
8261 9780 7471
8807 7553 9103
8908 9385 7631
9738 8502 7458
7271 8514 9367
7664 9794 7974
7881 8328 9275
7837 9187 8818
8232 9740 7555
7470 10010 7214
9496 8888 7609
7469 9021 9056
7359 9996 7415
7073 8220 9573
7141 7400 9691
7791 8945 9007
8093 9011 8889
8698 9126 8260
8653 7302 9196
9472 8660 7811
9231 7617 8775
9676 7894 8150
9664 8624 7507
8123 9833 7504
9564 7861 8323
8785 9454 7616
9428 8943 7495
7468 7688 9528
8054 8027 9212
9386 7746 8624
7578 9429 8692
7717 9404 8727
7502 7748 9519
7415 7362 9636
7816 7980 9338
9360 8366 8318
9537 8214 8086
9512 8861 7605
9654 8671 7456
8066 9687 8072
8339 9423 8385
8527 9547 7743
8525 7821 9115
8426 9241 8440
8780 7407 9127
8888 8201 8776
9855 8035 7343
7674 9400 8731
7839 8522 9184
8176 9785 7818
7957 7700 9398
8863 8008 8872
8880 7513 9045
9365 8270 8399
7245 7799 9555
7340 7584 9616
7739 9934 7340
9244 8561 8222
7310 7523 9660
7403 9999 7475
8185 7578 9322
7704 9804 7791
7190 7557 9696
7289 10043 7213
7094 7825 9674
9615 8570 7528
8190 9537 8055
6936 7571 9724
7733 9930 7390
7465 9952 7539
8072 9214 8611
7203 8192 9549
7173 7494 9701
9475 8553 7938
8194 9387 8245
8248 9763 7482
9705 8160 7680
7121 7581 9713
7868 7543 9469
8084 7544 9363
7117 7895 9620
8515 9566 7708
8308 8447 9018
7560 7633 9501
8365 8842 8725
8283 9723 7612
8514 9629 7608
7426 9965 7579
8023 7576 9352
8365 9034 8666
7269 10061 7136
7942 9517 8399
9638 8234 7678
8531 9630 7502
8250 9161 8677
7728 7944 9415
9756 7789 7931
6866 7600 9716
7471 7647 9539
7574 7588 9523
7095 8036 9586
8556 9543 7735
9903 8013 7235
7345 9975 7568
7271 7317 9700
7345 7325 9686
7155 7742 9660
7408 9197 8968
9622 8600 7444
7316 10041 7146
7987 9384 8379
7061 7611 9715
7918 9824 7567
7811 9812 7674
8209 9783 7422
7209 8610 9361
8649 9036 8396
8119 9831 7408
8447 9276 8235
7239 8177 9528
8313 9748 7547
9580 7959 8160
7235 10053 7172
7932 9792 7679
7253 9030 9096
7105 7961 9612
7135 8819 9272
7338 10041 7144
8188 9800 7434
6981 8116 9587
7848 9689 8138
7157 8208 9517
7549 7438 9632
8342 9707 7537
9667 7970 7939
7654 9932 7362
7997 9219 8614
8750 7777 9036
7030 7670 9688
8499 9589 7713
7640 9964 7294
8869 9434 7590
7250 8571 9355
8061 7418 9428
8080 7442 9411
8889 8428 8642
7307 8807 9241
8588 9481 7824
9339 8580 8172
7207 8246 9484
6967 7496 9739
9514 8862 7492
7507 7426 9654
8550 8564 8735
6967 7546 9722
6996 7639 9701
7072 7446 9735
7311 9024 9107
8041 9151 8699
9353 8286 8325
7244 8012 9531
9714 7939 7893
7280 10039 7237
7516 7455 9616
8579 7695 9082
7382 7982 9505
9173 8862 8161
9485 8398 7981
9327 8913 7785
7737 8042 9347
9332 7892 8590
8779 9044 8278
8097 7572 9357
8384 9698 7472
6976 7547 9719
7470 8111 9450
8371 7493 9313
8883 9327 7830
8215 7426 9349
8687 9251 8122
8227 9777 7588
9017 8495 8486
8976 7788 8844
8572 9033 8406
8472 8877 8678
9376 8394 8175
7686 7544 9579
8634 9494 7767
8638 9483 7812
9531 7934 8254
9817 7768 7657
7456 7502 9622
8013 7383 9456
7924 7459 9472
9448 8625 8021
8394 7830 9124
9675 7894 8058
8049 7414 9442
7215 7813 9608
7311 10029 7367
7072 7440 9745
7554 7662 9515
8273 8844 8696
7918 7630 9410
9314 9080 7668
9894 7817 7377
7237 8818 9273
7127 7886 9626
7557 7659 9493
8711 9181 8206
7059 7526 9724
9802 8280 7345
7157 7986 9610
7726 7442 9573
8314 7650 9297
8075 8892 8878
8020 7342 9443
9283 7664 8735
9732 8374 7431
9048 9320 7627
9505 7977 8245
9907 7899 7174
7413 7403 9679
7894 7309 9521
8170 7492 9380
7371 7477 9636
8026 7852 9325
8240 9758 7529
8382 7405 9345
7476 8140 9407
8393 7547 9237
7568 9149 8959
7291 7694 9558
7584 7915 9442
9477 8540 7913
9646 8530 7520
7106 8121 9552
8531 8405 8924
8485 9332 8149
8613 9474 7873
9609 7754 8262
7040 7469 9730
7338 7919 9514
9229 7821 8689
8999 9281 7689
7291 8784 9273
8574 9318 8082
8395 9700 7426
9928 7834 7196
7574 9912 7533
7313 10045 7173
8319 7979 9175
9492 7723 8453
7075 8054 9592
7103 7662 9694
8381 7637 9167
9100 9017 8030
9113 9183 7762
7449 9002 9131
7142 7356 9741
9944 7715 7296
7463 9543 8511
7641 9285 8766
8543 8996 8444
8734 9394 7824
7442 8376 9354
7078 7455 9715
7345 10015 7378
7522 9529 8542
9004 8830 8327
9557 8058 8237
9742 7641 7944
7556 9578 8385
8031 7443 9442
8193 7950 9198
7594 8928 9045
8057 9815 7598
8755 9342 7840
9034 7901 8811
9208 8791 8109
8461 8830 8760
7829 7315 9543
9196 8246 8613
9566 8740 7486
7394 8775 9216
7115 8010 9586
8886 8922 8347
8694 9343 8038
9071 8778 8191
8482 9057 8480
8810 9327 7872
7507 7487 9631
8859 7687 9022
8918 8802 8453
8865 9402 7606
7803 7283 9546
8004 7617 9345
8626 9201 8290
9652 8576 7438
7501 9473 8647
7596 9825 8035
7785 9945 7266
8586 8537 8704
9363 8675 7928
9388 8953 7705
9906 7978 7261
6973 7638 9714
7218 8461 9429
9073 9285 7643
7809 9803 7698
7789 9819 7755
8300 7998 9145
7650 7717 9451
7746 9861 7576
8846 9045 8212
9358 8192 8394
9345 8869 7851
9471 8283 8230
8284 9638 7796
9717 8440 7436
9606 8679 7497
8307 9629 7775
8817 9259 7974
7662 9799 8014
8221 8092 9126
8672 8765 8666
9808 7904 7517
7071 8086 9555
7604 9757 8170
7943 7943 9296
7376 7632 9591
7797 7565 9533
7874 9192 8752
8659 9405 7911
7133 8471 9473
7271 8826 9247
9080 9293 7629
9350 8771 7975
7170 8519 9453
7466 8288 9356
9194 8871 8087
9418 8495 8081
8004 7472 9425
7553 9652 8381
7028 8181 9556
7289 8097 9485
8737 9510 7688
7661 8303 9348
9916 7894 7176
8180 7438 9374
8304 7662 9272
8785 8981 8286
8641 9579 7691
9358 8961 7655
7564 9747 8204
7637 8817 9085
8384 9708 7444
8744 9536 7653
9188 8654 8307
9459 8140 8308
9565 7836 8311
7490 9543 8499
7792 9937 7310
8262 7540 9348
9338 7824 8605
7537 9745 8230
7289 7292 9702
7892 8050 9305
7835 9796 7819
8300 9767 7481
8866 9368 7744
7677 9754 7966
7315 8999 9141
7688 7778 9449
8284 7987 9151
9296 9087 7681
9958 7672 7244
7576 9450 8642
7100 8465 9482
8363 9555 7986
7896 7783 9354
8761 9486 7769
9146 8504 8451
9410 8676 7925
7612 9291 8787
8498 8917 8566
9014 8435 8540
9599 8089 7965
7181 7881 9652
7652 9822 7864
8805 9037 8254
8664 8255 8845
8930 9389 7639
7059 8151 9555
8396 9211 8520
8242 7378 9396
8727 8708 8607
9893 7926 7310
7243 8796 9267
7240 8305 9451
8061 7271 9446
8698 7656 9039
7440 9996 7424
7265 8814 9257
7524 7899 9509
8860 9423 7717
7054 8289 9536
7286 8878 9202
7615 9328 8737
8168 9802 7527
9447 8868 7656
9426 8915 7690
9056 8719 8416
7538 8640 9212
8389 9443 8159
8178 8136 9084
8100 7498 9392
9851 8065 7273
7687 8162 9317
8468 7721 9129
9333 8826 7939
7440 9187 8927
8133 7384 9433
8282 9746 7596
9765 8412 7321
7185 8423 9476
7203 7877 9602
7645 9682 8217
7618 7770 9453
8389 7728 9138
9249 8460 8341
9376 8808 7836
9006 9270 7740
9284 9112 7640
7244 8902 9171
7297 10035 7299
9186 7681 8773
9390 8870 7787
9891 7773 7545
7236 8940 9167
7096 7392 9734
7297 8788 9254
7777 9835 7787
8215 8877 8766
8409 9417 8010
9169 8303 8534
9534 8847 7535
7744 7668 9467
8343 9735 7498
8069 9813 7570
8906 7702 8992
6996 7629 9710
6999 7412 9752
7516 9816 8073
9045 7782 8831
9792 8293 7326
8236 7380 9391
8264 9524 8078
8953 9388 7599
9363 8468 8095
8192 7295 9409
7807 7848 9382
8394 9027 8684
8846 9121 8110
9630 8365 7916
9724 8379 7413
9554 8744 7530
9754 8342 7416
6935 7513 9733
7225 8446 9435
7316 7688 9648
9023 9289 7686
9316 9071 7739
9595 8691 7412
7030 8183 9555
7443 9782 8153
7734 9387 8679
7993 9374 8419
8977 8601 8486
9568 8313 8050
7463 9987 7440
7443 7444 9664
8691 8962 8470
8758 9496 7487
7947 7638 9360
7430 10037 7211
8523 9600 7684
9243 7673 8770
9338 8006 8575
7206 8601 9381
7710 9718 8133
7672 9426 8561
8537 8900 8568
9048 7782 8820
9451 8118 8350
9784 8422 7314
7353 8772 9219
7105 7863 9660
7190 8682 9357
6930 7998 9652
8110 9340 8486
9912 7826 7213
7109 7739 9686
7587 9443 8631
7465 9927 7591
7228 7694 9584
7246 8759 9307
7597 9539 8435
7141 7487 9708
7371 7565 9618
7437 7918 9499
9885 7842 7479
7099 8573 9409
7317 7446 9655
7841 7454 9529
7884 9100 8882
8587 7621 9152
8944 9415 7602
9270 8985 7880
9271 8731 8139
8266 8852 8742
7705 9297 8710
6961 7734 9689
7584 9729 8185
7844 7444 9479
8934 8807 8447
9288 8683 8001
9327 8527 8209
9954 7725 7167
7417 7716 9546
7784 9962 7308
8469 9648 7624
9489 8877 7576
7734 9356 8698
8782 7947 8951
8545 9622 7428
7069 8146 9560
7585 9958 7389
9664 7853 8155
7137 8325 9513
7324 10010 7424
7539 7741 9517
7824 9239 8715
8017 7387 9453
8781 7805 8994
8464 8220 8980
8636 8915 8499
8458 7535 9217
9781 7736 7922
7627 9574 8410
8641 9031 8441
8873 9157 8070
9112 9178 7820
8510 8729 8802
7248 10054 7171
8064 7408 9430
8190 7802 9274
8579 9235 8219
8994 9247 7780
7906 9662 8069
8780 9283 7958
7622 9384 8683
7855 7322 9522
8886 7709 9016
8816 9280 7901
9724 8472 7402
7783 9227 8777
7972 9437 8492
7523 9590 8429
7973 9861 7468
9013 8470 8544
9348 8990 7780
9709 8571 7373
6978 7617 9712
7540 8580 9213
7561 7307 9632
8125 9263 8442
8940 8345 8621
7012 7937 9648
9922 7823 7369
9862 7968 7287
7256 8349 9444
7069 7328 9748
9365 7972 8443
7607 9537 8461
7606 9658 8333
9862 7850 7476
9610 8673 7501
7500 9452 8657
7742 8971 8999
8474 9329 8192
8820 9132 8216
8682 7636 9080
9331 9047 7706
9519 8790 7555
9570 7914 8210
9786 8417 7266
9895 7938 7264
7110 7957 9642
7671 9900 7630
8410 8429 8891
8869 8983 8274
8856 9347 7753
8626 9561 7715
9405 8705 7874
7581 9731 8269
7421 8596 9294
9009 8775 8436
9345 8094 8548
9176 8259 8532
9541 8204 8103
7797 9526 8416
8146 8922 8775
8399 9694 7497
9477 8453 8108
9491 8301 8169
9548 8829 7444
7254 8974 9150
7663 8119 9318
8683 8842 8567
8131 9391 8249
9378 8737 7831
9423 8996 7523
9368 9052 7588
9708 7833 8048
9843 8204 7222
7015 8063 9621
7786 9906 7418
8060 9846 7558
8696 9136 8260
8575 9488 7830
9153 8833 8163
7234 8911 9181
7586 8644 9179
7997 9381 8417
8400 9688 7608
8652 9571 7553
9678 7844 8107
7778 9918 7383
8421 7691 9156
8555 8610 8685
8834 8971 8323
7462 9968 7449
7474 9567 8474
9769 7938 7851
6972 7891 9663
8256 9289 8363
8658 9598 7495
7627 9110 8934
7586 9548 8480
7451 9617 8438
7765 9459 8441
7412 10020 7233
8252 9530 8196
9263 7825 8657
7131 7498 9703
7591 9788 8092
7669 9954 7349
7686 7301 9581
7920 9224 8687
9356 8872 7756
9860 7895 7514
8315 7262 9351
8468 9684 7642
8445 7423 9296
8687 9008 8343
8457 7519 9229
7550 8932 9127
8488 9460 7964
8081 9785 7563
8686 9282 8143
9873 7777 7588
7551 9436 8652
7472 9769 8134
7200 7304 9729
7945 9320 8552
7642 9947 7433
8698 7893 8958
7424 9181 8980
8112 7740 9281
8912 7698 8947
9283 8725 8040
9204 7732 8771
7420 7649 9553
7730 9938 7349
8039 7302 9452
8718 9363 7916
9842 8188 7273
7519 9826 8066
7912 8474 9203
8469 9654 7536
9802 8283 7315
7571 9887 7735
7716 7671 9433
7867 9366 8667
8257 9535 8008
7308 7382 9682
7652 8988 9026
7802 9932 7330
7847 9910 7405
9461 8935 7525
9836 7999 7457
9236 9106 7702
9711 8443 7414
7593 9038 8987
8504 9372 8101
8647 9211 8181
7953 7995 9271
8590 8964 8534
8874 8989 8232
9359 8555 8192
9478 8742 7817
7492 7444 9648
9088 9222 7752
9235 8432 8367
9733 7830 7992
8169 8504 9082
9432 8170 8433
9509 8859 7664
9784 8306 7329
8573 9242 8181
9649 7879 8197
9805 8278 7378
7475 9170 8999
7306 8081 9499
8710 8824 8537
8643 8471 8748
9833 8008 7416
9839 8114 7362
9626 8667 7412
9823 8218 7384
7400 9184 9006
7325 8859 9203
9246 9068 7802
9941 7763 7222
7407 8014 9497
7520 9782 8098
7932 7628 9441
8762 9421 7728
7452 9051 9076
8322 7954 9182
9609 8397 7787
7648 9851 7752
7871 7319 9533
8599 9141 8373
9095 7719 8867
9154 7878 8760
7951 9881 7415
8498 9590 7801
8498 8983 8496
8540 9369 8006
9007 7590 8956
9639 8232 7950
7962 7525 9436
8928 8856 8404
9110 9216 7755
9365 8763 7859
9575 7868 8257
9452 8937 7522
9823 7960 7467
8456 9013 8665
9312 9058 7742
7441 7309 9698
7652 7419 9618
7767 7303 9552
8102 9815 7447
7575 9227 8881
7487 9692 8299
7635 7552 9534
8252 9225 8417
9940 7803 7225
7264 8893 9216
7036 7966 9629
7951 7568 9375
7546 8029 9420
8311 9715 7571
8495 9335 8123
7436 9091 9024
8748 8572 8672
8395 9709 7305
9150 8364 8538
8074 8997 8734
9788 8379 7285
9787 8153 7629
7417 9273 8856
7315 10041 7221
8021 7930 9223
8461 7355 9300
9226 8708 8171
7889 9876 7499
9324 8851 7877
9054 9230 7714
8640 9359 8052
7059 8542 9428
7402 10003 7511
7795 9451 8448
8293 9723 7600
8863 9179 8108
9187 8480 8463
9665 8638 7319
7926 7202 9500
7820 9817 7643
9102 8601 8423
9504 8888 7502
7623 9641 8304
8241 7894 9246
8672 9488 7712
9192 8712 8185
9392 7792 8643
7495 9772 8114
7970 8195 9200
6953 7522 9730
7035 8024 9638
8157 9804 7454
8066 8929 8824
8232 8567 8986
9247 7857 8688
8333 7831 9231
8480 9398 8104
8776 9393 7745
7885 9072 8866
8204 8123 9136
7157 8651 9358
7671 9537 8447
8131 7823 9262
8166 7300 9438
8408 7333 9309
8486 9384 7998
8772 7599 9068
7596 8621 9178
7878 9632 8198
9793 7884 7677
7214 8388 9462
7612 9337 8779
9333 7702 8662
9662 8288 7614
9852 7767 7693
8096 9836 7457
8835 8306 8779
8819 9430 7652
7977 9580 8330
8492 9312 8217
8930 8855 8449
7502 9466 8636
7534 7909 9463
8045 9164 8654
8049 7833 9311
7508 10008 7310
9302 9111 7664
7395 9991 7518
8137 7412 9418
8458 8122 9064
8617 8944 8548
8706 9433 7816
8737 9267 7969
9148 9061 7913
9620 8651 7444
9951 7672 7305
7633 9545 8431
7281 7567 9658
9336 9074 7579
8855 8261 8737
8685 9198 8184
8611 9284 8132
9293 7764 8663
7232 8805 9285
7258 10037 7328
7693 7294 9600
7424 9247 8908
7674 8596 9172
7851 9905 7382
9387 8755 7823
9848 7928 7448
7543 7892 9507
7282 8164 9468
8273 9109 8610
8886 9128 8032
9295 8437 8365
9313 8901 7844
9230 9173 7552
9539 7877 8369
9655 8499 7547
7510 9168 8934
7138 8670 9371
7405 8332 9362
8080 9820 7502
8321 9559 7897
8646 9073 8401
9190 9092 7890
9608 8528 7695
9181 9183 7758
9730 8361 7496
9805 7784 7735
8062 9113 8684
8391 9338 8337
8736 9339 7895
9107 8427 8479
9141 8746 8173
9807 7878 7544
7654 9632 8286
7350 9126 9045
7917 9605 8065
7694 8075 9342
8247 9752 7504
9561 7890 8337
7819 7897 9372
7331 8916 9165
8012 7163 9472
9005 8331 8569
8642 7419 9173
7199 8639 9359
7543 9160 8950
7203 7464 9703
7741 7607 9481
7893 8608 9147
8333 9381 8217
8661 9532 7689
9362 8726 7863
9244 7815 8710
7455 9542 8513
7085 8380 9527
7471 8850 9152
7989 9788 7759
7611 7862 9430
7786 9190 8900
9583 8105 8017
7992 7990 9293
9198 8209 8516
7674 7672 9473
7959 9291 8573
7708 9788 7820
7913 9759 7814
8419 8665 8842
8631 7542 9176
9841 7830 7635
7785 9250 8735
7344 8490 9406
7435 8980 9140
8514 8392 8960
8737 9405 7798
8848 8686 8530
9673 7899 8101
7589 7432 9628
7752 8418 9212
7891 9157 8720
8092 8001 9213
9432 8467 8088
9364 8708 7874
9822 8238 7177
8147 9053 8688
9386 8023 8442
8921 9324 7714
9420 8919 7601
9732 7944 7688
7466 9914 7761
7033 8338 9534
7339 7703 9552
7546 8454 9299
8962 8672 8516
7418 9510 8577
7915 9246 8619
7839 9618 8353
8839 8961 8464
8469 9159 8375
8424 9401 8083
8438 9690 7419
8671 8489 8686
9257 8968 7998
9357 8872 7735
9480 7982 8323
7699 9204 8814
7545 9839 7823
7850 9835 7568
8264 7931 9196
8897 7568 9060
9048 7922 8791
9842 8086 7311
7201 8481 9412
9137 9229 7580
8886 7754 8973
7330 8427 9424
8272 8032 9171
8119 9822 7420
8747 8283 8806
8163 7520 9387
9696 8136 7922
9827 7885 7526
7380 8420 9413
8037 9029 8920
8091 9803 7526
8932 7615 9039
9197 8031 8709
9460 8886 7605
9707 8558 7487
7567 9535 8494
7651 9081 8948
7929 9464 8437
7983 9397 8428
8542 7444 9218
9851 8122 7266
8515 7405 9239
8738 9456 7778
8704 9558 7625
9715 8578 7342
8746 9387 7782
8876 8994 8217
8901 7574 9057
7151 8658 9370
7521 7468 9595
8487 9625 7648
8645 9548 7676
8586 8971 8442
8374 9713 7432
9096 8589 8442
9033 7910 8802
9318 9110 7617
9658 8451 7523
9579 8777 7470
7354 10024 7229
8268 8407 9076
9376 8741 7857
6977 7543 9726
7330 8227 9437
8552 9616 7559
9039 8307 8571
7247 8516 9407
8604 9400 7939
8444 7719 9131
8859 8846 8501
9919 7687 7439
7213 8848 9250
6986 7498 9731
7686 9596 8378
7341 10027 7232
8025 7298 9460
7885 8002 9352
8122 9419 8240
8065 9155 8680
8904 8622 8534
9104 8513 8466
8814 9210 8182
9089 9210 7786
9061 7696 8904
9603 8718 7392
7138 8456 9456
7555 9907 7751
7090 8294 9517
7568 7720 9474
7217 8893 9235
8040 9086 8801
8681 9189 8343
8668 9028 8400
8371 9709 7463
8994 9369 7687
9031 9292 7652
9560 8171 8146
9491 8204 8286
9460 8168 8290
9504 7942 8311
7128 8690 9356
7890 8642 9124
8648 9589 7620
9190 7671 8824
9629 8630 7430
7183 8624 9361
7534 9854 7970
7263 8133 9486
8377 9639 7644
7959 9865 7430
8484 9624 7866
9061 7749 8853
9590 8697 7467
9937 7744 7323
6961 7650 9696
9648 8204 7672
9635 8648 7419
9863 8172 7258
9866 7787 7592
7540 9566 8488
9142 9075 7955
8969 8829 8359
9134 9248 7610
9267 7795 8734
9576 8782 7469
8222 7811 9264
8358 9529 8069
8700 9569 7667
9301 7899 8593
7543 9673 8338
8370 9637 7655
9107 7693 8870
7940 9901 7454
9604 8542 7866
7270 7354 9696
8204 9423 8203
9122 9210 7753
9618 7894 8106
7288 9947 7622
7884 7394 9518
7672 9789 7868
8681 8663 8616
8682 8872 8480
9478 8908 7526
9180 7677 8811
9543 8769 7530
7424 9751 8175
7579 9027 9087
8249 8867 8685
9301 8520 8272
7428 9010 9091
8017 9850 7392
8656 8785 8683
8982 9156 7954
8953 8962 8185
8944 7591 9013
9488 7632 8465
7287 8830 9233
7491 9935 7540
8120 8365 9163
8492 9439 7957
8827 8672 8599
9521 7914 8405
9790 7793 7889
7349 8503 9388
7533 8705 9173
7848 7427 9504
9197 9161 7698
9071 9299 7613
9575 7849 8291
6866 7580 9718
7239 7484 9693
9746 7911 7932
9788 7919 7884
8344 9109 8554
9473 8254 8275
9890 8014 7251
9928 7730 7417
9959 7577 7206
7827 9423 8544
9106 8925 8070
9310 7740 8733
9351 8381 8255
9067 9239 7702
9816 8174 7387
9926 7817 7203
7431 9917 7718
7921 8482 9122
8637 7965 9027
8562 9229 8319
8885 9386 7641
8974 7575 8982
9063 7716 8880
9526 8342 8002
7660 9523 8458
9451 8935 7588
9614 8688 7482
7649 9845 7664
7653 7945 9367
8729 9544 7602
9017 8272 8705
9546 8637 7874
8973 8502 8503
8761 9500 7482
9055 9312 7609
7577 9571 8455
7824 8367 9295
8670 8987 8398
9481 8766 7684
7231 8849 9246
7619 9489 8618
9880 8076 7271
7517 9280 8849
8673 8753 8613
8646 9021 8425
8357 9698 7646
9063 9311 7542
9595 8733 7411
8366 9656 7654
8932 7781 8867
9679 8588 7376
9816 7722 7714
9694 7818 8110
7577 9405 8740
7776 9854 7656
7822 9043 8975
8259 9198 8571
7652 9216 8878
8376 9480 8040
8405 7470 9295
8605 9078 8386
9137 8509 8452
8939 7595 9022
9033 7786 8820
7246 8569 9386
7100 8284 9520
7642 8716 9167
8370 7714 9160
8172 9782 7469
9018 9078 8172
8809 9461 7700
9276 8802 7996
9196 7635 8809
9740 8227 7642
8050 8979 8838
8560 8097 8983
8362 9037 8597
8870 9434 7539
9722 7994 7697
7392 9481 8640
7500 9587 8449
8818 9409 7730
8537 9620 7503
9249 9153 7586
9642 8597 7473
7459 8274 9433
7480 7915 9457
7369 8803 9217
8847 7505 9087
9174 8697 8228
9416 8936 7679
9226 9209 7624
9803 7789 7717
7332 7691 9573
7488 9629 8388
7535 8086 9427
7634 8390 9286
7426 8446 9333
8904 7678 9032
9243 7705 8751
9133 9282 7686
9549 7770 8390
7289 7475 9687
7564 7684 9487
8849 8701 8513
9182 9041 7989
7483 9459 8667
7517 9767 8099
8337 9037 8678
8464 7423 9288
8913 9233 7971
8736 7625 9116
9854 8154 7264
9831 8197 7294
7605 9374 8726
8438 8455 8879
9005 9351 7615
9290 9115 7502
9515 7804 8410
7430 9208 8942
7601 9956 7463
7440 8032 9455
7348 8858 9223
7874 8966 8971
7726 9900 7537
7906 9377 8569
8245 8911 8698
8858 9455 7623
9281 8722 8105
9457 7844 8472
8219 9382 8413
8705 9434 7889
8737 8439 8722
9684 7851 8103
7294 8901 9173
7460 9550 8497
7341 9918 7713
7809 7521 9545
8075 9538 8141
9757 8361 7409
7616 8743 9139
7970 9221 8553
9563 7784 8322
9621 7872 8247
7228 8546 9388
7379 8728 9351
7950 8448 9206
7962 9686 7903
8792 9483 7600
8953 7656 8982
9159 9097 7818
9653 8145 7817
7708 8790 9116
8431 7786 9133
6915 8230 9558
7372 9079 9071
8103 9297 8511
8759 9243 8108
9062 9106 7885
9490 7747 8446
7428 9143 9024
7501 9784 8098
8077 8544 9006
8482 8990 8628
8626 7605 9202
9632 8449 7675
9522 8704 7844
9598 7901 8226
8062 7719 9344
7779 8684 9098
7874 9384 8559
8981 7631 8976
9716 7792 8083
8581 7674 9152
9036 9324 7564
8887 9390 7611
9618 8231 7964
9710 7957 7825
9716 8528 7309
9758 8408 7398
7403 9173 9001
7508 9923 7556
7909 7349 9499
7405 8428 9337
8680 7915 9050
7469 9176 8917
7991 8181 9265
7753 9486 8448
8075 7292 9442
8987 9182 7796
9038 9286 7686
8601 7627 9095
9184 9238 7563
7779 9704 8204
8255 8654 8982
7891 8810 9040
8245 9559 7953
9462 8743 7737
9497 8897 7509
9698 7793 8049
7565 8356 9312
8271 7386 9385
8337 7557 9336
8529 9201 8329
8927 7623 9042
9128 7695 8833
8539 8735 8777
8941 8966 8290
8661 9308 8112
8411 7486 9291
9684 8564 7395
7168 8293 9505
7487 9524 8561
7615 9389 8621
7651 9905 7466
7681 9460 8548
8058 8759 9052
7637 9970 7367
8440 9393 8105
8933 7612 9042
9332 8419 8500
9319 8675 8069
9682 8148 7779
7990 7345 9475
9383 7967 8482
9277 9127 7608
9626 8056 8038
7543 9330 8822
7546 9578 8467
7151 7437 9733
7156 7328 9726
8245 8848 8928
8655 9526 7754
9119 7677 8890
9242 8084 8607
9507 7920 8320
9944 7578 7315
7454 10014 7312
7196 8415 9446
7753 9399 8572
7725 8979 8986
8677 8343 8843
8512 9331 8079
9000 7962 8765
8893 9432 7602
9185 7725 8803
9512 7673 8450
9463 7757 8544
9865 7790 7539
7149 8376 9509
7460 8831 9214
7917 9292 8604
7477 9762 8154
8992 8868 8273
9961 7594 7199
7624 9369 8704
9149 7894 8736
9091 7726 8834
9508 8257 8210
9721 8070 7681
7585 9487 8628
7809 7900 9371
7687 8562 9215
8937 9046 8185
9039 9042 8138
9218 8465 8473
9816 7842 7713
7407 8850 9172
7500 9358 8793
7934 9859 7540
8967 9112 8019
9174 8145 8730
9899 8014 7199
9929 7658 7436
7865 8488 9161
8016 9276 8537
8643 9542 7745
8689 8722 8570
9129 8923 8185
9421 7799 8588
9845 8187 7290
7247 8738 9290
7598 9998 7369
8572 7695 9106
8660 8420 8859
8543 7417 9218
8586 7471 9215
8675 7465 9162
8998 7659 8956
9229 9129 7601
9433 7613 8553
9706 8165 7679
9581 8720 7465
9520 8731 7558
7629 9461 8485
7580 7445 9615
8907 8425 8685
9229 9042 7906
9897 7793 7483
7454 9059 9055
7269 8110 9503
7339 8882 9178
8074 7182 9454
8583 7623 9143
8505 7478 9246
8880 8601 8650
9730 8250 7670
9427 7795 8521
9731 7939 7861
7500 9515 8549
7018 8085 9616
7482 8545 9272
8804 8997 8283
8535 9625 7533
9475 8029 8388
9464 7841 8515
9612 8598 7629
9553 8794 7448
9583 7843 8287
7222 8553 9393
7539 9410 8656
7423 10010 7391
8514 9307 8130
8645 8511 8738
8571 9537 7953
9174 7704 8809
9168 7774 8805
8957 7964 8865
9238 8787 8050
9807 7755 7894
7309 10038 7278
7508 9247 8903
6922 7653 9713
8851 9024 8186
9253 8211 8509
9576 8193 8142
9741 7796 8006
8253 8237 9077
7800 8877 9037
8306 9214 8422
8502 7490 9281
8632 8892 8666
8879 8456 8706
9024 7732 8942
9568 7719 8315
9774 8329 7447
9645 8686 7382
7431 9983 7563
6991 7698 9688
7866 7761 9421
8138 8512 9028
9179 9111 7763
8869 9401 7603
9068 7629 8912
9240 8637 8343
9488 8100 8287
9034 9276 7717
9254 7806 8663
9773 8333 7321
9688 7829 8084
9833 8189 7368
6942 7562 9718
7403 9917 7743
7526 9345 8824
7965 8661 9076
7824 7194 9546
7754 7630 9448
8577 8508 8835
8900 7711 8967
9514 8809 7545
9790 8289 7345
9923 7638 7444
9859 7864 7546
7445 9934 7611
8558 8576 8724
8489 9232 8283
8435 7433 9286
8986 8303 8695
9134 8481 8471
9292 8971 7869
9687 8595 7289
9670 7749 8112
9902 7769 7567
7666 9388 8666
7462 7260 9664
7777 9918 7413
9176 7815 8802
9419 8345 8169
9698 7885 8007
7882 9131 8767
8109 9716 7839
7688 9951 7311
8445 9208 8361
8745 8316 8721
9067 8010 8750
9357 8667 8134
7636 9428 8556
7409 8329 9434
7423 8056 9478
7505 8104 9454
7960 7529 9429
7503 9925 7556
8295 7985 9161
8929 8971 8286
9796 7832 7760
7433 9930 7680
7920 9323 8602
7821 9542 8356
8103 7385 9425
7542 8564 9233
7757 8701 9118
8527 9550 7870
8880 8458 8658
8562 9422 7980
8824 9467 7629
9419 8259 8374
9022 7675 8954
9555 7751 8408
9815 8251 7381
7274 8843 9226
7415 8886 9165
7141 8452 9486
7709 7173 9575
8508 7396 9240
8843 7841 8896
9277 8488 8303
9119 8946 8026
9554 8776 7513
9622 8691 7342
9656 7667 8175
7239 8615 9355
7256 8527 9403
7480 7596 9608
8322 9100 8645
8449 7677 9134
9330 9058 7584
7300 8918 9169
7242 8774 9286
7162 8138 9550
7431 9069 9075
8094 8877 8935
8671 8920 8482
8901 9260 7806
9639 8585 7474
9622 7907 8063
8090 9585 8121
8384 9469 8120
8398 9695 7476
8725 7859 8995
9081 8234 8719
7627 9752 8123
7331 8071 9511
8354 8428 9048
8276 7421 9377
8711 7654 9055
8666 8247 8905
8766 7577 9100
9540 7937 8243
9877 7756 7599
7303 8892 9193
7113 7784 9679
7456 9932 7564
7775 9382 8590
8486 8199 9034
8336 9740 7407
8466 7516 9255
9773 8290 7553
9692 7844 8011
7007 8186 9573
7464 8491 9328
7537 9326 8826
8894 8254 8880
9009 8830 8266
8945 7646 9008
9313 8916 7788
8961 9382 7539
9529 8226 8148
7739 9137 8910
8302 7385 9363
8607 8437 8886
8501 8935 8562
8897 9382 7640
9078 8739 8203
7195 8464 9434
7235 7420 9719
7778 7905 9381
8069 8931 8805
8465 8774 8731
8819 7790 8960
9089 8404 8558
9190 8992 7910
8933 7664 9032
9435 8318 8176
9277 8759 7995
9641 7955 7948
9800 8287 7413
7564 9558 8477
7453 7968 9477
8408 8811 8912
8648 7547 9171
9252 8022 8667
9791 8288 7391
7410 9175 8981
7444 9926 7651
7035 8050 9596
7893 7967 9309
7990 9071 8937
8104 8006 9178
8375 8457 8933
8413 9387 8167
8536 7374 9264
9018 9335 7673
7283 9087 9054
7439 9971 7507
7461 7622 9583
7792 9679 8177
7932 8746 9057
8230 8955 8746
8565 8039 9104
8606 8019 9027
8363 9716 7305
8926 8045 8893
9003 9299 7687
9341 8879 7791
9284 7777 8734
9340 7718 8659
9693 8580 7331
9459 8964 7491
9473 8872 7582
7536 9682 8323
8107 8596 8984
8649 8458 8854
9456 7959 8479
9532 8227 8117
9651 7808 8210
7499 9152 8958
7585 9514 8548
7522 9904 7805
7353 8733 9274
7597 9726 8185
7649 9902 7525
8042 8902 8977
8045 8495 9086
8045 9635 8064
9182 9206 7675
9462 8932 7542
7073 8476 9465
7439 9539 8527
7608 8594 9203
7804 8396 9209
8399 9416 8202
7856 9737 8128
8216 9645 7876
7892 9865 7458
8952 9258 7882
8811 9442 7647
7210 8244 9497
8095 7514 9403
8538 9283 8141
9222 7792 8766
7521 9150 8979
7643 8488 9277
7562 9965 7467
8157 9781 7627
9341 8841 7897
9484 7749 8510
7562 9884 7753
7941 7559 9389
7611 9908 7611
8710 7526 9149
8767 8969 8379
9125 7675 8844
7073 7499 9718
7237 7277 9712
7580 9565 8474
8560 7930 9123
8664 9494 7742
8887 9382 7732
9175 8716 8147
9025 9181 7848
9368 8858 7796
7502 8762 9258
7973 8671 9075
8544 8815 8707
9196 9091 7760
8970 9383 7538
8423 7690 9150
8831 7746 8985
9032 7593 8933
9747 8508 7300
9595 7785 8306
9844 7718 7719
7024 8210 9570
7366 9858 7947
7526 9866 7881
7551 9406 8771
7606 9151 8936
7644 8550 9243
7613 9837 7845
8427 7655 9161
8565 8108 8969
8509 8896 8637
9122 8520 8431
9185 7832 8766
9634 7755 8238
9838 7996 7444
7568 9661 8354
8373 9428 8169
8380 9699 7543
8578 8528 8720
9807 8262 7287
7220 8076 9573
7594 9390 8729
7388 9261 8891
7962 7136 9476
8346 9651 7682
8546 8609 8797
8916 8373 8628
8744 7524 9122
9098 7690 8883
7509 9323 8846
7972 7506 9425
8291 8069 9078
8013 8154 9185
9003 8603 8463
8624 9607 7638
9147 7873 8817
8844 7576 9102
9206 9156 7720
9449 8951 7564
9790 8001 7532
9552 8799 7523
8342 7737 9178
8063 8738 9011
8648 8835 8604
8442 9057 8500
8785 7664 9036
9352 8732 7985
9487 7727 8452
9667 7725 8124
7642 9830 7903
7264 7362 9697
7889 9260 8678
8298 7361 9364
8308 9237 8406
8512 9311 8142
8665 7493 9168
8684 7592 9159
8651 8944 8475
9116 9227 7730
8768 9492 7612
9391 9028 7634
7102 8078 9568
7831 8130 9304
7573 9913 7498
9133 8388 8501
9741 8304 7542
9790 7820 7857
7294 8036 9521
7388 7847 9529
7666 8344 9305
8068 9596 8244
7938 7421 9445
9474 8101 8397
9349 8096 8493
9356 8750 7961
9561 8740 7501
7163 8442 9456
7203 7797 9616
7736 8688 9141
7954 9211 8716
8004 9458 8327
8532 8139 8957
9064 9047 8124
8793 7649 9046
9166 8895 8090
9822 7771 7637
7491 9621 8411
7500 9856 7928
7321 9007 9136
7200 7402 9721
7864 8667 9092
8465 8475 8864
9637 8318 7838
9862 7934 7307
9768 7733 7937
7387 8885 9169
7428 9261 8884
7590 9864 7772
7421 8163 9447
7557 9921 7471
8768 8313 8788
9392 9014 7572
7347 9021 9135
7538 8484 9323
8164 8189 9117
8110 8995 8765
8187 7696 9295
8699 7499 9159
8788 7591 9094
9259 7835 8616
9509 8694 7911
9415 7884 8594
9604 8669 7814
9490 7739 8449
9763 8500 7383
9948 7677 7304
7891 9281 8645
8581 8456 8855
9560 8793 7431
9859 8039 7367
9950 7694 7297
7848 7852 9354
7207 10058 7147
8304 8674 8961
8200 9798 7447
8611 8093 9014
8177 7342 9416
8712 9330 7960
9050 7757 8924
9727 7945 7828
7162 7586 9672
7869 9093 8941
8068 9490 8248
9238 8423 8368
9556 7760 8404
8821 8058 8897
8671 7551 9160
9026 7675 8945
9520 8738 7555
7426 9020 9102
7770 7390 9548
8342 9640 7726
8541 8665 8788
8435 9349 8195
9061 8820 8341
9172 7846 8759
9251 8995 7782
9580 8719 7835
7257 7241 9705
8460 8327 9001
9700 8379 7609
9785 8312 7295
7244 8753 9343
7516 9875 7849
8071 9081 8780
8258 9738 7809
8730 9223 8178
9439 8315 8159
8863 9425 7650
9438 8772 7787
9584 7814 8263
6861 7705 9692
7326 10019 7322
7773 7261 9555
7949 8470 9207
8539 9668 7476
8779 8768 8507
9784 7783 7897
7555 9295 8817
7403 8965 9159
7530 9147 8974
7262 10049 7143
8155 7394 9407
8591 7597 9209
8879 8522 8669
9240 9157 7506
9738 8273 7644
7651 9270 8789
7316 7985 9527
8031 9431 8337
7736 9546 8378
7909 8802 9072
9148 7933 8740
9401 8780 7822
9948 7745 7152
9953 7705 7207
7492 9919 7698
7086 8599 9427
7537 9840 7952
7908 7378 9502
8544 8298 8951
9228 9184 7696
9540 7865 8398
9609 8703 7403
7193 8593 9408
7682 8923 9084
7750 9203 8861
7957 7412 9494
8284 8435 9026
8246 9350 8282
9253 7906 8622
9341 8408 8307
7069 8121 9580
7229 8818 9287
7531 9333 8781
7510 9598 8435
7819 8545 9156
8184 9682 8057
8272 7310 9379
9613 8394 7955
9483 7823 8456
9658 8650 7418
7473 9897 7831
7898 7259 9514
8072 7625 9308
8774 8627 8657
8573 9619 7486
9010 8094 8752
9439 8895 7599
9324 7698 8701
9723 8052 7679
7007 8172 9582
8235 9751 7836
7894 7722 9385
8690 8081 8886
9389 8386 8249
9211 9139 7719
9443 7859 8494
9786 8171 7419
9836 8138 7294
7413 9265 8882
7277 8897 9201
7385 9958 7606
7429 8984 9141
8021 7327 9444
8672 7725 9066
8542 9136 8470
8818 7643 9062
9147 9022 8021
9644 8682 7401
7525 7620 9541
8413 8345 9019
8921 8160 8778
8984 8499 8590
8983 9299 7803
8920 9394 7603
8828 7583 9082
7503 9958 7463
7504 8828 9117
7459 8800 9215
8065 8365 9059
7448 7913 9525
8748 9419 7817
7526 9036 9046
8296 9324 8407
8913 9223 7888
7418 9970 7447
8163 9571 7973
7657 7219 9598
9546 8123 8162
7434 9039 9051
7221 7717 9584
7132 8777 9280
8143 9588 7950
9635 8622 7496
7598 9918 7549
7553 9944 7459
8233 9718 7659
7507 7507 9569
8029 9560 8256
8549 9522 7764
8582 9599 7544
8479 7910 9072
7424 9175 8934
8239 9702 7613
7273 7342 9685
7766 9885 7683
8385 9339 8401
7751 9901 7512
8483 7940 9049
7324 8082 9506
8515 9603 7594
8705 9468 7769
7633 9750 8112
9224 9140 7597
7297 7321 9688
9633 8681 7388
9320 8492 8242
9786 8282 7295
8000 9833 7562
7221 10002 7393
7779 9882 7542
8629 9376 8092
7944 9238 8705
8103 9764 7580
7548 9902 7609
9617 8691 7428
8716 9441 7776
7553 7331 9616
9772 8305 7285
7299 8347 9475
9628 7652 8197
8646 9310 8085
7611 9763 8160
6860 7550 9729
7310 8368 9444
7608 9909 7535
8474 9448 8193
8688 9573 7437
8491 9398 8105
7393 9975 7421
8022 9710 7822
8480 9329 8197
7440 8996 9115
8082 9445 8396
7903 9757 7840
8209 9490 8184
8567 9508 7805
9368 8704 7945
7579 9126 8942
7324 8342 9434
7968 9247 8597
9236 9124 7667
7678 9216 8811
7485 8699 9263
7712 9263 8784
7645 9385 8742
8480 9402 8191
7566 7318 9609
7428 9989 7418
7079 8108 9604
8039 9770 7564
8675 9558 7519
7634 9679 8284
8446 9622 7619
7670 9728 8066
8409 9252 8463
9642 8348 7656
9694 7877 8080
7615 9763 8137
7443 8497 9355
7994 7364 9445
8797 9213 8082
8025 9228 8686
7390 9991 7319
8621 9340 8170
9793 7868 7720
6915 7701 9690
7721 9557 8522
8697 9299 8065
9645 8588 7464
7603 9651 8351
8127 9197 8669
7772 9277 8754
7286 7425 9661
9639 8664 7375
8059 9758 7583
9596 7828 8233
7577 9961 7437
7752 9595 8371
8253 8176 9146
8294 8212 9070
7485 7819 9556
7798 7384 9526
7778 9499 8451
9785 7830 7838
7355 9999 7339
7796 9867 7543
8193 9538 8273
7638 9125 8921
8485 7974 9044
7079 7762 9681
9344 8079 8485
8048 9360 8542
9647 7836 8163
7677 9338 8703
8811 9168 8072
9522 8733 7581
8706 9561 7483
9311 8695 7999
8179 9676 7698
9390 8283 8346
7282 10014 7342
7734 8740 9130
8121 9328 8553
8035 9486 8307
8244 8046 9155
9383 8970 7568
7446 9830 8081
7423 7623 9583
7806 9854 7627
8815 7760 8983
7113 10062 7085
8199 9721 7672
7359 10008 7324
8485 9655 7432
9951 7658 7300
7865 8166 9282
8051 7260 9454
9323 8711 7928
9781 8246 7370
7693 7532 9532
7259 7237 9710
8284 9628 7907
9822 7770 7682
7665 7377 9544
9827 8155 7293
7927 8060 9288
7677 9463 8619
7877 9505 8352
8088 8157 9163
9153 9107 7776
7772 9518 8450
8123 7972 9190
8697 9399 7983
8476 9656 7512
7123 7500 9705
7877 7445 9499
7274 9974 7559
7729 9867 7765
7932 8048 9284
7636 8175 9299
7490 9864 7999
9923 7813 7171
7678 9712 8255
7524 8783 9156
7630 9455 8668
7891 7418 9490
7933 9656 8217
7658 9453 8626
7935 9784 7669
7639 9932 7494
8160 9129 8702
8091 7949 9193
8170 9632 7888
9269 9137 7489
9886 7798 7418
7762 7384 9535
8130 8340 9059
9629 8219 7855
8030 7333 9490
8133 8909 8904
8028 8437 9040
8434 9425 8241
8791 9199 8220
8009 7788 9305
7473 9960 7569
7854 7302 9524
9691 8075 7820
7474 8465 9409
7947 9816 7584
6952 7521 9724
7661 9086 8898
7788 9880 7514
7984 9683 7995
7880 7322 9515
8424 9230 8418
9770 8345 7441
8881 7651 9040
9299 8710 8012
7824 9459 8548
7865 7338 9523
9260 8570 8286
9105 8943 8065
9056 9224 7833
9751 8072 7660
7599 7286 9624
9151 7757 8777
9768 7991 7602
7347 10016 7288
9328 9105 7538
7210 10041 7220
7807 7370 9534
7923 7276 9503
8242 7496 9375
7541 7942 9487
8066 7283 9448
9399 8889 7572
7022 7742 9688
7917 9484 8387
8405 7248 9323
7587 9716 8306
7311 8806 9276
7789 9891 7310
9732 8423 7485
9400 8400 8202
9612 8189 7869
8138 9565 8129
8022 7387 9438
8055 8314 9115
8668 9347 8025
8621 9610 7470
9638 8674 7453
8254 8941 8683
8827 9327 7916
8549 9610 7536
9125 9232 7674
8193 7848 9256
8836 9239 8047
8984 9115 8231
9932 7775 7287
7514 9263 8892
7740 8452 9226
7836 9801 7855
9797 8248 7323
7670 9439 8641
7870 9795 7708
9353 9041 7544
9921 7737 7576
7637 7974 9393
7869 8217 9206
8024 8335 9072
9462 8871 7658
8038 9600 8191
8580 9489 7937
7582 7222 9635
8441 8405 8938
9391 9007 7545
7690 9534 8578
8955 9128 8045
9582 8771 7447
9666 8556 7469
7573 9703 8343
7538 9984 7391
7862 9879 7468
8560 9216 8314
9547 8801 7481
8344 9110 8555
9668 7945 7939
9528 8778 7494
7266 8489 9427
7829 7399 9512
8273 9403 8310
8904 9417 7569
9663 7887 8001
8558 9287 8326
9805 7828 7713
7967 8138 9258
9337 8946 7644
9525 8764 7563
9743 8183 7766
7246 9001 9115
8924 9331 7676
9706 7757 8045
8369 7369 9354
9902 8030 7346
9925 7638 7453
7398 9972 7464
8460 9209 8473
9196 8897 7979
9527 8591 7625
9645 8654 7430
7001 7898 9661
7643 9853 7870
8106 9673 7832
8149 7367 9407
8012 8599 9004
8470 9101 8509
8702 9050 8446
9264 8344 8403
9428 8475 8137
9619 8183 7870
7335 10001 7539
7560 9756 8233
7581 9363 8763
8248 7675 9264
8569 9625 7455
9665 8035 7890
7844 7373 9526
7994 8367 9132
7948 9857 7449
8516 9647 7465
8328 9526 8107
9192 8875 8203
7341 9992 7391
8548 9650 7462
7893 9564 8276
9439 8324 8103
9540 8190 8126
7804 8393 9264
8617 9427 7846
7235 8444 9499
9489 8360 8071
9436 8436 8083
6975 7976 9635
9407 7726 8549
9280 9086 7584
7242 8469 9453
7575 9881 7786
9555 8821 7467
9798 8234 7327
7643 9721 8202
7788 9912 7288
9442 8934 7495
9891 7792 7519
9219 9201 7515
9568 8078 8094
9826 7766 7762
8613 9182 8238
9582 8740 7502
7610 9884 7690
8700 9386 8018
9214 8147 8513
8454 9595 7759
7829 7244 9534
9913 7787 7390
8203 9298 8463
8042 9844 7318
9273 9119 7527
7582 7842 9480
8024 9381 8398
9169 9129 7675
7375 7239 9686
7460 8131 9444
8209 7813 9218
8488 9434 8160
9112 9035 8011
7263 8659 9381
8093 8028 9166
8029 9840 7335
9382 8956 7575
9769 7929 7629
7663 8034 9355
8135 9584 8082
8658 9299 8223
8963 7585 8990
8938 7914 8893
9922 7727 7414
7532 8648 9266
7278 8146 9582
8400 7914 9156
8405 8528 8869
9505 8855 7512
9833 7755 7714
6931 8053 9633
9867 8057 7291
7689 9684 8254
7406 9210 8905
8056 7670 9343
8176 9675 7779
9370 9000 7587
9454 8977 7410
7869 9814 7663
8986 9031 8103
9269 9115 7544
7589 7355 9574
9297 9134 7504
7622 9215 8893
7347 8851 9243
8636 8935 8578
7009 7517 9729
7842 8030 9339
8651 8681 8701
9359 9009 7573
7100 7413 9734
7622 8074 9392
8828 9475 7671
9093 9216 7687
9634 8156 7790
7116 7721 9652
7645 7489 9539
9608 8738 7410
7932 8024 9290
9175 9229 7519
7877 9131 8756
7951 9781 7631
8222 7879 9194
9642 7991 7901
6912 7975 9641
8237 9554 8163
8217 7667 9292
9122 9097 7800
9169 9108 7716
9796 7825 7772
7159 7823 9605
8480 9189 8388
7449 9972 7405
9344 9088 7523
9691 8561 7441
7255 7341 9691
7891 7320 9517
8684 8690 8620
8478 8863 8627
9265 9091 7772
9623 7698 8174
9592 8084 7882
7905 9699 7919
8193 8815 8887
9493 8326 8080
8412 9690 7571
7693 8960 9017
8664 9421 7878
9289 8774 8218
9221 9193 7526
9775 8301 7305
8601 7471 9245
8701 8728 8571
8960 9403 7531
9092 9309 7633
9931 7617 7473
7873 7327 9504
8255 7404 9393
8055 8071 9197
9224 8477 8413
9716 8057 7834
7720 9445 8561
9128 7842 8749
9191 9218 7459
8421 9700 7437
9411 9008 7409
8275 7464 9375
9318 8965 7743
9631 8263 7807
9603 8008 8088
7628 8037 9424
9337 8127 8526
9750 8375 7471
9691 8356 7540
7049 7497 9713
9039 8826 8314
9101 9179 7983
9229 8132 8608
7366 7566 9641
7556 8469 9309
8684 9450 7835
9767 8410 7347
9146 9157 7698
9642 8622 7473
7657 7288 9597
9333 8378 8298
7214 8226 9534
7209 7821 9598
7718 7529 9503
8372 9017 8651
7877 9707 7857
7578 7389 9592
8126 9769 7527
8538 8533 8796
9152 9272 7539
8102 7422 9413
7832 7980 9389
8548 8850 8638
9052 9009 8030
8575 9499 7790
6985 7863 9671
7513 7411 9581
7904 9807 7637
8528 9342 8125
7554 9877 7889
7703 8015 9382
7932 9871 7444
8515 8311 8964
9771 8278 7415
9784 8175 7407
9688 8539 7506
8977 9394 7519
7543 9898 7890
8319 9695 7599
9564 8100 7936
9553 8833 7459
9665 8600 7404
9661 8639 7448
9701 7765 8027
7581 9332 8764
7327 10033 7286
7858 8789 9006
8377 8709 8951
9122 8965 8003
8856 9426 7633
9510 8801 7531
7351 8483 9430
7672 7241 9594
9609 8743 7405
8188 9361 8389
8469 9657 7523
7156 7908 9583
7995 7679 9360
7927 8007 9333
8416 9670 7484
9221 9127 7702
7274 8409 9462
7649 9802 8070
8086 7772 9308
8055 9763 7645
9409 8857 7726
7427 8101 9461
7800 9660 8198
8490 9515 7877
9723 7991 7803
7697 9839 7887
9200 9142 7641
9611 8629 7467
9847 8021 7405
7817 7584 9461
7896 9872 7524
8451 9000 8658
8696 8751 8574
8514 9615 7547
9509 8900 7446
8683 8483 8755
7679 9832 7907
8487 7421 9290
8555 9627 7402
9373 8902 7733
9852 7991 7350
7542 9586 8485
7698 9669 8138
8003 9863 7426
7895 9884 7409
8591 9593 7678
7755 9402 8668
8202 8283 9120
8960 8930 8321
8785 7507 9091
9501 8895 7509
9781 8247 7363
7246 7649 9615
9517 8894 7416
9534 8845 7420
9890 7795 7426
7759 9519 8458
8521 9457 7946
7280 8626 9416
8312 7446 9363
9780 8263 7321
6885 7699 9697
7464 7320 9670
7145 8647 9385
7411 7485 9647
7885 9742 7849
7638 8088 9353
9251 7841 8667
9539 8761 7572
7305 9108 9057
8912 8561 8555
9774 8222 7452
7851 9800 7763
7898 8064 9299
8523 9636 7532
7624 7284 9625
9577 8297 7757
7611 9746 8230
8498 8232 9021
8718 9440 7752
9013 7970 8797
9536 8342 7992
8590 8992 8607
8537 8892 8621
8806 8935 8439
7008 8034 9631
7266 8468 9436
7564 8416 9301
8087 9665 8119
9282 9053 7733
9457 8626 7997
9489 7730 8450
7017 8247 9566
9082 8308 8603
9121 8888 8190
9360 8892 7853
7674 9563 8482
8654 9453 7807
9346 7646 8686
9793 8252 7351
7280 8868 9253
8080 9593 8195
8700 9094 8281
8979 8843 8474
9837 8130 7214
7697 9509 8549
7454 9164 8970
7664 7630 9532
7550 7365 9601
9300 8908 7839
9279 9073 7595
8020 9296 8559
9347 8851 7880
9000 9362 7536
9355 8921 7697
7265 8413 9481
7520 7808 9514
8369 8734 8829
8568 7519 9226
8811 7529 9069
7669 9442 8687
7151 7231 9725
8000 9609 8208
9219 8988 7841
9483 8920 7490
7262 8906 9194
7960 9566 8214
9047 9006 8048
9068 8555 8447
7635 7697 9566
9051 8959 8212
9322 8910 7699
9133 9254 7583
9948 7661 7334
9958 7591 7192
7440 8834 9269
7867 8986 8933
7950 9266 8695
8677 9155 8455
7379 8480 9425
7858 9421 8524
8176 9254 8481
8139 9816 7425
9117 7664 8877
9543 8353 7883
9657 7979 7932
9835 8100 7461
8074 9379 8424
8314 9701 7603
9314 8791 7921
9278 8939 7753
9415 8410 8166
9145 9216 7635
9606 8726 7466
7501 7525 9568
8021 9477 8489
8838 8682 8590
9026 9343 7477
9325 8462 8303
9383 9013 7563
9188 7678 8825
9890 7629 7578
7819 8408 9207
7544 9953 7459
8154 9803 7332
8682 9257 8167
9935 7631 7434
7402 9169 8946
7203 7559 9671
8241 8496 9019
8795 7499 9097
8266 9422 8337
8365 9675 7594
7975 9848 7515
8741 9527 7685
9153 7917 8725
9769 8121 7595
7616 9658 8343
7294 7400 9683
7365 9993 7317
8517 7520 9280
9508 7989 8346
9390 9049 7488
7290 8970 9141
8059 7328 9443
8453 9658 7592
9366 8886 7875
7981 9779 7797
8193 7860 9215
8221 7501 9355
9255 8365 8389
9375 8476 8073
9653 7827 8149
9570 8364 7745
9938 7635 7409
7942 8935 8885
7894 8023 9300
8169 7877 9209
8991 8629 8488
8663 7620 9160
7626 9121 8935
7781 9919 7303
7265 8486 9430
7170 7689 9656
8165 9768 7555
8261 7274 9380
8352 8430 9034
9714 8132 7806
7891 9383 8657
8073 7292 9447
8215 8214 9083
8700 8951 8471
7921 9880 7376
8871 8145 8850
8946 8506 8688
7249 10023 7336
7472 7162 9659
7514 8227 9409
8005 9886 7354
7649 9129 8909
8342 9760 7428
9441 8298 8100
9489 8728 7735
7328 9989 7546
7705 9589 8448
7694 8414 9284
7232 10050 7205
8125 8969 8712
8650 8918 8575
8477 9096 8513
9227 7740 8777
7197 8506 9465
7387 9006 9090
7946 7576 9426
8206 7257 9423
8694 7542 9150
9337 7869 8584
9592 8713 7504
7314 10017 7321
8085 8060 9172
9617 7935 8180
9698 8520 7413
6994 7778 9687
7771 9834 7705
7568 9487 8600
7321 7675 9589
7569 7407 9586
8758 8592 8723
8692 8744 8599
8384 8555 8872
7407 9101 9048
7597 9226 8862
7665 9729 8033
8793 7761 8983
9495 8588 7994
9657 7936 8132
7646 9019 9054
8579 8489 8807
9218 8552 8430
8865 9438 7628
9747 8410 7434
7244 8498 9437
8681 9083 8290
9860 8078 7278
7413 8930 9172
7444 9965 7612
8011 9488 8320
8391 7927 9112
8566 9605 7559
8962 8636 8534
8789 9043 8437
9826 7943 7508
9621 8371 7519
7354 9124 9003
7562 7289 9639
7563 9939 7442
8380 9738 7368
9046 8340 8642
9380 9014 7552
7430 9112 9024
8047 7473 9420
9372 9059 7530
7187 10032 7312
7475 9165 8920
8039 7328 9457
8362 7519 9300
8581 9610 7522
8769 7570 9099
8966 7864 8912
9577 8198 7890
9692 7883 7975
6967 7930 9671
8404 7483 9302
8104 9364 8419
8491 9321 8234
9097 8619 8392
8361 9251 8501
7895 9882 7412
8209 7689 9262
8393 9727 7585
9820 8225 7363
7354 8655 9380
7070 7785 9675
7701 9291 8759
7728 7360 9549
8173 9766 7498
9739 8455 7432
7546 9283 8839
7992 8433 9161
8166 7464 9399
8485 7527 9242
9109 7635 8894
9589 8763 7381
7695 9415 8607
7240 8573 9453
7558 8221 9317
7347 9998 7388
8325 7411 9368
8439 8364 8988
8440 9603 7843
8876 8535 8680
9418 8713 7867
7623 9480 8598
7754 9286 8756
7337 8065 9535
7491 8791 9188
7964 9511 8351
7964 9221 8693
8459 8678 8801
8642 9091 8480
8996 7784 8966
9507 8650 7821
9505 8885 7470
7131 8314 9537
8557 8675 8776
8861 8388 8730
8638 7567 9173
9058 7701 8939
9408 8597 8063
7140 10051 7138
9157 9220 7620
7334 9027 9111
7268 8715 9335
7813 7360 9535
9306 9024 7584
9458 8723 7799
7561 7382 9599
8395 8637 8857
9307 8709 8096
9536 8828 7488
7567 7357 9599
8762 9520 7719
8780 9477 7726
7255 8397 9482
9745 8265 7620
9015 7733 8855
7657 9405 8722
7617 9796 8087
8904 8759 8514
8948 7646 8999
9663 7771 8133
7439 8699 9289
9187 8988 7902
9132 7744 8815
9771 7870 7853
7922 7795 9356
7875 7535 9494
8672 8798 8647
8563 9635 7314
8856 7633 9047
9294 8480 8333
9575 8782 7492
7835 9530 8407
7895 9658 8152
7648 7264 9598
8373 9458 8138
9373 9032 7562
9707 8557 7393
7486 8875 9155
7389 9980 7498
7579 8869 9064
8827 9158 8065
8287 7514 9353
9524 8621 7837
9374 9052 7539
7248 10036 7223
8630 9000 8569
8475 9611 7669
9012 7736 8954
9357 8603 8193
9573 8821 7452
7540 9807 8154
7799 9595 8325
7802 7348 9587
8484 8422 8918
9241 8875 7925
8770 7441 9101
9424 8269 8401
9296 8815 8053
9246 8015 8600
7289 8735 9331
7518 9146 8962
8142 8531 9038
7938 9606 8233
7867 8566 9128
8347 7475 9330
8582 9483 7833
8442 7461 9317
9128 8120 8708
7366 8859 9239
7344 8762 9300
7768 7885 9432
7546 8234 9382
8242 8454 8966
8778 7916 8950
9712 8484 7408
7259 8263 9518
9213 8831 7985
9198 7729 8787
9954 7606 7208
7417 8914 9139
8212 9571 7971
7910 9871 7458
8477 8861 8725
8735 8695 8598
8960 8405 8642
8290 7493 9347
7846 7385 9505
8059 7697 9342
8848 8682 8572
8880 9257 7851
9615 8692 7430
7463 7344 9639
8011 9314 8570
8596 9580 7733
7361 7412 9654
8613 7634 9165
8804 8950 8560
8608 8888 8600
9186 8507 8465
9236 8683 8295
9393 8295 8235
9953 7652 7196
7511 9266 8852
8797 7681 9067
9078 9181 7779
9818 7800 7806
7560 9909 7571
7326 8616 9389
7221 10008 7354
7646 9829 7987
7934 9081 8773
8720 9296 8162
8817 9304 7996
8845 8836 8479
8737 9330 7974
9713 8346 7702
9786 7840 7804
9721 8462 7352
9855 7679 7730
7346 8865 9239
7560 8387 9313
7698 9919 7430
8537 7492 9269
7112 7601 9697
7442 7301 9676
8127 9736 7665
9388 7862 8614
7194 8645 9419
7917 9025 8888
8265 8135 9141
8537 9646 7463
8518 9671 7424
9417 8152 8484
9750 7977 7694
7511 9913 7707
7360 7846 9534
8181 9802 7478
7718 9667 8229
7970 8889 8960
8618 9414 8081
7590 9621 8433
7640 9465 8618
7571 9823 8148
8276 8223 9054
8959 9289 7846
9529 8773 7494
9848 8119 7363
7377 8605 9357
7851 8817 9005
8649 8032 9004
8603 9427 7973
8948 7872 8859
9326 8292 8470
9386 8848 7752
7552 9878 7993
7257 10007 7355
8080 7342 9423
8119 9566 8155
8071 8946 8863
8593 8487 8819
8080 7285 9432
9282 8889 7859
9926 7776 7285
7437 9195 8922
7566 9772 8203
7931 9239 8713
9082 8798 8291
9009 8948 8240
8387 9271 8476
8155 7369 9406
8986 8557 8628
9297 7957 8552
9343 8356 8347
9512 8616 7848
9855 7942 7449
7517 8488 9387
7678 9894 7540
7968 7465 9484
9639 7893 8172
7959 7993 9328
7702 7777 9483
8102 9839 7558
8676 9403 7938
8933 8084 8915
9758 8282 7467
9420 8991 7506
7345 7342 9682
7706 9065 8978
8864 9379 7805
9436 7982 8421
8071 8214 9125
8568 8710 8739
8650 7540 9161
7848 7777 9453
8049 9703 7826
8719 9541 7625
9110 8258 8657
9285 7814 8713
9598 8351 7727
9602 8277 7709
9416 7599 8550
9635 8663 7462
7386 8525 9368
8155 9495 8282
7833 9668 8041
9281 8002 8531
9386 8813 7892
7684 9432 8630
7441 7575 9585
8675 8137 8879
9124 8292 8507
9331 7845 8664
9712 7685 8047
7621 9347 8756
8095 8967 8752
8007 9745 7727
8381 7473 9343
8906 9344 7682
9095 7776 8852
9154 7820 8728
9935 7820 7161
7588 9869 7918
7448 8149 9457
8087 9363 8463
7574 7278 9640
8498 9589 7741
9252 7906 8626
9410 7666 8555
6901 7545 9729
7960 7561 9414
7951 9235 8687
9079 8505 8489
9167 8466 8498
7270 7407 9679
7861 9728 8010
8156 9198 8584
8478 9561 7875
9111 8001 8733
9025 7686 8965
9085 7637 8882
9293 8303 8433
9823 7699 7794
7195 8174 9567
8259 7779 9249
9364 8591 8232
9345 7776 8628
9663 7901 7976
7222 8424 9501
7888 8069 9324
7838 8713 9172
7861 9519 8332
8903 7897 8926
9441 8464 8000
7429 9114 8980
7662 8382 9296
8283 9569 7991
8503 9610 7571
9144 9242 7618
9182 7638 8843
9406 7695 8560
9746 8448 7348
7475 8065 9478
7828 7283 9548
8311 9289 8402
8418 9568 8079
8430 8465 8887
8804 9081 8392
9033 8265 8753
7469 8053 9506
7379 9176 9000
8274 8737 8897
8090 7329 9424
8673 9544 7702
8828 8277 8774
9087 9221 7738
9421 8048 8405
9521 8630 7635
7482 8794 9197
8530 9660 7375
8989 8822 8453
9273 7822 8700
9509 7835 8441
9759 7626 8013
7206 8772 9348
7462 9087 9050
7525 9825 8103
8042 7983 9282
7850 8806 9071
8139 8922 8747
8436 7563 9274
9142 8553 8473
9185 9175 7545
9437 8454 8068
9368 7882 8576
9659 7819 8125
7423 8556 9313
8002 8681 9123
8003 7926 9290
8277 9507 8166
9512 8659 7622
7068 8192 9594
7552 9673 8391
8311 7476 9346
8658 8008 8958
8711 9435 7786
8933 7672 9024
9678 8358 7520
8008 7373 9440
8232 9629 7861
8527 8355 8952
8553 9597 7614
9172 7757 8764
9224 7799 8744
9533 8864 7479
7059 8194 9565
7216 8279 9505
7438 9241 8898
7853 9848 7645
7654 9968 7423
9619 7810 8243
9696 7784 8050
7154 7960 9645
7750 9949 7282
8248 9393 8365
8633 9510 7779
9279 7710 8752
7172 8591 9430
7333 8705 9380
7462 9977 7393
7715 8811 9023
8354 7437 9350
8271 9184 8633
8903 7674 9037
8718 7686 9047
9112 9296 7560
9283 9030 7703
9345 8027 8515
9601 8758 7433
8815 7501 9076
9269 8800 8091
7403 8662 9352
7413 8194 9445
7889 7798 9411
7933 8478 9200
8121 7560 9407
8688 8978 8513
8360 9037 8641
9315 9108 7582
9335 7787 8664
9454 8092 8331
7294 8011 9559
8052 9035 8781
7990 9713 7809
8285 9101 8642
8334 9674 7718
8168 7423 9384
8741 9488 7724
9121 8346 8501
9072 8715 8405
9592 8009 7901
7568 9655 8363
7648 9666 8328
7718 8801 9080
8323 9099 8572
8211 9764 7513
8533 7544 9236
8860 8176 8822
9082 8591 8393
9230 8946 7957
9505 8784 7581
7811 8947 8981
7593 9259 8897
8527 8586 8784
8801 9265 8025
8712 7979 9032
9157 7728 8830
9666 7739 8149
9600 7942 8228
7540 9642 8422
7571 9746 8243
7531 9674 8374
7577 8088 9431
8081 9264 8567
8553 7568 9195
8722 9530 7506
9533 7877 8405
9705 7802 8002
9713 8550 7405
9627 8716 7409
7572 9314 8831
7667 9384 8727
8000 8733 9009
7758 9923 7374
8484 9314 8242
8945 8050 8779
9236 9151 7560
7630 7953 9411
7809 7291 9548
8485 7793 9116
8633 7607 9184
9299 8787 7995
8893 9440 7554
9761 7927 7974
7567 9608 8457
7694 9920 7479
7912 9838 7635
8380 9666 7703
8320 9745 7565
8884 7952 8923
9114 8184 8674
9089 8405 8586
7945 7556 9428
8732 8208 8865
8298 9757 7507
9947 7542 7368
7083 8179 9583
7815 7757 9455
7816 8319 9274
8002 7459 9422
8322 7992 9164
8331 9018 8662
8742 7446 9134
9151 7718 8856
9239 8767 8237
9069 7708 8914
9436 7747 8539
9733 8470 7348
8188 7405 9405
9064 7902 8761
9516 7885 8402
9583 8528 7735
9919 7817 7286
7128 10037 7279
7120 8076 9592
7452 9831 8066
8763 9112 8256
7462 7514 9592
7894 7853 9399
7987 9694 7971
8169 8760 8938
8418 9044 8565
9308 8643 8229
9225 7911 8630
9951 7678 7265
7455 9150 8941
7451 9270 8850
7391 8961 9166
7795 9885 7372
8417 7474 9292
8836 8329 8765
9222 9167 7585
9240 7781 8720
9760 8391 7453
9926 7717 7376
8108 9433 8351
7860 9890 7312
8756 9310 7937
8555 7762 9134
9145 7774 8746
8238 8920 8817
8506 9516 7852
8210 7593 9355
8869 7873 8959
9140 9208 7682
7774 8542 9212
8305 9276 8409
8958 8941 8311
8041 9201 8597
8192 7358 9413
8548 9628 7533
9464 8905 7546
9802 7814 7818
7655 9607 8442
7792 9691 8016
8532 7689 9156
8330 8893 8681
8014 9852 7205
8911 8642 8589
9366 8448 8152
7630 9641 8376
7763 9049 8947
7919 7820 9398
7949 7473 9484
8477 7541 9246
8751 8394 8842
8423 7586 9290
9307 7742 8732
7152 8291 9556
7597 9782 8114
7371 7510 9611
8120 9823 7402
8379 8365 8979
8875 9466 7551
8597 9598 7532
9417 7788 8545
8165 8720 8987
8500 7687 9169
8736 7551 9138
8633 7907 9065
9030 9323 7723
9199 8077 8658
9593 7734 8248
7616 9323 8809
7257 8464 9475
7374 7366 9668
7712 8688 9231
8065 9163 8714
8334 8430 9041
8587 8064 9041
8749 7636 9120
9130 8785 8388
9181 9096 7819
7601 8031 9470
7893 9372 8547
8823 8267 8845
8829 9412 7742
8813 8479 8750
9295 7916 8581
9569 7898 8302
9656 8601 7463
9940 7708 7191
7295 8614 9398
7562 8429 9279
7853 8881 9003
8283 9385 8388
9209 7934 8639
9151 8820 8251
9607 8649 7570
7280 8762 9331
7836 9240 8772
7818 8085 9311
8286 9378 8306
8727 7989 8921
8726 7511 9164
8908 9144 8085
9114 9008 8011
7653 9279 8776
7446 9905 7837
8121 7336 9422
8782 8278 8838
8868 9203 7966
9131 9246 7631
9049 9335 7674
9478 7945 8499
9473 8835 7738
9802 8232 7302
9772 7705 7923
9786 7803 7874
7552 9148 8920
7336 7833 9548
8231 9484 8196
8670 7439 9197
9341 8642 8215
9554 8787 7469
9580 7856 8312
7503 8854 9108
7401 8969 9129
7673 9474 8617
7771 9821 7857
8340 9740 7470
8392 7316 9341
8195 7838 9208
8600 7472 9243
9164 9075 7946
9146 9172 7650
9387 8687 7919
9791 7714 7852
7328 10031 7212
7892 8705 9012
8498 9555 7781
8969 8021 8757
9436 7881 8520
7072 7440 9745
7380 8071 9520
7429 10019 7214
7686 9963 7348
8434 9662 7574
8756 8360 8773
9049 9185 7888
9632 8207 7856
7070 8129 9598
7281 8986 9143
7548 9915 7600
8042 7367 9434
8467 8872 8737
8620 9346 8124
9365 7896 8526
9332 8669 8169
9395 9045 7494
7729 9289 8764
7572 9788 8199
7780 9822 7684
7988 8471 9205
8047 9707 7773
7960 7744 9335
8125 8803 8919
8794 7647 9090
8968 7971 8805
7765 9913 7387
7968 7330 9501
8002 7983 9302
8466 8178 9075
8806 8105 8882
8889 9214 7940
9240 8335 8502
9194 9204 7455
7408 8761 9330
7526 8833 9094
7813 9675 8037
8665 8476 8857
8588 9204 8386
8083 9436 8366
9290 8507 8340
9383 8895 7674
9250 9172 7549
7153 8477 9485
7619 9306 8785
7857 7920 9348
7632 9989 7385
8456 8878 8824
8687 9031 8463
9113 9253 7611
9023 8487 8566
9068 9319 7652
7124 7403 9730
8004 8404 9118
8638 7978 9036
8795 8705 8587
8952 9406 7649
9248 7962 8587
9445 7792 8526
9907 7741 7405
7503 7507 9572
7615 9728 8244
7362 10012 7257
7958 8962 8830
8570 8304 8888
8698 9398 7824
8640 8100 8910
8908 9026 8396
8703 9377 7866
9359 7974 8505
9939 7760 7116
7248 8290 9502
7330 8623 9382
7261 10042 7192
7321 8545 9422
7701 9938 7333
7986 7397 9500
8434 9647 7848
8564 8257 8982
8532 9042 8587
9135 8641 8385
9214 7702 8807
9481 8081 8366
9687 7720 8103
9911 7841 7176
7576 9326 8804
7268 8763 9298
7949 8481 9136
7687 9951 7335
8009 9599 8209
8035 7313 9463
8476 7577 9190
8825 9435 7762
8814 7664 9060
9540 7838 8420
6997 7657 9717
7071 8115 9629
7475 9123 8968
7767 9868 7559
8953 9402 7641
9129 7626 8899
9574 8065 8168
9395 9002 7558
8013 7458 9434
8758 9213 8189
8849 7749 8981
8878 9363 7713
9057 8223 8704
8707 9548 7565
9170 9253 7571
9523 8373 7892
9584 7943 8109
7061 7669 9700
7972 7499 9425
8417 9586 7908
8668 9592 7613
8630 7457 9193
9135 7616 8873
9281 7731 8747
9377 8893 7816
9205 9195 7543
9483 7908 8421
9742 8441 7368
7412 8939 9182
7423 8517 9346
7521 7338 9648
8575 8688 8746
8495 9644 7567
9170 8173 8577
9231 9190 7537
9168 8105 8615
7156 7864 9626
7675 9697 8259
7445 10035 7198
8464 7900 9113
9456 8962 7480
7063 7781 9682
7059 7632 9710
8696 9502 7740
9320 8399 8326
9843 7936 7480
9778 7710 7879
7651 9405 8725
8159 8296 9056
9390 8635 7941
7605 9662 8339
7500 7463 9620
7834 7955 9386
7791 9399 8697
7691 9944 7333
9048 8888 8304
9013 9323 7810
9045 8009 8717
8559 9614 7497
9692 7957 7933
9659 7891 8112
7258 7305 9705
7490 7382 9627
7870 8770 9056
8507 8807 8648
8412 8045 9085
8771 9505 7552
9372 8878 7819
9618 8622 7552
7430 8891 9227
7142 7356 9741
7495 8936 9121
7742 9670 8106
7592 7958 9471
8916 9338 7704
8912 7712 9025
9077 7895 8847
9252 8629 8244
8837 9422 7645
9946 7738 7151
7190 8385 9531
8358 7842 9206
8878 9376 7660
8987 9377 7609
9227 7762 8763
9420 8987 7511
9542 7835 8322
9576 7778 8314
9633 8625 7469
9766 7787 7903
7540 9576 8509
7115 7553 9682
7218 7435 9719
7852 9214 8847
8551 7545 9226
8828 7746 9044
9044 9247 7729
9449 8289 8176
9416 8593 8060
9568 8662 7538
9885 7887 7679
7370 9120 9004
7101 7650 9691
7836 8998 8921
7240 7481 9684
8237 9791 7428
9179 8484 8490
9616 7917 8230
9563 8335 7946
9719 8274 7600
9584 7925 8287
7528 9110 8990
7205 8256 9550
7409 8727 9329
7204 7526 9658
7811 9896 7195
7749 9933 7409
8355 8365 8992
8832 7618 9064
9079 7819 8842
9282 8527 8348
9389 7753 8569
9922 7881 7132
7358 9019 9081
7141 7509 9675
7589 9779 8130
7616 8779 9188
7789 9814 7789
8789 8287 8794
9485 8804 7565
9940 7690 7336
7677 9505 8579
7672 9155 8861
7379 8526 9353
7546 8820 9107
7881 9627 8245
9037 8532 8506
9070 9337 7570
8978 7708 8983
9621 7830 8224
7237 8574 9432
7498 8995 9082
8627 7910 9046
8571 9506 7870
8832 9414 7720
9800 7725 7824
7187 7605 9639
7777 9808 7889
7931 7389 9502
8199 9740 7610
8501 7571 9211
8660 8786 8687
8718 9294 8165
8459 9661 7455
8674 7658 9084
8929 9341 7651
9352 7762 8636
7239 8422 9492
7468 9943 7745
7431 9097 9080
7540 9722 8321
7636 9188 8850
7604 9640 8398
7622 9742 8115
7699 9695 8131
8278 7734 9209
7894 9363 8620
8457 9454 8173
8148 9683 7831
8457 9608 7683
8865 9225 7971
9213 8955 7864
9764 8132 7564
7574 9814 8083
7547 9207 8918
7242 7672 9609
8721 9494 7729
8851 8616 8635
9212 8864 8059
9445 7875 8502
9543 7838 8313
9900 7782 7392
9774 8285 7307
9954 7621 7199
7495 9921 7779
7151 7493 9720
7642 9857 8059
7545 9903 7862
8280 7321 9375
8320 7979 9176
8751 7543 9123
8621 8608 8754
8621 7394 9224
8478 9683 7417
9151 7826 8729
9288 8395 8374
9812 8086 7532
9689 8571 7441
7559 8959 9069
7519 8151 9438
8426 7841 9114
8342 8790 8892
8428 8497 8825
8401 9695 7469
9270 8331 8407
9926 7794 7184
7371 8896 9217
6942 7500 9731
9083 8983 8109
9587 8379 7662
7530 9231 8898
7007 8197 9569
7645 9174 8853
8552 7458 9266
8553 9057 8562
8766 7972 8985
9225 7868 8656
9382 7824 8627
9303 7707 8743
7749 9536 8542
7718 8656 9237
8801 9342 7886
9041 8581 8421
9607 8709 7427
9710 7798 7991
7589 9704 8258
7282 8070 9556
7379 8966 9141
7729 9629 8402
8567 7850 9109
8069 8740 8999
8192 9239 8568
8651 7683 9102
9232 9174 7509
9553 7816 8377
7408 9954 7671
7969 7540 9472
8177 7278 9428
8273 8114 9154
8976 7633 8989
9008 8518 8522
9156 8060 8702
9079 7581 8933
9104 7704 8873
9583 8533 7708
7779 7708 9458
8205 8508 8953
8300 9023 8656
8386 9590 7932
8492 8842 8747
8828 7641 9062
8884 8667 8618
8935 9252 7885
8878 9474 7544
9196 7751 8790
9527 8244 8299
9512 8880 7440
6964 7804 9676
8088 7272 9437
9416 8980 7512
9562 8021 8257
7221 8904 9213
7139 7973 9607
7206 8488 9459
7361 8256 9437
8347 8803 8874
7878 9704 7922
8131 7625 9376
8318 7650 9308
8368 8082 9150
8523 9304 8257
9291 8985 7596
7064 7780 9676
7684 9588 8473
7534 9951 7662
7409 9154 8995
7390 8241 9498
7642 7326 9601
8633 8213 8870
8850 8559 8688
9177 7677 8854
9390 8408 8285
9450 8776 7864
7668 9605 8447
7665 9876 7782
7944 9557 8302
8282 9144 8504
9593 8246 7825
9444 8819 7743
7458 7397 9632
7645 7303 9598
7477 7684 9539
7630 7336 9597
7589 7609 9498
7068 7549 9654
7957 7428 9493
9834 7891 7524
7604 7406 9544
9745 8503 7473
9758 8086 7729
9368 8901 7666
7711 9950 7476
8642 8407 8834
7679 7252 9576
7809 9868 7726
6925 7463 9742
9703 8592 7470
7685 7745 9475
7848 7440 9496
7476 9053 9014
7850 7366 9547
8318 7562 9265
9621 8709 7513
7540 7673 9528
9640 8638 7531
7623 7338 9580
7789 7349 9551
7307 7349 9644
7100 7617 9646
7857 8335 9249
7854 7395 9536
7166 8561 9378
6958 7417 9733
7964 7524 9457
8178 7567 9305
9144 8366 8476
7550 8103 9430
7684 8186 9326
7761 8251 9257
9030 8881 8207
7080 7428 9711
7109 7343 9718
8362 9738 7526
7760 7273 9569
9061 8708 8396
7861 8424 9175
7857 7973 9380
8748 8608 8624
9757 8399 7426
6995 7379 9738
8957 8936 8161
9310 8448 8275
6914 7562 9714
8043 8044 9213
8602 8851 8650
9453 8907 7653
8056 9281 8534
7869 7275 9530
9533 8733 7599
7823 8923 8933
7303 7279 9694
9699 8252 7689
9655 8657 7519
7268 8541 9346
9242 8477 8308
9673 8611 7543
7690 9806 8044
8625 9035 8449
9464 8700 7846
9080 8717 8364
7625 7558 9495
8260 8936 8776
7463 7712 9558
7552 9223 8858
8735 7519 9083
9699 7953 7957
7410 8911 9125
8546 9636 7498
8762 9509 7532
9566 8765 7578
9871 7889 7532
9260 8649 8203
8545 9546 7766
9695 7983 7992
7248 8642 9312
8077 8820 8909
7335 8971 9114
7743 8359 9257
7844 7462 9481
8035 7471 9450
8893 8021 8850
9267 8273 8443
7055 7548 9665
8903 8841 8350
8036 7372 9455
8812 8897 8429
8360 9577 7944
7612 8897 9042
7309 8288 9412
8008 7573 9455
9381 8616 7935
8713 8577 8698
7601 9021 9038
7941 9843 7622
9259 8420 8371
7866 9245 8673
7607 9183 8889
7494 7531 9538
8369 8221 9053
8694 7603 9059
7936 9676 8113
7289 8899 9150
8224 7498 9378
9801 7933 7773
9148 7778 8771
7810 8942 8979
7691 9910 7596
9585 8731 7535
7849 9199 8740
7876 8678 9113
7321 8882 9159
8662 9264 8278
9003 8644 8478
9465 8887 7649
8563 9558 7710
8673 7548 9152
7808 9196 8870
7646 9929 7566
7686 7316 9561
9247 9063 7694
7507 8743 9131
7742 9099 8873
7324 7740 9566
8835 7669 8999
7641 9466 8569
8432 9232 8404
9713 8521 7586
7998 9033 8887
7815 9160 8780
7912 9887 7528
7776 9905 7524
8422 9538 7992
9384 8604 8148
7624 7391 9547
9553 8775 7521
7265 7483 9647
7409 9985 7487
7671 9721 8252
7571 9033 8978
9170 7802 8749
7367 7475 9624
9807 8246 7398
8999 8776 8332
7725 8874 9026
9495 8850 7577
7460 9934 7734
8500 9452 8005
7658 7269 9584
8601 9024 8482
9587 8732 7455
7662 8964 8993
9692 8604 7587
8146 7348 9425
8856 9433 7713
7665 9755 8158
8369 9688 7690
9717 8394 7500
6989 7490 9717
9827 8105 7523
9761 8480 7374
8217 9510 8266
9540 8785 7559
7590 9208 8847
7180 8918 9174
7488 8452 9273
7986 9649 8055
8076 8054 9206
8953 8816 8447
9231 8628 8226
7542 9736 8254
7291 8579 9333
7548 7250 9656
7317 7585 9574
8629 9380 7993
7642 7862 9431
7766 7372 9554
9389 8428 8141
7642 8961 9015
8082 7541 9411
7849 9086 8782
7897 9887 7573
7933 9809 7687
9415 8802 7933
7220 8739 9261
9395 8595 7971
7149 8242 9524
7797 9767 7914
8412 9052 8585
9035 8777 8296
9840 7820 7708
7037 7313 9738
7266 8511 9357
8950 9386 7605
7856 7341 9512
8456 9248 8324
7271 10049 7292
9498 8800 7659
7785 9709 8022
7701 8975 8984
9477 8874 7723
9734 8539 7465
7576 7539 9537
7639 8677 9125
8308 9042 8744
9824 7869 7760
7687 9643 8349
8707 9333 7940
9490 8877 7632
8075 9811 7630
8744 7363 9137
7833 9388 8615
7711 9941 7508
8609 9518 7767
9700 8256 7595
8137 9324 8469
7985 7212 9504
7990 9809 7673
6953 7428 9733
7734 8883 8980
8231 9766 7561
7920 7316 9519
7932 9236 8616
7712 9840 7984
7955 7776 9437
8138 9783 7620
8286 8644 8873
8866 9413 7701
8174 7584 9293
7443 9915 7850
7808 7635 9490
8529 9390 7984
8848 9461 7436
8156 9153 8692
9464 7860 8478
7510 8650 9199
9211 7741 8729
9583 8554 7864
9542 8735 7581
9750 8466 7466
8330 9561 7972
6999 7760 9658
7806 9955 7466
7870 7268 9538
8903 8845 8289
9427 8773 7794
9485 8777 7683
9706 7812 8113
8412 9245 8408
9062 9298 7574
8016 9488 8368
7886 7203 9553
6942 7825 9651
6988 7404 9731
8432 8853 8713
7344 7793 9564
7170 8493 9403
7564 9930 7557
8203 8963 8779
7329 8936 9137
7302 7357 9671
9749 8491 7433
7161 8536 9389
7689 7294 9561
8258 8481 8940
9303 7961 8545
9484 8692 7782
7273 7566 9633
8259 8934 8869
8552 9610 7717
8934 8369 8643
7169 8709 9302
7626 8862 9077
8664 7551 9188
9579 8716 7675
9800 8372 7442
7880 9053 8907
8567 9022 8652
9118 7730 8827
7443 8929 9107
8391 8908 8711
9599 7773 8298
7532 9154 8967
8216 9436 8359
9100 7732 8803
9584 8757 7512
9585 7847 8309
7502 8722 9132
9558 8715 7721
7514 9215 8868
7482 9096 8992
7039 7830 9647
7784 7142 9556
8256 9743 7639
8941 7870 8804
8663 8980 8446
9509 8846 7423
7007 7472 9702
8526 9379 8196
7928 9886 7589
9141 9238 7585
7870 9901 7504
8521 9414 7989
9331 7946 8650
7991 7580 9425
7704 7293 9556
7642 7284 9607
8280 9723 7723
8893 9417 7542
9392 8836 7767
9512 8346 8134
7342 9015 9091
7516 9839 8011
7363 7338 9658
8727 9059 8298
9131 9249 7566
9438 7985 8467
9817 7961 7558
9804 7870 7750
7652 9606 8443
8902 8935 8306
8459 9654 7678
7782 9613 8332
8483 8656 8772
8085 7617 9355
9309 8621 8197
9891 8093 7193
7459 7396 9575
7658 8886 9042
8827 8900 8338
7934 7257 9526
9208 8096 8585
8675 9553 7505
7641 9730 8164
7224 8678 9302
8150 9807 7601
8665 7636 9082
8772 9411 7738
9632 7954 8087
7211 8417 9444
8115 8943 8788
9326 7753 8695
7363 7303 9664
8561 7744 9158
9468 8665 7790
7709 7509 9533
8397 8853 8719
8824 8564 8605
9056 8155 8673
8752 7481 9116
7714 9707 8209
7606 7804 9493
8797 7352 9100
9300 8461 8266
9606 8690 7517
7518 10009 7198
8636 9037 8445
8886 8009 8857
7928 9222 8694
7967 9796 7760
7491 8885 9126
7714 9876 7975
7903 8060 9323
8146 9321 8458
8520 9659 7564
9084 7566 8878
7181 8537 9387
8500 8835 8654
8169 9848 7550
8277 9033 8745
9294 8518 8233
9473 8928 7445
8149 9457 8320
9676 7749 8179
7217 8751 9275
8587 9602 7461
9393 8919 7638
9247 7656 8720
9915 7802 7546
7592 9822 8045
7127 7399 9709
7623 8689 9125
8787 9458 7685
9204 9190 7605
9332 7722 8654
8310 8905 8757
8371 9714 7521
9139 9163 7712
9086 7558 8874
7294 8951 9132
8297 8511 8903
7510 8434 9316
6990 7764 9661
8959 8880 8212
7004 8065 9584
7371 8956 9108
9126 9241 7631
9179 9208 7603
7394 8933 9101
8539 7319 9268
8837 8149 8824
9193 7634 8754
9126 9275 7556
7637 9630 8394
7473 8741 9242
7495 8887 9103
9726 8181 7675
9845 7751 7811
7939 7973 9323
7916 9887 7418
7815 7440 9528
7943 8293 9208
9225 8857 8025
7098 8389 9474
8933 8585 8507
8462 9601 7735
8381 9706 7586
9337 8641 8028
9842 8146 7352
7104 7961 9600
7594 9809 8096
7870 9273 8619
8662 9581 7642
9772 8396 7402
6992 7492 9716
7503 9247 8862
8509 9135 8519
9349 8616 8007
9838 7835 7680
8658 9100 8328
9126 9252 7628
9480 8900 7491
7748 9810 7946
7742 8734 9121
7567 8595 9174
8924 9390 7718
9342 8926 7808
7650 9832 8031
7850 9683 8034
9244 8866 7925
8690 7529 9133
8149 7819 9255
8808 9343 7829
9838 8164 7332
7794 7721 9463
8197 9594 8187
8833 7539 9072
9619 7996 8077
9633 8694 7427
9854 7830 7641
7004 7491 9713
8332 7505 9317
8710 9044 8328
9804 8211 7416
7999 7284 9491
9634 8680 7548
7958 7543 9462
8718 9497 7721
8712 9310 8176
7229 8324 9427
7806 9826 7875
8042 9208 8651
8531 9657 7481
7844 9157 8799
8187 9442 8302
8883 9252 8269
9421 8704 7828
9434 8971 7487
9810 8090 7581
9886 7767 7627
8562 9600 7553
9888 7749 7571
9223 8908 7839
9757 8357 7500
6841 7470 9735
7762 8182 9267
9606 8726 7465
7387 8854 9138
7245 8505 9376
7098 8730 9288
7400 9299 8844
7813 7450 9494
7931 8604 9044
8512 9579 7839
8793 8572 8630
9561 8801 7447
7255 7330 9689
7612 8234 9376
8905 8675 8508
9045 9308 7641
9248 9140 7427
9155 9230 7571
9767 8163 7646
7784 8687 9065
8444 9558 7947
9164 9094 7810
9837 8128 7354
9843 8176 7299
8239 7600 9272
8516 8226 8986
9035 9331 7621
9398 8419 8108
9895 7705 7619
7628 9727 8208
8351 7570 9239
9298 8103 8499
7244 7478 9666
8416 8932 8691
9254 8787 8116
6947 7513 9717
7597 9207 8856
7496 8487 9210
8506 9320 8269
8675 9536 7638
8844 9439 7652
9515 8228 8295
9817 7683 7838
7794 7504 9508
7887 9663 8140
8179 7852 9230
8650 9091 8439
8813 9452 7693
6855 7546 9731
9334 8852 8020
9401 8807 7771
9351 8951 7740
9193 9199 7595
9693 8552 7597
7680 9710 8182
7866 9259 8647
8151 9787 7612
8996 9326 7690
8780 9505 7541
9129 9244 7567
7115 7954 9624
7636 8866 9060
8632 9583 7527
9081 8910 8111
9169 7744 8766
9664 8676 7437
7832 9391 8669
7760 8866 8986
8849 8681 8562
9455 8734 7776
9795 8267 7536
9869 7761 7705
7580 9884 7867
7774 7240 9586
9243 7639 8721
9881 7750 7631
6993 7537 9690
7025 7560 9673
7923 9820 7865
8744 8995 8345
7509 9173 8972
7701 9678 8216
7650 7373 9562
7488 9223 8901
7819 7484 9464
7716 8986 8946
8209 7783 9257
9274 8992 7721
9860 8082 7398
9704 8586 7377
7005 8010 9603
7418 8330 9374
8034 8772 8994
9439 8029 8465
9413 8437 8088
9946 7694 7470
7133 8695 9317
7907 9823 7778
7992 7278 9496
7381 9050 9029
6950 7475 9725
7343 9165 9002
8292 7530 9280
8442 9663 7640
7660 9466 8563
8078 8320 9093
8299 9462 8300
8368 9364 8299
8825 7579 9044
7205 7203 9696
8556 9471 7952
8698 9504 7638
8984 8124 8802
9317 8886 7811
8946 7744 8899
9779 7765 7906
7485 8591 9227
8017 7440 9474
8102 8587 9018
8229 9795 7586
8808 9331 7845
9124 8264 8496
9903 8057 7423
7054 8253 9517
7838 8911 8950
7957 8019 9297
8609 8464 8854
9290 8226 8441
9123 9277 7577
9239 7970 8681
9738 8366 7494
7932 9284 8612
7797 8344 9232
8774 9073 8270
9799 7677 7941
9809 8209 7415
8214 9167 8606
9071 9295 7526
7646 9650 8350
8904 8483 8694
8771 9494 7698
9181 9194 7633
9686 7869 8058
7531 9950 7487
8065 8954 8790
8524 9151 8485
9700 8602 7447
9899 7749 7557
7458 7267 9650
8272 7888 9185
8033 8953 8871
8701 9472 7875
8908 8536 8668
9045 7564 8902
9578 8780 7432
9820 8257 7327
9898 7823 7474
7293 10068 7180
7377 7532 9593
9108 8483 8478
9569 8123 8103
7187 8292 9479
7592 9733 8202
7948 8458 9140
8669 8709 8623
9409 8084 8346
8191 9589 8253
7124 7523 9660
8756 9066 8281
8936 7862 8891
9340 8577 8210
9800 7728 7931
6964 7460 9725
7390 7439 9625
7945 8683 9010
8472 7310 9306
7535 9205 8900
7505 7581 9529
8385 7505 9280
9785 8100 7659
7487 9260 8896
7324 10042 7241
7420 7482 9608
8610 9511 7911
8373 9700 7638
8414 7447 9301
9170 7711 8772
7284 10060 7198
7606 7385 9613
7859 8835 8956
8901 8800 8484
8642 9103 8317
9105 9290 7602
9507 8892 7440
7182 7950 9561
7396 9033 9030
7514 9837 8038
7220 7536 9642
8196 9480 8297
8447 9706 7581
7663 7113 9599
8209 9527 8228
8753 9456 7736
8697 7459 9160
9886 7844 7568
6931 7791 9658
7566 8963 9098
8380 7384 9347
8512 9578 7915
8967 9381 7679
8693 7557 9128
9411 8580 7956
9622 8673 7563
9210 9202 7556
6996 8140 9574
7408 9007 9057
7235 10017 7427
7919 9329 8565
8082 9490 8285
8047 9734 7876
8580 8221 8960
8327 9405 8253
8410 9696 7616
8585 9419 7949
9210 8550 8441
9040 9311 7610
9397 8140 8348
9776 7926 7774
9797 7810 7801
9903 7825 7466
7712 8449 9214
9116 8565 8434
8912 8671 8576
9090 9221 7711
9514 8829 7466
9928 7678 7499
7683 9797 8146
8430 9427 8228
8564 9063 8459
9272 9035 7725
9409 8147 8305
7567 9459 8671
7921 8193 9211
8120 9763 7662
8962 9211 7951
9491 8586 7822
7517 8308 9330
7595 7182 9619
7776 8817 8997
7364 9119 9039
8849 8857 8385
9139 8486 8474
9030 9326 7631
8885 9446 7521
9218 9140 7550
9629 8721 7393
7000 8071 9589
7733 9718 8163
7273 7378 9678
7344 8178 9483
7160 8289 9491
7208 10020 7341
7569 9831 8059
7495 8731 9137
8255 8317 9114
8752 7976 8915
9272 8094 8502
7408 10035 7252
8616 7741 9059
8742 9024 8402
8226 9762 7637
7104 7395 9710
7532 8492 9203
7594 9194 8884
7726 8869 8994
8892 7810 8913
9155 7762 8787
9603 7969 8238
9886 7906 7460
7503 9226 8865
7655 7746 9485
7473 10014 7274
8072 9786 7706
7825 9750 7920
7560 9998 7164
8347 7369 9366
8456 8513 8854
9467 8941 7564
7566 9820 8071
7406 8352 9398
8401 9660 7680
9625 8636 7557
9782 8387 7469
9499 7836 8407
9842 7976 7487
7053 7458 9714
7678 8607 9160
9454 7799 8555
9829 7919 7742
7502 9204 8924
7339 10042 7233
9504 8392 7989
9801 7802 7872
9894 7704 7627
7942 9875 7567
8130 7220 9442
8648 8269 8844
8880 9405 7698
7080 8042 9556
8543 9625 7578
9446 7866 8540
9541 7884 8403
9642 7771 8266
7662 7855 9438
7827 7790 9385
9869 7808 7634
8664 8595 8755
9146 7793 8753
7133 8322 9472
8009 9827 7569
8045 7576 9378
8498 7949 9091
8512 9347 8237
8697 9488 7748
9847 8139 7305
7813 9564 8363
8094 9744 7866
8197 7551 9360
8186 9483 8293
9286 8987 7812
9504 7975 8383
7376 9139 9017
8069 7951 9274
8724 9285 8166
8707 7403 9153
9448 8540 7955
7269 8451 9364
7324 7550 9580
7387 7501 9602
8487 7753 9191
8445 7363 9306
9118 8566 8258
7141 7559 9651
7183 7349 9711
8405 9247 8418
9046 8387 8626
9014 9326 7652
9770 8385 7473
7411 9998 7387
6930 7621 9710
7706 9785 8093
7134 7375 9706
7156 7750 9592
7988 9587 8282
8297 8862 8867
9129 7653 8826
9487 8067 8334
9835 8184 7276
7520 9180 8923
8093 7870 9247
8029 9774 7787
7931 8036 9296
8616 8963 8611
9527 8006 8321
9762 8118 7680
9947 7763 7403
7054 8732 9280
8373 8588 8878
8950 9147 7958
9341 8554 8193
9174 8997 7863
9491 7923 8465
8333 7535 9258
8522 9395 8001
9101 8964 8054
9583 8122 8165
9408 8529 8084
7078 8090 9561
7730 9748 8048
9508 8779 7665
9893 7790 7554
7203 8166 9531
7649 9419 8696
7088 8013 9598
7470 7223 9659
7145 7847 9582
8993 9385 7646
9664 8351 7963
7641 9207 8851
8219 7527 9345
8428 7973 9044
9858 7834 7596
7867 9618 8289
8320 8301 9054
8700 8699 8739
9819 8283 7360
7418 9956 7698
9761 7900 7957
6900 7569 9711
8174 9305 8437
8112 9784 7638
8997 9333 7651
7461 9178 8976
7919 7396 9504
8096 9413 8408
8978 8279 8691
8505 9639 7586
9493 8454 7958
9659 7818 8181
9615 7842 8219
9925 7824 7385
8000 7198 9514
8780 8434 8777
7938 8946 8891
8465 9397 8144
7672 8391 9258
8353 9701 7675
9179 8234 8518
8767 9516 7469
7809 9281 8754
8678 9022 8414
8368 7502 9355
9093 8672 8391
9192 9146 7627
9408 7894 8522
7568 9301 8812
7178 8251 9519
8583 7706 9134
9197 9100 7689
9490 7921 8468
9862 8106 7301
7378 9074 9002
7405 9069 9017
8351 9078 8700
7809 9913 7461
8727 8396 8806
9094 8290 8546
9089 8767 8287
9348 7953 8566
7000 7699 9684
7575 9398 8756
7828 7571 9458
8456 8561 8812
9386 8294 8217
9612 8510 7709
9771 7963 7762
6952 7569 9705
7643 9365 8717
7132 7591 9630
7437 8024 9542
8731 8552 8700
7213 8085 9521
7590 9779 8170
7730 9296 8718
8227 8941 8818
8705 9367 8031
8376 8761 8769
6923 7781 9674
7644 8815 9120
8258 9734 7633
8887 7982 8900
9175 7690 8795
8986 7660 8914
9591 8600 7763
9514 8773 7565
9803 8301 7387
9934 7822 7304
9806 8152 7426
7128 8190 9525
7110 7923 9642
8115 9375 8386
7938 9678 7969
8641 8362 8850
7972 9894 7417
9007 9353 7616
8620 7373 9237
7397 7536 9588
8476 9383 8133
9130 8715 8256
7930 8919 8912
8392 8034 9174
9124 9258 7643
9685 8089 7854
6973 7441 9727
7232 7740 9612
8233 7279 9433
8595 8993 8518
8690 9523 7578
8701 9550 7534
9929 7777 7332
7627 9698 8383
8869 8306 8800
8110 7275 9472
8668 9300 8178
8581 7677 9153
8531 9319 8318
9170 7731 8759
9055 9317 7596
9592 8228 8074
9701 7934 7961
8062 9457 8399
7648 8992 9013
8147 7295 9416
9937 7835 7241
7415 8185 9462
8822 8341 8728
7031 8006 9610
7217 8674 9331
8216 7317 9411
8441 9617 7721
9509 8581 7883
7620 9349 8751
7420 10032 7312
7612 7310 9601
8731 9296 8052
9127 9084 7926
9625 8704 7400
7554 9218 8866
8551 9402 7965
8994 9332 7800
9182 9205 7546
7156 8023 9562
7007 7663 9682
7432 8108 9435
8236 9640 8116
8734 8352 8785
8758 7565 9066
9678 7944 8049
9495 7899 8470
9585 7932 8263
9709 7822 8083
8241 9158 8584
8411 8108 9034
8530 9065 8466
8527 9570 7748
9173 9114 7765
9439 8882 7748
9295 7872 8652
7363 7339 9649
7412 8128 9474
7903 9911 7486
8484 7198 9271
8641 8960 8471
9466 8683 7932
9512 8760 7640
7545 9595 8485
7622 9511 8547
6950 7626 9708
7173 8583 9372
7516 9277 8854
8544 9398 7969
8851 8992 8308
8993 7616 8927
8663 7583 9178
9473 8568 7936
7851 9734 7879
9805 7795 7870
7654 9358 8745
7446 8443 9302
8134 7574 9407
8703 9432 7921
9356 8442 8335
8684 9099 8281
9697 8623 7485
8232 9758 7407
8887 9374 7792
9450 8059 8337
9115 9180 7647
8815 9476 7465
7192 8229 9472
7745 8867 9047
8325 8159 9182
8582 8210 9009
8745 7596 9077
9501 8845 7586
9846 8135 7341
7552 9836 8054
8234 8595 8913
8721 9490 7721
8650 7457 9201
9329 8558 8215
9618 8613 7631
7867 7998 9378
8413 8940 8703
9030 9321 7677
9792 7908 7806
7266 8866 9220
7881 9231 8628
9269 8882 7843
9673 8258 7598
9802 8211 7471
7108 8016 9567
8149 9662 7868
8022 9851 7555
8650 8789 8684
8888 9388 7754
8719 7813 9045
8600 9586 7463
8882 7690 8969
9848 7783 7686
7832 9633 8262
8286 9749 7632
8289 9370 8377
8358 9521 8003
9138 9049 7861
9416 8056 8430
9782 7869 7896
7027 7554 9687
7179 7233 9714
8090 8185 9191
7156 8762 9278
7472 7363 9634
8244 8494 8922
8417 7409 9300
8478 7637 9232
8705 7509 9126
9443 8083 8373
9399 7855 8606
6941 7699 9692
7470 9963 7660
8006 9297 8528
8567 9621 7545
9492 8588 7811
9397 7903 8484
9745 8059 7845
9812 8211 7386
9918 7884 7409
7315 8877 9202
7381 9196 8988
7519 9922 7849
8402 9276 8439
8391 9058 8557
8854 7671 8980
9232 8980 7813
9367 7754 8631
9381 9043 7568
9675 8010 8031
7412 9271 8884
7932 8879 8938
8487 9581 7882
8715 9503 7621
9056 9269 7643
9324 9052 7625
9586 8283 8046
6992 7566 9712
7046 7386 9733
7603 9923 7729
7246 7438 9695
8261 9158 8539
8685 7982 9022
9064 8875 8152
9258 8055 8658
9701 7854 8110
7275 7545 9581
7795 9611 8336
8055 8376 9158
8405 9115 8528
9349 8090 8439
9215 8327 8466
9478 8355 8084
9602 8733 7371
9789 8386 7440
7447 9328 8810
7588 9825 8040
7603 9456 8658
7331 7453 9637
7783 9567 8433
7034 7725 9662
6960 7635 9695
8356 9071 8539
8154 7280 9420
8317 9565 8118
9327 8750 8068
7084 8027 9570
9057 7951 8718
6934 7689 9701
7636 8108 9428
8544 8486 8902
8738 9485 7811
9451 8143 8312
9730 7758 8149
9838 8227 7196
7227 8412 9447
7591 9412 8720
9126 7787 8771
9365 9046 7697
6938 7984 9624
7344 8875 9130
8470 9067 8543
8931 7929 8831
8988 7907 8784
7518 9892 7859
7367 10019 7347
7504 7555 9537
8121 9714 7962
8279 9463 8217
8541 8660 8750
9322 8494 8228
9387 8979 7570
7506 8358 9357
7738 9633 8264
8806 8670 8594
9398 9014 7536
9927 7818 7464
6982 7427 9720
7017 8716 9373
8530 9377 8164
8915 8517 8681
9059 8581 8536
9415 8985 7480
9817 7924 7573
7201 8799 9265
8939 9402 7564
9401 8725 7934
7127 8357 9488
7290 8882 9210
7979 7430 9481
8301 8765 8864
8699 9377 8006
7604 9536 8554
7602 9778 8200
7245 8737 9270
7769 9940 7492
9022 7853 8794
9573 7893 8274
7508 9180 8940
7607 9472 8628
7671 7844 9415
8715 8534 8708
8886 8542 8632
9371 8275 8237
7664 8023 9370
8448 9496 8215
8457 7329 9310
8659 7588 9112
9147 8882 8133
9648 7953 8155
9929 7742 7416
8011 9411 8514
7873 9845 7606
8383 9287 8513
9186 9145 7708
9439 8968 7559
9684 7892 8042
9873 8000 7434
7636 9985 7456
8151 8637 8982
9432 8042 8386
9667 8055 8054
7436 9926 7817
7187 8574 9361
7079 7421 9728
7462 8443 9277
8895 8970 8174
8695 9542 7544
9750 8483 7371
7008 8028 9578
7865 9920 7452
8903 8500 8705
9092 9260 7659
7091 8727 9323
7616 8981 9027
8399 7380 9333
8495 9704 7614
8828 7796 8986
9244 9042 7739
9837 8118 7379
9755 7834 7996
7173 8128 9553
7495 9900 7864
8034 9490 8360
7939 9878 7473
8560 8750 8715
8977 8574 8595
8750 9497 7630
7432 9886 7905
6933 8217 9563
8306 7524 9312
8350 9682 7696
9032 9354 7559
9758 8011 7949
9906 7844 7434
7994 9617 8175
8620 9373 8150
8947 9050 8010
9055 7507 8899
9277 7782 8688
7049 7489 9687
8228 9807 7497
9730 8206 7655
7375 9045 9076
9260 8525 8302
9047 8227 8584
6945 7545 9727
7546 9028 9033
7722 9964 7474
7727 8953 8910
8303 8760 8847
7940 9901 7417
8875 8153 8771
9274 7895 8709
9217 9154 7519
7206 8411 9463
7012 7848 9648
7420 7447 9609
7376 9046 9040
7558 9997 7246
8495 9483 8019
9063 7767 8812
9579 7866 8290
7463 9049 9019
7708 9200 8809
8667 8795 8682
9232 9192 7492
9428 8318 8160
9670 7820 8136
6965 7925 9650
7401 8818 9197
9820 8133 7423
7224 10041 7297
7599 9474 8635
8100 8915 8887
8522 7487 9245
9032 7613 8958
9395 8202 8395
9586 8373 7906
9435 7922 8479
8286 7644 9266
8056 9873 7535
8966 9356 7751
9198 8938 7911
9028 7621 8898
7501 9238 8879
7923 7204 9541
8122 7349 9446
8337 9544 8156
8837 8069 8826
8754 8859 8548
9028 7825 8808
8835 9450 7468
9188 8754 8148
9665 7894 8160
7465 8811 9145
8089 9751 7668
8994 7787 8837
9304 8964 7712
9268 8069 8574
9833 7694 7823
7714 9664 8338
7616 9419 8718
7073 7295 9731
9593 8710 7599
9910 7836 7423
7573 9882 7911
8152 7945 9218
8721 8858 8551
7259 8972 9136
7374 10058 7212
8737 7935 9005
8368 8141 9068
8830 9457 7669
8507 9623 7615
9443 8300 8183
9813 8292 7347
7556 9498 8607
6888 7989 9622
7395 8509 9253
7615 8394 9270
8422 9241 8375
8862 8108 8806
8729 9306 7890
9038 9343 7525
9712 8238 7818
9465 7814 8498
7169 8526 9442
6956 7578 9703
7626 9981 7466
8420 7926 9136
8445 9609 7815
8403 7502 9299
6976 7713 9675
7306 8949 9133
7987 9459 8387
8469 9154 8415
9132 8171 8604
9521 7886 8356
9500 8430 7913
9788 7813 7836
9783 8001 7674
7055 8112 9570
7368 8476 9301
8138 9670 7840
8312 9670 7716
9049 7847 8739
9241 7687 8730
9705 7925 8009
6966 7424 9728
7553 7889 9446
8048 7940 9292
8293 7401 9373
8796 9328 7884
8722 9487 7752
9453 7818 8515
9586 7782 8307
9608 7744 8299
8123 7968 9215
8172 9181 8540
8371 9712 7593
8832 8901 8336
9066 9004 8017
7368 9146 9000
7562 9322 8818
7646 8200 9287
7567 9380 8777
8006 7985 9265
8304 9347 8425
8568 9314 8258
8421 9656 7854
8780 7472 9095
8782 9013 8294
9217 9227 7505
6896 7937 9634
7163 8639 9359
9323 8617 8071
9299 9125 7664
9911 7833 7417
7505 9482 8634
8506 9598 7878
8791 8168 8842
8510 8694 8762
8708 8909 8483
9023 9287 7815
8820 7583 9042
9229 8210 8506
9274 8476 8239
8114 7992 9233
8749 9502 7704
8866 9422 7588
9666 7928 8057
7515 9171 8938
7235 9008 9105
7881 8783 9054
8284 7417 9372
8872 8764 8523
9061 9269 7632
9736 8121 7702
9825 7739 7829
7710 9342 8808
7439 10009 7313
8337 8801 8814
8862 7667 9025
9061 8217 8626
8957 8772 8362
9846 8100 7459
7008 7673 9667
6912 7549 9721
7185 8167 9545
8413 7454 9273
8806 9477 7661
9296 8081 8513
9893 7698 7653
7281 8368 9412
7054 8426 9478
9710 8123 7847
9931 7762 7413
7146 8680 9358
7367 10003 7358
7307 8897 9142
7650 8463 9252
8668 7385 9190
9345 8860 7785
7397 9996 7498
7182 8531 9399
7614 9440 8597
7486 10002 7294
8218 8731 8928
8598 9576 7645
8348 9732 7618
9146 8252 8509
9453 8943 7600
7866 9630 8192
8796 8779 8560
8707 8933 8553
8868 9448 7553
9584 7989 8248
9353 8138 8399
9717 8014 7854
9640 8665 7441
7222 8500 9386
7544 9169 8925
7513 9750 8211
7806 8012 9411
7724 9735 8070
8572 8483 8844
8647 9034 8460
8802 9385 7809
8539 7419 9257
8891 9397 7586
9810 7816 7787
7417 8983 9069
8342 9671 7697
9648 7799 8200
9827 8157 7355
7521 9473 8641
7654 9560 8498
8517 9434 8099
8789 7944 8939
9430 8408 8051
7240 7639 9570
7312 10050 7232
8933 7664 9018
9710 7918 8000
9730 8132 7657
7451 10007 7342
9162 8122 8715
9751 8345 7508
7470 9221 8917
7726 9542 8505
7888 7786 9437
8668 9074 8444
7510 9713 8300
6914 8326 9518
7510 8713 9173
8401 9519 8072
8297 9757 7608
9364 8384 8185
9764 7766 8017
7443 9293 8841
7923 9053 8870
8195 9799 7543
8553 8323 8979
8839 8953 8334
7623 9948 7504
8672 9031 8368
9045 9338 7558
9422 7802 8564
9914 7942 7352
7488 9980 7527
7576 7313 9647
8316 8910 8716
8703 8555 8726
9055 8375 8559
9075 7737 8840
9514 7941 8373
8236 9552 8193
8373 9343 8263
7785 9915 7485
8171 9779 7648
9152 8151 8605
9636 8459 7650
7248 8598 9346
7568 9422 8693
8663 8153 8919
9164 7526 8805
9773 7681 8056
7161 8722 9298
7590 9215 8846
7759 7249 9572
8286 7881 9221
7927 9130 8753
8802 8723 8612
8470 9441 8060
8799 7914 8910
8650 9352 8168
9604 8469 7819
9871 8088 7375
9921 7849 7395
7023 8238 9541
7273 8663 9300
7397 7244 9692
7762 9886 7617
8028 7232 9485
8012 9870 7540
9097 8163 8631
9207 9155 7570
9282 9105 7670
9723 8477 7481
9747 7740 8026
7367 8998 9092
7543 9747 8232
7419 9225 8912
7882 9562 8434
7695 9940 7539
7735 9926 7549
8554 8653 8800
9552 8834 7440
7242 8364 9413
7570 9516 8573
7561 9887 7846
6969 8199 9547
7042 7358 9737
7435 7261 9675
7618 7556 9526
7698 9204 8845
8066 9132 8732
8303 7437 9360
8272 7563 9296
8716 7987 8947
9000 9013 8061
8786 9390 7802
9177 8230 8543
9488 8890 7510
9566 7871 8399
7117 8695 9354
8114 8552 9067
8998 8388 8556
7462 9220 8940
7336 8414 9389
7670 9631 8377
8837 7546 9034
9543 8814 7488
7317 9008 9092
6901 7477 9734
7898 8052 9326
8224 7757 9274
8624 7368 9239
8824 8964 8349
9519 7907 8394
9332 8012 8485
7549 9148 8958
9463 8957 7509
7653 9380 8714
7530 9949 7530
8144 7683 9324
8228 8718 8977
8369 9232 8530
8247 7406 9377
8212 9650 7887
8999 8803 8298
8664 9515 7644
9452 8509 8038
9798 8243 7620
7307 10036 7302
7659 9683 8253
7172 7786 9584
7763 9445 8588
8014 9229 8665
8393 8417 9026
8444 7369 9282
8408 8715 8851
8500 9685 7636
9229 9087 7694
9079 8139 8655
7225 7200 9701
7578 8718 9144
8036 9818 7628
8597 8318 8867
8594 9534 7810
8485 7471 9259
8813 7593 9041
9082 8313 8490
9394 7750 8619
9402 9036 7518
9527 7788 8416
9371 9075 7614
9789 8438 7388
9802 7730 7928
7600 9590 8490
7974 7184 9521
8399 7920 9142
9097 9183 7789
8997 8010 8718
9067 8991 8134
9539 8173 8247
9700 8025 7914
7649 9156 8891
7478 9975 7539
7718 9662 8289
7773 9928 7499
8360 7800 9232
8715 8896 8586
8622 9585 7521
9217 7689 8720
7963 9460 8388
7886 9840 7853
8312 7367 9390
8663 9553 7690
9680 8250 7927
9743 8525 7468
9613 8721 7431
7050 7535 9679
7045 8688 9356
7716 7116 9592
8117 8329 9080
8016 9428 8483
8858 9258 8048
9028 9336 7575
9686 8046 7902
7558 9948 7702
7180 8657 9337
7340 8529 9345
7631 9488 8559
7539 9627 8448
7208 8135 9485
7960 7303 9515
8041 7697 9386
7797 8152 9269
8241 8547 8999
8334 9315 8424
9070 8392 8506
9208 8322 8468
7492 10000 7368
8206 9752 7653
9205 8351 8478
7252 8913 9148
8135 7723 9340
7413 8400 9326
8337 7307 9385
9295 8223 8409
8967 7709 8914
9508 8888 7567
7454 9993 7463
7606 9801 8164
8455 8811 8749
8791 7719 9053
9482 8555 7895
9716 8580 7541
9869 7712 7742
7603 9607 8434
7618 7559 9501
7434 8474 9325
7784 9755 7922
8144 7194 9435
8140 7383 9435
9660 7670 8232
9717 7761 8119
7621 9712 8271
7403 9050 9028
7481 10026 7224
7271 7395 9655
7315 8578 9326
9205 9178 7575
9488 7944 8433
7279 8906 9219
7937 8058 9227
8339 9546 7960
8725 9364 7939
8839 7530 9079
8989 8093 8751
9199 8932 7836
9578 7781 8346
7480 10004 7279
7691 8641 9157
8343 9109 8630
8995 9356 7552
9559 8812 7516
9572 7909 8309
9832 8376 7322
7189 8706 9308
7127 8595 9429
7534 8080 9515
7416 8787 9190
7521 8678 9162
7614 8645 9153
8342 9755 7616
8602 7895 9048
9386 9010 7592
9699 7808 8125
7678 9399 8702
7660 7131 9615
7525 8617 9205
8141 9211 8629
9543 8798 7558
7432 9186 8964
7240 8728 9278
9613 7864 8296
9900 7744 7563
6960 7664 9693
7289 8994 9124
7781 9570 8490
7161 7720 9613
7534 8723 9131
8594 7995 9014
9316 7951 8604
7049 8127 9569
7913 8998 8909
8361 9037 8672
9632 7832 8215
9933 7729 7407
7206 8483 9422
8630 8020 8958
8307 8441 9070
8805 9274 7890
8778 8923 8366
8783 7728 9042
8392 9709 7579
8500 9229 8412
9184 8868 8228
9752 8333 7574
9508 7810 8424
7555 9733 8238
7348 9077 9053
8600 7889 9128
8147 7290 9420
8384 9712 7500
9448 8311 8155
9640 8632 7544
9854 7782 7649
7518 9489 8609
7219 7457 9685
7751 9334 8708
8341 7388 9376
8397 7275 9361
8459 8722 8726
8871 9403 7700
9288 8816 8113
9315 8942 7818
8953 7617 8925
9781 7940 7699
9858 7781 7648
7162 8635 9371
7166 8824 9256
7557 7453 9565
9315 8136 8480
9070 8328 8532
9634 8466 7677
9824 8148 7361
7075 7760 9652
7683 9522 8531
7136 8317 9513
8386 8544 8858
7778 9709 8185
8788 7846 8995
9016 9198 7818
8830 9346 7819
8698 7504 9132
9182 9077 7720
8857 7505 9076
8941 7660 9031
8979 7687 8914
9605 7954 8143
7238 8437 9416
7280 10052 7215
7431 8124 9451
7538 8413 9303
8521 9475 7974
9393 9014 7565
9923 7730 7488
6958 7478 9723
7088 7373 9723
7394 8806 9199
7832 8798 8964
7963 9875 7554
9823 8169 7328
9054 7815 8820
9173 8596 8257
8859 9441 7559
9598 7776 8325
9806 7698 7865
9845 8117 7358
7008 8606 9389
8026 8061 9199
8484 9623 7641
8574 9591 7554
8930 8827 8393
9266 8396 8413
7194 8637 9359
7489 9241 8883
7894 8080 9291
8012 9006 8838
8125 7537 9426
8844 9392 7777
8739 9534 7577
8737 7492 9143
9285 8460 8302
9376 9024 7642
7624 9578 8480
7841 8605 9155
8443 7426 9283
8866 8822 8537
9168 9023 7993
8738 7505 9100
9518 8355 7922
7597 9450 8686
7306 8710 9286
7294 8444 9374
7188 7471 9700
8562 8560 8816
8679 7463 9168
8888 9182 8196
8648 7551 9197
9061 9194 7893
9319 8702 8162
9135 9267 7502
9450 8299 8141
9905 7903 7384
7446 9732 8260
7353 9028 9078
7356 10043 7216
7902 9374 8538
8563 9525 7934
8593 7404 9217
9117 7697 8866
9479 8890 7520
9907 7825 7430
7257 8946 9143
7663 9917 7798
7857 9292 8678
7655 7177 9605
7919 9432 8467
8587 7502 9237
8660 9540 7732
7301 10013 7368
7230 8993 9139
7052 8147 9546
7773 9637 8223
8235 9736 7807
8425 7539 9250
9055 7716 8888
9142 8920 8069
9445 7983 8464
9251 7610 8718
9374 9051 7465
9722 8369 7515
7154 7898 9564
7107 8723 9297
7747 9083 8880
7770 9417 8504
7539 9307 8835
8507 7563 9227
8898 8797 8487
9090 7823 8753
9118 8919 8092
9134 7645 8836
7560 9552 8586
7650 7299 9564
8482 7392 9280
8885 8943 8257
8086 9826 7591
8935 7970 8824
9024 7703 8896
9769 8420 7413
7140 8718 9311
6942 7500 9731
7709 9141 8976
7513 10001 7293
7356 8484 9258
8048 8430 9173
8861 7778 8977
8777 9408 7729
8511 7492 9254
8741 9286 7898
8633 9588 7384
9010 8814 8281
9208 7696 8751
9355 8537 8224
9061 9327 7546
9488 8617 7809
8003 9021 8868
8591 7942 9029
8306 9083 8650
8576 8380 8855
9088 9219 7726
9737 7836 7988
7471 9984 7623
7478 7723 9526
7364 8861 9250
8243 7262 9403
8643 9401 7947
9202 9000 7835
9601 8719 7535
8146 8666 8982
7888 9477 8383
7426 10016 7296
8810 7875 8901
9430 8967 7576
9500 7806 8484
9863 8180 7234
8063 8385 9091
7900 9545 8300
8664 8268 8903
9248 7584 8721
7444 9578 8527
7639 8442 9257
7362 9058 9056
7459 9070 9009
9593 8335 7975
9511 8806 7574
9712 8247 7708
7637 9646 8374
7348 8952 9123
8122 9619 8172
8362 9740 7500
9474 8732 7770
7390 9960 7730
8285 9211 8535
8728 8221 8910
8764 7852 8964
9595 8376 7831
9289 9052 7715
7127 8348 9494
7610 9996 7400
8282 7395 9395
8747 8586 8681
8361 8077 9084
8963 9290 7889
9741 7829 8023
7486 9877 7997
7346 9101 9073
7453 10018 7274
8633 9238 8395
8926 9060 8158
9366 8301 8170
9318 9109 7616
9801 8328 7327
7155 8590 9394
8166 9822 7577
9147 8508 8473
9629 7933 8206
9903 7924 7443
7184 8488 9470
7301 10001 7431
7245 9002 9102
7900 9349 8613
7633 8542 9196
7964 9310 8534
8212 7383 9409
8529 7427 9246
8492 8375 9006
8428 9325 8337
8472 7362 9291
8602 7845 9084
9218 8901 8085
9765 7918 7811
9574 8787 7514
9859 8096 7317
9319 8965 7632
9299 9077 7571
9243 9120 7508
7938 8291 9162
9650 8027 8013
9199 9041 7787
6986 7489 9722
7909 9908 7552
7252 8343 9452
9402 8377 8142
7667 9716 8206
9597 8648 7513
7757 9857 7741
7454 8084 9436
9644 7921 8109
8978 8975 8174
9781 8055 7561
7993 8541 9067
9509 8889 7578
7591 8383 9273
7329 9988 7490
9777 7966 7760
7374 8581 9319
9512 8804 7588
7617 9058 8995
8214 9795 7688
7612 9075 8972
9692 8566 7475
8141 9666 7868
9641 8599 7573
7202 7397 9669
7606 7314 9595
8082 9543 8238
7824 9890 7603
7631 7382 9548
9264 9078 7580
6994 8267 9539
9705 7965 7918
7257 7392 9680
8095 9404 8435
9772 8026 7617
7094 7583 9708
7496 7479 9616
7643 9328 8813
7875 9587 8409
9736 8063 7699
9594 7964 8222
7467 7356 9629
7957 9324 8533
7665 7903 9392
8041 9603 8231
7001 7595 9702
7579 9208 8910
9670 7965 8088
7945 9632 8250
7633 9149 8908
9042 9250 7777
9451 8897 7482
9870 7796 7521
8545 9440 8153
9257 9114 7507
7255 8601 9401
8186 9389 8405
7554 7332 9607
8552 9407 8003
7770 8277 9243
9641 8254 7873
7854 9688 8180
7557 9117 9002
9810 8363 7403
7898 9344 8550
7791 9550 8444
7452 7291 9668
9471 7956 8275
7844 9529 8455
8443 7526 9216
9805 7894 7831
6894 7645 9724
7717 9839 7847
6979 7500 9710
7744 9716 8180
7759 9934 7482
7688 9925 7640
8002 9395 8511
7553 9874 7947
9110 9033 8015
9535 7924 8265
9482 8886 7603
8042 9591 8249
8130 9816 7612
9341 7851 8574
7350 8514 9322
9017 9121 7961
9762 8468 7437
9626 7959 8168
7636 9115 8920
7751 9581 8448
7653 9894 7795
8360 9675 7736
7958 9873 7635
8761 9476 7826
9103 9227 7741
7666 9138 8870
7721 7778 9459
8376 9672 7743
8208 9653 7994
9515 7938 8286
6939 7641 9708
7335 8329 9423
7931 9525 8424
8733 9267 8251
7676 9276 8846
9459 8713 7759
7618 7425 9566
7881 9263 8646
7930 8044 9304
9764 8002 7867
7877 9695 8171
8098 9831 7618
9498 8738 7690
7553 9258 8918
9290 8930 7723
7918 9611 8320
8372 9746 7579
7452 9517 8563
7747 8294 9265
9754 7849 7973
9589 8052 8182
9005 9192 7974
9211 8453 8474
9508 8240 8267
7658 9210 8875
9518 8862 7390
6939 7579 9725
9534 8013 8231
7656 9419 8687
7793 7593 9464
8749 8043 8941
9769 8057 7626
8807 8846 8409
7529 7385 9603
8761 9329 8049
8292 9739 7654
9533 7717 8429
7615 9189 8900
7707 7203 9606
8653 7615 9064
9645 7901 8129
8537 9313 8182
7209 7790 9657
7663 9429 8629
7733 8743 9168
7809 9786 7935
8492 9248 8375
9568 8765 7539
7605 9337 8843
7942 8027 9307
9878 7663 7519
9111 8124 8679
6976 7686 9685
8490 9629 7906
8751 9418 7969
9690 7976 7993
8090 8127 9150
7626 9306 8846
7697 9268 8826
7932 8404 9152
7783 8520 9218
8673 9396 8065
9409 8014 8447
7176 8266 9535
7603 9391 8726
9841 7890 7670
7573 9343 8782
9275 8567 8232
8181 7568 9340
9729 7894 7926
9665 8160 7810
7899 9664 8196
8341 7525 9310
8875 7826 8929
7286 7399 9655
7791 9194 8804
7808 9357 8545
9845 7789 7601
7684 9061 8957
9788 8248 7541
7641 9440 8632
7948 9417 8530
8285 7596 9322
8020 9790 7746
8742 8002 8946
7663 7940 9394
7819 8467 9153
7544 9260 8908
9469 8930 7375
7816 8477 9150
7541 7428 9540
9105 7971 8754
7322 10037 7409
7888 8048 9315
8122 9455 8382
9401 8916 7579
7819 9028 8917
9678 7877 8092
7842 9335 8586
7670 9867 7901
9406 8933 7564
9699 8138 7727
7633 9384 8754
8893 8909 8405
7712 9860 7681
8100 9772 7749
8395 7508 9244
9533 7749 8382
7828 8400 9182
8892 9310 7889
9672 7765 8184
7769 8157 9252
8241 9711 7706
8152 9463 8310
8373 9659 7793
7591 9123 8979
7732 8833 9086
8746 9531 7685
8446 9484 8223
8053 9815 7692
8878 9229 8109
7983 9802 7775
8360 7418 9327
8973 8875 8315
7578 9155 8932
7641 9308 8825
7587 9286 8878
7839 7994 9388
7741 9394 8659
9775 7744 7953
7715 9114 8931
8260 7629 9292
9300 8476 8290
9398 8180 8397
7779 9658 8276
7649 9471 8601
6983 7640 9694
7475 7803 9484
8295 7433 9362
7376 9606 8448
7997 8024 9273
9390 8988 7362
7742 9382 8660
8457 9461 8213
9105 9250 7648
9350 9050 7430
9662 8707 7476
9554 7750 8372
9444 8908 7615
7009 7651 9678
8190 8941 8786
9907 7854 7463
6974 7773 9680
7961 9888 7616
9463 8694 7707
8831 9464 7771
9685 8571 7496
8329 9024 8747
9352 8621 8227
9929 7845 7187
7681 9390 8724
8649 9582 7681
8849 8200 8843
9657 8597 7505
7279 8780 9309
8845 9414 7862
9788 7898 7794
9936 7710 7392
8287 9448 8250
9605 7880 8272
7226 7369 9688
7783 9755 7997
9681 8225 7781
7658 9857 7920
7354 8752 9307
7456 7481 9613
8704 7929 9001
9402 8443 8130
7679 9311 8786
7462 9133 9011
8224 9725 7706
7623 9846 7995
7764 9216 8866
8879 8526 8662
7317 7395 9649
7586 8539 9275
9845 7762 7658
7663 9543 8483
7811 9700 8155
8452 9419 8298
7390 8940 9142
7608 9276 8859
7679 8717 9171
8380 9525 8011
8516 7332 9267
9062 9238 7803
8932 7421 9011
9436 8956 7477
7633 9593 8494
8461 8907 8693
7468 9063 9100
8933 9419 7688
9480 7934 8341
7807 9402 8531
8267 7598 9275
8126 9826 7622
9596 7774 8340
7845 9619 8259
8999 7915 8767
9427 7903 8451
9808 8358 7439
9897 8002 7148
7732 9504 8518
7649 9874 7875
8274 7458 9366
8810 9476 7754
8750 9547 7668
7381 8576 9292
7500 8793 9224
8359 7294 9333
7603 9152 8905
8251 9239 8533
9303 9129 7474
7745 8089 9348
7635 9446 8680
9608 8699 7501
7736 9468 8601
7272 8468 9418
8367 9333 8390
8526 7381 9231
7595 9457 8668
7567 9966 7467
8443 9244 8422
7487 9219 8919
8336 8993 8677
8502 9523 7875
9366 8490 8141
9443 8762 7855
7261 8545 9434
7716 9078 8938
7813 9673 8210
7474 9983 7517
9058 8524 8503
9829 7871 7698
7811 9476 8504
8708 9177 8272
9323 8661 8156
9733 7910 7922
7051 7336 9733
7433 8405 9352
8385 9713 7578
9103 8745 8349
9308 9126 7448
7262 8563 9390
7572 9165 8964
7954 8089 9257
8146 9807 7409
9581 8561 7798
7318 8554 9365
9854 7712 7622
7188 8254 9541
8380 9276 8475
7723 9938 7495
7222 8788 9316
7497 9211 8934
7533 9988 7456
8065 9117 8753
8376 9730 7696
7410 9074 9078
8071 9818 7686
9328 8857 7956
9200 9194 7560
7274 7425 9653
7672 7370 9568
8930 9372 7781
7957 9660 8162
8497 9459 8183
9421 8422 8125
9844 8004 7502
7579 9180 8928
7669 9879 7847
7739 9002 8977
8400 9710 7540
9007 8604 8534
9330 9066 7511
9381 8256 8251
7154 7817 9598
7712 9779 8128
7832 9337 8557
8801 7966 8937
8987 9031 8072
8422 7986 9113
8869 7878 9003
9441 7892 8472
9665 7832 8177
9633 7745 8211
6918 7607 9728
8441 8739 8840
8441 9697 7703
7450 9421 8692
7547 9292 8853
8153 9373 8454
9442 8109 8349
9283 7711 8736
9303 8724 8084
9126 9267 7642
9541 8808 7579
9685 8588 7484
7266 10045 7256
7687 9705 8188
9119 7674 8866
7113 8392 9499
7539 9192 9001
8083 8382 9145
7880 9035 8892
7024 7343 9731
7660 9933 7667
9447 8290 8199
9691 7848 8060
7017 7595 9691
7124 8323 9495
8391 9727 7532
8720 8578 8727
9437 7904 8437
9666 8602 7409
6955 7534 9712
7606 9258 8892
7672 8869 9059
7414 8509 9345
7572 9025 9058
8607 9613 7806
8400 7767 9149
8896 8441 8673
7370 7698 9637
7799 9315 8756
9268 8451 8459
8150 9308 8566
8311 7423 9360
8229 8879 8793
8983 8086 8726
8823 7611 9072
9342 8174 8530
9592 8736 7542
7638 9890 7806
8275 8100 9158
9435 8487 8114
9207 9188 7591
9611 8588 7575
7286 7928 9574
7891 7849 9333
7813 9855 7814
8574 7681 9129
9789 7942 7657
7265 8515 9439
8091 9477 8281
8245 9778 7504
9664 8604 7445
9800 7806 7933
9915 7852 7260
7376 8224 9427
8053 9791 7712
9149 9150 7723
9122 8739 8337
9328 9077 7483
7552 9021 9076
8855 7562 9082
9391 8786 7812
9469 8851 7659
7634 9318 8815
7724 9394 8693
7689 9808 8055
8300 9756 7616
9058 9352 7662
9589 7787 8346
7970 7745 9339
7745 9450 8578
7880 9813 7799
7417 7558 9591
7971 8173 9214
8746 9506 7721
9615 8643 7511
9883 8126 7390
7233 7346 9687
7662 9850 7977
9427 8958 7456
9703 7965 7999
7664 9993 7450
9844 7743 7671
6873 7476 9750
7639 9871 7904
7685 9927 7580
8660 8809 8710
8494 7506 9250
9204 8914 8243
9899 7886 7265
9603 8644 7588
7724 7779 9438
7750 8069 9258
8358 7767 9207
9203 9087 7729
9250 8641 8320
9692 7911 8033
9727 7831 8094
9824 7936 7714
9293 8259 8442
9156 9264 7589
9277 9109 7553
7390 7251 9673
8916 7883 8840
9170 8421 8507
9280 8791 8117
7749 7509 9527
8742 8477 8715
8864 9434 7778
7503 8901 9125
7971 9160 8817
7885 9912 7453
8889 8494 8635
9433 8601 7955
6918 7780 9685
7660 9803 8137
8699 8621 8731
8544 9446 8038
8544 7464 9226
7314 8415 9450
7735 9826 7858
9101 7982 8707
9463 8856 7667
7696 9372 8756
7112 7310 9712
8639 7721 9062
8281 9752 7681
9303 9070 7552
7069 8154 9592
8960 9305 7804
9388 8987 7479
7285 8423 9442
7961 8872 8934
8249 9422 8400
8524 8554 8866
9753 8443 7457
6990 7779 9673
8514 7518 9182
9130 7574 8849
9513 8647 7896
9780 7962 7792
7149 8247 9545
6907 7647 9717
8797 9262 8027
8677 7560 9125
9650 8587 7540
7731 9600 8343
7965 9871 7603
9352 8077 8453
9460 8916 7466
9446 7693 8510
9618 8657 7488
7240 8087 9522
8280 9032 8682
9399 8098 8384
8901 8318 8747
8884 8763 8547
9396 8904 7675
9457 7995 8390
7642 9527 8512
7563 9164 8981
8159 7650 9284
9679 8194 7802
7513 9556 8523
9299 8843 8068
9394 7677 8620
8433 8590 8883
8216 9713 7859
9886 7910 7447
7554 9545 8524
7801 8539 9158
7620 9487 8623
7702 9890 7688
7819 7544 9449
9328 8873 7896
9430 8773 7789
9846 7750 7604
7206 7268 9702
7709 9740 8147
7675 9818 7920
8562 7790 9138
9372 7897 8492
9394 8754 8006
9480 8258 8222
8381 9698 7613
9238 8952 7865
9626 7946 8190
7669 9446 8618
8426 7351 9300
9321 8947 7680
9146 9257 7647
8028 7617 9315
7765 8844 9020
9230 8784 8125
9164 9124 7846
7364 8845 9272
7420 8947 9140
7086 7430 9726
8189 9238 8557
7868 8400 9167
7836 9832 7718
8259 9688 7789
8549 8090 9105
8917 9022 8217
9248 8017 8574
9687 7847 8145
7085 8341 9523
9178 9106 7691
9468 8672 7889
7698 9791 8056
7979 7670 9305
8498 9498 7905
8720 8643 8659
9162 9128 7804
9457 8938 7473
9565 8785 7539
9769 7906 7894
7616 9756 8270
8145 9809 7408
9534 8078 8091
7919 7217 9531
8090 9842 7675
7479 8842 9267
8693 7399 9182
9282 8110 8538
9267 8950 7934
8229 9196 8645
8801 9489 7621
9080 9307 7650
9702 7852 8047
7630 7982 9458
7861 8447 9118
8477 9355 8214
9572 8799 7464
7773 9942 7450
7731 8460 9242
9290 9103 7505
8098 7444 9460
9427 7746 8512
9688 8568 7478
7105 7492 9714
7988 9784 7770
8263 9095 8672
9692 8595 7471
7926 7305 9517
8549 9330 8149
8255 7477 9336
8783 9497 7532
9475 7749 8427
9507 7765 8388
7681 9108 8943
7185 7427 9687
8443 9686 7622
8303 7701 9224
9078 8775 8347
7644 9380 8741
7283 8816 9280
7846 9645 8212
8755 9361 7917
9272 9020 7823
9308 9117 7463
9896 8153 7355
7286 8633 9361
7948 9669 8065
9184 7735 8800
9462 8056 8341
7720 9945 7490
9109 8966 8111
7232 8160 9562
8455 7728 9160
8520 9451 8170
9062 7578 8897
9493 8541 8014
9786 8452 7413
7964 8966 8828
8397 9658 7793
7592 9869 7982
7616 9946 7757
7772 9816 7852
8231 9767 7676
8792 8807 8599
8771 9482 7746
7681 9376 8739
7484 8513 9314
8156 9757 7727
8531 8750 8807
7520 9708 8275
8315 7806 9168
8601 9255 8357
9489 8683 7850
7620 9498 8566
7682 9633 8368
8633 7495 9202
9317 7953 8570
9322 7949 8598
9490 7820 8380
9595 8757 7479
7798 9919 7339
8856 8475 8696
7672 9937 7586
8578 7356 9209
9268 9117 7477
9812 7779 7928
7413 8921 9189
7680 9538 8481
7625 9752 8222
8006 8075 9214
8025 9867 7446
8651 9023 8492
8808 9485 7660
8905 8464 8668
9262 9160 7490
9385 8355 8190
9148 9241 7642
9493 7812 8403
9619 8718 7486
6958 8035 9599
7609 9895 7877
7148 7937 9669
7991 9252 8717
8188 9365 8402
8383 7700 9176
8590 8040 8996
8610 7505 9201
8722 8523 8854
9611 8735 7471
8007 9862 7669
8337 9637 7932
8364 9752 7530
8355 7477 9283
8623 9495 7841
9118 8508 8453
8855 9462 7775
9305 9048 7632
9461 7963 8345
9519 7808 8385
9646 8603 7481
7560 9901 7872
7929 9083 8883
8059 7480 9469
8913 8410 8652
9181 7749 8829
9635 8324 7914
9751 8503 7425
7222 8500 9441
7226 8395 9476
7557 8918 9109
7578 9340 8816
7296 7326 9696
8376 7300 9322
9426 8189 8339
7363 8895 9218
6943 7392 9746
7927 9830 7779
8714 9438 8002
8799 8761 8643
9765 7932 7902
9697 8431 7548
6895 7515 9736
7418 8018 9513
7942 9461 8507
8131 7493 9425
8387 9274 8480
8741 7480 9158
9417 7642 8598
9748 8131 7628
6957 8174 9570
7635 9825 8087
8341 9564 8124
8683 8773 8667
9616 8639 7563
9865 7900 7529
7655 9698 8315
7409 7905 9555
7588 7544 9537
8086 9005 8822
8549 9304 8333
7475 9239 8940
7256 10046 7214
7866 9913 7569
8244 9801 7434
8413 7350 9320
8946 9096 8207
7651 9507 8548
7582 9642 8443
7613 7810 9463
7714 9642 8279
7970 9799 7853
8743 7476 9158
9210 9035 7724
9696 7881 8045
7597 9511 8549
7078 7668 9674
7283 7949 9530
7762 7322 9581
8306 9237 8539
8287 9534 8171
9577 8507 7825
9740 8530 7481
7453 7274 9655
7428 8220 9467
8214 8329 9120
7738 9745 8096
8605 8545 8856
8022 9847 7685
8897 9407 7724
7535 8945 9117
9430 8002 8386
9126 8936 8221
9234 7732 8758
7538 9908 7880
8785 8938 8537
9386 9009 7459
7500 9977 7687
6856 7652 9725
7884 8951 8995
9452 8352 8186
7603 9703 8294
7419 9943 7760
6931 7954 9624
7207 8397 9491
7652 8995 9058
7836 9526 8490
8662 9575 7766
9417 7893 8489
9228 9146 7658
7892 9831 7751
8168 7624 9306
8113 9769 7695
8823 9319 7958
9496 8661 7861
7613 9206 8880
7842 8266 9234
7526 7420 9576
7900 7399 9510
8033 8725 9025
7677 7585 9472
8380 7521 9280
9129 7738 8844
9830 7671 7880
8092 9326 8516
9223 8786 8123
9832 8306 7430
9891 7891 7423
7635 9564 8461
7921 7838 9336
9516 8870 7527
7250 7966 9547
7814 9348 8638
7838 9707 8085
8667 9571 7621
9103 7794 8894
9518 8473 8003
9377 8923 7627
7748 7454 9534
8642 8508 8888
7046 8243 9554
7481 8918 9173
6924 7413 9746
7808 8653 9131
7879 8340 9224
7914 9677 8108
8759 9254 8060
8615 9374 8118
8703 9575 7588
9435 7648 8537
8377 8811 8908
8121 9806 7680
9120 7826 8807
7466 9978 7626
8871 9317 7825
8533 9469 8021
9386 8464 8184
7799 8573 9155
8314 8821 8854
8740 8210 8932
7287 8498 9416
7567 9014 9074
7781 9759 8069
8261 9636 7947
9252 8913 7953
9474 7807 8431
9646 8124 7864
9596 8720 7625
9946 7520 7154
7466 8789 9291
8390 7638 9257
9038 7857 8810
8878 9443 7761
9919 7941 7166
7433 8983 9137
7888 9483 8485
8338 7387 9334
8388 8972 8674
9217 8225 8469
9675 8264 7644
9918 7751 7337
7515 9929 7812
7530 7992 9471
7492 8745 9244
8100 7418 9443
8088 7942 9206
8729 9395 8049
8140 9843 7523
9015 9011 8093
8768 9532 7605
7148 8010 9618
8973 7957 8816
8840 7488 9103
9252 7635 8753
9705 8571 7418
9594 8758 7495
9737 8538 7546
7742 9523 8494
7787 8879 9009
8232 9694 7708
8898 9374 7824
9450 8932 7546
9519 8165 8177
9815 7931 7772
7155 8301 9519
8728 8538 8695
9485 7896 8368
9820 7850 7763
7710 9551 8452
7656 7716 9536
7898 7456 9505
8688 8751 8647
9574 8793 7495
7898 7403 9524
8138 9468 8270
7792 9958 7448
8319 7358 9337
9076 8193 8665
9369 8430 8280
9378 8145 8447
7684 9545 8457
7856 7366 9568
8591 8660 8818
8908 7954 8910
9144 8503 8548
8961 9384 7631
9120 7641 8857
9263 8965 7824
9530 8093 8043
9255 9090 7598
8891 9441 7760
7511 9936 7791
7978 8842 9066
8465 7470 9256
9191 7729 8833
9644 8636 7496
7438 8862 9211
7460 7784 9561
7563 8734 9207
7407 7591 9633
8950 8384 8635
9348 8887 7887
9402 8038 8444
9356 8948 7646
9224 9184 7572
7711 9750 8136
9770 7787 7958
9581 8086 8075
9911 7852 7301
9883 7748 7508
7389 8401 9355
7593 9865 7988
7635 9927 7843
7015 7290 9740
7388 7307 9644
8134 9691 7880
8385 7376 9308
8453 9702 7517
9022 8971 8123
9280 8095 8572
9270 8888 7876
7536 9264 8886
7451 8092 9425
8053 8368 9150
8105 9602 8233
9467 7979 8332
9627 7790 8248
7501 9972 7602
8563 9650 7873
9133 9018 8072
8992 9278 7760
9798 7816 7835
7696 9592 8365
8673 7517 9132
9034 9361 7724
8679 7418 9188
9033 7637 8926
9368 8460 8214
7900 9294 8644
8372 9682 7730
8506 9682 7626
8702 7420 9170
8511 8097 9048
9390 8974 7459
9454 7730 8505
8153 7775 9286
8155 8676 9000
8088 9856 7460
8817 9387 7869
9093 9317 7633
9523 7757 8413
7617 9629 8400
8446 8124 9015
9318 8900 7714
8957 9396 7626
9365 8278 8308
9673 8329 7707
9345 9056 7529
7336 10036 7295
7690 9020 9052
8192 9454 8274
8250 9734 7685
7658 9938 7540
8623 7742 9061
8910 8795 8541
8912 9459 7666
9603 8541 7681
9472 7736 8499
6955 7659 9687
7541 9125 9018
7772 9922 7672
7634 8751 9183
7711 9815 7859
8196 7550 9339
8365 9430 8254
9517 8256 8015
7799 8870 9016
9109 9299 7636
9380 8077 8449
9479 8445 8035
9083 9258 7658
9695 8034 7896
8728 8384 8850
9080 9320 7618
7665 9391 8717
7692 9682 8314
7166 7425 9705
7887 9877 7668
7926 9316 8630
8331 7289 9335
9002 7905 8777
8985 8143 8720
9401 8870 7751
9275 7850 8742
9513 8198 8115
7485 8895 9179
7006 7413 9735
7838 9052 8895
7800 9381 8664
7716 8901 9029
8270 8983 8768
8922 7486 9068
9390 7940 8454
9571 8201 7953
8134 9720 7788
8289 8614 8947
9560 8821 7538
7463 8886 9199
7317 8655 9353
8618 9274 8247
9019 9069 7995
9171 7887 8757
9180 7819 8806
9942 7786 7192
7180 8311 9504
6891 7497 9737
7604 8851 9065
8296 8797 8945
8143 7465 9434
8942 9409 7668
8736 8837 8562
9139 7774 8836
9798 8113 7559
9689 7916 8043
9681 8231 7777
7181 8567 9441
7390 8360 9408
8305 7526 9299
8737 9534 7754
9123 8939 8185
7627 9291 8830
7823 9305 8796
7337 7702 9563
7319 8320 9491
8766 8083 8905
7646 9196 8878
8146 8966 8810
9296 9057 7682
9682 8596 7423
7695 9901 7793
8141 9838 7518
9860 7557 7639
7487 9829 8088
7693 9964 7470
8004 9868 7418
8708 9449 7854
8605 9621 7532
8941 8221 8741
8950 9405 7732
9722 7891 7962
9866 7867 7466
9835 8248 7383
8467 7407 9254
8795 7786 9007
9683 8356 7628
9774 7838 7873
9639 7658 8217
7757 9615 8312
6942 7491 9745
7435 8489 9333
7943 8955 8933
9059 9255 7703
9330 9040 7554
9524 7733 8440
9603 7765 8332
9903 7920 7263
7400 8938 9207
8785 9365 7895
9199 9154 7686
7590 9644 8421
8900 8065 8887
9016 8787 8444
9124 7635 8855
9351 8129 8537
9321 8003 8564
7975 9663 8108
8084 9203 8647
8580 9397 8006
8892 7516 9052
9234 9155 7509
9432 8957 7509
8055 9693 7912
8157 7883 9264
7842 8111 9237
8932 9356 7785
7712 9427 8686
7004 7430 9737
7508 7749 9532
8284 7740 9262
8309 8426 9050
8461 9087 8515
8968 9334 7747
7515 9467 8652
7271 7957 9522
8724 7997 8954
9163 9209 7532
8789 9419 7822
9399 8203 8311
9366 8897 7809
7505 10007 7405
7445 7410 9626
8856 7448 9079
9546 8834 7554
9246 7800 8752
9660 7783 8193
7712 9673 8325
6935 7718 9693
7536 8346 9352
7802 9359 8684
8075 9499 8286
7220 10065 7171
7951 7756 9430
7947 8012 9294
8258 9085 8756
8142 9230 8583
8962 8800 8434
7131 7411 9708
7626 8355 9260
7672 9833 7999
8167 7825 9209
8372 9671 7842
9442 7698 8521
9640 8199 8010
7519 7275 9629
8421 8739 8871
8885 8551 8642
7609 9829 8080
7722 7892 9454
7461 10015 7489
7517 10015 7345
9059 7819 8882
9855 7997 7490
7609 9231 8882
7305 7387 9664
8892 9409 7760
9311 9101 7460
9429 8809 7780
9382 9032 7603
9664 8478 7735
7421 8900 9174
7690 9783 8134
7589 8807 9196
7546 9061 9086
8530 8406 8937
9420 7826 8584
7571 9496 8593
7247 7465 9645
7718 8060 9358
8658 8673 8803
9258 8732 8256
9346 9011 7631
6918 7609 9709
7205 8503 9442
7804 9349 8624
7755 9832 7848
7678 8199 9335
8138 7477 9421
8665 9494 7936
8680 9482 7924
9132 8917 8115
9762 8056 7694
9310 9027 7621
7705 9791 7995
8103 8108 9172
8665 9100 8399
8811 8414 8802
8710 7510 9135
9577 8739 7502
7544 8777 9205
9413 8669 8039
9405 7762 8590
9507 7763 8407
9906 7881 7184
7886 9095 8825
7734 7663 9439
8553 9379 8115
8604 8177 8994
9455 8841 7750
9371 7843 8664
9538 8266 8012
9238 9065 7638
7343 8774 9352
7748 9064 8932
8017 9452 8401
7724 7698 9442
8173 9718 7786
9105 8106 8703
9226 8787 8122
9646 7602 8216
9729 8060 7872
7848 9843 7691
7925 7533 9452
7966 7404 9502
8650 9060 8535
8962 7812 8933
9526 8658 7864
9881 7580 7576
6939 7553 9729
7356 8446 9416
7733 7118 9590
7896 7799 9385
8280 9246 8505
7801 8508 9159
7775 9441 8558
8536 7269 9232
8959 9388 7757
7621 9358 8767
8399 8450 9032
8501 9567 7892
8583 7654 9166
8583 8150 9005
8728 9480 7826
8475 7394 9260
8640 7508 9144
9364 8783 8017
9500 8758 7593
9561 7829 8343
9814 7908 7789
7634 9584 8479
7960 8256 9163
8966 9306 7781
9336 7770 8684
9841 7773 7789
7663 9717 8263
7360 8737 9294
7372 10024 7346
7391 7217 9692
8089 7811 9268
7840 8341 9186
7961 9456 8524
8292 8072 9148
8536 8348 8910
8567 9498 7889
8465 9664 7650
9188 8676 8307
9109 7712 8846
9104 7789 8883
9456 7848 8501
9498 7642 8486
7588 9547 8503
7611 9893 7895
7577 9240 8917
7956 7780 9324
7609 9201 8884
7880 7230 9530
9741 7877 7991
7379 7300 9670
8274 8392 9080
8333 9029 8685
8513 9318 8177
8409 9020 8646
8685 7498 9154
8972 7773 8912
7658 9773 8140
6993 7428 9741
7293 8537 9397
8269 8901 8770
8219 7655 9270
8630 8382 8891
8595 7354 9219
9035 8746 8396
9272 8345 8432
9151 8440 8499
9540 8614 7857
9503 7731 8480
9680 7763 8188
9794 8421 7491
8855 8845 8439
7501 9271 8879
7196 8565 9464
7353 7341 9658
7515 10016 7380
8234 7726 9269
9173 9114 7831
8879 9380 7767
9137 9260 7622
9615 7955 8252
9840 7814 7862
6851 7497 9744
7246 8800 9287
7112 8453 9498
8847 9454 7781
9774 8066 7609
7531 9265 8888
8554 9144 8504
8288 9742 7620
8299 8224 9108
8660 7461 9176
9202 8198 8480
9229 9206 7547
9638 8240 7942
9774 8121 7583
9856 7659 7630
9852 7731 7713
7238 8555 9405
7444 8092 9426
7644 8715 9256
7710 9941 7503
8425 8741 8858
8767 8404 8837
9147 8806 8309
9094 9236 7760
9298 7676 8700
9751 7859 7978
7505 8079 9442
7507 9937 7774
7884 8430 9107
9302 8766 8170
7217 7265 9699
7811 7575 9468
8743 8797 8644
8840 9322 7931
9003 9312 7755
9327 7862 8572
9374 8530 8096
7216 7425 9658
7636 7290 9594
8439 8372 8947
8482 8700 8844
8610 8103 8988
9060 9323 7538
9768 7960 7798
9743 8521 7428
7286 8590 9373
7856 9785 7930
8050 8958 8830
7526 10012 7394
8888 7707 9000
7485 9388 8763
7671 9695 8189
7510 9995 7405
7768 7652 9454
8311 7973 9116
9222 9019 7878
9903 7994 7223
7659 9892 7803
7382 8944 9171
7379 10027 7213
7775 7626 9455
8754 9304 8198
9793 7820 7909
7451 9342 8793
7665 7233 9618
7600 7357 9585
8664 8342 8976
8916 7694 8975
9087 8523 8439
9232 7855 8717
9730 8238 7584
9908 7796 7314
7663 9329 8785
8409 8773 8891
8750 7473 9116
9207 8013 8645
9023 9155 7886
9435 8561 7902
9644 8268 7862
9865 7918 7475
9917 7827 7285
7232 10058 7132
6934 7543 9733
8422 8206 8995
9709 7803 8130
8587 8993 8669
9108 7850 8850
9469 7712 8504
9797 8178 7463
7272 7365 9669
7967 8828 9097
8581 9521 7860
8414 8898 8716
8975 9286 7949
8311 9761 7532
8772 9439 7845
9759 8340 7570
7833 8387 9170
8189 9746 7724
9858 7884 7593
7523 8952 9112
7019 8082 9593
7595 9074 8997
7157 8626 9410
7464 8853 9207
8613 9385 8074
8466 7435 9296
9278 7799 8716
9763 7842 8065
7494 9716 8286
7563 9543 8515
8156 8693 8979
8367 7960 9148
8323 8577 8955
8371 8630 8917
8343 9285 8455
8457 8754 8815
8901 7692 9021
9071 8696 8469
8575 7457 9222
8910 7677 9008
8092 9449 8472
8331 9312 8423
8475 7630 9215
8601 8884 8767
9208 8533 8343
9366 8954 7637
9632 7761 8235
7433 9985 7546
7343 10036 7201
9717 7841 8066
7551 9078 9054
7992 8658 9056
8828 9486 7659
9076 8856 8377
9056 9311 7669
9651 8238 7853
9403 8959 7466
9935 7729 7264
7558 9171 8973
7563 9964 7694
7477 7557 9569
7664 9838 8023
8071 8923 8879
8861 9128 8272
8653 9326 8147
9116 8016 8706
9323 9082 7515
9809 7985 7539
7974 8174 9179
8823 9148 8158
9188 8187 8578
9869 7611 7558
7754 7550 9472
8117 9763 7891
8045 7365 9475
8577 7390 9205
8685 7683 9055
9807 7715 7989
7857 7379 9531
7847 8703 9120
7729 9974 7387
8444 9204 8620
8636 9593 7617
8802 7436 9137
9042 8773 8383
9047 8709 8437
7393 10022 7380
7113 7264 9718
7806 9817 7829
8867 9483 7736
9732 7790 8127
7379 8990 9146
7853 9014 8905
8339 8547 8958
8929 9232 8053
8741 7452 9161
9151 8300 8577
9120 8695 8420
9611 8253 7947
8339 8645 8946
8662 9262 8310
9158 8640 8380
8945 8833 8484
9010 8941 8193
9276 9112 7534
9561 7854 8283
7127 8482 9469
7843 9918 7524
8949 7954 8829
9058 8004 8729
9423 8940 7524
6947 7450 9735
7613 8850 9154
8874 9060 8216
8692 9120 8386
9815 8107 7431
7351 8787 9292
7353 10024 7358
7465 7409 9623
7833 7489 9529
8463 9560 7908
8923 7536 9040
9172 9120 7733
9235 8176 8642
7512 9196 8957
7300 8893 9240
8047 8629 9052
7694 8812 9122
9042 7632 9007
9197 7765 8783
9358 9067 7423
9833 8252 7386
8424 8616 8893
8675 9597 7587
8844 7583 9096
9469 8679 7878
9735 8564 7489
7370 8709 9320
7596 9059 9033
8576 9623 7576
8636 7542 9143
9310 9067 7568
7618 9470 8626
7636 9410 8721
7174 7415 9696
8076 8755 9017
8703 9166 8321
8253 7532 9410
8714 9063 8472
8824 9351 7924
9168 9111 7978
9215 7685 8812
9413 8778 7917
9461 7863 8461
9870 7606 7548
7331 8861 9256
8162 8921 8895
8301 9657 7848
8822 8026 8888
8870 9022 8405
8612 7516 9159
7246 10048 7157
8663 9076 8449
8877 8980 8315
9178 8011 8663
9502 8681 7838
9615 7785 8263
7441 7303 9642
7773 7527 9480
7526 8467 9334
7563 8787 9202
7866 9183 8837
8022 9566 8370
8817 9190 8191
8847 8699 8637
8632 9037 8621
8571 9658 7694
9480 7729 8493
9615 8404 7815
9413 8920 7575
7255 8777 9312
7101 7550 9686
8335 7480 9328
7999 8761 8970
8746 7498 9105
9582 7754 8371
9776 8373 7549
9598 8739 7462
9666 8070 7980
7117 8198 9565
9301 8800 7964
9239 7815 8753
9403 8034 8375
9275 9038 7707
7472 9700 8305
7908 9243 8721
7880 7447 9519
7835 7465 9498
8479 8320 8992
8664 9551 7754
9198 8558 8331
9462 8308 8188
9560 8574 7749
9497 8332 8056
7520 9973 7595
7916 9741 8083
8344 7508 9322
8095 9835 7570
8609 9196 8456
8443 9670 7654
8848 9244 7961
9402 7874 8520
9403 7850 8517
7809 8988 8973
8386 9315 8412
8336 9225 8489
8414 8190 9022
8674 8029 9039
8867 8529 8652
8922 9426 7711
8900 7595 9048
8790 7594 9092
7499 8495 9288
8083 7522 9430
8959 8396 8558
8772 9527 7674
9242 9131 7547
9475 7940 8368
9823 7843 7750
7424 7315 9630
7815 9124 8847
8741 8974 8488
8760 8555 8648
9069 8345 8635
9402 8864 7626
9525 8094 8112
9926 7614 7395
6915 7665 9700
7234 8716 9398
7610 9128 8957
7627 7184 9624
8624 8437 8896
9172 9108 7880
9384 8985 7485
9696 8316 7605
9897 7642 7513
7282 8714 9383
7225 10053 7242
7952 9494 8455
9301 8994 7705
9726 8136 7655
7917 8394 9168
8256 7428 9368
8437 8767 8819
8371 9280 8487
8278 9776 7674
8715 7550 9115
9283 8209 8443
9708 8260 7631
7459 9013 9129
7323 7782 9576
7900 8234 9213
8532 7363 9254
8719 7952 8955
8706 9022 8477
7563 9386 8767
8350 8407 9037
9667 8542 7530
6920 7962 9633
7567 8024 9420
7730 8635 9217
8400 9048 8661
8565 7739 9130
8792 9036 8435
9532 8345 8005
9632 7747 8244
7872 9393 8537
8856 9243 7983
8545 8227 8980
8890 8071 8823
8740 9548 7602
9499 8825 7610
7341 8022 9495
8277 9302 8427
8292 8035 9190
7935 9892 7480
8778 9106 8279
8733 9559 7704
7638 9811 8186
8173 9587 8163
8515 7377 9271
9015 7682 8983
9091 8179 8640
8998 7808 8884
9108 7703 8851
9551 8761 7557
7068 8401 9519
7201 8455 9489
7844 9750 7954
8720 9150 8272
9458 7756 8489
9473 7916 8372
7510 8886 9184
8679 8260 8891
8939 9423 7586
8876 8195 8772
9478 8691 7757
9832 7818 7673
7582 9087 9011
8698 7881 9048
8684 9576 7602
8845 7682 9061
9259 7949 8710
7656 8165 9390
7889 8950 9004
7880 9665 8182
7877 9825 7810
8485 9514 7965
9470 8777 7639
9330 7796 8679
7286 8129 9515
8059 9637 8228
8313 7560 9289
9169 9187 7599
9668 7771 8153
9709 8153 7710
9875 7591 7600
8225 9253 8539
8604 8845 8636
8820 8725 8586
9003 7754 8954
8924 8389 8615
9253 9075 7626
9727 8272 7626
7555 9096 9031
7259 8639 9396
7478 7255 9632
7533 7271 9628
7560 7656 9538
8360 9421 8374
8565 9161 8468
8795 7456 9112
9110 9147 7851
8983 9357 7728
9324 8468 8381
7493 9911 7857
8052 7351 9473
8695 8537 8845
8726 9548 7824
9099 7799 8892
9709 7901 8005
7288 8176 9503
7884 8536 9103
7719 9954 7470
9664 7815 8178
9919 7631 7454
7988 9597 8288
9522 8354 7985
9549 7835 8316
9691 7896 8048
9943 7561 7042
7532 9124 9062
8027 8746 9030
8511 9206 8358
9226 9179 7602
9143 7844 8798
9932 7739 7221
7668 9842 8021
7932 9567 8350
8318 7539 9282
8287 8187 9148
8414 7760 9165
8588 9614 7564
8785 7796 9050
9285 7772 8731
9638 7803 8179
7313 8690 9357
7640 9537 8539
7505 7655 9567
7905 7405 9507
7902 8020 9314
7965 9880 7579
9795 8164 7483
7227 8624 9423
7533 9665 8393
7145 7225 9708
8237 8656 9039
8237 9648 8101
8707 8234 8927
8329 9737 7584
8664 8740 8668
8870 8135 8856
8770 9498 7709
7631 9480 8578
7194 8567 9432
6997 7465 9730
8061 7930 9281
8975 9146 8194
8921 7600 9035
9162 8502 8401
9191 9057 7872
9494 7885 8377
7497 8975 9136
7461 7850 9552
8043 9733 8048
8180 7566 9417
8292 9514 8214
8609 7582 9146
8718 7491 9133
7252 8802 9285
7423 8853 9253
7803 8502 9140
8292 7638 9272
8400 7856 9119
8549 8561 8830
8232 9323 8472
8538 9299 8337
8905 9057 8275
9168 7843 8787
9517 8127 8181
9651 7854 8133
7517 9511 8601
7425 8893 9223
7599 9420 8715
8264 7741 9235
8758 7463 9122
9801 8094 7453
7154 8587 9431
7571 7373 9604
8395 9698 7577
9231 8995 8085
9860 8189 7426
7490 7535 9552
7207 7456 9644
7404 7408 9637
7223 7386 9701
7255 7453 9657
7198 7460 9682
7533 9924 7492
7606 7380 9590
9396 8164 8377
9551 8043 8161
9455 7963 8333
7377 7554 9566
7517 9937 7511
9465 8049 8322
6940 7611 9702
7285 7389 9690
9457 8051 8267
7352 7418 9664
8511 9369 8059
7303 7487 9636
8778 9440 7637
7175 7419 9710
6855 7675 9692
7360 7566 9626
7466 7432 9581
8544 9204 8338
7370 8740 9268
7549 7447 9573
9579 7901 8219
8821 9458 7586
8682 9480 7694
9615 7993 8075
9646 7929 8218
7473 9940 7741
8534 9318 8205
7149 7666 9594
7891 7452 9468
9890 7678 7463
9016 8886 8117
8686 7575 9128
9405 8329 8277
7076 7435 9703
7631 7397 9574
9508 8045 8159
9693 8092 8054
8552 9270 8287
7139 7487 9650
7503 7317 9642
6768 7674 9705
6861 7366 9751
8510 9424 7859
9625 7974 8113
7047 7540 9702
7057 7430 9722
7568 7390 9598
8045 7186 9451
9732 7955 7925
6888 7526 9745
7970 9890 7499
9423 8362 8110
9422 8936 7434
8467 9639 7564
9557 7997 8240
8384 9446 8024
8018 9447 8341
9429 7970 8417
8644 9381 7955
8924 8596 8558
9187 7770 8719
9285 8216 8477
7017 7560 9703
7905 9865 7581
9013 9088 8005
7964 7309 9502
8082 9439 8258
9176 8364 8504
6923 7526 9717
9612 7989 8110
7497 7240 9650
7897 9917 7419
7994 9875 7426
7944 7712 9398
9623 7971 8114
6901 7537 9709
8959 7670 8972
9792 7790 7867
7819 8959 8917
8465 9086 8524
9341 8204 8361
9573 7975 8297
9653 7908 8204
7496 10004 7301
8571 9428 7835
9622 7866 8219
7123 7336 9719
7493 7344 9622
7689 9609 8380
9280 8053 8552
7208 7731 9580
8248 7380 9386
7719 9289 8858
7015 7500 9746
7943 7347 9491
8769 9082 8328
9909 7684 7459
9839 7777 7541
9537 7851 8313
7768 7545 9456
9838 7883 7770
7672 9788 8059
9231 8106 8527
8174 9265 8444
9228 7957 8572
9698 7946 7992
9619 7965 8153
7316 7349 9676
9618 7969 8118
7511 9131 9022
7450 8854 9196
9268 7855 8669
7550 9270 8874
8434 7373 9323
8799 7761 9022
9482 8255 7978
9424 8865 7646
8025 7212 9468
9117 7797 8809
9333 8051 8553
9640 8507 7557
9459 8891 7461
9774 7996 7729
9443 8868 7604
7956 9755 7792
8859 9032 8221
9093 9166 7710
9327 9060 7418
7663 9773 8137
8202 9245 8527
7140 8564 9408
8113 9836 7627
9280 8911 7885
9727 8006 7894
8449 9674 7523
9075 7673 8888
7115 7712 9664
8936 9298 7754
9205 7939 8664
7102 7670 9665
7723 9942 7438
8021 9872 7474
9267 7926 8598
9757 7899 7756
6985 7598 9690
7611 9960 7423
8154 8966 8803
8189 7582 9358
8947 8824 8489
8031 9256 8567
8808 8699 8621
9484 8878 7540
9900 7950 7350
8383 8596 8933
9872 7747 7499
7943 7244 9512
8545 9393 7999
9522 8716 7555
7296 7971 9467
8779 7627 9097
9564 7843 8299
8341 9686 7598
9340 8901 7853
9723 8056 7766
7554 7399 9568
7850 9917 7436
8567 9603 7567
9080 9197 7690
9440 8794 7697
9498 8761 7673
8103 9122 8648
9011 7702 8932
9053 9126 7737
9798 7781 7836
9252 9078 7565
8252 9691 7645
9153 7657 8835
9565 8628 7797
9392 8442 8134
9383 8748 7841
9606 8722 7448
8955 7709 8965
9662 8269 7963
8932 8088 8903
9560 8196 8016
9761 8004 7735
7583 9317 8798
8461 9618 7598
9501 8784 7541
7668 9170 8955
9318 8608 8129
9832 8005 7593
9683 7893 8070
7514 7507 9540
9592 7830 8247
8308 9603 7881
9425 8966 7391
9748 7892 7792
8779 8383 8785
8670 8898 8571
9127 8226 8712
7775 9922 7502
9464 7855 8474
8929 8506 8719
7316 9982 7593
7091 7509 9689
8741 7971 9017
8983 7963 8822
9810 7761 7820
8251 9201 8546
9335 8806 7882
9182 7713 8793
9722 8415 7509
9828 7951 7644
7746 9809 7828
8566 8398 8952
8150 9794 7670
8274 9773 7531
9325 8443 8301
9495 8855 7487
7958 7364 9481
8702 7582 9117
8851 9403 7581
9612 8713 7461
7723 9773 8014
7200 7598 9595
7888 8866 8920
7477 7424 9582
7860 9496 8484
7965 9198 8665
8378 7383 9371
8729 7684 9095
9634 7961 8154
9684 8340 7774
9781 7772 7869
8886 7785 8972
6821 7756 9681
9564 8771 7415
9610 7800 8220
7244 10052 7127
7405 8717 9271
9328 7780 8597
9449 8621 7830
9433 7814 8492
9506 7835 8434
8996 7626 8977
9309 8850 7874
7243 8595 9389
8964 7781 8954
9022 7730 8891
7390 7332 9647
9489 8166 8085
9448 7895 8444
9738 8481 7448
7588 9145 8992
7505 9029 9079
9852 8061 7391
8852 9198 7934
9078 7850 8860
7651 7510 9538
8856 7688 8982
7642 9858 7923
6912 7552 9708
7180 7394 9699
8536 8689 8754
8940 8463 8703
9163 7673 8794
8290 9223 8450
8360 9678 7713
9409 8991 7426
9814 7941 7704
9743 7819 7965
6940 7630 9682
8085 9365 8312
8726 7799 9084
9315 8625 8207
7516 9818 8062
9150 7737 8795
9159 7715 8796
7482 8706 9273
8968 8511 8620
8983 9316 7678
7609 9868 7937
7700 9849 7723
9207 8222 8605
9139 7881 8795
7459 8769 9211
8490 9625 7593
9009 7644 8971
9249 7901 8607
9566 8764 7416
7138 7578 9650
7344 8733 9313
8992 9345 7436
9421 8932 7488
7700 9309 8818
8761 8794 8638
9599 8742 7451
9749 7810 7981
7576 9899 7815
9172 7976 8637
6823 7696 9691
8038 7364 9467
7170 10059 7084
7567 7356 9604
8009 9257 8592
8165 7471 9438
8216 9103 8624
8717 8569 8797
9472 8631 7810
9524 8794 7536
7102 7344 9726
7725 7345 9552
8051 9848 7520
8688 8198 8908
9857 8072 7194
7808 8702 9155
7545 9985 7416
8772 8349 8822
8746 9513 7403
7769 9400 8716
7644 7310 9608
7933 9593 8259
7085 7416 9742
7827 8952 8925
9291 7744 8637
7712 9405 8746
7638 9886 7876
8046 9754 7755
7694 9082 8883
8699 8385 8848
8620 7493 9208
9383 7720 8573
7482 9237 8911
9103 8416 8558
9007 7678 8951
7181 7425 9686
8023 9426 8369
8067 7514 9400
9317 8535 8235
8943 7680 9004
9428 7753 8527
7714 9784 7919
8032 7511 9462
9397 7576 8595
8057 9405 8383
9626 8683 7434
9641 8477 7521
9700 7796 8056
6892 7569 9722
7537 9254 8908
7629 9591 8464
7608 9963 7448
9274 7802 8637
7995 7430 9464
9543 8159 8114
9522 7797 8355
7645 9563 8516
7808 9108 8880
7884 9249 8710
8649 7658 9150
8949 8355 8715
9143 7719 8820
9829 7903 7602
7636 7885 9443
7725 8839 9101
8932 8542 8662
9005 7656 8967
9423 8646 7817
9472 7658 8463
8939 7738 8976
9685 7835 8078
7229 8932 9216
7651 9783 8175
6882 7607 9723
9013 7673 8938
9157 7722 8791
8226 9222 8463
8950 9292 7772
9160 9151 7582
9310 7878 8601
8989 7949 8843
9517 7963 8307
8660 8066 9068
8621 9577 7548
9283 7784 8717
8602 7678 9200
8785 7644 9096
8991 7666 8952
9534 8012 8189
7467 8122 9455
8611 9555 7663
9468 7953 8376
9688 7919 8056
9851 7773 7607
8402 8824 8771
9487 8593 7826
9493 7839 8346
7203 8513 9438
7669 9857 7794
8309 9532 7978
8607 8256 9036
8555 8558 8823
9854 8117 7296
8347 8538 9071
8191 9477 8252
8241 9793 7535
8467 8164 9091
8510 9044 8524
8358 9726 7529
9307 8780 8117
9495 8528 7804
7750 7306 9559
8137 7527 9398
9258 7831 8673
9354 9048 7432
7148 8521 9438
8093 9793 7682
8643 7473 9214
8896 7645 9022
9426 8963 7425
7046 7798 9667
7479 7268 9647
8790 8623 8693
9226 8731 8213
9771 7829 7831
7752 9348 8765
7039 7948 9631
8907 8581 8701
9418 8957 7456
9766 8411 7315
7042 8326 9521
8415 9677 7605
8493 9605 7650
8990 7927 8856
8967 7705 8951
9119 9210 7601
7957 8042 9329
8881 8927 8446
8629 9553 7525
9592 7991 8152
9717 8529 7380
8415 9602 7850
8506 9444 7948
9239 7878 8655
7568 9748 8217
7599 7495 9546
7449 7822 9473
8881 8667 8626
9668 7941 8068
7997 9206 8658
8828 8694 8637
8906 9410 7466
9539 8732 7523
7027 8292 9556
7505 10008 7286
7448 8131 9411
9322 8660 8102
9542 8070 8123
7515 7304 9618
8278 9530 8065
8471 9658 7477
7751 9372 8782
9068 7792 8878
8795 7603 9068
7569 7055 9609
8293 9385 8268
9229 7935 8585
9386 8547 8174
7762 7548 9486
9638 8684 7421
6942 8004 9651
8052 9442 8296
8217 7523 9388
8433 7980 9205
7571 9911 7744
6844 7540 9727
8064 9695 7981
7945 7262 9505
8733 8674 8738
8152 9816 7550
9809 8345 7414
7421 7216 9660
7711 7768 9511
8553 9637 7405
8195 9761 7640
6932 7762 9676
7502 7384 9602
7168 10064 7234
7477 7355 9629
8665 8885 8624
8632 9537 7707
8579 9581 7580
8234 8836 8848
8575 9367 8071
9248 9017 7806
7198 7653 9590
7483 7248 9643
7994 9871 7534
9568 8521 7684
7124 8605 9403
7617 9788 8118
8516 9199 8417
9880 8046 7265
8306 9683 7627
8583 9598 7507
9594 8187 7983
9341 9040 7474
9889 7597 7607
7188 8632 9378
8942 9256 7812
9421 8761 7831
7369 8143 9456
9149 8915 8085
9645 8684 7400
7811 9902 7480
8504 8991 8663
8364 9644 7662
9249 7949 8581
9782 8191 7704
7738 9587 8354
8185 9327 8374
9586 8285 7942
9451 7784 8475
9923 7831 7137
7575 9903 7708
9428 8499 8061
9570 7983 8198
9886 7907 7445
7421 8685 9287
8764 9406 7675
9792 7771 7895
7744 9483 8675
7133 7487 9695
8634 9541 7552
8840 7702 9030
9700 8221 7697
6898 7852 9664
7951 9781 7714
7952 9135 8809
9084 9267 7439
9347 8101 8499
9663 8621 7458
7961 7310 9492
8819 9147 8236
9082 8859 8144
9544 8816 7409
8381 8438 9028
8431 9484 7976
9362 8239 8351
9530 8743 7510
9421 8902 7504
9675 7928 8180
6892 7636 9699
7822 9935 7465
8858 8256 8826
9459 8908 7458
7171 7470 9669
7456 8544 9361
8858 8567 8728
9549 8780 7488
7790 9403 8705
7108 7421 9718
7018 7468 9723
7671 9076 8912
7352 7657 9523
7864 8948 8903
9189 7696 8777
9541 7773 8353
7268 7452 9648
8622 8468 8898
9625 8287 7846
8141 9160 8600
8497 8746 8892
8875 8841 8517
8621 9583 7371
9359 8839 7778
9913 7974 7326
7531 9988 7300
8021 9076 8792
7870 9572 8474
9794 7753 7956
8695 8446 8858
8781 9295 8019
9906 7620 7470
7371 7790 9497
8019 7308 9474
8155 9818 7434
9096 8007 8761
7035 7856 9650
9298 9104 7521
7774 9460 8661
7250 7455 9679
7375 7913 9467
7851 9938 7417
7645 7377 9585
8282 8251 9170
9881 7634 7531
6950 7572 9701
9326 8444 8264
9421 8263 8185
9126 9249 7515
7733 9585 8414
7254 7684 9539
7618 9970 7407
8363 8403 9041
9695 7832 8123
7268 7350 9712
7924 9576 8281
7944 9428 8512
8440 7979 9148
8438 8369 8994
8738 8324 8873
9153 7725 8796
9116 9036 7966
9895 7596 7480
7548 9242 8909
7390 10009 7388
8908 8592 8676
9404 8747 8031
9701 8063 7875
7544 9957 7474
8578 8509 8838
8640 9331 8110
8218 8356 9107
8726 7569 9144
9132 8846 8144
9149 7782 8790
9683 7848 8081
7018 7853 9654
9157 8608 8557
8718 8852 8739
9771 7850 7818
8324 7650 9305
8442 9637 7669
9610 8646 7510
7108 7868 9596
7375 8404 9386
8159 8820 8927
8592 8682 8816
9170 7808 8734
9431 8294 8126
9436 8822 7744
9827 8201 7409
8909 8865 8476
9303 7659 8679
7521 9112 9002
7653 7368 9553
8603 7966 9157
8620 8993 8618
8879 8757 8572
9729 7993 7939
7449 9075 9071
7472 9873 7895
8250 7319 9394
8592 9599 7410
9431 8325 8114
9007 8546 8594
9132 9092 7892
9276 9117 7546
7637 9777 8185
7260 8332 9483
7359 8645 9300
8349 8754 8869
8315 9456 8235
8834 7716 9025
9099 8542 8560
9508 7919 8334
8372 9457 8160
9418 8295 8212
9564 8688 7636
7448 7623 9565
7491 8778 9209
8043 7568 9404
7977 9878 7410
9105 8413 8630
9415 7632 8533
6822 7750 9682
8589 8994 8567
7942 9893 7425
9340 9053 7502
8780 9033 8244
8225 9614 7879
8788 8439 8775
8640 9532 7760
8691 8083 8940
8658 8578 8798
9203 7804 8702
7633 9163 8980
7716 7893 9429
7794 9472 8584
9418 8916 7571
7750 9803 7788
7632 9952 7472
8838 7805 8986
9317 8154 8491
9282 8915 7818
8826 9427 7563
7940 9224 8613
8153 9773 7611
9082 9164 7720
9784 7965 7661
9929 7533 7313
7300 7614 9594
7828 9463 8489
8579 9284 8122
9488 8160 8252
9749 7888 7888
7695 9669 8361
7549 9018 9101
8964 9154 7953
9120 9162 7645
7505 9932 7671
9285 8472 8262
7619 9897 7804
7363 9928 7765
8528 8062 9097
9204 9087 7783
9309 7748 8635
7273 8190 9458
7029 8202 9550
7500 9954 7674
7331 8987 9174
7620 8865 9083
8262 9499 8192
8354 7685 9268
8598 7706 9178
8815 7955 8989
8989 9261 7740
9190 9128 7580
9290 7748 8667
9822 8303 7451
7619 9892 7838
7367 8805 9278
7577 9978 7371
8855 7866 8911
8888 7648 9007
9425 8896 7550
7532 9752 8192
8007 9301 8557
7930 9782 7693
8219 9273 8395
8766 8885 8551
9378 8850 7679
7174 8645 9383
7306 8734 9328
9466 8232 8237
9633 8289 7802
7067 7882 9603
7494 8979 9161
8859 8326 8766
8887 8844 8515
8859 8468 8731
9508 7774 8421
7523 9229 8944
7123 8474 9472
7374 10009 7424
8720 7964 9060
8854 8995 8311
8822 7559 9111
7293 7318 9696
8115 8699 9002
8380 9702 7587
9570 8514 7950
7886 7600 9415
9139 8827 8173
8970 7592 8986
9775 7808 7799
7595 9248 8899
7694 7279 9577
8990 7739 8942
9795 8141 7559
9807 8319 7473
9289 7765 8667
9754 8270 7678
9626 8608 7529
7047 7760 9643
7352 8597 9314
8661 8213 9025
8649 9558 7422
8843 7560 9089
9235 8994 7894
7599 9923 7669
7458 7384 9646
8515 7555 9264
8670 8046 9062
8634 8296 8943
8915 8473 8727
8794 7672 9077
9160 9227 7478
9451 7663 8517
7359 8721 9291
8189 8785 8933
8208 9162 8549
8034 9856 7520
8654 8711 8740
8965 9090 7950
8998 7703 8945
7679 9732 8292
8335 9465 8109
8590 8264 9000
8603 9575 7595
9220 7978 8606
8679 9547 7433
9519 7765 8426
9697 7833 8085
8507 8070 9067
8892 8765 8553
8877 9386 7642
9607 7973 8174
8517 7520 9278
9605 8402 7708
7543 8986 9126
7123 10064 7235
7852 7294 9558
8381 9633 7721
8705 8933 8570
9208 8640 8362
9158 8650 8523
9140 9156 7604
7416 7633 9524
7400 8879 9232
7885 9631 8193
9074 8764 8454
9200 8113 8617
9353 8590 8087
7665 9811 8034
7101 7780 9600
7345 10046 7187
7970 7538 9449
7784 8465 9239
9408 8699 7952
9885 7771 7471
7187 8574 9402
8340 9676 7721
8711 9285 8061
7346 8504 9372
8000 7318 9472
7920 9854 7597
8207 8596 8997
8498 8867 8725
9633 8642 7497
7370 7360 9662
8562 9557 7736
8221 9785 7551
8945 7638 9000
8606 9594 7414
7648 9641 8391
7957 8682 9107
8552 9258 8324
9053 9331 7554
9376 9003 7420
7189 8590 9401
7321 7937 9491
9187 7625 8796
9713 8489 7496
7311 8863 9238
7646 7474 9561
8201 7388 9394
8995 9163 7798
7685 9842 7917
7559 9155 8989
8273 9503 8087
8346 8818 8915
8941 9113 8171
9099 7630 8869
9354 8575 8232
9521 7771 8420
9761 8441 7500
9812 7970 7595
9827 8224 7274
7725 7277 9577
7786 7504 9544
8063 9489 8248
8422 7446 9323
9075 8298 8660
9080 7802 8818
7646 9417 8721
7237 8885 9233
7689 9310 8796
8743 8847 8579
8325 9557 7873
9093 9264 7544
7632 9294 8839
8091 9310 8484
8761 8035 8924
9106 9030 7998
7604 9648 8365
7643 9620 8424
8007 7667 9381
7317 10047 7225
8886 9128 8099
8316 8127 9197
9620 8634 7506
9573 7814 8310
8783 7663 9095
9289 8549 8257
9593 7811 8234
7266 8919 9212
7686 9966 7323
7954 8125 9348
7921 8515 9235
8933 8823 8496
7939 8659 9134
8712 9113 8370
8983 9278 7707
9195 9125 7693
7811 9375 8746
7863 9748 7863
8829 8381 8806
8188 9767 7560
9615 7791 8267
9716 8096 7755
7295 7438 9642
8448 9585 7849
8740 7618 9110
9911 7659 7409
7345 8683 9337
7294 8777 9279
7122 7389 9722
8537 9473 7838
9164 9135 7729
7288 10037 7362
7650 8471 9323
8181 8674 9001
8702 8036 8936
9062 7702 8891
9752 7896 7766
7484 9040 9097
7773 8528 9208
7435 7799 9485
7737 9064 9019
8192 8445 9133
8633 7404 9241
8699 7418 9181
9538 8817 7456
9719 8501 7379
7728 9529 8586
8652 7675 9147
8453 9347 8133
9366 9009 7620
7519 9110 9067
9058 7904 8866
9230 8463 8433
8882 9470 7552
7194 8180 9589
7212 8643 9368
8541 9167 8453
8773 7943 9002
9585 7879 8231
9762 8426 7418
7007 8197 9561
8060 7502 9440
8396 9694 7582
8790 8593 8727
8739 9508 7433
9360 8953 7626
9224 7833 8701
9450 8921 7463
9282 7818 8625
9839 8030 7493
7045 8349 9519
7981 7531 9438
8685 9064 8512
9138 8842 8177
9195 8245 8623
9819 8132 7503
9678 7858 8103
7948 7595 9436
8403 9054 8720
9011 7641 8958
9321 9060 7522
9580 7733 8282
6881 7766 9670
7072 8200 9537
8524 8455 8934
8781 7723 9056
8792 8748 8667
9562 8771 7479
7394 7465 9626
7785 9216 8837
7719 9949 7416
8146 9709 7767
7505 9994 7329
8094 7375 9442
8403 8994 8731
8450 9650 7551
8738 8893 8564
8534 9620 7593
9216 7994 8634
9460 8899 7419
8421 8544 8947
8521 8475 8983
8430 9658 7550
8930 7687 8977
9739 7969 7916
7825 8858 8985
7753 8301 9334
8805 7563 9092
9798 8006 7546
7632 9573 8505
7162 7298 9722
7908 9423 8524
7847 7876 9414
8037 7472 9458
8159 9316 8420
8508 7547 9300
9529 7571 8389
7821 9665 8294
7099 8295 9529
7313 8830 9278
7349 7341 9676
7568 7350 9605
7692 9735 8071
8956 7624 9012
7388 8885 9212
7633 9977 7381
7467 8538 9285
7945 9449 8500
8561 8916 8684
8742 9282 8170
8779 7607 9110
9097 9046 7948
7419 9547 8517
7797 7926 9382
8412 9716 7536
8129 9108 8648
8725 9001 8496
9115 8790 8422
8830 9417 7620
9276 8521 8317
9205 9162 7571
9473 7563 8503
9717 7949 7961
7247 8448 9450
7381 7342 9647
7819 7477 9478
7754 9595 8344
7234 8742 9333
7226 10046 7245
7070 7483 9705
7512 8011 9454
8342 7596 9330
8278 8915 8812
8617 9216 8231
8893 8681 8548
8935 8938 8273
8688 9071 8486
8906 9326 7781
8847 9215 7930
9816 8251 7469
6903 7534 9713
7500 9898 7852
7140 8660 9358
7735 7776 9447
8370 9221 8405
8552 9639 7531
9460 8874 7599
9677 8357 7787
7342 8082 9460
7764 9856 7663
8655 9571 7399
9449 8085 8410
9857 8007 7486
7830 9713 8183
7959 8502 9153
8610 8499 8899
9013 9323 7665
9607 8629 7655
7655 9770 8189
7755 9260 8789
7510 9063 9074
7454 9995 7331
7518 7204 9629
7657 9959 7389
8006 9200 8651
8670 8138 9059
9696 8610 7519
7548 8974 9132
9086 9159 7723
7911 8294 9241
8440 9608 7759
8324 8562 8955
9376 8149 8395
9443 8392 8045
7365 7378 9663
7509 7537 9527
8576 9611 7542
8989 8903 8214
8939 9277 7850
8975 8430 8642
8978 7699 8951
9154 9234 7495
7752 9352 8755
7732 9224 8826
8198 7221 9414
8680 7532 9192
9153 8794 8129
9483 8884 7546
9919 7812 7228
7144 8520 9450
8495 7717 9200
8971 9203 7928
9106 9166 7643
7641 9831 8057
7537 8067 9424
7684 9760 8125
7670 7348 9593
8112 8603 9075
8436 9575 7871
9210 8657 8279
9134 9217 7563
8232 7311 9406
8507 9393 8094
8431 9644 7648
8906 7636 9036
9104 8836 8278
9166 9079 7857
7661 9493 8648
7529 9331 8787
7417 7255 9659
8158 8377 9185
7931 9440 8514
8957 7844 8931
9454 8849 7644
7589 8473 9304
7370 10043 7342
7890 7300 9514
8283 9558 7889
8668 9543 7490
8990 8533 8619
9027 9124 7868
9103 9230 7668
8899 9410 7500
8747 9489 7550
7302 8901 9223
7356 7308 9665
7715 9213 8872
8302 7754 9312
7705 7420 9547
8024 9850 7596
9226 7739 8766
9409 8800 7756
9815 8202 7475
8027 8708 8989
9429 8431 8084
9864 7942 7379
7648 9495 8597
7694 7356 9562
9003 9161 7852
9705 8053 7882
8289 9749 7512
8701 8370 8877
9161 7926 8673
9223 8126 8602
9257 8519 8403
9416 8335 8145
9699 7832 8060
7158 10063 7274
7680 8174 9386
8742 8796 8650
9154 8679 8240
8998 8917 8199
9389 7638 8593
9752 7855 7875
7557 9164 8991
7988 8792 9069
8017 9004 8873
8274 9086 8641
8457 9334 8366
8338 7458 9359
8406 9714 7554
8764 8820 8572
9603 8434 7713
8752 8840 8570
8855 8259 8862
9292 8056 8551
9486 7725 8444
9628 7786 8249
9917 7619 7298
7145 8404 9476
8602 7665 9237
9073 9010 8009
8810 9487 7551
7410 9023 9161
7960 9637 8144
7968 9649 8024
8379 8932 8755
8718 7438 9168
8731 9128 8243
9321 8435 8383
6921 7902 9658
7642 9253 8897
7082 8314 9522
7566 9977 7396
8093 7551 9379
8361 7622 9319
8402 8347 9049
9082 7721 8876
7657 9541 8570
7506 8512 9326
7753 8998 9029
8271 8173 9290
8511 8809 8783
9266 8446 8478
7214 10044 7319
7714 9907 7593
8544 7436 9269
8316 9737 7482
9603 8720 7484
9252 9139 7470
7067 8165 9590
7041 8267 9549
8188 7392 9419
8040 9182 8679
8257 9257 8388
8951 9371 7510
9468 8663 7772
9422 7816 8512
7891 9854 7618
7661 9858 7608
8053 7738 9361
8321 7523 9352
8677 8430 8870
8532 9333 8124
9100 9065 7936
9441 8185 8240
9586 8306 7926
9411 7528 8575
7214 8081 9542
9484 8600 7943
9509 7782 8363
8564 7508 9238
8567 9178 8325
8433 7572 9293
8922 8991 8390
9315 9065 7760
7868 9647 8070
8985 8890 8364
9151 9199 7556
9493 8587 7834
7219 8584 9393
7810 7286 9568
8236 8561 8992
8019 9783 7683
8486 9458 8006
9425 8931 7491
9882 8033 7365
7667 9540 8561
8263 7557 9338
8916 7579 9063
8998 7817 8890
8138 9803 7681
8568 8305 8978
8759 9472 7817
9300 9066 7649
7140 8593 9406
7239 8679 9349
8889 7602 9085
9189 7647 8794
9410 7955 8571
7432 9902 7829
7634 9962 7360
7337 7416 9667
8170 7385 9424
8957 9289 7691
9305 8142 8499
9703 8089 7853
7481 8840 9199
7291 8016 9505
7833 7301 9557
7901 9026 8894
8435 7732 9227
8586 9227 8227
8253 7490 9379
8804 9366 7804
8550 9568 7668
8660 7416 9208
8920 9376 7565
9537 8819 7459
7612 9169 8963
8106 9035 8809
8423 9085 8576
7808 9940 7428
9517 8734 7668
9319 7798 8634
7579 9330 8845
7818 9465 8591
8995 9082 8114
9375 9037 7506
9671 8302 7792
9461 7695 8505
9782 7764 7968
7646 9674 8343
7435 9988 7520
7412 7269 9648
7661 7264 9596
8326 7247 9383
8296 9508 7980
8487 8705 8905
7926 8774 9103
7492 7483 9562
8163 9678 7732
8417 7488 9342
8767 9045 8398
8887 9360 7795
8947 8573 8628
8800 9441 7630
9377 8992 7378
7157 7620 9617
8569 8896 8722
8859 8772 8548
9655 8619 7478
9862 7761 7571
7595 8912 9086
7399 7487 9580
8634 9134 8362
8502 7695 9241
9220 8566 8451
9648 8664 7413
9582 8761 7491
7413 9494 8602
7961 8851 9043
7463 7560 9523
8630 9149 8324
8928 7639 9030
9268 9051 7767
9404 8769 7770
9761 7885 7766
9801 7758 7896
7031 8016 9641
7750 9006 9004
8326 8872 8847
8713 8596 8772
9759 8352 7598
7259 8659 9366
7207 8204 9507
8955 8047 8892
7212 8402 9471
7241 10055 7206
7272 8529 9404
8241 9679 7705
8102 8824 8923
8366 7508 9345
9145 7780 8805
7506 8521 9277
8039 8498 9096
8517 8540 8882
8927 8131 8881
9550 7564 8339
7184 8366 9488
7909 7411 9512
7849 8263 9296
8523 7403 9270
8870 9230 7857
8567 9582 7581
9167 7747 8787
9518 7754 8427
9202 9196 7537
9682 8372 7610
7106 8322 9504
8047 8963 8884
8263 7294 9378
8632 7678 9186
9188 9191 7571
9888 7992 7250
7783 9535 8579
7215 7932 9545
7527 7419 9596
7306 8922 9211
7444 10036 7385
8759 8589 8748
8329 9729 7536
7779 9660 8329
7873 9299 8690
7771 8804 9205
7967 8512 9110
8063 9624 8162
8186 8319 9210
8609 9404 7870
8871 9196 8087
8905 7831 8932
9793 8110 7607
7646 9802 8038
7797 9431 8593
7754 7193 9577
7941 8479 9226
7561 9990 7299
8445 7262 9320
8635 9538 7534
7848 7300 9563
8360 8444 9068
8347 9251 8446
8103 9570 8009
8918 9087 8220
9228 7672 8751
7699 8663 9240
7495 7478 9574
7998 9714 7814
8411 8256 9054
8268 7554 9352
8703 8435 8802
8966 7781 8910
9497 8811 7512
9595 8741 7460
7050 8226 9534
7716 9635 8377
7434 9126 9026
7895 8534 9151
7917 9783 7737
7732 7287 9571
8198 7367 9409
8524 9108 8518
8990 8587 8568
9151 8727 8259
9316 9006 7735
9413 8949 7654
9266 9076 7576
9842 8229 7210
7732 9716 8301
7481 9904 7814
8377 9410 8188
9170 9069 7830
9351 8068 8514
9489 7958 8314
9711 7930 8043
9950 7694 7148
8178 9574 8005
7802 9801 7910
8276 7292 9379
8160 8637 9072
8455 9621 7599
8505 9632 7532
9935 7638 7296
7162 8417 9471
8423 7435 9333
8803 7664 9043
9409 8375 8228
9129 7724 8854
9700 8349 7649
7461 9032 9100
7511 9334 8798
9048 8878 8393
9413 8981 7412
9686 8253 7722
9948 7714 7181
7643 9693 8345
7684 9629 8393
7910 9528 8368
8156 9680 7807
8538 7621 9259
8473 9483 7953
8923 9390 7531
9097 7770 8867
7264 8437 9437
7131 8195 9508
7403 9947 7676
8240 7577 9348
8440 9391 8152
9321 9094 7513
7572 9189 8988
7813 8751 9146
7875 7801 9409
8256 9759 7553
9811 7737 7860
7595 9087 9070
8096 9560 8213
8504 7659 9258
8715 7571 9173
9224 9178 7478
6814 7717 9683
7631 8673 9271
7579 7385 9583
8982 9143 7893
8779 7970 8956
8844 8973 8528
8605 9584 7484
7744 9955 7351
7421 7827 9467
8473 8414 8985
8688 7558 9190
8880 7645 9027
7198 8747 9328
8071 8464 9177
8610 8237 8987
8611 9359 8113
8622 9567 7565
9133 8272 8628
9055 9307 7498
9766 7842 7927
7033 7638 9675
8438 8980 8691
8106 9358 8323
9137 9153 7735
9214 9191 7519
7670 9602 8429
8117 9538 8076
9070 9268 7583
9220 7908 8630
7996 8699 9006
8226 9761 7560
9447 8633 7987
8936 9345 7595
9444 7919 8473
7858 7403 9547
8374 8455 9010
8828 7650 9037
9172 8402 8544
7041 8126 9606
7287 8759 9295
7777 9442 8634
7622 9605 8439
7327 8472 9429
7967 7598 9408
8083 8372 9212
7983 9567 8344
8256 7574 9375
8383 9142 8559
8739 9488 7594
9021 7652 8921
9081 9300 7533
7674 9579 8480
7152 7403 9711
7669 9875 7596
7988 7519 9409
7920 9244 8702
8784 9403 7694
8921 9058 8212
9495 8741 7692
8940 9376 7459
7677 9235 8897
7098 8327 9501
7164 8591 9399
7715 9599 8462
7047 8045 9595
8261 7419 9379
8657 7488 9194
8936 9378 7494
9253 7897 8649
9856 7642 7699
7893 8880 8917
8020 8689 9007
9197 9042 7793
9464 8700 7779
9466 8891 7459
9942 7723 7190
7569 9120 8998
7827 9497 8547
7456 10000 7328
8807 7545 9118
9139 9106 7820
9325 8841 7959
7596 9747 8239
7351 7965 9482
8244 9425 8303
9102 7759 8850
9404 8986 7457
7569 9915 7796
7657 9746 8258
7361 8428 9365
7963 9484 8461
8518 8336 8990
8495 9402 8102
8495 8963 8734
8434 8327 9003
8623 9576 7472
9181 9153 7573
9795 7803 7859
7798 9584 8449
7232 7664 9570
7700 8239 9353
7995 7220 9483
8184 9684 7653
8341 7440 9363
8487 8998 8640
9240 8633 8254
9206 8312 8526
9652 8658 7461
7724 9274 8839
7899 9578 8328
7961 9695 8007
7975 9869 7542
8635 7885 9090
7751 9696 8311
7345 8147 9457
8456 9059 8584
8789 9372 7860
8684 9417 7860
9302 8233 8464
9278 8793 8110
9038 7652 8907
9873 7685 7529
7826 9381 8736
7351 7667 9517
7226 7385 9696
8571 9268 8282
8564 9602 7618
8954 9353 7566
9493 7677 8462
9825 7745 7809
7769 8420 9289
8068 9608 8244
9046 9296 7636
9447 8336 8074
9582 7678 8333
9412 7731 8551
7585 9987 7333
8715 9534 7611
9144 7786 8806
9470 8005 8292
9445 8944 7370
7921 7147 9525
7728 7338 9571
8692 7439 9189
9141 9182 7578
9833 8086 7435
9847 8218 7388
7342 8836 9243
7066 8395 9497
7459 8311 9359
7841 9781 7807
7841 8853 9031
8072 8986 8844
8054 9172 8694
9615 8600 7630
9920 7877 7182
7857 9589 8335
7823 9726 7873
8261 9144 8570
8285 7842 9313
8548 7588 9255
8898 9144 7975
9138 9219 7524
9572 8689 7538
7579 9592 8494
7145 8076 9592
7168 10047 7249
7932 8802 9073
9248 7583 8734
9556 7829 8300
9817 7728 7829
7709 9544 8520
7820 9729 8174
7567 9243 8901
7184 7597 9608
7342 8500 9396
8594 8458 8903
8300 9742 7642
8885 9423 7478
9164 8651 8346
9268 9097 7559
7600 9202 8959
7803 9793 7768
7834 8557 9175
8251 9351 8270
8267 9535 8025
8356 7463 9354
8781 8794 8563
9115 9225 7520
9399 8030 8430
7398 8797 9264
7516 8941 9193
7936 9506 8410
9333 8589 8129
9380 8917 7659
9524 8830 7462
7555 9545 8527
7326 8746 9289
8174 8722 8954
8448 9050 8592
8618 8172 9043
9645 8680 7491
9543 7726 8319
7295 8646 9345
7812 9667 8243
7602 9309 8830
7570 9989 7202
7526 7240 9617
8008 9473 8304
8277 9751 7530
8325 9714 7620
8804 7664 9042
8964 8773 8474
9682 7729 8130
7971 9463 8345
7729 7519 9521
7956 8442 9192
7970 9700 7914
8446 9426 8080
8621 8145 9032
9084 7992 8806
9161 7798 8753
9197 9003 7976
9379 8935 7671
9335 9022 7523
9579 7853 8232
9841 8105 7424
7416 9324 8855
7925 8285 9231
7630 9179 8906
7960 9436 8471
9371 7973 8508
9446 8771 7712
9249 9119 7480
9514 8854 7462
9650 7756 8240
7446 9192 8987
7786 9478 8623
7553 8953 9099
8536 9399 7892
8803 9381 7746
8483 7548 9317
8600 9519 7826
8697 8069 8991
8500 9649 7472
9424 7591 8530
9281 9108 7511
9698 7789 8086
7590 8875 9090
7980 9317 8582
7975 9872 7531
8596 8365 8950
8744 7551 9113
9250 9106 7560
9180 9221 7500
8011 7828 9322
8061 8029 9320
7914 9885 7519
8803 9301 7989
9020 9202 7737
8668 9500 7708
9307 8160 8473
9440 7960 8432
7642 9583 8463
7295 7590 9635
7984 7412 9468
7980 9047 8882
8143 9525 8231
8261 7463 9356
8412 8075 9236
8859 8767 8598
8755 9501 7539
9349 7737 8654
9131 9224 7522
6784 7682 9704
8127 9076 8725
8005 9421 8458
8229 9551 8027
8219 9811 7553
8927 9075 8175
9386 8915 7657
9423 7698 8528
9944 7511 7298
8190 7462 9417
8427 8075 9175
7766 8942 9080
8378 8524 8974
8742 8130 8920
9127 8661 8334
8810 9434 7623
9707 8304 7612
7334 8895 9207
8439 9096 8543
8834 7671 9035
8636 7575 9201
9588 8706 7524
9871 7733 7634
7809 9770 7912
8000 7607 9387
9208 9148 7578
7045 8258 9530
7892 9407 8634
9329 9055 7514
7262 8569 9358
7705 9608 8382
7553 9113 8999
7562 8939 9091
8514 9592 7769
9790 8185 7536
9514 7866 8308
7401 8970 9192
7809 9840 7679
8122 9532 8107
8584 9595 7461
8790 7579 9088
8754 7542 9167
9090 9257 7634
9548 8731 7508
8492 9009 8551
8909 7624 9064
9527 7583 8372
9352 9013 7521
9936 7737 7200
7351 8890 9229
7563 9854 7984
7878 8909 8951
8417 8489 9008
9027 7721 8900
9349 8577 8227
9345 8916 7774
9400 7994 8412
9444 8940 7418
9288 9105 7478
9649 7932 8115
9741 7909 8055
7711 9437 8700
7064 8000 9627
7406 7467 9608
8294 8671 8989
7864 9906 7422
8669 9073 8461
8389 9694 7592
8729 7757 9057
9158 8004 8778
9222 9186 7568
9750 7772 7952
9230 9148 7522
7266 8798 9314
7789 9673 8248
7297 8482 9419
7959 9424 8479
8505 7768 9174
8428 9677 7587
9153 8088 8733
8756 9489 7532
9398 8474 8112
9126 9250 7456
9706 8492 7491
9870 7600 7650
8030 8852 8917
8080 9348 8396
8170 7651 9358
8661 7877 9123
8796 9376 7762
9529 8043 8243
9711 8455 7537
7511 9053 9071
8307 9313 8380
9023 9312 7581
9454 8901 7493
9715 8043 7856
9758 8057 7752
9702 8552 7382
7450 8848 9239
7611 9102 9044
8305 8925 8799
8691 9054 8497
8363 9649 7723
9078 8699 8528
9465 8353 8009
7252 8487 9437
9360 8864 7774
6871 7624 9711
8118 9745 7730
8216 8683 8963
8922 9318 7765
8479 7888 9219
8674 8018 8999
9280 8001 8561
9454 8717 7748
9213 7868 8656
9808 7743 7823
7342 10014 7500
8789 9250 8146
8902 7840 8967
8919 9397 7603
9345 8971 7707
9683 8177 7783
9746 7717 7988
7087 8296 9509
7434 8235 9443
7393 7438 9631
7743 9950 7402
8493 7559 9294
8684 9105 8414
8311 9533 7905
8172 7505 9419
8406 8088 9223
8728 9195 8309
9280 7796 8646
8162 9683 7664
8974 9284 7804
9094 7717 8880
9112 9243 7578
9765 8309 7555
9826 8254 7380
7055 8310 9525
7676 8959 9071
7864 9147 8804
7884 9053 8839
7816 9941 7374
8524 7747 9169
9169 8631 8480
9453 8724 7723
9556 8801 7462
7690 9784 8096
7875 9672 8031
7545 8499 9328
7802 9026 8897
8067 9440 8360
8057 9566 8248
8057 7250 9446
8625 8928 8598
8480 9675 7467
8441 8796 8837
8702 7809 9080
9123 8758 8196
9595 7596 8269
7075 8315 9509
7352 7784 9498
7886 7297 9534
8401 8336 9124
8186 9783 7570
8556 9619 7482
8549 8302 9017
8933 9373 7562
9136 8300 8599
7646 9150 8977
7706 9937 7469
9195 9078 7820
8760 9442 7591
9356 7718 8627
9327 8295 8350
9827 8127 7466
7243 10033 7389
8887 8030 8910
8672 8497 8890
8721 9072 8478
8721 9505 7519
9314 8657 8170
9272 8983 8069
9378 8958 7493
9247 9145 7510
9289 7609 8725
9812 8187 7512
9922 7744 7176
7412 9977 7660
7705 9556 8499
8301 7462 9374
7979 8282 9234
8454 7585 9270
8839 7874 8946
9029 9307 7630
9767 8404 7372
7106 8456 9490
7606 9496 8587
7882 7444 9492
8348 8306 9159
8861 8556 8707
8385 9072 8745
8719 8859 8716
9331 8255 8326
7372 8325 9452
8280 9633 7833
8580 8517 8835
8677 8167 8933
8825 9315 7925
9632 8603 7569
9857 8060 7449
7618 9609 8463
7729 9591 8459
7844 8656 9136
7447 10029 7293
8922 7559 9035
9015 7598 8935
9871 8034 7323
8694 9541 7590
8991 8128 8661
9700 8305 7675
9287 7906 8554
9806 8015 7611
8528 8234 8945
8484 9666 7378
8972 7727 8921
7573 9969 7390
7978 7948 9258
8215 9677 7760
7247 7749 9575
9905 7990 7245
8605 9605 7476
8620 8079 8944
7452 7444 9582
9014 7726 8885
7706 7697 9460
7587 7335 9621
9624 8640 7568
7654 7385 9567
7396 10009 7318
9463 8232 8188
8361 9395 8177
8976 7895 8881
9030 7894 8772
8294 7502 9301
7861 7556 9461
9256 9062 7832
9730 7869 7929
7336 9034 9100
9047 9183 7784
9684 7913 8044
7097 7397 9715
8663 9506 7670
7387 9908 7692
9272 8140 8514
8623 9572 7416
8393 8578 8880
9207 8490 8364
8403 7466 9290
9470 8208 8175
9340 8899 7803
8229 7552 9348
9110 9244 7559
7904 7555 9422
9178 9126 7831
8351 7625 9268
7662 7368 9567
7629 7348 9587
9486 8755 7571
8795 9480 7537
8267 7507 9316
9750 7818 7950
7493 7448 9578
8454 9681 7529
8874 9391 7759
9080 8323 8601
7688 7985 9378
8960 7494 8992
8733 7747 9015
8554 9617 7517
7992 7515 9420
8170 7527 9353
7710 9207 8778
7847 7342 9529
8198 7567 9338
9167 7799 8718
7106 7493 9649
9252 9107 7501
7691 7376 9562
8994 7954 8790
9833 7848 7721
7606 9793 7951
7912 7488 9482
8808 7794 8983
8044 9605 8220
7741 8670 9139
7832 9706 8203
7574 9967 7385
8863 8863 8467
7331 10002 7395
8074 7509 9368
9683 8345 7646
9791 8336 7384
8791 7643 9067
9847 7737 7677
8150 7443 9412
7562 7757 9501
7787 7368 9559
9035 9209 7699
9289 8935 7866
9640 8655 7481
7674 9072 8907
8742 9275 8045
8951 9293 7795
9379 8263 8387
7986 9595 8231
9293 9044 7600
9056 9271 7519
7265 8679 9329
9760 8414 7505
8375 9203 8381
9706 8529 7495
8138 9031 8751
9734 8388 7563
8165 9372 8432
8970 9306 7772
6934 7416 9747
8865 7730 8947
7844 8852 8912
9312 8848 7963
7675 8438 9254
8950 8089 8678
9124 7754 8808
7335 10033 7209
7242 10058 7063
9724 7974 7989
8226 8840 8835
8545 8194 8978
9464 8532 7921
9640 8026 8021
9412 8875 7653
7453 8142 9416
8256 9583 8048
9483 8767 7747
9489 7746 8505
8916 7564 9032
8852 7733 9003
8674 9565 7504
7649 9900 7667
8366 9257 8413
9283 7860 8622
7131 8509 9440
8254 9516 8128
8576 8486 8842
7863 9638 8198
8560 9613 7390
7715 9099 8892
7034 7417 9742
8025 7309 9445
8780 9089 8242
7294 10046 7195
7091 7900 9640
6995 7483 9730
7131 7668 9626
7877 7593 9416
9668 7794 8227
7569 9953 7587
8988 9331 7635
7550 7542 9519
9816 7777 7879
7460 9905 7740
7628 7361 9601
8050 9740 7910
8863 7751 8920
9650 7961 7993
9091 7951 8745
7969 8372 9153
7974 7244 9487
8724 7686 9090
9682 7891 8045
9334 8952 7731
9919 7961 7305
7123 7886 9617
7725 8541 9190
7302 10044 7150
8801 8550 8720
8574 8093 9016
9402 7750 8585
9726 8285 7785
7345 10009 7351
8665 8609 8760
8112 9705 7917
9045 8547 8413
8866 9184 8004
7620 7909 9398
8796 7583 9088
9571 7831 8388
7991 7396 9472
9425 8353 8181
7624 8425 9320
7704 9646 8208
8547 9176 8389
9097 9042 8013
9220 7818 8709
7357 9229 8933
7493 7295 9651
7899 7412 9498
8910 9254 7918
8632 7687 9082
8508 9179 8513
7436 10015 7174
8776 7631 9076
8637 9561 7542
9489 7895 8394
9690 7816 8135
9621 7872 8230
6861 7496 9740
8501 9639 7554
8508 9613 7639
9812 8122 7443
7716 9641 8334
7701 7327 9593
8200 9305 8496
7855 7530 9517
8582 9600 7522
8975 8767 8437
9093 9236 7625
9556 8650 7711
9538 7744 8446
9668 7881 8120
9220 8175 8478
8374 9297 8399
9717 8311 7674
7339 10037 7198
8418 9263 8356
8794 8573 8725
8988 7702 8893
9860 7967 7574
7639 7204 9599
7920 7348 9523
9535 8818 7482
9228 8564 8290
9304 8923 7806
9638 8365 7927
9884 7984 7381
7225 7636 9627
7486 8462 9297
8671 7704 9077
9488 8911 7512
9651 8403 7723
9928 7847 7288
6973 7960 9623
7482 10004 7334
7720 8919 8957
9467 8890 7526
9553 8085 8198
7712 7365 9581
8694 7577 9170
7674 7385 9555
8663 9434 7824
8434 9357 8156
8906 9046 8336
9325 8867 7825
8662 9144 8248
8592 9319 8077
8594 9564 7621
9116 9249 7538
7864 9683 8172
8170 9661 7872
9024 7707 8873
9903 7806 7319
9200 7755 8786
9812 8061 7510
7491 7531 9529
8058 8478 9130
9165 7884 8682
9848 8169 7367
7901 9460 8392
7837 8101 9303
8674 9340 7950
9022 7680 8893
9018 8524 8519
8675 9554 7530
9328 8982 7791
9930 7782 7219
8616 8101 8937
9377 7920 8534
9916 7769 7328
7954 9756 7737
7151 8836 9278
9669 8339 7741
7586 9657 8309
7118 8890 9245
7921 9664 8027
8632 7668 9095
9457 7793 8537
9716 8480 7580
7796 7366 9530
9017 9314 7575
7615 9710 8290
7525 9669 8362
8558 9182 8349
9438 7772 8563
9677 8561 7566
7873 9554 8268
9078 8763 8394
9744 8375 7510
7512 9895 7767
7199 8830 9299
8926 8832 8491
9190 8352 8454
9264 9002 7854
8321 9155 8595
7337 8879 9241
7725 7406 9520
9651 8151 7927
9692 8482 7570
7068 8672 9385
8684 9558 7458
8162 8176 9126
9433 8904 7597
9695 8158 7879
8475 7846 9141
8832 8632 8644
9071 8838 8334
8923 7807 8893
8543 8582 8825
7822 7590 9446
8622 9573 7378
9616 8637 7571
9816 8081 7426
8685 8130 8877
8786 9068 8267
9572 8430 7790
7090 7295 9734
8060 9609 8196
8783 9221 8062
9732 8295 7725
8656 7632 9139
9212 8899 8089
9467 8884 7541
9932 7692 7327
7841 9835 7631
8150 9532 8149
8746 8864 8584
9493 8702 7620
7632 8920 9073
9318 8142 8489
9712 8555 7494
9757 7722 7979
7349 9004 9141
7919 7385 9523
9745 7881 7895
9160 9218 7518
9591 7734 8359
9728 8345 7609
9920 7703 7349
7361 9870 7904
7501 7827 9516
8049 7942 9290
8460 9534 8011
9577 7901 8353
9567 7909 8305
9888 7812 7347
8445 9022 8666
8566 8708 8750
7386 7445 9587
8514 9309 8157
9237 9104 7738
9604 8529 7648
7340 10033 7173
8146 9705 7779
7450 9374 8777
7386 7347 9674
8797 8619 8661
8670 9484 7676
8756 7574 9089
7326 10051 7070
9066 8653 8396
9882 7878 7458
7119 7381 9709
7943 7221 9495
8853 8801 8507
9208 8514 8344
7434 8065 9423
7465 8487 9311
7867 8231 9293
8566 7482 9211
8886 9369 7663
9500 7958 8315
8110 9267 8704
9486 7760 8487
9649 7889 8190
8673 9159 8196
6972 7409 9746
8251 9642 7916
8391 7563 9272
7959 9489 8350
8215 9064 8699
8990 9312 7613
9624 7864 8205
9828 8031 7457
8486 9269 8263
8810 7605 9079
8838 9348 7948
9100 8187 8637
7508 9356 8803
7654 9262 8921
7040 7906 9641
8160 8984 8859
8756 9287 7970
9785 8392 7447
7027 8057 9619
8853 8338 8800
9200 8237 8446
8569 9153 8541
8115 7480 9422
8691 9429 7846
9119 9239 7476
9675 8593 7601
7000 8278 9524
8257 9295 8535
9253 7824 8703
9604 7878 8301
7715 7513 9542
7951 9923 7543
8551 8449 8855
7467 9184 8968
7121 7939 9628
7893 8834 8917
8941 7925 8831
9679 8493 7532
7396 7421 9596
8684 8803 8740
8566 8001 9035
8905 8459 8700
8768 9293 7949
9020 7697 8895
9190 9098 7901
8775 7503 9121
9004 9269 7715
9407 8177 8447
7860 9276 8764
8569 7515 9202
8928 9067 8165
6986 7727 9671
7922 7592 9409
6969 7594 9724
7229 8773 9289
7678 8749 9098
8071 9283 8645
8632 9182 8344
8428 8335 9012
8787 7914 8996
8958 7805 8915
7808 9941 7353
8679 9286 8141
9726 7887 7911
7350 8915 9174
7771 7849 9369
8235 8599 9012
8474 7496 9260
9176 8885 8219
7843 7736 9390
8422 9668 7708
8486 9603 7800
9001 8756 8568
9152 8925 8139
9377 8495 8082
9600 7830 8303
7700 9243 8891
7728 7657 9447
7536 10002 7250
8711 8305 8856
9304 8116 8547
9835 8205 7298
8617 9339 8051
9898 7759 7393
8897 8544 8692
9363 8865 7674
8628 9557 7676
7045 7530 9692
6906 7430 9741
8003 9875 7480
8507 8046 9065
8845 7912 8910
8639 9295 8170
9130 9141 7853
7586 9153 8960
7134 8528 9436
7728 9071 8921
8640 7709 9063
8113 9391 8488
9371 8343 8320
8340 9262 8442
8651 9551 7675
8199 9805 7416
8620 9266 8198
8323 9398 8395
9700 7781 8215
6884 7586 9731
7356 8439 9477
8975 8076 8711
9497 8887 7457
9660 8198 7852
7263 8301 9521
7481 9907 7668
8100 9292 8556
9170 9119 7864
7671 9377 8719
8754 9520 7357
7490 8892 9235
7888 9019 8894
8531 9641 7393
7440 7782 9527
8452 9570 7809
8518 7550 9242
9361 9002 7618
9554 8089 8182
9493 8737 7560
9183 8255 8551
9055 9277 7597
8415 9623 7871
8455 7435 9295
8359 8798 8893
9002 8924 8342
7014 7672 9683
8050 8777 8907
9596 8736 7587
7895 8829 8964
9348 7730 8692
7441 8962 9138
7899 9499 8388
7708 9227 8877
8614 9581 7527
8873 8822 8505
9604 8124 7989
9678 8578 7427
7944 7738 9383
9929 7769 7291
7018 7861 9652
7767 8860 9010
8592 9211 8245
7044 8535 9467
9787 8503 7424
7562 7881 9479
7959 9445 8493
8512 8284 8927
9617 7880 8280
9902 7976 7260
7044 7958 9614
8220 9424 8284
8355 9686 7720
8545 8445 8860
9257 7774 8698
9652 7800 8253
8019 8627 9082
7646 8989 9029
8190 9540 8130
7645 7417 9551
7548 9711 8241
7761 7851 9439
8198 9665 7795
9428 7696 8569
9555 8710 7612
7183 8941 9184
8107 8770 8931
9343 8943 7652
9857 8179 7329
8583 9414 8126
8639 7877 9049
8989 7533 8959
9426 8893 7605
9148 7824 8783
9257 8220 8462
7431 7304 9644
8313 9754 7525
8712 8832 8717
8917 9263 7909
7453 9540 8572
7591 7398 9615
9754 7795 7983
8743 8919 8615
9520 7788 8431
9601 7709 8377
8590 7532 9185
8355 8421 9009
8900 8931 8450
9571 8772 7378
9550 8657 7618
9834 7685 7767
7204 8543 9426
6921 7502 9726
8263 8880 8816
8855 9383 7777
8350 7371 9349
8692 7580 9161
9345 8899 7752
7601 9487 8589
7940 8058 9331
8813 7494 9095
9553 7914 8245
7240 7370 9692
8504 9598 7783
8553 8166 8980
8521 9634 7462
7510 9795 8151
8799 8115 8812
9077 7744 8851
9555 8833 7465
7574 8943 9078
7981 9121 8816
8850 9074 8179
9244 8535 8300
9815 8248 7385
9881 8071 7289
7578 9476 8660
7873 9876 7545
8012 9630 8219
9465 7684 8522
9899 7931 7332
7025 8210 9578
8931 9310 7693
9103 7573 8885
9084 8448 8500
9031 7783 8850
9175 7875 8644
9773 8019 7730
9667 8653 7506
7386 8961 9166
7972 8667 9107
8193 9746 7545
8302 8805 8847
8846 7739 9047
9090 9263 7516
9639 8415 7777
8034 9683 7975
7561 8872 9193
7283 7374 9663
7656 7735 9506
8193 8662 8936
9071 8416 8658
9298 8603 8221
9722 7820 8116
9745 7781 8009
7892 9547 8347
8589 7386 9202
9149 7745 8791
8489 8416 8923
9560 7811 8392
7284 8205 9563
7140 7363 9724
8713 7663 9129
8904 7575 9042
9562 8771 7398
8579 7423 9204
9108 8996 8139
9304 9004 7708
7820 8844 9001
8568 9174 8356
8726 7652 9134
8059 8416 9143
8307 8064 9202
8328 7429 9319
8655 8380 8880
9133 7679 8810
9343 7850 8697
9628 8002 8040
7104 7786 9662
7440 7268 9660
7370 7491 9641
7843 9891 7626
8318 7485 9312
8858 7524 9081
9657 7874 8165
7902 9545 8333
8793 7771 9000
8809 9473 7629
9092 9190 7716
7502 8772 9206
8301 9533 8118
8810 8086 8802
9055 7763 8836
8872 8477 8726
9332 7875 8567
9847 7939 7609
7527 9133 9020
7805 9526 8491
8133 9856 7473
8328 9183 8496
8898 8405 8710
9110 8060 8684
9460 8328 8104
9436 7713 8565
8228 9518 8128
8184 9782 7486
8475 8292 8965
8528 8854 8736
8660 9488 7714
9314 9042 7609
9417 8936 7579
9844 8085 7418
7455 9025 9129
7596 7426 9579
7539 8434 9308
7944 9499 8385
8398 8786 8862
9334 7874 8571
9841 7623 7705
7400 9188 8996
8508 8115 8985
8926 8087 8700
9465 8916 7472
9335 8905 7713
9763 8338 7513
9747 8456 7442
7021 7657 9669
7492 7916 9454
8419 8171 9069
8430 9606 7831
9651 7941 8160
8423 7351 9299
8939 8854 8486
9253 9098 7556
7611 9547 8511
7311 8567 9369
7024 8058 9620
8045 8825 8888
8993 9195 7823
9288 7745 8709
9114 9242 7554
9479 8675 7870
9120 9221 7577
9356 9021 7445
9668 8598 7546
7157 8209 9538
7102 8515 9444
7402 7948 9509
8553 8726 8742
8325 9671 7730
9771 7958 7825
9737 8343 7573
7545 7429 9579
7890 7996 9360
8581 8384 8892
9360 8854 7772
9609 7829 8294
6845 7558 9734
7491 9357 8767
7718 7252 9566
8630 7600 9161
9165 7773 8782
9712 8059 7876
9859 7982 7400
8529 9301 8180
8797 7514 9098
9329 8652 7959
9737 8521 7511
7812 9710 7917
8702 7943 8914
8393 9067 8546
8742 7466 9137
9297 9069 7479
8237 9487 8208
8401 9455 8172
8630 9407 8011
8357 9696 7571
9031 9301 7612
9222 7755 8720
7660 9102 8950
7438 8559 9350
7035 7318 9743
7460 10012 7314
8468 8713 8839
8572 9612 7700
9157 9194 7533
9620 7792 8280
9804 8317 7484
7841 8931 8951
8667 9484 7681
9460 8027 8323
8110 9438 8393
7796 7397 9521
8467 9623 7720
8633 9543 7730
9328 8862 7806
7041 7448 9734
7082 7330 9737
7765 8232 9268
8082 8328 9123
7603 9973 7337
8833 9136 8110
8980 7666 8972
9332 7953 8499
9745 8532 7431
7026 7469 9730
7780 9412 8555
8485 7882 9120
8490 9436 7976
9110 9052 7904
9251 8949 8058
9488 8017 8349
9541 7821 8394
9805 8293 7613
7213 8100 9599
8042 7579 9381
7484 9196 8959
8199 8715 8910
8029 9429 8466
9557 8708 7590
9685 8468 7590
7078 8762 9350
8229 8136 9163
9020 9311 7586
7896 7547 9428
7920 8072 9325
8673 7956 8970
8512 8420 8880
9633 7788 8295
9825 8233 7343
7511 8980 9075
7605 9404 8717
7166 8047 9611
7246 10036 7278
9738 7843 7971
7587 9689 8299
7014 7660 9712
7640 9790 8024
7701 9969 7327
7806 7261 9554
8297 7392 9347
8631 7823 9078
8476 8519 8895
8733 7625 9100
8639 9531 7687
7421 9004 9130
7779 9608 8223
9075 9291 7518
9586 8747 7492
6886 7483 9736
7612 9530 8553
8313 8029 9172
8034 8566 9090
9588 8026 8212
9631 8731 7523
9722 7834 7995
7307 8274 9491
7988 9492 8338
9599 7908 8256
7631 9864 7924
8804 8723 8655
9136 9196 7614
9406 8479 8130
9455 8586 7997
7770 9639 8336
7964 7824 9305
8499 8177 8990
8300 9070 8673
8360 9366 8244
8285 7492 9398
8539 8700 8797
9447 8061 8481
9675 8660 7443
7739 8897 9043
7704 7533 9523
8241 9448 8235
9164 7963 8638
9718 8568 7446
7764 9453 8564
8971 7504 8983
9703 8117 7856
7389 8987 9141
7364 8622 9317
8423 9368 8203
7991 9712 7912
8555 8843 8736
7952 9887 7440
9113 9253 7536
9536 7836 8404
8291 9745 7642
8617 7783 9169
8803 9044 8341
9290 8414 8266
9623 7783 8347
7593 9552 8542
7377 7459 9559
7818 9922 7560
8032 8779 9003
8896 9093 8135
9061 7750 8838
9149 9182 7641
8250 8680 8927
9352 8859 7775
7086 8347 9503
7744 7378 9536
7334 7369 9660
7997 9881 7485
8762 7504 9110
9734 8536 7444
7459 9537 8566
7480 9528 8572
7094 8655 9430
7688 8907 8979
8038 7581 9373
9925 7702 7539
9943 7756 7271
6986 7641 9721
7606 8667 9242
8088 8194 9181
7178 8595 9411
7422 8939 9170
7825 9415 8498
7992 8923 8910
8217 7799 9269
8954 9179 8044
9483 8190 8225
9796 8324 7397
7635 8869 9129
9121 8018 8690
9070 7648 8882
7462 8455 9326
7999 7437 9446
8296 9634 7734
8302 9690 7591
8348 9498 8051
9299 8732 8172
8291 7879 9259
8531 9276 8201
9270 8420 8249
9509 8267 8098
9630 8633 7534
9750 7805 7990
7262 8715 9334
7183 10065 7163
7538 9999 7255
8782 7971 8893
8634 9568 7349
8841 7767 9002
6969 7766 9685
7101 8304 9508
7485 7312 9634
8178 9782 7490
8783 8359 8751
8508 9665 7521
9464 8207 8201
9785 7953 7821
7690 9676 8240
7462 9916 7677
7811 8796 9009
9283 8097 8592
9284 8200 8438
9523 8117 8203
9673 7818 8161
9905 7757 7600
7952 9810 7795
8137 8770 8914
8763 9519 7593
9285 8946 7890
9625 7706 8320
8607 9187 8272
9395 8884 7656
9109 7817 8821
9685 7810 8201
9491 8708 7633
9287 9123 7471
9612 7900 8215
9635 8698 7525
7572 9792 8138
7523 9676 8324
7224 7474 9647
8139 8029 9214
8567 9243 8217
8989 7842 8835
9088 7675 8853
9175 7672 8811
7060 8781 9332
7721 8414 9288
7743 9052 8944
7799 9443 8548
8031 7781 9352
8162 9796 7540
9197 8851 8208
9582 8360 8050
9647 8658 7461
7172 10043 7214
8006 9280 8744
8587 9512 7780
9104 8764 8315
7379 9689 8318
7464 9945 7601
7726 9839 7865
8309 7468 9329
8910 9416 7507
9035 9331 7535
9555 8076 8182
9744 7785 8029
9837 7683 7784
7334 8547 9417
7605 7405 9578
7806 8850 9015
7978 8138 9201
8847 7577 9065
9166 8518 8490
9115 7614 8872
8525 8416 8920
9424 8971 7509
9525 8857 7509
9536 8747 7557
7338 8862 9269
7353 9063 9071
8004 7385 9483
8665 8529 8788
8600 8426 8862
8877 9010 8385
7398 7560 9544
8073 9439 8311
8057 9863 7488
9326 8765 7975
9882 8019 7348
7332 9927 7780
8404 9051 8695
8877 9370 7689
9557 8681 7601
9748 7830 7987
9884 7800 7555
7187 10049 7192
8115 9395 8413
7478 9057 9074
8019 9480 8265
8553 8226 8901
7614 9468 8669
8444 8116 9026
8617 9551 7690
9084 8265 8589
9363 8641 8080
9580 8435 7768
9885 7896 7440
7234 8472 9474
8052 7264 9447
8790 8662 8671
8626 7315 9201
9003 8648 8636
9317 9007 7637
9200 7650 8808
9505 8864 7544
7207 8685 9376
7529 9074 9033
7433 8052 9498
7754 8833 9061
8351 7348 9328
9072 9257 7583
6994 7945 9638
7698 9430 8631
7370 8139 9464
7180 7307 9710
8185 7369 9401
8280 9606 7884
8903 8783 8574
9251 8141 8598
9270 8665 8204
9096 9207 7592
9405 8677 7791
7426 8900 9234
7255 8408 9482
7387 9981 7529
7550 9206 8932
7779 9957 7484
8153 8644 8961
8204 9618 7957
8960 9292 7908
9105 8019 8712
9071 8620 8402
9061 9267 7553
9879 8017 7358
9798 7688 7988
9824 8244 7418
7301 8813 9278
7210 8670 9370
7443 8433 9390
8638 9556 7659
8187 9785 7444
9650 8397 7747
9829 7732 7856
9865 8138 7382
7510 9494 8619
7297 10057 7155
7822 9010 8946
7516 9874 7771
7070 8718 9361
7621 7256 9611
8637 8935 8694
8453 9568 7865
8414 9062 8634
9668 8124 7964
7250 10030 7360
7569 8025 9452
7684 8211 9369
9491 8175 8237
9462 8675 7927
9542 7790 8406
9876 7831 7676
7624 9247 8923
7287 8043 9515
7238 8550 9373
7537 9889 7693
8439 7448 9275
8257 7762 9273
8496 9035 8640
8907 7538 9033
9441 8962 7578
9694 7753 8220
9833 7805 7793
7092 7650 9689
7532 9712 8304
7216 7408 9683
7406 8563 9341
9441 8516 8055
9442 8884 7632
9596 8530 7750
7747 8712 9102
7531 9220 8934
7450 9348 8815
7760 9848 7721
8455 8829 8758
7515 9805 8101
7547 9071 9057
7414 7914 9516
8395 8136 9107
9038 8502 8508
9605 7956 8237
9841 8131 7414
6933 7681 9698
7408 8128 9445
8027 9005 8859
8171 7495 9386
8470 7964 9170
8458 8067 9075
9250 9114 7550
7325 9991 7499
7640 9384 8757
9104 8571 8362
7951 7805 9323
7428 8166 9399
8191 9000 8844
8809 8832 8502
8720 7479 9158
9334 8845 7825
9515 7971 8290
9799 8320 7346
9873 8081 7254
7115 8213 9549
7686 9613 8470
7085 8237 9530
7567 9659 8407
9557 8814 7524
7135 10037 7239
7646 9361 8731
7624 9883 7743
8392 9583 8035
8467 8528 8927
9686 7804 8147
9480 7895 8518
7657 9215 8905
7555 9703 8310
7465 9755 8210
7193 7475 9708
7483 8903 9177
7765 9408 8594
7471 7307 9637
8371 7403 9327
8565 8023 9118
9707 8189 7803
9266 7728 8765
7062 7807 9658
7587 8254 9345
8103 9600 8190
7969 9882 7356
9281 8773 8170
9861 7952 7525
7650 9653 8360
7245 7436 9653
7052 7403 9734
9544 8565 7743
9713 7839 8130
7857 8789 9051
7692 8927 8956
7807 9314 8732
7915 8815 8988
7962 9021 8870
8830 9360 7851
9085 8600 8404
9179 7777 8777
9558 8813 7542
7960 7866 9296
8635 9111 8314
8439 9633 7764
8527 7628 9221
9110 8328 8502
9296 8808 8072
9532 8820 7483
7466 9016 9107
8045 9787 7723
7759 9837 7730
8628 8047 9033
8545 8515 8811
7615 9110 9032
7582 9665 8337
7195 7599 9644
6980 7804 9661
9265 9000 7709
9882 8053 7281
7538 9411 8748
7584 7919 9397
8048 8261 9193
8780 9177 8142
8883 8968 8393
8910 8992 8171
9378 7851 8633
9391 9011 7607
8441 8955 8786
9372 8628 8215
9012 9323 7560
9401 8760 7834
7553 9015 9057
7413 10020 7232
8314 8449 8948
8993 8971 8379
6999 8164 9591
7222 8630 9394
8585 9511 7859
9185 9162 7694
8846 9440 7631
9836 7957 7698
9661 8688 7405
7142 7932 9616
7847 9398 8691
7474 9376 8771
8221 9697 7653
8584 8064 9010
8748 7657 9091
9105 8312 8518
9296 9095 7585
9795 7843 7943
7250 8310 9505
8373 7305 9314
9123 8623 8360
8923 9340 7749
8575 9576 7600
9365 8973 7625
7012 8106 9611
7460 7355 9634
7509 8791 9205
7460 9995 7351
8306 9284 8535
8541 9555 7771
9354 9043 7538
9454 8874 7581
9889 7784 7378
7856 9578 8261
7899 8781 9071
8033 7517 9408
8297 8461 8937
9305 7949 8505
9370 7976 8482
9747 8524 7371
7858 8504 9151
7944 8934 8887
7597 7279 9633
8477 9672 7510
8931 9406 7656
9186 8228 8624
9042 8885 8342
9160 7935 8757
9581 7794 8376
7031 8349 9502
8369 9481 8142
8437 8255 9066
9493 8010 8377
9270 7939 8600
8027 9864 7492
8441 9609 7726
9239 9091 7628
9133 8323 8509
9686 7866 8061
7686 9650 8356
8666 9279 8152
8291 8835 8804
9083 7640 8866
9591 8592 7717
7684 9754 8231
7415 7613 9540
7667 9246 8896
7685 9862 7704
8186 8076 9188
8272 9186 8619
8637 8476 8829
9060 8893 8289
9019 8672 8475
9256 7980 8616
7221 8766 9304
7372 10030 7272
7667 9876 7672
9098 9013 7922
9534 8111 8189
9679 8576 7352
9629 7832 8256
7363 8526 9354
7680 9926 7489
8127 9755 7878
9047 7670 8901
9738 8525 7450
7430 9114 9055
7555 9623 8475
7456 8971 9135
7831 7548 9481
7947 7503 9437
7454 7314 9635
8617 9561 7554
8955 8153 8665
9125 7613 8838
9423 7779 8583
7543 7902 9454
7665 8616 9143
9076 9241 7589
9445 7816 8549
7290 10014 7273
7060 7386 9720
7961 9412 8538
8557 7535 9258
8771 9469 7790
8762 7596 9080
8806 8649 8582
7841 9200 8845
7549 9974 7460
8611 8402 8864
9324 8739 8160
9678 8517 7530
7005 7682 9667
7480 10012 7239
7808 8819 9010
9281 8400 8408
9222 7690 8772
7014 7901 9660
7492 9856 7960
7366 9833 7992
8462 9469 8078
9341 8578 8244
9602 8211 8165
9641 8314 7786
9747 7850 7867
9867 8084 7095
7684 9449 8617
7300 10011 7339
7576 9431 8739
7822 9077 8857
8386 8406 9031
8137 9267 8537
8651 7432 9176
8583 9562 7713
9096 8100 8664
9320 8824 7834
8993 9338 7563
9678 8563 7493
9771 7704 7947
7365 7809 9568
7386 8141 9443
8425 8344 8947
8709 8022 8898
7551 9460 8671
7987 9432 8463
8429 7849 9184
8600 8433 8850
8496 9451 7945
9060 8796 8390
7588 9824 8049
7469 8949 9134
7792 7349 9539
7759 8684 9128
8434 9722 7535
7117 8234 9532
7732 7370 9544
8684 8850 8653
8827 9471 7770
9384 8874 7663
9500 7900 8371
7637 9454 8627
7817 8869 8984
7819 9585 8298
8274 9175 8666
8126 9800 7646
8562 9017 8604
9073 8300 8625
9124 7668 8864
9460 7915 8489
8497 8938 8653
8979 9144 7937
9524 7882 8371
9949 7625 7282
9893 7759 7461
7011 8350 9500
7192 7863 9618
7548 9145 9004
7525 9983 7411
8341 8439 9046
8661 9419 7981
8509 7445 9277
8878 7727 8969
9359 7747 8664
7036 8576 9432
7461 9588 8505
7050 7603 9690
7422 7545 9536
8279 8442 9022
8577 9120 8370
9188 7699 8798
9739 8089 7849
9813 7795 7832
7120 8780 9332
7330 7621 9639
8279 8483 9014
8622 8090 8910
9899 7962 7269
7213 8749 9324
7583 9817 8090
7183 10033 7326
7582 9155 8975
7386 8766 9292
7885 9643 8113
8201 9777 7425
9267 8487 8428
9829 7740 7848
7295 8996 9155
8767 9107 8536
8438 9646 7666
9897 7828 7335
7027 8258 9546
7391 9894 7862
7264 8641 9354
8220 8842 8861
8370 9703 7553
8648 7486 9199
9161 7673 8808
7093 8316 9510
9271 8625 8226
9463 8951 7562
7578 9512 8608
7247 10041 7230
7746 9838 7768
8567 8498 8825
8542 9450 7913
8545 9627 7583
9095 8627 8369
9104 9000 7974
9205 9142 7653
9505 8869 7480
9560 8790 7554
9888 8028 7296
7397 9973 7635
7699 8936 8947
8155 9812 7504
8376 7410 9300
9146 7809 8806
9063 9196 7718
9290 7703 8757
9312 9059 7451
9425 7899 8565
9816 7713 7907
7164 10035 7309
7306 8968 9150
7627 8674 9185
9139 9181 7726
9375 8598 8236
9755 8080 7767
7724 8568 9203
8561 7841 9152
8680 8495 8823
9845 8195 7313
7106 7377 9716
8091 7608 9364
8486 8676 8858
8647 7514 9171
9007 8430 8564
9309 9058 7546
7555 9832 7980
7668 9138 8916
7428 7388 9653
7755 8660 9136
8296 9239 8610
8449 9695 7527
8855 9468 7614
9167 8889 8253
9828 8222 7372
7768 9297 8754
7519 10000 7306
7398 7409 9624
7542 8105 9407
8898 9360 7804
9097 9023 8058
9043 7673 8951
9826 8286 7291
6909 7781 9664
7507 8949 9080
7180 8456 9487
9138 7647 8830
9281 9042 7649
7346 9060 9097
7886 8652 9119
7580 9988 7347
8107 7396 9444
8053 8619 9004
8139 9850 7455
9266 8688 8179
9942 7662 7358
9939 7844 7200
7818 9915 7573
7944 9553 8269
9584 7770 8366
9748 7632 8007
7302 8720 9296
7223 7372 9669
7819 8578 9182
7916 9323 8655
8681 8138 8902
8142 9550 8228
9102 8012 8713
9937 7741 7316
7074 8257 9554
7366 9946 7712
9213 9177 7629
9351 9018 7546
7857 8656 9113
7967 9907 7365
8325 9114 8595
8044 9861 7570
8282 7503 9359
9231 9109 7582
7376 9987 7393
7670 9478 8578
8136 8448 9051
8505 8176 8980
8575 9200 8253
8482 8074 9022
9053 7612 8920
9726 7730 8070
9944 7691 7341
7172 10051 7194
7295 10012 7364
7529 8938 9124
8600 8167 8977
8258 9759 7473
8403 8597 8876
8970 7698 8936
9540 8854 7477
7445 9362 8779
7564 9993 7273
7584 9974 7369
8351 7763 9237
8338 9187 8446
9143 9215 7548
9353 7710 8681
7139 8715 9366
7996 9315 8533
8422 7457 9288
9331 8909 7755
9760 7971 7801
7663 8752 9157
7766 9808 7813
7394 7416 9600
7670 8897 9115
8698 7831 9040
8913 8772 8507
8602 9565 7530
9215 9191 7569
9226 9115 7585
9845 8100 7397
7579 9692 8314
7192 7635 9630
7656 7861 9406
8632 8610 8742
8658 9511 7821
8950 8453 8659
9028 7705 8889
9367 7814 8662
9674 7976 7901
9946 7627 7360
7648 9347 8770
7151 8645 9378
7850 8353 9265
8364 7488 9308
8635 7491 9182
9049 7676 8881
9614 8614 7591
7594 9814 8029
7590 9559 8542
7466 8931 9162
7579 9175 8935
7466 9915 7592
8474 7651 9212
8761 7652 9077
9073 9085 8106
8857 7560 9083
9455 8228 8254
9338 8132 8484
9227 8961 7945
9454 7919 8453
9837 7972 7486
9647 7807 8261
7617 9300 8930
7278 8655 9343
7764 9822 7879
7948 8498 9215
8564 9260 8336
9064 9199 7659
9252 9024 7872
9519 7887 8483
9741 8441 7489
7434 8915 9163
7176 8769 9312
7953 9370 8650
8187 9775 7686
8604 8657 8799
8599 9608 7433
9151 8745 8261
7075 8114 9576
7500 9098 9064
7243 8480 9430
7993 9458 8310
7866 9840 7590
8563 8947 8598
8752 9271 8182
9156 9167 7800
9125 8954 8249
9176 8268 8507
9354 8684 7943
9953 7595 7275
7604 9573 8536
7969 9320 8489
8057 9832 7544
9254 8931 7995
7488 8945 9155
7358 8152 9400
7447 8857 9268
7914 9023 8863
8716 9323 7980
9142 9035 7919
9289 8125 8543
6956 7680 9703
7862 8407 9239
7930 9826 7642
8325 7340 9350
8214 9794 7402
8893 8074 8872
8939 7682 9007
9253 7936 8632
9360 8908 7711
9253 7796 8716
7596 9388 8726
7704 9770 8202
7594 9988 7327
8301 8822 8870
9476 8018 8309
7394 7295 9686
7947 7363 9489
8630 7548 9179
8915 9334 7771
8913 7632 9025
9224 8704 8342
9239 9143 7558
9381 7797 8656
9955 7621 7216
7524 9582 8493
7479 7891 9466
7767 9551 8494
8092 7504 9430
8321 9748 7403
8298 7380 9333
9071 7856 8765
8991 9341 7554
8710 9455 7802
8984 9303 7696
9266 9028 7700
9889 7778 7448
7367 7652 9573
8522 9489 7898
9231 9147 7443
9429 7905 8533
7449 9970 7617
8174 9420 8293
9008 8472 8525
9053 7882 8814
9126 9048 7919
9328 9003 7622
9627 8221 7931
9598 8665 7539
7431 9147 9010
7608 8543 9264
7932 7462 9460
8347 7750 9300
8457 8176 9003
8911 8471 8656
9193 7986 8601
9015 9301 7649
7703 9343 8866
7182 10056 7179
7718 8537 9225
8143 9819 7507
8424 7584 9266
8353 7492 9299
9537 8657 7893
7794 9534 8509
7564 9702 8317
7083 7480 9715
7638 9895 7686
8563 7546 9188
8699 8380 8755
8792 9368 7797
9348 8885 7802
8956 7700 8953
9848 8192 7325
7991 7642 9408
8316 9241 8446
8074 9654 8047
8780 8310 8809
8554 9065 8568
8178 7376 9417
8321 9068 8648
8295 7311 9354
8743 7573 9113
9426 8105 8429
9930 7595 7371
7430 8975 9148
7865 9694 7986
7993 7591 9396
8096 7450 9444
8933 7720 8992
9347 8894 7799
9692 8194 7807
7035 7822 9644
7788 8372 9240
7758 9067 8865
8483 9333 8321
9406 8444 8164
9685 8572 7393
9744 7828 8008
7597 9806 8045
7582 9635 8401
7386 9971 7665
7597 9140 8969
7798 9957 7481
7703 7349 9582
8384 8633 8913
8474 8871 8757
8256 8981 8739
8395 7552 9291
9143 8174 8650
8835 9445 7683
9456 8379 8007
7525 8183 9372
8486 9558 7849
8830 7880 8980
8375 9693 7564
9296 7716 8748
9809 8272 7330
9819 7767 7863
7678 9433 8702
7519 9181 8990
7976 9305 8663
8874 9408 7602
7426 9902 7755
7332 8920 9200
7522 9678 8338
7333 9988 7400
7665 9150 8934
7258 10060 7023
7684 8862 9058
8518 8536 8847
8945 9296 7847
9800 7840 7894
7152 8572 9419
7258 7407 9658
7825 9816 7716
8241 9324 8476
8667 8948 8560
8697 9387 7868
8731 9530 7669
9124 8519 8435
9472 8054 8266
7667 9625 8395
7593 9492 8582
8082 8542 9035
8423 9435 8155
9422 8851 7647
7236 8555 9393
7805 7822 9445
8087 9062 8740
8488 8303 8927
9392 8633 8072
9354 8064 8486
9364 8807 7810
7076 8693 9371
7206 10042 7217
7812 9839 7714
7799 9786 8112
8281 9554 8041
8578 7673 9172
9463 8657 7955
8857 9397 7667
9075 7701 8874
9350 9055 7490
9396 7786 8595
7673 8737 9099
8019 7347 9465
8438 9028 8674
8676 9142 8313
8621 9433 8049
8910 7963 8835
8474 9679 7654
9603 8561 7708
7318 8876 9251
7504 9004 9079
8583 8945 8597
8433 9342 8187
8564 7457 9251
8486 7825 9199
9008 7900 8818
9195 9129 7676
9655 7895 8182
9523 7881 8401
7585 9142 8964
7651 9030 9018
7282 10024 7454
7539 10000 7252
8482 8882 8751
8967 8002 8764
9058 7660 8913
8861 7479 9046
9710 8202 7790
7074 8522 9442
7685 9984 7281
8652 9165 8270
9340 8918 7696
8961 9390 7616
9371 7865 8608
9356 8819 7894
9482 8825 7769
7620 8758 9171
8029 8732 9017
7912 8716 9025
8224 8683 8909
9076 9193 7640
7550 9540 8558
7548 9209 8954
7382 8767 9287
7487 8839 9248
7950 7392 9481
9727 7980 7864
7635 9355 8782
7384 9910 7853
7398 10013 7272
8333 8337 9118
7923 9548 8287
7666 9961 7526
8128 9436 8302
8264 9774 7414
9400 8219 8371
9438 8099 8411
9604 8761 7436
9703 7742 8150
9918 7735 7354
9872 7840 7333
9933 7666 7240
8876 9149 7998
9919 7698 7259
7364 10006 7332
8886 9098 8061
9924 7718 7252
9918 7727 7287
9928 7684 7194
9865 7803 7335
9931 7673 7346
7729 9562 8320
9946 7621 7179
9903 7651 7386
8684 9490 7794
7397 8988 9037
9821 8147 7374
7849 9772 7844
7264 10011 7368
9688 8073 7930
9229 8937 7984
9863 7869 7339
7375 10004 7267
7933 9421 8450
8924 8807 8412
9877 7911 7235
9037 9094 7898
7646 9858 7824
9627 7981 8016
7240 7497 9684
7447 9072 9010
9888 7808 7322
7811 9785 7840
8417 9669 7686
9843 7978 7420
7267 10013 7321
7437 9100 8925
9630 7946 8239
9347 8699 7867
7751 9306 8634
8000 9408 8482
7701 7492 9546
8843 9468 7586
9248 7988 8615
8325 8860 8729
9375 8679 7800
9311 8930 7726
8345 9647 7796
9938 7617 7266
7142 7356 9741
8864 8741 8481
9656 7932 8216
7668 7475 9560
7636 9233 8738
9908 7592 7406
8066 9621 8104
7465 9870 7934
7292 8847 9200
7225 7360 9712
7031 7451 9744
9778 8237 7360
9859 7873 7466
9849 7785 7587
7820 9861 7635
7413 7495 9634
9921 7763 7256
9777 8239 7344
9003 8594 8411
7470 9849 7966
8934 8971 8368
7539 9573 8415
7879 9855 7659
7925 9127 8729
9879 7707 7449
9879 7706 7470
7470 9719 8299
8582 7544 9214
9916 7639 7403
7003 7500 9733
7236 7501 9685
8535 7750 9188
8679 7629 9132
8632 7645 9143
8701 7550 9140
9790 8212 7332
7027 7506 9719
7202 10027 7304
7792 9124 8775
9315 8406 8276
9469 7750 8520
8080 7878 9260
8040 9180 8575
8719 9458 7845
7727 9880 7685
7662 9133 8805
7544 9089 8952
7055 7403 9748
9600 8127 8028
8681 8655 8717
9299 8783 7998
9938 7630 7160
7479 7432 9637
9413 8132 8388
8575 9606 7809
8985 8730 8305
9012 9247 7798
9748 8240 7518
7880 9524 8402
9888 7717 7400
7857 9888 7471
8650 9473 7877
8650 9531 7829
7642 7552 9554
9906 7735 7336
8418 8823 8683
9649 8237 7752
7018 7537 9723
7782 9325 8627
8369 9726 7627
7527 9862 7936
8217 8442 8972
7937 9744 7807
9353 7776 8579
9461 8806 7736
9624 7930 8275
9603 8112 8112
7454 9199 8900
7390 7448 9646
7902 9846 7583
9754 8274 7436
9345 8537 8106
9350 8480 8145
9551 8123 8059
8574 9144 8332
8339 7551 9305
7992 7649 9371
7982 9341 8525
9689 8541 7487
8693 9356 7964
9915 7815 7253
9785 8235 7396
7347 10010 7388
9337 8607 8139
9938 7582 7277
7419 9409 8659
8577 9519 7838
7413 8921 9104
8496 7816 9110
9727 8214 7668
7667 7684 9505
7615 9253 8700
9118 9204 7685
8374 9709 7525
8770 9467 7672
8607 9601 7729
8203 7646 9366
8804 9462 7651
9874 7944 7317
8549 7558 9254
8703 9539 7636
7841 9172 8706
8034 7977 9272
8577 9509 8012
7391 9375 8727
7954 9876 7431
8892 9317 7749
7013 7758 9685
7548 9744 8197
8288 9749 7558
9594 7987 8202
9477 7788 8489
9869 7782 7441
8533 9620 7802
9650 8409 7646
9906 7562 7505
7286 9076 9035
7606 9805 7955
7330 7439 9656
7580 9921 7637
9177 9068 7830
7501 9176 8817
7337 9089 8998
9068 8872 8055
9077 9048 7856
7265 8847 9213
7446 9292 8803
7757 9633 8275
7625 7420 9615
7935 9269 8598
9108 8976 7969
8820 8854 8469
8732 9351 7920
9337 9037 7564
7352 10009 7337
8931 9413 7570
9454 7925 8503
9585 8111 8146
9856 7800 7536
7894 7577 9497
8460 9682 7643
7435 9303 8775
8314 7548 9308
9673 8187 7858
7449 9648 8402
7429 7416 9646
7560 7964 9443
7532 9958 7535
9206 8775 8038
7411 9051 9033
8564 9320 8122
7371 8982 9128
7372 9692 8339
7404 9138 8933
7642 9144 8829
7728 8050 9341
9956 7562 7090
8103 7612 9405
8276 9709 7628
9247 8869 7874
9786 7894 7767
9292 8647 8031
9661 8480 7617
9814 8020 7450
8562 7798 9117
8713 8090 8961
9676 8550 7473
7324 9984 7436
8103 9772 7614
8709 7553 9126
9348 7867 8580
8585 9622 7727
7898 9503 8438
8525 9511 7890
9058 8888 8095
7384 9015 9048
9194 9060 7823
9066 9333 7639
7995 8712 8933
7706 9317 8646
7922 7561 9494
7418 9123 8949
7205 8523 9432
7560 9443 8598
8270 9761 7744
7140 7650 9687
7844 7532 9531
9932 7684 7182
7486 9820 8102
7963 9371 8543
7486 9437 8628
7828 7750 9379
8184 9239 8558
8355 7475 9353
7572 9945 7463
8144 9809 7561
9385 8647 7806
8933 8781 8432
9472 7770 8500
8894 9008 8261
8896 9307 7872
7505 9828 8047
7624 9714 8077
7446 9998 7351
8693 7505 9159
9467 8305 8188
9937 7763 7161
7461 9964 7537
7614 8713 9068
9403 8869 7752
9655 8574 7384
7759 8883 8952
9022 8861 8172
9762 8433 7333
9624 8649 7456
9879 7869 7228
7488 7360 9646
7117 7527 9706
8536 9228 8299
8824 7850 8904
8983 8758 8433
9684 7968 8189
9729 8476 7366
6977 7606 9713
8810 9296 8076
8353 9640 7821
8834 8715 8631
7384 9596 8463
8846 8575 8662
9354 7934 8551
7275 9448 8671
7354 7428 9670
7702 9359 8680
8191 8520 8990
9297 8750 8017
8831 7807 8973
7544 9774 8147
7532 9771 8196
8116 7514 9403
8691 7673 9123
9402 9003 7548
9307 8755 7991
7529 7540 9605
7899 7649 9467
8121 7603 9402
8027 9847 7361
9181 8995 7859
7276 8449 9460
7659 7600 9516
7384 7414 9659
7897 7488 9502
8740 7831 9038
8917 9372 7739
8516 9650 7734
8783 8320 8738
9333 8095 8500
7582 9781 8133
8713 9554 7576
9244 9129 7533
9650 8233 7922
8412 9642 7811
7616 9492 8577
8508 8269 8930
7171 8519 9456
7103 8544 9422
9863 7727 7585
7574 7854 9453
9171 7957 8666
7514 8838 9137
7181 7473 9698
8900 9375 7740
9372 8925 7659
7891 9321 8547
9318 7935 8549
7378 9019 9034
7431 9608 8457
7519 9783 8144
7276 10005 7423
8126 7451 9428
8162 7814 9249
9212 8430 8363
8977 9379 7608
8375 8454 8932
7241 8238 9574
7459 9852 7998
7245 8709 9344
7457 9868 8009
9373 7846 8563
7025 7416 9750
8114 7730 9292
9773 7707 8045
7461 9694 8330
7187 10032 7300
9730 8422 7371
7234 10032 7206
9213 8678 8343
9811 7850 7545
8323 7546 9316
8413 9658 7724
8436 9694 7653
9379 8258 8365
7157 7973 9637
7499 9645 8397
7885 9807 7837
9308 7986 8543
7415 9956 7685
7184 10034 7246
8332 7971 9190
8539 7562 9243
9565 7862 8422
8538 7975 9105
8670 9524 7787
8808 8893 8414
9718 8354 7410
9936 7611 7271
9593 8292 7910
9646 7870 8302
7200 10033 7257
7292 8968 9142
8683 9019 8541
8722 8914 8473
9584 8721 7407
7374 9373 8733
7768 8340 9271
7874 9808 7774
7450 9608 8455
7466 9286 8795
7948 8000 9257
9052 8883 8164
9371 7901 8509
9865 7666 7827
8106 9244 8487
8377 8644 8855
8863 7598 9014
8825 9403 7819
8710 9520 7689
7070 7469 9742
7650 9124 8807
7787 9561 8266
7751 8911 8919
8208 8827 8765
9329 8701 7981
9722 8036 7680
7563 9957 7502
7332 9084 9021
9460 8835 7735
9663 8073 7967
9155 8808 8158
7437 8892 9122
7722 7209 9575
9184 7929 8647
9304 8045 8510
9321 7876 8553
9438 8414 8124
9894 7782 7347
9937 7638 7234
7450 7168 9670
8759 7593 9098
9491 8752 7652
9888 7642 7565
8345 9754 7521
9168 7897 8758
9339 8535 8179
9658 8225 7912
7788 9761 7856
8513 8223 9003
9069 8949 7987
9227 8380 8381
9893 7590 7529
8687 7742 9070
8935 8769 8474
8821 7672 9023
7972 9826 7556
9616 7874 8336
6965 7480 9744
7138 8306 9537
8817 8226 8797
9923 7802 7146
6987 7592 9718
8622 9499 7961
8769 9524 7680
9110 7932 8755
9686 7817 8209
7211 7622 9642
7256 7488 9660
7499 8267 9399
8160 9707 7796
8646 8184 8947
9085 9172 7802
9835 7730 7864
7279 7457 9703
9449 8922 7570
9642 8282 7749
7521 7402 9643
9480 8906 7521
9870 7974 7267
7905 9800 7639
8203 9471 8369
9388 8244 8353
9812 7845 7894
7285 9073 9063
8173 8641 8975
8165 9280 8473
8472 9650 7737
9103 9048 7841
9428 7967 8495
9940 7733 7129
7368 9988 7373
8318 8233 9156
9184 8207 8489
9336 8028 8483
9456 8931 7522
9809 8082 7436
7017 7665 9705
7532 9728 8251
8104 7364 9455
8551 9393 8110
9090 7758 8885
9902 7702 7431
9922 7455 7382
7405 9570 8466
7404 9609 8432
7927 8398 9189
9721 7939 7919
9721 8219 7600
9010 8836 8273
9823 8010 7431
9573 8737 7469
7483 9626 8410
7290 7471 9661
8368 7449 9368
9516 7819 8476
9899 7962 7188
7454 9961 7588
8041 7366 9457
8557 8526 8814
9713 7823 8083
7203 8413 9496
8619 8906 8597
8888 9453 7597
7346 9238 8878
9741 8335 7405
9785 7772 7942
7509 9773 8204
7443 9884 7886
7622 9793 8072
8364 7628 9220
8757 9454 7894
7433 9721 8277
7658 9944 7496
7501 7429 9628
8071 7259 9480
9199 7817 8736
7045 7691 9696
7028 7733 9692
7082 10051 7178
7918 8029 9328
9755 7996 7767
6982 7589 9719
8020 9824 7533
8392 9258 8478
9880 7700 7444
9123 9167 7735
9802 7775 7909
8016 8414 9069
8303 7960 9196
7449 9910 7789
7548 9287 8790
8656 7553 9189
9529 8264 8077
9923 7693 7358
7363 8926 9133
8541 8524 8849
8458 7732 9189
9495 8893 7479
7564 9848 7985
7859 8755 9038
8228 8574 8902
8447 9469 8219
7803 7227 9570
8428 9236 8452
9332 8924 7720
9786 7806 7939
9916 7806 7196
7085 8451 9510
6995 7503 9740
7368 9022 9061
7426 7370 9683
9050 8975 8040
9045 9307 7697
9254 7813 8686
9631 8682 7428
7252 9488 8597
7701 9821 7839
8059 7352 9463
8737 9272 8158
8932 8795 8453
7267 8929 9194
7685 9906 7794
9876 7710 7479
7623 9845 7861
8660 7818 9041
9631 8255 7897
7258 8217 9547
8442 7452 9298
7409 9207 8872
7045 7687 9697
7385 9579 8474
7985 7317 9505
8409 8950 8636
8532 9582 7822
8462 7508 9287
8372 7825 9196
9692 7917 8199
9781 8052 7545
8613 7588 9199
8711 8847 8525
9847 7717 7729
7270 8601 9419
7759 7325 9574
7633 8759 9059
8755 7775 9019
9409 7870 8523
7091 7493 9729
9462 7818 8531
9649 7882 8254
7372 8622 9401
7336 10001 7435
8009 9577 8265
7514 8157 9489
7580 8944 9004
8910 9272 7932
8974 7779 8948
7467 8176 9400
9389 8534 7998
7726 8844 9004
7638 7630 9579
7742 9558 8466
8035 7946 9243
7992 9579 8191
8857 9177 8041
9793 7696 7913
7904 9741 7840
8655 8871 8569
8882 9288 7944
9356 8299 8379
7566 9909 7767
8617 9135 8330
8680 7445 9164
7153 8480 9477
8451 9267 8321
9309 9020 7710
7455 9296 8787
7545 9441 8615
8245 8683 8900
7342 8912 9151
7004 7538 9713
7578 9824 7946
7720 7318 9590
7731 9587 8318
8331 8912 8722
7277 8815 9298
7451 7365 9648
7257 10012 7329
8331 7661 9234
8600 8713 8715
8614 8053 8962
9313 8467 8284
9501 8128 8225
9522 8825 7572
7293 8690 9387
8042 9544 8244
9244 8359 8376
7675 9766 8064
7488 9201 8893
7695 9216 8706
7671 7402 9567
7990 7264 9494
8618 8797 8635
9121 7782 8822
9480 8901 7568
7228 8094 9591
7251 9108 9051
8063 8891 8879
9403 8734 7790
9417 8961 7512
9814 7825 7882
7127 7612 9688
7467 9902 7807
8520 8561 8822
9319 7870 8567
9683 7871 8264
9660 8560 7382
9798 7695 7928
9787 7669 7934
7208 10048 7225
7415 8909 9150
7926 7520 9469
8350 9616 7971
8550 7513 9250
8485 9263 8295
8630 9593 7709
9720 7827 8061
7542 8894 9102
8215 9318 8419
9237 7675 8732
9890 7732 7364
7885 8748 9052
7926 7309 9509
9110 8749 8221
9138 9032 7911
9169 7757 8795
9493 8896 7579
8901 9215 7990
7215 8465 9474
7612 9718 8211
7482 9652 8393
7887 8453 9182
9069 9136 7852
9617 8292 7834
9463 8935 7480
7350 8674 9353
8598 8921 8616
9202 7927 8644
9279 8149 8498
9313 9056 7616
9161 7840 8766
9515 8826 7590
9713 7807 8093
9889 7658 7481
8131 9037 8645
8615 9555 7715
8591 7908 9068
9562 8783 7492
9691 8542 7391
9789 7896 7715
7511 9882 7877
7963 7428 9493
7914 9765 7768
8090 8304 9163
8809 7820 8917
8651 9208 8301
9178 9078 7806
9659 7913 8239
9432 8930 7568
9782 8415 7323
7344 8708 9347
7419 9471 8612
8459 7841 9140
8395 9663 7756
9142 8833 8049
7088 8271 9553
7374 9571 8545
7726 8427 9361
8776 8928 8406
8719 8955 8456
8967 9384 7648
9945 7633 7092
6922 7653 9713
7987 9653 8202
8479 9431 8202
9081 9229 7708
9741 7934 7987
7388 9592 8464
7607 8708 9071
8403 9458 8225
9094 9283 7665
7318 7415 9697
7945 8008 9321
7560 8604 9314
7851 9816 7795
9312 8797 7957
9376 7740 8610
9236 9170 7690
7386 9447 8670
7799 7536 9535
8156 7638 9378
9386 8634 7992
7506 9983 7358
7784 8868 8999
8482 9001 8547
8697 9019 8492
9563 8269 8036
9909 7583 7441
9896 7548 7597
7797 9446 8580
7576 9948 7405
7997 8918 8843
9586 8710 7330
9907 7635 7464
8019 8711 9004
8603 8799 8616
8678 7592 9154
7200 8049 9606
7107 7382 9720
8536 9489 8047
7910 9882 7307
8812 8099 8855
8946 9387 7634
7281 8187 9563
7227 9344 8788
7397 9596 8458
7399 9313 8817
7408 9521 8584
7468 9789 8166
8644 9487 7944
9498 8559 7868
8053 9724 7978
8911 7656 9009
9350 9054 7507
9529 8811 7542
7240 9315 8826
8128 9674 7828
8124 9768 7696
9217 8947 7860
8937 7723 8959
9662 8494 7513
7662 8955 8987
7765 9852 7783
7998 8358 9089
9642 7941 8274
7129 7376 9727
7368 8173 9489
8629 7713 9153
8751 9504 7771
7069 7709 9682
7557 9455 8593
8182 9796 7476
9068 8870 8107
9308 9044 7678
9370 8946 7611
7356 9070 9052
7219 9019 9086
8474 9425 8242
8510 9667 7652
9319 8622 8148
9459 8811 7746
9602 7971 8197
9660 8272 7718
9887 7637 7659
7256 8883 9206
7318 9193 8931
8205 7774 9232
7516 9499 8573
7704 9806 7892
8831 9462 7608
9234 7689 8780
9186 7808 8765
9741 8242 7577
9703 8393 7406
7306 9008 9081
7789 9053 8858
8992 7685 8980
9551 8714 7615
7409 8865 9169
7474 8807 9240
8388 9312 8344
9000 9272 7864
9719 8081 7800
7105 7398 9738
7061 7692 9689
7108 9079 9059
7232 10019 7313
7446 7556 9626
7802 7706 9459
7956 7740 9429
8030 8871 8885
8395 9674 7658
8649 9448 8102
8758 7772 9041
9010 8613 8410
9508 8047 8360
9903 7709 7384
7483 9576 8464
9624 7825 8361
9338 7808 8664
9744 8081 7615
7301 7818 9636
7602 9783 8104
7683 7753 9467
8583 7376 9212
8565 8041 9008
8512 9572 8080
8505 7474 9267
9104 9095 7835
9322 7811 8648
9735 7777 8104
9872 8025 7241
7551 7982 9524
7857 8524 9180
7978 9042 8903
8586 9513 7855
9030 9291 7713
7429 9419 8639
7998 9533 8312
9194 7876 8754
7180 7950 9627
6990 7586 9712
7182 7303 9728
9699 8483 7447
9881 7571 7693
7359 9912 7776
7698 8664 9194
8332 8430 9042
8747 9171 8238
8580 8869 8658
8542 7610 9238
8936 9324 7724
7294 9398 8745
9054 9001 8014
9161 9133 7714
9941 7537 7274
6900 7614 9725
7427 8357 9439
7901 9752 7899
9122 8755 8166
9792 8029 7544
8680 9317 8118
8574 8008 8981
8913 7634 9008
9289 7843 8632
7320 9092 9000
7266 10014 7326
8191 9034 8740
9757 8062 7589
7547 8643 9253
7679 7533 9547
7518 8073 9452
9089 7769 8859
9746 8016 7714
9830 8184 7279
7121 8862 9272
7231 7845 9609
7867 7385 9556
9634 8643 7639
9505 7863 8473
9504 7867 8470
9641 8475 7632
9660 8498 7538
7225 8382 9503
7345 8465 9409
7693 9906 7562
8183 9309 8428
8330 9636 7879
8829 8781 8531
8758 9315 7984
8634 9541 7756
9175 7720 8791
9499 8299 8250
8759 8864 8442
9367 8964 7587
7413 9423 8687
8910 9097 8132
8868 9450 7696
9742 7764 8089
7400 9227 8893
7118 8037 9644
8269 8431 8994
8267 8018 9158
8580 8227 8914
8838 9137 8057
9548 8555 7833
9415 8730 7792
7078 7825 9676
7469 9816 8119
7939 8689 9127
8677 7617 9154
8937 7808 8943
9272 8024 8514
9782 7852 7811
7465 9805 8134
7548 9877 7909
7432 9296 8825
7762 9500 8500
7455 8870 9125
7650 9362 8661
7653 9822 7869
8031 8484 9032
8268 8953 8724
8614 9139 8391
9050 9201 7789
8987 7790 8927
7152 8629 9414
7249 9067 9065
8792 8119 8891
8748 8833 8535
7806 7958 9398
7951 8301 9175
7779 9819 7704
8498 8877 8671
7695 9960 7310
8159 8425 9065
8796 9300 7980
8885 9013 8404
9022 8945 8068
8924 7813 8945
9318 7913 8617
9385 8959 7604
9601 7890 8363
8030 7433 9481
7719 8858 9028
8570 8945 8581
8389 9574 7898
8512 9656 7654
9158 9248 7591
9818 7819 7800
7283 9982 7467
7452 9447 8608
9478 8111 8306
9550 8782 7579
9777 7844 8022
7350 9309 8832
7867 9455 8477
8536 8114 8969
8846 8202 8835
8805 9442 7858
9014 9158 7850
9358 7724 8659
9365 8990 7616
9947 7614 7102
7476 9278 8791
8380 9274 8421
9076 9185 7790
7362 9473 8668
7821 9658 8225
7863 9421 8567
8449 8980 8575
9297 8930 7748
9549 8798 7647
9407 8967 7458
7939 8261 9188
7854 9895 7592
8807 9489 7570
9507 8853 7507
9932 7567 7309
8390 9305 8377
8399 7897 9147
8456 8209 9040
9038 8810 8292
7264 9353 8767
7512 9883 7831
7547 8988 8966
7836 9492 8471
8865 7536 9026
8897 8812 8430
9553 7869 8448
7337 8991 9105
7332 8323 9534
8453 7775 9197
8705 7546 9142
8863 8687 8601
8773 8592 8699
9398 7788 8551
9556 7904 8410
7172 10011 7380
7388 9634 8440
7495 9090 8902
8226 9476 8254
8560 7544 9241
8544 9122 8529
9145 8012 8696
9434 7797 8540
9445 7861 8505
9490 7965 8410
7577 9934 7619
8807 7747 8979
9392 8927 7601
9814 8173 7337
7371 8328 9488
7731 8784 9042
8677 9317 8140
7575 9822 8068
7771 9866 7691
8312 8557 8934
7548 9972 7315
8715 8537 8737
9218 8238 8466
9914 7846 7302
7295 8707 9379
7913 8434 9168
8507 9229 8334
8320 9739 7613
8583 9255 8284
8469 9652 7689
8781 9217 8101
9112 7911 8709
9730 8400 7400
7466 9025 9018
7385 9570 8504
7737 9265 8650
8717 9433 7926
8727 9010 8419
8758 7555 9106
9285 9023 7727
9243 9127 7603
9298 8493 8236
9862 7715 7702
9859 7946 7302
7276 9231 8914
7884 8264 9227
8566 8889 8664
8388 9262 8473
8433 9470 8221
9137 8810 8135
9308 8358 8361
7179 10035 7301
7595 9230 8786
8068 7662 9326
8230 7428 9415
7881 8756 9020
8735 8492 8825
7297 8067 9605
9006 9166 7858
9395 8920 7761
9043 7600 8895
9697 8528 7423
9869 7602 7681
9868 7750 7443
7022 7628 9705
7186 7703 9675
7534 9014 8966
8363 7984 9188
8847 8147 8824
8901 8799 8427
9252 8933 7736
9650 7965 8230
8298 7993 9177
8660 7763 9078
8597 7495 9203
9658 8393 7655
7104 8382 9506
7691 9214 8721
7596 7412 9638
8358 9592 7973
8634 7670 9132
9502 8608 7861
9154 9265 7657
9295 9100 7535
7315 7858 9599
7139 7497 9695
7318 10013 7219
8649 8674 8806
9012 7745 8956
9098 7713 8864
9320 8727 8025
9209 9132 7712
9016 7736 8942
9378 7699 8626
9523 8628 7649
9854 8146 7207
7337 8521 9443
7452 9577 8458
7964 9020 8906
8494 8349 8957
8727 8901 8445
8943 8174 8809
7105 7502 9709
8161 7423 9429
7940 9823 7563
8578 7719 9122
8184 8492 9001
8725 7712 9048
9653 7915 8247
9438 8942 7550
9925 7828 7145
7627 9172 8880
8305 7554 9309
9235 8947 7748
9856 8131 7263
7582 7418 9619
7477 7342 9660
7880 8701 9069
7984 8385 9163
7601 9848 7834
8484 8818 8768
8880 9386 7908
8666 7538 9168
8982 9280 7818
9486 8396 8014
9470 8638 7799
9530 8110 8263
7641 8541 9354
7606 9830 7936
9193 8765 8087
9726 8488 7337
7191 7438 9719
7375 9976 7482
7947 8244 9197
7938 8460 9128
8290 7544 9397
8079 7740 9299
8750 7438 9132
7136 8131 9581
8444 8327 8959
8846 7787 8972
9102 8853 8064
8997 7832 8880
9475 8507 7887
9676 8040 7961
7234 8492 9446
7340 8124 9535
7308 8791 9315
7540 9936 7596
7378 8504 9378
9410 8846 7689
9277 7813 8646
7547 9841 8038
8071 9614 8115
8345 9029 8698
8971 8730 8548
9426 8911 7682
9574 8715 7501
7712 8897 8980
8248 9789 7539
9087 7892 8874
9285 8248 8436
9217 9112 7760
9598 8700 7569
9552 8763 7506
7301 8061 9600
7556 9800 8137
7849 8486 9215
9103 7764 8852
7514 9568 8477
7331 9580 8510
7084 7416 9732
7411 7377 9683
7602 8040 9437
8054 7908 9273
8287 9163 8628
9782 7820 7959
7312 9132 9007
8005 7561 9461
8415 7316 9318
8052 8920 8842
9200 7712 8778
9079 9326 7695
7479 9924 7760
8749 9344 8017
8736 9185 8209
8990 7788 8915
7348 8781 9302
8436 7600 9292
8835 9171 8181
9355 8357 8289
9392 8986 7565
9210 9141 7706
7624 9968 7366
8216 8466 9012
9358 8865 7826
9095 7723 8861
9222 7729 8730
9546 7915 8427
9519 8848 7570
7328 9240 8904
7916 7349 9561
8278 7600 9388
7275 8528 9413
8734 8197 8881
8699 8731 8699
8171 9805 7449
9146 7911 8679
9302 7848 8628
7438 8173 9454
7711 9351 8643
7587 9911 7582
8129 7483 9418
8588 8778 8669
8308 7546 9319
8600 9215 8301
9434 8602 7904
9195 8164 8564
8056 7318 9470
8115 9808 7606
8938 9405 7674
9599 8695 7487
7287 9980 7488
7464 7457 9644
8703 8274 8866
8686 9410 8060
7198 8469 9491
7732 9387 8590
7607 7681 9598
9810 7987 7467
7273 9251 8910
7398 9372 8733
7872 9750 7985
8331 9627 8013
9184 8753 8206
9229 9146 7699
9773 8310 7379
9865 8030 7286
6928 7761 9677
8151 9516 8216
8074 9035 8695
8464 9639 7760
8265 9772 7533
8917 7712 8993
9507 7943 8395
6938 7631 9723
7586 7441 9616
8382 7496 9318
8456 7410 9312
8757 9525 7676
9625 8186 7989
7624 9825 7838
8397 8961 8705
9225 7733 8725
9693 7831 8084
7356 8249 9509
7574 9075 8923
7875 7944 9375
8726 9310 8225
8745 9477 7832
9123 8300 8674
9120 7717 8827
7293 9220 8922
7784 9811 7828
8574 9516 7867
8755 9533 7667
9419 8945 7480
7436 8666 9255
7392 7792 9527
7775 9232 8697
8062 7866 9339
7974 9680 8022
8151 7298 9436
8328 9740 7534
8942 8495 8697
9499 8612 7767
9565 8611 7700
9381 7831 8564
7336 8903 9185
7331 7697 9641
7747 8654 9152
8955 8438 8558
9035 9375 7676
9957 7563 7085
8062 8943 8837
8188 7832 9248
8797 9141 8270
8838 9476 7572
7316 8784 9325
7610 7452 9597
7715 9914 7505
8017 9859 7481
8611 9597 7787
9144 8076 8691
9291 7916 8554
9555 8749 7526
7515 9945 7691
7490 7766 9531
7694 7568 9533
8229 9288 8436
7666 9533 8497
7761 9094 8813
9489 7899 8442
9810 7940 7657
9788 7862 7810
7428 9527 8580
7840 8690 9143
8175 9834 7437
8473 7553 9266
8609 9610 7497
8876 7941 8901
9240 8932 7813
9822 8231 7244
7904 8139 9312
8056 9836 7528
8816 7691 9091
9548 8249 8120
9430 8772 7784
9183 9203 7608
9842 8041 7380
7086 10050 7178
7441 8041 9523
8591 9309 8226
9133 9231 7679
9760 7738 8025
7472 8355 9393
8021 9232 8674
8383 9355 8324
8963 8760 8314
8563 9550 7875
9067 8837 8127
9259 7658 8736
9420 8554 7940
7491 9885 7879
7764 9514 8484
7816 9278 8623
8291 9548 8161
8346 8003 9142
9000 8057 8744
9797 8010 7659
9674 8477 7495
9598 7977 8391
7356 9327 8795
6992 7569 9709
7608 9912 7520
7628 7334 9607
8751 8866 8459
9032 8780 8298
8974 8613 8513
9512 8722 7730
9713 7791 8126
7432 8298 9414
7508 9187 8795
8049 9812 7594
8452 7470 9294
8778 9501 7605
8787 9489 7633
9187 7621 8804
9880 7868 7211
7459 8945 9095
7039 7567 9710
8166 7947 9224
8568 8456 8903
8948 9088 8204
8952 7987 8873
9320 9040 7597
7334 8438 9487
7164 10036 7293
6952 7566 9723
7493 9804 8144
7488 9986 7385
9653 8643 7622
9729 7805 8107
8159 8237 9086
8178 7342 9430
8308 7524 9368
8655 7626 9193
8989 9288 7806
9321 8460 8218
9455 8118 8431
9702 7861 8055
7374 9886 7883
7272 10013 7225
7740 7491 9558
7926 9123 8801
7736 8443 9260
8264 7750 9273
8409 9033 8544
8635 9501 7867
8403 9706 7639
8752 9534 7608
9458 7857 8534
9479 7916 8431
9953 7583 7126
7438 7540 9628
7593 8983 8922
7650 7453 9596
7702 8595 9214
8122 9709 7746
8932 8096 8831
9096 9285 7629
9390 8234 8309
9867 7645 7695
7848 9662 8081
8296 7539 9323
8225 9792 7600
8509 9350 8176
9330 9010 7669
9328 7809 8608
9481 7851 8485
9731 7883 8053
9733 8475 7358
7515 9710 8306
7116 7614 9706
7384 9227 8897
8542 7960 9064
9217 7996 8622
7000 7554 9718
7503 9950 7706
7323 7495 9652
7886 7747 9348
9732 7955 7887
7517 9599 8449
7481 9672 8378
7154 7361 9739
8803 7833 8911
9118 9015 7923
9664 8001 7966
9624 7830 8314
7378 8223 9473
7356 7291 9701
7520 9760 8275
8178 9482 8221
7959 9865 7528
7587 8272 9389
7309 7513 9652
7701 8937 8987
7635 9402 8695
7431 9987 7391
8547 9194 8450
8611 8206 8904
8817 7615 9085
8863 7584 9029
9347 8042 8475
9534 8813 7494
9761 8260 7383
7427 9876 7913
7458 7767 9615
7433 7352 9654
8027 9267 8601
8688 7986 9025
9717 8375 7681
7214 8472 9448
7381 9172 8993
8255 8450 8943
8045 9798 7689
8016 7362 9487
8052 8228 9202
8359 9383 8359
8616 7604 9198
8685 9254 8240
8986 7935 8902
9309 8145 8455
9428 8841 7659
9152 7784 8789
9172 9208 7625
9960 7594 7064
7366 9244 8865
7640 8707 9125
7416 9129 8974
8043 9545 8227
8143 7254 9440
9280 7689 8727
9504 8883 7628
7990 8514 9043
8666 8813 8613
8682 9551 7725
9024 7714 8931
9868 8013 7251
7455 9954 7625
7268 8751 9339
7866 9234 8602
8878 9305 7924
8604 7994 9027
8940 9398 7579
7221 8099 9586
7769 7673 9514
7554 9969 7283
8300 7710 9307
8477 9344 8298
8534 8028 9105
8456 9653 7670
9100 7872 8841
9439 8342 8277
7257 8646 9389
6953 7512 9735
7654 8158 9402
7986 8139 9209
8204 8946 8822
8169 9804 7525
8637 9134 8385
8788 7922 9013
9221 9051 7723
7392 8251 9462
8103 7883 9247
8033 9666 8029
8730 7532 9135
9204 8501 8488
9292 7697 8672
7587 8660 9246
8069 8733 8907
8729 7674 9108
9266 8649 8061
9168 7776 8811
9656 8594 7356
7518 9559 8571
7562 8550 9282
7980 9821 7611
8315 9302 8406
8655 7469 9206
8412 9062 8539
8857 8104 8832
9254 8012 8610
9164 7837 8788
9459 8600 7878
9801 8254 7321
7460 8164 9487
7609 9802 7967
7814 8785 9009
9338 7857 8583
7561 9869 7850
8032 9145 8672
8444 8316 9012
7910 9045 8883
7891 7814 9342
9348 8514 8204
9317 7989 8507
9425 8916 7597
9342 9018 7593
9788 8267 7271
9715 8494 7380
7096 8106 9589
7411 9475 8590
7355 8897 9190
7433 9982 7386
8180 9361 8391
7894 9378 8538
8339 7508 9344
9085 8757 8208
9015 9275 7786
9123 7658 8860
9444 8133 8266
9890 7618 7564
7576 8977 9064
9292 8927 7787
9013 7614 8944
9281 7726 8669
9294 9092 7653
9747 8315 7528
7399 9366 8732
7179 7991 9610
8401 8340 9023
9601 8645 7529
7920 9042 8908
7744 9935 7444
8468 9685 7587
8898 7974 8888
9234 7869 8697
7532 9581 8422
7347 9970 7560
7240 8998 9101
7736 8581 9169
7425 9982 7434
7758 7405 9557
8998 8336 8544
9254 8769 8058
9386 8175 8388
9360 8686 7819
7562 9364 8761
8529 9436 8142
8780 8776 8546
8663 9582 7643
9223 8098 8609
7237 8333 9536
7925 7366 9540
8595 9509 7861
8418 7478 9301
9385 8277 8351
7295 9417 8728
8302 9453 8289
8977 9194 7993
9290 9082 7654
9808 7628 7932
7344 7931 9544
7532 9968 7494
7796 9664 8179
8690 9113 8471
8639 9601 7703
8789 8852 8517
8964 9386 7703
9234 9032 7762
7145 8157 9578
8044 8088 9239
8390 8732 8805
8474 8086 9102
9011 7750 8910
9763 7883 7833
8012 9415 8433
8022 9512 8266
9236 8139 8539
8890 9423 7706
9438 8488 8112
9585 8590 7784
7394 9454 8637
8372 8669 8837
8450 9177 8483
7806 9930 7430
9003 7639 8964
9806 8204 7533
7182 8387 9499
7279 8993 9140
7502 8161 9478
9255 8843 8037
9211 8314 8401
9397 8953 7582
9820 7755 7830
7772 8877 8939
9165 9240 7678
9319 9064 7537
7430 9786 8185
7786 8224 9265
8647 7971 9053
8845 7615 9070
9844 7812 7773
7183 8503 9458
8148 7725 9311
8897 8851 8383
8494 8559 8873
9089 8344 8516
7331 8681 9368
7170 8872 9219
8401 8850 8747
9382 8868 7797
9098 9204 7712
9431 7771 8555
7391 9526 8587
7616 9658 8391
7418 9888 7825
7310 8173 9557
7696 9664 8234
7774 9803 7839
8850 9251 7971
9141 8455 8511
9202 7757 8722
7485 9867 7953
8138 8690 9030
8528 9684 7624
9368 7815 8567
9695 7731 8147
7357 9211 8920
7894 7414 9548
8211 9356 8420
8720 8910 8523
9031 7676 8922
9091 8526 8432
9159 8810 8113
9519 8209 8149
9944 7565 7235
7394 8844 9260
7691 9708 8329
7408 8724 9325
7580 9864 7905
7940 8869 8968
8339 7927 9217
9105 8842 8079
9117 9229 7707
9270 7720 8714
9587 8096 8193
9307 9089 7651
9468 8770 7683
9950 7624 7071
7491 9589 8451
7422 9465 8620
7738 8952 8978
7962 7881 9331
7809 8504 9186
8136 8918 8823
8490 8967 8623
8388 8571 8847
9148 9120 7783
9443 8127 8398
9505 8859 7505
9615 8701 7480
7162 8996 9106
7570 8782 9227
7838 9361 8616
8167 7413 9421
9030 9123 7936
8894 9425 7620
7224 8613 9405
7407 9104 8996
7647 9964 7343
7955 8387 9174
8482 7528 9278
8469 8101 9063
8811 8299 8770
9128 8550 8426
8831 7670 9032
9320 8964 7676
9702 7836 8068
7303 8798 9284
7505 9569 8508
7660 9421 8622
7439 7610 9617
7878 8397 9192
7640 9162 8787
7917 9448 8455
7987 9866 7513
8545 7841 9071
8908 9418 7557
8971 9382 7621
8709 9559 7569
9102 7813 8852
9728 8023 7705
7624 9641 8360
7184 7894 9670
8499 8250 8965
9143 7964 8702
8841 7548 9097
9749 7928 7862
7348 9240 8873
7786 7756 9458
7820 7777 9387
8339 8213 9082
8330 8530 8928
8739 9052 8271
9335 8071 8476
9810 8032 7444
7528 9878 7904
7748 9052 8919
7261 10023 7278
8218 8311 9071
7704 8622 9201
8424 7926 9141
8682 7475 9162
8587 7813 9110
8864 8622 8603
8569 9627 7592
9101 7988 8819
9416 8905 7688
7330 9226 8919
8045 9730 7929
7706 9592 8279
7620 7683 9580
8860 8787 8524
8547 9313 8223
8475 7899 9110
8899 7588 9015
9359 7728 8611
9949 7665 7066
7240 8355 9528
7318 8339 9493
7808 8582 9145
8020 9560 8158
8061 9736 7824
8676 8766 8683
8886 7703 9006
9298 8560 8219
9358 8951 7627
9450 8296 8264
9407 7723 8580
7211 7884 9618
8537 7619 9234
8395 7700 9198
8105 9688 7817
8880 9405 7709
9297 7694 8689
7604 7745 9569
7410 10011 7196
7960 8454 9079
8102 9731 7870
8037 7467 9457
8086 7467 9455
8361 9695 7676
9391 8939 7585
9749 7927 8037
7458 9696 8337
8294 7390 9395
8404 7422 9316
8801 8797 8535
8877 9466 7542
8943 7556 9009
9244 9116 7635
9711 8544 7380
7557 9753 8151
8209 8704 8956
8692 7529 9159
8572 8033 9017
9130 7583 8836
9721 8495 7341
9939 7573 7183
7420 9182 8930
7713 9884 7819
7688 7356 9560
8001 7577 9454
8248 9641 7905
8696 8454 8903
9438 8610 7858
9755 8313 7365
7421 9975 7469
7667 7440 9596
8047 7591 9439
7682 8493 9217
8354 9735 7514
8744 8746 8672
9282 8267 8440
9569 8730 7486
8467 7858 9112
8460 9221 8340
8673 9392 8095
8508 7438 9284
8376 7503 9349
8948 9220 7945
9002 8014 8771
7808 9695 8055
8446 8444 8921
8703 7513 9148
9013 9087 8208
9061 8973 8017
9711 8186 7867
9373 7985 8464
7567 7753 9517
7815 9532 8373
8103 9401 8455
8483 8512 8914
9597 8685 7617
9785 8254 7334
8750 7641 9103
9240 7856 8699
9857 8074 7258
7431 9303 8855
6996 7481 9737
7457 8621 9347
9004 8511 8491
8734 7447 9107
9301 8160 8450
9390 9033 7584
7539 9506 8549
8097 9322 8515
8487 8082 9030
8594 9612 7637
9010 9294 7740
8693 9551 7656
9593 8563 7772
7201 8543 9434
7212 9288 8868
7507 8794 9164
8140 8734 8904
8359 8798 8893
8428 8534 8887
9232 7703 8717
9518 8617 7650
9242 9188 7667
7292 8804 9275
7701 9151 8773
7992 9052 8768
8577 8073 8973
9187 8152 8570
9294 7668 8724
7123 7698 9686
7599 8763 9177
7772 9758 7958
8084 7444 9456
7660 9946 7401
8047 8392 9068
8443 7575 9240
9101 8087 8678
9286 8805 7879
9294 9100 7615
9406 7808 8537
9947 7524 7127
7411 8972 9122
7423 8510 9372
8176 8541 8960
8564 8493 8818
8390 7971 9117
9077 8591 8451
9471 8529 8046
9305 7669 8677
7365 9889 7863
7194 7373 9710
7517 7238 9658
7698 8087 9412
7744 7940 9439
7824 7769 9438
8067 8737 8911
8751 7846 9037
9156 8724 8394
8852 9467 7593
9104 7689 8850
9318 8930 7721
9637 8290 7858
9711 8031 7934
9831 8072 7302
7900 7421 9536
8519 9283 8282
9180 7639 8795
9100 8888 8005
8804 9520 7523
8898 9438 7591
9288 9090 7710
7176 10013 7350
7580 9723 8226
7248 8371 9498
7335 9916 7769
7539 9679 8375
7974 8469 9072
8421 9218 8532
8891 8010 8869
9179 9193 7616
9630 8005 7965
9529 8601 7835
9921 7651 7306
8716 9365 8013
9073 9306 7580
9584 8037 7972
9484 8646 7886
7613 9815 7981
9529 8592 7896
7076 7584 9657
9310 9077 7545
7797 9518 8466
9943 7671 7184
8641 8415 8795
8063 9832 7525
8901 9293 7769
9129 9233 7608
7148 7979 9552
6902 7374 9758
9240 9015 7730
9446 8480 8017
9844 7962 7487
7555 9877 7867
7602 9876 7794
8050 7683 9315
7868 7347 9496
8033 9488 8377
9898 7889 7346
9928 7693 7271
8715 8780 8582
9362 9011 7597
8411 8560 8873
9269 9124 7590
9273 9028 7703
9418 8911 7695
9361 8876 7969
9458 8683 7737
7069 7365 9727
8408 9439 8274
9515 8625 7891
7393 7512 9620
8950 9160 7938
7362 7277 9679
8533 7684 9135
9054 8944 8106
9385 8972 7623
8719 8243 8792
8006 9860 7442
7177 7511 9630
7122 7385 9699
8135 9816 7521
8437 9395 8171
9125 9248 7608
9498 8674 7849
9359 7707 8634
8120 9509 8132
8528 9100 8563
8151 9699 7806
8160 7328 9440
9807 8317 7355
7101 7941 9617
7852 9870 7574
8232 7395 9369
9923 7875 7164
7826 9939 7376
8169 7409 9370
9349 9023 7587
9720 8532 7341
9922 7758 7261
7715 9531 8515
8696 7735 9062
8598 7404 9220
9235 9153 7587
9506 8636 7865
9914 7830 7331
7942 9338 8638
7459 9971 7439
9329 8798 8007
8068 9625 7985
9430 8758 7776
6961 7613 9685
7547 9341 8834
8567 8410 8844
9069 9311 7578
9372 8980 7583
7502 9058 9059
7465 9967 7475
7841 9931 7439
8292 8469 8959
8447 8405 8922
8048 7327 9474
9266 8999 7897
9407 8836 7934
7756 9252 8777
8364 8770 8820
9612 8693 7562
9946 7584 7178
8171 7482 9369
9219 9164 7622
9161 9211 7511
8018 8587 9050
7947 9412 8518
9825 7666 7707
9806 8250 7447
7852 9076 8764
8845 9230 8022
9667 8196 7841
8313 8001 9124
9281 9090 7599
9147 7638 8840
9388 8948 7627
7188 7283 9695
9361 9036 7580
8657 8243 8876
7336 8938 9164
7859 9494 8377
9471 8542 7934
9579 8082 8124
9840 7861 7574
7850 9861 7648
7966 9424 8447
8061 9414 8417
8841 8574 8614
9801 8343 7417
7894 8045 9334
9642 8258 7741
7675 9330 8820
7744 9412 8587
9213 8906 8055
7090 7328 9714
9793 8383 7471
9600 8632 7617
8264 9747 7593
6945 7576 9723
8822 8614 8623
8699 8934 8607
9046 9327 7557
9051 9320 7576
7739 9423 8600
7699 9810 7970
6889 7460 9737
9896 7566 7447
7343 8880 9189
7612 9883 7643
8770 9513 7644
9239 9141 7592
7881 9457 8392
7858 8090 9266
9183 9193 7505
8801 9043 8308
8293 8033 9181
9483 8568 7925
7347 9059 9049
8517 8346 8899
7874 9906 7508
8286 8054 9179
8734 7510 9103
9924 7712 7305
7425 8827 9181
9365 8725 8027
9173 7796 8811
9145 9231 7679
8256 8355 9070
9320 9052 7600
6999 8299 9539
7829 9817 7680
9378 8932 7845
9842 8153 7410
8161 8932 8852
6914 7575 9730
9924 7566 7320
8248 9754 7419
6892 7497 9733
8140 8057 9152
9471 8859 7539
8446 8678 8857
7581 7887 9439
8352 9530 8113
8964 8713 8475
8939 9354 7671
9307 9011 7631
9502 8866 7521
7055 7495 9710
9624 8609 7582
7709 9400 8679
9000 9328 7619
7005 7495 9715
7564 9832 7991
8006 9798 7678
8739 7631 9085
9428 8584 8012
9309 8988 7758
7358 8807 9267
9115 9260 7602
8189 7808 9283
8950 9071 8217
9044 9313 7655
9530 8560 7869
7888 8877 8978
8639 9280 8073
8574 7436 9229
9101 9267 7508
9236 7713 8748
7905 9025 8900
7382 7381 9639
8587 9427 8010
9906 7671 7441
7254 9037 9086
7516 9288 8869
8110 9595 7905
7636 9834 7881
8855 7730 9032
8796 9483 7555
9468 8514 7995
8149 7391 9421
8775 9492 7520
8335 9268 8480
9098 9269 7585
9345 8987 7598
9642 8656 7566
7493 9334 8837
7950 9347 8502
7520 9987 7346
9944 7481 7286
9033 9330 7601
7929 9414 8483
7415 9093 9045
7944 9412 8542
7526 8882 9119
8599 7293 9219
9589 8665 7605
9832 7743 7657
7284 8810 9285
7230 7634 9589
8846 9187 8048
9942 7672 7107
7101 8617 9385
7333 9996 7492
7385 7344 9628
8774 9450 7773
8582 9483 7981
9533 8091 8116
9603 8735 7503
9936 7654 7257
8081 9830 7596
8859 7607 9072
8980 7783 8929
9941 7744 7243
7565 9830 7910
9381 9015 7510
7880 9451 8396
8430 9599 7890
8505 9256 8308
9183 7824 8802
8892 8058 8871
8030 9605 8074
9178 9131 7799
9394 8985 7485
7466 8967 9119
7180 10027 7445
7435 9959 7517
8353 7282 9360
8918 9129 7968
8725 9524 7638
9258 8788 8095
7239 8875 9198
8076 8848 8976
8584 7449 9206
8741 9047 8329
9186 9182 7578
8265 7351 9359
8401 7258 9302
8958 9268 7787
8502 7341 9275
8937 8787 8367
7236 10034 7392
7651 7374 9576
9089 9267 7631
9324 9044 7559
7430 7632 9563
9658 8544 7569
7661 8646 9240
7213 8898 9203
9307 8473 8365
9891 8054 7432
9802 7843 7622
7260 7403 9668
9718 8549 7415
7395 8877 9179
8722 7604 9109
8928 9019 8221
7727 9938 7563
9338 9044 7514
7197 10061 7179
8552 8840 8663
9268 9102 7598
8530 9397 8012
9130 9240 7600
9213 9171 7669
7228 8886 9195
8621 8668 8733
9814 8223 7492
7086 7307 9715
8013 8583 9061
8894 8571 8590
9400 8619 7986
8415 7282 9298
8937 9285 7936
8120 8567 8970
8932 8805 8445
9574 8795 7542
7952 8425 9194
7840 9398 8646
8100 9850 7517
9287 7838 8697
9858 8193 7376
7792 9353 8658
8309 9718 7568
7487 8921 9103
8952 7653 9023
7985 7948 9298
8095 7469 9390
9167 7868 8771
9956 7518 7118
7565 9032 9099
8384 7388 9334
9304 8916 7981
9741 7775 7976
9906 7782 7373
7017 7658 9681
8484 8199 9000
8524 9105 8558
8979 7941 8852
8889 7720 9010
9375 8907 7847
9319 9075 7527
8826 9232 8114
8862 9091 8224
9855 7943 7453
7365 8834 9237
7771 9062 8825
8000 9385 8419
7562 9403 8787
6977 7492 9736
8426 9351 8244
9648 8591 7492
7542 9889 7801
8403 7691 9171
8993 8510 8601
9100 9032 7921
9291 7701 8718
9182 9171 7761
9733 8518 7322
8622 7436 9206
9613 8279 7839
9580 8796 7508
7238 10016 7443
7682 8975 9072
8329 9583 7944
9059 8483 8511
9096 8908 8221
6954 7744 9687
8505 8135 9025
8765 9240 8098
9819 7902 7517
7222 7497 9638
7176 7795 9603
8107 9570 8109
8582 8649 8754
8066 8161 9176
7826 8568 9174
8692 7978 8995
7802 9373 8653
8131 9821 7551
8135 7382 9426
9667 8701 7474
8794 9017 8402
7934 9885 7451
9148 7916 8819
9789 8365 7498
7821 9947 7444
8347 8751 8862
9197 8883 8209
7742 9539 8396
9143 8090 8729
6989 7853 9651
9211 8724 8286
6968 7583 9710
8811 8657 8640
9266 7698 8741
8191 7376 9380
8921 7686 8991
7255 8914 9184
8866 9186 8089
9297 9042 7649
9103 9219 7685
9382 8997 7580
7532 9626 8471
7757 9168 8831
7767 9931 7491
8577 7712 9129
9066 9225 7681
7063 7803 9641
7095 7462 9711
7423 8516 9363
8271 9281 8476
8679 7643 9100
9432 7995 8391
8967 9089 8203
9012 8048 8742
8164 7324 9435
9020 9318 7603
7474 9581 8496
7746 9831 7751
8880 8873 8569
8698 9118 8282
8308 9738 7490
8697 7626 9157
9364 7847 8580
8101 7405 9402
8942 7991 8879
9059 7823 8890
7797 9120 8789
7794 9644 8213
7892 9899 7381
9583 8791 7457
8149 8298 9117
9341 7919 8584
9391 8096 8388
9699 8534 7459
9569 7843 8304
7708 9958 7416
8929 9009 8258
8933 9404 7682
9458 8963 7518
9711 8242 7714
8738 9453 7799
7855 8430 9257
7992 8674 8998
8983 8210 8735
9114 9240 7632
8001 7649 9459
8865 9351 7862
7315 9956 7716
7742 9377 8667
7595 9972 7399
8734 7717 9083
8782 8037 8876
7742 9156 8867
7848 8223 9277
8423 7229 9310
8201 7292 9440
8182 9373 8451
9183 8930 8072
7441 9162 9001
8850 9286 7905
8559 7441 9243
9748 7875 7939
7944 8816 9015
8150 8976 8763
8786 9178 8139
9193 8939 8013
8756 8951 8476
9155 7970 8741
9080 9304 7651
9277 8401 8377
9704 8490 7594
9619 8687 7513
7002 7511 9713
8154 9789 7618
8759 7976 8956
8987 9138 7864
8963 9314 7658
7606 9749 8272
7106 7337 9710
9434 8598 8007
8767 8603 8712
9172 9192 7627
7509 9318 8842
7958 9885 7435
9229 9110 7859
9638 8748 7439
7146 8623 9374
8450 9577 7942
9283 8754 8013
8713 8266 8811
7087 8527 9406
8797 8936 8437
8947 7849 8930
9040 8441 8581
9299 9063 7632
7033 7978 9623
7913 8532 9114
8888 7987 8883
9088 8375 8627
9215 8968 8007
9712 8150 7830
9702 8586 7449
8957 8380 8669
8995 9053 8107
8695 7627 9096
9291 9008 7829
9136 9234 7552
9707 8533 7520
9636 8714 7461
8448 8381 9034
9066 9239 7671
9555 8681 7653
8469 8982 8620
8537 9244 8433
8946 7966 8814
9602 8787 7557
9850 7807 7640
7450 9111 9021
7159 7393 9697
7011 7414 9733
7950 8445 9157
8514 7651 9229
8641 7954 9025
8655 7618 9167
9294 9071 7558
7481 9067 9024
7843 9104 8768
8116 7338 9451
8822 9364 7870
9169 8479 8500
9544 8882 7484
8910 8059 8787
9177 7708 8820
8716 8691 8643
7172 10070 7245
7322 7420 9647
7711 9166 8837
9140 8520 8484
9025 7701 8918
9821 8144 7439
8664 9252 8248
9174 7860 8794
9864 8129 7261
7539 9073 9019
7486 9101 9015
8044 9790 7622
8878 8910 8381
8913 9036 8264
9154 8285 8534
9957 7492 7079
7201 8262 9489
7459 8719 9247
9281 8905 8018
7875 9326 8665
8508 9639 7691
8809 8224 8786
9588 8113 7966
9364 9012 7561
9816 7835 7704
7483 9630 8435
7175 7330 9708
8445 9063 8703
8948 7724 8982
9167 8972 8085
7478 7742 9521
7830 8951 9026
7827 9040 8877
9184 8605 8337
9315 8974 7658
9527 8138 8005
9540 8829 7527
7308 10010 7472
8771 8757 8588
8817 8737 8591
9492 8716 7729
7960 7723 9327
7757 9845 7690
8303 9528 8119
8842 8461 8624
8505 7391 9265
7276 8997 9124
7398 9987 7562
8066 7495 9349
8693 9202 8248
8960 9332 7650
9405 7693 8576
7408 9981 7421
8824 9024 8274
8216 9784 7518
8944 8693 8542
9066 9185 7726
8998 7766 8923
9088 7561 8905
7254 7468 9690
7504 7308 9630
8097 9405 8418
7984 9880 7443
7955 9813 7615
7723 9766 8169
8356 9553 7984
8691 8632 8665
8986 9302 7756
7542 9696 8357
9196 9146 7683
7646 9769 8075
8338 9547 8085
8222 7479 9365
8633 9140 8416
9489 7752 8405
7287 7763 9584
8526 9368 8139
8654 9403 8002
8614 9153 8459
7009 7840 9647
7613 9830 7893
7816 8341 9265
7745 9880 7537
8187 7605 9334
8499 8909 8782
9875 7898 7482
7052 7772 9654
7222 8883 9212
7706 9556 8462
8061 7420 9444
7596 9679 8386
7891 8677 9131
7907 7342 9488
9113 8145 8676
9760 7779 7958
7380 9060 9047
8523 7388 9257
8645 7443 9179
7566 9583 8495
7141 8045 9540
7858 9864 7533
9668 8508 7709
9614 8710 7501
7441 9980 7493
8801 9482 7579
9438 8977 7437
7546 8109 9420
7308 7526 9626
9006 9012 8233
8658 8232 8934
8609 8968 8623
8924 8569 8571
9113 8133 8681
9241 8633 8264
7259 9057 9072
8406 9460 8146
9090 8284 8548
9429 8771 7755
7860 9857 7627
8328 8431 9017
8426 8228 9049
8755 9436 7787
9222 8924 8012
9472 8942 7503
9639 7792 8282
7482 10008 7343
9071 8180 8646
9056 9175 7774
8911 7665 9013
9168 9216 7501
9524 8651 7788
9648 7935 8113
8625 9356 8183
8747 7615 9063
8378 8955 8723
9396 8962 7616
7321 8884 9196
7208 10056 7280
8462 9610 7780
8634 8376 8851
8692 7502 9161
9142 8521 8470
8936 9384 7653
9076 9239 7661
7157 10053 7350
7988 8587 9079
7628 9749 8173
8402 7493 9297
9796 8302 7514
7279 9020 9102
7634 9739 8235
7366 7834 9546
7532 8299 9361
8813 7894 8975
8652 9219 8338
9568 8832 7443
7041 7384 9738
7631 9879 7727
7751 9425 8533
8407 8440 8991
8638 8266 8932
8523 7413 9250
8614 8244 8949
9752 8045 7889
7642 8689 9258
9340 8568 8246
7081 8506 9450
7718 7640 9533
7844 8062 9374
7630 7684 9467
7997 7294 9509
8293 7560 9284
8410 9409 8233
8427 8730 8821
8913 8988 8290
7021 8212 9566
7177 10054 7306
7431 8717 9281
8770 8857 8581
8370 9256 8443
8829 7840 8971
9809 8295 7396
9947 7560 7155
7789 7449 9542
9588 8529 7737
8091 8540 9069
7857 9478 8389
8190 8875 8848
8728 7932 9016
9676 8450 7609
9416 8977 7497
9629 8479 7711
9363 9042 7450
9607 8027 8258
9552 8715 7614
7682 8993 8961
7949 8509 9222
8413 7915 9128
8264 7355 9396
9208 9178 7543
8057 7418 9471
8255 8970 8741
8940 8020 8856
9416 8974 7596
7607 9633 8406
7801 8861 9079
7784 9481 8522
8284 7287 9376
9037 9277 7727
9452 8713 7851
7499 9149 8998
7804 7459 9527
7428 10016 7407
8374 7394 9354
8170 9807 7528
8595 8315 8857
7329 9115 9052
7315 9996 7493
8647 9423 7925
9930 7659 7252
7334 9959 7657
7563 9641 8404
8876 7809 9004
8883 8872 8321
9620 7959 8041
7161 10038 7373
7421 9048 9066
7262 10028 7297
8466 8647 8823
9387 8998 7455
9724 8523 7523
8101 9830 7526
9146 8784 8421
9121 9251 7556
9909 7685 7364
6998 7426 9718
9044 8377 8639
8709 9268 8084
9386 8635 8151
7562 9667 8387
8824 8597 8605
9211 9176 7554
9952 7548 7125
7190 8516 9441
8137 8471 9122
7956 8652 9069
9035 7902 8916
8677 8390 8822
7517 9659 8390
8300 8687 8928
6970 7562 9711
7306 7435 9640
7979 8749 9033
8055 7570 9384
8642 7893 9020
8541 8303 8989
8750 8020 8959
8522 7506 9220
8727 9512 7653
9831 8282 7367
7609 9827 8088
7635 9038 8978
8568 9030 8604
8441 9700 7629
8725 9253 8071
9102 9264 7587
9246 9143 7515
7292 9960 7635
7448 7488 9566
7937 8242 9237
7872 9669 8114
7979 8987 8845
8378 7931 9158
8986 9058 8109
9167 9198 7511
9590 8345 7809
9561 8668 7624
7397 9995 7498
7561 7990 9511
7829 7277 9556
8047 8944 8891
8081 9257 8715
8237 9782 7686
9073 8714 8471
9418 8969 7471
7461 9085 9040
9254 8789 8073
9908 8042 7332
7523 9491 8632
9023 9115 8014
9236 9059 7775
7173 8995 9129
7051 7510 9694
8168 9260 8505
8089 9003 8715
8692 8155 8875
9623 8777 7500
9897 7985 7401
7180 10033 7400
7470 8936 9141
8025 9604 8227
8508 8874 8704
8713 8381 8792
9951 7467 7132
6955 7453 9748
7813 9615 8302
8273 7396 9356
8750 9272 8019
9454 8535 7987
9418 7841 8570
7556 9942 7708
7820 9828 7785
8809 9477 7620
8408 8422 9040
7931 9433 8458
8197 9498 8160
7864 9930 7487
8094 7426 9417
8461 9097 8566
9237 8714 8191
9774 8434 7543
7332 8825 9250
7426 8747 9312
7994 8907 8965
7968 9045 8867
8486 9666 7686
9293 9085 7636
9888 7779 7534
8312 7401 9326
8290 9089 8674
9392 8995 7432
9783 7882 7857
8048 9361 8457
7922 7340 9553
8173 8807 8950
8143 7428 9395
8711 9106 8506
9247 7769 8736
9777 8123 7857
7622 9293 8821
8095 7251 9463
9318 7827 8661
7515 8900 9152
7801 9811 7788
7846 8197 9295
7311 10055 7241
8295 8046 9180
8646 9350 8063
7632 9570 8543
8889 9217 8028
9088 8166 8652
9141 9183 7701
7021 8277 9550
7553 9165 8953
7398 8534 9374
8445 8385 8997
8913 8837 8438
9198 8027 8672
9501 8882 7494
7824 9771 7834
7649 9940 7453
7466 8950 9161
8548 8748 8723
8968 9006 8244
9499 8434 8252
7146 10060 7272
7629 9425 8774
7609 9704 8355
7556 9636 8408
8363 9253 8488
7896 7830 9436
7867 9921 7497
8884 8734 8596
9521 8418 7968
9455 8919 7521
9468 7886 8527
7367 8874 9207
8137 9819 7500
8639 7470 9188
9363 8145 8536
9401 7982 8395
9378 8659 7950
7372 10025 7319
8235 7387 9368
8640 7762 9088
8478 9310 8243
8802 9234 7992
9064 9266 7703
7432 9325 8851
7647 9744 8208
8455 9406 8081
9137 8114 8703
7726 9433 8589
7807 9781 8018
8343 9117 8620
7988 9844 7578
8623 8390 8838
8700 9427 7919
9302 9125 7526
7305 8762 9341
8552 9583 7745
9107 9242 7633
9438 8094 8390
9762 7736 7922
9848 8153 7394
7582 8752 9147
7964 9872 7492
9308 8395 8348
9727 7835 8074
9932 7631 7294
7326 7586 9597
8695 9268 8122
8404 9713 7731
9151 8074 8734
9754 7766 7970
9823 7799 7713
9683 8625 7325
7289 8826 9275
7712 9666 8248
7631 7440 9615
7908 7491 9461
8160 9319 8526
8763 9040 8412
8270 9737 7683
9310 8020 8572
7472 8167 9472
7627 7456 9575
9750 8306 7652
7971 8037 9323
7679 9950 7420
8587 9607 7661
8502 8588 8824
7642 9727 8229
7432 8154 9483
7852 9475 8471
8263 9107 8664
8816 7599 9084
7290 10024 7384
7672 9659 8335
7711 9721 8204
8042 7715 9305
7260 8872 9214
7293 10027 7325
7743 7354 9588
7856 7354 9500
7870 8073 9321
8464 8181 9004
8195 8073 9142
8355 8700 8826
9679 7675 8108
7011 7882 9630
7122 8094 9602
7588 9992 7316
8176 7294 9444
7660 8300 9347
8928 8435 8658
9544 8803 7545
7762 7678 9449
8043 8316 9161
7926 9415 8486
8413 7389 9299
8266 7429 9352
9380 8059 8466
9727 8357 7693
9665 8590 7497
7585 9519 8572
7595 9240 8889
7487 8135 9416
8322 7516 9302
8613 7951 9034
8762 8631 8668
8573 8730 8727
8305 9745 7593
9818 8274 7409
9746 8515 7459
7120 7850 9619
7848 9712 8171
7958 9417 8451
8569 8109 8954
7428 8984 9144
7457 8807 9260
8202 9333 8485
8573 7425 9234
9475 8887 7504
7235 7483 9680
7669 9678 8354
7514 7459 9619
7639 8984 9015
7936 9733 8062
8252 8036 9197
8388 7824 9148
8875 9446 7653
8152 9809 7579
7086 7975 9606
7798 8574 9195
8262 7367 9422
8339 9558 7953
9114 8008 8764
7161 8859 9251
8902 8771 8499
9275 9026 7676
9248 7703 8752
7495 9299 8854
8124 9198 8607
8359 7697 9160
8706 8281 8807
8823 9436 7710
9232 7730 8781
9451 8917 7537
9537 7930 8358
7512 9532 8562
6962 7502 9726
7543 9148 8999
7860 8683 9140
8491 7532 9294
8463 8107 9095
8850 7589 9098
7639 9360 8765
7357 10037 7254
7617 9835 7845
8348 9381 8414
9730 7857 7998
8217 9183 8635
8681 8757 8659
8682 7639 9111
9578 8628 7760
9542 7915 8354
9838 8097 7429
7705 9562 8416
8458 9670 7747
7924 8535 9091
9650 7844 8238
9536 8864 7495
9566 8792 7552
6919 7639 9717
7701 9573 8532
7120 8143 9593
7606 9138 8951
7676 9288 8747
7570 7699 9497
7880 9779 7832
8284 8403 9050
8409 9549 7988
9014 9033 8105
9277 8771 8090
9205 9182 7549
9431 7707 8552
9463 8110 8320
9487 7869 8359
9888 8097 7393
7680 8307 9292
8393 7480 9313
8852 9460 7674
9125 9258 7465
9707 7794 8091
9813 8291 7275
7713 8640 9254
7824 9001 8947
8102 8977 8827
8115 9824 7585
8622 8513 8843
8912 7644 9024
9352 8048 8540
9883 8067 7409
6996 7573 9695
7630 9490 8621
8731 9456 7774
9358 8609 8234
9565 8043 8157
9597 7805 8308
7026 7402 9743
7211 7219 9719
8560 9155 8504
8181 7397 9407
8667 8818 8704
8686 9619 7632
8866 7570 9072
9384 9008 7536
7412 8869 9204
7469 8656 9275
8060 9854 7552
7885 8920 8945
9666 7857 8185
7589 9248 8859
7992 8509 9104
7926 9896 7433
9108 9013 8091
7239 8830 9250
7503 9185 8968
7724 7986 9393
7767 9113 8933
7869 9556 8320
7782 7560 9483
8608 7386 9213
8563 7461 9204
8727 9554 7633
8589 7446 9205
9288 8197 8563
9436 8888 7705
9705 8574 7431
7193 8362 9536
7181 8581 9405
7248 8516 9436
7502 9638 8414
8183 9397 8375
9509 8910 7492
9759 8475 7354
7329 8899 9187
7445 9546 8580
6965 7679 9681
7117 7486 9679
7397 10025 7302
7502 8585 9289
8152 9470 8377
8580 9361 8193
8925 8832 8308
7776 9609 8341
7490 8115 9368
8325 8958 8835
8085 9758 7888
8399 8375 9061
8246 9686 7760
9135 8991 8067
8896 9179 8076
9117 9239 7645
8676 9570 7704
9272 8550 8275
9473 7785 8505
7522 9891 7843
7589 9788 8107
7536 8538 9276
7549 9879 7869
8130 7818 9289
8024 8966 8833
8868 9157 8209
8903 8853 8403
9268 8475 8428
8982 9058 8150
9556 8514 7796
7374 8905 9177
9035 7644 8942
9502 7716 8418
7595 9485 8653
8907 8448 8705
8838 9001 8353
9525 7954 8313
7696 9484 8700
8036 9019 8806
8239 9759 7542
8448 9410 8113
7703 9439 8679
7336 10004 7469
7374 8759 9297
7353 9950 7689
7591 9054 8977
7593 9977 7294
8688 9267 8161
9389 8551 8117
9629 7850 8205
7460 8716 9289
7640 8902 9110
9191 7747 8809
9500 8071 8174
7206 7912 9558
8574 8693 8804
9309 8535 8299
9038 9023 8202
9378 8358 8328
9838 7723 7681
7003 7854 9633
8028 9726 8104
9493 7959 8319
9890 7710 7486
7682 9268 8855
7216 9956 7717
8822 8655 8607
8745 9501 7658
9431 8490 8083
9898 7762 7425
7635 9652 8358
7467 9188 8981
7628 9821 7933
8556 8752 8715
8512 9592 7762
8455 9642 7768
8620 7513 9181
7308 10012 7414
7578 9345 8833
7602 9861 7800
8370 9458 8360
8900 9139 7976
8811 9416 7792
9396 8252 8373
9374 7863 8549
9750 8457 7501
7189 9001 9114
7100 8105 9605
7748 8915 9053
7897 9779 7830
8527 8540 8829
8777 9221 8213
9571 8137 7964
9854 7667 7654
7408 9872 7947
7353 8508 9448
7490 9925 7749
7843 7473 9479
8211 9799 7498
7905 9897 7496
8608 8080 9058
8225 9096 8672
8897 8649 8578
9918 7864 7317
7487 8564 9308
7947 8517 9174
8235 8762 8929
8020 9807 7643
8574 7647 9135
8718 9093 8531
9201 7801 8783
9368 8580 8231
9357 7826 8605
7517 9282 8854
7564 9787 8235
7552 8802 9240
7995 7352 9486
8129 8956 8844
8256 9663 7776
8439 8442 8888
9012 7743 8977
9464 8678 7861
9641 8334 7753
9757 8471 7418
7367 9940 7747
7891 9498 8294
7753 9887 7530
9857 7591 7604
7417 8528 9362
7801 9918 7498
8032 9858 7557
8720 8039 8991
8450 9674 7593
8719 8193 8850
9672 7802 8177
7513 9162 8954
7658 8480 9343
7491 9042 9066
7391 7689 9574
7881 7456 9465
8793 9155 8278
9339 8935 7804
9734 8472 7506
7322 10023 7334
6990 7510 9724
7336 8789 9336
7356 7994 9494
7707 8971 9056
8371 8595 8927
7987 9861 7422
9283 9105 7586
9560 7855 8287
9858 8062 7431
9697 8612 7489
7217 9056 9087
7769 9613 8351
6974 7941 9632
7381 9176 8990
8306 8423 9045
8461 9631 7841
8565 8933 8635
9339 8486 8296
9112 8509 8497
9321 7809 8640
7460 9900 7860
7211 7247 9696
7667 9862 7767
7131 7333 9708
7544 10006 7275
7985 7263 9515
8413 9428 8145
8630 9505 7788
8712 7618 9091
8765 9165 8233
8900 8456 8683
9259 8838 8025
9251 7830 8704
9648 8547 7540
7319 8608 9398
7615 9782 8169
7498 9948 7481
8328 8000 9269
8009 8367 9152
7674 9970 7432
8465 8559 8827
8389 9075 8710
8323 9656 7784
9838 8125 7423
7856 9527 8425
7744 9923 7590
8413 9320 8388
8532 8603 8818
9154 9074 7885
9220 9143 7788
9129 9243 7480
9480 7863 8433
7616 9525 8554
7340 8028 9543
7571 8495 9346
8287 8315 9096
8907 8743 8520
7360 7394 9678
7901 8783 9130
7434 9983 7355
8200 8527 8985
8685 9497 7821
7698 9410 8733
7318 8100 9522
8082 9121 8691
7750 7245 9558
7207 10045 7322
7656 9712 8341
7599 9729 8284
7509 9297 8856
7841 9359 8566
7846 7364 9533
8351 8070 9113
8400 9251 8507
8665 8281 8834
8591 9619 7648
8784 7972 8950
8855 8266 8738
9147 8231 8613
9667 7832 8158
7159 8396 9488
7523 7273 9636
9252 7963 8640
9028 9048 7916
9217 7845 8741
7465 7571 9563
7699 8829 9119
8808 7995 8903
8690 8723 8629
8689 9538 7713
8792 7504 9116
8863 8896 8399
9214 7604 8823
9193 7688 8821
9459 8668 7907
9701 7878 7910
7235 8194 9486
7681 9702 8290
8719 9249 8120
9016 7929 8807
7154 8462 9507
7563 9734 8304
7721 7480 9569
8369 8767 8795
8610 9387 8135
8576 7924 9089
8436 9685 7632
9012 8495 8532
8938 9308 7683
9244 8094 8661
9743 8475 7460
7645 9623 8484
7576 9977 7408
8299 9662 7777
8090 9830 7586
9631 8722 7482
7209 8575 9401
7731 7620 9473
7709 9880 7608
7884 9909 7495
8603 8592 8782
9047 7598 8923
9609 7910 8199
9511 7748 8408
9466 7994 8359
7290 8866 9241
7489 7334 9652
8193 8652 8969
8694 9539 7659
8085 7456 9400
8850 7967 8896
9802 8080 7615
7129 7857 9599
7632 9496 8605
7742 9840 7784
8182 9239 8518
8684 9279 8185
8623 7480 9169
8651 9507 7751
9396 8270 8363
9582 8360 7831
9485 7679 8456
7867 8079 9318
8138 8083 9210
7815 7529 9506
9127 9236 7669
9319 8223 8518
9374 9027 7467
9713 7867 8080
7274 8384 9473
7343 8575 9345
7251 10046 7267
8904 7653 9058
9266 7735 8721
9616 7872 8179
7275 9984 7574
8175 9789 7499
9249 8291 8479
9177 9187 7652
9504 7951 8350
9845 8239 7409
7344 7552 9591
7998 8673 9039
7920 9801 7758
7660 8830 9083
8779 9366 7821
9162 8830 8239
9488 8028 8253
9351 7713 8685
6950 7593 9714
7543 9686 8357
7656 9732 8205
7774 9097 8796
7423 10029 7263
7539 7298 9635
7827 9067 8816
8564 9505 7960
8102 9801 7610
8351 8708 8900
9327 8665 8166
9427 7857 8541
7535 9349 8790
8126 7159 9450
7895 8531 9195
9033 9285 7702
8972 9383 7645
8843 9474 7628
9422 8775 7821
9570 8058 8135
7167 7654 9614
8233 8099 9134
8548 7727 9111
8694 9273 8149
9073 8338 8643
9912 7487 7350
7571 9569 8545
7610 9574 8538
7069 8498 9457
7483 8098 9461
8499 9672 7663
9425 8500 8106
9588 7822 8286
7721 9559 8457
7029 8094 9616
7094 7958 9617
7551 9838 8113
7874 9026 8881
8741 8288 8779
8931 9394 7764
9687 8620 7465
7315 8722 9361
7323 9070 9061
7799 9424 8543
8503 8376 8993
9457 7960 8421
9579 8792 7517
9909 8025 7336
7468 9200 8978
7255 10019 7411
7566 9002 9026
8047 7940 9302
8672 8956 8613
8369 9271 8462
8597 8290 8885
8400 9714 7617
9387 7799 8585
9624 8701 7484
9763 7883 7896
9789 7751 7913
7336 8687 9370
7487 7481 9622
8300 8741 8890
9112 8925 8096
7680 7678 9457
7544 8524 9302
8730 8961 8453
9064 9186 7704
7692 7278 9609
7238 8263 9482
8167 9802 7553
8449 9676 7622
8597 8386 8850
9011 8559 8545
9872 7664 7557
7120 7765 9656
8460 9154 8546
9196 8002 8693
9260 9019 7713
9128 7808 8883
9385 8837 7750
9778 7786 7887
7877 7396 9487
8660 8745 8714
9556 8814 7481
9738 7729 8011
7989 9564 8253
7726 7506 9533
8220 7372 9382
8221 8349 9113
9422 7950 8509
9659 8257 7926
9695 8545 7547
6951 7650 9711
7658 9199 8895
7595 9245 8879
7956 9607 8119
7942 8021 9333
7948 8793 9071
8015 7470 9449
8344 7668 9279
8644 8503 8765
8625 9518 7771
8936 9351 7709
9014 9317 7642
9438 8806 7738
9503 8274 8031
9528 8401 7964
8278 7290 9360
7910 8519 9153
8689 9345 8032
8886 9427 7599
9335 8962 7856
9266 7918 8628
9610 8238 7961
9743 8147 7736
9633 7941 8120
7302 8832 9249
7157 8990 9137
8440 8284 9037
8871 9008 8334
8939 9389 7583
7041 8188 9541
7558 9856 7968
8166 9431 8414
8496 9614 7715
8988 9328 7624
9274 7659 8758
9567 8108 8090
8992 9354 7605
7543 9434 8732
7616 7916 9428
8920 8280 8735
8715 8572 8738
8585 8382 8877
8397 9134 8597
8744 7811 9054
8795 8146 8804
7170 8475 9462
7662 9813 7902
8497 9251 8486
8843 9406 7710
7940 9770 7826
8451 9400 8098
8638 9421 7973
8832 9169 8122
9174 9073 7913
7220 10002 7489
8015 7721 9306
7881 9387 8545
9530 8857 7666
9587 8695 7581
7091 7967 9627
7575 7472 9574
8751 9353 7950
9429 8436 8313
9098 7737 8888
9455 8811 7670
9391 8992 7482
7523 9857 7944
7552 9773 8242
7379 7739 9538
8083 8606 8976
7719 9692 8182
9068 7797 8907
9344 7989 8583
9771 7799 7902
7106 7355 9702
7601 9901 7668
7608 7922 9422
7493 9950 7442
8074 9798 7621
8752 9487 7682
8713 7480 9138
9324 8336 8331
9411 7688 8578
7649 9728 8211
7634 9549 8547
7406 8836 9233
8275 7693 9309
8513 7791 9103
8381 9568 7946
8276 9742 7671
8707 9507 7695
8934 7661 8983
9275 7605 8773
9870 7793 7595
7522 9252 8921
7452 8953 9133
7819 8729 9174
8809 9470 7727
9211 8335 8528
9278 9102 7591
9222 7710 8805
7521 9877 7912
7626 7894 9402
7726 9496 8515
9217 8884 8027
7052 7604 9689
7014 7833 9661
7465 9269 8929
7503 9198 8933
8128 7403 9444
7933 9895 7488
8070 7288 9489
8419 9680 7668
8778 9088 8293
8931 8922 8298
7391 10041 7222
8094 8698 8969
8197 8181 9126
9282 9023 7683
9822 8034 7453
9531 7810 8388
7357 7545 9577
7952 9273 8752
7983 7329 9539
8073 8124 9263
8238 9462 8205
8547 8923 8650
9048 8602 8529
7259 10012 7476
7174 8484 9450
7338 8573 9386
8725 9339 8015
8162 7405 9390
9733 7823 7967
9875 8104 7409
7214 8234 9492
7412 9977 7617
7640 9490 8572
7164 7578 9620
7573 8032 9425
7558 7323 9629
8582 9668 7685
8500 7965 9120
8716 9450 7812
8740 8037 8956
8983 9255 7882
9242 8498 8493
9275 7961 8589
8161 8833 8877
8589 9654 7586
9169 7645 8824
9300 8694 8150
7400 8768 9268
8295 9740 7624
8978 9108 8193
8724 9528 7660
9511 7800 8397
9795 8107 7824
7423 8439 9469
8356 7656 9174
8301 8167 9107
8375 9706 7756
8282 9753 7546
8719 7495 9133
9749 8498 7404
9929 7859 7220
7000 7883 9633
7548 9528 8576
7696 9286 8764
7504 7305 9635
8751 8368 8760
8887 8259 8766
9368 8183 8528
9018 7749 8969
9585 7800 8335
9674 7779 8117
6908 7921 9643
7201 8413 9475
7430 8350 9355
7880 8247 9244
7952 9860 7506
8561 9605 7705
9541 7759 8395
7532 9793 8145
7832 9198 8757
8689 9048 8597
8803 8544 8659
8843 8350 8743
8855 7683 9045
9732 7735 7990
9822 7856 7605
7861 9580 8296
8270 8525 9029
8182 9684 7780
8629 8889 8624
9158 8276 8569
9442 8896 7561
9330 7766 8688
9611 7831 8252
7044 7831 9680
7709 9656 8288
7970 9003 8871
8010 9248 8734
8173 9800 7607
9171 7884 8704
8761 9517 7652
9042 7775 8910
9470 8887 7603
9549 7698 8379
9692 7946 8063
7788 9550 8374
7256 7297 9692
7996 8237 9208
7583 7144 9624
8391 7310 9314
9235 8717 8265
9622 8591 7692
9479 7914 8503
9812 7782 7864
7489 9241 8928
7469 9915 7824
7529 9268 8916
7760 9146 8806
8576 9557 7833
8738 8235 8797
8750 7461 9174
9213 7976 8667
9613 8694 7537
9431 8959 7544
7234 8703 9365
7533 9052 9043
7442 7726 9561
8662 9473 7843
8836 8136 8817
9147 8876 8283
9263 7875 8651
7508 7397 9584
7494 7348 9600
9932 7742 7186
7129 7471 9691
8963 8079 8680
8725 7906 8941
7422 7543 9591
7867 9690 8081
8685 7554 9164
7779 9937 7324
8142 9780 7408
9942 7672 7107
7414 7309 9653
8702 9524 7593
9956 7518 7118
9390 7982 8548
7393 7441 9634
7985 9799 7557
9712 8473 7559
7921 7522 9439
9326 8981 7711
9936 7654 7257
9946 7584 7178
9940 7562 7264
7733 9887 7552
8754 8033 8896
7196 7716 9594
8720 8817 8677
7346 7566 9580
9587 8152 8206
9696 8222 7729
9316 7918 8609
9387 7997 8471
7869 9622 8147
8693 8403 8825
8914 8003 8851
7451 7427 9590
8716 8393 8811
9550 8675 7630
7830 9903 7166
9304 9105 7563
7417 7594 9563
7829 9899 7338
9324 8822 7940
9421 7809 8499
8344 7525 9294
9452 8112 8315
9132 9227 7722
9758 8462 7466
7756 9719 8087
8452 7778 9163
9326 8367 8368
8608 8596 8757
9325 8124 8430
9555 8782 7621
8644 8107 8997
9025 8622 8510
9477 7890 8446
7724 8498 9253
9319 9060 7663
9241 9168 7669
8522 8258 8920
7662 8666 9151
9031 9208 7791
7520 7515 9565
7952 7700 9400
9596 8308 7813
8062 8593 9050
8961 7963 8846
9462 7798 8498
9319 7921 8556
7651 7331 9574
8502 8052 9066
7467 8829 9246
9421 7743 8567
7822 9901 7437
7530 8939 9179
8687 9529 7602
9943 7671 7184
6995 7663 9689
8939 7838 8872
8422 8260 8978
7288 10033 7320
8586 8938 8678
8515 8967 8692
7860 7430 9478
9731 8563 7449
9055 9242 7762
9397 8979 7625
9654 8636 7555
8387 9465 8128
9523 8716 7715
7062 7858 9622
8838 8345 8708
9532 8624 7862
9879 7831 7351
7113 7514 9677
7323 7569 9584
9947 7560 7155
7516 8828 9181
7886 7732 9447
9303 8968 7822
9657 8627 7552
7471 9013 9087
6932 7546 9717
7872 8492 9141
9365 8989 7630
9295 9103 7587
9340 9011 7662
9478 7862 8393
9921 7827 7249
7926 8644 9101
8650 8163 8867
8985 9060 8128
8741 8607 8712
8625 9511 7700
7418 7411 9646
7369 9777 8124
7751 8680 9106
7971 9750 7674
8070 9491 8288
8113 8414 9069
8940 9361 7659
9078 8857 8135
8545 7480 9242
8875 8219 8807
9544 8774 7633
8285 7846 9185
8669 9224 8190
7677 7470 9546
7440 9034 9098
8215 7836 9294
9709 8274 7668
8000 7813 9301
9220 8116 8535
9850 8219 7358
7797 7337 9530
8577 7991 9070
9668 8603 7515
8681 9533 7586
9040 9288 7718
9498 8820 7648
7389 8025 9504
8950 7601 8984
9613 7833 8318
8567 9567 7743
9158 8845 8098
8811 7649 9010
7972 9881 7303
9276 9134 7709
8645 8426 8839
8805 7758 9015
8762 8099 8886
8894 8927 8310
7602 7658 9484
9017 7642 8938
9097 7781 8822
7293 10024 7327
7364 7548 9588
7391 7612 9578
8432 8151 8989
9551 8485 7776
9423 8967 7602
9751 8201 7655
9652 8325 7732
9402 7805 8590
7850 9918 7153
8839 9426 7716
7810 9659 8097
8688 8246 8853
8514 7608 9181
9312 8190 8425
7686 8870 9044
8413 8275 9014
9480 8677 7814
9534 7782 8363
8830 7751 9001
8811 9498 7582
7652 8993 8945
7730 9941 7390
9317 9092 7583
9548 8756 7623
9290 8441 8382
7065 7771 9651
7716 9759 8158
9023 8871 8187
9695 8018 7867
7896 9621 8118
8921 7708 8987
8945 9361 7626
7249 8668 9387
8641 8167 8855
8761 7976 8909
7007 7492 9720
7185 7501 9646
7379 7474 9606
9398 9014 7564
9606 8710 7589
8798 9471 7671
8876 7411 9054
9181 9079 7810
7073 7569 9699
9307 8591 8253
9457 8895 7643
6959 7581 9699
7873 7755 9442
8161 8320 9066
9405 8959 7627
9911 7823 7283
7683 9764 8101
8022 8471 9128
9521 7990 8366
9596 8478 7700
6928 7528 9733
6975 7536 9719
7649 9077 8930
8760 8896 8519
8711 7862 9022
9366 8990 7624
8677 9521 7619
7627 9728 8197
9298 9102 7650
9493 7804 8451
7049 7443 9725
9331 8728 8027
9410 7792 8506
9681 8574 7628
7443 9992 7529
9061 9067 7866
9428 8108 8374
9683 7905 8184
7468 9845 7944
7466 9907 7772
8626 8567 8754
7696 9704 8199
6890 7535 9734
7082 7506 9680
9303 7933 8680
9675 8603 7491
9794 8426 7455
7295 8740 9324
7536 7608 9544
6965 7520 9723
6901 7545 9729
7624 7645 9519
8674 9294 8048
6969 7499 9721
7336 8518 9384
8626 7952 9017
9494 8582 7931
9629 8709 7547
9489 8880 7671
6970 7495 9724
8030 9238 8688
9119 8966 8098
6962 7601 9691
9412 8208 8368
9695 7944 8058
6966 7580 9693
8770 8344 8760
9292 8232 8448
7694 7964 9449
7405 8726 9275
8035 7854 9257
7910 8475 9192
8300 9277 8514
9933 7656 7222
7487 8289 9460
7699 8370 9266
8679 7668 9125
9352 8881 7796
9586 8497 7715
9923 7807 7246
7253 8802 9286
8065 9717 7980
8341 9587 7899
9521 7994 8302
8578 9586 7565
8818 7525 9089
7287 8257 9487
7795 9163 8840
7522 7810 9488
7823 8505 9246
9573 8584 7754
9547 7898 8305
8444 9501 7902
7843 9644 8180
8839 9461 7690
9490 7879 8377
9592 7885 8262
7317 10023 7235
7460 7415 9583
9451 7960 8416
7465 9819 7974
8623 9485 7798
8983 9059 8196
7446 9001 9115
7242 8632 9400
8734 9079 8472
9276 9010 7775
7510 9359 8770
9419 7815 8504
6970 7540 9704
7923 9545 8379
7904 9413 8653
8218 7466 9396
8378 9545 7908
9003 8889 8266
9440 7790 8517
7414 8882 9238
7216 7322 9692
9264 8409 8397
9186 9159 7732
9620 8009 8219
9893 7942 7322
7289 8684 9346
7709 8856 9089
9084 7865 8774
9859 7785 7595
7495 9975 7602
8661 8437 8804
9744 8428 7577
8810 9020 8328
9519 8635 7730
9624 8062 8095
7318 8607 9372
8998 7736 8933
8573 8241 8974
9254 8335 8444
8425 8155 9095
8719 8876 8652
9601 8050 8205
9396 8942 7642
7570 8274 9348
8287 7290 9373
8948 7621 9004
9055 9303 7691
9803 8166 7799
7360 8835 9258
8171 8965 8821
7554 9765 8174
7565 9000 9103
7970 9464 8543
7966 9770 7890
8130 8544 9046
9012 7672 8922
8114 9262 8515
8407 8474 8858
7346 8848 9247
7517 8081 9433
8123 9735 7880
9056 7837 8851
9931 7752 7216
7423 8839 9183
8467 9603 7807
8859 7645 9012
7601 7429 9574
7587 9961 7483
9151 8183 8549
7149 7978 9566
7568 9268 8876
7863 9385 8688
7441 7499 9599
9466 7768 8456
9844 7924 7676
8604 9179 8358
9411 7749 8553
9231 9171 7672
9426 8928 7693
9017 8979 8157
7648 9928 7478
8708 9058 8505
8865 9455 7641
7269 8573 9426
7802 9544 8443
7381 8741 9312
8144 9788 7214
8879 7647 9006
8324 7638 9235
9949 7518 7179
7207 7634 9636
7905 9483 8454
8970 9365 7621
9935 7683 7204
7747 9433 8663
9283 9142 7599
9275 9008 7808
7308 8612 9383
8057 7510 9443
8292 7998 9171
7585 8946 9117
8053 8301 9143
8726 9478 7721
9583 7903 8292
9629 8370 7730
7447 9721 8231
9599 7992 8234
6915 7547 9717
8104 9480 8315
8679 9553 7479
6932 7654 9704
9559 8094 8279
6904 7467 9738
7780 9111 8878
8044 9405 8470
8473 7363 9266
9365 8577 8205
9519 8600 7894
9230 7768 8751
9445 8926 7596
7194 7463 9703
7496 8679 9256
8481 7637 9198
9406 8551 8060
7917 9581 8288
9634 8615 7612
7387 8384 9415
7672 8326 9314
7846 8527 9186
8074 9298 8625
9263 9019 7723
9654 8634 7559
7171 8705 9387
9500 8910 7603
7523 8101 9400
8015 9660 7996
8611 7941 9069
8775 8332 8766
8772 8641 8653
9225 9021 8012
7241 8779 9323
7868 7573 9467
8593 9590 7514
9003 8783 8433
9008 7741 8922
9388 9025 7619
9153 7675 8854
9908 7982 7268
7176 7645 9634
7373 8445 9432
8121 7886 9231
8228 8262 9184
8655 9423 7846
8961 7861 8867
9177 9063 7818
9023 9228 7766
7147 7470 9693
8085 7689 9308
6982 7762 9675
7976 7776 9311
8831 7612 9078
9550 8604 7718
9620 8140 8029
9534 7704 8382
9668 8063 7999
9909 8042 7263
8460 8102 9055
8881 9425 7535
9400 7813 8523
7411 9835 7947
8580 8216 8921
8785 9438 7714
9384 8748 7855
7137 7384 9704
7794 9799 7810
8634 8538 8799
8733 9263 8148
7138 7564 9649
7947 9659 8014
9693 8247 7818
7906 9872 7368
9932 7709 7193
6929 7450 9737
9308 8788 8019
6935 7650 9710
8375 7880 9135
8889 8015 8887
8053 9300 8611
8851 9118 8107
9210 7760 8767
7273 8676 9347
7584 9884 7816
8075 9679 7959
7902 9840 7592
9514 8261 8055
7744 9781 8013
7308 7535 9630
9307 8122 8441
9372 8851 7817
9938 7688 7192
7663 9546 8514
7683 7374 9539
8414 9703 7725
8509 7598 9199
9439 7764 8529
7651 7540 9501
7768 7997 9399
8932 7443 9011
9072 8045 8713
9501 7846 8449
9256 7941 8640
8163 7938 9213
8437 9695 7523
9553 7833 8343
9132 9031 7877
7563 8978 9135
7275 7661 9620
7817 8659 9139
8808 9327 8008
8779 7589 9098
8954 9411 7610
7280 7629 9557
8110 8712 8984
7686 9677 8272
7108 7423 9706
7290 8746 9317
7495 9824 7956
7988 9445 8518
8003 9781 7639
8809 9237 8104
8637 9245 8249
8675 7572 9173
8934 7938 8855
9567 8038 8258
6991 7704 9680
7642 9813 7957
9620 8726 7428
7652 8762 9104
8975 9082 8203
8824 9331 7903
7166 8258 9564
7022 7711 9660
7993 9470 8507
8756 8902 8532
8881 9411 7680
7285 9015 9112
7517 7971 9470
9163 8493 8524
9504 7709 8509
7377 8794 9295
7491 9886 7864
7320 8809 9259
9842 8268 7396
7575 8947 9155
8408 9375 8230
8279 9634 7822
9049 9310 7647
9294 8831 7892
9621 8646 7657
7310 8395 9448
7603 8540 9250
7951 7225 9503
9628 8420 7733
9627 8722 7453
7308 8772 9306
8421 9026 8673
9715 7938 7953
6995 7968 9631
7300 8665 9348
7296 7547 9612
9868 8158 7399
7478 8813 9218
8254 9742 7516
8439 9527 7905
8699 7419 9179
7521 9900 7772
8126 9441 8348
9005 9248 7748
9909 7881 7331
6891 7553 9717
8931 7582 9012
9631 8712 7457
8905 9224 7875
8674 9538 7560
9137 9242 7686
7739 9771 8056
8682 7427 9176
8678 9519 7607
7300 8698 9339
7834 7638 9473
8803 9259 8153
9112 8068 8712
9151 8811 8175
7018 7947 9622
8472 7653 9186
8365 9722 7549
9231 8952 7846
9277 9111 7674
7962 9774 7774
8418 9089 8586
9202 9044 7818
9602 8134 8204
9678 7906 8169
7689 9811 7801
7673 7425 9567
7808 9625 8369
8521 9568 7898
8646 8106 8898
9587 7837 8318
7551 8368 9369
7799 7211 9562
8435 9658 7586
8740 7533 9133
7758 9233 8794
8839 9018 8245
9313 8740 8150
9420 8766 7820
9913 8012 7256
6964 7801 9657
7465 8206 9477
8632 9435 7992
9676 7936 8160
9819 7866 7821
7479 9695 8312
7238 8379 9497
8373 8803 8890
9536 8253 8176
7219 8585 9456
7818 9280 8761
8705 9116 8298
9236 8811 8134
7101 8036 9618
7053 7392 9727
9451 8654 7920
9545 8630 7787
7465 9897 7813
7525 8012 9458
9546 7855 8322
7667 7321 9579
7982 8946 8876
8434 7620 9221
9847 8074 7617
8597 9512 7833
8973 9359 7615
9593 7866 8311
9713 8607 7430
7486 9204 8922
8392 8835 8695
8917 8068 8733
9120 9028 7946
9546 8717 7660
9894 8091 7307
7324 7640 9552
7729 7323 9551
8474 9596 7838
9664 7949 8225
7914 9787 7715
8365 9029 8725
8815 9465 7597
8933 7818 8879
8871 8982 8344
9221 7749 8779
9513 8390 8049
9464 7948 8392
9620 8712 7469
7121 7648 9648
7665 8954 8993
8679 7912 8965
8741 8392 8795
8118 9100 8723
8238 9749 7332
7805 9545 8432
8637 8432 8857
7526 9897 7808
7621 8979 9029
8510 8257 8924
8048 9510 8274
8499 8767 8815
8978 9272 7827
9437 8045 8450
9212 8596 8363
9145 9143 7826
7030 8411 9498
9742 7920 8036
8378 8369 8993
9625 8703 7615
7013 7775 9655
7359 7991 9509
9561 8802 7585
9472 7643 8528
7552 9987 7307
7443 9814 8028
7337 8123 9496
7767 7383 9531
7991 9834 7478
8282 9628 7743
8505 7862 9133
8835 7767 8994
9483 8005 8358
7312 8891 9247
7788 9496 8612
9531 8835 7500
7799 9906 7356
8709 9399 7879
8891 8996 8317
7596 9363 8759
7471 10015 7206
7706 8581 9212
8936 7536 9009
9535 8553 7831
9814 8214 7605
7931 8797 9065
8728 9074 8488
9262 8950 7832
9363 8920 7738
9328 9092 7571
9719 8236 7686
8278 7499 9379
8383 8310 8956
8697 9412 7966
9031 7919 8854
9346 8956 7751
7539 9826 7946
7603 7705 9463
7580 9889 7811
9302 9067 7722
8967 9387 7614
9553 7779 8368
9782 8002 7903
8633 9221 8294
9150 8503 8511
8559 9625 7578
9170 7644 8810
8978 7760 8974
9399 8061 8392
9645 7864 8248
9300 9071 7649
9420 8934 7699
6985 7494 9705
7194 8285 9498
7016 8045 9609
8329 8759 8923
8997 7631 8942
9280 8705 8277
9590 8764 7612
7245 7888 9578
7963 9856 7335
8441 9294 8500
9528 8593 7868
9734 7863 8044
7136 8300 9500
7438 10004 7349
8677 7922 8963
7655 9059 8908
7502 7228 9623
7511 8117 9451
8431 9687 7621
8556 8613 8803
8987 9321 7795
9137 7777 8807
8903 9223 8093
8302 7554 9302
8880 8735 8630
9575 8768 7579
7912 9655 8114
9402 8539 8081
9568 8165 8154
9710 8078 7829
7661 9673 8287
8824 8172 8822
9161 8455 8542
9545 7980 8353
9407 8976 7570
9672 8468 7681
9634 8629 7563
7522 8604 9227
8496 8472 8890
8805 8805 8573
9565 8786 7577
9335 7719 8661
9872 7902 7591
8745 7307 9138
8981 9343 7707
9602 8156 8000
9484 8712 7786
9365 8988 7695
7496 9951 7652
7782 9603 8379
8300 8651 8955
8270 8503 8969
8848 7863 8975
9287 8022 8627
9024 9324 7581
9539 8222 8286
7589 7241 9622
7919 9811 7596
7795 9911 7508
8386 8738 8844
9099 9231 7757
8952 7569 8976
9764 8518 7436
6945 7512 9725
7579 7816 9461
7657 8460 9336
8686 9510 7740
9240 8083 8548
9736 8572 7422
8077 8317 9112
8899 8128 8848
9429 8790 7793
7774 9424 8695
8324 8403 9024
9309 7809 8705
9434 8051 8381
9554 8614 7689
9903 8017 7316
7434 7223 9664
8322 9215 8615
8773 8837 8530
7725 9871 7781
8634 9567 7562
9798 7916 7851
6962 8277 9550
9002 9178 7824
9444 8926 7617
9437 8915 7728
7051 7845 9631
7533 8219 9399
7375 7386 9679
8667 9320 8120
8549 9615 7624
7682 9699 8252
7562 7827 9460
9364 7752 8640
9931 7660 7338
7267 8550 9433
8641 9360 8082
8722 7633 9137
9131 9249 7725
7654 9628 8397
9430 8944 7604
9755 8486 7539
9697 8568 7612
9954 7606 7137
6948 7972 9626
7954 8729 8999
8289 7246 9381
8497 8827 8735
9150 7717 8814
7406 9835 7954
7573 9843 7933
8027 9341 8639
8262 9699 7759
8313 7899 9145
8584 7489 9211
9330 8641 8032
8205 9779 7449
9309 8968 7810
9640 8706 7497
7478 7173 9638
8233 8828 8907
7873 9458 8563
8561 7349 9237
7993 8649 9014
9016 9275 7728
9583 8430 7772
7609 9731 8220
7482 7819 9518
7870 9850 7662
8317 9745 7500
9406 8715 7910
9345 8118 8511
9418 7829 8487
7984 9861 7203
8824 8240 8720
8737 9524 7563
7028 7926 9624
7646 8614 9181
7875 7235 9526
8485 9616 7698
8733 7502 9168
9553 8787 7612
7319 10015 7341
7744 9428 8721
8516 9606 7800
9056 7933 8787
9835 7845 7699
6902 7501 9737
8083 7357 9459
8370 7713 9212
8778 8846 8484
8899 9355 7696
9020 9339 7650
9708 8216 7714
9605 8750 7498
7633 8724 9174
8183 7873 9225
9144 7924 8761
9854 8023 7469
7119 7990 9589
7718 9319 8830
7823 9534 8497
8446 9141 8494
8467 9415 8112
9209 9185 7646
9339 9063 7587
7692 9897 7727
8529 9375 8148
8799 8302 8774
9054 8007 8775
8840 9456 7559
9815 8345 7439
7634 9810 8080
7086 7359 9719
7999 7305 9502
8049 8901 8929
9496 8596 7895
7563 9792 8115
8028 9444 8471
8424 9670 7623
8624 8159 8894
8217 9755 7613
9680 7968 8141
7317 8999 9131
7619 9717 8215
7489 10012 7271
7984 8735 8997
8818 7959 8914
8402 8206 9035
9430 8933 7644
8156 9549 8056
8478 9088 8547
6996 7824 9635
7773 9638 8339
7979 9576 8227
8315 8931 8765
9006 8162 8632
9375 8603 8177
8254 8153 9123
7653 9410 8726
8072 9356 8583
8132 9537 8125
9493 8067 8337
9915 7822 7377
7110 7474 9691
8563 9292 8244
7583 9918 7667
7857 9653 8122
8124 9248 8563
7947 9548 8311
8943 8472 8679
9505 8630 7888
7284 8675 9379
7625 9380 8745
7864 9520 8523
8243 8177 9108
9146 9205 7725
9606 8431 7732
9470 8919 7596
7838 9063 8782
7838 9893 7314
8738 9455 7827
8330 9725 7519
8768 8868 8536
9943 7655 7202
7267 8875 9248
7386 8100 9485
7970 7958 9282
8747 9308 8013
8578 8348 8915
9023 9114 7923
9524 8625 7881
9790 8447 7547
7500 9918 7769
7642 8026 9408
8300 9001 8738
8601 7712 9149
7407 8936 9184
8439 9149 8562
7675 9586 8441
7064 7491 9721
7787 7903 9429
8349 9164 8557
7477 7358 9629
8584 9025 8636
9248 8279 8514
9388 8554 8135
9673 7897 8197
9666 7921 8173
7558 9881 7893
8138 9813 7549
8565 7307 9252
8445 7406 9305
8810 8863 8467
9225 8019 8647
8867 9406 7693
9148 7688 8824
9514 8874 7619
9302 9083 7601
7377 8893 9210
7294 8488 9421
8242 7541 9380
9868 8160 7379
9797 8421 7456
8209 7931 9209
8741 8748 8673
9695 7752 8150
9894 7883 7346
7877 8001 9341
7917 9817 7632
8718 8533 8758
8347 8901 8755
8905 8617 8565
8736 9518 7645
9776 8452 7364
7272 10042 7308
7542 9673 8339
7418 10007 7400
7910 8956 8988
8453 9650 7717
9035 8974 8118
9806 7837 7835
7582 9262 8875
8014 7946 9226
8736 8986 8455
8603 9060 8555
9284 8821 8012
7013 8003 9620
7610 9696 8310
7785 9927 7346
8741 9274 8028
8732 9093 8474
9095 8523 8427
9576 8778 7420
7817 9558 8340
7879 9915 7161
9718 8555 7463
7216 8800 9300
7875 9888 7210
7912 7164 9529
8692 8796 8707
9025 7790 8883
8759 8487 8710
9109 8432 8598
9591 7769 8333
8377 9345 8425
8273 9721 7655
8786 9014 8416
9453 7752 8532
7337 8884 9211
7709 9672 8281
7326 7709 9545
8247 8477 9016
9077 8116 8662
9527 8286 7961
7632 7242 9593
8023 8028 9204
8545 8635 8794
8543 9108 8503
8717 7847 9031
8923 7669 8991
9318 9062 7625
7416 9931 7734
7301 8851 9262
8045 7332 9468
9336 8566 8218
9334 8364 8249
9329 7954 8555
9394 8998 7603
9816 8236 7499
6972 7897 9638
8963 9402 7614
9511 8877 7477
9507 7827 8421
7929 9192 8737
7633 9930 7439
8198 8501 8973
9382 7886 8576
7618 9694 8266
7595 9369 8747
8476 7732 9179
8342 9057 8720
9832 7762 7778
7516 9817 7963
8923 9402 7617
9284 7662 8732
9910 7696 7456
7351 8641 9350
7907 9884 7307
8834 8974 8352
9426 8975 7565
9664 8675 7433
9735 8509 7477
9700 7893 8112
7419 8553 9345
9068 9170 7801
8784 9506 7667
9480 7711 8500
7426 9933 7668
7336 10011 7399
8070 8624 9018
9126 9022 8063
9436 7802 8476
7506 7609 9549
7541 8096 9407
8012 7642 9339
8574 9598 7508
8858 8935 8460
9675 8407 7691
8113 9183 8640
8248 9647 7767
8376 9038 8689
8682 8929 8560
8838 8424 8703
8927 9348 7769
8737 9509 7623
9731 8501 7529
7586 7186 9637
8571 8700 8762
8909 8201 8764
8844 7614 9060
9426 8693 7997
9894 7607 7530
7198 8756 9337
7659 7275 9588
8196 9553 8004
8519 7852 9107
8479 9413 8013
9309 9096 7519
9878 7954 7418
8467 8208 8976
8977 8613 8568
9113 9279 7576
9718 8464 7575
7789 9480 8629
7751 9803 7797
8305 9545 8109
8529 7559 9188
8700 8051 8917
8671 9461 7791
8905 7647 9002
7459 8808 9272
7878 8014 9317
9359 8918 7783
7432 8581 9303
8635 8556 8765
8224 9751 7495
8556 8632 8781
8695 7909 9007
9029 9329 7580
9569 8179 8151
9520 8840 7552
7603 9948 7634
7782 8129 9348
8302 9151 8646
8291 7409 9355
8551 8780 8756
9673 8286 7960
7028 7982 9619
8127 8484 9051
8552 7392 9231
8623 8516 8846
8840 9477 7543
8735 9529 7527
8915 7581 9021
9266 8228 8482
7019 7740 9664
7409 8997 9142
7719 7193 9579
7530 8015 9418
9102 7761 8881
7493 10007 7233
7646 7212 9611
8836 7893 8965
9433 8943 7595
7172 8623 9424
7326 7448 9654
7990 9565 8263
8257 8422 8999
7406 8936 9200
8198 7495 9444
7826 9367 8692
8934 8453 8691
9115 8251 8581
9536 8835 7466
7604 9887 7748
7511 9949 7592
7523 8554 9213
7527 9973 7324
7936 9437 8588
8652 7442 9175
7968 9058 8866
9579 8771 7470
9857 8213 7404
7340 10004 7474
7823 9557 8393
8293 8852 8895
7723 9671 8129
7921 9597 8143
8334 9311 8480
8128 9826 7405
8831 9329 7977
8971 8994 8252
9484 8457 8071
9512 7778 8436
9645 8703 7470
7216 8789 9304
8645 8387 8840
8453 9674 7462
8613 8186 8965
8912 9391 7666
7873 9667 8072
9297 8066 8530
7607 9851 7922
7494 8838 9185
7888 8230 9211
7657 7437 9560
8515 7525 9257
8811 9001 8452
9294 7732 8714
9484 8820 7697
7161 8392 9496
7205 8674 9390
8190 9764 7673
9544 8822 7557
7742 9460 8692
6924 7975 9623
8225 7402 9411
8839 9289 7890
9061 7540 8917
9765 7840 7975
9932 7684 7264
7627 9706 8226
7871 7232 9549
7901 9721 8025
8734 8778 8740
8419 7565 9292
9115 9057 7849
8863 7530 9058
9296 8114 8515
9551 7812 8360
9733 7909 8088
9606 8711 7523
8204 9779 7482
9354 8114 8497
9301 8792 8156
9610 8719 7485
9530 7743 8411
7277 8583 9404
7762 9527 8547
8786 7819 9091
7620 8490 9319
8666 9544 7626
9167 8063 8609
9288 8929 8004
7704 9326 8836
7732 9183 8822
7886 8012 9302
8592 7631 9176
8926 9401 7625
7721 8745 9147
8302 8808 8863
8603 9220 8488
8346 9399 8367
8583 8693 8768
8729 7823 9099
9927 7894 7236
7678 7261 9569
7852 8252 9291
8018 7251 9500
8719 7915 8917
8500 8583 8837
9149 8632 8304
8438 9680 7399
9564 8774 7602
7385 7844 9528
7505 8394 9411
8219 7789 9238
9200 8055 8694
9226 9178 7620
6974 7783 9664
7297 7420 9663
7729 7168 9578
8104 7248 9468
8296 7631 9288
8812 8298 8775
8517 7416 9257
9180 9202 7736
9607 7828 8331
9864 7700 7633
7252 8817 9285
9447 8497 8242
8023 9252 8697
8144 8877 8888
8506 7585 9261
9434 8666 7908
9206 7766 8776
9822 8320 7476
7572 9203 9003
7838 7895 9396
7472 8611 9265
8744 7531 9138
9637 7917 8243
7339 7224 9692
7695 9956 7298
8054 8125 9201
7956 9823 7581
9576 8447 7881
9705 8634 7483
7640 9160 8960
7322 7471 9651
8970 9092 8156
8843 7405 9094
9161 8836 8154
8402 9437 8181
9309 7713 8713
9580 8664 7622
9703 8144 7857
9601 7872 8305
7313 8825 9284
6949 7582 9714
7484 9738 8180
8123 9825 7504
8627 9579 7612
8993 8188 8631
7524 8518 9355
7939 8887 8948
7992 9290 8727
8607 8133 8984
8542 9533 7754
9840 7735 7725
7799 9576 8466
6953 7656 9695
7173 8617 9405
7695 7192 9604
7474 7934 9499
8320 7746 9270
8844 9368 7736
8891 8042 8853
8770 9380 7792
8083 9595 8212
8509 7577 9209
8531 9543 7758
9137 8076 8681
9316 7570 8674
7401 10007 7470
7256 7971 9554
7492 8270 9412
7722 7284 9563
8427 9453 8168
8155 9770 7587
8693 8083 8916
9075 7842 8812
9086 8287 8614
9888 8175 7345
7109 8030 9585
8302 7762 9259
8284 9747 7460
9423 7916 8464
9525 7853 8389
9659 8641 7480
7217 8205 9538
7597 9878 7878
7486 9815 8001
7631 7310 9605
8735 8160 8891
8902 7644 9030
9823 8327 7395
7547 9857 7940
7746 9321 8811
7654 7308 9581
9031 8472 8555
9110 8127 8652
9476 8493 8134
9192 7798 8805
7225 8658 9403
7237 7437 9677
7986 8886 8936
8037 9504 8346
7934 8714 9004
8136 9062 8701
8707 9371 8017
9727 8285 7582
7341 10010 7349
7736 9324 8806
7704 9942 7390
7549 7192 9635
7932 8464 9209
7755 9173 8795
7897 9817 7697
8623 9504 7789
7425 9899 7814
7802 7349 9514
8370 8871 8735
8879 8904 8386
9749 8252 7639
9863 7779 7610
7454 7233 9636
7579 8769 9165
7893 8084 9212
8209 9775 7456
8942 7745 8984
9230 8241 8517
9159 9270 7676
8312 9483 8205
7716 7237 9577
7858 9880 7308
8429 9490 8004
8693 9176 8450
8798 7860 9006
9459 8436 8151
7135 7487 9654
7565 9775 8159
8091 8590 8992
7998 9457 8413
8441 7428 9308
7620 9556 8533
7808 9769 7942
7520 8598 9248
8067 9736 7882
8983 8856 8483
9923 7725 7442
7525 9067 9057
7508 9566 8536
7644 8000 9376
7610 8684 9197
7876 9016 8895
8323 9741 7644
8842 8765 8494
9471 8867 7776
9652 8415 7710
7512 8095 9412
7632 9853 7807
8109 9836 7391
9185 8441 8400
9333 8218 8403
9471 8261 8203
9349 8674 8000
8416 8313 8950
8808 7742 9094
8956 7470 8976
8296 9450 8304
7749 9948 7380
8471 9644 7580
9112 8749 8423
8760 9497 7702
9255 9019 7837
9462 8297 8223
9510 7804 8444
7022 8080 9597
7578 7269 9619
7420 7647 9526
7925 9778 7692
9727 7934 7985
7098 8150 9587
7613 9481 8667
8760 9121 8273
9831 7877 7794
7419 9046 9084
7614 9703 8290
8698 9552 7512
8826 8575 8684
9355 8627 8047
9743 8500 7519
9601 8720 7582
9441 8940 7530
9699 7946 8031
7226 8603 9427
7314 8967 9151
7860 8863 9053
7376 10024 7141
8431 9657 7662
8994 9322 7750
9162 7741 8810
9401 8988 7598
9715 8581 7528
9904 8019 7289
7369 8947 9165
7281 10036 7146
7527 9967 7348
7582 9984 7310
7616 9914 7688
8714 8807 8684
8217 9766 7357
9066 8443 8624
9109 8467 8558
9651 8654 7500
9881 7868 7350
7724 9252 8884
8236 8226 9059
8937 9219 7869
9507 7874 8369
9520 8411 8019
9462 7893 8397
7907 9350 8605
8042 9648 8116
9007 8945 8181
8663 9524 7633
9054 7618 8955
9947 7623 7115
7272 8469 9487
7582 9140 8965
7816 9308 8749
8032 9502 8365
8438 7468 9320
8466 9637 7729
8589 7451 9220
8630 9628 7490
8735 8029 8898
9031 9075 7953
9827 8084 7424
7638 9816 7913
7834 9510 8556
9294 9124 7665
9705 8243 7710
7733 7503 9526
9526 7793 8393
9694 8008 8112
7640 9241 8909
7491 7628 9551
7830 8353 9217
7591 9716 8237
7678 8624 9155
8607 8045 9011
8725 9271 8173
9371 8877 7888
7657 9377 8746
7572 7547 9533
7300 10017 7363
8073 8542 9066
8014 9785 7562
7949 9863 7320
8896 7886 8912
7668 9721 8206
7283 8605 9396
8160 7563 9430
7932 9866 7562
8311 9462 8216
8625 7980 9030
8525 9124 8538
9230 7744 8808
9315 7755 8682
7190 8279 9536
7011 7450 9726
7228 10058 7042
8008 7697 9321
7830 9894 7287
7869 7341 9507
8758 8122 8856
8814 8317 8714
9243 7743 8780
9104 9191 7746
9653 7883 8239
9744 8548 7434
9446 8923 7482
9622 7752 8262
7827 9530 8522
7479 9126 9073
7590 9644 8414
7336 8917 9228
7645 9775 8134
7324 8194 9487
7337 8427 9439
8692 9416 7901
8747 8248 8776
8837 7503 9064
7834 8678 9101
8929 7524 9029
8930 8574 8648
9702 8180 7807
7674 9535 8513
7791 9381 8730
6996 7756 9657
7829 9837 7678
7516 8392 9362
8365 9535 8187
8637 9182 8252
8845 8171 8840
9329 8980 7739
9519 7746 8466
7552 9937 7636
6934 7698 9692
8441 8827 8811
9141 7729 8897
9254 7715 8715
9702 8288 7657
7582 9244 8898
7592 9270 8851
7275 7223 9696
7814 7336 9538
8656 9403 8017
8735 9010 8500
9527 8828 7537
9524 8018 8295
9791 8104 7828
7154 8537 9467
7717 9068 8895
8103 9558 8109
8518 9671 7550
8386 9704 7470
7654 9594 8529
8684 8943 8548
7734 7157 9571
8343 8166 9058
9028 8533 8535
9748 7789 8020
7224 8519 9438
8087 9515 8205
7863 8566 9180
7851 9746 8082
7666 9958 7195
8033 7408 9473
8503 9014 8679
9050 7947 8824
7634 9614 8460
7666 8905 9077
7637 9836 7832
9157 8825 8168
9607 7845 8293
7537 9399 8730
7298 10018 7238
7871 9784 7875
9217 7891 8758
9596 8251 8096
9854 8237 7354
7544 9252 8898
7642 9499 8643
7262 8727 9374
7282 10044 7128
8610 9325 8194
8224 7587 9336
8667 9226 8191
9163 7681 8821
7169 8523 9485
7577 9391 8752
7404 8883 9211
7609 7322 9595
7961 9387 8560
7945 9028 8874
8295 7378 9361
8166 8549 8974
8612 8930 8604
9180 8795 8270
9869 8146 7362
7392 9823 8021
8030 9494 8386
8419 7942 9132
8670 9543 7617
9104 8871 8115
8571 8557 8826
8944 8173 8666
9195 9144 7783
9262 7884 8712
9621 8097 8100
9797 7867 7942
7349 8797 9293
8080 9019 8866
8283 7422 9383
7342 7835 9542
8145 9697 7875
8257 8379 9040
9048 9037 8070
8676 9563 7507
9721 7859 8089
7500 9925 7664
7659 9811 8040
7545 9061 9044
7654 9852 7813
7886 7757 9393
7956 9799 7626
7868 9877 7450
8399 7834 9198
9269 8250 8441
7120 8379 9531
8284 8968 8799
9033 7640 8930
9491 8237 8259
9645 8667 7527
9547 7719 8373
9751 8175 7699
7742 9389 8728
7532 7416 9581
7856 7303 9515
8727 9150 8192
8868 9448 7581
9774 8453 7438
7285 8700 9342
7598 9099 9035
7630 7154 9625
7480 7341 9612
8005 8040 9229
8454 9673 7564
9247 7696 8721
9075 8818 8226
9378 7707 8663
7760 9280 8780
7929 9056 8883
7475 9992 7279
7766 7490 9518
9002 8882 8416
8676 7413 9210
9255 8847 8056
7072 8320 9543
7500 9167 9006
7714 9515 8568
7465 7441 9577
8021 9283 8677
8090 9850 7441
8101 7302 9465
8402 7513 9352
9225 8594 8386
9021 9307 7721
9580 7922 8275
7360 9816 8062
7925 9474 8446
7562 10006 7263
7901 7427 9496
7519 8707 9181
8724 8889 8606
8230 9751 7481
8664 7990 8977
9578 8347 7804
8235 7197 9392
9053 9298 7701
9318 8541 8313
9081 9322 7639
9065 7587 8908
9394 8339 8378
9696 7946 8035
6934 7666 9701
7113 8161 9583
7733 9330 8750
7645 9815 7900
9289 8891 7906
9368 9026 7569
8624 7351 9225
8922 8454 8694
8683 8905 8602
9450 8538 7942
9429 7722 8592
9553 8792 7602
8219 9753 7418
8632 7481 9181
9637 8535 7674
9710 8038 7838
9486 7731 8492
9362 9048 7650
7647 9349 8850
7739 9810 7703
8130 8298 9097
8271 7569 9359
9389 7852 8637
9752 7949 7940
7068 7710 9678
8210 7518 9391
8378 9428 8336
8324 9597 7859
8496 9645 7577
8525 7396 9257
8634 7299 9211
8836 8786 8536
9413 8263 8272
9803 8402 7486
9826 8116 7598
9940 7695 7187
7262 8574 9413
7598 9252 8893
7704 9071 8900
8001 8342 9135
8272 8423 8960
8826 7846 8977
9182 8287 8526
9120 7768 8841
8593 9244 8362
9129 8666 8282
9372 7891 8619
9794 7928 7967
7226 10056 7121
7540 9064 9074
7591 9885 7784
8235 9671 7962
7955 7102 9519
8542 7354 9255
8353 9655 7740
9015 9359 7568
9890 7825 7564
7686 9672 8396
7341 8764 9298
8024 7266 9480
8219 8720 8970
8719 8333 8833
8652 9552 7694
8913 7493 9033
9193 8201 8538
7665 9592 8458
7757 7759 9430
8676 8494 8769
9077 8906 8141
7399 8430 9391
7553 9286 8877
8020 8857 8948
8751 7699 9104
8550 9591 7739
8838 7785 8981
9233 8773 8232
9764 7853 7995
7248 8099 9524
7758 7230 9551
8165 8993 8839
8569 7408 9223
8718 8969 8522
8276 9748 7343
8928 7950 8873
8549 9635 7526
9116 7755 8872
9398 7851 8512
7751 7854 9445
7595 8062 9415
7918 9529 8409
8552 7726 9127
9031 8615 8448
9164 7817 8775
9465 7774 8509
7619 9188 8934
7188 7782 9604
7921 9269 8776
7382 8520 9354
8512 7356 9307
8681 7607 9158
8595 8118 9026
8690 9275 8116
9221 8045 8613
9016 8676 8470
9732 8583 7447
9849 7830 7621
8254 8969 8753
8526 9249 8485
8540 9367 8221
8548 9503 7851
8764 8878 8514
8543 9246 8247
8800 9430 7781
8665 7436 9188
9458 7915 8473
9603 7843 8316
9571 7817 8340
9708 7934 8033
9646 8035 8100
7617 9072 9041
7696 9177 8907
7896 7205 9505
7981 9852 7360
8741 7371 9144
8914 9371 7647
7716 9889 7510
7806 8974 8992
8219 9428 8459
8614 7558 9205
8958 9029 8226
9375 8967 7712
7526 9128 9037
6960 7908 9676
7351 10029 7200
7332 8516 9400
7731 9399 8722
7836 9866 7624
7593 7355 9598
8586 7325 9231
8875 9414 7652
9905 7766 7469
7973 7352 9484
8489 8808 8741
8993 9025 8104
9791 8411 7464
9950 7605 7213
9942 7713 7183
8753 8881 8461
9753 8362 7442
9657 8467 7536
9779 7764 7865
7215 7273 9704
9719 7826 8037
9821 7661 7732
9877 7826 7509
9869 7853 7562
9881 8086 7340
9834 8011 7618
9724 8425 7466
9707 7824 8075
7599 8732 9094
7966 9174 8706
9783 7787 7860
9907 7835 7409
7631 9722 8172
8024 9522 8413
8987 8617 8444
9910 7817 7384
9597 8435 7695
9224 9171 7592
9659 7888 8136
9916 7733 7335
7003 7417 9719
7695 8398 9203
9605 8351 7826
7435 9893 7820
7258 8744 9275
9640 8639 7531
7731 9708 8212
9700 8534 7425
7474 10007 7179
7509 7955 9476
8800 9028 8224
6990 7396 9722
9710 7793 8056
7803 9098 8816
7952 9575 8382
9915 7783 7304
9809 7781 7736
9881 7954 7349
8921 8222 8613
9224 9184 7580
7771 9150 8830
8200 9562 8170
9338 7761 8615
7944 8477 9093
9290 7845 8623
9703 7882 8035
9730 8429 7456
7167 8328 9486
7699 8174 9229
7948 7348 9456
9159 8809 8196
9064 9256 7785
9700 8517 7440
7372 7444 9586
9797 8177 7447
9139 9228 7718
9885 7873 7331
8255 9494 8090
9636 7843 8186
7526 7693 9464
9695 8101 7778
7389 7708 9581
7885 9177 8749
8523 7607 9235
8328 9325 8429
9589 8366 7748
7781 9580 8407
7373 10033 7155
8162 9278 8558
7829 9156 8776
7458 9923 7623
8275 9130 8608
7607 9607 8382
9809 7872 7622
8277 9377 8437
8177 9602 8037
8978 8254 8610
9145 8797 8229
9097 9187 7750
9842 7807 7688
8417 8278 8943
9149 8775 8201
7074 7390 9708
7292 7283 9658
9008 9288 7807
9764 7797 7912
9401 8099 8420
9804 7900 7650
8253 9468 8112
7319 10032 7212
8942 8952 8220
9898 7971 7296
7575 9987 7300
9228 9140 7733
9200 9167 7656
7089 7388 9699
7187 8742 9303
7365 9504 8575
9654 7873 8147
7674 8632 9110
9755 7706 7957
8197 9408 8482
9679 7888 8078
7574 9593 8434
8065 9365 8599
7657 9953 7452
9744 7843 8000
6962 7859 9661
7730 7492 9486
8248 9153 8530
8477 9142 8429
7373 7783 9546
7029 7390 9733
8035 7350 9434
7578 9782 8177
8738 8869 8462
9856 7811 7687
7807 9238 8747
7730 8587 9099
9707 7854 8038
9685 7919 8019
8740 9058 8320
9745 7800 7968
7457 9908 7809
9260 9148 7626
8400 9394 8224
8589 7545 9220
7978 7412 9431
9807 7817 7676
9883 7937 7318
7832 9952 7442
9611 7885 8178
7356 7226 9663
7507 9810 7989
7500 9821 8007
7032 7708 9647
9621 7923 8129
7076 7321 9733
9140 9237 7553
7506 8392 9231
7397 8061 9435
8337 9748 7551
9184 9187 7643
9865 7796 7711
7578 9721 8181
7430 9929 7659
7268 8777 9245
7989 7404 9446
8218 7703 9274
9609 7913 8179
8630 9187 8421
7576 7611 9518
8003 9233 8698
9300 8294 8443
7469 7623 9537
8548 8011 8999
9077 7799 8789
7283 8845 9222
7591 9849 7739
7498 8016 9437
7810 7731 9354
9148 9232 7625
9720 7770 8074
9828 8191 7338
7311 9109 9026
9083 8982 8011
9137 9231 7689
9324 8446 8243
7591 9753 8180
7255 10033 7283
8089 9605 8095
9346 8651 8236
9910 7846 7332
7824 7701 9371
7454 8355 9349
9500 7666 8445
7730 7912 9368
7219 7915 9529
7395 10006 7184
9692 7916 8031
9500 8560 8051
9315 8478 8270
9895 7661 7503
7652 9701 8246
8408 9534 8004
7009 8027 9577
7280 8144 9520
9856 8125 7249
7323 9997 7443
9170 9158 7917
9737 7809 8031
7688 9671 8226
8103 7898 9238
9367 8878 7928
7697 9723 8135
8228 9172 8599
8519 7435 9259
7108 8238 9530
7507 9787 8097
7659 7565 9466
9642 8420 7577
9579 7728 8327
9271 8991 7883
7490 9897 7759
8516 7427 9264
9365 7746 8553
9745 8398 7459
9845 8107 7420
7156 7983 9541
7137 7337 9699
7869 9916 7445
7079 7314 9720
7946 9238 8720
8148 9353 8504
8786 7551 9125
7419 7433 9603
7608 9989 7215
7331 8865 9172
7635 9757 8147
8167 8659 8900
8426 7384 9302
9459 8483 8084
8775 9277 8136
7433 7536 9552
8518 7645 9209
7074 7397 9687
7762 9569 8414
9232 8985 7903
9854 8158 7387
7394 9954 7664
9557 8401 7877
9658 7927 8118
7318 10027 7351
8400 9671 7637
9881 7789 7622
8711 8934 8433
9690 8563 7468
9452 8936 7600
8438 9518 7905
7961 9763 7816
8497 8043 9021
9812 8158 7439
7466 9913 7767
7239 8793 9247
7061 7335 9721
7441 7440 9567
7392 9083 9077
8369 9411 8367
6963 7854 9680
7229 10052 7186
7470 7390 9568
9299 7780 8621
9874 7754 7674
7373 9995 7337
7331 8409 9353
9207 8545 8316
8506 9464 8122
9536 8840 7573
9425 8921 7648
7684 9890 7622
8016 9898 7418
8993 9188 7970
9417 8518 8120
7949 7238 9466
8412 7434 9318
7575 9850 7748
8126 7860 9209
7658 8046 9379
9332 8833 7957
9461 8924 7617
9780 7739 7894
7387 9649 8344
7669 9784 8131
8330 8829 8841
8722 9295 8162
7038 7480 9682
7820 8556 9135
8770 9011 8399
7134 8219 9494
7517 9739 8189
8245 9536 8091
7276 8848 9208
7474 9735 8219
7865 8796 9034
9335 8337 8323
9480 8237 8160
7153 8172 9531
8908 8431 8662
9007 8832 8255
8437 8280 8937
9054 9322 7673
9529 8857 7496
7760 9974 7433
8560 8987 8550
7383 8397 9429
7876 7647 9352
7713 9964 7443
7537 9607 8437
9829 7781 7724
7256 8217 9453
7943 8398 9151
8520 9281 8312
9490 8668 7816
7666 8747 9081
9002 7899 8758
8456 9284 8301
9393 9039 7587
8447 8832 8711
8740 9309 8049
8023 9878 7521
8924 9427 7633
9351 9029 7628
7662 8254 9307
7333 10026 7245
7886 7205 9508
9935 7826 7275
7325 9539 8531
8509 8271 8936
9180 8856 8177
9190 7968 8619
9291 8795 8125
9577 8785 7462
9674 8462 7554
7321 9875 7834
8438 9424 8128
8620 8410 8858
9352 7823 8594
9635 7863 8230
7135 10062 7135
7745 9867 7618
9350 8229 8235
7366 8227 9434
8123 7524 9338
8952 7926 8842
9133 7891 8739
9857 8112 7350
7295 10031 7262
7358 9990 7381
8340 8064 9067
9758 8312 7457
9672 8573 7452
7177 7835 9534
8293 9538 8012
8712 8837 8472
8571 9027 8477
8713 7565 9190
8744 7512 9131
9043 8216 8610
6944 7679 9683
7503 7182 9643
7593 9839 7915
9307 8220 8384
7612 8623 9179
7636 9807 7967
7917 8783 9048
8534 7450 9251
9142 8043 8698
7259 8706 9314
7986 8571 8994
8548 8856 8689
9175 9198 7568
9558 8803 7788
9303 8976 7775
7340 9027 9115
7024 8138 9566
7881 8857 8993
9791 8158 7514
6983 8200 9548
7808 8067 9239
8391 9463 8168
8623 7703 9065
7818 9356 8687
8653 8678 8752
9005 9102 8168
9204 9177 7640
7466 9650 8342
7438 7065 9646
8967 9182 8042
7140 8427 9470
6978 7613 9692
7848 8532 9121
8433 7487 9271
8438 9071 8502
9185 8802 8116
7902 9794 7748
8204 8614 8987
7885 9908 7454
8810 8872 8406
9496 8913 7536
7961 8675 9015
8977 8750 8372
9626 8557 7651
7368 9817 8033
9409 8804 7834
7025 7593 9685
7479 9757 8195
7407 7360 9651
9243 7899 8596
9783 8025 7545
7063 8241 9528
7172 7300 9705
7792 8329 9214
7648 9975 7321
7927 7544 9419
8236 7507 9326
7294 8465 9421
7627 9491 8605
8524 8576 8838
7066 7604 9664
7887 8031 9298
8080 7251 9439
9853 8164 7246
7086 7323 9717
7659 9909 7493
8023 8488 9051
7323 8806 9175
7603 8054 9342
8201 8231 9109
9482 8357 8142
9400 9009 7620
7043 8310 9529
7587 9544 8473
8763 8351 8784
8017 8832 8926
8771 9152 8240
9611 8679 7484
7274 8941 9160
7548 9900 7716
7474 9934 7587
8105 9844 7518
8309 8044 9171
8865 8362 8740
9143 7692 8877
9940 7750 7334
7301 8673 9266
7208 10053 7107
7186 8953 9138
7624 9916 7605
8113 9843 7308
9056 9089 7984
7565 7337 9573
8046 9192 8633
9185 9171 7661
9362 7746 8587
7072 7707 9654
7084 7425 9682
9709 7739 8118
9567 8836 7565
7578 9841 7847
7344 10031 7229
7845 9910 7483
8358 9651 7774
8689 7617 9142
9760 7842 7946
7471 9039 9028
7410 8072 9407
7493 8518 9256
8255 8420 9000
8679 9047 8470
9069 9211 7762
9373 8463 8211
9255 9003 7878
9481 8851 7571
7463 7760 9517
8744 9213 8214
8105 7209 9448
9561 8049 8300
9874 7888 7457
9080 8724 8389
8428 7833 9165
8530 8105 8989
9772 7974 7853
8309 8771 8868
8638 7684 9125
9190 9086 7897
9302 8415 8341
9519 8651 7876
7121 7895 9608
7377 7993 9515
8365 9710 7698
9059 8281 8607
9167 8917 8105
7465 8254 9331
7521 7435 9563
7784 8695 9092
9207 7892 8628
9254 8297 8455
8388 8923 8662
9720 8401 7475
7700 9908 7496
8485 7549 9263
8918 9041 8222
9323 7991 8561
9793 7719 7848
7757 8870 9069
7362 10010 7368
7752 7629 9452
7593 8358 9256
8885 7981 8915
8919 9062 8211
7285 8732 9269
7739 9405 8681
8445 8239 8937
7179 8535 9414
7200 8918 9185
7871 9864 7637
9454 8983 7557
8235 9481 8184
8740 8097 8896
9054 8993 8052
7466 8608 9233
8060 8367 9129
7563 9976 7417
7340 8796 9209
7913 9443 8545
7704 9452 8544
8262 8414 8988
8508 8639 8863
7369 8874 9154
7649 7574 9465
8111 8404 9097
8026 9247 8640
9303 8258 8346
7475 8440 9301
8672 8761 8680
9015 7742 8976
9237 9176 7556
9798 7843 7758
7358 8900 9151
7177 7624 9618
7676 9227 8853
8588 7994 8999
8866 8447 8674
7273 10032 7338
8326 8324 8972
8412 9702 7598
8966 9069 8198
9584 7715 8315
7317 9921 7747
8908 9143 8072
8986 8023 8743
9591 7880 8239
7342 8922 9139
7339 8888 9157
8660 8569 8742
7459 9248 8885
8943 8931 8273
8996 9113 8196
8996 9333 7690
9650 8291 7914
7297 8843 9240
8015 9746 7761
8601 8381 8874
8808 9522 7620
9510 8881 7512
7569 9978 7382
8910 7562 9038
9894 7741 7479
7088 8277 9512
7415 9010 9080
7119 8302 9498
7004 7461 9717
7292 8716 9279
8268 8108 9107
8298 8772 8854
9552 7871 8353
9263 7608 8752
9295 7602 8750
9806 7834 7711
9873 7970 7409
7529 8653 9206
8421 8980 8641
8852 8130 8752
8896 8455 8664
7086 8080 9560
8026 8819 8901
8087 8840 8876
8404 7484 9343
9348 8448 8236
8567 8105 8925
9385 8353 8220
7318 8763 9232
8827 7639 9093
9805 7781 7846
7058 8284 9513
7865 8211 9224
7984 8108 9211
7897 9048 8903
8402 9711 7592
8973 9279 7979
9661 8302 7627
9718 8483 7395
7266 8475 9413
7884 7293 9523
8638 8296 8828
8961 7976 8839
7425 9125 8998
7516 9697 8272
6980 7379 9736
7556 9552 8513
7984 9696 8179
7673 7836 9399
7858 9638 8219
7526 7246 9620
8547 7386 9240
8703 9145 8246
9669 7875 8104
7311 8833 9220
7194 8595 9377
7233 8257 9487
7759 9648 8380
8418 9453 8165
7964 9885 7500
8363 8785 8801
8932 7500 9017
7255 8787 9268
7582 9574 8420
7516 9997 7334
7640 9255 8858
7521 9998 7176
8526 9027 8582
8878 9443 7754
9739 7892 7927
7434 7250 9638
8253 8593 8972
8483 9599 7766
8646 9108 8347
7052 7537 9673
7249 8667 9344
7669 9163 8867
8598 8451 8827
8388 9594 7936
9038 9334 7645
9688 7812 8082
8062 9735 7944
8664 9576 7714
9353 8664 8078
9345 8968 7720
8366 9697 7651
8590 8041 8917
9030 8204 8719
9257 7670 8736
8432 9368 8163
8765 8427 8711
9353 7777 8578
7460 7641 9536
7744 9729 8064
8446 8693 8781
9518 8528 7908
9288 7677 8722
9630 7790 8256
7456 9031 9041
7294 8473 9371
7535 9694 8282
7806 8834 9016
8170 8233 9157
8454 8775 8763
9055 9314 7619
9360 9050 7626
9744 8484 7356
7569 9571 8462
7476 7667 9483
8381 9678 7662
7494 9879 7774
7422 8972 9082
8608 8429 8844
8528 7389 9261
9400 7703 8594
9948 7661 7334
7253 7429 9658
8674 8540 8709
8679 8514 8763
9671 8654 7503
7150 8685 9373
7459 9600 8492
7217 7395 9690
7301 8418 9392
7705 9316 8765
7980 9718 8129
9276 8949 7927
8700 9570 7774
9186 7702 8810
7490 9847 8013
7229 8568 9379
8702 9157 8278
9024 9006 8158
9202 7865 8678
9680 7774 8219
9692 7782 8103
7253 8861 9234
7047 8173 9536
7616 9688 8277
7235 7818 9558
7590 8374 9293
7858 8729 9070
8638 9309 8088
9791 7956 7638
7336 7239 9667
7754 9045 8965
8285 7686 9282
7077 8226 9531
7767 9851 7663
7450 9256 8893
6937 7587 9717
7577 9727 8229
7720 9442 8588
7369 7437 9598
7504 8369 9323
7839 7367 9511
8162 9550 8289
9028 7711 8948
9718 7778 8105
7662 8727 9159
7742 7738 9416
8464 9656 7620
9637 7867 8164
8274 8311 9080
8744 7655 9084
9526 8636 7899
9889 7784 7564
7739 9670 8283
8281 9701 7725
8371 8041 9198
8818 9474 7769
8996 7924 8821
9235 8479 8294
9879 7796 7504
8742 8416 8745
8569 9329 8293
8371 9122 8508
8385 9694 7620
9475 7707 8492
7458 9698 8264
7851 9438 8547
8718 7858 9043
9162 9192 7644
9466 8899 7624
9603 8071 8147
7190 8848 9236
7253 7367 9680
8343 9041 8699
8587 8811 8558
8858 9277 8090
8776 9139 8318
8952 9376 7825
9864 7860 7543
9573 7893 8275
6966 8250 9538
7651 9920 7572
7629 8937 8996
9587 8729 7520
9185 9179 7624
9226 7659 8783
9498 7727 8444
9640 8609 7555
9641 8694 7457
7276 8656 9323
9093 9091 7967
9792 7792 7828
7143 7925 9595
7521 9501 8577
7399 9059 9052
7903 7328 9472
8375 9035 8687
8927 8392 8605
9487 8898 7557
9339 7706 8638
7338 8913 9171
7400 9086 9013
7279 9980 7576
8613 9613 7702
8631 9097 8430
8439 9058 8515
9068 9226 7864
9263 9003 7739
9209 7541 8818
9531 7830 8379
9844 8128 7388
7010 7644 9690
7322 8770 9224
7958 8908 8941
9588 7753 8312
9749 8086 7898
7346 9095 9043
8041 9628 8207
7446 9290 8851
6919 7613 9710
7601 7266 9618
7496 9986 7383
8324 7508 9318
8762 7754 9044
9427 9001 7558
9497 7771 8460
9787 7700 7882
9856 7860 7655
7786 8852 9002
8710 8098 8871
8866 8804 8578
9452 8490 8150
9451 8700 8070
6976 7425 9719
7748 9806 7887
8192 8918 8747
8870 8869 8368
9675 8647 7394
7281 8985 9137
7103 8000 9586
8603 8605 8801
9186 8572 8503
9149 8940 8125
9126 9048 7940
9112 7753 8870
9330 8569 8240
9702 7895 8075
9788 7755 7861
7501 9045 8999
7405 9121 8999
8615 9503 7861
8488 7571 9239
9400 8844 7951
9454 7770 8537
9484 8703 7792
7859 7683 9378
8025 9231 8679
8252 7756 9262
8479 8207 9037
8663 9064 8443
9588 7872 8298
9504 8269 8030
7578 9448 8620
7325 8508 9357
7589 9920 7712
8745 7393 9131
9175 9094 7919
9499 8846 7556
9573 7783 8314
7797 7114 9529
8274 8897 8786
9184 8797 8128
9272 8462 8319
9660 8590 7513
7558 8762 9125
7657 8154 9308
7433 8391 9400
9275 7704 8723
9682 7854 8137
7008 8229 9535
7105 8297 9502
7846 8513 9155
7944 8808 9003
9224 8828 8037
9479 8561 7986
9128 9257 7676
9498 7875 8395
7301 9170 8969
7888 9031 8920
9301 8797 8049
9241 7650 8780
9365 7693 8604
7214 8803 9246
7624 9785 7994
8119 8281 9092
8803 9356 7989
8039 9850 7437
7938 8516 9127
8488 8868 8680
9203 9183 7586
9952 7622 7206
7305 9992 7466
7012 7453 9712
7387 8062 9469
8416 9289 8484
8390 8249 9022
7415 9119 9010
7318 9043 9093
7994 9601 8232
8533 8946 8582
7080 7713 9646
7178 10054 7301
9501 8834 7704
9361 9068 7572
8429 9323 8356
8808 8899 8433
9311 9131 7583
9620 7773 8297
6897 7697 9693
7684 9076 8841
7578 8966 8990
7824 8732 9052
8113 9307 8613
9591 8204 8068
9479 8852 7634
7428 9169 8959
7397 8041 9438
8445 7381 9321
9151 8663 8302
9096 9264 7676
7510 9400 8747
7411 7143 9685
8294 8064 9154
6967 7768 9671
7049 8321 9505
7617 9714 8260
8070 7806 9320
8683 9263 8299
9165 7639 8852
9063 8208 8617
9182 9030 7931
7665 9471 8601
7840 9904 7504
7802 7773 9359
8248 8997 8714
7886 9934 7434
8443 8952 8656
9567 7956 8181
9865 7976 7379
9934 7704 7386
8583 8990 8481
9306 7772 8718
7469 9209 8917
7620 9266 8802
7377 10023 7205
7832 8055 9278
8077 8982 8812
8153 8904 8819
8710 8553 8675
8696 9522 7777
9175 7746 8800
9143 9201 7643
9482 8920 7547
7212 8660 9346
7366 8027 9486
8706 8600 8700
8514 7527 9256
8820 9346 8008
8955 8679 8414
9051 7659 8901
9434 8805 7824
9136 7701 8834
9362 9062 7566
9796 8300 7407
9744 8493 7339
6898 7610 9712
7039 8192 9553
8285 8504 8954
8892 8046 8883
8746 9540 7720
9239 8949 7944
9752 8413 7427
8013 9517 8523
7701 7831 9385
8039 9386 8565
8152 7679 9302
7926 9915 7332
8613 8029 8970
8724 9446 7891
9554 7812 8428
9581 8752 7764
7591 8390 9265
8133 9730 7802
8345 8403 8962
8588 9515 7783
9248 8453 8393
8817 9499 7765
9577 7779 8348
7110 7466 9628
7441 8498 9313
7804 9844 7844
8768 7752 9058
8538 8479 8830
8570 8924 8602
8152 9798 7576
8888 7680 9030
9362 8883 7939
9268 7630 8738
9605 8716 7526
9803 8250 7321
8692 8316 8802
8935 7600 9007
9267 9123 7612
9647 7765 8228
8436 9528 7824
8381 7999 9094
8814 8329 8746
8461 9663 7725
8831 7720 9063
9117 7717 8875
9062 9298 7651
9630 7794 8236
6967 7616 9693
7613 9801 8078
9291 9117 7611
9745 8354 7567
9460 7798 8493
9756 7970 7885
9822 7793 7728
6896 7516 9750
7300 7411 9610
8206 9729 7868
8152 9770 7680
8789 8842 8446
9463 8478 8052
9687 7645 8119
9788 8336 7372
7227 8862 9230
8977 9337 7720
9348 9073 7576
7879 7901 9329
8890 7718 9016
9104 8928 8203
9653 8337 7865
9767 8024 7746
9899 7960 7282
7610 8805 9073
8002 9602 8211
8227 9722 7645
8599 8446 8850
8499 8738 8760
9090 8113 8643
9513 7849 8425
6866 7682 9714
7810 9831 7811
8541 7408 9241
9116 8374 8562
9233 8733 8293
9316 9115 7681
9645 8240 8062
9726 8364 7535
8133 8507 9026
7798 9710 8190
7403 8559 9239
8546 7797 9165
9130 9236 7740
9288 7837 8628
7006 7727 9677
7479 8880 9146
8222 9757 7644
8849 7860 8945
8289 8393 9018
8460 9693 7619
9568 8778 7528
9718 7875 7993
7309 8893 9185
6965 7531 9745
7344 8811 9164
8006 9399 8677
8529 8651 8768
9313 8959 7811
9630 7699 8265
9909 7783 7460
7244 8389 9439
7237 10021 7397
8670 8791 8689
9042 8084 8668
6938 7615 9694
8095 7709 9294
8269 9149 8660
8511 9691 7609
8342 8282 8978
8927 9006 8346
9113 8025 8707
9055 7632 8879
9209 7965 8624
9171 8907 7982
7275 8705 9304
7209 8495 9431
8401 9555 7957
8932 8544 8563
9396 8186 8386
9367 8716 7982
7332 9131 9005
7481 9798 8108
7569 9367 8740
8121 9790 7586
8038 7281 9455
8474 7696 9209
8966 8899 8299
9318 8705 7984
9356 7697 8598
6933 8052 9602
7537 9323 8849
7483 8635 9211
7461 10002 7299
8081 9671 8058
8504 9391 8141
8352 9657 7763
9074 9151 7958
9708 8473 7448
7386 8760 9253
7950 8635 9067
8030 9055 8702
8414 7553 9291
8383 9097 8604
8762 9489 7813
8532 9595 7777
8339 8080 9082
9662 8265 7981
7254 9018 9124
7597 9387 8737
7269 7448 9631
7520 7389 9581
8505 9331 8210
9021 9041 8152
7237 8842 9242
7089 7667 9646
7787 7261 9528
8358 9673 7716
8329 9642 7915
9121 8423 8533
9511 8018 8344
9667 8343 7581
9635 8617 7543
9834 7714 7714
7526 9802 8016
7466 9251 8883
7519 9518 8573
7070 7446 9718
7761 8820 9049
7805 9277 8747
7634 9980 7359
7767 9034 8983
8450 9100 8492
9557 7827 8305
6984 8126 9592
6938 7709 9688
6968 7499 9722
7334 7260 9653
7735 7653 9429
8526 9425 8025
8381 7531 9293
8773 9414 7817
8881 9447 7726
9317 7762 8602
9209 9176 7645
7105 8257 9517
7252 10045 7184
7474 9282 8874
7976 8903 8844
8031 9879 7421
8298 9687 7878
7249 7817 9608
7274 7324 9695
7395 8108 9463
8076 9798 7726
8077 8536 9017
8738 8285 8790
9008 7753 8926
9312 8066 8562
9705 8541 7422
7968 8817 8945
7559 7306 9600
8416 7817 9174
9141 9227 7642
9246 7766 8766
9564 8804 7575
9390 8899 7718
8093 9836 7583
8874 8748 8495
9418 8228 8194
9619 7901 8151
7283 10040 7198
8996 9324 7895
8982 7799 8933
9587 8369 7758
9585 8784 7525
7169 7336 9706
7017 7929 9649
7638 9336 8790
8462 8869 8630
7485 7193 9631
8456 7468 9295
9178 8211 8556
9588 7804 8305
7624 8882 9023
8109 9823 7551
9053 7792 8830
9124 8457 8516
9745 7871 7953
7659 9308 8769
7134 7308 9729
7605 7325 9595
8119 9737 7718
8299 8196 9040
8201 9482 8297
8273 7462 9390
7304 9945 7714
8525 7575 9237
8882 7803 8972
9281 8105 8535
9307 7611 8685
9229 9182 7579
9128 7780 8802
7622 7499 9532
8447 7459 9300
8757 7987 8907
8609 9500 8004
9258 8767 8187
9537 8100 8132
9585 7790 8307
9738 8482 7399
7299 9958 7623
7722 9715 8215
8566 9617 7681
8081 9850 7308
9454 8938 7565
9377 8126 8394
7150 8537 9433
8544 8874 8616
8605 9380 8085
8657 8277 8851
8630 9513 7796
9425 8801 7916
9406 7733 8544
9363 9009 7692
7163 8922 9163
7006 7576 9715
7589 9534 8520
7676 7831 9441
7216 8480 9440
7238 10029 7353
7886 8596 9071
7943 9291 8705
9798 7690 7881
9854 7911 7489
7081 8696 9317
8104 9444 8409
8412 8161 9062
8806 8312 8778
9282 7831 8643
9335 8938 7817
9482 8644 7938
8029 9413 8475
8588 9207 8417
9043 7863 8821
9219 8190 8472
9509 8893 7507
7523 9583 8494
7638 8602 9194
7854 8800 9008
7728 9487 8540
8012 8783 8959
9096 9253 7742
8836 9456 7760
9694 8558 7514
7024 7822 9638
7431 9627 8427
7629 9217 8905
7461 10004 7285
8042 7339 9453
8090 7840 9280
8623 8175 8888
8242 9765 7409
9821 7811 7713
6930 7677 9694
7223 8631 9368
7101 8501 9445
8030 9020 8825
8658 7529 9212
8643 8374 8791
9002 7914 8755
9246 8872 8025
6905 7618 9707
7836 9832 7735
8524 9124 8463
8874 8117 8811
8395 7578 9242
9275 8588 8266
9243 7830 8651
9572 7801 8369
9652 8681 7412
7163 8412 9491
8170 9802 7479
9211 7841 8635
9533 8218 8090
9516 8871 7538
9406 7795 8525
9551 8474 7983
7632 7229 9607
8124 9580 8239
8815 7619 9116
7022 7763 9667
7465 9239 8901
7485 9865 7885
7244 7411 9685
7751 7290 9584
7952 9607 8241
7875 7327 9527
9415 9018 7598
9633 8677 7527
7077 8434 9483
7741 7789 9349
8904 8081 8779
9766 8175 7580
7528 9597 8481
8214 9776 7611
7842 9936 7486
8878 9351 7945
8803 8664 8585
9748 8231 7485
9708 7859 8021
7677 8336 9247
8075 9591 8318
7789 8143 9265
8589 8153 8898
8830 8976 8350
8961 9329 7782
9372 8936 7856
7157 7823 9587
7253 7438 9650
7387 9993 7361
7939 7306 9478
8265 7492 9417
8504 7491 9265
9034 8454 8595
9754 7743 8032
6970 7490 9735
7331 8645 9343
7726 8935 8986
7787 7441 9459
8226 9799 7387
8958 9391 7765
9376 8996 7669
7468 9605 8468
7126 8147 9533
7520 9679 8337
7106 7362 9693
8716 8835 8547
9189 9142 7827
9196 7649 8807
9278 8334 8409
9623 8736 7462
8335 9762 7606
9704 8574 7381
7471 9170 8954
7257 7365 9643
8070 9516 8398
8372 8658 8809
8567 9649 7490
8893 8023 8880
8894 8767 8474
9698 8367 7518
8136 9734 7682
8212 8289 9089
8511 8587 8925
8479 9653 7680
8992 7789 8944
8919 8479 8629
9527 7696 8438
7077 7542 9664
7486 8735 9174
7763 7462 9534
8393 8005 9064
8350 7699 9232
8731 8210 8821
9008 8648 8438
8948 9397 7736
9163 7720 8808
9656 8275 7950
7543 9163 8921
7838 9660 8333
7911 7297 9495
8707 7862 9029
9562 8050 8205
9792 7873 7723
6905 7598 9717
7032 7638 9666
7517 9017 9020
7541 9721 8232
8090 9739 7915
8423 9713 7567
8175 9832 7431
8602 7731 9101
8462 9645 7787
9074 8486 8522
9443 7702 8546
9577 7755 8355
9719 7971 7946
9599 7787 8293
9790 8345 7324
7564 9271 8842
6860 7623 9716
7025 8436 9449
7591 8933 9114
7482 8204 9335
7691 9443 8681
7866 9567 8470
7709 7227 9609
8049 8703 8894
8403 9593 7911
8509 7438 9259
9345 8149 8516
9503 7861 8370
7492 9252 8874
7129 8582 9396
7288 8748 9255
7069 8320 9505
7194 10047 7302
8138 7488 9427
8297 7631 9296
8658 9404 8054
8361 9746 7539
9166 8349 8518
9401 7695 8559
6891 7701 9691
8224 9784 7511
8300 9721 7718
8659 7959 9028
8820 8509 8581
8794 8521 8626
9065 9300 7619
7598 9086 8921
7906 8395 9158
8780 9458 7775
9301 8635 8240
9391 8851 7789
8327 7703 9269
7960 9577 8366
8097 9742 7871
8751 9502 7636
9459 8863 7787
9591 8738 7460
9769 7801 7902
7413 9269 8879
6878 7651 9710
7669 9446 8598
8481 7686 9178
8901 9414 7764
9400 7878 8509
9746 8294 7734
9648 8685 7399
7544 9457 8627
7111 7446 9672
7521 8057 9434
8058 7274 9447
7277 10014 7456
7681 9780 7935
8859 7595 9075
9393 7724 8560
9077 9295 7757
9765 8356 7445
7399 8807 9166
7930 8016 9312
7854 8647 9086
8355 8042 9118
8294 8938 8724
8533 9643 7610
9203 7614 8828
9337 7919 8572
9458 8903 7712
7337 9969 7601
7911 7356 9470
8783 9073 8305
9691 8586 7367
7517 9860 7985
7709 9449 8585
8065 9470 8423
8013 9597 8361
8604 8973 8503
8640 8375 8781
9456 7760 8531
7092 7959 9623
7956 7434 9453
8234 8364 9057
8672 9451 7877
8859 7827 8929
8714 8456 8748
9188 7859 8787
9398 8976 7636
7433 9208 8955
7360 9984 7470
7767 7964 9330
8126 7293 9430
8432 9621 7879
8367 9759 7493
9400 8592 8203
9582 8463 7813
9634 8637 7609
8282 8405 9049
8676 9442 7988
8993 8859 8284
9052 8604 8534
9356 8090 8492
9468 8849 7766
9320 9125 7556
9725 8518 7326
6935 7639 9706
7278 8898 9201
7075 7994 9606
8283 9564 7946
8323 7473 9381
8590 9320 8190
8893 8498 8667
8934 8779 8438
9369 8685 8072
9328 9116 7529
7728 7328 9563
7528 9978 7488
8218 7771 9241
8279 9503 8074
8711 9280 8191
8883 7812 8948
9231 8528 8471
9492 8850 7573
7482 9487 8648
7433 9810 8062
7534 8659 9178
7933 9805 7709
9281 7813 8682
9677 8620 7412
9650 7808 8173
8740 9047 8368
9368 8610 8232
9465 8219 8188
9809 8213 7425
7235 7271 9711
7209 8725 9278
7995 7917 9276
8530 7936 9152
8418 8832 8759
8698 9412 8027
9047 7462 8909
9439 7792 8542
9701 8480 7482
9790 8246 7471
7537 9168 8994
6956 8178 9562
7883 9805 7835
8015 8640 8928
8641 9397 8082
9225 8821 8073
8952 9398 7559
6933 7590 9727
7545 9856 7838
6928 7989 9629
7888 9531 8484
8789 8475 8701
8720 7357 9139
9171 8607 8450
7027 7514 9683
8034 8859 8895
8338 7331 9346
8479 8823 8740
8671 7672 9205
8929 7640 8998
9623 7884 8223
7725 9875 7734
7464 9959 7584
7957 8230 9197
8148 9780 7587
8528 7509 9244
8588 8795 8605
9450 8226 8366
9516 7815 8397
9846 8200 7320
7020 7913 9652
8663 8394 8767
8485 8155 8956
8565 8342 8921
9239 9125 7736
9332 9085 7730
9302 8944 7893
9495 7904 8354
7536 9731 8199
7928 9604 8319
8641 8954 8540
8970 7808 8825
9047 9314 7782
9485 7897 8452
9702 8565 7398
9780 8444 7403
7393 8994 9124
7855 7384 9469
8444 9236 8428
9013 8831 8313
9187 8113 8593
9244 9161 7730
9447 8992 7562
7414 9419 8697
7637 7445 9557
8003 9722 7960
8104 9849 7489
8880 7855 8916
8606 8984 8478
8338 9726 7577
8413 7429 9302
8559 9619 7725
7318 8881 9196
7239 8425 9438
8207 7855 9252
8400 8842 8742
8584 8831 8620
9029 9074 8113
9606 7909 8225
7286 7440 9591
8135 7494 9408
8034 7646 9372
8020 7958 9268
8536 9646 7609
8634 7521 9230
8892 7996 8897
9213 9162 7656
9372 8178 8403
7496 9341 8821
7216 8865 9216
8190 9006 8761
8564 9512 7964
7539 9276 8804
7310 9978 7489
8306 9683 7726
8720 7816 9031
8433 9241 8433
8486 8119 8962
8792 8530 8613
7892 9890 7460
8889 8505 8636
9174 9118 7855
9201 8023 8587
9306 8735 8127
9669 7867 8142
9886 7820 7459
7110 8819 9246
7534 9361 8820
7210 8374 9464
8675 7667 9145
8419 7714 9170
8334 9658 7734
8385 9739 7555
9330 8403 8270
9330 7719 8656
9614 8725 7481
9918 7712 7425
7583 9643 8403
6937 7985 9626
7411 9041 9026
7661 9672 8247
7456 8748 9176
7942 9057 8867
8035 9023 8714
8133 9648 7885
8231 8228 9135
8824 7976 8980
8992 8743 8392
9600 8357 7934
9777 8228 7480
9685 8447 7526
7525 9186 8917
7604 8041 9431
7847 8802 9046
8382 9695 7633
8824 8113 8861
9010 8189 8742
8920 8787 8449
7612 9230 8916
8822 9432 7766
8552 8716 8713
8715 7466 9136
9206 8556 8345
9043 7888 8742
9200 7639 8801
9679 7999 7951
7229 10051 7205
7898 7334 9479
8316 7406 9389
8528 7974 9121
8775 7648 9069
8941 7520 8995
9176 8052 8691
8842 7644 9080
9815 7777 7800
7282 8563 9410
8133 9610 7986
8581 7804 9090
8209 9800 7539
7977 9870 7566
8546 9570 7781
8523 7415 9281
9123 9238 7728
9193 8653 8394
9532 8581 7894
9255 7628 8761
9442 7593 8547
7650 9295 8795
7311 9542 8523
7157 10058 7159
7779 7223 9532
8886 9197 8155
9014 8676 8391
7545 9245 8887
7626 9483 8614
7201 10057 7148
7537 8884 9132
7950 7570 9379
8595 9358 8144
8844 8208 8777
9300 8801 8094
9608 8693 7501
9657 7860 8170
7211 10040 7300
7881 9548 8415
8042 8866 8893
8360 8321 8960
8531 9377 8155
8496 9613 7738
8369 7528 9298
8701 7567 9144
9254 8811 8053
9032 9309 7804
6961 7541 9738
8197 9015 8711
8328 9669 7803
7000 8477 9454
7307 8692 9258
7771 9423 8572
7877 8487 9200
7935 7321 9482
8405 9296 8422
8290 7554 9306
8693 9017 8415
8925 8746 8457
8762 8883 8438
8960 9230 7998
8644 9466 7914
9209 7764 8796
8688 9599 7657
7563 9312 8796
8874 7569 9054
9363 7899 8572
9765 8162 7645
7576 9417 8705
7016 7464 9690
7405 9135 8995
8450 9603 7799
9043 9318 7706
8972 7656 8980
9496 7819 8483
6912 7467 9748
7316 10013 7464
7651 7900 9404
8550 8403 8875
8383 9009 8683
8599 9501 7902
9087 8980 8091
9494 8186 8381
7597 9121 8959
7196 8738 9288
7756 9483 8526
8119 9773 7698
7942 7507 9416
7882 9942 7428
8839 9189 8172
9256 8412 8342
9534 8823 7761
9636 8663 7501
7782 7445 9463
8432 9556 7899
8441 8884 8678
8392 7625 9270
8877 7808 8973
7222 8484 9433
7318 7272 9690
8707 9108 8327
8579 7968 9129
8516 8159 8947
8904 9234 8112
9138 8800 8358
9176 9091 7934
9041 7660 8956
9121 7627 8897
9142 9165 7663
7524 9495 8571
7524 9400 8713
7278 7364 9651
7417 8518 9340
7993 8355 9152
8107 8952 8817
8111 8839 8893
8492 9644 7647
9521 8201 8272
9608 7853 8291
7345 9061 9078
7410 7229 9646
7709 7832 9372
7764 7422 9493
8324 8710 8845
8427 7996 9066
8883 7728 9031
8594 7733 9106
9237 7812 8779
9352 8917 7928
9760 8360 7416
6941 8142 9581
7558 9386 8767
7332 8553 9292
7081 7443 9685
7661 7318 9565
8334 9485 8111
8762 8714 8650
9018 9340 7689
9614 8648 7680
9740 8471 7389
7514 9726 8249
7740 9894 7554
8867 8617 8525
8714 8506 8670
8923 9401 7868
8946 7866 8906
9281 8006 8595
9558 8854 7551
7557 9578 8471
7394 9976 7546
7334 8509 9345
7518 7338 9630
7662 8348 9253
9294 8791 8131
9556 7708 8393
7410 9059 9020
8346 9273 8486
8469 9526 7882
9625 8619 7681
9864 8024 7456
6957 7583 9733
7542 9852 7941
7771 7219 9549
8439 9049 8540
8834 7824 8949
8798 7839 8999
9065 8984 8027
9363 7693 8640
9460 8021 8489
9234 7627 8786
9827 8236 7390
9852 7925 7459
7279 7347 9671
8298 8010 9207
8919 7738 9013
9196 8031 8596
7737 9270 8771
7880 9595 8381
8548 9526 7800
8697 9303 8176
9714 8490 7376
9590 8770 7427
6885 7339 9732
9482 8764 7677
9723 8312 7648
7364 10024 7157
7260 10026 7300
7670 9924 7561
7992 9880 7535
7291 10033 7185
6946 7406 9715
7833 9932 7372
9594 8648 7611
8745 7749 9024
9678 8628 7573
7259 8987 9089
7688 7640 9489
7415 8266 9363
7304 9009 9081
9563 8754 7634
7782 9541 8513
8547 7630 9165
6877 7556 9723
7975 9460 8484
7153 8377 9481
7321 7328 9647
9419 8246 8267
6910 7876 9650
7669 8287 9266
7896 9554 8384
6997 7874 9633
8831 8356 8717
6866 7883 9660
7213 10034 7290
9427 8976 7597
7496 8879 9085
9083 8987 8058
9856 8112 7331
7940 8689 8986
8223 8962 8703
7329 8285 9409
7951 9488 8410
8173 8550 9041
9732 8272 7705
7537 9321 8823
7823 8152 9267
7616 9980 7335
9870 8080 7325
7236 10026 7324
8076 7696 9307
9860 8053 7355
6965 7763 9673
7693 9049 8925
7585 8916 9078
9862 8110 7218
9962 7600 7083
7517 7292 9618
7271 10025 7298
7231 10037 7230
7674 9935 7527
7736 9916 7533
7482 7288 9624
8450 9305 8132
7403 9975 7534
8289 9506 8120
8719 7390 9148
7414 9992 7430
7927 9741 7861
9363 9013 7646
7428 9907 7774
7933 9761 7837
8520 9018 8531
6892 7948 9647
8024 7272 9455
9936 7664 7223
7412 9972 7564
7883 9614 8331
9271 7748 8708
9591 8129 7980
8947 7640 8992
7618 8624 9224
9657 8563 7652
7439 9933 7705
7680 7217 9604
8436 9583 7927
8788 9533 7744
8043 7694 9318
7499 9336 8827
9287 7831 8692
7291 9941 7672
8478 9623 7788
8869 7662 9025
7850 7348 9520
7638 7282 9613
7618 9418 8728
8576 8463 8831
9713 8145 7793
7621 7410 9578
8220 9432 8187
8063 7239 9460
8666 9578 7700
7296 9962 7653
6931 7515 9731
8721 8671 8688
7024 8022 9584
7653 9363 8716
7919 9605 8379
8782 9482 7790
7562 9557 8522
6893 7555 9722
9508 8792 7651
7470 9211 8902
9267 8370 8373
8032 9838 7549
7410 9072 9042
7540 8637 9253
8354 8466 8978
8275 9351 8421
8708 9562 7705
7336 10009 7305
8548 9555 7882
8518 9616 7784
8618 9496 7918
7725 9942 7504
8633 7535 9216
7334 7244 9692
7812 9558 8507
9088 8294 8564
7768 7390 9560
7982 9659 8076
9862 8001 7439
8456 8447 8992
8728 9535 7684
8741 7624 9122
9629 8444 7765
8848 7701 9013
9746 8060 7736
9905 7836 7238
7427 9804 8087
9663 7930 8212
9753 8477 7473
6994 8207 9554
8152 9723 7796
7735 8102 9316
9746 7769 7997
7545 9966 7468
9219 7749 8830
9906 7819 7273
7406 9783 8093
8290 8426 9052
8422 9261 8224
9351 8264 8347
7673 9965 7429
9625 7999 8210
7740 9940 7513
8211 8425 9059
8759 7524 9125
7712 9394 8695
9734 7888 8064
7843 9907 7545
9317 7840 8667
6998 8224 9536
7294 10014 7389
7490 9241 8897
8373 8642 8881
9603 8526 7853
7751 9896 7729
9683 8553 7606
7521 9323 8836
7607 9891 7737
7949 7463 9484
8511 9573 7858
8654 8771 8611
9583 8058 8148
9711 8573 7598
7796 9568 8463
8623 9599 7683
8928 8759 8458
9236 9083 7769
7330 8861 9212
8075 7189 9454
9772 8367 7512
9924 7866 7133
8428 9403 8137
8840 7576 9086
9818 7899 7763
7587 7625 9551
8295 9320 8339
9286 7850 8665
9521 8202 8246
7364 7658 9595
7557 9771 8127
8147 9806 7670
8974 7507 8976
6920 8106 9580
7533 7288 9611
8568 9638 7687
8327 8215 9132
8964 7579 9002
8522 7952 9071
9790 7977 7660
7684 9593 8441
8756 8307 8827
9234 7773 8772
9446 7863 8514
6959 7539 9711
7063 8003 9584
7774 7146 9541
7900 7514 9494
9865 8007 7381
7263 10033 7287
7633 7938 9499
7972 7615 9391
8491 9624 7779
9949 7661 7054
7105 8315 9503
8354 7826 9202
9375 9065 7587
9716 7783 8088
9607 8629 7628
8419 7442 9313
9323 7864 8656
9238 8841 7992
9948 7649 7090
7507 7479 9608
9726 7926 7941
8272 7499 9329
8211 9052 8544
8723 8735 8520
9268 9170 7722
9564 8164 8161
6964 7313 9731
8157 8237 9140
8521 8281 8947
9225 7583 8776
9291 7708 8725
8282 9287 8385
8577 9559 7814
9246 9170 7726
9529 8885 7621
9561 8782 7615
6906 7887 9650
7446 9286 8864
8479 9572 7867
9661 8422 7674
7705 8643 9206
7267 8326 9404
8144 9731 7760
8206 7524 9354
8387 7315 9331
9673 7960 8046
9223 7703 8794
8436 8909 8667
9412 8963 7644
6888 8087 9601
7653 9630 8394
7556 9531 8571
7441 8751 9228
7565 9766 8157
7938 9521 8403
9109 9288 7692
9961 7585 7132
9352 8082 8563
7363 7829 9518
9174 8165 8542
9215 8089 8623
7675 9759 8196
9910 7964 7233
7952 7796 9381
8516 7885 9128
8331 9215 8416
9592 8267 7942
8127 7569 9355
9239 7746 8724
7076 8190 9557
8486 9319 8124
9447 8861 7695
9409 7645 8576
8259 9571 8160
7532 10007 7151
7993 7489 9444
7939 7554 9488
8457 9221 8305
9402 8170 8402
9490 8354 8135
8718 7520 9167
9159 9042 7961
9481 8562 8030
7345 8641 9319
7618 9681 8301
9877 8060 7337
8861 8827 8414
9945 7654 7088
8061 7654 9346
7944 9875 7542
8570 8245 8976
8932 7720 9006
9366 7848 8555
9254 7773 8716
9329 7825 8636
7577 9401 8731
7286 8034 9505
8768 7577 9107
8595 9139 8310
9094 8712 8335
9618 8105 8115
7349 9818 8027
8092 9674 8026
8627 9598 7679
9411 8765 7833
9365 7775 8628
7058 8316 9510
9684 8642 7497
7174 8202 9511
8083 7186 9447
9800 8408 7468
7570 9514 8568
8186 7219 9420
9131 7775 8879
9505 7896 8489
7238 8578 9388
7701 9604 8424
8059 9753 7831
8159 9754 7759
9482 8958 7610
9898 7868 7307
7461 9358 8767
7689 9607 8401
7731 7312 9576
9551 8629 7869
6931 7575 9707
9011 7890 8805
9265 8816 8051
9666 8653 7544
7609 9931 7591
8947 9291 7855
8760 7876 8984
9682 7891 8167
7031 7972 9630
7218 8365 9455
8403 8157 9004
9305 7683 8729
9530 8621 7874
9601 8129 7965
9289 9092 7692
9859 8126 7170
7418 7522 9585
8388 8584 8907
8584 8693 8718
8823 9017 8300
7422 9937 7755
7378 8076 9482
8138 9474 8299
9036 9313 7849
9208 9202 7766
8809 7586 9096
7367 9883 7895
7421 8154 9409
9712 8216 7733
9764 8462 7546
7291 8889 9186
7540 9988 7213
7696 7578 9473
8118 9597 8224
8691 8097 8852
8353 8716 8851
9238 8169 8507
8356 7387 9326
8575 7536 9232
9101 8666 8307
9483 8345 8179
7245 8713 9321
7863 8805 8985
7921 9516 8412
7847 9478 8502
9131 7978 8702
8521 9178 8394
8271 9746 7596
8330 7711 9234
9345 9029 7611
7490 7389 9613
7698 7799 9444
8945 9076 8116
8260 9753 7343
9674 7911 8133
7950 7603 9413
7542 8743 9172
7822 8984 9033
7712 9301 8774
8821 8630 8623
7642 7395 9550
8365 7375 9348
8078 9618 8231
8765 7517 9137
9157 9015 7978
9407 9008 7744
9359 9025 7649
8004 9849 7505
9508 8600 7918
6965 7573 9704
7903 8730 8990
7738 9712 8257
9330 8716 7967
9322 9084 7623
9639 8581 7701
6947 7845 9675
8870 8714 8476
9154 7959 8735
9557 8219 8145
9452 7692 8561
8843 7523 9092
9581 8000 8268
9878 7614 7563
9944 7702 7215
7705 7286 9580
7553 7258 9645
7968 8516 9093
9245 8689 8204
9372 7792 8626
9724 8125 7908
7035 7434 9691
8121 9716 7998
9248 8363 8398
9488 8144 8247
9828 8251 7359
8191 7574 9351
8363 9007 8666
9222 8956 7941
9310 9016 7760
9723 8326 7596
7413 8519 9336
8073 9442 8506
8701 9169 8256
8442 9394 8156
7005 8211 9541
7469 9141 8965
9802 7915 7839
7931 8201 9199
7583 9037 8965
7815 8779 9036
8154 8742 8927
8659 9555 7782
9188 7759 8840
7958 8754 8939
8524 9489 8023
8429 7436 9290
8888 8583 8486
9207 9210 7724
9261 7791 8696
7162 8518 9442
7828 9524 8508
9681 8287 7925
7673 7589 9544
8517 8605 8835
8358 8078 9080
8926 9348 7771
9501 8860 7652
7605 9329 8817
7046 7370 9696
7881 7460 9498
8254 8454 9043
8115 8974 8720
8240 9392 8334
9358 7800 8587
9524 8234 8245
7374 8364 9360
7663 9415 8677
7544 7316 9607
7421 7531 9578
8000 7176 9479
8872 8621 8492
8729 9392 7905
9935 7658 7254
7984 7197 9481
8725 9304 7960
9367 7636 8629
9561 7938 8386
9815 8132 7613
7997 8949 8819
8615 8169 8988
9556 8576 7791
7261 7392 9676
7736 9957 7385
9228 8611 8237
6991 7839 9643
7446 10003 7332
8904 9227 7998
8510 9663 7682
7588 9779 8111
7796 9648 8261
8335 8942 8667
8321 9261 8286
7567 8036 9385
8317 9232 8415
8987 8467 8449
9360 8964 7776
9774 8329 7521
8724 7571 9133
9407 8741 7841
9758 8474 7487
9943 7639 7248
7075 8140 9571
8146 9294 8573
7966 7566 9423
8310 9024 8514
9236 7848 8677
9332 7723 8688
9780 8052 7798
9247 8415 8407
9331 7954 8570
7700 9053 8907
7706 8032 9429
7786 7262 9540
9256 9187 7719
7586 9088 8903
8958 8978 8239
9496 8904 7569
7960 9855 7737
8278 9332 8389
9484 7927 8403
7512 9135 8958
7683 9504 8582
9216 8375 8445
9163 9248 7682
9757 7759 7976
6890 7850 9663
9325 8359 8352
9550 8734 7795
9594 8030 8182
7363 8474 9370
7534 8461 9324
9474 8960 7588
9934 7771 7397
7884 8638 9101
7441 9019 9064
8178 7344 9411
8249 9772 7665
7398 9220 8899
8473 8614 8800
9109 7701 8882
9193 9223 7721
9480 7834 8510
9459 7935 8423
6992 7362 9718
7432 10020 7273
7597 7435 9591
8963 8798 8456
7685 9733 8242
7781 9676 8281
8298 7837 9238
8524 7796 9185
6923 7594 9712
7940 7247 9502
8480 9603 7839
8188 7269 9404
9258 7826 8694
7001 7446 9698
7462 9259 8872
9106 8639 8286
9328 8656 8165
9736 8591 7474
9208 8092 8584
9552 7842 8444
8140 9424 8308
8443 9576 7895
8855 7669 9045
8772 7568 9106
9869 7807 7568
7470 8946 9100
8166 7368 9408
8680 8085 8939
8612 9596 7717
8851 7678 9042
9480 8248 8181
7697 9715 8173
8106 7694 9314
8213 8788 8842
9124 7657 8881
9611 8621 7657
7119 8380 9477
8279 9737 7557
9232 7860 8669
9397 9048 7594
7174 7801 9561
8837 9064 8230
8449 9687 7566
9149 7809 8862
9273 7735 8711
9526 8045 8364
7034 7432 9713
8299 7592 9283
9661 7845 8252
7253 7702 9569
8394 7574 9310
8846 7838 8981
7661 9511 8541
7212 8471 9435
8354 9714 7708
8920 7656 9028
8987 8393 8558
9476 8755 7795
9724 7890 8077
7377 9975 7648
7551 7979 9453
7878 8755 9013
8090 8873 8808
8184 8342 9080
9574 8676 7764
9706 8639 7561
9880 7940 7361
7646 9491 8587
7231 8321 9478
7443 7217 9663
7619 9980 7305
7666 7764 9546
7963 9276 8694
8421 9423 8199
8824 8841 8373
9617 8037 8155
9632 7819 8266
7892 7567 9431
9876 8026 7370
7519 9282 8861
7508 9991 7383
8069 9740 7817
8171 7402 9404
8425 7293 9327
9361 8715 7959
9464 8816 7746
8828 7752 9000
9161 9235 7773
7376 8903 9164
8053 8683 8993
8697 9325 8027
9219 9117 7824
9475 7929 8427
9803 8344 7433
7063 8386 9497
7192 8583 9392
7487 9932 7748
9436 8982 7591
9491 8071 8374
9486 8918 7572
7763 9470 8535
7843 9683 8053
8121 8927 8767
8854 9175 8175
8887 8988 8247
9286 7715 8736
9459 8950 7638
7580 9835 7971
8278 7777 9258
8178 7448 9402
8291 7653 9282
9100 7733 8894
9390 8917 7834
9769 7920 7916
7126 7347 9687
8479 8452 8880
9451 8362 8136
9725 8068 8003
8041 9178 8641
7691 9966 7329
7514 9539 8583
7254 8958 9112
7998 7563 9425
7829 8856 9015
8414 7897 9129
8670 9577 7726
8767 7701 9037
7664 9811 8059
7581 9263 8852
8039 9344 8619
9028 8874 8290
9104 7718 8921
7351 8028 9501
7297 8380 9395
8154 9809 7641
9372 8919 7791
7854 9860 7690
8519 9302 8132
8738 7561 9140
7312 8793 9277
7456 9144 8984
7997 7567 9400
8308 9489 8154
9237 9072 7777
8947 7594 9011
9128 9266 7689
9745 8530 7500
7386 8744 9278
8184 9811 7576
8916 9403 7648
8718 9562 7703
9677 8588 7645
9374 7578 8606
7537 9816 8051
8370 7652 9232
8916 7739 8961
9326 9109 7564
7590 9428 8695
7354 7632 9635
7126 8219 9532
7570 9901 7781
9065 8226 8617
9090 7983 8803
9855 8127 7134
7234 8329 9456
7534 7288 9608
7942 9815 7754
8175 7468 9373
8301 7670 9242
8237 9031 8596
8587 8194 8966
8554 9582 7812
9454 8678 7930
9651 8747 7609
9776 8412 7482
7597 9612 8491
7739 9607 8374
7069 7377 9690
7992 9655 8084
8360 9711 7616
8791 7502 9123
8568 9605 7728
8910 9439 7627
9627 7803 8277
7513 9442 8681
7514 7372 9607
7823 9565 8387
8297 7429 9378
8645 8548 8703
8515 9028 8471
9595 8442 7941
8516 8878 8598
9012 9285 7878
8897 9235 7971
9077 8133 8630
9572 7791 8404
7266 10020 7364
7329 8936 9125
8193 9221 8426
9085 9147 7902
9413 8733 7841
7769 8665 9130
8332 8871 8679
8233 9431 8280
8044 9392 8512
8463 9224 8215
8711 9355 8013
8815 8440 8729
9523 8038 8375
9668 8259 7947
9322 9101 7594
9761 7915 7943
7756 9611 8340
6992 8003 9636
7536 9436 8684
7979 9280 8662
8103 7500 9360
9707 8198 7955
7430 8889 9113
7943 7248 9485
8377 7909 9141
8476 7405 9296
8674 9581 7697
9572 8825 7568
7270 8984 9092
8176 7925 9233
8327 9729 7628
9616 8214 7963
7498 9045 9051
7333 8387 9379
7627 9467 8623
8639 8847 8642
8794 8837 8377
9156 8464 8445
9433 8886 7658
9672 7814 8177
7632 9512 8585
7961 8034 9306
9482 8114 8308
9637 8472 7714
9530 7868 8431
7483 9887 7800
6908 7535 9718
7586 9985 7178
7874 8772 9022
8148 7317 9418
8467 8481 8849
9403 8712 7997
7373 9212 8957
7514 8775 9168
7830 9084 8818
8664 9381 8078
9286 8398 8263
9744 8292 7637
7058 8393 9478
7865 7599 9466
7949 7792 9417
8352 8733 8854
8404 8136 9062
9559 8863 7588
7234 10030 7331
7649 9535 8525
7762 8017 9401
7701 9725 8155
8368 9652 7985
9278 7716 8705
9752 7951 7901
9860 7730 7685
8089 8909 8785
9177 8417 8342
9529 8552 7880
7648 9778 8125
8301 7391 9342
8378 9209 8408
7773 9003 9005
8424 7491 9288
8915 8543 8640
7425 9179 8928
7396 8886 9185
9047 8787 8343
9843 8124 7415
7196 9993 7525
7629 9549 8546
8060 7569 9361
7452 8827 9101
7401 7240 9678
7992 9236 8695
9297 9081 7701
7520 9972 7509
9184 8013 8658
9334 8129 8469
9618 7819 8310
9535 7945 8345
7032 8153 9572
7651 9061 8901
8418 8704 8814
8890 8923 8348
9234 8989 7863
9288 8938 7777
9291 7777 8702
7385 8823 9255
8374 9430 8250
9148 8076 8687
9309 8756 8016
9565 8124 8109
9829 8245 7396
7400 9004 9075
8281 7492 9370
8531 8703 8712
8390 8834 8759
9296 8018 8651
9250 8873 7928
8144 9591 8293
8476 7475 9270
7884 7566 9460
7738 9945 7407
8820 9342 7945
9264 8361 8407
9440 7775 8563
9648 7893 8258
7649 8647 9134
7984 7185 9483
8945 7607 9020
9201 9182 7870
9484 8489 7945
9413 7809 8575
9698 8262 7897
9772 8058 7840
7026 7929 9631
7770 7216 9543
8329 9129 8508
7875 7312 9504
8133 8504 9117
8559 8849 8667
6972 8061 9599
8021 9452 8441
7970 7637 9410
8803 9473 7887
8793 8930 8468
8916 9402 7662
9533 8866 7509
7463 8979 9092
7308 7245 9686
8096 8551 9018
8672 8735 8562
9028 9108 7922
8929 9401 7652
9346 8861 7872
9244 9189 7721
9411 8367 8171
9446 7722 8563
9752 7774 7990
8650 8826 8611
7532 9089 8957
7573 9489 8630
8067 9584 8294
8162 7455 9374
8290 8945 8687
9344 8127 8484
9396 8788 7938
8215 7407 9395
9398 8258 8334
7287 8698 9342
7486 9905 7795
7666 9298 8797
8078 7191 9445
9640 8584 7653
7342 8912 9122
7587 9355 8801
8595 9634 7675
8542 8311 8877
8493 9040 8513
8823 7971 8974
9227 9109 7842
9451 8193 8304
9717 8570 7557
9917 7846 7207
8026 9783 7771
7958 9725 7941
8007 7496 9440
9328 9106 7433
9236 7798 8741
9541 7877 8415
9837 8238 7500
7499 8773 9210
7461 9888 7822
7076 8330 9503
7846 8850 8977
8580 9466 8048
8733 9043 8263
9390 8870 7848
9379 9017 7645
9629 7826 8273
7819 9591 8460
7814 9941 7388
8016 8125 9201
8949 8463 8695
9433 8992 7543
9771 8416 7520
7592 9514 8548
8606 9621 7703
9148 8376 8488
9956 7639 7211
7430 8149 9361
7831 9458 8581
8100 9522 8358
8009 7546 9436
8578 7577 9198
9118 8137 8614
9417 7802 8554
7282 8804 9265
7322 8758 9308
7460 7325 9618
8578 9470 8035
8556 7507 9246
8658 8449 8856
8989 7651 8973
8990 8914 8256
8872 9478 7743
9109 7877 8808
9333 8871 7940
7101 8454 9475
8025 9203 8654
8482 8919 8629
8864 9357 7866
9590 8051 8221
9883 7989 7214
6863 8034 9612
7532 9272 8831
7716 9782 8038
7289 10021 7255
7681 9466 8652
8005 9218 8676
8595 8733 8655
9525 8430 8033
9503 7701 8519
9776 8064 7649
7422 8961 9097
7011 8021 9618
8203 8402 9064
8180 8894 8770
8419 7284 9338
8933 8544 8580
8675 8727 8557
8858 9343 7930
9078 9226 7803
9705 7770 8102
9768 8445 7573
7115 7987 9620
7254 7508 9686
7757 9139 8834
8850 8658 8531
8965 9387 7692
9450 7837 8501
9667 7950 8201
7554 9199 8899
7951 7343 9484
8162 9696 7789
8122 9836 7679
8827 8605 8632
8923 7738 8989
9539 7894 8427
9766 7729 7938
7456 9171 8934
7014 7789 9652
7180 8568 9438
8353 8007 9196
9514 8480 7952
9522 8890 7614
9867 7949 7589
7560 9341 8805
8068 8640 8961
7846 9295 8634
8190 8717 8940
8515 8450 8933
8746 9110 8248
7307 8833 9232
8166 9817 7524
8654 8870 8548
9370 8314 8302
9283 8968 7838
9461 7825 8514
7180 8589 9399
7386 9952 7667
8585 8854 8596
9168 8456 8460
9192 7898 8691
9105 8434 8483
9237 8349 8530
9336 8868 7941
9124 7577 8890
7338 9162 8960
7069 7415 9688
7364 8731 9283
7821 7366 9516
8282 7472 9365
8682 8216 8836
9331 8133 8459
9338 8968 7747
9617 7898 8338
9920 7680 7504
7191 8515 9469
7323 10028 7145
8247 8629 8969
8292 9191 8469
8153 7484 9413
8532 8724 8686
8180 9086 8618
8948 9007 8197
8863 9436 7816
9194 8213 8536
9228 9169 7758
9750 8255 7673
9873 7903 7418
7166 8156 9542
7421 9153 8963
7311 8706 9324
8608 7752 9148
6954 8032 9612
7236 7911 9536
7920 9891 7610
8635 8200 8959
8468 9380 8099
8806 8626 8686
8746 9538 7657
9409 8205 8344
9425 7882 8530
8098 9448 8415
7880 9149 8808
8264 9737 7640
8258 7781 9266
8623 7650 9158
9108 9350 7709
7068 8101 9573
7334 8379 9371
7604 8036 9374
7555 8102 9428
7938 8882 8939
9203 8572 8263
9126 9256 7759
9509 8894 7630
9485 7917 8390
7252 9944 7696
8567 8669 8785
7280 8974 9097
7437 8843 9212
7633 9589 8466
7505 9108 8984
7647 9880 7912
7784 9480 8520
8308 7635 9266
8393 9411 8254
8515 9497 8034
9106 9280 7755
9766 7927 7923
7668 8395 9220
8089 9814 7688
8023 7234 9470
8669 8694 8645
8669 9207 8243
9551 8851 7620
9574 8804 7550
9743 7873 7966
9704 7944 8131
6918 7601 9710
7686 7674 9459
8211 8886 8792
9159 7798 8845
9628 8364 7806
9668 8667 7523
7611 9633 8417
7943 9665 8218
8298 7429 9355
8177 8725 8915
8542 9563 7860
8464 7695 9188
9223 8427 8285
9154 8202 8602
9114 9272 7694
9724 7894 8019
9835 7759 7807
9937 7715 7110
7341 8828 9228
7617 9284 8821
7413 8900 9174
7906 8053 9298
8485 7328 9271
8594 9317 8080
9180 9246 7748
9881 7675 7527
7163 8472 9470
7298 8049 9502
8178 8455 9006
8565 9659 7756
9868 7993 7457
8153 8392 9175
7711 9006 8950
8276 8061 9158
8673 8736 8528
8969 8077 8907
9514 8615 7902
9424 7740 8575
7533 9166 8946
7117 7335 9724
7878 9643 8262
7512 9913 7702
7833 8898 8949
7559 8119 9410
7942 8584 9197
8059 8943 8800
8222 8940 8733
8686 9276 8085
8718 9543 7829
8558 9599 7783
8902 8078 8847
9224 9148 7771
9778 8097 7634
9752 8503 7587
7456 9148 8962
7221 7314 9690
7730 8139 9327
8015 9645 8099
8808 8937 8358
8423 7507 9281
9071 8331 8560
9020 8877 8300
7081 8218 9535
7432 8747 9256
7893 9472 8497
8372 7362 9340
8360 8479 8929
8901 8082 8853
9833 7786 7867
8186 9219 8585
8560 9469 8038
8516 7586 9250
9032 8028 8794
8899 8702 8473
9217 7776 8749
9536 8051 8257
9314 9079 7694
9829 8254 7259
9665 8670 7468
9836 7727 7795
7983 9401 8536
8310 7507 9322
8261 7679 9265
8871 7656 9074
9826 8070 7642
7536 9679 8319
7470 10012 7165
8088 9138 8650
7916 9493 8419
7854 7345 9539
8338 9355 8256
8782 8676 8567
8968 9084 8012
9018 9321 7722
9361 7689 8629
7784 8505 9218
8311 9501 8091
8936 7612 9027
9820 8301 7594
7383 10002 7497
7034 8244 9526
7903 9009 8845
8023 9556 8341
8333 9716 7769
9008 9116 7903
9186 7843 8794
6943 7710 9706
6854 7822 9680
7135 8261 9519
8582 8848 8683
9143 7842 8837
9442 8639 7974
9622 8803 7593
7583 9784 8086
9479 8845 7721
9430 8970 7614
9434 8113 8346
9574 8787 7611
9733 7785 8079
7108 8123 9556
7601 9247 8896
7448 7561 9567
7651 8419 9302
8160 9284 8500
8075 9592 8273
8624 8061 8992
8987 9263 7931
9436 8870 7791
9215 7754 8812
8116 7485 9412
8082 9271 8602
8236 7279 9387
7961 7474 9475
8674 8295 8944
9419 9021 7629
7053 7342 9711
7187 7700 9655
7913 7388 9489
7364 8244 9472
8206 9575 8179
8282 8160 9152
8757 9494 7776
9166 8575 8283
9810 7722 7927
7285 8626 9370
7810 9923 7441
8299 8769 8867
8657 8984 8535
8814 9479 7543
7616 9296 8815
7949 8537 9094
8107 8892 8799
8485 7940 9083
8705 8345 8815
9287 8765 8184
8725 9541 7550
9365 8625 8062
9181 7855 8798
9504 8928 7541
9636 7764 8271
8678 8315 8874
8574 8901 8583
8794 9474 7809
8907 8200 8832
9136 7834 8877
9735 7685 8081
7391 8849 9195
7032 7753 9660
8466 8090 9035
8384 8218 9044
8859 7759 8978
9245 7811 8695
7120 8366 9497
7200 7288 9711
7437 9029 9057
7761 9263 8763
7721 9200 8783
8173 9778 7696
7956 8741 8981
8556 8865 8618
8576 7916 9112
8496 8781 8736
7983 7779 9311
7719 8667 9046
8183 8925 8768
7915 9915 7525
8248 7592 9350
8580 8903 8545
8680 8505 8814
9099 7746 8909
9346 7689 8654
7601 9479 8603
7583 8110 9338
8670 8707 8582
9203 8931 8009
9656 8656 7605
7484 9117 9013
7407 8945 9120
7529 9234 8897
8157 7354 9413
8338 9510 8088
8674 9296 8183
8741 7842 9067
9142 8629 8436
9341 7820 8592
9596 8125 8079
7741 8096 9373
7897 7795 9389
7688 8869 9074
8142 7488 9399
9138 8101 8615
9477 8793 7758
9432 7822 8553
9667 8311 7653
9814 7801 7832
7506 8670 9227
7716 8685 9126
7903 9816 7788
8478 9646 7782
9022 7728 8970
8344 9718 7694
8978 8774 8431
7340 8679 9291
6992 8030 9607
7510 9861 8001
7982 9858 7615
8548 8594 8786
9017 8638 8387
9234 8916 8013
9602 8300 7870
9307 7881 8600
9673 8550 7647
7325 8982 9096
7563 9108 8936
8411 9097 8418
8345 9728 7644
8868 8223 8822
9475 8397 8108
9362 7625 8658
7018 8197 9575
7022 7995 9619
7310 8764 9288
8284 8495 8947
8401 7586 9290
8506 8727 8707
8797 8663 8574
8628 9075 8347
9121 8011 8748
9325 8291 8483
9668 7804 8181
7306 8858 9221
7817 9918 7479
8653 8728 8653
9452 8785 7821
9560 7804 8406
9350 7679 8642
7614 9399 8752
8426 9468 8151
7920 9911 7449
8357 8381 9027
8713 9039 8443
9039 8703 8382
9374 7648 8605
7005 8331 9517
7638 9513 8548
7978 8997 8861
8723 9566 7681
9003 9379 7750
9326 8260 8380
9498 7878 8491
9933 7822 7210
7833 8337 9257
7903 7279 9520
8166 9781 7594
8511 7623 9200
8331 7730 9226
8611 8537 8825
8797 9507 7725
7325 8665 9341
7320 8789 9281
8362 7933 9160
8641 7506 9231
9152 9248 7764
9636 8753 7539
7468 9722 8258
7926 9561 8329
7890 7864 9395
7576 8610 9263
7701 9076 8846
8123 9486 8373
8702 7615 9177
9054 7852 8922
9198 8884 8078
8984 9382 7702
9447 8047 8505
7743 7718 9446
7983 9000 8715
8444 9572 7973
8319 9733 7753
8459 7567 9273
8717 9512 7872
8265 7347 9385
8914 7803 8961
9318 9137 7688
9746 8505 7413
7834 9428 8571
9194 8867 8178
8973 9365 7764
9905 7764 7501
9707 8599 7559
7498 8949 9061
7994 7485 9472
8280 9734 7718
8770 8028 8933
8991 9055 8177
8521 9661 7643
9612 7928 8311
7657 9449 8670
8188 9750 7725
8501 9201 8359
8550 8695 8769
8989 9065 7971
9060 8864 8219
8902 9445 7781
9256 9100 7748
9573 7871 8340
9477 8206 8275
9871 8052 7348
6920 7864 9644
7036 7972 9622
7457 8711 9279
7870 9825 7957
8222 8649 8948
8439 7954 9078
8886 8811 8357
9088 9081 7894
9157 7939 8705
9396 8587 8261
9005 9388 7660
9623 7802 8289
7431 8822 9245
7591 9337 8814
7489 9102 8998
7461 8128 9462
7555 8812 9133
7728 9750 8112
7911 8105 9296
8228 7237 9398
9314 9072 7722
7545 9142 8918
7258 8567 9421
7073 8311 9507
7435 7290 9674
7685 9858 7845
7795 7572 9530
8535 8296 8934
8858 9207 8077
8864 8614 8576
9162 8940 8120
9020 9317 7734
9139 8379 8508
9197 8851 8150
9553 8277 8098
9287 9128 7713
9949 7645 7144
7301 8173 9484
7644 9078 8911
7977 7276 9475
8191 8826 8913
8272 9377 8262
8496 8871 8652
8706 7473 9198
9063 7840 8846
8960 8397 8596
9083 7776 8957
9180 8448 8335
7861 9514 8423
8444 8565 8865
8309 9178 8541
8283 7457 9339
9220 9055 7938
9274 9189 7607
9563 7930 8346
9888 7935 7311
7457 9133 8981
7888 9611 8259
7515 9997 7238
8741 8202 8849
8514 9584 7816
8785 8961 8335
8728 8730 8503
9747 7765 8056
7562 9044 9013
7472 9316 8838
6986 8042 9590
8325 8434 9034
7926 9860 7625
8483 9662 7686
9064 8452 8475
9273 8091 8545
8984 9334 7758
9211 8395 8429
7264 8409 9380
7404 8971 9109
8462 9010 8548
8590 7434 9248
9074 8725 8219
9898 7853 7462
9938 7655 7224
7745 9692 8082
7943 9867 7570
8384 7317 9333
8739 9262 8164
8769 8059 8926
9367 9072 7585
9441 8344 8195
7225 8360 9439
7735 9671 8389
7868 9678 8024
8857 8289 8709
9022 9357 7625
9013 8463 8510
9404 8131 8392
9238 9162 7734
9871 8064 7306
7701 9694 8300
7524 9990 7192
9074 8299 8594
8979 8396 8565
9321 9104 7632
9791 7895 7915
6940 8086 9578
7352 7998 9483
8185 9396 8476
8524 9091 8337
8589 9630 7710
9238 8858 7971
8923 9436 7627
9520 8139 8305
9377 7668 8601
9907 7822 7246
7027 8274 9525
8348 8738 8868
8834 7805 8983
8844 8235 8805
8778 8910 8500
8873 8639 8481
9020 8128 8631
9167 7811 8832
6892 7815 9679
8155 8907 8781
8665 8536 8718
9044 8877 8121
8745 9516 7772
8932 7725 9003
8880 7878 8961
9813 8334 7496
7655 9588 8509
7864 8007 9312
7934 8937 8913
8568 7825 9115
9113 7799 8881
8970 7678 8981
7020 8320 9512
7028 7873 9633
7666 9225 8871
7146 8302 9513
8271 7802 9259
8750 7744 9043
8769 8090 8902
8946 7623 9018
9135 7970 8699
9271 8977 7867
9119 7603 8884
9853 8086 7389
7239 8653 9357
7548 9114 8943
7462 9054 9039
7565 9986 7443
7799 9398 8687
8029 9845 7604
8569 9557 7851
8774 8299 8756
8976 7947 8827
9210 8560 8287
9436 8433 8092
7564 9768 8141
7772 9620 8293
8279 9019 8661
8706 9318 8021
9481 7955 8414
9345 8667 8014
7354 10005 7427
7479 8889 9091
8366 7664 9196
8588 8988 8498
9116 9046 8023
9114 9289 7646
9628 8576 7725
9790 8454 7467
7528 9333 8815
7763 7798 9405
7568 8774 9115
7814 8656 9085
8047 8637 9035
8453 7463 9278
8562 9578 7791
8903 7745 9010
9469 8609 8049
7185 8661 9389
7497 9250 8885
8457 9004 8627
8865 8685 8490
9032 8347 8555
9179 7905 8759
9913 7748 7459
8108 9686 8014
8276 7913 9253
8621 7737 9078
8767 9244 8209
8402 8684 8870
9373 8199 8458
9320 8744 8135
9334 9054 7690
9554 8399 7997
9546 8778 7674
8283 9249 8363
8587 8919 8544
9069 9302 7758
7676 9923 7692
8361 8223 9020
8405 9139 8422
8695 8704 8563
9166 7925 8728
9687 7713 8170
7149 7968 9575
7528 9101 8950
7783 9215 8735
7567 8735 9205
7672 9830 7888
7908 7932 9360
8007 9829 7745
8410 8233 9003
8669 7496 9232
8794 7678 9103
9080 7835 8899
7030 7712 9697
7837 9501 8512
7804 9018 8892
7984 9245 8710
8810 8907 8369
9446 8430 8075
7230 8597 9383
6936 7533 9717
7273 7354 9649
8221 9754 7709
8461 9674 7676
9092 8690 8343
9254 9192 7618
7519 9806 8072
7447 9906 7801
7265 8325 9425
7814 9910 7607
8566 9160 8313
8829 9082 8218
8658 7539 9188
9927 7496 7457
9827 8293 7466
7637 8789 9076
8202 9503 8203
8373 7439 9319
8437 9694 7801
8819 8882 8371
8409 9339 8281
9168 7760 8841
7415 9914 7816
7326 9976 7580
7659 7410 9547
7667 9762 8167
8659 8787 8520
8964 7702 8982
8998 8417 8527
9726 8621 7481
7596 9369 8761
7105 8420 9475
7514 8843 9082
8057 9385 8571
8502 9604 7826
8857 8946 8353
9149 9250 7676
9467 8690 7855
9459 7785 8541
6995 7882 9640
7938 7926 9315
8000 7676 9350
8206 9108 8577
7965 7218 9483
8686 8199 8914
8870 9092 8125
8910 9415 7630
8801 8961 8309
8805 9261 8088
9384 8855 7943
7200 7333 9710
7285 8113 9518
7464 8822 9224
7907 9449 8521
8600 8593 8743
8411 9230 8395
8254 9776 7588
8845 7495 9098
7093 8189 9559
8680 8060 9053
8681 8759 8523
9554 8375 8053
7390 7295 9638
7219 7756 9587
7760 7333 9569
7602 8734 9214
7753 9271 8764
8695 8698 8643
8528 7479 9251
9200 7815 8779
9725 8595 7540
7273 8631 9349
7565 9433 8715
7834 8958 8901
7799 8600 9126
8003 9463 8483
7692 9726 8181
8312 9369 8323
8733 8009 8989
9136 8756 8204
9339 9009 7689
9038 9303 7815
9495 7916 8460
9696 7947 8062
9876 7762 7636
7611 9510 8591
7587 9329 8819
7799 9463 8548
8332 8790 8807
9081 9260 7792
9633 7953 8202
9621 7838 8268
9870 7669 7691
7194 8366 9474
8054 8999 8778
8210 9096 8613
8517 8925 8570
8716 9139 8308
9035 9355 7647
9427 8586 8111
9431 8883 7664
7424 8890 9167
7445 9018 9068
7794 9691 8125
7897 8743 9042
7929 9891 7498
8753 9258 8140
8651 9420 7956
8559 7389 9252
8674 9575 7760
9300 7712 8716
9342 9098 7598
7630 9376 8737
7323 10012 7375
7672 7367 9606
7917 7579 9420
7629 8688 9115
8148 9800 7726
8396 9710 7660
8551 7376 9264
8708 7866 9028
7379 9983 7549
7780 9445 8645
7942 8112 9254
8449 9680 7891
9255 7744 8751
9719 8365 7645
7453 9189 8921
7221 8919 9145
7671 9930 7529
8114 7682 9295
8230 8292 9121
8386 9475 8108
8453 7336 9303
8768 8983 8378
8868 9296 7872
6937 7381 9731
7500 7537 9552
8130 7377 9442
8932 9184 8110
8810 9492 7775
9769 7681 7963
7302 10016 7363
8008 7401 9464
8444 8753 8792
8673 9073 8466
8386 9634 7907
8597 9558 7780
9186 7734 8856
9482 8941 7622
9479 8674 7788
7320 9958 7592
7300 10009 7494
9540 8543 7736
9828 8217 7524
7984 9298 8553
7551 8053 9405
7561 10000 7302
7471 9961 7491
7329 9994 7459
8650 7780 9028
9716 8187 7689
9549 8637 7657
7535 9990 7329
9851 8182 7421
9597 8564 7665
8685 9511 7716
8607 9558 7727
8752 9489 7762
7373 10009 7441
8511 7848 9122
8697 9551 7673
9385 8752 7841
9507 8691 7690
7604 7589 9505
7890 9903 7459
9159 7806 8711
9518 8352 8024
7632 9665 8275
9137 7856 8735
9224 7767 8706
8627 9350 8061
8733 9499 7778
9202 8762 8115
7269 10026 7314
7692 9962 7446
7590 9449 8635
7387 9937 7716
7614 9982 7312
7798 9936 7383
9057 9232 7827
9761 7908 7858
8930 9365 7775
6974 7523 9754
8899 9372 7803
7422 9963 7542
8131 9130 8596
9742 8488 7539
9052 9273 7576
9740 7781 7974
9825 7769 7808
8006 9865 7411
9484 8593 7924
9595 7973 8023
7127 7386 9722
9370 8973 7640
9216 9139 7680
9578 7832 8212
8280 7605 9291
8609 8231 8941
9093 8029 8672
7226 10030 7260
9887 7990 7297
8611 9542 7847
8755 7885 8985
8676 9510 7798
8033 9263 8552
7845 8064 9311
8167 9747 7725
9225 9163 7660
8047 9850 7632
9299 8738 8161
9261 9035 7763
6998 7475 9743
9126 9209 7736
7723 9953 7484
7219 8534 9354
8354 9491 8169
9274 7837 8647
9942 7760 7280
9910 7851 7349
8855 9441 7677
9933 7802 7317
7431 8454 9350
9459 7744 8479
7169 10047 7169
8218 9794 7485
7627 9425 8676
9371 7761 8627
9242 9068 7715
8342 7606 9241
9185 9127 7738
9332 8744 8082
9290 7868 8604
8779 9149 8162
9351 7829 8604
9414 8094 8453
8661 7925 8980
9393 8128 8478
9488 8550 7907
9064 9208 7832
7866 9814 7819
7036 7822 9659
9802 7805 7942
9519 8623 7898
7688 9958 7494
8502 7876 9099
9844 7769 7753
9361 8152 8483
9433 8113 8401
9676 7846 8040
7015 7568 9741
9496 8216 8276
9487 8624 7854
9801 7875 7902
7474 8058 9446
8726 9476 7783
9181 8720 8185
9475 8765 7731
9740 8110 7717
8545 9619 7708
9279 8739 8104
7227 7539 9654
7473 7423 9626
8984 9344 7701
9302 7817 8624
9496 7933 8354
9632 7859 8210
9226 8184 8598
8344 9756 7679
8851 7522 9066
9924 7751 7327
7755 9845 7895
8831 9475 7745
9741 7720 7971
7756 8288 9258
8949 7892 8784
7568 9946 7693
9148 9170 7754
9330 9066 7571
9646 7813 8173
7662 9885 7844
7502 7691 9548
8304 7490 9342
8377 9274 8462
8686 9007 8525
8766 9504 7589
9558 8484 7820
9382 8910 7675
9674 7873 8066
9658 7894 8149
8715 7749 9028
9656 8347 7626
7523 7646 9542
9799 8320 7486
8924 7642 9027
9185 9135 7720
7633 9448 8645
7300 7633 9582
8642 9578 7707
7940 9657 8121
8451 9460 8235
8902 8477 8631
7733 7143 9572
8680 9550 7787
8909 9243 7926
9543 8113 8127
8277 7468 9350
7933 7455 9467
7858 9928 7443
8933 9361 7684
7488 9861 8024
7884 9896 7498
9243 8067 8574
9548 8730 7678
7652 9557 8479
7267 8279 9497
7297 10011 7421
7585 9426 8691
7550 9920 7713
7820 9820 7885
7893 9897 7383
9397 7812 8536
9502 7983 8280
9915 7793 7418
8228 9376 8359
8452 9322 8216
9468 8253 8229
7887 9903 7466
9606 8731 7516
9099 8188 8588
9457 8090 8361
9748 8327 7571
8456 9434 8194
7631 9415 8705
8438 9058 8710
8442 9474 8108
9089 8069 8683
9497 7839 8424
7620 9979 7441
7270 10029 7265
7769 7590 9476
7941 9406 8521
7097 10047 7200
8658 9396 8041
7557 7584 9532
9435 8514 8201
8104 9312 8523
7752 9382 8756
8303 8985 8781
9415 8665 8095
9134 8561 8374
9569 8632 7668
6966 7570 9727
7323 10028 7292
9451 8636 7867
7732 9873 7741
8231 7473 9347
9255 8756 8082
9407 7856 8517
9417 8593 7994
9452 7920 8399
8871 9113 8186
7516 9451 8640
9127 7563 8849
9379 7918 8509
7373 7593 9569
8068 9558 8227
8576 9597 7742
9114 8843 8140
9197 9211 7712
7532 9851 7976
8606 9397 7968
9430 8542 8085
7839 8864 8967
9125 8026 8686
8955 7656 8959
9447 8522 8010
8163 9801 7447
8715 9072 8479
9466 7580 8530
8696 9029 8482
7934 8768 9085
9125 9131 7806
7191 8143 9518
7959 9307 8593
9210 9175 7682
8375 9421 8302
9832 8207 7339
9834 8194 7485
7454 9986 7509
9354 8733 7997
9345 7879 8519
9692 8322 7603
8155 9426 8277
7851 9787 7896
9440 8263 8229
9177 9140 7728
9195 8914 7984
7531 9835 8002
7190 7431 9683
7422 9245 8907
7791 7567 9467
8111 8844 8848
8281 9357 8415
8625 9576 7713
9191 8776 8132
9301 7856 8548
9935 7828 7258
7530 9520 8581
7595 8487 9327
9226 8829 8109
7555 9988 7318
8946 9081 8009
9354 8871 7969
9436 7936 8379
7036 7456 9733
8523 8918 8724
9551 8055 8233
9607 8708 7641
7735 7454 9527
9083 8083 8673
9172 8420 8494
9209 9092 7863
9541 8487 7820
7653 9195 8887
9686 7974 7990
7897 9473 8505
7454 7352 9639
7828 9396 8550
7428 8071 9502
7422 7894 9563
8485 9025 8552
7407 9733 8261
7200 7753 9636
7692 8132 9385
7722 9780 7967
8154 8688 8995
9255 9006 7858
7427 9810 8090
8049 9328 8464
8400 8343 8996
9864 7817 7596
7550 9650 8345
7989 9826 7775
7999 7567 9374
7945 8571 9132
8359 9061 8705
9141 8474 8484
6961 7609 9733
7479 9698 8361
7551 9587 8468
9284 8790 8067
7341 7614 9594
8150 9408 8429
8666 9508 7853
7591 9493 8585
9124 8877 8129
8972 7639 8972
9393 7815 8603
7713 9390 8690
9243 8708 8371
7063 8466 9469
8362 9059 8669
8651 7644 9152
9189 8073 8599
7503 9452 8630
8703 9127 8425
8686 9403 7958
9171 8970 8041
9739 8113 7767
7593 9390 8749
7785 7232 9560
8790 9443 7849
8867 8225 8760
9183 8878 8040
9126 7553 8892
9474 8630 7802
9457 7604 8511
7020 7917 9638
7568 7294 9621
8311 7998 9202
9916 7872 7299
7205 8804 9268
7856 7586 9412
8514 8338 8893
9807 8113 7541
7572 7776 9500
8967 8041 8754
9162 8014 8702
7497 8201 9374
8394 7403 9300
9024 7666 8897
9576 7868 8243
9892 7911 7322
7800 7459 9514
7413 7753 9565
8522 9440 8164
8789 7600 9046
9302 8364 8334
9427 8748 7925
7337 10019 7361
8136 9603 8003
8496 9612 7853
8906 7848 8858
9356 9026 7625
7125 7456 9724
8019 9864 7359
8652 7620 9137
8379 7958 9148
9274 9044 7759
7268 7828 9583
7979 9878 7372
7513 7258 9626
7680 7435 9557
9041 9290 7735
9644 7744 8243
8900 7727 9023
8493 7951 9097
8829 7941 8898
9256 8740 8141
7299 8238 9485
7757 7978 9413
8086 9193 8590
8406 7526 9264
7403 9645 8413
8350 8954 8726
8880 8477 8675
9140 7625 8830
9456 7673 8504
8655 9152 8360
9136 8988 8011
7805 9824 7817
8376 7545 9305
9070 8861 8368
9475 8055 8356
7142 7728 9637
8445 7872 9101
8382 9328 8318
8737 8860 8552
9257 8285 8515
6962 8053 9604
9602 8711 7592
9677 7825 8063
7429 9754 8191
8148 9474 8237
9044 8347 8614
9613 8719 7542
7477 10024 7276
8327 9377 8323
8987 9057 8162
8711 9511 7683
7889 9375 8761
7452 8072 9444
8528 8745 8796
8037 7800 9336
7888 9627 8145
7281 7755 9579
9087 8712 8476
9206 9042 7940
7847 9578 8331
7981 9876 7563
8341 8992 8759
7770 8252 9253
8542 7683 9161
9440 8959 7538
7333 9073 9045
8336 9573 8137
9090 7888 8833
7436 8042 9451
7662 9188 8829
7754 9776 8172
7473 7990 9527
8372 7991 9095
8878 8475 8693
7474 9992 7389
7853 9821 7798
7927 9884 7513
7848 7656 9429
8195 9293 8433
7651 9631 8363
7261 7301 9691
7762 7513 9490
8377 9657 7856
8590 9154 8467
9874 7868 7526
8037 7352 9470
8119 7550 9416
8365 8913 8778
7237 8045 9572
7364 8230 9449
7818 9110 8785
8134 9219 8519
8762 9499 7667
9702 7818 8023
7606 9885 7859
7451 7591 9592
7731 9854 7759
9733 7936 7901
7208 7353 9701
8069 9857 7452
8732 8876 8532
9468 8632 7893
7308 7515 9662
7722 9890 7674
8444 9217 8453
8493 9520 7986
9803 7883 7827
7479 9456 8666
7167 7532 9715
9850 7754 7754
7534 9664 8385
7637 9819 7961
7892 9885 7608
7487 8559 9249
9364 8770 7950
9280 9025 7718
9383 7615 8618
7029 7506 9735
8277 7606 9280
9936 7697 7295
7228 8476 9410
7415 9751 8202
7839 8390 9184
9365 8221 8458
8776 7891 8943
9228 7734 8742
7454 9600 8465
7266 7657 9634
8604 9498 7900
9160 8842 8120
9328 8734 8134
7204 8628 9386
7138 8421 9496
7421 8982 9128
8437 9581 7871
7572 9849 7947
7875 9550 8364
8768 8962 8467
9118 9268 7783
9001 9217 7848
6901 7919 9666
8504 9547 7928
8956 9052 8211
7329 8050 9510
7448 9741 8201
8108 9514 8327
8589 9408 7948
8573 9278 8367
9424 7964 8478
7910 9415 8547
7681 9934 7604
8566 9586 7853
8905 8465 8684
7724 9609 8288
8864 9438 7670
9065 7755 8878
8976 8158 8711
7153 8792 9282
9401 7735 8555
7758 7607 9465
8115 9185 8659
9857 7827 7615
7094 7549 9725
7429 8776 9213
7786 9508 8481
7887 9706 8116
7818 9128 8765
7796 9913 7527
9610 8169 8020
7725 9449 8583
7509 9545 8525
7838 7190 9561
8557 9354 8089
8741 9432 7867
8983 9332 7721
8586 7688 9155
9375 8643 8276
9209 9178 7685
9732 7791 7980
9861 7766 7747
9175 9111 7854
9884 7767 7644
7583 9691 8265
7556 9814 8076
7225 7572 9655
7305 10033 7241
7372 8530 9359
8933 9200 7974
9285 8178 8548
9147 9259 7730
9776 7718 7959
7512 7359 9617
9910 7838 7351
7014 7445 9744
7596 8316 9334
7971 8845 8971
8234 7310 9372
9378 8374 8276
7497 9096 9027
7423 7143 9640
8455 7634 9204
9420 7855 8479
7396 9537 8550
6942 8075 9624
9393 8967 7673
9603 8614 7642
9906 7923 7296
7975 9851 7738
8825 9366 7850
9257 8015 8630
9323 8131 8499
9636 7900 8029
6989 8020 9615
7510 9914 7814
7678 7998 9414
8468 7849 9133
8203 9145 8595
7782 8313 9230
8003 7676 9340
8841 9448 7626
9070 7568 8936
9489 8335 8226
9887 7767 7480
7308 8844 9210
7329 10014 7389
8573 8335 8893
8930 9238 8099
9338 8126 8533
7140 8540 9432
7580 9797 8137
9212 8028 8606
8050 9789 7766
8291 7615 9248
8694 9501 7769
9091 8997 8182
8937 9363 7648
7904 8636 9089
8212 7425 9367
8575 9613 7709
9258 8545 8346
9738 7690 7985
7827 8646 9126
9734 8317 7575
7611 9745 8191
8714 9430 7882
7655 9899 7649
8165 7629 9364
9362 7690 8647
9886 7844 7403
7140 8261 9532
7579 9654 8325
7185 8431 9467
7407 9020 9064
8065 8287 9129
8041 9709 8051
8882 9387 7724
9438 7822 8457
7540 9661 8403
6973 7933 9636
8367 7922 9158
9169 8015 8647
9236 7760 8722
7313 9965 7650
8803 9400 7797
8998 9208 7889
9379 8758 7937
9666 7677 8182
9301 8023 8547
7610 9395 8746
7210 10043 7334
7267 7632 9652
7484 8031 9484
7800 8951 9013
7360 8907 9167
6856 7722 9711
7069 8707 9347
9527 8547 7746
9700 8600 7536
7078 8226 9560
7773 9703 8175
7868 7440 9497
8464 9670 7603
7693 8937 9154
8927 8001 8767
9045 9295 7676
9583 7861 8194
9730 8142 7616
7185 8351 9507
7518 8399 9334
9318 8250 8462
8586 9568 7760
8989 9251 7841
9673 7877 8113
8027 7431 9436
7773 9943 7392
8184 9576 7997
8983 9168 7913
9308 7609 8702
9746 7956 7897
7053 8487 9463
9380 8577 8258
9087 8115 8666
7602 9901 7910
7909 7949 9338
8762 9308 8247
9237 8301 8535
9894 7780 7478
7559 9706 8316
7082 8220 9555
7402 8121 9473
8105 8828 8932
9388 7873 8497
8863 9423 7693
9695 7795 8086
7383 9991 7391
7804 8145 9284
8619 8159 9052
7700 9788 8024
7357 8693 9267
7233 7459 9665
8287 9171 8531
8990 7587 8991
9120 7878 8728
9666 8663 7575
7382 8532 9331
7935 9880 7573
8404 7596 9296
8648 8019 8999
9701 7760 8060
7133 8121 9591
7985 8406 9182
8367 8796 8800
9419 8838 7840
9731 7800 8015
7299 10042 7255
7567 8031 9408
7837 7601 9436
8223 7805 9215
8997 8799 8530
8277 7563 9315
9334 7736 8674
7813 7473 9503
9187 8245 8575
9534 8404 7939
9585 8725 7554
7471 9954 7707
7341 8002 9513
7971 7630 9366
8779 7523 9083
7405 7431 9637
8040 7331 9459
8175 7541 9351
8733 9508 7661
9399 8426 8259
9948 7740 7137
7684 7559 9509
8162 9765 7964
8404 9433 8260
8256 9791 7590
9275 8434 8476
8672 9563 7678
9894 7605 7488
7286 8745 9251
7690 9294 8799
8303 8061 9188
7486 8376 9374
8241 9677 7886
9042 7941 8736
8921 7697 9003
9460 8176 8302
7631 9884 7885
8295 8857 8785
8314 9099 8520
7243 8491 9367
8225 7550 9325
8398 8248 9031
7748 9947 7402
9860 8065 7416
7213 8533 9450
8918 8403 8665
9590 7929 8101
7999 8238 9264
8519 8289 8990
8585 9493 8065
9157 8456 8481
9245 9120 7643
7637 8435 9282
9395 8890 7652
9602 8538 7700
9731 8506 7500
9697 7810 8046
9946 7723 7144
7698 7699 9502
9267 8996 7836
8698 9554 7647
9093 9025 7972
9004 7718 8880
7617 7342 9589
8514 9294 8288
8719 9516 7533
7476 8802 9206
8267 8044 9210
7419 9178 8959
7344 8677 9271
7547 8654 9213
8895 8613 8620
7770 9912 7569
8671 8912 8538
9071 8297 8652
8631 9597 7664
7293 8712 9282
8177 7887 9233
8389 7826 9171
9191 9093 7822
9450 8953 7468
7494 9471 8629
7597 7742 9447
7717 9798 8020
7920 7654 9378
8514 8844 8794
8509 9240 8429
8549 9515 7941
8506 8037 9083
8434 8854 8756
9169 8818 8179
9353 8046 8489
9274 8935 7873
9892 7802 7397
7296 8885 9177
7635 9643 8390
7960 9142 8725
9174 7603 8831
7676 9803 8004
7378 7413 9658
7608 9782 8097
7604 9965 7487
7789 9918 7553
7783 8022 9337
7285 8563 9328
8440 9697 7610
8833 7530 9076
9152 9165 7783
7226 8770 9304
7415 9617 8476
8655 8745 8755
9117 8383 8495
9336 8104 8542
7554 9845 7956
9048 9309 7643
9202 7586 8835
9945 7857 7240
7147 8581 9401
7391 8830 9215
8365 7996 9138
9261 7687 8731
9489 7664 8505
9872 7848 7562
7299 8977 9158
7256 8063 9528
7859 9902 7590
7987 8726 9063
8317 9522 8151
9354 7691 8668
9562 7890 8322
7296 8186 9503
7781 9385 8624
8773 9068 8287
9702 8153 7692
8348 9753 7593
8586 8310 8921
9080 8367 8511
7459 8670 9323
8396 8668 8950
8505 7836 9129
9124 8584 8477
9180 8923 8000
9308 8555 8288
9394 9011 7588
9163 8768 8184
9672 7893 8158
7487 7496 9623
7695 9933 7520
8159 7350 9406
8337 8769 8930
7887 9867 7616
9110 8133 8639
7444 9592 8466
7468 9827 8060
7612 9525 8576
7699 8893 9133
7744 7453 9521
8810 8342 8761
9080 9137 7787
7641 9687 8273
9037 9311 7772
8708 9503 7754
8913 7643 9036
7823 9626 8233
7727 8807 9096
8006 7407 9501
8480 9654 7714
7721 9734 8251
8507 8601 8890
8142 9828 7744
9162 9177 7716
9501 8163 8256
9761 8008 7830
7552 9285 8863
7085 7983 9596
8165 9702 7753
8311 9636 7880
8465 7462 9250
8853 7800 9020
9248 7683 8745
7220 8483 9430
8767 8617 8780
8672 8902 8629
9581 7960 8183
7206 8787 9272
7596 8601 9230
8085 9830 7401
8944 9137 8075
9324 7700 8692
7199 7427 9684
8868 8214 8859
8905 9338 7829
9458 7801 8503
9195 8840 8048
9181 7635 8824
7247 8725 9288
7595 9536 8550
8711 9344 8042
9000 7647 8930
9250 8989 7935
9618 7762 8272
9575 7853 8285
7148 7871 9625
7027 7791 9663
7190 10014 7439
9052 9025 8002
9640 7750 8241
9679 8334 7625
7844 7468 9474
8540 7422 9236
8643 7814 9128
7148 7344 9716
8859 8868 8510
9598 8475 7748
9409 7652 8592
9755 8108 7760
7608 9014 9035
7613 8845 9205
7908 9887 7472
8237 7305 9375
8728 9272 8266
8490 8316 8936
9584 8156 8126
9779 8396 7495
8166 7601 9302
8141 7428 9402
8402 9575 7888
8588 9339 8115
8488 7329 9251
7795 9658 8225
7630 7440 9583
7778 8891 9048
8112 9580 8149
9282 8381 8466
9202 9132 7732
9871 8180 7387
7075 7748 9702
8728 9011 8506
8702 7598 9124
9522 8076 8137
7258 8591 9341
8443 9267 8516
8742 7556 9123
9030 9128 7879
8143 8065 9215
8844 8837 8520
9901 7967 7314
7009 7939 9626
8539 9229 8446
8459 7368 9267
9120 8638 8473
9838 7810 7647
7154 7568 9674
7567 7565 9560
8236 7388 9362
8231 8878 8807
8453 8680 8920
9011 7617 8951
9438 8303 8241
9397 8122 8413
7688 9352 8771
7973 8730 9042
8959 9017 8178
9054 7577 8927
9271 7906 8601
9638 7884 8189
7248 8741 9267
7864 8132 9308
7533 8695 9207
9024 9321 7801
9500 8686 7719
7649 9572 8508
7624 9838 7921
7401 9961 7569
7497 8054 9426
8012 9316 8538
8387 9660 7701
9258 7682 8756
7226 8706 9323
7370 9211 8952
7743 7583 9498
9041 8844 8510
9073 8160 8645
6893 7686 9713
7570 9902 7889
7693 8416 9217
7654 7546 9568
8697 9535 7685
8612 7540 9199
8966 9346 7796
9324 7620 8697
7471 8957 9136
8333 8315 9067
8196 7822 9262
8528 9667 7589
8554 9621 7688
9655 8355 7945
7913 7581 9406
8530 9448 8139
8461 7662 9168
9021 7607 8968
9690 8267 7745
9436 8961 7506
7287 8739 9258
7920 9781 7934
8286 7758 9211
8153 8751 8944
8374 9697 7771
8682 7600 9162
9296 7883 8551
7440 9009 9078
7687 9835 7959
7604 7439 9611
7769 8337 9192
8171 7437 9390
8016 7526 9441
9838 7771 7695
9716 7821 8013
7550 9810 8087
7886 7411 9499
7897 7799 9348
8367 9037 8719
8393 7543 9341
8885 9271 7909
9289 8769 8048
7490 9296 8888
7600 9721 8254
7874 9497 8433
8082 9649 8118
8569 9098 8523
8815 9436 7784
9131 8497 8469
9117 7646 8912
9856 7927 7458
7260 7466 9664
7386 7287 9651
7648 9201 8885
9484 8750 7687
7673 9718 8264
7012 7952 9617
7139 8583 9415
7887 8486 9178
7005 8643 9367
7590 9538 8514
7934 8845 9024
8225 8275 9131
8714 8305 8798
8649 9000 8674
8014 9315 8509
7587 9839 7946
8522 7567 9247
8530 7546 9229
8901 7679 9033
9896 7981 7263
7123 8335 9551
7162 7855 9587
7052 7481 9731
7474 7618 9561
8955 9063 8171
9240 7704 8802
7540 9843 7984
7207 8707 9316
7630 9907 7685
7623 7257 9594
7725 8739 9193
8187 9108 8703
7866 9633 8131
8275 9210 8566
8593 8222 8983
9284 7549 8732
9566 7733 8369
7162 8380 9506
7154 7713 9661
7991 8683 9001
8956 8856 8483
8827 7598 9042
9149 7898 8709
9882 7968 7317
7681 9653 8284
7542 7636 9521
9832 7899 7766
7223 8776 9274
7556 8517 9324
8482 7457 9257
8926 8363 8623
8779 9485 7674
9353 9059 7576
9766 8460 7487
9689 8594 7568
7095 7778 9699
8385 8967 8722
8365 8422 9055
8879 8583 8646
9276 7870 8639
9303 7664 8720
9528 8835 7523
7237 7524 9664
8375 9742 7652
8720 8809 8734
8721 9515 7569
9079 8424 8492
9001 7745 8926
9649 8362 7674
7474 8973 9086
7343 7404 9669
7858 7386 9509
7661 7255 9585
7826 7525 9477
8025 7490 9453
9506 8169 8200
7647 8575 9212
7287 8017 9532
7864 8613 9109
7400 10001 7337
8796 8793 8534
8960 9347 7769
7476 9713 8291
7831 8815 9050
8643 8204 8918
8522 9138 8509
8107 9655 7984
8894 8500 8644
8868 9422 7732
9407 7703 8605
9407 8985 7508
7237 8103 9536
8511 9292 8300
9432 8963 7510
7149 7892 9619
7125 8407 9516
7312 10006 7551
7274 8722 9268
8921 8874 8424
9712 8264 7598
7148 8640 9384
7719 8882 9101
7387 7275 9654
7549 7962 9417
8017 8677 9008
9255 9087 7709
9386 8674 8178
9837 7858 7683
7177 8214 9581
7594 9338 8846
7272 8906 9208
9559 8047 8144
7370 9744 8220
7591 7876 9476
7875 7466 9461
8326 8707 8973
8490 9355 8183
8579 7473 9208
8993 9310 7822
9456 8403 8045
9299 8833 7999
9783 8237 7581
7130 8233 9537
7290 10016 7429
7409 8740 9257
9107 8949 8241
7744 8433 9205
8671 8271 8876
9262 8720 8176
9835 8172 7459
7292 8490 9382
7591 9948 7577
7932 9308 8591
7804 7308 9558
7992 7602 9396
8704 9515 7608
8608 7611 9161
9948 7656 7161
7536 8952 9085
8667 9352 8041
8657 9552 7694
7049 8151 9603
7180 8197 9582
6985 7853 9662
7084 8642 9390
7899 7340 9521
7995 8803 8998
7802 9932 7498
8401 9064 8584
8872 8863 8475
9052 8659 8555
9333 8976 7710
9473 8905 7451
7194 8635 9331
8411 8794 8922
9282 7759 8729
7181 8569 9425
7179 8870 9220
8068 9417 8391
8241 8375 9124
8477 9030 8671
8172 7528 9363
8602 8431 8881
7492 9359 8767
7174 7546 9686
8774 8270 8787
9539 8575 7735
9716 7878 7920
8314 9353 8405
8642 9208 8415
8630 7556 9171
8837 9332 7969
8958 7797 8937
9584 7707 8368
9932 7788 7323
7243 8775 9276
7953 9226 8741
8238 7630 9252
9169 8896 8099
9026 7555 8958
9561 8811 7526
9637 7779 8250
9740 8489 7530
8121 7569 9367
8823 9278 8071
8598 9559 7878
9163 8446 8481
8843 9444 7760
8826 7572 9061
9344 8929 7781
7667 9139 8961
8148 8552 9093
7868 8955 8940
8273 9659 7841
8790 8333 8773
8865 9041 8270
9265 7915 8636
9460 8927 7530
9905 7577 7514
9927 7647 7395
8207 7277 9392
8568 8760 8789
7302 8854 9224
7820 9420 8530
8415 8320 8925
8692 9072 8487
9259 7992 8662
9177 9114 7781
7149 8392 9493
7768 9164 8851
7816 8511 9178
8166 7296 9406
8819 9129 8246
8846 9448 7618
9570 8787 7633
9833 7847 7800
7211 8560 9397
7500 9868 7975
8422 9684 7627
8908 8250 8680
7385 9059 9095
7976 9406 8470
8344 9604 7975
8936 8378 8603
8807 9463 7770
9524 8675 7698
7108 8727 9325
7680 8947 9097
7495 9951 7675
8319 7971 9197
8942 8918 8342
9837 8196 7344
7068 7366 9735
7181 7447 9670
8494 7880 9096
9465 8909 7539
7165 8653 9365
7289 10020 7412
8048 8895 8858
8643 7998 9025
9061 8488 8582
7543 9014 9059
8099 7550 9418
8174 9256 8518
8994 7644 8959
9361 7994 8517
9545 8409 7881
8039 9049 8920
8423 7481 9296
8734 7707 9096
8817 9455 7782
8926 7686 8939
9464 8746 7776
9617 7926 8021
7022 7785 9670
7433 8087 9443
7812 9744 8033
7916 8785 9080
8193 7879 9251
8631 8713 8862
8227 8949 8827
8517 8849 8737
8484 8756 8812
9485 7902 8442
7311 9974 7591
7239 8717 9292
7830 7712 9372
8219 7529 9361
9031 9040 7948
8593 9563 7768
9518 8166 8113
9735 7793 7950
9684 8473 7598
7678 7498 9580
8507 8251 9013
8407 9102 8518
9540 7808 8448
9543 7726 8397
9566 8769 7637
7479 7581 9567
7265 8007 9551
7520 8762 9206
7956 9770 7849
8413 9695 7695
8562 9622 7687
9309 7598 8702
9443 8959 7524
7619 9445 8666
7659 8901 9161
7346 8456 9442
8112 9389 8452
9462 8842 7809
9720 8521 7538
9885 8094 7309
7087 8109 9593
7797 9590 8456
7772 7483 9480
8822 9253 8136
8435 7486 9288
8867 7915 8902
9053 8131 8706
8721 7566 9123
9499 8887 7583
9627 7895 8111
9823 7941 7601
7159 8249 9529
7196 8569 9399
7164 8804 9275
7467 9722 8293
8008 9290 8600
7479 8279 9404
7748 9941 7448
8724 7512 9149
9049 8344 8632
9279 7659 8759
9536 7845 8396
9728 8212 7617
9795 7862 7942
7258 8908 9180
7785 9163 8830
7437 10025 7326
7613 7344 9605
7839 7197 9538
8477 8746 8842
8648 8698 8774
9326 9119 7699
9671 8622 7548
7194 8318 9456
7720 9491 8621
8838 8146 8878
9184 9110 7782
8832 7469 9078
9402 8289 8408
9812 7797 7906
7410 9928 7760
8878 8731 8629
8765 9489 7714
7816 7867 9441
7843 8654 9122
7747 9247 8764
8174 8950 8810
8745 9148 8367
8328 9716 7686
9382 8129 8423
9265 7758 8730
9588 7826 8349
7334 8971 9172
8366 8178 9073
8540 9650 7582
8861 7734 8991
8743 8855 8686
9241 9182 7655
9490 8339 8037
9295 7737 8729
9784 7962 7836
6963 7426 9758
7555 9024 9013
7510 8760 9242
7259 7361 9687
7883 9650 8129
7360 7368 9671
8185 9121 8658
8418 7679 9203
8458 7490 9256
8983 8345 8629
9180 9100 7911
9217 7784 8819
7388 8991 9098
7429 8065 9454
8418 8766 8863
8866 9417 7737
9776 8019 7632
9874 8088 7389
7310 8081 9477
7966 8228 9273
8148 7405 9412
8630 8033 8998
8755 8939 8507
8728 9335 7904
9125 8881 8124
8979 7725 8928
8888 9415 7699
9353 8764 8018
9509 8788 7629
7417 7363 9633
8010 8889 8926
7452 9553 8509
8432 9467 8212
8400 9736 7666
9303 8967 7716
9464 7835 8448
9774 8090 7660
7706 9427 8641
7899 9734 8068
7253 10045 7226
7779 8563 9139
8031 9181 8720
8487 7437 9262
8745 8714 8670
8459 7519 9255
9300 8401 8450
9520 7910 8372
9310 7768 8675
9364 9002 7596
9715 7648 8108
7065 8433 9493
7716 7280 9575
8119 9282 8547
7863 9878 7643
8083 7333 9434
9169 9122 7813
9461 8924 7604
7543 9871 7946
7088 7921 9633
7059 8635 9398
8179 9474 8219
7755 9705 8227
8512 9666 7694
8802 8757 8642
8940 7823 8838
9370 7679 8640
9572 7793 8364
7732 9466 8579
7296 7570 9645
7440 7748 9532
8249 8445 9019
8670 9081 8491
8979 8877 8395
8524 7467 9232
8745 7405 9104
7554 9171 9005
7663 9812 8057
8041 9351 8494
8151 7302 9409
8678 7750 9092
8769 7984 8950
8656 8065 8910
9066 7913 8737
7649 9633 8431
7108 8656 9361
7754 7390 9558
8226 8648 9012
8631 8011 9067
8777 7485 9101
8757 7881 8956
9505 8878 7653
9734 7723 7979
9688 7821 8169
8712 9470 7917
9072 8803 8441
8967 7714 8933
9495 8743 7770
9657 8664 7546
7393 7502 9638
8280 9779 7681
9171 8812 8160
9526 8322 8026
9671 7949 8006
7133 8586 9391
7392 8869 9200
7330 7366 9674
7801 7547 9455
8370 7757 9198
8306 8539 9011
8482 8723 8829
8470 9561 8023
8760 9317 8083
9162 8820 8168
9087 7687 8875
9820 7811 7808
9731 7785 8037
7536 9012 9066
7352 9070 9060
7607 8437 9320
7804 9379 8563
7494 7338 9623
8403 9567 7919
8486 8078 9092
8667 9503 7814
9180 7997 8653
9427 8356 8388
7657 9192 8848
8232 7420 9391
8659 8630 8741
9122 9133 7818
9646 8553 7643
7258 8764 9264
8056 9065 8744
9563 7989 8188
9822 8288 7524
7248 8264 9499
7651 9964 7459
8017 9182 8713
8760 7558 9102
9162 9109 7857
9474 7700 8488
7424 9813 8086
7922 9243 8617
8169 8956 8813
8359 8711 8972
8911 9039 8450
8856 7871 9000
8925 7568 9014
9441 8376 8050
9796 8384 7562
9867 7816 7601
7627 9242 8920
8511 9007 8686
7953 9861 7658
7580 9166 8997
7650 9318 8829
8325 9761 7651
9217 8879 8015
9202 9065 7928
9312 7762 8609
7556 9836 7985
8173 8643 9014
7701 9163 8852
8147 7983 9318
7876 9887 7516
8235 7747 9291
8725 9266 8280
8620 8072 8961
8632 7528 9163
9185 8541 8460
8783 7642 9058
8628 7554 9172
9696 7688 8064
7402 8823 9243
7819 9810 7959
8202 9571 8207
9099 7659 8864
7662 9010 9054
8048 7352 9443
8535 8836 8718
9158 8988 8000
9446 8185 8321
9383 9019 7453
7137 7891 9655
8470 8792 8849
8186 8683 8999
8601 7838 9114
8624 8863 8689
9696 8590 7595
7621 9320 8783
8289 8101 9151
8980 8375 8591
8649 9577 7689
9385 7837 8536
7696 9270 8772
7603 9529 8573
7216 7724 9606
7787 9123 8970
7814 7447 9514
7406 8524 9361
7732 8270 9372
8005 8914 8937
8404 9311 8432
8651 8577 8855
8889 9373 7806
9122 7843 8768
9147 8799 8350
8063 8363 9167
8032 9415 8468
8232 9790 7682
9109 9120 7922
9329 9069 7595
9276 9106 7701
9651 8704 7624
9834 7899 7733
7500 9839 8037
7459 9056 9052
8255 9719 7745
8997 9113 7990
9603 8380 7948
9525 8220 8085
9750 8439 7538
9686 7877 8019
7774 8670 9106
7853 9096 8771
7682 7405 9546
8154 8928 8839
8630 8766 8741
8705 9415 7939
9088 8765 8466
9219 9047 7879
9682 8087 7901
7665 9391 8697
7395 9986 7582
7340 8711 9299
7670 9298 8776
7712 7556 9543
7915 9333 8620
7779 8555 9163
7998 9188 8656
7862 7320 9524
9453 7725 8554
7758 9387 8743
8329 9619 7978
8414 8174 9024
8750 8052 8951
9072 7658 8899
9899 8008 7189
9910 7975 7252
7180 8586 9389
7369 8090 9474
8288 9415 8325
8312 8401 9059
8895 9373 7685
9159 8542 8377
9333 9090 7559
9479 7946 8313
9610 8440 7874
9597 7712 8283
9567 7907 8219
9891 8066 7260
8649 7996 9036
8841 9094 8265
8752 9469 7816
9411 7776 8536
9699 8144 7740
9573 8762 7542
9863 7840 7580
9918 7737 7401
7127 8426 9486
7546 9117 9024
7641 9978 7401
7733 7630 9451
8988 7590 8974
9918 7861 7244
7628 9209 8884
7068 7678 9726
7517 9029 9051
7469 9919 7729
7282 8556 9347
7799 9607 8380
7692 7998 9413
7858 9683 8163
8212 9373 8362
8892 8108 8752
9041 9010 8030
9499 7734 8465
9720 8514 7539
7958 9802 7792
8339 9700 7812
9722 7856 7969
9574 8785 7538
9806 8314 7577
7368 8894 9174
7191 8570 9406
7493 9781 8185
8319 8394 9115
8991 7648 8953
9696 8244 7878
7149 8073 9595
7108 7477 9721
7359 8836 9242
7985 9570 8315
7462 7531 9630
7916 8878 8959
7984 9104 8769
7976 9235 8688
8963 9353 7576
9721 8552 7512
9728 8457 7567
7357 8673 9269
7957 9419 8476
7258 10029 7287
8319 9738 7730
8559 7618 9226
8733 7882 9009
8901 8009 8895
9074 7910 8718
8926 9390 7665
7130 7897 9611
6993 8046 9611
7492 7533 9589
7127 8526 9461
8530 7445 9242
8445 8102 9088
8531 9618 7821
8662 7451 9174
8642 7717 9141
8708 8903 8510
8500 9625 7722
8568 9615 7566
9052 9110 7937
9707 8612 7526
7628 9194 8915
8779 8814 8578
9240 9134 7729
9574 8449 7755
9549 8813 7621
7245 8616 9353
7239 8450 9448
7186 8723 9333
8194 9522 8210
7796 8522 9155
8050 9485 8370
8645 9224 8297
9594 7715 8320
6946 8084 9611
7540 9201 8948
7733 8410 9277
7711 8982 9037
7963 9416 8476
7203 7367 9704
8059 9862 7612
8751 8849 8567
9042 9299 7651
9098 7601 8923
9715 8427 7583
7559 9446 8694
7168 8424 9488
8184 7506 9370
8405 8795 8864
8420 9706 7619
8576 7538 9216
9540 8629 7719
9406 8996 7609
9268 9058 7708
9613 8583 7648
9604 7895 8118
6981 7797 9676
7972 9193 8689
7726 8986 8971
8136 9269 8516
9463 8899 7549
9530 8861 7446
7480 9752 8186
8088 8136 9200
8139 7509 9433
9343 7844 8601
9382 9030 7590
9727 8309 7580
7513 9886 7955
7240 7415 9700
7845 7657 9356
8270 7371 9351
8510 9482 8097
8803 9376 7851
9263 8903 7969
9056 7632 8926
9660 8338 7632
9855 7934 7641
7749 9528 8562
7588 9149 8976
7515 9825 8045
7811 7420 9527
8661 9063 8536
8727 9514 7669
8756 7595 9086
9366 8898 7842
8186 7446 9365
8613 9325 8096
8748 7656 9070
8948 7669 8977
9730 7820 7987
8437 9671 7678
9716 8373 7590
9696 8218 7648
9533 7989 8341
9785 8129 7444
8128 9721 7858
7576 9579 8526
9603 8008 8083
7531 9506 8551
8734 9040 8411
7338 8978 9117
7737 9930 7635
7552 9594 8476
8359 9674 7756
9802 8282 7343
6959 7407 9737
9551 7961 8300
9138 7889 8725
7532 9428 8646
8886 9369 7814
9115 7868 8751
9082 7960 8737
7493 9548 8534
7161 10055 7114
9132 7926 8716
7051 8041 9591
7753 9883 7615
8285 9738 7717
7430 8874 9148
7698 9846 7906
9820 7855 7778
7617 9684 8258
7381 9056 9007
7607 9608 8452
8931 8934 8462
7383 8890 9159
8169 9746 7840
9741 8281 7611
7484 9959 7628
7817 7419 9478
8180 7293 9424
7402 8757 9229
7524 9688 8310
7568 9586 8461
8662 8451 8889
7661 9870 7714
7353 8978 9107
7028 7476 9723
7623 9110 8830
9165 7912 8713
9221 8516 8456
9700 7858 8065
9108 7919 8740
8532 8911 8708
9668 8395 7705
7733 9818 7852
8572 9336 8246
8399 9380 8277
8859 8967 8409
7420 8778 9191
7680 7316 9569
7467 9117 8905
7646 9567 8411
6888 7526 9745
7865 9576 8280
7823 9836 7811
9240 8845 8073
7470 7715 9620
8345 8753 8869
8011 8953 8858
7940 9541 8306
9930 7794 7033
9647 7946 8225
6873 7476 9750
7505 7507 9604
9506 8582 8063
9965 7588 7178
7439 9132 8948
9424 8025 8413
9927 7730 7199
7349 8061 9504
9070 8771 8289
7687 9769 8148
8811 9104 8281
8822 9368 7823
8597 8131 8931
7779 7690 9451
9744 8061 7683
9084 8312 8575
7496 9701 8319
7529 9737 8238
7798 7412 9540
8370 9673 7745
9589 8409 7876
9420 8584 8321
9432 8791 7884
9754 8419 7425
7311 8427 9380
7442 7861 9537
8166 9606 8161
7898 9542 8326
7595 7568 9520
9125 9245 7711
7001 7782 9691
7806 9897 7601
9494 8683 7840
7392 8953 9097
8452 9667 7822
9484 8129 8279
9952 7715 7145
7649 7423 9594
7607 9527 8541
8258 9660 7840
9649 8436 7708
9025 8675 8447
9449 8933 7720
9753 7933 7921
7768 7684 9460
8515 9643 7889
9450 8047 8377
9320 8267 8474
7458 7262 9669
7399 7753 9577
8257 7654 9266
9215 9082 7845
7775 7718 9437
8113 9738 7879
8315 8829 8766
9110 8202 8670
9706 8212 7816
7223 8322 9453
7485 8957 9058
8992 8841 8272
9787 8127 7469
8661 9493 7836
9077 7720 8886
9426 8749 7929
7325 9237 8903
7887 9553 8337
7760 9686 8169
7675 9723 8196
7475 8932 9115
8004 7461 9420
9103 8443 8517
9714 7888 8013
7957 7246 9500
7726 7235 9559
8244 9419 8392
8337 9708 7681
7938 9875 7407
8936 9061 8217
7385 8886 9130
8618 7643 9094
7598 9709 8271
8590 8091 8989
8619 8984 8592
7006 7938 9622
8173 9791 7603
9383 8974 7742
9133 9226 7689
7131 8233 9575
7906 7570 9410
7923 8570 9154
8780 9541 7782
9601 7859 8302
9792 7878 7926
7277 7456 9669
8083 9842 7611
8140 8013 9208
9095 8919 8207
9174 7732 8845
7184 8500 9450
7537 7587 9555
8175 8342 9108
9445 8402 8162
7516 9459 8665
8787 9495 7726
9605 8594 7803
7196 8471 9463
8289 8871 8811
8745 7800 9068
7597 9836 7922
7303 7605 9626
9041 9282 7793
7331 10024 7309
8915 7992 8900
9162 7756 8862
7624 7556 9569
7813 7570 9467
7756 9780 7926
9329 8503 8365
8942 8951 8299
9416 8263 8400
9858 7808 7552
7599 9090 8911
8785 7933 8951
8995 8928 8205
9657 7805 8225
7571 9395 8715
7553 9626 8454
7801 9839 7689
7701 9765 7959
8938 9386 7752
7440 9488 8595
8013 7526 9386
7548 8869 9064
7246 7587 9627
8650 8537 8802
9742 7979 7882
8940 8901 8411
9184 9098 7823
7522 9447 8666
7907 9555 8282
8122 7684 9283
8662 8081 8951
8923 9006 8247
7375 9945 7635
7723 9734 8076
7733 9849 7791
8622 9513 7832
7852 9807 7897
7525 7817 9568
9726 8176 7746
7031 8091 9601
7774 9441 8558
9142 9245 7680
9892 7778 7459
8324 9713 7645
9074 9309 7743
7150 7933 9620
8078 7495 9411
8140 9619 8023
8267 9696 7768
8707 9493 7793
7554 9408 8724
7679 9956 7454
8076 9779 7776
9445 8560 8110
8895 9214 8085
9557 8448 7903
7012 7476 9727
8032 9017 8776
7320 8985 9106
7626 9799 7926
8804 9338 7902
9087 9122 8043
7452 9209 8896
7775 8647 9127
8705 9228 8257
8755 7675 9074
8791 8832 8628
9083 8992 8192
8146 9706 7870
7601 8370 9250
8296 8046 9177
8495 9380 8126
9855 8199 7314
7391 9317 8815
7395 8221 9383
8688 8293 8899
9484 8313 8200
7504 9596 8520
7468 8998 9028
8144 9633 7960
8088 9794 7599
9689 8606 7554
7005 7704 9709
7212 8431 9452
8965 8977 8227
8348 8711 8932
7560 9973 7496
8104 9768 7680
9202 7772 8805
9384 8420 8327
7542 9605 8485
8194 8312 9117
8924 8989 8308
8736 9356 8015
7305 8859 9181
6994 7945 9631
8072 9729 8067
9127 7759 8855
9548 8626 7858
9457 8862 7695
7414 8685 9223
8081 9850 7596
9227 8001 8603
9472 8371 8163
9572 8827 7674
7655 8946 8999
8307 7640 9277
9251 7945 8631
9496 8061 8345
8609 8416 8910
7734 7492 9498
7378 7873 9562
9837 7849 7700
8584 9631 7671
9504 8643 7857
7222 8659 9349
8289 9703 7754
8959 8016 8837
8876 9400 7739
7520 9696 8311
7490 7546 9633
7856 7696 9405
8265 8004 9192
8479 8755 8812
8296 9753 7520
8894 7643 9043
7312 7368 9669
8273 7720 9263
9220 8262 8493
6915 8030 9624
7473 8817 9141
7907 9880 7559
9252 9028 7786
9245 9080 7730
7977 9097 8766
7976 8450 9135
8615 9446 8001
7638 9726 8187
7666 7426 9540
8012 9456 8523
7372 9301 8833
7562 8771 9125
8569 7853 9062
8766 8938 8533
8897 8998 8337
7316 7399 9654
8370 8823 8790
9456 8928 7664
7192 8726 9341
7272 8641 9343
7535 7579 9587
7970 9864 7449
8909 9128 8083
7542 9756 8187
8887 9440 7608
9507 8777 7714
7364 10016 7414
7301 10029 7313
8530 7870 9097
9537 8597 7871
7172 8833 9262
7303 10033 7295
7932 7361 9510
8882 8543 8639
9429 8389 8253
9576 7960 8368
7253 8586 9403
8569 9291 8266
9724 8191 7661
7388 8733 9230
7382 9881 7899
9512 8755 7728
7311 10020 7326
7110 7936 9633
7888 7389 9485
8642 9598 7768
7608 9539 8515
7216 7510 9656
9955 7593 7238
7578 9685 8342
7268 10051 7286
8793 9509 7706
9661 7924 8156
9210 8700 8396
9477 8905 7649
9849 8179 7427
7998 8602 9051
9090 7859 8761
9764 8268 7516
7213 8822 9260
8374 8749 8892
8724 7973 8954
9035 7944 8876
7278 7349 9671
7511 7260 9621
7795 7431 9500
8461 9681 7503
9054 9266 7798
8049 8994 8844
8819 9032 8355
9144 8654 8436
7589 7493 9615
7804 7396 9518
9436 8902 7753
8959 7877 8909
7585 9683 8285
8484 8920 8755
8519 7915 9107
9196 9113 7795
7538 9929 7758
7650 9882 7702
9006 7958 8806
9508 8186 8243
9620 7961 8112
7264 8589 9370
7938 8712 9006
8032 9704 8091
8949 8678 8560
9086 7693 8916
7682 7347 9564
8522 9509 8113
7525 9934 7550
7824 8117 9266
8242 9645 7923
8854 8257 8848
9543 8632 7778
7671 9779 8069
8465 8033 9066
7173 8453 9483
7958 9537 8445
9303 9081 7599
9346 7861 8665
7982 9858 7552
7201 8720 9342
7514 9945 7513
7380 8515 9372
8789 8452 8788
9084 7795 8882
8886 7651 8995
9189 7856 8768
9115 7986 8726
9532 8053 8210
9340 7871 8691
7737 7478 9510
7626 8750 9175
7916 9658 8133
7916 8097 9198
8901 8301 8828
8041 9509 8397
7669 9944 7515
7971 7461 9433
7023 7749 9672
7568 9417 8634
8713 9202 8382
8682 9553 7737
8494 7530 9251
7645 9682 8310
7872 7651 9413
8995 9396 7717
9768 8358 7387
7256 8994 9097
7426 9612 8474
7306 9940 7719
7608 9624 8406
7399 7375 9665
8737 8773 8651
7044 8026 9602
6924 7413 9746
9291 9101 7478
9313 7886 8625
9790 8285 7367
7280 8061 9520
7963 9209 8746
9213 9086 7793
9178 8939 7955
7518 9381 8798
9075 9226 7764
7198 7663 9685
7511 7393 9620
8602 9624 7622
9399 8646 8115
7291 8512 9382
7593 9866 8016
7638 8681 9229
7975 9028 8918
8118 8587 9031
9449 8067 8321
7873 9156 8827
8943 7527 9012
9303 9079 7705
9681 7977 8104
9560 8690 7726
7371 9249 8876
7375 7906 9538
7544 9991 7418
7948 8140 9185
9534 8722 7718
7340 8979 9108
7326 9043 9064
8948 7834 8923
9176 8920 8206
9417 8834 7789
9776 8182 7621
6993 7996 9626
8668 8173 8923
9543 8785 7679
7504 9639 8434
7542 9914 7713
7326 8350 9441
8323 7990 9181
8701 8451 8829
9399 8303 8371
8107 8982 8854
9256 8807 7997
9526 8681 7737
7624 9647 8370
8246 8848 8852
8452 8553 8953
9016 8351 8574
9518 8024 8288
7455 9547 8567
7610 9741 8206
9121 7932 8732
9123 9088 7956
7073 8354 9500
7324 8898 9175
7474 10010 7287
8227 9709 7789
9166 8560 8438
7307 8576 9372
7969 9809 7796
8484 7680 9200
9139 8834 8220
7546 9877 7854
7679 9312 8703
8415 9588 8063
9482 8103 8297
9956 7630 7215
7681 9667 8367
7614 9533 8521
7085 7519 9711
9099 9003 7958
7440 9548 8541
8049 8677 8991
9150 8544 8464
9225 7780 8725
9806 8258 7349
7564 8682 9211
8707 8934 8594
9785 8020 7677
9749 7897 7954
7162 8074 9564
7252 8445 9435
7501 9745 8231
7500 9419 8742
8991 9368 7756
9284 7766 8754
7524 9822 8065
7874 7489 9464
9672 7957 8140
9128 9267 7684
9203 7696 8826
9450 8922 7746
7244 8617 9352
7032 8245 9575
8664 9564 7700
7196 8609 9395
8482 9066 8616
8813 8060 8943
9019 7689 8962
9338 9071 7700
9888 8009 7283
6870 7608 9727
7630 9748 8192
8380 9719 7508
9290 8512 8386
7296 8735 9283
7368 8890 9162
7746 9699 8221
9129 9101 7843
9913 7738 7543
7232 7517 9642
7946 9376 8642
8097 9597 8179
7236 8608 9374
7340 8377 9390
7076 8079 9588
7485 9746 8246
7576 9582 8487
8482 9652 7740
8990 8393 8567
9258 9127 7539
7350 8114 9492
8224 9716 7811
8816 8921 8598
9563 8392 7883
7087 8464 9487
7918 7458 9476
9213 8830 8213
7166 8495 9459
7911 8720 9051
8430 8749 8877
8440 9687 7534
8825 8311 8795
8950 8900 8455
7173 8322 9524
8195 7393 9402
7963 7396 9479
8644 9000 8582
9232 9012 7853
6928 7861 9666
7959 9222 8715
9187 8364 8502
9293 8886 7937
9859 7970 7379
7352 8633 9300
7392 8659 9245
7718 8723 9137
7839 7778 9387
8539 7917 9078
9456 8599 8100
9572 8068 8172
9709 8037 7896
7029 8095 9586
8486 7853 9188
9773 8275 7455
9597 8681 7670
7690 9591 8402
7725 7300 9549
8689 7534 9144
8970 8075 8734
9142 8862 8219
9530 8365 7991
9764 8334 7401
7285 8545 9434
8858 9395 7754
8747 8138 8929
9317 8908 7826
9467 8897 7694
9289 9087 7639
9562 8016 8200
7177 8052 9560
8605 7776 9153
9215 8851 8200
9130 8506 8491
9270 9141 7532
7288 8860 9214
7416 9172 8934
7441 7755 9574
8637 9545 7802
9003 8033 8826
9809 8234 7420
7003 7970 9630
7123 7862 9622
7563 9934 7540
9132 9228 7723
9342 7902 8624
7720 7210 9563
7862 7533 9447
8251 7437 9365
8096 8559 9059
8126 9159 8751
8434 7776 9190
9091 8979 8047
7462 9474 8617
7587 8767 9104
8189 7268 9419
8590 9610 7643
9330 8820 7847
9444 8003 8424
7219 8194 9506
7322 8687 9315
7586 9818 8069
7426 7389 9652
7710 9386 8677
7720 9544 8480
7596 9845 7953
8870 8628 8584
9815 7995 7688
7769 9678 8147
8186 9178 8675
8569 9475 8001
9682 7839 8131
9952 7633 7239
7731 9367 8678
8232 7529 9332
7459 8061 9501
7777 9596 8376
8799 9398 7802
8518 9647 7776
8860 9449 7634
8536 7859 9141
8922 7616 9011
9004 8801 8335
9609 7918 8289
7043 10062 7045
7389 7413 9641
7898 7565 9413
8762 9256 8101
8029 7514 9363
8587 8298 9005
9201 8250 8507
9517 8193 8228
9239 9197 7726
7680 7528 9529
8849 9428 7775
7700 9947 7473
7466 9841 8018
7336 10041 7211
8022 9516 8360
9380 9014 7696
9657 8655 7556
8494 9628 7893
8936 7601 9016
8907 9034 8238
8841 9468 7741
7737 9172 8818
7802 7598 9458
8922 9085 8185
9341 8865 7798
9644 8656 7556
7225 8231 9445
7874 7323 9520
7879 9831 7848
8478 7902 9129
7894 9882 7521
8940 9346 7864
9484 8248 8214
9293 7919 8695
7660 7394 9586
9702 7850 8060
8758 7651 9064
9497 8923 7607
9455 8852 7715
7215 8868 9229
7700 9660 8361
7791 7807 9383
8220 9227 8665
8457 9512 8018
8479 7506 9274
9326 8767 7938
7108 7515 9695
8863 8988 8352
9128 7683 8876
7715 9642 8282
8464 9436 8199
8704 9560 7667
9142 7895 8718
7342 9164 8983
7612 7337 9600
7802 7490 9492
8359 9713 7591
8939 8285 8706
9368 7793 8637
7692 9606 8380
8363 7396 9335
9128 8808 8249
8867 9446 7616
9438 8048 8366
9757 8314 7525
9921 7794 7090
7403 8293 9348
7521 8967 9019
8536 8999 8655
9338 8149 8482
7747 7216 9549
8458 8107 9052
8599 8048 9002
9281 8793 8206
9468 8693 7885
9543 8173 8144
7859 7700 9395
7713 9443 8554
8935 8794 8523
9211 7791 8792
9520 8337 8065
8607 8899 8636
9204 9091 7772
9420 8175 8388
9720 8582 7493
9830 7850 7662
7033 8085 9606
7897 7578 9412
8989 8863 8505
9401 8794 7820
9381 8854 7767
9884 7739 7460
7635 9499 8525
7755 7864 9455
7405 8433 9335
7715 7341 9543
8551 8600 8903
8238 9705 7829
8520 9668 7711
9166 8283 8589
7373 8792 9160
7492 7358 9621
9635 8730 7615
9685 8610 7501
7223 8128 9557
7485 7277 9638
8520 9309 8543
9058 7687 8939
9311 9074 7665
9826 7767 7878
7549 9466 8638
7724 7290 9560
8245 8595 9006
8884 8326 8743
9387 8595 8286
9715 7870 8036
7872 8727 9014
7331 8809 9269
7967 8823 8954
7862 9636 8318
8663 8515 8851
8529 8135 9009
9228 7662 8823
9479 8005 8384
7011 8097 9599
8000 9044 8911
8773 9057 8347
9380 7975 8562
9899 7843 7292
7372 8813 9233
7568 9304 8823
7389 9225 8921
8906 9169 8143
8828 9470 7690
9235 7703 8759
7528 9887 7809
7489 8616 9232
8038 9815 7661
8914 7512 9041
9444 7896 8543
7824 7490 9473
7482 9997 7413
8759 8684 8707
9092 8302 8683
8893 9314 8062
9771 8264 7461
7508 9931 7567
8387 8395 9013
9116 8124 8672
9397 8722 8004
7827 9207 8756
8208 9787 7549
8757 9005 8484
8933 9398 7698
7291 7438 9643
7738 9167 8825
8078 9475 8328
8671 7573 9161
9024 7959 8796
7471 9679 8374
7458 9207 8856
7655 9968 7429
8195 9790 7513
8905 7541 9024
9373 7905 8590
9885 7780 7433
8595 9196 8555
9013 7546 8979
7800 9675 8216
7835 7338 9531
8192 7539 9314
8850 8697 8559
9795 8237 7410
7424 7294 9656
9325 8822 7979
9098 9220 7755
9500 8001 8449
7385 9308 8832
8317 9749 7619
8492 7868 9119
8616 9500 7850
9110 8525 8477
9057 9259 7766
9200 8019 8625
9694 7869 8079
7414 9239 8894
7495 9191 8860
8095 9449 8303
8239 9310 8569
8176 9722 7787
8523 9014 8662
8901 9410 7600
9961 7618 7185
7725 9663 8268
7806 8134 9278
8425 7512 9263
7298 8946 9122
7923 8660 9099
8724 8322 8808
9054 8654 8454
9689 8570 7558
9785 7772 7935
7380 8916 9123
7526 9371 8735
8266 7844 9237
8560 7495 9255
9006 7772 8959
9046 9183 7854
7365 8782 9256
7480 9728 8281
7219 8356 9470
7597 7303 9616
8001 8922 8949
9104 8378 8528
9488 7992 8510
8707 8896 8686
8827 7890 8961
8741 9549 7695
9186 9217 7667
9369 9036 7746
9734 7845 8083
9703 7721 8124
9952 7649 7149
7410 9970 7568
7720 9162 8826
9020 9196 7994
9108 7687 8901
9761 8318 7470
7343 8031 9512
8098 7367 9451
8380 7525 9257
8903 7633 9003
9192 8723 8334
9515 8669 7824
9676 8508 7654
7255 8564 9386
7349 7280 9686
8067 8822 8902
7985 9537 8315
7893 8481 9189
8117 9837 7563
8571 8939 8597
9277 7777 8723
9924 7792 7378
8028 8393 9109
8504 8504 8940
7469 9885 7822
7371 8983 9104
7696 8971 8993
8086 8345 9125
8046 8599 9059
8758 9286 8223
8694 9567 7674
8770 8256 8873
8800 9327 7991
7404 8762 9194
7523 9889 7767
7987 9645 8175
8485 9008 8694
8544 9577 7914
8325 9648 7876
8681 9159 8456
8994 8730 8439
9530 8248 8147
9938 7744 7144
7461 9140 8942
7099 8079 9581
9538 8861 7564
7647 9904 7706
8694 8947 8551
9009 7637 8981
9389 8062 8421
7404 9480 8609
7382 8991 9103
7363 9255 8899
7175 7290 9732
7726 8558 9179
8765 9469 7816
9258 8907 7958
9173 9209 7703
9463 7994 8511
7379 9181 8946
7952 8894 8999
8415 9370 8303
8767 7730 9042
8451 9284 8553
8560 8323 8985
8351 9411 8419
8954 8990 8269
9153 8020 8689
9354 8749 8140
6829 7784 9678
7287 8684 9324
8123 7309 9450
7966 8685 8973
8232 9434 8367
8736 9448 7879
8848 8828 8622
9423 8772 7892
9759 8325 7461
7600 9735 8263
8177 7744 9268
8529 8015 9095
9408 7871 8580
8703 7569 9134
9368 8984 7780
7479 9295 8824
7628 9985 7446
8248 8240 9141
7922 9867 7412
9250 9147 7711
9618 8005 8257
9782 8331 7434
7273 10035 7347
7666 9072 8931
8197 9641 7930
8065 9633 8256
8238 8793 8933
9757 8122 7681
9669 8657 7545
7207 8381 9456
7467 9006 9092
7435 9969 7561
7463 8579 9294
9881 7791 7566
7228 8692 9322
8957 7823 8954
8759 9142 8315
9311 8318 8414
9371 7984 8516
7328 8635 9297
7542 9996 7208
8544 7804 9092
9209 8018 8574
9256 8537 8411
9518 8725 7740
7203 8595 9386
7625 9602 8457
7409 8920 9118
7361 9180 8965
7881 9628 8261
8306 9525 8110
8293 7404 9393
8706 7467 9155
9285 8903 7888
9537 8688 7728
7460 9880 7961
7513 9628 8386
7802 8821 9034
9546 7865 8419
9589 8767 7632
7579 9907 7756
7872 7399 9479
8744 9399 7858
8184 7287 9424
8983 9403 7664
9044 7666 8956
9301 8032 8533
7983 9083 8863
7904 8501 9173
9006 9323 7773
9121 9236 7748
7611 9958 7463
7891 8441 9190
8578 9423 8119
8846 9211 8111
8925 8445 8708
8683 7609 9124
9004 8780 8433
7515 9467 8677
7545 7594 9536
8351 9162 8577
8864 9452 7539
9372 9042 7664
9434 8009 8429
7967 9573 8278
8849 8937 8569
9097 7765 8877
9122 9320 7708
9681 7837 8167
7371 8801 9235
7360 7975 9543
9117 7620 8877
9581 8761 7710
9742 8539 7560
9755 8329 7495
7544 9691 8281
7914 9878 7430
8871 8966 8387
8651 9582 7602
9034 9360 7672
9709 7926 8010
9703 7916 8047
7640 9580 8490
7522 9697 8300
7560 8066 9438
7753 8656 9117
8785 9138 8150
8784 7547 9100
9333 8203 8516
9525 8330 8159
9760 7947 7724
9777 8342 7374
7180 8352 9493
7130 8251 9539
8074 9215 8674
8090 9627 8225
8501 9561 7996
9289 8797 8154
9009 9275 7815
9612 7880 8279
7353 8889 9166
8224 9786 7648
8972 8356 8623
8961 9243 7824
8830 7732 9014
9370 7719 8625
7384 8227 9351
8726 8831 8738
9582 8793 7610
9692 8567 7584
9857 7935 7426
8645 9442 8017
9124 8929 8069
9143 9224 7711
7486 9311 8807
8952 8882 8317
7232 8657 9370
7024 7657 9722
7397 9475 8628
7197 8438 9481
7486 8932 9087
7253 8819 9230
7825 7384 9541
8259 8843 8835
9537 8501 7889
8766 7573 9127
6918 7607 9728
7264 7460 9717
7824 7683 9453
7967 9514 8435
8207 8610 8995
8026 8036 9186
8335 8791 8888
8667 8449 8899
8707 8596 8784
9161 8969 8060
9233 7776 8769
9548 8037 8186
7208 8276 9513
9286 8982 7806
7964 7299 9495
8710 7895 8992
7459 9696 8339
7617 9823 8026
7441 9236 8903
8075 7388 9459
9235 8390 8462
9234 8955 7888
9550 8280 8101
7401 9132 8985
7566 9165 8828
7995 9341 8622
8302 7465 9330
8010 8276 9135
8335 8761 8898
8439 9053 8622
9670 8648 7637
9785 7906 7716
7662 7655 9501
7546 8528 9267
7771 8577 9132
7993 7499 9430
8199 7751 9239
8109 7467 9380
8471 8027 9093
8525 7583 9245
8888 9438 7714
9808 8275 7342
7217 8507 9446
7438 8205 9448
7741 8928 8973
8290 9737 7631
9864 7819 7448
7699 9758 8036
8345 7601 9311
8447 8085 9097
8853 8995 8403
8679 9469 7885
9054 8077 8724
7444 9387 8749
8656 8933 8604
8849 9318 8007
8554 9049 8600
9108 9270 7718
9481 8418 8091
9696 8575 7553
7386 10007 7453
7544 8440 9302
7552 9186 8848
8458 9466 8255
8357 7416 9349
8629 7627 9129
9238 9038 7778
9562 7975 8289
9676 7882 8167
7479 9018 8981
7553 9825 8057
8344 7463 9324
8484 9409 8142
8668 9397 8080
9481 8839 7725
9644 8593 7701
9658 8629 7639
9866 7788 7708
7243 9000 9124
7872 9460 8469
7856 7322 9524
7742 8207 9349
7963 9865 7536
8179 9817 7523
7188 8837 9231
8175 8198 9142
8740 9384 7917
9789 7804 7930
7425 9291 8831
8100 7857 9217
8098 9774 7732
9079 8379 8556
9103 8928 8197
9250 7636 8759
9311 8029 8538
9274 7890 8701
7450 9521 8569
7310 7448 9639
7762 7802 9386
8071 8023 9194
8244 7513 9379
8325 8413 9002
7742 7792 9485
7480 7874 9527
7685 7297 9569
8640 8679 8850
8868 7674 9009
9485 8781 7696
8693 8466 8881
8794 9319 8032
9213 8854 8181
9405 8994 7611
9474 8645 7931
7125 8385 9495
7687 7653 9503
7860 8766 9076
8257 9749 7687
9172 7961 8629
9877 7725 7613
7861 8749 9035
8147 8603 9027
8489 7591 9219
9614 8417 7850
7501 8951 9072
7572 9277 8794
7544 9486 8554
7125 8667 9362
7550 9727 8271
7667 9409 8689
7965 9753 7860
9000 9295 7780
9273 8553 8351
9208 9199 7727
7378 9904 7849
8230 9589 7959
8712 9473 7855
9705 7789 8107
7288 9477 8611
7298 8732 9308
8436 8797 8794
8088 9812 7570
8707 7922 8985
9124 7899 8722
9704 7879 8015
7181 8293 9538
7036 7292 9736
7775 9225 8808
7343 10017 7208
9589 8014 8063
9216 7699 8780
7428 7286 9676
7537 7119 9633
8094 9495 8312
7905 7620 9399
9412 7949 8567
7451 9714 8306
7807 9406 8671
8324 8436 9062
8797 9409 7817
8887 9031 8350
8630 7554 9178
9783 8309 7446
7965 9166 8748
8471 9034 8690
9704 8521 7579
7599 9371 8702
7516 9111 8915
7823 9527 8476
8253 9374 8472
8597 9116 8519
9666 8688 7549
7512 9869 7986
7319 9085 9061
7833 7389 9490
7838 9272 8668
8368 9681 7704
8094 8655 9040
8806 8969 8509
9816 7863 7797
9641 8627 7678
7532 7586 9557
7738 9361 8680
8320 9735 7724
8735 8070 8950
9701 8497 7645
7529 7610 9573
8185 9797 7492
8956 8456 8648
9290 7999 8539
9189 9130 7773
9672 8654 7558
7557 9875 7939
8606 8006 9014
8658 9316 8152
8649 9477 7837
8866 9450 7503
9251 8112 8570
9126 9236 7714
9192 7715 8840
7408 9983 7450
7029 7919 9655
7187 8537 9448
8184 8292 9118
8451 8219 9050
8656 7579 9143
8956 8494 8634
7378 9084 9032
7386 8732 9293
8756 7636 9100
9008 8345 8623
8939 9045 8224
9321 7877 8629
9620 7821 8288
9649 7898 8246
9833 8074 7543
9937 7694 7371
7563 8861 9073
7903 9334 8653
8043 8948 8861
9172 9139 7806
9289 7750 8725
9255 9134 7607
9521 8788 7691
7200 7654 9638
7523 10005 7376
8391 7366 9315
8935 7610 9022
9334 7954 8611
9766 7883 7997
7495 9526 8566
7432 9899 7786
6974 7484 9726
8054 9587 8268
8287 8615 8984
8558 9636 7721
9161 8991 7966
9344 8132 8499
7613 9844 7919
7397 8780 9229
8827 8744 8640
7308 8482 9409
7652 9306 8772
8644 8714 8772
8107 9803 7591
8993 8800 8460
8677 8926 8628
9057 9165 7799
9204 8053 8590
9233 8952 7907
7337 9074 9040
7428 9133 8961
6946 7571 9744
7297 8189 9483
7708 9271 8781
8159 8864 8827
9032 9365 7619
9285 7777 8698
9493 8074 8256
9546 8829 7598
7776 9851 7661
7525 8920 9016
8817 9117 8187
8504 9150 8602
8457 7504 9312
7426 9935 7654
7133 8342 9526
8094 7864 9246
8779 9024 8378
9010 9345 7674
9581 8040 8122
9500 8690 7796
9607 8717 7651
7862 7886 9366
7962 7524 9448
8827 9070 8307
9788 8181 7441
7157 7983 9575
7150 10058 7217
7132 10061 7152
7670 7290 9575
7704 8766 9161
7972 7286 9491
8373 7384 9354
8921 9373 7780
8642 7447 9200
8796 7457 9084
9148 8103 8711
8926 8513 8590
9582 7897 8291
9809 7896 7806
8046 7635 9354
7939 7332 9492
8141 9490 8273
7888 9876 7586
8673 7366 9156
8579 8946 8595
8662 9251 8247
8889 7702 8983
9128 8171 8637
9151 9264 7631
9846 7835 7831
8230 8273 9125
9083 7954 8843
9354 8861 7813
9287 9057 7745
9514 8736 7725
9327 7955 8603
9343 7934 8572
9951 7645 7364
8588 9324 8220
9470 8238 8272
9591 7936 8272
6975 7445 9736
8458 7394 9286
8779 7860 8990
8654 7987 9041
7503 9911 7776
7291 9951 7690
8247 8242 9107
8594 8900 8632
9890 7995 7361
7885 9432 8561
7544 8216 9365
8048 7890 9342
8353 9724 7625
8839 9469 7784
9523 7980 8487
7586 9617 8443
7067 7337 9735
8219 8815 8926
8179 7456 9417
9564 8164 8125
7414 9294 8836
7108 7395 9734
8161 9444 8331
8306 8481 9044
8005 9309 8623
8283 9763 7497
8667 9332 8100
9108 7736 8882
7242 8647 9336
8308 8553 9012
8471 8788 8798
8236 9785 7606
8714 8871 8714
7165 8340 9508
7831 9307 8747
7507 9347 8800
7841 7390 9489
8259 9346 8473
9024 8510 8517
9450 7846 8577
9898 7747 7409
7010 7715 9707
7407 8640 9231
7408 9423 8698
8253 9205 8668
7732 9938 7351
8665 9128 8468
9342 7916 8597
9497 8870 7684
7386 9149 9006
7558 7860 9534
8236 9573 8243
8479 9264 8573
9022 7599 8962
9249 8825 7990
8322 7605 9295
8432 9098 8743
8977 8062 8772
9185 7816 8819
9459 8040 8364
9785 8085 7594
9465 7878 8511
8619 7990 8996
8809 9470 7772
9457 8526 8161
9538 7956 8460
9586 8788 7632
7625 9801 8099
7514 8426 9307
8594 8767 8782
8634 8484 8862
9342 9058 7601
9803 8238 7361
8379 8012 9171
8705 9093 8507
8995 7653 8980
8812 8534 8776
8992 9370 7725
7631 8821 9066
7895 9251 8700
8468 9324 8527
8385 9710 7626
8892 7875 8982
8878 8973 8371
9112 8331 8506
9373 8866 7781
7226 8834 9217
7475 9738 8261
7282 9076 9084
7575 9810 8119
6953 7458 9738
7821 9566 8389
8429 8475 8997
6942 7491 9745
8176 9422 8581
8408 9648 7847
8616 7642 9210
9380 7925 8579
9742 8069 7766
9758 8401 7465
7046 7882 9638
7390 10016 7259
8418 9489 8276
8320 7468 9316
9289 8839 7942
9355 7892 8600
9940 7646 7166
7443 9284 8860
7111 8023 9580
7381 8369 9351
9315 9087 7579
6882 7712 9712
7004 7668 9714
7499 7192 9627
8636 8093 8984
7355 9138 9014
7827 7303 9536
8118 9800 7560
8570 8364 8974
9424 8111 8406
9546 7867 8382
9475 8832 7742
9854 7799 7571
6999 8161 9610
7517 9902 7772
8593 8193 8979
8856 8651 8613
9048 7745 8951
9194 8178 8524
7298 8601 9341
7910 9669 8194
8267 8973 8811
8387 8121 9169
8581 9461 7912
8957 9074 8158
8913 7620 8991
8858 9452 7728
9104 7996 8732
9580 7903 8336
7397 9944 7676
7304 10037 7291
9351 8421 8400
9067 8778 8368
9238 7696 8758
9354 7788 8666
9625 8484 7817
7229 8933 9201
9180 8305 8540
9783 8362 7345
7386 9170 8982
7983 7717 9369
8684 8025 8976
8726 7443 9145
9552 8568 7848
7441 9982 7545
8925 9154 8071
9356 8668 8232
9452 8982 7659
9482 7995 8510
9417 7940 8516
9869 7808 7519
7250 8810 9296
7463 8476 9299
7844 7349 9514
8306 7276 9359
9168 9058 7924
9366 8764 8054
7308 9103 9040
7357 10001 7535
8276 9770 7664
8652 7538 9187
8690 7494 9155
9368 7807 8636
9636 7942 8255
7395 9189 8934
7724 7526 9534
7954 8090 9331
8217 8960 8815
8856 9414 7743
9298 9095 7611
9663 8651 7608
9593 7872 8310
9391 7853 8587
9689 7756 8180
7536 9818 8110
7835 8546 9183
9483 8109 8284
9389 9020 7575
7412 9165 8963
7329 9322 8820
7680 9475 8611
7269 9278 8877
7363 9887 7861
7649 9789 7940
8796 7404 9090
9381 8175 8425
9046 7669 8954
9279 7877 8719
9849 7830 7667
7330 7339 9679
8317 8586 8969
7518 9524 8568
8203 7314 9395
7312 8929 9127
8222 7414 9381
8703 7961 8979
9343 8107 8510
7449 9544 8569
8001 9047 8899
8050 9252 8684
8158 9798 7584
8700 9434 7965
8594 7802 9122
8732 9089 8540
8444 9071 8619
8988 8868 8333
9249 8810 8048
7477 9510 8592
7537 9708 8287
7877 9915 7548
8708 8973 8550
9312 7720 8716
9302 9096 7539
9848 7783 7718
7341 9193 8973
7984 7765 9357
8185 8479 9055
8712 7592 9124
9729 7943 7985
7341 8169 9506
8237 9442 8281
8043 9849 7639
8775 9480 7787
7405 9901 7837
7177 10052 7168
7426 9034 9019
7774 7557 9468
7722 9719 8148
8942 8045 8894
9133 8739 8397
9199 8540 8476
9067 8399 8528
9709 8109 7866
9717 7763 8101
7530 9200 8856
7141 8581 9470
7923 8023 9351
8669 8618 8739
8859 7659 9011
8794 7590 9087
8989 9052 8151
9307 8709 8287
9143 8811 8220
8988 7544 8990
8951 9380 7743
8917 8526 8688
9590 7839 8338
9685 8582 7569
7546 8412 9276
7632 8999 9011
7962 7996 9305
8456 8375 9042
9715 7859 8049
7466 9311 8828
7062 8355 9540
8343 9726 7560
7884 8111 9248
8590 9390 8097
8581 9454 8033
9057 9329 7743
9579 8223 8108
9815 7793 7846
7184 8316 9509
7811 7203 9548
7579 7729 9506
8120 9623 8095
8586 9610 7847
9322 8860 7814
7532 9108 8947
8456 9682 7538
9020 7990 8762
9203 7827 8730
7081 7864 9654
7711 9946 7434
7863 9259 8663
7441 7291 9643
8293 7711 9197
9014 8680 8550
8020 9443 8526
8924 8848 8511
7241 9007 9106
7460 9646 8376
8020 8601 9043
8423 9707 7698
8800 9490 7684
9106 7808 8870
9042 8509 8506
9706 7998 7911
7378 9197 8927
7087 8003 9620
7616 9809 8183
7686 9466 8484
8098 8325 9112
7770 8684 9081
8667 9108 8577
8113 7463 9399
8641 8699 8816
8894 9191 8091
9235 9225 7643
9642 8218 8047
7604 7276 9615
7780 8924 8991
8302 7392 9379
8865 8693 8566
9731 7918 7936
9750 8524 7511
7406 9053 9053
7280 8986 9184
8851 8676 8675
8581 9628 7747
9595 8771 7621
9651 7835 8253
7284 8816 9280
7453 9828 8039
7920 9654 8109
7601 9871 7913
8788 9053 8315
9113 7674 8894
7580 9350 8707
7307 8609 9326
8108 7334 9455
8294 7615 9286
9430 8177 8357
9810 7847 7915
8281 8516 9013
8681 9248 8450
9720 8177 7665
9798 7897 7902
7191 8683 9346
7524 9518 8589
9005 8769 8419
9254 8357 8432
9154 9193 7785
8921 9351 7810
9572 7963 8258
7872 9573 8323
7713 9829 7854
8257 7410 9372
8584 9241 8485
9325 7715 8723
9230 9178 7761
7515 9718 8300
6932 8031 9616
7143 7821 9634
7796 7726 9402
8161 7324 9423
8562 9340 8334
8503 7503 9249
9169 9241 7649
9700 7805 8122
7029 8371 9502
8472 9616 7914
8098 7484 9391
8339 9692 7713
8567 7446 9219
8930 8077 8890
9182 9028 7888
9309 9072 7744
7251 8693 9318
7287 8979 9120
7078 8453 9498
8106 7404 9423
8263 7474 9326
8666 9309 8241
8927 8484 8699
9234 8432 8421
9252 9097 7679
9919 7890 7283
7207 9086 9048
7499 8356 9327
7882 7615 9403
7911 9115 8769
8445 9339 8478
7773 9925 7490
9474 8939 7653
7885 9511 8458
8420 7342 9321
8912 9218 7963
8629 7456 9190
9364 7815 8615
7364 9906 7790
7791 7754 9413
7712 8377 9226
8538 8912 8631
8654 7642 9119
9038 8317 8609
9670 8313 7988
9936 7706 7496
7650 9560 8512
8189 9789 7622
9236 7723 8756
9446 8659 8106
9352 7808 8616
9360 8063 8474
9722 7844 8096
6980 7789 9663
8767 8922 8581
8382 7348 9322
9163 8579 8436
9272 8629 8304
9764 8360 7361
8118 7327 9426
8442 7939 9160
9335 8780 7903
7266 8798 9314
7597 9813 8070
7471 9891 7808
7296 8930 9123
8247 9544 8094
8536 8904 8756
9509 8550 7904
9287 9097 7674
9862 8006 7311
7121 8439 9488
7483 8891 9098
7271 10047 7232
8352 9675 7718
9681 8248 7663
9533 8852 7614
9803 7764 7960
7218 8733 9327
7489 9541 8568
7191 8647 9439
7526 9733 8270
7428 7301 9638
7864 7651 9444
7601 9113 8882
7654 7987 9494
8208 9242 8592
9322 8962 7811
9701 8540 7594
7567 9453 8630
7422 8526 9333
8778 8764 8681
8347 9148 8614
8690 9314 8076
9713 8598 7543
7059 7619 9691
7818 7529 9467
7844 8351 9251
8007 9473 8435
8862 8963 8462
6949 7593 9728
7606 7991 9391
8386 9082 8763
8958 9245 7914
8883 7617 9080
9724 8030 7867
7897 9909 7465
8720 9411 8068
9087 7838 8836
9678 7876 8138
9860 8067 7232
7673 9866 7886
8069 7454 9473
8594 9573 7892
9002 9347 7715
9954 7618 7086
7012 7479 9718
9799 8145 7555
7286 8637 9343
7890 9864 7542
7064 7351 9745
7551 9961 7481
7094 7357 9732
7131 7298 9727
7095 7326 9726
7459 7576 9548
7495 7951 9439
9200 9140 7743
9155 9144 7785
9213 9150 7709
7097 7314 9719
7658 8952 8981
7434 9917 7796
7406 9941 7663
7132 7393 9718
7071 7423 9707
7186 7550 9648
7284 8893 9209
7148 7398 9707
9081 9198 7720
7575 9600 8417
7540 9988 7470
8323 7493 9305
7507 8660 9212
9260 9045 7701
7082 7412 9707
7471 9197 8939
8011 9849 7326
8550 7669 9186
8486 9570 7802
9886 7749 7496
9512 8754 7731
7326 10015 7444
9947 7618 7147
7679 7298 9598
7096 7459 9702
7506 7376 9589
6924 7413 9746
9854 7935 7721
7201 7448 9671
7855 9342 8635
9601 8573 7732
6943 7392 9746
7415 7410 9608
7317 8896 9160
8601 9608 7725
9257 8799 8199
6902 7374 9758
9348 9020 7563
9754 8308 7494
7317 8823 9185
7251 8227 9511
7709 9269 8765
7836 7335 9518
8665 9556 7689
9574 8748 7570
7507 9324 8831
7724 9236 8753
7454 9789 8200
7434 9096 9007
9445 8864 7886
7302 7274 9699
8292 7479 9320
9189 8319 8503
7896 9845 7678
9775 7949 7853
9473 8701 7800
8257 9108 8553
7628 9951 7538
9378 8913 7866
9537 8012 8258
9397 8867 7770
7669 7783 9462
9246 8823 8066
9401 8985 7595
7329 7332 9677
7525 7412 9587
8886 7719 9011
9409 8933 7556
7264 10014 7515
7373 8656 9262
8403 9635 7775
7338 8850 9154
7817 9861 7718
9231 9050 7690
9703 8222 7697
7494 9175 8914
8482 9636 7707
9484 8698 7797
7287 10019 7397
7700 9568 8435
9033 7895 8827
7371 8351 9340
7686 9437 8578
7339 10036 7247
7787 9913 7522
8651 8461 8880
7369 9966 7633
6873 7476 9750
7479 8039 9442
8933 9229 7819
7291 8825 9205
9580 8776 7490
7319 8656 9294
7616 7556 9586
7994 7145 9490
7949 7250 9500
8545 7900 9126
7448 9967 7628
7698 9866 7863
8869 7527 9037
7466 8171 9350
8643 9584 7721
7427 9985 7533
9751 8389 7477
7420 8292 9347
7792 8820 9042
8646 8741 8715
9490 8870 7549
7405 10004 7392
8933 9062 8166
7383 8936 9110
7658 9867 7826
7884 7345 9488
8965 9248 7777
9098 7766 8865
7364 8927 9131
8190 7286 9408
7453 9973 7622
9668 8098 8040
7402 9906 7881
7429 9998 7403
7988 8454 9125
8009 7472 9413
7945 8009 9274
8758 9460 7845
9515 8099 8360
9831 8097 7523
9789 7988 7805
7686 9833 7945
7741 9079 8867
8470 9620 7851
9730 7864 8007
7793 9123 8849
7832 9364 8608
8965 7986 8785
7021 7698 9706
7752 9802 7976
7577 9957 7425
8608 9620 7691
9649 8029 8076
7915 9237 8729
7859 9679 8072
8067 7317 9483
8293 9375 8296
8991 8245 8770
7452 9905 7788
7683 9417 8641
7655 8320 9260
8319 7465 9335
8965 8951 8214
9356 7865 8520
9612 7999 8175
7407 9117 8985
7322 8152 9382
7836 9379 8604
7235 8689 9312
7778 9641 8333
9746 8157 7743
7461 8647 9253
7408 9875 7875
7578 9822 8067
6997 7450 9738
9383 8386 8228
8893 9230 7966
7410 7331 9648
7455 9982 7471
8297 9346 8391
9125 8920 8106
7572 9955 7559
8032 9660 8113
7632 9365 8670
9833 7882 7782
7610 9923 7637
9317 8674 8140
8806 9404 7841
9655 8477 7567
7761 9715 8209
7437 7379 9615
8078 7409 9449
8921 9080 8089
9187 9180 7647
9737 7836 8016
7512 9443 8667
7368 8802 9190
9751 8262 7624
8534 9660 7672
9458 8875 7602
9489 8881 7523
8184 9140 8551
8930 9053 8187
9785 7932 7964
9761 8224 7598
7704 9664 8272
7799 7514 9475
9266 7703 8754
7416 7304 9635
7793 9860 7764
7262 8394 9417
7582 9300 8803
7468 9460 8645
7556 9104 8957
8092 8316 9109
9103 7821 8806
7510 7651 9509
7741 7851 9454
7811 9936 7400
8894 7821 8992
7511 8770 9183
7826 9696 8114
9047 9206 7766
7320 8651 9297
7640 9958 7390
8431 8022 9160
8796 8956 8381
8976 9218 7851
8941 7763 8997
7398 8582 9339
7378 7860 9542
9686 8484 7524
7202 8731 9298
7936 7394 9485
9450 8900 7549
7582 9386 8753
7134 7223 9730
7721 9351 8632
7880 9866 7547
8562 9597 7751
9170 7820 8788
9241 9124 7606
9255 9087 7630
7673 9707 8213
7819 7380 9518
8659 9535 7717
8504 9672 7673
7488 9298 8847
7482 7686 9513
8685 8536 8721
9222 9169 7557
7410 9936 7642
7274 8670 9310
7977 9570 8288
9532 8769 7652
9674 8664 7429
7753 7760 9448
7322 8877 9164
7707 9883 7679
7523 9280 8836
9019 8799 8325
9129 7715 8881
9240 7851 8674
7370 9155 8995
7340 8352 9371
7853 9904 7549
8615 7986 9086
9418 8982 7510
6984 7570 9726
7292 8554 9341
7866 7300 9507
8210 7641 9260
8653 8533 8807
8998 7795 8924
9290 9041 7782
7551 9821 8069
8231 7335 9403
9065 7769 8897
7548 9197 8900
8269 7337 9390
8634 8427 8882
8488 9549 7866
9295 8678 8152
7463 9966 7502
8070 9831 7603
8588 9190 8239
8783 8937 8435
9153 7745 8874
7549 9576 8447
9413 8383 8201
9013 7637 8926
9438 7575 8547
9911 8113 7358
9531 8650 7765
9718 7928 8080
7971 7395 9472
9489 8873 7695
9721 7882 8033
7665 9766 8088
8701 9566 7650
9948 7593 7139
7609 7911 9396
9682 8358 7770
7776 7401 9546
9283 9109 7618
9807 7973 7794
7101 7416 9698
9205 7734 8769
7858 8625 9110
7979 9818 7852
8987 7672 8966
9368 7588 8590
7500 9292 8866
8931 9245 7872
9258 8117 8556
9532 8873 7498
7663 9775 8021
6947 7654 9719
7077 7321 9736
7728 9868 7650
7910 7399 9454
8230 8307 9109
7649 9263 8787
8039 9411 8402
8470 7619 9250
9552 8664 7736
7692 7375 9591
8244 8611 9005
9322 7841 8618
8830 7659 9072
9861 7819 7482
7353 9026 9085
8532 8440 8963
7550 9536 8548
7338 8989 9131
7913 9790 7854
8010 9147 8762
7566 9276 8820
8541 9202 8326
8856 9370 7833
8859 8889 8324
9663 8550 7558
7497 9727 8313
8646 7612 9194
9620 8696 7405
8189 8951 8797
8452 9689 7575
9023 7723 8920
7950 9052 8854
8695 7482 9168
9685 8164 7917
7413 9165 8973
7471 9331 8833
8384 9029 8609
9275 9057 7648
8338 9417 8250
7945 7338 9505
8609 8480 8860
8994 7756 8951
9271 7682 8747
7407 7241 9658
7406 9413 8693
7410 9530 8609
7836 8932 9001
9332 8242 8353
9332 8111 8538
9211 7753 8755
9702 8393 7722
8080 9771 7705
9108 7773 8828
9561 8214 7955
7562 9791 8128
7472 8472 9263
8546 8664 8807
8998 8868 8312
8770 7698 9017
9475 8329 8171
9763 7917 7975
7552 8764 9205
7810 9414 8520
8437 9708 7699
8939 8316 8656
9054 9015 8031
9249 7871 8642
9811 8308 7417
7990 7411 9432
8705 9382 7937
9424 8908 7555
7230 8843 9256
7308 8355 9447
8548 7441 9221
7284 8678 9290
7178 8772 9312
7411 7422 9607
7773 7793 9371
8961 8838 8362
9133 7755 8817
9627 8684 7463
9501 7677 8440
7503 9272 8864
7448 9320 8834
8929 9168 8019
7468 9442 8671
7254 7296 9718
8349 9754 7713
9439 7616 8531
7627 7548 9510
8266 9532 8147
8669 8925 8549
7199 8704 9334
7832 8022 9291
8093 7155 9477
9540 8742 7678
7346 8717 9283
7348 9427 8704
7970 9387 8575
7422 9229 8914
7734 7411 9540
7139 8847 9272
7774 8599 9174
7956 9434 8444
7276 10039 7267
9441 7575 8544
9920 7793 7206
7269 8684 9294
7383 8825 9177
8332 9709 7722
8710 9290 8214
9279 8751 8129
9207 7718 8799
9717 8077 7823
7381 9205 8932
7561 9781 8171
8558 8951 8610
8564 9142 8447
8275 9761 7565
9073 8381 8540
9013 7780 8888
7644 9547 8504
7605 9768 8213
7401 9865 8031
8215 7514 9372
9367 8896 7935
9070 9277 7628
8741 9535 7622
8959 7656 9009
9749 8008 7805
7555 9251 8899
7724 9047 8977
8411 9728 7621
9520 8182 8247
7429 9060 9070
9503 8319 7948
9559 8615 7635
7645 9577 8438
7509 9959 7586
7774 7962 9353
8682 9315 7983
8575 9482 7904
8307 7384 9341
8064 9836 7372
9043 8962 8130
9878 7812 7455
9851 7951 7554
8622 9523 7799
8980 8832 8498
7520 9871 7938
8093 7923 9268
8024 8954 8873
8806 7628 9103
9195 8886 8075
6947 7546 9740
7707 9734 8092
7694 8442 9243
8207 7691 9271
7924 7343 9498
9209 8121 8637
9134 8484 8520
7490 9602 8465
7937 7475 9448
8519 8269 8998
9703 8155 7928
7394 8140 9461
7309 8421 9342
8226 7743 9243
8176 9809 7641
8801 8790 8548
7268 8770 9259
9252 8440 8336
9253 8818 8078
9580 7917 8237
7607 9573 8500
7216 8713 9284
8980 8527 8547
9457 8244 8261
8197 7346 9400
8472 9027 8665
8967 7972 8907
9239 8275 8486
7319 8041 9478
7493 9408 8707
7879 7477 9493
8371 7357 9337
8982 8824 8492
9397 8646 8098
9683 8129 7960
9842 7966 7504
7453 9155 8977
7004 7747 9691
7722 7433 9541
7629 9579 8435
8592 9413 7913
8411 7629 9286
8646 9590 7639
9149 9264 7525
9226 7677 8773
7348 9819 8081
7435 9912 7856
7189 8531 9407
7568 9660 8402
7849 7034 9547
7751 7801 9372
9638 8622 7577
7293 8076 9547
7534 9476 8627
8589 9324 8114
8760 7720 9019
7660 9704 8233
8174 9486 8376
7533 10019 7355
9453 8890 7738
9169 9199 7587
9550 8285 7914
9821 8008 7687
7631 9296 8808
7532 9671 8333
7720 7312 9589
8269 8853 8845
9191 9081 7920
8517 9089 8598
8956 9158 7906
8804 9308 8067
8765 7715 9049
9337 8568 8202
9474 8353 8194
7653 8433 9261
7985 9427 8499
8297 7466 9313
8658 7557 9167
8803 8192 8820
8900 9025 8263
7415 7679 9542
7366 8603 9274
7971 7514 9420
8535 8115 9027
8550 7561 9218
8739 7719 9089
8758 8346 8759
7306 9182 8970
7393 10032 7283
8432 9686 7713
9000 7710 8939
9299 9059 7608
9290 8619 8174
9607 8027 8096
7899 9836 7647
9571 8114 8173
7669 9180 8866
8044 9591 8233
9317 8114 8548
9453 8204 8327
6940 7617 9724
7627 9717 8320
7432 7642 9565
9522 7937 8332
7206 8657 9386
7706 9355 8643
8169 7726 9274
9248 9086 7681
7104 8262 9590
9608 8363 7839
7576 9097 8907
8544 7455 9242
7509 9929 7709
8668 9376 8048
8553 7518 9211
9009 7575 8953
9120 8771 8259
7598 9463 8621
6973 7571 9715
7254 8131 9528
8618 7778 9097
8329 7189 9350
8630 7599 9201
8842 7629 9047
9192 7706 8805
9343 9094 7486
7694 9768 8014
7858 8118 9271
7437 9989 7397
7920 9050 8922
8333 9585 8106
8353 8412 9051
8752 8911 8522
9875 7754 7573
7347 7964 9522
7365 8327 9368
7474 8747 9243
9854 8104 7432
7631 9323 8674
7313 8955 9136
7510 9809 8120
7069 7440 9744
7845 9147 8826
7965 9878 7415
8128 8139 9156
8793 9190 8170
8798 7676 9054
9251 9185 7513
9670 8300 7913
9844 7816 7768
7457 9877 7872
7255 7620 9608
8390 9443 8175
9100 8903 8202
9226 8552 8348
9198 8308 8481
9553 7637 8424
8581 7506 9213
9921 7890 7196
7116 8231 9557
7631 9740 8293
7840 7480 9458
7442 9029 9069
8574 9646 7584
9431 7628 8566
9853 8259 7422
7332 9889 7911
7669 9535 8437
9567 7896 8315
7460 9867 7965
8355 8462 8969
9233 8738 8222
9497 8163 8334
9407 8265 8324
9759 8228 7469
7263 7292 9684
7656 9847 7877
7414 7747 9531
7656 7553 9487
7415 8477 9312
8948 9051 8137
7586 9376 8727
7346 9396 8723
7714 9602 8382
7359 7195 9674
8138 9611 8008
9317 8194 8389
7268 7797 9575
7316 8856 9196
7644 9658 8323
7734 8292 9245
7765 8975 8958
8366 8843 8772
8669 9035 8534
9933 7831 7146
7533 9666 8402
7537 9927 7787
7584 8836 9041
8956 9383 7707
9433 7639 8534
7283 9032 9104
8586 7410 9234
9071 8258 8622
7886 9884 7509
9267 7861 8654
9518 8841 7533
7153 9026 9114
7629 8818 9088
7610 9849 8042
8316 7386 9338
8585 8515 8813
9650 8175 8015
7572 9452 8641
7417 10033 7265
7407 8794 9185
7818 9511 8445
9319 8570 8192
7436 8193 9330
9043 8942 8213
7613 9377 8709
7505 9718 8324
9146 9245 7595
9917 7896 7161
7512 8638 9240
8866 8887 8365
8996 9133 7835
9254 9160 7524
7174 8515 9468
7248 10060 7188
9438 8627 7951
7213 8165 9606
7130 8366 9536
7658 9377 8642
7350 8806 9193
7507 7668 9531
7981 7502 9441
8322 9689 7737
9052 8934 8187
7093 7658 9681
7171 8679 9337
7640 9757 8178
7916 9484 8431
8390 9586 8036
8223 9783 7572
9597 7717 8323
9880 7894 7390
8198 7729 9255
8553 7817 9089
9160 9215 7493
7712 9093 8906
8740 9532 7629
6974 7814 9703
7295 8971 9136
7300 8368 9422
7427 7200 9642
8086 9495 8372
8087 9747 7881
8421 9717 7566
9170 9094 7975
9299 8286 8416
9311 8363 8318
8310 8481 9053
8411 9628 7900
9913 8008 7343
7783 9345 8624
8581 7487 9215
9349 7686 8668
9612 8707 7556
7415 8486 9304
8768 9530 7751
7279 7701 9593
7463 8766 9188
7837 7332 9516
8768 8892 8553
9285 8588 8247
9605 8590 7585
9691 8093 7932
7472 9095 9037
8806 7959 8946
9776 8449 7461
8561 8125 9014
8283 8627 8935
9276 8076 8598
9614 8645 7552
8821 9397 7904
9114 9282 7616
9535 8748 7762
9644 8608 7547
7580 8922 9126
7890 9165 8751
7429 7677 9539
7921 9647 8165
8108 9826 7684
7183 8461 9510
7408 9989 7441
8285 7495 9311
8907 7580 9032
8996 8903 8288
9449 8415 8166
9161 7729 8818
7149 8733 9341
8699 8516 8722
9210 8696 8240
7329 8943 9153
7551 9965 7435
8256 9354 8322
8555 8519 8813
9168 8520 8507
9284 8140 8539
9415 7718 8558
8022 8787 9047
7941 9722 7958
7272 8739 9255
8462 9365 8272
7970 9849 7576
8559 9531 7765
8652 9540 7709
9296 9114 7520
7276 8390 9479
7823 8632 9112
7803 9898 7647
7829 8260 9309
8336 8772 8913
9055 7649 8907
7519 9623 8431
8262 8724 8989
8519 9567 7814
8751 8841 8643
9256 8982 8019
8713 9542 7696
8628 9002 8555
9549 7800 8318
7151 8313 9544
7906 9143 8808
8179 7433 9431
7916 9654 8204
8653 8875 8592
9882 7825 7428
7626 8727 9149
7612 8396 9274
8286 9755 7550
8612 9595 7732
9589 8310 7881
9314 7955 8626
9510 8841 7583
9644 7863 8213
7050 8551 9454
8059 9787 7707
8842 8792 8499
8620 9593 7670
9113 8954 8158
7690 9982 7332
7904 9909 7506
8560 7373 9261
9319 8146 8494
9488 8615 8140
9133 9270 7571
9477 7898 8461
7828 7966 9323
7404 8988 9098
8892 9124 8083
9297 7730 8745
7221 9002 9128
7701 9913 7535
7561 7247 9633
8167 9786 7642
8914 9400 7737
8956 7703 8980
9362 7672 8617
9882 7729 7593
7066 8334 9550
7578 9790 8145
7392 7581 9613
8097 8297 9154
7918 8770 9056
7830 9412 8518
8660 7879 9085
8793 8787 8580
9540 8444 7845
7312 8038 9500
7683 9170 8856
7694 7328 9571
8415 9713 7583
7144 8208 9575
7521 9558 8542
8040 9215 8632
7302 9999 7627
8651 9322 8111
9145 8908 8027
9889 8025 7367
8504 9633 7725
7279 7848 9564
7138 8695 9379
7181 8902 9225
7535 9670 8350
7305 10045 7233
7797 9534 8445
8658 8647 8787
8986 8587 8521
8856 9359 7937
9450 8819 7796
9414 7718 8577
9745 8038 7927
9573 8786 7524
7125 8825 9275
7536 9457 8640
9286 9073 7645
9480 7742 8441
7471 8936 9094
7184 7743 9642
7529 9376 8761
7467 7387 9600
8178 9029 8712
8646 8937 8655
9356 7691 8603
7554 9120 8907
8513 8482 8935
9046 9325 7656
9361 8975 7633
9534 8446 7937
9634 7739 8242
8332 9034 8705
8737 7632 9151
7685 9739 8101
8325 7457 9314
8355 8633 8905
8620 8477 8822
7216 7303 9719
7232 7242 9721
9360 8727 8123
9513 8190 8237
9343 9048 7548
7205 8708 9307
7099 8044 9611
7408 9259 8884
7484 8954 9051
8359 8649 8884
8784 7857 9008
9178 8495 8507
9467 7607 8537
7214 8877 9246
8566 8513 8829
9032 9292 7673
9511 7946 8383
9455 7729 8515
8753 8779 8581
9102 9034 7980
9454 8016 8403
9556 7961 8289
9713 8487 7493
7375 9454 8671
7876 8458 9203
7712 9949 7311
9060 9296 7606
7249 8459 9514
7447 7828 9526
8035 8695 9018
8108 9831 7449
8672 8083 9068
9500 8311 8058
9623 8587 7620
7172 10070 7245
7556 9967 7404
8465 9189 8455
9016 7592 8944
9898 7759 7467
7267 10023 7445
7268 8846 9220
7606 9899 7644
8949 8916 8320
8499 9536 8064
7513 9345 8811
7983 7209 9493
8099 7872 9245
8204 8595 9037
8957 9125 7888
9149 8079 8726
9003 7637 8967
9185 7687 8808
9716 8455 7587
7502 9735 8302
8467 9140 8488
8973 9400 7639
9186 9187 7564
9694 8014 8068
7502 9078 8990
8698 9297 8181
9179 8223 8569
9316 8360 8270
9330 9007 7644
7628 7908 9388
8010 8604 9084
8464 7641 9198
9215 8127 8605
9729 8167 7718
7516 9436 8659
7443 9208 8924
7536 7681 9484
8089 8596 9031
8437 8649 8872
7583 9445 8654
7543 9261 8851
7695 8701 9109
7910 9893 7294
7704 7346 9554
8246 8213 9130
9386 8956 7733
7898 7780 9438
7070 8682 9398
8868 8854 8472
8900 9085 8087
9164 8553 8493
9069 8724 8518
7661 9653 8395
8569 9637 7632
9155 7969 8772
7436 7649 9541
8542 8937 8761
8648 9402 8108
9319 8271 8280
9435 8047 8500
9605 7614 8344
7530 9373 8764
7248 9978 7629
7638 7584 9476
7811 7499 9462
7865 7150 9525
9471 8711 7835
9845 8274 7365
7534 9394 8748
6969 8056 9614
7270 8729 9283
8530 7566 9241
8674 8286 8927
9300 9061 7576
7362 9997 7499
7564 9395 8726
8365 9710 7691
9066 9326 7579
9651 8620 7476
7444 9196 8948
7020 7546 9713
7306 8095 9529
7659 8749 9095
8196 9719 7729
8518 8148 9111
9115 8782 8276
9203 8160 8663
9869 7838 7406
7035 7935 9661
7374 8670 9254
7989 8631 9072
7537 9405 8686
7928 9872 7516
8522 7392 9245
9216 7824 8709
9000 9319 7674
9278 7743 8721
9646 8622 7452
7588 9782 8161
7516 9642 8426
8237 9629 7907
8941 8638 8527
8983 9218 7807
8616 9604 7690
8853 9374 7802
9605 8750 7485
7533 9616 8449
7421 9933 7736
7580 9388 8708
7404 9176 8993
7992 9662 8148
8341 8784 8877
9405 7793 8550
7588 9328 8710
7652 7362 9632
8070 9577 8287
9919 7831 7231
7040 8571 9468
7100 8456 9519
7902 9929 7474
8354 9405 8275
8986 9299 7756
8959 9358 7640
9772 8156 7596
9674 8531 7507
8157 9723 7918
7974 9858 7569
8579 8319 8972
9159 9261 7553
9129 8080 8706
9393 8330 8278
9590 7760 8356
9691 7874 8183
9859 8197 7263
7159 10061 7251
8199 7162 9411
8557 9601 7797
8753 9296 8196
9345 7700 8637
9581 7864 8278
7235 10016 7540
8029 8646 9029
7893 9880 7508
9406 8389 8181
9027 9333 7450
9886 7664 7567
7669 9725 8194
6918 7607 9728
7806 9502 8574
8256 9276 8503
8433 7452 9308
9165 7877 8729
7133 7887 9677
7314 7247 9683
7508 7887 9471
9209 7661 8798
9566 8704 7574
7367 10048 7222
7462 7302 9633
7856 8011 9322
7554 9985 7351
8230 9344 8407
8532 9542 7872
9353 8560 8224
7475 9148 8954
7620 8626 9236
7784 7503 9538
7346 8937 9113
8086 9831 7565
9296 8407 8333
9373 9031 7551
9286 9118 7468
7235 9001 9112
7752 9866 7728
8202 8307 9129
8315 8110 9167
9276 8230 8456
7552 9142 8975
8714 9444 7871
8467 8685 8824
9603 8712 7503
9937 7830 7204
7812 9885 7553
8486 8246 9057
9261 9135 7542
9384 7713 8579
9719 7974 8041
7874 8949 8994
8647 9579 7658
9747 8520 7468
7189 8713 9329
7396 10005 7482
8119 7848 9368
8075 8585 9119
8288 9697 7751
9012 9306 7728
8850 9453 7537
9168 7669 8862
9290 9105 7576
7610 9432 8658
7472 8122 9338
8079 8703 9003
9661 8592 7438
9657 7811 8227
8499 7550 9275
9018 8148 8738
8429 9662 7749
9295 8382 8369
9432 8954 7455
7165 8692 9346
7360 8974 9105
7590 9779 8115
7671 9942 7343
8417 7457 9295
8935 8376 8624
9483 7816 8435
8138 8734 8970
8458 7458 9278
9349 7797 8579
7519 9504 8605
7398 9064 9057
7102 8370 9518
7831 9477 8495
9732 7829 8039
8521 7345 9267
9145 8654 8451
7129 8523 9439
7582 9980 7350
9422 7786 8528
9350 9040 7431
9078 9228 7734
9790 8300 7424
7299 8990 9111
7546 9339 8802
7667 9741 8064
7562 9519 8526
8438 9665 7711
8873 8136 8789
9601 8560 7805
7199 10059 7298
8160 9197 8640
9041 9239 7674
8944 7697 9028
7308 8803 9209
7633 7520 9550
7448 7623 9560
9775 8149 7658
7546 9404 8672
8044 9522 8300
8942 9069 8159
9592 8039 8209
9688 8024 8001
7584 9386 8709
7373 8029 9492
8465 8349 9018
8309 9078 8679
9156 8329 8541
9339 7723 8643
9417 8961 7516
7966 9860 7585
8767 9320 7961
9416 8714 8067
9283 9120 7545
9734 7865 8005
9760 8467 7382
7862 9927 7506
7885 7241 9514
8583 7417 9204
8623 7408 9203
9281 8279 8444
7711 9247 8814
8222 9716 7801
8237 9521 8159
8824 9501 7674
8703 7679 9141
9361 7694 8596
7649 9121 8892
7650 9876 7702
8001 8597 9088
8292 8630 8923
9271 8729 8186
9769 8160 7628
9712 8523 7399
9946 7745 7167
7177 8804 9279
8213 7505 9390
8375 9686 7823
8747 7926 9048
9476 8901 7495
9725 7921 8030
7922 8405 9184
8077 9060 8700
8816 8769 8615
8841 8631 8608
9339 8213 8377
9669 8559 7519
7201 8764 9311
8703 9059 8490
9885 7726 7536
7806 8573 9126
8541 9473 8137
9207 9195 7532
9115 9246 7634
7395 8790 9208
7100 8311 9572
7283 10033 7290
7816 7327 9526
7635 8030 9344
8405 9294 8499
8649 7588 9161
7290 8822 9246
8926 9229 7983
7499 9366 8775
7634 9585 8427
7844 7234 9536
8762 8703 8622
8756 9506 7862
8378 7393 9325
8885 9222 7994
9155 8888 8158
7137 8341 9540
7267 9943 7709
8276 8692 8929
7859 9682 8008
9149 7753 8839
7808 7339 9568
8510 9113 8472
9039 7565 8921
9583 7797 8409
7514 9515 8551
7285 8567 9399
7704 9614 8405
9220 8923 8020
9918 7872 7235
8001 8833 8996
8699 8778 8705
9216 9171 7695
9551 8226 8066
7990 8319 9145
7936 9447 8459
8840 8956 8379
8666 9078 8479
9227 7722 8760
9636 8669 7458
9737 8015 7984
7220 8827 9265
7138 8525 9430
8461 7442 9313
8799 9255 8133
9263 8578 8274
9141 9234 7631
7268 9965 7659
7514 8087 9374
8353 9304 8284
8713 9385 7924
8826 8347 8718
8854 9139 8293
9304 9032 7721
9437 7615 8550
9596 8414 7865
9629 7884 8252
7232 8230 9529
7413 7675 9553
7768 7489 9539
8695 8791 8692
8261 9732 7716
9622 8434 7686
7370 7465 9661
7895 8571 9124
8292 7162 9385
8333 8774 8918
8779 7968 8911
9098 7716 8903
9746 8335 7483
9868 8196 7380
8614 9021 8543
8834 9205 8038
9301 8692 8137
9121 9254 7596
7554 9455 8656
7437 8992 9077
8794 7955 8948
9019 8147 8744
9131 8098 8677
9299 9113 7480
7623 9433 8602
7577 9031 9050
8001 9520 8362
8542 9359 8158
7566 9580 8443
7498 9546 8557
7601 9763 8243
7752 7769 9463
8249 8489 9046
8427 7465 9276
8455 9659 7750
9507 7847 8387
9433 8933 7457
7644 9235 8885
7696 8950 8989
7763 9610 8369
7911 7219 9515
7745 8358 9218
8731 8397 8830
8942 8842 8496
9245 9046 7688
9381 7790 8556
9585 7751 8358
7559 9514 8583
7855 9679 8241
7957 9864 7535
8525 8051 9089
8692 9088 8472
8869 9005 8303
9032 7972 8780
9506 8847 7535
9243 9161 7551
9735 8372 7575
9692 8498 7476
7467 9407 8715
7956 9597 8338
7997 9287 8724
9133 8556 8461
9429 8937 7473
7637 7534 9533
7896 8780 9086
7909 9518 8395
8045 7342 9459
8572 9181 8367
8537 9328 8178
8891 8591 8661
8642 9591 7540
7172 8323 9539
7617 9959 7401
8154 9829 7683
8532 8680 8813
9134 8327 8616
9299 8806 8119
7129 8563 9417
8228 9336 8537
7884 9665 8102
8094 7467 9397
8925 8321 8671
8574 9574 7744
8701 7772 9131
8987 7678 8964
9156 8814 8236
9192 9125 7855
9472 8717 7800
9630 8179 8072
9441 8918 7519
9688 8572 7501
7624 9952 7432
8890 8061 8880
7385 8108 9467
8633 9129 8463
8393 7537 9296
9875 7684 7603
7111 8460 9514
7662 9075 8917
8824 8321 8793
7267 8657 9375
8869 8185 8814
8838 8968 8353
9230 7711 8769
9469 7662 8512
7290 9921 7807
8769 8567 8716
8377 9139 8525
8559 9327 8118
8500 7891 9129
8742 7708 9112
9152 8866 8184
7367 9939 7733
7522 9803 8195
8245 8938 8841
8358 7327 9344
9099 8781 8433
9078 8218 8623
9356 7953 8519
7307 10028 7392
7118 8516 9452
8798 8932 8457
9565 8821 7564
7504 7571 9551
7502 8466 9314
7810 9380 8593
8471 8589 8825
8516 7323 9278
9143 8175 8587
9359 8449 8191
9006 7665 8940
9332 7691 8681
7175 8344 9524
7168 8209 9569
8820 7674 9061
9826 7925 7910
7561 9332 8798
8928 9072 8165
9054 8386 8588
9521 8660 7900
7468 9079 9051
7138 7703 9659
7545 9776 8172
7049 8534 9462
7954 9663 8087
7748 9819 7950
8697 9140 8364
9029 9025 8176
8896 7660 9031
7174 8183 9591
8886 8256 8707
9262 9141 7532
7549 9389 8746
7255 8800 9275
7545 9596 8522
8661 8848 8596
9274 8596 8185
9459 7690 8501
7326 9960 7700
7655 9855 7916
7915 9849 7591
7947 7258 9503
8477 7372 9297
8911 7504 9031
9090 8183 8686
9671 8135 7993
8152 9555 8124
8614 9406 8017
8749 8241 8999
8795 9061 8431
8869 9103 8089
8650 9598 7477
9857 7770 7520
7381 7329 9664
8024 7984 9310
8454 8583 8918
8746 8421 8730
9254 8426 8354
9084 9311 7552
9326 7797 8712
9439 7625 8526
9523 8779 7566
9667 7776 8196
7826 9850 7670
8203 7286 9406
7965 8361 9153
8472 9654 7713
7707 8528 9192
8094 8304 9156
8163 9218 8565
8388 9429 8181
9042 8865 8242
9365 7813 8522
7123 8751 9338
7606 9320 8731
7672 7511 9510
9154 9257 7560
7056 7572 9684
7761 9169 8838
9132 7975 8735
7151 7957 9648
8540 9543 7817
8866 7692 9035
9015 8311 8617
9496 7721 8486
9335 9026 7557
9708 8589 7441
9747 8037 7807
7857 7318 9530
8645 8787 8696
9227 9093 7718
9007 7946 8834
9304 8444 8265
9700 7906 8082
7550 9398 8716
7721 9650 8359
7472 9145 8978
7211 10052 7259
7653 8613 9222
9243 7990 8658
9825 8228 7437
7228 8112 9536
7269 10051 7377
7157 8596 9409
7840 8476 9163
7783 7773 9445
7743 9941 7476
9525 8676 7868
9203 9183 7619
9331 7738 8628
7322 9090 9058
7593 9446 8642
8293 9116 8534
8042 9835 7447
8118 7260 9468
8319 7346 9362
8647 7563 9187
8571 7633 9209
8898 8783 8520
9112 8151 8691
9898 7607 7504
7113 8526 9457
7921 9522 8381
7578 10022 7265
8696 9174 8345
9166 8052 8664
9448 8906 7621
9858 7805 7500
7036 7728 9691
7897 9162 8800
8620 8755 8730
9195 8855 8199
7128 8227 9552
7359 9614 8459
7243 7401 9695
8126 8811 8864
7744 9213 8746
9337 8958 7970
7974 7691 9392
8449 9576 7859
8271 7460 9380
7997 9870 7524
9245 8529 8422
7859 8605 9091
8630 8427 8905
8915 8865 8454
8698 9489 7884
7156 8821 9276
8082 9758 7946
8324 9057 8686
8797 8779 8559
8847 9011 8311
9397 7711 8587
7459 8983 9061
7993 8959 8818
8397 9127 8513
9138 9003 8083
9048 9330 7627
9770 8363 7466
7358 9018 9105
8899 8045 8897
9002 8814 8287
7158 10063 7274
9774 8020 7699
9822 7949 7767
7095 8529 9467
7637 9771 8120
8745 8389 8751
8979 9118 8063
9069 7873 8826
9289 8403 8443
9664 7882 8169
8915 8454 8692
9011 9345 7553
9343 8046 8615
9554 7996 8300
7924 7202 9519
8656 8779 8694
8893 9402 7762
9738 7866 7998
9660 7970 8169
7614 8694 9154
8020 9232 8700
8461 9284 8491
8635 9443 7890
8970 8927 8265
9145 9230 7660
9398 8973 7693
9748 8315 7657
7755 9720 8203
7623 8945 8995
9487 7799 8394
9887 7913 7384
9946 7627 7198
7039 8554 9476
7554 9544 8522
7998 9393 8425
7784 9754 8050
9545 7842 8369
9785 8397 7449
7490 9510 8590
7344 9893 7892
7896 8939 8987
8399 9444 8159
8609 8944 8627
8921 9417 7683
9286 8562 8329
9500 7681 8488
7189 10030 7420
7458 9483 8607
8294 7602 9307
8793 9160 8251
9284 8819 8011
9558 8705 7583
9673 8668 7394
9942 7699 7270
7255 7360 9698
7905 8235 9186
7930 9086 8807
8103 7459 9422
8433 8367 9023
8347 9049 8676
8790 7641 9117
9306 8548 8243
8917 9451 7717
9853 8034 7483
7390 9253 8889
7621 9879 7867
8232 7460 9385
9523 8636 7913
9442 7765 8524
9888 7801 7490
6956 7339 9756
7536 9332 8816
7441 8090 9450
7713 9329 8644
9229 8688 8284
9570 8119 8178
9684 8183 7735
8338 9368 8294
8532 9276 8287
9003 8398 8546
9215 9099 7912
9561 7825 8316
9693 7952 8148
6959 7594 9711
8202 9609 7970
8907 7800 8936
9071 8198 8635
9866 8067 7439
7254 7950 9639
7377 9812 8085
8832 7671 9062
8907 9387 7748
9205 9191 7553
7464 9609 8467
7939 8375 9178
8268 8473 9063
8017 8807 8993
7609 9977 7355
9390 8941 7850
9552 7853 8317
8218 9784 7481
9329 9024 7864
9622 7929 8222
9545 7840 8390
7412 9812 8075
7293 8144 9459
8677 8058 9026
8617 8843 8670
8924 8445 8679
7595 8045 9436
8876 8516 8683
9844 8037 7447
7539 9433 8682
7170 8890 9232
7344 9069 9064
8670 9567 7551
9031 9043 7985
9170 7696 8813
9356 9012 7558
7073 8378 9529
7302 10030 7314
7274 7231 9712
7789 9933 7458
8130 8986 8778
8449 8697 8820
9452 8186 8483
9686 8158 7746
9376 9004 7518
7269 8326 9491
7402 9210 8917
7299 8959 9192
7913 9885 7503
8514 9620 7718
7720 9251 8733
8094 8806 8921
8426 8750 8763
8769 9511 7659
8849 7680 9036
9378 8972 7825
9304 9111 7556
9633 8392 7793
9768 8207 7550
7658 8699 9118
8386 8682 8849
8539 9107 8558
8518 9619 7799
9764 7981 7941
6999 8066 9609
7998 9858 7431
8000 9837 7436
8300 8542 8933
8075 9640 8222
8935 8039 8805
9178 8755 8317
8971 9315 7745
9437 8932 7548
9511 8885 7455
7204 8722 9325
7371 9026 9076
8098 8883 8914
9300 8590 8244
9093 7865 8878
9427 8764 7902
9519 7793 8422
9621 7802 8309
7095 8643 9435
8231 9083 8686
8888 8883 8344
9254 8068 8635
9590 8110 8078
9655 8625 7440
9443 7697 8519
9905 7635 7481
7034 7655 9709
8446 8715 8837
8568 9647 7615
9190 7804 8799
9408 8792 7897
7517 9283 8822
8196 9481 8282
8354 8077 9232
8510 9177 8460
8678 7488 9198
9591 8107 8186
8596 8114 9032
8681 8521 8763
9272 8204 8538
7560 9253 8849
7300 7877 9534
7952 9875 7494
8626 9166 8371
8704 9554 7703
8835 9491 7825
8686 9555 7662
9387 8427 8186
9346 8975 7647
8324 9060 8649
8781 7938 9008
8843 8944 8345
9316 8202 8414
9330 9003 7753
9118 7643 8884
9733 8059 7817
9789 7754 7959
7191 10058 7352
7503 9240 8908
7652 9677 8253
7594 9092 8935
7623 9564 8508
7305 8434 9354
7558 9962 7417
8351 8330 9087
8544 9477 8008
9557 8826 7515
7305 9014 9110
7540 9478 8621
7751 9418 8592
8206 9378 8420
8016 7356 9462
8429 9392 8260
9247 8525 8418
7135 8731 9382
7212 8589 9397
7106 8634 9393
7796 8690 9163
7893 9547 8428
8556 7687 9144
8536 7778 9183
9242 7704 8753
7517 9626 8451
7857 8108 9274
7980 9431 8507
8438 7690 9218
8521 9115 8470
9183 8689 8341
9005 7583 8949
9452 8785 7883
9471 7592 8519
7365 9964 7685
7662 9945 7580
8364 9450 8162
9179 7781 8810
8229 9100 8619
7876 9887 7547
8860 8311 8694
8928 8663 8540
8960 9283 7806
9204 8558 8371
9207 8419 8479
9501 8191 8260
9416 7803 8524
9937 7785 7454
7284 9975 7633
7602 9481 8610
8164 9348 8501
8379 8005 9201
8457 9418 8179
9565 8090 8202
7505 10031 7293
8222 8113 9140
8251 9782 7699
8864 9372 7763
8841 9462 7727
9103 8734 8432
9506 8283 7948
9744 7899 7976
9915 7943 7259
7175 8042 9639
8007 8390 9138
8019 9168 8744
8492 8735 8815
8682 9521 7811
8553 9652 7681
9114 8109 8732
8826 7651 9080
9460 8847 7729
9463 8925 7514
9679 7993 8109
7567 7938 9456
8538 9195 8398
9116 8101 8675
9619 7807 8261
9566 8801 7455
9692 7870 8152
7944 8666 9070
8047 9266 8622
8854 9202 8056
9310 9034 7582
9301 8335 8380
7175 8765 9324
7363 9131 9006
7316 7415 9672
7731 9350 8643
7622 9868 7916
9043 8265 8624
9123 7622 8889
9211 7663 8780
9454 8801 7735
9893 7721 7471
7165 10022 7497
7650 9757 8144
7646 9667 8272
8283 7583 9360
8750 9228 8231
7451 7293 9640
7678 9279 8747
8840 8789 8530
9131 9162 7813
9152 8480 8536
8930 9009 8208
9359 7629 8620
9841 7904 7768
7864 9899 7526
7519 9973 7487
8940 9254 7790
7437 10004 7381
8728 7569 9116
9872 8065 7206
8446 7534 9277
8460 9680 7636
8867 8256 8723
8819 9314 7886
7721 7854 9392
7578 9989 7463
8409 7549 9265
9427 8374 8136
9350 8216 8228
8331 7545 9316
8944 8912 8228
7530 8947 9107
8395 7565 9233
9602 8266 7929
7665 9917 7576
8296 7417 9360
8417 7376 9287
8408 9711 7578
9854 8111 7254
9891 7968 7134
8522 9517 7841
7372 10024 7439
8585 8526 8822
7451 9982 7534
8058 9419 8438
9825 8217 7244
7495 9231 8878
8354 9728 7533
9729 8236 7692
7539 9159 8974
8257 7477 9355
9118 8575 8396
8497 9657 7631
8637 7610 9085
9206 8091 8483
7351 10027 7375
7602 9951 7531
7422 8905 9148
8280 9456 8228
9062 8581 8389
9730 8028 7936
7667 7900 9387
8423 7549 9263
8355 7421 9317
8622 8410 8802
9002 7968 8782
7558 8998 9097
8633 8019 9007
9684 7945 8044
8267 7486 9325
7627 9943 7518
9255 8709 8076
8582 8552 8769
9084 8728 8311
7913 9885 7540
8727 9493 7751
9044 9297 7696
9176 8101 8577
9318 8609 8171
7518 8911 9127
8379 7561 9250
8599 7792 9067
8764 8034 8854
9783 7941 7672
8639 7606 9111
8577 8062 8991
9263 7875 8638
8740 7863 8988
7502 9195 8918
7636 9057 9058
9050 8624 8352
9795 8262 7340
8388 9714 7607
8759 8737 8516
8704 7779 9037
9886 8049 7258
8039 7492 9419
8391 8588 8908
9224 7960 8635
9385 8830 7684
8153 8551 8993
9558 8558 7606
8263 7785 9263
8222 9774 7595
9090 9031 7938
7526 8047 9399
8176 9782 7615
7648 8953 9094
8613 7550 9139
8941 9327 7670
8032 7512 9424
7913 8072 9310
9315 8444 8318
8431 8409 8980
8881 7537 9023
8739 7538 9069
8592 7535 9151
8735 7551 9101
9016 8574 8431
8195 9624 8045
7428 10016 7364
8864 8064 8820
7155 8376 9499
8242 7862 9240
7159 8569 9435
7222 10066 7161
8848 8053 8822
8783 7598 9059
8720 9468 7824
9500 7882 8271
7662 9643 8336
8686 7584 9088
7190 8534 9412
8393 9712 7634
9547 8484 7900
9847 7996 7333
8233 7344 9381
8186 8270 9104
8647 7527 9121
9640 8190 7913
7814 7455 9475
8492 9627 7814
7795 9938 7500
8202 9795 7610
8468 9664 7538
8412 7384 9293
8610 8440 8836
9191 8976 7821
7500 9553 8547
8888 8026 8854
8990 7517 8956
8007 8122 9182
8632 7660 9083
9826 8110 7372
8264 9326 8438
8566 9626 7751
9686 7900 8105
7614 9552 8528
7674 9331 8776
7660 8016 9404
7638 8070 9397
8395 7557 9273
7558 9978 7485
9792 8112 7549
9821 7782 7717
8993 7588 8935
7935 8445 9156
8221 9805 7588
8956 7861 8878
7798 7330 9530
8498 7426 9241
8742 8955 8313
8179 7276 9418
7746 8543 9264
7205 8449 9472
7665 7878 9402
7724 9349 8701
8401 9587 7884
8270 7345 9363
7653 8937 9061
7144 7447 9715
7869 9827 7775
7620 9973 7369
9011 8248 8622
9420 8046 8292
7581 9983 7397
8397 9700 7741
8856 7744 8985
7450 10021 7350
8830 9177 8022
9024 8340 8546
9084 7660 8888
8588 7635 9168
9809 7920 7674
7732 7339 9554
8485 8273 8922
9732 8218 7633
7459 9975 7567
8707 8614 8708
8552 8354 8906
8035 7504 9375
7462 9957 7599
7349 7414 9617
9035 8338 8560
8824 8636 8531
9248 8874 7939
7504 8966 9108
7620 9939 7532
8423 7687 9202
8988 7897 8788
9638 7697 8241
9380 7715 8608
9859 8046 7280
7673 9755 8116
7426 10025 7155
7804 7398 9513
8666 8001 8981
9290 8972 7809
7569 9898 7834
7667 9901 7716
9112 8242 8590
9595 8731 7504
9634 7727 8248
7841 9914 7574
8130 7503 9399
9943 7669 7001
7719 7357 9568
9374 8326 8171
9581 8665 7594
7460 7788 9498
7687 9078 9000
8816 8489 8607
9811 8070 7540
7305 7455 9624
8261 9578 7944
8510 7819 9197
8292 8198 9145
7976 8798 9113
8362 9458 8191
8709 9541 7579
9187 8571 8266
7537 9845 7955
7021 8220 9553
7576 9976 7483
8841 9410 7737
7650 7713 9471
7922 8068 9299
8308 9532 8125
9459 7983 8314
9741 7990 7912
7393 10022 7365
8297 9220 8636
9159 9011 7840
8665 8088 8961
8823 7972 8960
9612 7808 8226
7722 9921 7529
8498 7879 9076
8450 8357 8905
8712 9458 7948
9515 7709 8435
8541 8676 8755
8553 9646 7731
8890 8440 8649
8335 7835 9247
8660 8037 8986
8577 7663 9154
8547 9479 7952
9426 7943 8387
9650 7686 8189
7628 9115 8942
7778 9932 7514
8388 9703 7740
8023 9420 8414
8867 9056 8200
8678 9430 8027
8961 9339 7667
9359 8276 8211
7208 9958 7589
9356 8657 8054
7453 7398 9608
8375 9717 7604
8762 7494 9088
9131 8116 8649
9253 8199 8475
8750 9517 7554
9831 7856 7705
8262 8530 8971
7589 7610 9525
7948 9105 8809
8623 9329 8198
9319 8331 8295
9719 7962 7970
7611 9568 8443
7743 9899 7615
8453 7533 9246
9117 8959 7971
9851 7986 7387
8482 9661 7501
8349 9759 7664
7897 7258 9508
8462 8259 8993
8107 9040 8709
9822 8183 7465
9877 7814 7560
8505 9548 7857
9290 8225 8446
9502 7877 8278
7609 9170 8934
7810 7477 9465
8634 7584 9130
9235 9153 7568
9663 7839 8142
7633 9498 8544
7583 9537 8597
8938 9226 7809
9919 7866 7106
7735 7257 9565
9163 7686 8797
7116 8428 9473
8234 9528 8128
9291 8174 8466
9560 7631 8353
8103 9594 8324
7943 8067 9307
8973 9318 7779
9005 7551 8921
9105 7806 8840
7898 9823 7760
8403 8292 9008
8778 9446 7718
8751 7524 9070
8616 8039 8982
8990 9080 7956
9880 7769 7549
8675 8714 8660
9079 8320 8543
8260 8892 8886
8450 8751 8840
8986 7599 8953
9945 7695 6942
7820 8360 9234
7483 8174 9456
9313 7742 8646
9937 7735 7351
7832 9923 7521
8876 7645 8993
9184 8006 8591
9876 7952 7282
7479 9001 9071
7929 7324 9499
9593 8739 7493
9422 7675 8560
9593 7736 8339
7418 7466 9577
7270 7389 9701
7882 9807 7866
7839 7305 9545
8335 8963 8757
8816 8697 8487
9799 7959 7570
9625 7781 8234
8357 7459 9296
8162 8689 8977
8713 9080 8317
9554 8508 7790
7907 9792 7795
8323 7336 9335
8551 7618 9231
7816 9354 8628
7870 7664 9392
7657 9350 8718
8145 7266 9422
7496 8550 9345
8128 9500 8369
8269 7318 9366
9011 9295 7727
7295 10057 7133
7688 9706 8308
7771 8818 9204
7422 9005 9092
7688 9234 8857
8260 7365 9375
8483 9038 8510
9182 7596 8787
9407 7700 8548
7484 9152 8977
8130 9371 8507
9115 8774 8216
7459 7916 9480
8019 9212 8698
7761 9279 8758
7951 8291 9289
8296 7549 9293
8094 9136 8667
8964 7630 8914
8896 7716 8974
7670 7791 9436
7971 7497 9439
7687 8922 9099
8647 8563 8744
8554 9127 8366
8669 9384 8033
7881 8806 9025
8024 9524 8402
7944 7343 9487
8606 7597 9130
8320 9091 8594
9738 8027 7873
9913 7785 7306
9561 8752 7573
8132 8623 9075
7998 9879 7432
9329 7970 8542
9812 8239 7375
9844 7809 7636
7484 9038 9060
8792 8396 8775
8995 9352 7554
9838 7878 7692
7981 7570 9427
8376 9709 7781
9666 8371 7716
7711 9201 8904
8224 7890 9249
8471 9658 7610
8738 9435 7854
7923 9322 8568
8621 7479 9182
7828 8804 9075
7505 9141 8977
7703 9626 8405
6909 7565 9714
8066 8876 8899
7634 9987 7317
7900 8638 9177
7911 9895 7406
8773 7975 8926
8550 8670 8784
8137 8061 9216
8359 8700 8870
8558 7539 9182
7465 8862 9176
7539 9276 8836
7619 9876 7812
7523 8085 9400
8742 9520 7731
9100 9199 7690
8499 9477 8097
8780 9327 7947
9090 8781 8222
9397 8162 8175
9606 8421 7788
7290 7380 9673
7583 9981 7357
8819 7616 9055
8788 7362 9084
8800 9459 7652
9012 8356 8575
9433 7696 8549
7691 9739 8182
7416 7332 9650
7546 9998 7192
8402 8702 8842
8400 9491 8178
8624 7864 9021
9553 7897 8233
7241 8829 9269
7576 8955 9101
8148 8739 8962
7659 7259 9597
9654 7726 8158
9899 7906 7503
7740 9864 7833
8335 8417 8933
9094 8377 8542
9333 7674 8664
7570 9935 7746
8708 8677 8590
7562 7810 9453
8762 7994 8909
8871 7552 8997
7760 9318 8676
8135 8744 9003
8986 7924 8791
8945 9405 7512
7625 7608 9472
8867 9391 7688
7851 9411 8519
7472 7405 9598
7986 8860 8981
7626 9567 8463
7410 8924 9163
7529 9223 8875
7422 10028 7335
7347 7405 9649
7788 9538 8414
8751 8773 8483
7796 8822 9115
9826 7952 7582
9900 7749 7532
8047 9088 8840
9111 9054 7858
9647 8269 7886
9910 7891 7430
9897 7755 7638
8036 7561 9332
8462 9267 8289
8959 8326 8631
9531 7686 8449
7834 7356 9500
8630 9148 8280
9174 9101 7818
7978 9868 7596
9605 7932 8207
8131 9406 8469
8393 9396 8310
8718 9423 7867
7595 9185 8941
7656 7570 9488
8519 9532 7975
9531 8025 8181
9685 8039 7888
7578 9155 8968
8002 7498 9436
8494 8157 9076
8375 7366 9300
7570 9283 8797
7277 7602 9629
7721 8825 9172
8246 9481 8252
8440 9626 7869
7768 7204 9578
8896 7590 8995
9547 7711 8416
9670 8663 7511
9666 7832 8123
7621 7464 9580
8559 8323 8920
8549 9552 7835
8395 7465 9284
7694 9673 8333
7538 7234 9642
8408 8123 9119
8644 9201 8205
8864 9323 7741
9929 7825 6966
8017 9134 8773
8320 8471 9022
8823 8982 8286
9772 8045 7735
9556 7694 8368
7566 9629 8415
7384 7342 9669
8216 7425 9395
8174 9780 7631
8279 7244 9361
8811 9332 7866
9578 7849 8272
9784 8022 7610
7531 9823 8095
8293 9023 8687
8815 9442 7693
7612 9880 7890
7860 7502 9460
7677 9830 8038
7412 10029 7272
8003 9853 7498
8321 7965 9194
7973 9854 7623
8951 7452 8996
7610 9531 8541
7699 9792 7953
7384 7402 9614
7861 8776 9152
7778 8780 9170
7644 8871 9157
7608 7489 9526
8320 9125 8545
8543 8983 8619
7366 8688 9354
7089 7638 9684
9487 8153 8185
9566 8799 7480
7691 7434 9593
7358 9560 8518
7993 8923 8923
8397 9302 8467
8630 7621 9106
7514 9948 7586
8096 8431 9147
7872 9897 7611
8950 7663 8920
7227 7372 9711
7246 7450 9703
9342 7614 8639
9633 7854 8175
9817 7902 7703
8105 7373 9446
8881 8110 8717
9139 8807 8120
7756 9132 8916
8408 8794 8721
8906 8812 8431
9394 8827 7720
9640 7740 8234
7729 9250 8849
8969 8454 8629
9261 8370 8415
9208 7841 8776
9254 7877 8625
7586 9604 8482
7670 8690 9233
8936 9252 7804
9726 7835 8009
7752 9282 8738
7543 8026 9469
9586 8391 8031
7471 9170 8944
7635 9683 8315
7782 8491 9250
7850 8863 9028
8376 8737 8846
8404 9713 7595
8946 9396 7536
8797 7556 9061
9202 8950 7863
9037 9247 7762
7270 7823 9568
7411 8002 9477
8277 9637 7927
9342 8542 8284
9015 7526 8915
9385 8089 8356
7577 9890 7842
7856 7282 9502
8258 8647 8971
8244 7597 9313
8599 8459 8850
8696 9313 7959
8314 9767 7556
9678 8014 8057
7483 9293 8827
7896 7616 9395
8045 7560 9348
8929 7588 8983
7719 8609 9210
7990 7553 9421
7518 10000 7394
8741 9114 8250
8916 7723 8962
9275 8321 8398
8251 8613 8984
8470 8286 8979
8622 8988 8470
7515 9100 9000
8259 9602 8019
7836 9851 7695
9523 7746 8428
9611 7782 8266
7886 8950 9023
8177 7448 9404
8301 9645 7814
9535 8554 7662
7695 8888 9137
8651 7814 9031
8502 9238 8273
9001 8650 8447
8467 7444 9262
9281 7795 8697
7292 8284 9544
8667 7787 9000
7361 7696 9592
8208 9368 8387
8604 7775 9111
9347 7970 8470
7333 8106 9531
9924 7733 7421
8548 9388 8252
8941 7813 8942
8932 7524 8965
9259 8429 8471
9667 8177 8097
9898 8018 7126
7388 8799 9245
7477 8980 9130
7780 9013 9016
7850 9382 8623
8487 9144 8476
9236 8696 8121
9204 8932 7832
9738 8073 7770
7315 8209 9462
7702 9125 8934
8306 7343 9335
8594 8689 8749
8938 9092 8151
9300 9131 7577
9571 8775 7538
9599 7762 8298
7427 8742 9302
7513 8085 9411
8500 9625 7836
8157 9778 7674
8587 7520 9234
8718 7349 9148
9789 8399 7380
7262 7961 9573
7892 8453 9187
7983 9478 8462
8177 9721 7994
8281 7597 9292
8693 8265 8855
9616 8455 7605
9825 8211 7303
8353 7604 9291
8557 8406 8870
8885 8795 8433
9579 8396 7800
7954 9880 7497
9491 8925 7516
9658 8486 7593
7622 9915 7810
7598 9100 8951
7508 8667 9289
7972 7574 9425
7810 8963 9017
8561 8931 8588
7570 7984 9446
8239 9776 7567
8714 8359 8807
8760 9269 8129
9787 8395 7469
7809 7679 9421
8132 9775 7933
8456 7453 9285
8206 9776 7602
9019 7890 8868
9490 7960 8366
9471 7787 8494
9838 7978 7454
7240 8524 9431
7616 9757 8209
9367 8150 8344
9621 8718 7451
7490 9962 7564
7685 8923 9058
7692 7554 9496
9252 7914 8615
9729 8313 7513
7303 8239 9501
8433 8325 8941
8267 7418 9363
9374 7749 8582
7613 9144 8943
8338 8396 9019
8012 9447 8435
8281 9760 7633
8505 7463 9236
9909 7926 7258
7748 9804 7880
8236 9708 7856
8572 8952 8582
8863 9328 7803
8952 9371 7542
9596 8727 7523
9774 7942 7967
8313 7641 9284
8553 8236 8972
9341 7934 8579
7249 8296 9547
7794 9098 8892
8533 9258 8269
9254 8553 8284
7282 8311 9528
7396 8792 9278
8558 9393 8122
9390 9014 7444
7588 9245 8873
7801 9214 8847
7651 9917 7729
8334 8483 8984
9160 8454 8478
7547 7510 9550
7480 9204 8900
7805 8975 8967
8266 9503 8175
9224 9180 7556
9404 7737 8567
7737 7698 9412
7954 7599 9420
8085 9255 8696
8708 7739 8999
8623 8032 9018
7654 7206 9599
8740 9285 7968
8531 7645 9197
9206 9131 7803
9513 7802 8471
7653 8433 9284
7916 9883 7596
8093 7313 9462
8708 9578 7762
8014 9270 8723
7701 7759 9411
8001 7265 9487
9338 8047 8452
9411 7912 8393
9384 8085 8392
7539 9011 9067
7366 9369 8757
8240 9752 7816
9608 7826 8226
8236 9765 7638
8107 8768 8906
9079 9061 7937
9933 7746 7415
7296 8473 9457
7430 7928 9529
8250 9744 7774
8859 7580 9025
9100 8286 8484
8942 8984 8244
9561 8451 7733
7505 9895 7859
7552 9990 7395
7894 7667 9390
8936 9391 7687
9472 8883 7596
9549 8808 7461
9543 8839 7608
7287 8927 9165
7528 7555 9532
8461 9557 7846
7395 8304 9416
8362 9722 7597
8771 9157 8174
9262 8452 8336
9524 8551 7833
7796 9916 7570
8377 9448 8369
8657 8001 9011
8986 8506 8522
7447 9019 9091
7307 7847 9538
8120 8745 9055
9042 8872 8332
9242 7980 8619
9837 8040 7441
9525 8886 7516
8416 8012 9166
8814 9440 7765
8858 8267 8749
9718 7967 8004
7273 8370 9492
8318 9666 7810
9906 7786 7507
7610 9765 8191
7370 8644 9342
7770 9248 8750
7950 9031 8861
8874 9369 7693
8758 9423 7834
9254 8064 8531
9659 7892 8151
9722 8535 7509
7536 9265 8839
9843 7894 7602
7574 9443 8650
7065 7614 9699
7766 7370 9537
7586 8084 9360
9149 9238 7606
9414 8679 7834
9449 7886 8523
8730 8491 8783
8744 8566 8624
8987 8691 8511
9806 8257 7381
9651 7720 8171
7783 9707 8161
7587 9952 7533
8835 7787 8949
9319 9023 7610
8408 8231 9064
8046 8644 9133
8098 9756 8018
8845 8226 8853
9151 9199 7655
7461 7692 9550
8350 9662 7785
8594 9124 8484
8927 7474 8995
9517 8122 8180
9536 7952 8215
7462 9950 7698
7596 9340 8780
8250 7478 9375
9865 7852 7566
8291 8645 8943
8852 8946 8334
9668 8066 7840
7046 7932 9645
7401 9418 8747
7871 7892 9345
9766 8520 7452
7451 8439 9400
9289 7789 8683
7208 10059 7190
7300 8359 9446
7939 9260 8729
7736 9260 8762
8156 9764 7686
8418 9482 8181
8593 7863 9124
9345 8534 8166
9834 7953 7511
7585 9163 8961
7905 9588 8337
8301 7241 9378
8261 8591 8949
8746 8491 8623
8464 9508 8008
8509 7422 9255
9083 9219 7789
9708 8296 7678
7507 8696 9274
7631 9136 8932
8542 7868 9085
8623 9085 8302
9368 8897 7800
9765 8380 7474
7378 8412 9439
7474 8548 9357
7445 9136 8991
8748 7522 9125
9185 8594 8385
9119 8773 8184
9517 8228 8157
7678 9267 8762
7665 9790 8138
7527 8893 9152
7522 10001 7383
8380 8843 8725
9496 7901 8234
9617 8748 7476
9806 8087 7476
9489 8894 7559
9725 8405 7531
7664 9559 8461
7359 10046 7308
8294 8491 9046
8071 9837 7689
8297 8438 9026
8589 9201 8339
9706 8315 7663
9712 7791 8058
7304 8427 9442
7453 9985 7521
7338 7374 9673
7468 9849 7979
7961 9107 8795
8211 7314 9414
8291 8438 9065
8155 9806 7497
8210 9769 7619
8437 9468 8189
9004 9212 7922
9325 7742 8634
7563 9369 8685
8486 7866 9158
8671 8237 8908
7698 9934 7530
8780 8488 8731
8773 8983 8248
8557 9628 7647
9506 7867 8402
9694 8031 7969
9592 8753 7492
7420 9004 9107
8265 7925 9225
8564 7328 9235
8850 9271 7980
8999 7573 8923
8864 9434 7672
9836 7719 7753
7676 9831 7962
7367 8039 9489
8132 8963 8830
8589 9206 8199
8826 9346 7841
9432 8829 7670
9510 8846 7574
9647 7817 8184
7719 7839 9393
8002 9861 7404
8395 9715 7519
9022 8773 8376
9479 8134 8187
9461 8911 7545
9911 7736 7465
7632 9650 8397
7442 8962 9147
7446 8758 9270
9224 8930 7833
8889 9435 7636
9274 8612 8105
9543 8243 8099
7403 7710 9541
7837 9300 8631
8022 9822 7755
7946 9876 7549
8609 9399 8121
8954 9378 7448
9210 9164 7666
9353 8994 7634
7297 9006 9099
7500 8530 9387
7894 8887 8973
8259 9364 8389
8836 7738 9049
9443 8489 8032
9813 8259 7172
7501 8924 9141
7006 7551 9721
7831 9826 7851
8651 7487 9178
9575 7933 8106
7645 9845 7923
8311 7660 9288
8930 9184 7992
8643 9584 7728
9212 7958 8649
9347 7788 8630
9804 7870 7882
7513 8441 9347
8345 9765 7586
9749 8124 7719
7217 8348 9518
7599 9867 7913
8491 7876 9108
9338 8929 7691
9405 8431 8105
9841 8188 7314
7450 8880 9179
7725 9856 7900
7988 8932 8950
7855 9376 8574
9379 8156 8247
9627 7880 8211
8069 7679 9323
7811 9386 8634
8995 9299 7756
7899 8670 9131
7690 8901 9063
8706 7493 9158
8918 7944 8861
9071 9330 7555
7241 7478 9633
7707 7324 9587
8688 9054 8430
8954 9169 8125
9390 8214 8229
9239 7699 8741
7277 7457 9648
8480 9632 7815
8345 9547 8098
9858 7803 7595
8191 8311 9079
8664 8975 8581
7508 9466 8656
8533 9481 7944
9145 8839 8095
9611 8375 7809
9398 7779 8568
7981 7445 9484
8433 9275 8440
9539 7965 8178
8276 8737 8882
8297 9254 8618
8917 9078 8185
9568 8066 8149
7145 8178 9582
7496 8158 9455
7913 9141 8741
9135 9259 7676
7766 9589 8388
7819 9177 8831
8904 9350 7720
9449 8912 7550
9293 7853 8602
7403 8910 9217
7964 7578 9431
8251 9791 7538
7804 9955 7456
7726 7196 9588
7417 9377 8752
7779 7649 9444
8867 9156 8176
8319 9676 7791
9468 8653 8020
9446 8446 8036
9542 8536 7826
9470 8928 7462
7162 7564 9665
7864 9845 7626
8242 7957 9200
8307 8424 9029
8551 7317 9237
8910 8792 8420
8942 9404 7596
9476 8153 8264
9621 8276 7894
9932 7797 7176
8062 8622 9080
7913 7609 9403
7496 10004 7342
8124 7129 9446
8891 9264 7813
8207 8269 9157
8446 9378 8297
8599 7406 9203
9196 8940 7898
9310 7650 8682
7606 9777 8180
7683 9876 7632
8039 8999 8902
8649 9099 8257
8375 7292 9313
9081 7892 8818
9349 8284 8365
9216 9165 7572
9371 8129 8428
7468 7301 9650
7551 8833 9224
9756 7968 7951
9016 7669 8913
8962 8005 8799
9130 9146 7696
9727 8502 7469
7245 8475 9452
8177 9421 8402
8212 7687 9268
8500 8082 9045
9227 8689 8191
9520 8881 7529
7093 7770 9682
7629 7390 9615
7573 9993 7163
8452 7910 9115
8710 9157 8249
8851 8481 8608
7928 8497 9185
7967 8960 8913
8766 8727 8545
9401 8302 8143
9549 7834 8309
9428 8957 7589
9364 9043 7542
9484 7808 8406
7311 8862 9231
7318 8201 9456
7759 9321 8710
8873 8479 8614
9033 9095 7868
7765 9027 9027
8504 8498 8874
8804 9319 7900
9434 8506 8049
9548 7700 8359
9417 8906 7649
7478 9471 8656
7848 9868 7666
8394 9287 8501
8727 7723 9051
9203 8934 7934
7572 9598 8483
7621 9743 8245
8372 9583 7885
9648 8503 7531
7169 7594 9652
8361 7295 9316
8937 7588 8955
9428 8846 7650
9462 7789 8525
9774 7953 7961
9792 8269 7339
7389 8320 9408
7587 9850 7941
8769 9222 8084
9148 8675 8203
9093 9011 8070
9115 9238 7680
9631 8708 7577
9646 8712 7527
7196 7624 9631
7611 9681 8361
7769 9938 7506
8699 7609 9069
9515 8756 7715
9524 8753 7655
7324 8652 9379
7731 9800 7905
7271 8509 9434
7471 9422 8716
9197 8267 8573
8841 7612 9004
9526 8714 7657
9366 7780 8558
7323 8653 9367
7010 7448 9732
7653 9739 8214
7175 7519 9637
7690 7701 9413
9043 9025 7988
9074 7853 8829
9788 8211 7425
9942 7739 6987
7570 9693 8333
7931 9015 8915
7958 9135 8738
8380 9707 7717
9281 7809 8644
9743 8132 7657
9327 9086 7467
9665 8676 7434
9761 8422 7460
7576 9354 8710
8052 9844 7503
9116 7776 8882
9424 8964 7590
7567 9118 8992
7872 9535 8383
8683 8177 8862
8931 7641 8978
9144 8739 8222
7662 9126 8937
7453 10016 7257
7817 8236 9299
7965 9575 8372
9360 8560 8154
9781 8399 7468
7248 8881 9229
7280 7426 9698
7445 8033 9463
7609 9900 7816
8843 8396 8710
9355 8919 7817
7382 8178 9448
7761 7371 9537
8701 8997 8322
8900 9407 7670
8903 8000 8890
8223 9553 8322
8459 9681 7694
8637 8221 8911
9316 8091 8473
9241 9141 7583
7504 9594 8500
7525 9950 7562
8381 9053 8686
8842 9459 7510
9531 8877 7529
9369 9042 7600
9482 7735 8504
9488 8905 7591
7157 8527 9442
8706 9282 8171
8812 8236 8792
9099 9039 7871
6951 7597 9702
7014 7655 9687
8023 7395 9429
8344 8066 9190
9138 8094 8676
8965 9346 7555
9247 7963 8624
9179 9251 7591
9768 8216 7505
8258 8504 9014
8480 8673 8824
9317 9102 7593
9350 7712 8631
9780 7996 7687
7078 8079 9610
7620 9796 8152
7440 7314 9628
7840 9830 7760
8224 8215 9103
8519 9415 8052
8245 9609 8095
8471 7269 9301
8806 7798 8976
9147 8710 8204
9260 9145 7555
9705 8553 7528
7562 8539 9342
8103 9498 8389
7946 9484 8441
8621 8434 8850
8619 9378 8072
8948 9059 8131
9472 7816 8439
7135 7912 9632
8568 8043 9012
9423 7773 8543
9861 8160 7249
7819 9438 8589
7885 9833 7756
8031 7735 9362
8286 8785 8839
8875 7480 9031
9300 8188 8443
9535 7665 8422
9355 8969 7645
7712 9783 8109
8016 9706 8202
8441 9416 8203
8952 8934 8224
9145 9281 7656
9847 7915 7456
7361 8594 9386
8174 9310 8530
7867 9448 8502
8464 8252 9037
8909 8794 8419
9372 8985 7598
9396 8976 7634
7749 9286 8755
7414 7491 9584
7747 8325 9277
8113 7529 9348
8978 7603 8917
9194 7862 8755
9594 8500 7578
9559 8795 7586
9675 7744 8156
9707 8580 7434
8215 9244 8651
8720 8634 8668
8731 9295 8081
8857 8993 8209
9094 8232 8619
9156 8518 8467
9076 9119 7817
9288 8253 8406
9260 7806 8697
9380 9039 7592
9631 8709 7538
9798 7913 7758
9874 7832 7536
7473 9494 8652
7524 8851 9218
7807 7460 9480
9279 8582 8177
9126 9024 7900
9283 7824 8628
9680 7814 8137
9737 7943 7982
7568 7256 9624
7993 7875 9342
7876 8441 9223
8336 8763 8878
8360 7355 9324
8387 8508 8918
8999 7717 8910
9243 9120 7596
9813 7873 7818
9855 8055 7272
7639 9799 8039
7464 9041 9070
7770 9767 8075
8060 9299 8568
8324 9206 8527
8354 8762 8856
9474 8158 8166
9247 7830 8696
7543 9255 8850
7507 10003 7493
8474 9015 8569
9218 9211 7487
8362 8413 8951
8762 8649 8551
9007 7575 8919
9329 8115 8459
9333 7984 8484
9439 8989 7575
7134 7700 9667
7314 8217 9510
8568 7942 9031
9058 7871 8827
9544 7803 8363
7361 8430 9415
7037 7654 9692
7432 9952 7650
7565 9587 8506
7406 10006 7376
7315 8518 9424
7418 9435 8698
7792 8510 9183
7920 9892 7487
9521 7785 8426
7402 8594 9347
7069 7660 9686
8123 9406 8564
8388 9569 8046
8474 7998 9093
8724 8867 8451
9324 8866 7987
9506 8402 8054
9646 8312 7863
9495 8895 7557
9717 7851 8029
7932 9023 8881
8880 9424 7672
9906 7942 7325
8723 9206 8142
9040 7813 8861
9169 7871 8750
9322 9116 7495
9307 9098 7650
9435 8939 7625
9756 8072 7714
7463 9850 7992
8487 8886 8719
8974 8569 8606
9026 8495 8522
9679 8195 7720
7641 9769 8152
7175 8033 9631
7500 10020 7235
8709 9281 8148
9454 8857 7633
9312 9108 7611
9516 8767 7667
9573 8777 7449
7589 9454 8644
8321 7172 9369
8697 9081 8381
8465 9257 8448
8691 8899 8542
8711 9279 8158
8680 8512 8761
8752 8845 8478
8878 9322 7844
8885 7496 9023
9209 8071 8486
9390 8030 8425
9478 8066 8208
7568 9118 8977
7411 9459 8696
7437 7334 9640
7780 9768 7975
7480 10015 7275
8598 9185 8322
8507 9656 7703
8523 7307 9260
9129 7840 8783
6976 7524 9722
7019 7595 9711
8173 8545 9098
7884 9347 8596
8790 9465 7636
8835 9471 7527
9311 9088 7694
9469 8683 7794
9850 8100 7268
8162 7433 9408
8819 9471 7582
9252 8614 8265
9591 7777 8268
9945 7667 7193
7219 8116 9588
7869 8006 9372
8299 9214 8606
9342 8962 7683
7303 10055 7298
7131 7880 9674
7845 7726 9375
8339 9595 7925
8600 8005 9026
8650 9299 8048
8791 9491 7611
9397 7596 8581
9803 8301 7321
8398 8582 8852
8477 8765 8730
8801 9406 7788
7526 9087 9050
7576 9937 7609
7166 7662 9640
9072 8234 8635
9030 9329 7569
9568 7796 8317
7564 9438 8665
7099 7924 9639
7414 8913 9177
8752 9199 8229
9118 7741 8838
9214 9188 7644
9904 7725 7532
7217 7627 9613
7684 8648 9220
7792 9851 7701
8092 9659 8297
8345 7310 9328
8802 9391 7787
9434 8908 7641
7206 7675 9623
7545 7303 9616
8306 8069 9145
8295 8404 9034
8673 9062 8413
9033 7572 8900
8618 8630 8725
8322 9571 8012
8350 8798 8793
8749 9481 7774
8994 7522 8955
9199 8115 8503
9133 9163 7681
9654 8376 7738
9718 8494 7517
7812 9274 8719
8751 8760 8490
8984 8404 8528
9251 8817 8083
8858 9455 7676
9168 8894 8041
9764 8188 7611
9368 9057 7524
9695 7756 8140
7554 9064 9039
7718 9695 8243
8467 9158 8543
9480 8000 8230
9182 8921 7998
9743 8456 7498
9705 8608 7498
7616 9721 8271
7612 9800 8088
7523 9994 7366
7798 8662 9157
8042 9733 8038
8763 7393 9142
8698 9582 7742
9341 8939 7685
9699 7947 8033
7196 8148 9570
7887 7280 9535
8342 7205 9335
8457 9615 7863
9209 8817 8095
7117 7517 9725
7233 8023 9575
7463 8895 9166
7740 9967 7504
7879 9926 7473
8742 8796 8496
9305 7718 8718
9867 7966 7385
7324 8778 9321
7445 9273 8863
7775 8518 9203
8589 8106 8965
8709 9524 7597
9314 9025 7755
9908 7971 7098
7557 9405 8687
7691 9793 8052
7982 8679 9086
8511 9214 8408
8234 9783 7551
8914 8086 8716
7414 8848 9226
7567 9355 8738
7733 9582 8406
7962 7305 9499
8681 9502 7878
8527 7262 9268
9019 9175 7955
9430 8993 7534
7329 8717 9308
7767 9828 7789
7998 9713 8145
8137 9295 8590
9179 7952 8725
8703 9579 7534
9231 7793 8733
9535 7973 8154
7739 9898 7624
8592 8508 8794
8508 9016 8498
8910 8008 8841
9029 8904 8228
7372 8546 9396
7509 9412 8732
7552 9995 7324
7699 7522 9511
7628 9855 7934
8407 8469 8883
8382 7258 9333
8448 9705 7538
9342 7790 8566
9633 7806 8231
9569 7732 8347
7549 9804 8067
7590 9792 8182
8442 7243 9326
8033 9852 7543
8802 8639 8566
9413 8785 7921
9868 7776 7631
7323 8167 9483
8296 8484 9010
9554 8511 7661
9782 7966 7777
7217 7476 9677
7989 9479 8407
8197 7547 9340
9153 8279 8553
9004 9301 7670
9350 7762 8605
9539 8591 7642
7616 9730 8270
7851 8849 9052
7527 9983 7486
8013 8831 8907
8309 7219 9375
9125 8204 8711
9001 7718 8897
9499 8919 7539
9823 8155 7351
7749 9775 7960
7478 9425 8701
8128 7307 9437
8030 7518 9380
8660 8865 8600
8898 9229 7948
8879 9444 7611
8631 7507 9159
9152 8807 8113
9138 8859 8084
9009 9361 7533
9716 8493 7535
9486 8874 7623
7629 9748 8228
8498 7776 9198
9299 7795 8677
9181 7744 8784
7187 8491 9472
7484 9112 9017
7480 7567 9535
7750 7231 9567
7725 8029 9319
7965 8520 9154
7876 9162 8848
8593 7910 9069
8548 8989 8566
8462 9669 7519
9291 7800 8649
9378 8868 7660
9393 8923 7643
7621 9341 8775
7080 7364 9728
7753 7445 9510
8057 8800 8990
8847 8852 8474
8858 9240 7908
9116 9191 7682
9463 8284 8168
9406 7688 8570
7239 8140 9568
7535 8697 9226
7699 9723 8198
8079 7516 9365
8411 9247 8470
8393 9312 8391
8906 7520 9001
9485 8582 7858
9166 9222 7644
9666 7806 8155
9495 8891 7566
7132 7508 9699
7071 7388 9727
7457 9186 8951
8615 9167 8344
8783 9512 7685
9230 9162 7587
7537 9946 7673
7284 7375 9680
7872 9281 8662
7979 9580 8333
8329 7227 9336
8628 8868 8686
8471 8944 8710
8616 7437 9200
9341 8663 7951
9472 7743 8509
9577 8750 7520
9582 8585 7589
7080 7534 9692
7720 9933 7559
8130 9038 8794
8285 8909 8838
8565 7728 9145
9057 8322 8592
9116 8978 8180
9270 7733 8730
9797 7944 7618
7219 7787 9603
7560 9213 8881
7464 7623 9476
7796 8703 9153
8239 8654 8960
8567 9177 8343
8756 9427 7856
9297 8054 8511
7326 7408 9635
7939 7387 9494
7859 9931 7471
9313 8391 8370
9152 7693 8788
9255 9149 7564
9243 9199 7555
9445 8972 7537
7603 9622 8445
7768 7231 9555
8152 9836 7661
8214 7407 9401
9146 8060 8667
9061 8669 8341
9366 8246 8189
9302 8808 8029
9309 7717 8715
9710 7924 8075
6989 7660 9693
7322 8693 9376
7837 9383 8570
8398 9658 7714
8917 9247 7899
8629 9624 7814
9675 8272 7807
9954 7656 7368
7642 9716 8278
7529 8617 9252
7550 8141 9366
8446 8383 8879
8209 9324 8519
8632 8794 8639
7541 9350 8809
8140 7255 9427
7982 9441 8464
8384 7752 9221
8531 9157 8391
9218 8484 8328
9329 8955 7821
9091 9197 7694
7800 9077 8857
7403 9000 9115
7142 7634 9688
7147 7697 9650
7686 9708 8207
7453 7389 9619
8146 7434 9410
8473 9645 7732
8959 9362 7622
7185 8150 9561
7179 8701 9327
7600 9264 8835
7562 9393 8729
7642 8441 9344
7852 9318 8617
7926 9300 8580
9266 9092 7736
9029 7673 8911
9236 7777 8739
9101 9327 7664
9789 7909 7925
7224 8056 9571
7236 7776 9601
8206 9724 7821
8270 9713 7752
9126 8946 7964
8843 7572 9050
8905 9403 7652
9461 7831 8537
7035 7576 9711
9087 7944 8774
9252 8642 8213
7620 9862 7930
7904 9462 8488
7965 9449 8484
7862 9493 8430
8398 8375 9002
8562 8554 8794
8841 7501 9083
7730 9235 8775
9158 7681 8806
9286 8037 8566
9356 7783 8602
9274 7728 8728
7476 9955 7593
7396 7444 9611
8043 7358 9451
8737 8866 8477
8679 9563 7833
9518 7794 8375
9724 8536 7463
7591 9060 9004
7576 9097 9035
7470 10014 7323
7758 9402 8684
8003 9845 7583
8347 8841 8784
9325 8558 8155
7331 9366 8774
9562 7794 8324
7577 9628 8427
8073 7942 9282
7406 9379 8748
8334 7209 9335
9343 8067 8435
9819 7882 7663
7302 8820 9254
7390 10043 7347
8302 8797 8818
8639 7391 9193
8924 8925 8405
8860 8791 8455
8691 9370 7971
9709 8191 7825
9578 7829 8308
9956 7624 7021
7597 9505 8583
7083 7624 9689
7380 7494 9559
8406 9551 7902
9469 8039 8305
9739 8038 7833
7655 9492 8641
7190 7496 9645
8341 9089 8684
8583 9234 8252
8808 8641 8548
8836 9387 7774
9029 7714 8897
9842 7774 7692
7436 9021 9081
7715 9531 8487
7602 9767 8203
8066 8781 9040
8021 7436 9444
8356 9354 8423
8666 8784 8699
8968 9131 7999
9090 9176 7745
8820 9414 7779
8878 9430 7643
9368 7662 8620
7234 8633 9401
7481 10008 7258
8585 9252 8204
8852 7552 9068
7582 9341 8789
7669 9898 7788
8075 9798 7763
7608 9980 7400
8717 8382 8798
8638 9616 7632
8418 7363 9290
9084 8540 8458
8968 9376 7522
9380 7716 8600
9501 8622 7845
9838 7702 7730
7514 8824 9239
8672 9037 8439
8995 8648 8464
8867 8723 8443
9683 7758 8153
9495 7694 8485
9723 7729 8101
7281 8506 9436
7509 9957 7550
7324 8788 9298
7789 9795 7890
8724 9517 7761
9460 8139 8288
9645 7849 8155
9562 8807 7509
7239 8413 9464
7556 9502 8602
7801 9612 8332
8081 9015 8844
9070 8062 8723
9448 8930 7453
9573 8753 7536
9818 8208 7472
9643 8564 7614
9725 8122 7801
9804 8235 7512
9866 7987 7531
8108 8113 9156
9801 8222 7513
8460 7975 9062
8416 9696 7744
7713 8264 9312
8266 9709 7731
9732 8268 7578
7726 7634 9530
7930 7633 9410
7911 9839 7697
7977 7708 9379
8791 9191 8072
7610 7855 9453
9712 8126 7786
9611 8594 7646
9718 8448 7589
8006 9847 7693
9062 8981 8026
7593 8101 9373
9611 8484 7689
9226 8861 7956
7622 7528 9578
7911 9861 7617
8445 7987 9067
9880 8041 7463
7608 7909 9457
7147 7380 9699
9209 9112 7705
9759 8339 7506
8852 9372 7836
7722 9913 7560
9393 8389 8240
7607 8457 9315
8345 9520 8100
9615 8310 7821
8004 8291 9266
7540 7940 9454
8824 9243 8001
7653 9890 7562
9793 8308 7468
9778 8226 7518
9744 8387 7553
8783 9063 8262
7691 7597 9564
8249 9727 7738
7381 9524 8571
9812 8238 7401
8270 8082 9143
8445 9668 7724
7370 10050 7234
8711 9467 7786
9513 8144 8308
7362 7383 9648
7325 8418 9453
7494 8208 9415
8200 7515 9368
7193 8661 9358
7560 9668 8304
9535 8689 7688
7706 9960 7408
9033 8984 8081
8657 8303 8862
7127 7843 9661
9458 8560 8004
9499 8861 7569
9788 8345 7295
8036 9838 7610
7652 9884 7760
7799 9899 7489
8748 8289 8795
7186 7970 9615
7931 9857 7657
7568 9247 8830
7255 8959 9149
9834 8116 7383
9948 7672 7289
9039 8986 8028
9762 7936 7732
7266 7968 9562
8411 9516 8033
9678 7830 8191
7306 8260 9477
7980 7997 9269
8200 8033 9176
9619 8165 8121
9840 8231 7346
9211 8737 8051
7538 9885 7816
7646 9960 7452
8900 9161 7997
9924 7938 7389
8696 9553 7704
7287 7398 9669
7994 7708 9347
8520 7526 9217
7292 8239 9489
7961 8035 9297
9779 8310 7492
7614 9997 7304
9638 8633 7532
9747 8247 7710
8212 9769 7615
9587 8019 8222
9731 8447 7503
8748 9079 8256
7360 8611 9337
7632 7850 9468
7161 7518 9683
8008 7942 9308
7454 10043 7241
9491 8876 7505
7193 8063 9560
8350 9707 7767
8757 9473 7697
9779 7870 7830
9800 8244 7411
7218 10050 7330
7657 8597 9227
8386 8719 8857
8812 8300 8760
7410 9774 8177
8056 7709 9319
9573 7812 8336
9673 7968 8077
9828 8205 7423
9680 8523 7557
7222 7778 9632
8638 8108 8944
8251 7906 9216
9022 9092 8050
9555 8783 7493
9955 7767 7262
6968 7301 9744
7076 7324 9737
8234 9686 8019
7885 7572 9486
7220 8196 9538
7573 9795 8026
7886 7988 9325
8025 9832 7671
8947 9038 8120
9214 9049 7922
7310 8955 9147
7752 8727 9130
9451 8576 8162
9705 7911 8083
9501 8268 8216
8159 9664 8043
7895 9910 7422
9030 9167 7869
7182 8220 9510
7702 9969 7375
7630 9938 7522
9766 7765 8039
9818 8227 7404
7661 7652 9507
8166 9777 7610
9044 8939 8088
8663 8052 8959
7052 7403 9734
7646 7324 9613
9776 8159 7588
7466 8996 9113
7135 7324 9719
7065 7621 9710
7813 7625 9485
8412 9103 8731
8645 8416 8880
8214 8223 9150
9689 8211 7755
7837 7797 9480
8096 7441 9431
9650 8615 7609
9477 7706 8492
7860 9873 7563
8670 8627 8700
9792 8150 7519
6954 7637 9708
7719 7538 9535
9679 8527 7652
7458 9954 7596
7351 7732 9592
7419 7829 9551
7645 9611 8383
8256 8982 8833
7424 8042 9477
8445 7465 9304
8237 9761 7687
8471 7818 9191
9339 7916 8578
9423 7853 8466
9733 7892 8016
9867 7824 7748
8361 7654 9250
7085 7418 9715
7673 9074 8994
9737 7813 8085
7847 7943 9370
8035 7599 9476
8476 9663 7623
9880 7936 7489
9660 8618 7537
7525 8862 9256
7307 8658 9344
7504 8681 9284
7959 8827 9083
8682 9457 7801
8933 9248 7888
9625 8361 7790
7504 9982 7398
7324 7295 9703
8313 9496 8145
8591 8086 8976
8602 7442 9193
6916 7458 9722
9253 8969 7806
7486 7436 9620
8819 8926 8383
8859 9156 8059
8405 7838 9137
7373 9466 8677
7291 8699 9344
7660 9833 7914
8788 8257 8786
9362 8664 7952
9402 8739 7778
7194 7998 9614
7142 7607 9677
7782 9771 8025
7492 8845 9258
9631 7812 8221
8867 8280 8712
9228 8918 7846
9531 8616 7936
7319 7328 9696
7708 8398 9287
8767 9451 7842
8654 9516 7878
9710 8168 7829
7432 9944 7686
8356 7466 9341
9565 8780 7490
8422 8920 8792
8183 8832 8937
7577 9911 7590
8182 9802 7562
8631 9554 7741
8530 7701 9138
7468 10025 7169
7795 8686 9127
8341 9663 7934
9543 8785 7592
7131 8007 9582
8110 7752 9271
7707 9955 7331
9479 8881 7577
9683 8591 7485
9746 8451 7491
9437 8789 7755
9650 8038 7973
8185 8611 9051
9038 7847 8837
7354 8885 9217
9904 7995 7311
8136 7512 9412
8280 7472 9361
9530 7669 8400
7547 9542 8532
8372 8750 8874
8033 9851 7549
9483 8807 7677
9774 8307 7541
7133 8198 9537
8255 9720 7694
8080 9784 7751
8596 8028 9023
9597 8713 7521
9636 7916 8210
9763 7878 7953
7938 7516 9512
8459 7409 9309
9959 7765 7283
8579 8693 8720
9044 7900 8808
9628 8288 7861
9567 8438 7828
7208 7681 9636
7572 8118 9391
8311 9138 8685
8505 7489 9247
9484 7686 8455
7610 9899 7632
7582 8603 9226
8120 9411 8457
8370 7789 9244
9793 7983 7640
7239 7878 9591
8381 9485 8132
8871 8868 8396
8627 9575 7756
9316 8235 8438
9799 7656 7924
7423 8540 9366
7956 7980 9318
9460 8917 7494
9714 8523 7454
7379 9732 8276
7745 7605 9492
7980 8620 9107
8086 9234 8697
7610 9600 8429
7784 8709 9128
8348 8741 8895
8669 9498 7919
8469 7551 9246
8810 9483 7532
9529 8636 7878
9663 8645 7465
9441 8936 7496
7475 9256 8906
7550 8963 9131
7443 9957 7683
7077 8183 9550
7518 9995 7387
8073 9444 8490
8396 9666 7760
8971 8926 8226
8802 9284 8043
8007 9443 8521
8363 9328 8495
8873 9145 8044
9705 8166 7906
9945 7789 7392
7445 9744 8268
9488 8521 8001
9141 9248 7759
9758 7948 7816
8393 8045 9091
9161 9013 7929
9376 8989 7592
7888 8744 9088
9597 7931 8190
9702 7783 8130
9514 8224 8306
9337 9056 7567
9443 7804 8485
8042 9838 7538
7166 7834 9640
7542 9181 8867
7273 7887 9558
8096 7443 9430
8339 8765 8896
8723 9543 7669
8032 7390 9482
9519 8008 8388
7103 7760 9678
7367 8351 9441
8296 8688 8997
7598 10006 7229
7512 8881 9201
7504 9189 8921
8102 8048 9195
7548 8852 9157
7544 7244 9652
8283 8568 9041
8248 7447 9371
9346 8886 7713
9677 7852 8175
9892 8005 7483
9830 8226 7385
7901 9906 7472
8425 9308 8520
9330 8719 8096
8116 9092 8912
7233 8601 9358
8289 7558 9274
8222 9723 7749
7550 7247 9651
8017 8932 8993
8278 7511 9336
8810 8238 8806
7478 8863 9269
8233 9306 8600
9286 9074 7676
8457 9675 7658
8343 7554 9315
8520 7444 9260
9373 9020 7559
7893 7466 9560
8368 8752 8876
8631 8470 8868
8132 8091 9174
8241 7638 9362
7589 9992 7357
8980 7626 8964
9450 8810 7722
8833 9449 7794
9726 8579 7452
8212 9168 8750
9307 9103 7539
9412 7823 8555
9681 7897 8158
8197 7497 9394
7437 8272 9423
7697 9974 7446
9293 9084 7619
9513 8856 7533
8682 8268 8856
7753 9455 8617
8447 7555 9300
9892 8126 7336
8898 7550 9014
7344 8710 9315
7702 9875 7654
8362 7502 9320
8276 7945 9185
8683 9544 7745
9276 8861 7896
7594 9926 7552
9870 8137 7369
9565 8527 7853
7226 8230 9500
8548 9028 8598
8913 7972 8838
7632 9475 8603
9082 8960 8034
9613 7871 8308
8615 7829 9033
8829 8318 8741
9640 8274 7873
9546 8830 7448
9549 7855 8327
7520 10021 7341
7656 9985 7314
8611 7557 9160
8593 7430 9195
9146 9252 7737
7490 9794 8153
8262 7399 9368
8201 7371 9442
9786 7839 7837
9799 8118 7521
7572 9415 8703
7537 8029 9493
7532 9940 7555
8248 7789 9253
9710 7892 8039
7929 8560 9134
8563 8779 8777
8581 9435 8165
7888 9915 7440
9305 8574 8169
7609 7328 9606
8037 7783 9330
8316 8738 8903
9146 9134 7776
9855 8200 7368
7422 10033 7307
8386 9229 8556
8887 9187 8001
8621 7416 9173
9794 8145 7606
7655 9937 7458
8849 9219 8023
9019 9116 7918
9394 9008 7572
7283 8716 9307
7377 7559 9612
8756 9482 7696
7973 7476 9498
8734 9205 8134
8907 9040 8335
7783 7968 9447
9043 7883 8809
8902 9351 7797
9555 8132 8191
9948 7836 7285
7129 8256 9512
7475 9938 7618
7754 9269 8792
8557 9089 8590
9811 8023 7590
8155 9124 8771
8545 9615 7822
8663 8064 8936
9944 7832 7394
8577 7752 9115
8495 9383 8185
9250 8266 8477
7522 10005 7268
7522 7318 9633
8499 7497 9250
9684 8236 7813
7191 8449 9440
7569 7228 9645
9535 8814 7527
8219 9587 8288
7969 8258 9286
7761 9938 7397
7524 8277 9405
8627 9285 8214
9132 9201 7781
7888 8943 9026
7961 9513 8441
8338 8767 8888
8726 8316 8806
8691 7449 9119
8455 9703 7612
8284 8409 9105
8932 8532 8644
9381 7880 8566
7356 8538 9383
8528 7950 9035
8919 7607 8997
9748 8417 7511
8074 9074 8949
8262 8914 8918
8594 8066 9001
9738 8110 7716
7563 9996 7332
8160 9411 8453
7958 9416 8543
8439 7609 9193
8581 7614 9175
9511 8643 7715
7117 7688 9697
8555 7826 9110
9392 8173 8541
9577 8751 7556
9698 7888 8158
7450 8719 9292
7417 10002 7447
7144 8235 9532
7869 9908 7465
8813 9179 8065
8907 9112 8096
7497 9873 7854
7761 9914 7441
9137 8912 8052
9405 8283 8411
9412 8956 7525
7548 9718 8262
8256 7702 9260
9317 8694 8139
9398 8422 8166
9472 8744 7760
9923 7738 7398
7294 10032 7385
7629 8081 9403
8731 8958 8375
8332 9233 8618
8576 7892 9056
9382 8806 7737
9433 8154 8400
8621 9256 8239
8477 9536 7988
8810 8380 8724
9593 8340 8093
8648 8814 8710
8354 8065 9053
8709 9378 7995
9143 9040 7982
9245 8705 8132
7119 8072 9592
7571 9995 7366
9004 8890 8169
9420 8874 7673
7109 8577 9396
7994 8788 9059
7555 8039 9437
8317 7977 9179
7135 7395 9712
7234 7990 9602
8596 9322 8137
9320 9093 7490
8264 9369 8442
8761 8162 8935
8519 7449 9222
7429 10046 7301
8665 8413 8825
8940 8977 8173
8847 8054 8790
7746 8929 9040
7665 7193 9603
7611 10003 7211
8605 8031 9004
7418 8892 9215
7944 7479 9514
8532 9238 8348
8826 7825 9003
9097 8734 8340
9128 9283 7746
9828 8267 7320
7857 9815 7810
8579 8232 8975
9138 8337 8587
9221 9184 7614
9382 8960 7652
8251 9376 8464
8547 8788 8773
8473 9042 8697
8508 7446 9266
8864 7638 9010
9567 8407 7846
7186 8017 9579
7644 9978 7425
8012 9528 8388
8291 8905 8856
8588 8173 8951
8833 8908 8421
9454 8901 7524
9816 7817 7867
7482 9665 8323
7612 7299 9621
8221 9588 8250
8397 9134 8746
8926 9335 7797
9601 8755 7465
9611 7888 8212
9786 7821 7950
7148 8043 9576
7538 9518 8559
8658 9388 8122
9049 8408 8536
9235 8391 8470
9661 7856 8185
8461 8426 9044
8651 8765 8692
8641 7448 9167
9687 8634 7476
9755 7993 7749
7539 7251 9638
7409 8278 9428
8677 8181 8870
8635 9533 7913
9278 8574 8262
9193 9200 7716
7181 10037 7392
8106 7295 9455
7905 9568 8341
8003 9889 7521
9214 9130 7664
9017 9330 7737
7476 10014 7433
7208 8303 9498
9829 8309 7300
7956 7846 9356
8666 9400 7989
8782 8408 8724
9369 8440 8259
8014 7849 9277
7826 8567 9150
8860 8758 8527
8493 7513 9235
8930 8878 8309
9321 8298 8313
9829 7797 7914
9555 8746 7566
8159 9221 8646
8557 8914 8651
8786 8364 8733
9291 7904 8638
9070 9304 7689
7851 7959 9357
8868 9142 8221
9244 8352 8574
9475 8402 8177
9856 8112 7456
7421 9992 7542
7841 9434 8550
7970 7708 9383
8515 7399 9261
8726 9051 8444
7236 7856 9624
7402 9943 7689
8338 8646 8961
9700 7916 8068
7517 9546 8543
7897 9431 8535
7630 9922 7541
8252 7481 9351
9733 8514 7494
9757 8432 7422
7525 9926 7687
7398 7871 9512
7258 8969 9146
7870 9642 8195
8616 8987 8564
8608 7460 9190
9482 8056 8457
7999 7408 9509
7998 9864 7532
8572 9217 8338
8988 8493 8641
7643 8909 9117
7956 9376 8641
8164 9807 7498
8337 9751 7635
8725 7460 9096
8991 9141 8043
9366 8635 7982
7158 8293 9510
7576 9525 8523
7945 7285 9522
8709 7440 9114
9633 8148 8013
9737 7822 8046
7544 9336 8853
7553 9335 8844
8404 8789 8835
8329 9022 8785
8780 9503 7684
7481 9768 8159
8126 7723 9290
8737 8902 8560
8865 8042 8839
8798 7678 9032
7528 9863 8026
7465 9362 8791
8103 9156 8758
8466 9680 7602
7550 9697 8317
7364 9941 7696
8468 7847 9111
8291 9382 8387
8586 9550 7813
8504 7463 9249
8639 7625 9131
9329 7820 8669
9776 7762 7990
7555 9901 7679
8717 7428 9120
9132 8221 8722
9628 8182 7991
9753 8247 7563
7528 9746 8209
7329 10009 7442
7724 8431 9244
8410 9078 8732
8524 7620 9153
9281 8454 8343
9696 7897 8141
8686 8630 8668
8556 9630 7477
9891 8049 7354
8519 9557 7889
8825 9355 7950
8752 7605 9086
9176 8825 8196
7488 9413 8750
7254 8754 9303
7806 9641 8282
9946 7740 7314
7083 7453 9701
7594 9510 8568
8329 8532 8985
8681 9504 7879
9284 9095 7644
9853 8114 7378
7305 7331 9715
7816 7238 9574
8312 7985 9116
7557 9986 7383
8928 8747 8593
9818 7890 7829
7662 8079 9433
7743 9954 7329
7877 8087 9298
8378 9719 7637
7040 7558 9718
7734 9878 7575
8609 7694 9145
7487 9904 7800
7564 7299 9631
8180 9057 8761
8508 7867 9099
8655 8925 8636
7556 9423 8745
7867 7582 9524
8585 9187 8547
8232 9785 7604
8752 8783 8585
9118 7705 8886
9156 8619 8387
7123 7474 9684
7214 8122 9551
7479 8630 9311
7348 7335 9676
7735 9945 7431
7459 7274 9668
8152 7501 9380
8455 9279 8437
9157 8709 8296
9315 9097 7580
8309 8026 9175
8607 9579 7768
8220 9792 7535
8883 7562 9018
9491 7593 8425
7517 9820 8103
7768 9829 7721
7769 7398 9584
8054 9408 8570
8476 9290 8276
8498 9326 8217
8412 7965 9101
9530 8084 8229
8465 7897 9094
8903 8019 8875
9769 7690 8006
9951 7768 7260
7592 9651 8346
8065 7507 9423
8658 9392 8099
8835 7595 9067
9079 7935 8785
9187 8646 8229
9749 8003 7867
9865 7765 7754
8735 7583 9092
8892 9427 7813
9407 7942 8502
7869 8508 9178
8715 9408 7977
8929 7615 8972
9660 8631 7477
7276 9945 7722
7519 9389 8767
9030 7914 8828
9886 7890 7668
7703 9741 8131
7344 8510 9405
7712 9795 7918
7066 7367 9719
7937 9535 8461
7710 9824 7816
7960 7833 9333
9438 8151 8431
9910 7869 7421
8175 7447 9416
8519 9383 8184
8598 7413 9200
8736 8513 8692
9305 9038 7597
9367 7978 8576
9251 8896 7816
9768 7933 7747
9919 7716 7498
7792 9532 8497
8276 7568 9276
8494 9327 8192
9283 7997 8642
7845 9427 8545
7639 9758 8040
7996 8454 9180
8464 9076 8668
8801 9449 7878
9279 9096 7719
9356 7577 8628
9476 8909 7494
9937 7860 7251
7505 9935 7746
8058 7670 9395
7739 9920 7445
9175 8119 8663
9500 7637 8419
7671 8848 9109
7643 9465 8597
8563 8977 8609
9406 8882 7685
9331 7792 8645
9614 8714 7493
9668 7844 8194
7381 8010 9519
8066 7320 9463
8551 7445 9236
9238 9131 7643
8995 7704 8939
7909 9336 8669
8466 9334 8253
9538 8587 7861
7599 9344 8819
7717 9782 7980
8028 8745 9033
8496 8870 8671
8254 9582 8019
8641 8976 8645
7536 8944 9196
7907 9391 8623
8431 7980 9079
9192 8636 8267
9086 9240 7764
9279 7791 8748
7849 7605 9472
7947 8830 9062
7959 9278 8712
8245 7980 9176
8055 8642 9073
8428 9220 8551
8583 7565 9183
8506 8796 8777
9164 7989 8690
9402 8717 7927
8316 8717 8952
9076 9154 7820
9311 9028 7676
9319 8887 7892
9201 7824 8826
7668 9581 8482
7694 7465 9584
8757 7727 9057
9240 7975 8740
7328 8543 9372
7473 9301 8875
8107 9832 7638
7893 8664 9148
8264 7543 9319
8693 8795 8636
8735 9539 7774
9108 7863 8806
9018 8599 8566
9496 8701 7856
7622 9857 7802
7121 7239 9727
7603 8654 9211
7776 9034 8974
8380 7329 9349
9694 8506 7564
8383 9672 7776
8505 7865 9102
8446 9431 8248
8750 9502 7731
8806 7561 9088
9351 8949 7676
7032 8168 9574
7689 9915 7541
7643 8533 9233
8125 9562 8373
7721 9751 8072
7748 9826 7730
8809 7519 9071
8615 7408 9180
9148 9237 7678
9307 7862 8630
7554 9741 8213
8273 9594 7989
8055 9868 7499
7371 7305 9694
8700 8706 8596
9640 8620 7644
9895 7990 7388
7596 9778 8001
7812 9800 7916
7921 9624 8296
7780 9936 7425
9401 8975 7517
9773 8337 7465
8522 7598 9195
8356 7797 9208
9024 7678 8954
9448 7639 8531
9774 7988 7728
9820 8325 7373
7695 9400 8733
8652 8643 8773
9616 7851 8264
7849 9920 7370
8266 7507 9337
8707 8671 8646
9047 7630 8909
7109 7690 9689
7539 9880 7841
8093 9565 8301
7846 7509 9553
8155 9752 7919
8180 7444 9415
8804 8655 8632
7388 8932 9204
7317 10020 7389
9629 8702 7625
7805 9438 8579
7297 8948 9155
8230 8070 9174
9149 7718 8844
9424 8381 8209
9184 8612 8327
9393 8156 8488
9376 7778 8568
9894 7827 7546
7424 9627 8419
8551 9607 7822
9019 9322 7629
9211 9150 7704
9677 7938 8158
7561 9792 8101
7258 7565 9636
7576 7833 9526
7898 7721 9404
9831 7730 7769
7529 9248 8902
7296 8168 9550
8938 9048 8069
9017 7698 8937
9083 8282 8646
9319 9094 7585
8509 9248 8257
9287 9098 7616
8377 7428 9341
8614 9499 8060
8906 7596 8999
9356 8226 8558
9078 9299 7738
9525 7707 8388
9539 8815 7479
7553 7937 9468
7790 9460 8534
8044 7344 9471
8220 8460 9145
9198 8141 8638
9928 7899 7261
7285 9591 8487
7270 7771 9579
7283 7542 9645
7446 9893 7896
8292 9554 8160
8240 7671 9271
8540 8855 8655
8774 9464 7733
9066 9311 7712
9520 7802 8407
9774 7895 7845
7970 9767 7775
8265 8421 9081
7775 8885 9103
8261 7265 9410
8671 9536 7835
8790 7450 9110
8675 9576 7626
8872 7747 8976
9146 7980 8727
9573 8396 7979
7835 7952 9393
7883 9218 8859
8227 7757 9257
9558 7827 8382
7795 9862 7656
7656 9523 8524
8525 9630 7522
9707 7898 8063
8067 9462 8434
7871 9681 8154
8703 9228 8326
8772 7464 9093
9310 7999 8595
9489 7596 8438
7497 9718 8288
7098 7994 9641
7429 9974 7528
8482 9280 8239
8902 7590 9003
9510 8347 8179
9561 8729 7605
9470 7785 8495
9566 8703 7643
8568 8412 8934
8425 8805 8828
7703 9863 7691
8662 9230 8235
8739 8041 8945
8938 7576 8969
7061 7334 9724
7787 9559 8479
7926 8474 9180
7923 8495 9157
8474 7263 9268
9007 8162 8726
9047 7701 8894
9243 7934 8653
9460 7897 8465
9584 8430 7784
7583 7385 9600
7683 9142 8864
9823 7900 7738
9679 8574 7494
7379 8228 9453
7751 8776 9199
8374 9343 8493
7923 9896 7557
7627 7433 9590
8381 8161 9045
8615 9537 7828
8889 7621 9008
9168 8208 8613
9381 8334 8261
9169 9240 7582
9625 7758 8259
9762 7896 8009
7726 9854 7727
8176 9059 8845
7878 9572 8345
8408 7821 9114
8365 9036 8752
8448 7563 9249
8684 8760 8664
7795 7365 9573
7685 9821 7847
9283 9127 7698
8917 9395 7646
9136 7719 8838
7484 9487 8594
8407 7917 9128
9628 7831 8216
7563 9555 8509
7597 9619 8418
7365 8086 9517
7764 9386 8694
7679 8532 9258
8493 9658 7810
8608 9568 7793
9308 9049 7592
9298 7862 8744
9408 7916 8551
8045 9345 8626
8256 9354 8506
8307 9512 8219
9129 7815 8880
9530 8828 7528
7828 8865 9101
8201 8687 9047
7757 9937 7399
8614 7991 9013
8994 8044 8798
9166 8095 8682
9178 8754 8101
9609 8420 7758
9657 8643 7498
9850 8003 7492
7042 7739 9681
7386 8752 9303
7553 8626 9220
8268 7642 9287
8001 8544 9137
8870 7615 9034
7416 8801 9275
7644 9664 8283
7545 9643 8415
7942 9891 7429
8579 7873 9094
9088 8884 8054
9771 7867 7940
9560 7998 8294
7178 7409 9669
9380 8196 8416
9904 7790 7444
7119 7406 9689
7745 9778 7984
8730 9417 7897
8732 9350 8097
8622 7652 9113
9690 8597 7468
6968 7560 9714
7383 10005 7474
8807 7888 8989
7510 9969 7574
7509 7312 9642
8010 8673 9072
8708 8211 8866
9036 7672 8962
9698 8559 7529
7578 9375 8772
7555 9824 8040
8770 8870 8557
9558 8774 7541
7591 7354 9618
8075 7421 9448
8068 7502 9461
8484 7982 9053
8868 8386 8680
9489 7708 8434
9626 8752 7473
9840 7926 7737
7402 8993 9119
7663 7778 9481
7633 7152 9621
8742 9364 7951
8480 9595 7934
9489 8857 7648
9503 8815 7636
9606 8330 7839
9564 8770 7553
9814 7986 7572
7922 8063 9302
7847 9020 9019
8100 7430 9434
8690 9556 7585
8980 9182 7967
9586 8534 7774
7859 9627 8371
7598 9990 7357
7841 9261 8738
8450 8638 8962
8651 8433 8878
9176 8840 8058
8933 7545 9002
9150 9244 7676
9205 7829 8776
9587 8361 7919
9578 8758 7541
7544 9651 8355
8381 7595 9226
8033 9869 7518
9309 7972 8621
9590 8678 7673
9931 7806 7395
7625 9923 7571
8736 8703 8627
8421 7593 9226
8581 9628 7656
8956 7726 8916
9143 8045 8716
9772 7782 7974
7368 9964 7688
7848 9636 8245
8049 8931 8971
8217 9768 7650
8910 7997 8894
9120 9169 7789
9231 9160 7661
9311 7873 8622
9716 7742 8130
8605 9385 8127
8352 9721 7686
9221 7807 8764
7473 9278 8908
8012 7675 9393
7516 8458 9326
8551 7484 9218
8712 8676 8638
9544 8838 7453
7486 9255 8953
7556 9850 7914
7492 9889 7917
7009 7450 9723
7767 9448 8685
7949 8488 9172
8146 8633 9102
8493 9660 7606
9580 7847 8332
9600 7811 8328
8049 8523 9137
8252 9759 7498
9361 7882 8616
9303 9033 7645
9612 8553 7676
9858 8141 7281
7504 9236 8910
7561 9484 8622
9374 8878 7874
7292 8442 9429
7928 7641 9423
8245 7568 9348
8270 7273 9392
8487 9550 7961
8532 7899 9056
8824 7609 9067
9150 9223 7731
9446 8141 8339
9565 8423 7883
9831 7952 7719
7057 8186 9564
8457 9393 8195
7796 9694 8207
8340 9202 8646
9367 8784 7911
7463 9974 7481
7156 8453 9462
8906 8447 8655
7514 8834 9262
7384 10002 7531
7571 9637 8388
7914 9110 8841
8477 8858 8819
9070 9047 7954
9423 8858 7656
9719 7876 8088
9417 8959 7511
7519 9128 9059
7593 9767 8178
7530 9952 7462
7911 7882 9338
7672 8444 9314
7933 9902 7449
8070 7356 9453
8845 8091 8757
8885 9467 7681
9756 8000 7732
7272 8353 9497
8180 9762 7656
8453 9457 8231
8060 9720 8119
8461 7400 9267
8165 7785 9267
9253 8031 8627
9164 8897 8038
7994 7402 9512
7893 7520 9494
8644 8382 8902
8589 8349 8930
8508 9649 7927
7520 8956 9137
7926 8377 9259
8000 8720 9040
8078 7337 9451
8479 9434 8175
8585 8670 8744
9065 7839 8827
9210 8544 8535
9202 8840 8012
9570 8771 7400
9444 8917 7500
7647 8903 9106
8104 8801 9021
7771 9327 8741
7651 9577 8499
8222 8197 9122
8500 7529 9215
8671 8767 8682
8659 8273 8856
8688 7518 9165
9025 9206 7803
7959 9414 8555
8339 9351 8416
8641 7969 9022
8972 8957 8220
9354 8555 8238
9751 7947 7923
7646 9039 9014
7307 7506 9654
7563 9144 8974
7553 9632 8403
7771 8714 9159
8600 7495 9178
9242 9089 7742
7572 9837 7991
7634 8612 9224
7560 9634 8398
7137 7237 9737
7711 9808 7861
8339 8437 8980
8786 9051 8350
9499 8793 7673
8144 7472 9419
8021 7873 9274
8547 7498 9208
8846 7752 8966
7028 7486 9720
7068 7283 9744
8167 8601 9092
8157 8727 8950
7712 9918 7454
9179 8847 8017
9533 8848 7508
9690 7701 8177
7343 9002 9141
7439 8169 9463
7718 9475 8591
9407 8817 7693
7405 8799 9279
9138 9257 7688
9450 8909 7584
7597 9703 8252
7465 8358 9333
7945 9289 8694
7710 9916 7457
8131 9843 7488
9631 7797 8235
9511 8868 7510
7340 9734 8275
7998 9379 8610
8415 9494 8092
8145 9817 7623
8633 7374 9184
9069 9302 7783
9286 8471 8338
9319 7826 8629
9398 8976 7601
9889 8054 7457
7472 9578 8527
7550 9920 7755
7391 9982 7577
7458 9259 8912
7485 7815 9557
9332 8998 7794
9300 9105 7604
9766 7838 7957
7645 9326 8820
8341 8269 9105
8538 7541 9189
8856 9326 7865
9275 8261 8585
9167 9211 7676
9523 8835 7517
8430 9579 7991
8562 8237 8965
8497 9120 8556
8847 8943 8372
8931 9257 7976
9138 8825 8308
9425 8679 7866
8871 9433 7815
8968 9390 7756
9722 8004 7950
7564 9779 8028
7655 9451 8658
7434 8997 9096
8070 9261 8723
8440 9113 8720
8589 9626 7575
9386 8847 7688
9005 9226 7796
9656 8256 7921
9684 8290 7601
9779 8394 7426
7153 7346 9690
8460 9339 8215
9148 8660 8301
9532 7999 8269
9803 8262 7387
7314 8592 9395
7599 9593 8465
7560 9869 7825
7733 7396 9589
8076 7545 9400
8392 7973 9183
8599 8643 8786
8340 8865 8810
8525 9623 7881
8824 8766 8555
9044 8920 8133
7563 9871 7771
7820 8713 9114
7764 9922 7439
8872 8885 8376
9433 8855 7653
9638 8282 7863
7457 9890 7860
7501 9838 8096
7750 9134 8969
8367 7465 9327
8918 7709 8998
7106 8141 9603
7034 7449 9722
8509 7480 9232
9471 8136 8383
9447 7786 8544
7450 9681 8363
7653 9856 7898
7976 7432 9498
8199 9331 8545
8236 7493 9381
8754 9515 7623
9008 7693 8945
9180 8819 8069
9111 7815 8888
9758 8078 7712
7379 8632 9329
7535 9825 8079
7561 9177 8896
8336 8416 9053
8782 9512 7605
9239 9001 7833
7608 9655 8301
7660 7283 9605
8294 9571 8138
8889 8228 8733
9282 8490 8320
9190 7887 8742
7172 10070 7245
8277 9346 8467
7906 7964 9348
8563 7459 9192
8533 8857 8726
9485 8009 8325
7324 9970 7624
8122 9307 8551
7947 8017 9306
8039 9450 8501
7785 9910 7451
8937 9066 8250
9552 8594 7760
9830 7813 7813
7489 9239 8904
7538 9250 8886
8460 9576 7964
8420 9706 7507
8499 8451 8910
8876 8025 8876
9265 7856 8753
7645 9733 8241
7580 9449 8662
7797 9901 7476
8815 8129 8803
8667 7556 9138
8905 8615 8675
9010 9308 7758
9019 9301 7787
8870 9448 7753
7407 8596 9323
8236 9551 8207
8220 9761 7875
8360 8815 8883
8757 9136 8238
8865 9241 8021
9387 7557 8584
9580 7774 8369
7538 9472 8648
8679 7653 9109
8969 9337 7740
9787 7781 7924
7495 9034 9090
7721 9585 8414
7455 7853 9542
7840 9407 8675
8032 9841 7649
8516 9672 7580
8587 7808 9042
9133 8666 8433
9363 9036 7606
9686 7906 8092
9839 8197 7381
9908 7782 7484
7244 8428 9461
8438 9479 8062
7878 9823 7725
8282 9505 8433
8799 8703 8621
9363 8197 8524
9358 8679 8164
7218 8429 9475
8639 9100 8393
8653 8636 8867
8743 9247 8087
8811 8340 8784
8823 8806 8576
9466 8895 7607
9556 8686 7649
7555 9281 8860
8122 7609 9397
8366 9503 8092
8812 8925 8397
9070 9301 7716
9770 8371 7463
7513 9288 8893
7463 9678 8335
8402 7955 9151
8477 8593 8912
8693 7418 9122
7491 8881 9218
7499 9786 8144
7357 9007 9127
7511 7845 9501
7745 8010 9391
7678 9501 8576
8475 9321 8275
8578 9400 8179
8708 7676 9108
9106 8275 8636
9175 8853 8199
9893 7856 7500
7148 7577 9653
7531 9379 8788
7497 9809 8114
7319 8515 9386
7954 9508 8459
7897 7898 9445
8273 8981 8815
8955 8698 8606
8898 9398 7735
8643 9609 7728
9193 8552 8512
8970 7709 8922
9604 8570 7682
9519 7631 8416
7644 8947 9085
7307 7516 9613
7694 9028 9061
8683 9570 7733
9398 8894 7666
9571 7907 8315
7549 9123 8977
7511 9151 8982
7805 9927 7399
8183 8754 8949
8697 9436 7890
8705 8547 8714
9162 8044 8698
9490 8891 7565
7282 8532 9438
7519 9970 7492
7831 9701 8159
8240 9589 8170
8949 8907 8304
8684 9568 7630
9567 8795 7481
9553 8774 7651
7164 7573 9659
7181 10053 7278
7066 8055 9618
8061 9612 8221
8321 9689 7861
8756 8915 8505
8603 9131 8436
8984 9310 7842
9347 8255 8423
9676 7807 8214
7261 10029 7421
7470 8983 9114
7903 9596 8321
7320 10037 7331
9238 8856 7949
9365 9004 7595
7562 9155 8959
7511 9754 8252
7940 9677 8135
8535 8090 8988
8281 7374 9382
8982 8871 8242
9366 7727 8611
9440 8953 7631
7312 8622 9346
7358 9539 8549
7331 8696 9330
8075 9660 8081
7939 7625 9423
9038 9306 7748
9612 8724 7512
7418 9338 8831
7618 7747 9541
8245 7387 9425
8721 9092 8500
8856 8619 8639
9534 8811 7561
7498 8985 9101
7315 7962 9525
7439 9159 8989
7551 8787 9179
9327 8846 7994
9588 8471 7769
7468 9668 8391
7748 9349 8695
7509 9308 8863
7524 9618 8468
7086 8313 9512
7146 7330 9716
7412 7460 9598
7526 9172 8964
7481 9158 8984
7777 9824 7758
8288 7905 9247
8116 9197 8732
8571 9195 8490
8541 9335 8186
8634 9610 7640
8855 8622 8633
8771 8886 8496
9205 9132 7884
9301 7875 8639
9312 8449 8465
7692 8186 9319
7601 9035 9015
7777 9579 8447
8381 8962 8778
8456 9456 8164
8189 7417 9417
8718 9297 8148
8691 7400 9128
8672 9593 7732
9339 9010 7666
7412 7220 9694
7447 9210 8962
7635 9773 8140
7832 7528 9535
8679 8447 8791
8845 9429 7846
9001 9303 7848
8848 7670 9064
9337 8886 7841
9562 8772 7512
7562 8978 9085
7583 9809 8010
7506 7271 9644
7520 8196 9449
7905 9497 8490
7939 9776 7882
7837 8513 9176
9254 7883 8735
7536 9859 7951
7395 8504 9423
7404 10031 7356
8677 8841 8616
9204 8969 7987
9559 8342 8114
9772 8407 7371
7352 8640 9318
7371 8633 9307
8049 8175 9189
8458 9022 8728
9059 8392 8632
9268 7932 8725
9130 9260 7700
9184 9224 7650
9693 8139 7922
7590 9631 8412
7380 9990 7546
7462 9705 8353
7451 7525 9597
7607 9885 7742
7866 9344 8725
7643 9849 7921
7975 9451 8487
8394 9441 8337
8461 8928 8755
9677 8587 7539
7423 9931 7753
7439 9924 7803
7825 9443 8562
8728 9295 8211
8239 9735 7638
9020 7772 8894
9020 9313 7670
9507 8826 7578
9412 7854 8520
9632 8707 7597
9806 7907 7766
7137 8142 9569
7584 9666 8315
8002 9808 7731
8422 7518 9316
8252 9783 7469
8752 9459 7779
8446 9703 7709
9614 8367 7802
9399 8919 7645
9686 8513 7535
7003 8283 9513
7516 8981 9081
7419 9646 8422
7339 10015 7424
7647 8258 9366
8112 9431 8490
8002 7372 9492
8381 8653 8933
8752 7858 9027
8791 9227 8054
9265 8776 8023
9418 8105 8432
9569 7742 8372
7014 8107 9612
7770 9471 8587
7655 9549 8491
7402 7295 9677
8303 9212 8651
8018 9592 8228
8887 8269 8738
9091 8865 8504
8774 7678 9038
9891 7827 7692
7423 9928 7790
8531 9623 7823
8866 8894 8432
9208 7817 8790
7842 8681 9142
8250 9285 8554
7656 7421 9586
8151 7520 9385
9228 8044 8607
9356 7735 8626
9523 8814 7537
9726 8048 7839
9847 8202 7364
7513 9785 8109
7528 9657 8383
7332 8578 9358
7547 9509 8589
8134 9835 7465
8676 8815 8681
8610 9567 7763
8809 9492 7692
9215 9169 7642
9324 8824 8021
7407 9978 7595
7335 8620 9337
7208 7365 9688
7465 7411 9645
7619 9987 7271
8146 8750 9028
8361 9735 7524
8514 8377 8989
9345 7673 8653
9560 8739 7586
6999 7856 9647
7279 8893 9205
7684 7799 9459
8026 7914 9260
8823 9454 7698
9254 8676 8227
9110 9229 7776
8976 9334 7701
9418 7531 8545
7253 8655 9346
7198 8423 9491
7962 9539 8403
8119 8264 9150
8630 9617 7690
8893 9166 7987
9640 7953 8102
7730 9137 8970
7783 9565 8443
8517 7937 9069
8297 7592 9267
8248 7514 9324
9065 7692 8903
9245 8922 7808
9259 7851 8761
9754 8115 7619
7165 7905 9643
7559 9827 8034
7436 9196 8987
7647 9855 7913
7885 9807 7772
7877 8445 9204
8145 7496 9415
8835 8095 8811
8767 8048 8824
8785 9314 8002
8713 9549 7632
9127 7666 8891
9182 7850 8762
9832 8116 7399
9484 8897 7574
7442 10020 7289
8182 9681 7804
7816 9933 7486
9926 7731 7173
7382 10006 7394
9203 9118 7675
8946 9327 7752
9939 7645 7194
9541 8637 7730
9323 8924 7810
9597 8712 7570
9522 8650 7744
6939 7502 9750
9203 7880 8576
7447 8887 9172
7574 9986 7405
7271 8044 9523
9367 8978 7742
7327 8154 9516
7203 7477 9682
7831 9825 7856
9572 8724 7542
8825 9387 7804
7043 8271 9547
6955 7453 9748
9644 8338 7704
7317 7881 9604
7918 7446 9460
6873 7781 9678
9713 7913 8050
9916 7735 7247
7265 8267 9498
7886 8247 9204
8849 8532 8633
7560 9061 9032
8230 9683 7745
9700 8171 7743
9669 8517 7539
9947 7546 7101
7626 7915 9446
9592 8729 7536
7107 7730 9667
6969 7670 9698
8971 9326 7631
9940 7639 7218
9704 8387 7542
7386 9911 7802
7470 9703 8327
9210 8858 8201
7400 8419 9425
9242 7801 8634
9567 8724 7596
7124 7899 9608
8455 9681 7687
7552 9792 8153
7737 9891 7636
9281 8945 7909
7084 7664 9699
7256 8367 9477
7462 9008 9107
7861 9378 8624
8172 9540 8185
7511 9810 8071
7007 7958 9650
9392 8465 8088
8999 8457 8551
9349 7955 8455
8130 9644 7909
8797 9441 7818
7728 7954 9390
8692 8516 8781
8921 8124 8702
7262 8494 9441
7608 9752 8171
8071 9830 7601
8705 9559 7615
7753 9950 7394
9579 8699 7596
7087 8092 9606
9590 7948 8189
6998 7713 9679
7513 9771 8181
6990 7888 9666
8626 9517 7836
8635 9601 7574
7458 9753 8202
9395 7891 8407
8051 9847 7435
8624 9473 7897
8982 9355 7554
6933 7590 9727
7009 7707 9679
8448 7664 9232
7030 8002 9613
8615 9207 8309
8856 8946 8316
9761 8025 7666
7538 9808 8065
8110 9763 7837
9515 8714 7734
7159 7851 9648
7288 8473 9445
8960 9322 7751
8256 9673 7835
8244 9758 7641
9119 9202 7675
9512 8367 8027
9629 8227 7871
7025 8219 9602
9173 7797 8669
9705 8109 7823
7528 9752 8173
7250 8443 9464
8333 7551 9289
9594 8720 7572
7613 9331 8837
8876 8066 8862
9170 8787 8271
8417 9676 7696
7501 8937 9137
7236 8053 9586
7533 9207 8958
7586 9933 7560
9551 7892 8252
7616 9921 7740
8793 9352 7841
7195 8510 9465
7907 8767 9065
9920 7732 7199
6987 7473 9747
7170 7822 9610
8084 8371 9091
7899 8436 9194
8744 9537 7794
9703 8074 7973
7034 8139 9604
7515 9749 8182
9609 8319 7890
7061 8162 9588
7509 9763 8198
7607 8228 9359
8865 9286 7786
9333 7661 8657
8074 9777 7733
9004 9311 7688
8861 9430 7533
8002 9837 7658
8597 9619 7549
9026 8927 8139
8292 7732 9300
7676 9788 8020
7690 8847 9069
9744 8288 7722
7823 9823 7889
8417 9707 7675
7941 8042 9336
9218 8894 7986
9309 8990 7755
7502 8851 9195
9428 8122 8312
7048 8287 9545
8853 8968 8237
8645 9590 7567
7440 8869 9201
7730 9953 7449
8075 8349 9156
9914 7883 7288
7489 9395 8780
8194 7486 9365
8918 9381 7724
9778 7974 7910
7649 7859 9429
8203 7556 9346
9720 8104 7830
7829 9503 8482
8886 9324 7776
9889 7783 7565
8120 9832 7561
7231 8651 9414
9906 7735 7529
7658 9880 7882
8995 8583 8526
9622 8360 7864
7975 7558 9441
8302 9659 7707
7596 9411 8772
7660 9750 8100
9610 8035 8072
9838 7874 7780
7521 8131 9472
9404 8651 8058
9673 8033 8122
9627 8083 7906
9732 7959 7965
7575 9978 7402
8503 9425 7979
8949 9347 7713
9689 8009 8102
7878 8751 9073
8788 7640 9066
9527 7907 8284
9925 7769 7173
9918 7808 7119
7346 8638 9356
7327 8658 9362
8543 9583 7836
9075 8929 8127
9167 9044 7882
9353 8897 7843
9595 8040 8087
7378 9014 9125
7844 9173 8768
8857 8919 8307
8184 9774 7619
7757 9315 8806
7224 7441 9680
7770 9965 7380
8743 9524 7831
9075 9201 7765
9470 8170 8186
7518 9978 7657
7788 9878 7642
7015 7514 9728
7745 9389 8709
9513 8218 8151
7562 9894 7847
7338 8802 9290
7633 7672 9509
8808 9393 7838
6902 7586 9736
7819 9157 8851
8780 7544 9109
9090 8933 8014
9140 9108 7760
7694 9821 7919
7546 10007 7382
7841 7937 9365
9039 8447 8598
9566 8611 7685
9918 7688 7321
7752 9730 8135
8174 9711 7801
9127 9049 7986
9633 8391 7627
7667 8912 9117
9726 8016 7902
7054 7948 9616
7576 9264 8925
8004 8883 8954
9614 7943 8184
7277 8176 9499
7695 9231 8813
7723 9816 7897
7933 9888 7502
7650 9265 8827
7905 9877 7649
8321 9656 7776
8303 9737 7621
9759 7921 7924
7686 9807 8012
7598 8681 9218
7969 8358 9197
7847 9476 8476
8411 8802 8788
8853 7713 8970
9441 8832 7732
7472 7275 9678
8736 7486 9119
7677 8529 9234
8302 9716 7699
7941 8789 8996
8588 9654 7606
8946 9370 7673
7769 9218 8811
9036 8760 8290
8827 9439 7768
7643 9375 8758
9391 7883 8486
9755 8261 7541
8772 8089 8915
8636 9584 7703
7839 8717 9160
8530 9612 7686
8865 9334 7768
8897 7695 8981
6965 7681 9692
8751 9505 7470
7654 9754 8083
9293 7784 8560
7916 8814 9044
7750 8843 9058
7694 9423 8725
7798 7921 9390
7648 9179 8918
9368 8963 7726
7560 9268 8888
7581 7336 9636
9263 7731 8672
8573 8347 8902
9262 8781 8092
9161 9123 7671
9676 7932 8146
6942 7719 9684
8420 9049 8638
7314 8882 9219
7441 7400 9609
7587 7648 9555
7839 9881 7532
8945 8859 8279
9542 8419 7836
7571 9700 8317
7193 8339 9529
7252 8379 9481
7302 8008 9520
8786 7597 9093
9835 7893 7710
7693 9970 7444
8170 7625 9329
8405 8625 8938
8913 8073 8800
9585 7708 8321
9793 7871 7841
7894 8818 9030
7769 7384 9579
7738 9044 9012
8036 9815 7675
9758 7812 7980
7863 9494 8443
7899 7595 9427
9392 7802 8486
9755 8522 7493
7281 10057 7263
7737 9092 8934
7696 9217 8837
8492 8913 8731
8298 9765 7550
8777 9425 7927
9823 7935 7491
7082 7524 9725
7900 7690 9405
7606 9883 7858
7870 9913 7376
8737 8286 8946
8156 9764 7707
8026 9874 7489
8796 7528 9114
9567 8604 7815
9413 8944 7638
7775 8172 9363
8334 7645 9246
9132 7850 8732
8835 7747 9009
8656 9413 8060
8538 9378 8324
7978 8095 9231
8934 8282 8684
9102 9246 7731
9012 7699 8949
9519 8683 7646
7628 8727 9184
7912 9136 8833
7330 8825 9255
6999 7861 9676
8429 8738 8854
9199 8226 8447
9415 8850 7674
9747 8321 7562
9617 7913 8203
7500 9059 9075
8169 9789 7600
8914 7726 8969
9466 8188 8235
7854 9428 8552
7554 7347 9633
8118 9557 8149
8824 7787 9045
9446 7936 8394
7014 8008 9614
6951 7708 9691
7467 10004 7457
7752 9320 8731
8679 9538 7729
9242 7971 8566
9699 8332 7584
7019 8025 9608
8503 7358 9261
9031 9138 7938
9547 8033 8227
7478 7355 9628
7553 8975 9067
7472 9091 9054
7503 8822 9238
8260 9698 7711
8846 9347 7839
9348 8459 8114
9834 8174 7336
9769 8400 7386
7512 9816 8051
7260 10029 7409
7624 7752 9512
7759 9862 7721
8295 7292 9371
8580 7854 9097
8721 9064 8481
9239 8890 8031
7421 9020 9122
7116 8250 9581
8693 9131 8312
8836 8612 8567
6911 7551 9739
7725 7633 9467
8392 9695 7681
8916 7623 9023
7981 9771 7792
7851 9920 7321
8305 8758 8922
8902 9397 7641
9451 8050 8238
7285 8693 9370
7575 9839 8008
8023 9423 8531
8081 9021 8800
9748 8445 7496
9807 7854 7831
9851 8135 7383
7155 7263 9721
7838 9899 7454
8473 7420 9280
8578 7407 9235
8715 7415 9137
9422 8460 8108
9297 8218 8378
9761 7787 7969
7790 7961 9386
9176 7590 8813
9859 8022 7475
8444 7417 9297
7176 7540 9684
9007 9278 7754
7001 7898 9661
7616 9263 8846
7983 9879 7524
9103 8891 8121
7728 9958 7505
8813 8239 8754
8904 9328 7735
7623 7387 9600
8641 9563 7722
8968 9388 7637
8817 9472 7806
8928 7628 9018
7510 8992 9124
7473 7897 9499
8096 8270 9143
9059 8234 8564
9020 7787 8906
9080 7723 8833
9772 8363 7385
7164 8188 9582
7517 9942 7671
8908 8912 8261
8956 7657 8972
9488 8135 8224
7518 8873 9158
7742 9989 7396
8437 9423 8175
9696 7971 8074
7615 9377 8765
8401 8741 8831
8411 9729 7590
8751 9253 8141
9190 8922 7938
7299 8916 9202
7386 10054 7262
7293 8636 9407
7761 9325 8687
8253 9688 7715
8227 9792 7491
8714 7413 9152
7803 8998 9019
8709 7438 9145
9058 9305 7578
9501 8596 7905
7431 8898 9161
7031 8182 9585
7419 10016 7331
7551 8248 9453
7331 10042 7306
8035 8603 9079
7758 9922 7569
9063 7931 8699
9035 9329 7539
9666 8022 8178
7274 7973 9524
7689 9865 7934
8227 9421 8368
8521 8725 8790
9134 8804 8205
9436 8399 8069
9392 8384 8114
9464 8915 7586
9722 8379 7517
7490 9627 8466
7319 8397 9474
7839 9643 8258
7952 8032 9315
7771 9945 7332
8790 7908 9005
8838 9309 7978
8878 8857 8306
7217 8211 9545
8094 9646 8008
8980 7728 8934
9495 8731 7754
9361 9070 7671
9846 7855 7476
7335 10035 7290
7156 7546 9675
7376 8409 9427
7898 7382 9559
7752 8303 9307
8920 7635 9013
8938 9386 7721
9254 7756 8695
7727 9119 8959
7847 9932 7371
9034 7940 8773
9725 8081 7893
7391 9963 7706
6874 7738 9689
7826 9903 7378
7951 9883 7500
9708 7784 8104
9721 7696 8095
8858 7580 9070
7265 8659 9389
7809 9076 8920
8688 7469 9182
9584 8263 8044
9759 8473 7422
8380 8507 8995
8792 8001 8883
7005 7651 9705
7362 9133 9033
9372 7785 8490
7210 7649 9623
8438 9220 8421
9103 7744 8809
9609 8740 7488
7911 7515 9449
8995 9303 7690
9144 9215 7529
9174 7709 8799
9162 7730 8823
7492 10001 7597
7896 7562 9509
7686 8048 9421
8957 8094 8653
7381 10017 7462
8066 9782 7772
8392 9269 8479
8750 9505 7586
9499 8841 7612
7241 10050 7314
7831 9850 7672
7755 8933 9045
8863 7699 8995
9803 8162 7544
9732 8517 7502
7636 9400 8764
7180 7517 9708
7661 7480 9578
7699 7539 9511
8018 9426 8487
8841 9489 7758
9245 8558 8219
9523 8122 8155
9262 9101 7635
9667 8663 7430
6881 7982 9638
7886 7809 9418
8581 8058 9000
8871 8882 8420
9392 8947 7737
8113 9638 7958
7461 8850 9236
7805 9147 8932
8186 9257 8483
9677 8380 7647
7513 9270 8917
7812 7610 9445
8688 7512 9169
8842 9458 7575
7638 9331 8820
7705 8060 9389
8334 8783 8831
9698 7870 8080
7204 8342 9496
7542 9964 7632
7224 8804 9307
7910 9333 8589
8553 8346 8964
9376 8331 8348
7649 9723 8210
7908 7573 9425
8558 8950 8673
9432 8532 8080
7302 8652 9371
7280 7587 9611
7578 8117 9438
7864 8808 9050
9205 7870 8597
9434 8290 8133
7629 9315 8827
7699 9418 8742
8830 9006 8240
8840 7777 9006
7861 9133 8849
9366 9032 7630
7762 9302 8723
7825 9648 8211
9910 7646 7400
7834 9477 8543
7440 7638 9570
9175 7682 8860
9764 7872 7942
7494 8157 9484
8016 8774 9030
8329 7305 9358
8838 8211 8720
9370 8160 8399
7829 9844 7700
7654 8160 9370
8118 9755 7904
8561 7899 9100
9703 7939 8024
8165 9816 7665
8657 9580 7675
9585 7838 8236
6966 7675 9709
7473 7293 9661
8161 9733 7787
8372 9231 8505
8171 9800 7436
8689 9483 7840
9187 7791 8784
9303 8825 8033
7553 9352 8825
8252 9495 8043
8780 7959 8962
9701 7830 8071
8079 7839 9377
7969 7645 9403
9111 7570 8891
8052 9099 8789
8200 7389 9438
9794 7941 7765
7627 8609 9245
8755 9491 7769
8965 7921 8833
7190 8246 9536
7652 7617 9568
8021 9620 8063
9213 8434 8349
9735 7762 8015
7558 9941 7730
7730 7356 9588
9383 9027 7598
7684 9387 8751
7332 7384 9719
8312 9068 8676
9874 7876 7334
9766 7845 7956
7478 9844 7972
7397 8721 9323
7492 8997 9077
7024 7598 9725
8188 9375 8370
8437 8174 9024
9296 9079 7587
7354 8468 9436
7490 7633 9586
8018 9297 8592
8002 7450 9451
7890 8788 9062
8229 9729 7786
8599 9448 7977
8242 9392 8306
9027 7637 8922
9613 8484 7707
7188 8089 9578
8177 8779 8961
8647 9582 7624
7255 8118 9535
8345 8462 9064
8226 8847 8826
9008 7672 8950
6998 7674 9694
8565 7396 9238
9110 8556 8424
8933 9389 7612
8301 9303 8346
8652 7793 9099
8851 8964 8324
7152 8742 9343
7678 9624 8335
8048 9533 8434
7534 9017 9067
7488 9295 8867
7433 9800 8092
7688 8848 9067
7932 8074 9240
8010 8150 9205
8709 8541 8728
9091 8108 8645
9568 8790 7462
8275 7302 9370
8700 7445 9132
7558 9360 8805
7666 9917 7624
8694 9555 7693
7661 8634 9221
8156 9826 7660
7840 8209 9316
8753 8035 8924
7428 9014 9118
7631 9430 8704
7360 8028 9505
7526 10012 7282
8574 8543 8846
9125 9249 7621
7248 8567 9456
8755 7927 9066
9247 7811 8616
9463 7801 8464
7855 8644 9106
9169 8610 8357
9436 8970 7618
7748 9475 8661
9238 8962 7875
7676 9406 8746
7652 8686 9178
8056 9444 8340
8646 7762 9127
8108 9645 8007
8904 8038 8879
8688 9565 7652
7729 9200 8857
8975 7731 8934
9411 8975 7638
9750 8314 7548
7492 9064 9041
8819 8627 8598
9793 8243 7521
6901 7687 9697
7160 8333 9538
8156 9434 8482
8615 9603 7696
9216 8743 8182
9804 8295 7414
7338 10027 7412
8031 8408 9110
8606 7750 9181
8749 8702 8717
9266 8231 8398
7224 8271 9508
8989 7762 8912
9163 9105 7752
9739 7761 8075
7282 8613 9414
7755 9039 8984
7749 9409 8698
7829 9173 8807
9935 7681 7392
7649 8673 9179
7508 7730 9555
8212 8822 8902
9910 7605 7460
7403 9007 9145
7556 9550 8611
7567 9791 8095
8417 7399 9304
9695 8025 8021
7221 8083 9542
7992 9806 7730
8053 7637 9384
9607 8607 7671
9905 7908 7301
8064 9562 8289
8617 9380 8093
8821 8834 8489
7527 9712 8273
7815 7930 9366
8564 9311 8154
8475 9625 7846
8633 8028 9069
8782 9316 8033
9148 9169 7709
9238 8288 8415
7703 9450 8662
7379 8972 9193
7469 9880 7923
7778 8863 9041
8491 9622 7999
9579 8431 7763
8418 8570 8954
8799 9350 7979
8600 9608 7603
9229 7817 8664
9580 8099 8201
9785 7956 7790
8320 8723 8868
7132 7458 9743
8690 7456 9137
9343 8600 8077
7920 8761 9051
9365 8725 8063
8983 9335 7553
7684 7374 9593
8541 9490 7958
8419 9684 7477
7439 7438 9626
8409 8486 9054
9090 9262 7548
9803 7821 7856
7267 8452 9462
7594 9822 8017
7737 7429 9578
7991 8988 8946
8366 7313 9328
9226 7840 8569
9392 8973 7653
9721 7902 7998
7046 7635 9716
8131 9191 8621
8189 9657 7855
8685 7489 9178
8682 7540 9166
9017 9331 7540
9159 7825 8741
9569 7850 8267
8298 9191 8608
8095 9827 7657
8558 7990 9078
9062 8886 8128
7282 8845 9240
7852 7354 9563
7983 7959 9268
8820 9175 8128
8883 7642 9008
9447 8134 8254
9922 7611 7455
7649 7758 9494
7896 9067 8907
8069 9028 8888
8868 7955 8943
7976 9056 8946
8415 9301 8350
8991 9311 7689
9205 9200 7584
9611 8184 8019
8458 8132 9071
9220 7864 8611
9332 8960 7793
7627 9246 8829
7997 9626 8104
8098 9338 8486
9277 8110 8433
9943 7617 7182
7653 9439 8671
8415 8833 8745
9046 9305 7596
9320 7724 8575
9793 7928 7783
9264 9103 7629
8093 9549 8267
8269 7931 9275
9068 7715 8867
9371 7740 8549
9783 8329 7477
8483 7386 9289
9620 8712 7496
8264 7440 9404
8349 9741 7394
9893 7973 7216
7551 9414 8746
7585 9895 7823
8859 9439 7624
9488 8732 7790
7836 9315 8694
7449 8626 9337
9494 8636 7839
8221 9767 7546
9231 8322 8377
9159 8954 7991
9302 8019 8444
8912 9391 7689
7314 8744 9334
7734 7350 9583
8338 9657 7772
8715 9304 8186
8207 9793 7452
8879 7584 9034
8898 9414 7733
9482 8761 7682
9370 9040 7545
9149 7830 8800
9634 8226 7884
9793 7875 7837
7590 9682 8277
8588 8289 8920
8568 9623 7660
9845 7738 7665
9706 8598 7436
9716 7905 8013
7278 10044 7267
7676 9647 8419
8072 7413 9459
8844 7612 9051
9234 8823 8034
9536 8719 7632
9296 9144 7509
7814 7421 9565
7878 8571 9209
8586 8039 9039
8933 7689 8977
7949 8705 9052
8519 7850 9123
9540 8305 8028
9463 8832 7632
7602 9200 8941
7562 8771 9188
7552 8977 9097
8754 7629 9070
9875 7874 7312
7182 7493 9696
8169 9755 7658
8125 8232 9204
8695 7443 9139
9309 8816 8022
7661 9427 8705
7677 9738 8031
8166 8836 8950
8162 8223 9203
8771 9057 8303
9063 9265 7572
7089 7887 9650
7959 9615 8154
8017 7354 9526
9844 7714 7684
7498 9292 8860
8359 8670 8881
9746 8022 7868
7651 9762 8143
8288 9085 8623
8092 9557 8270
8196 9545 8129
8514 8089 9124
8912 7900 8927
9248 7664 8733
9293 9112 7548
9755 8155 7709
7395 9961 7681
7793 9354 8658
8076 9846 7449
7765 9941 7455
9214 9185 7560
9107 7704 8834
9466 7624 8484
7139 7884 9634
7576 9062 8968
8262 9722 7689
8342 7385 9352
8942 8008 8807
9059 8157 8629
9767 8002 7805
9915 7746 7206
7419 9024 9124
7484 9818 8085
7461 8713 9278
7896 8475 9200
7941 9566 8297
8464 9519 8016
8947 9379 7640
9665 8688 7512
7880 9377 8543
8999 8744 8439
9104 9129 7747
9577 8467 7732
9508 7984 8329
7885 7397 9541
8566 7686 9213
8865 7624 9033
9895 7830 7486
7660 9327 8812
8250 9093 8629
8608 9417 7951
9666 8282 7736
9561 7835 8327
7001 7584 9726
7298 8860 9236
9355 8941 7792
9611 8257 7917
7562 9741 8264
7696 9573 8528
8928 7544 9060
9122 7669 8886
9554 7761 8412
7652 9502 8630
7744 8601 9233
9339 8545 8230
9281 9130 7560
9193 9147 7662
9902 7855 7407
7807 9595 8451
8797 9229 8110
9184 9100 7824
9207 8120 8493
7562 9584 8511
7218 8293 9508
7771 9450 8658
8703 8817 8711
8507 7429 9260
8272 9783 7528
7568 9619 8438
8540 9413 8297
8611 9573 7843
8425 7476 9283
8984 9285 7807
9872 7818 7657
8242 8523 9048
9314 8753 8020
7222 8463 9458
7532 7172 9646
7900 8989 8994
7818 9910 7533
8019 7351 9494
8629 9607 7582
7120 8101 9594
7223 7425 9691
7599 8504 9363
9701 8605 7519
9534 7880 8338
9679 7739 8164
7640 9743 8227
7840 9750 8008
8131 7504 9449
8614 9414 8132
8739 9440 7901
9218 9170 7603
7625 9370 8770
8249 8363 9088
8134 9835 7416
9415 8590 8021
7536 8907 9143
8848 9442 7652
9670 7874 8167
7437 7899 9496
8889 8045 8867
9037 8547 8435
9211 9116 7678
7454 8827 9238
7540 9106 8990
7729 9898 7809
7408 7432 9627
8157 9439 8294
8925 9200 7923
9379 7720 8627
9601 7658 8293
9674 8620 7427
7624 8524 9259
7637 8785 9169
8820 9327 7859
9057 9291 7584
9037 7716 8867
7602 9344 8859
7083 8395 9517
7523 9143 9020
7805 9792 7995
7903 9279 8751
8249 9086 8633
8476 9143 8592
9031 7884 8816
9224 7527 8745
9255 7646 8736
7034 7973 9631
7394 9011 9167
8283 7999 9252
8620 7833 9170
8646 8506 8901
9912 7745 7308
9917 7699 7203
8083 7331 9476
8246 9766 7543
8919 8975 8210
9314 7772 8555
9110 9206 7678
9617 8393 7791
9533 7906 8252
9511 8906 7605
9715 7971 7991
7348 10019 7348
8087 9588 8229
8120 8970 8935
8204 9795 7591
9060 9191 7783
9395 9034 7496
9764 8371 7491
6869 8009 9616
8423 8117 9099
8609 9415 7955
8808 8368 8826
8654 9216 8231
8167 9823 7487
9369 9038 7550
9581 8758 7502
9787 7784 7880
9613 8730 7483
7867 9810 7782
8371 8515 9008
8339 8776 8849
8585 9186 8335
7546 9813 8036
7783 8781 9175
7496 9988 7414
8250 9235 8503
8492 9415 8066
9160 8992 7887
9260 7752 8668
9267 8532 8263
9588 8631 7622
9415 7689 8576
9794 8165 7626
8063 9846 7566
8959 7827 8918
9165 9214 7653
9816 7902 7648
7470 9862 7968
7519 10002 7397
7874 8969 9032
7805 9208 8849
7758 7572 9447
8199 9799 7465
8602 9608 7596
9393 8052 8432
9495 8585 7946
7466 9277 8873
8297 7676 9299
8281 8202 9183
8791 7563 9088
9219 8618 8289
7333 8138 9510
8381 7478 9326
8614 8528 8892
8430 7361 9316
8748 8163 8904
9068 8211 8628
9224 8010 8504
7382 8911 9172
7463 9251 8943
7353 7228 9702
7444 9089 9095
8668 7593 9220
8697 7422 9154
8997 7691 8964
9229 9169 7581
9632 8555 7646
7497 9748 8254
7532 9978 7627
7371 8886 9215
7847 8250 9301
8296 9736 7653
9508 7980 8357
9585 7786 8304
7556 9362 8791
8429 7436 9289
8974 7851 8884
9028 9321 7642
7483 9853 7935
7564 9799 8104
7861 7723 9435
9108 7908 8683
9255 8191 8408
8886 9416 7357
9721 8531 7470
7876 9839 7692
8372 9680 7700
9365 8871 7854
9034 9318 7576
9528 7857 8369
8665 8507 8820
8662 7724 9117
8981 7540 8993
9617 8210 7910
9212 9183 7606
6977 7435 9748
8738 9281 8180
8984 9174 7937
9311 9076 7716
9338 7610 8636
9470 7619 8497
7272 10049 7281
8073 9290 8730
8788 8896 8419
9614 8206 7921
9825 7846 7839
9764 7981 7818
7512 9848 7948
9362 9044 7612
7602 8737 9203
8766 8526 8743
8998 8875 8262
8866 7573 9053
9542 7839 8329
9262 9085 7680
9821 8273 7384
7493 8983 9125
7677 9605 8366
7515 7254 9645
7464 7862 9562
7495 8595 9402
8415 9265 8466
8538 8059 9002
8563 9471 7973
9082 7693 8860
9416 7770 8536
7251 7462 9679
8396 9152 8494
7928 9821 7710
8545 8600 8824
8759 9204 8171
8412 9710 7515
9060 7740 8840
7237 10017 7471
7728 9670 8295
7706 9689 8184
8419 9053 8712
9678 7755 8203
9457 8910 7640
7456 9161 9024
7155 7644 9659
8225 8094 9203
8047 9022 8902
8247 7512 9349
8491 8521 8943
8646 9581 7629
9192 8065 8656
9667 7961 8178
7510 9796 8129
7594 9540 8541
7121 7685 9660
8302 8798 8843
8015 7431 9481
8859 8129 8841
9281 8025 8468
8321 7665 9308
8251 8262 9149
8953 9286 7766
9386 8068 8423
9561 8361 7833
9710 7854 8067
9845 7832 7614
7637 8076 9394
8750 8917 8446
9620 7819 8237
9284 9112 7580
7711 9705 8155
8708 9268 8199
9186 8359 8523
9332 8335 8269
9485 7669 8433
9481 8804 7739
7681 9977 7479
8622 7599 9189
8676 7397 9191
8869 7651 9026
9500 8263 8136
9578 8696 7602
7184 8134 9586
7738 8472 9315
8463 7577 9241
9401 8921 7670
9696 7764 8160
7294 8541 9437
7291 8814 9281
7392 9565 8548
8154 9016 8829
9081 9255 7673
9559 7790 8371
7532 9822 8037
7537 9870 7884
8412 8234 9090
8505 9607 7787
9782 8350 7467
9586 7763 8297
9880 7851 7549
7839 8259 9231
8010 9605 8193
8776 7994 8999
8927 8474 8685
9516 7650 8424
9739 7904 7978
7955 9356 8561
7853 9689 8172
7852 8597 9230
8810 7611 9078
8880 8507 8678
8952 8772 8305
9305 9100 7557
7496 7481 9600
7946 9278 8735
8292 9663 7712
8476 7388 9265
8607 9130 8395
9116 9180 7734
9079 7702 8907
9561 7683 8351
6985 7666 9700
7501 9156 9020
8098 9210 8593
8374 9041 8729
8363 8680 8867
8383 8964 8799
8982 9334 7615
9900 7967 7264
7671 9316 8759
8144 7657 9361
7873 9900 7452
8231 8447 9066
8712 8792 8699
8887 8086 8779
9461 8945 7616
9713 8539 7523
9454 7851 8478
7903 9550 8298
8504 9647 7798
8654 9545 7719
9263 7628 8743
9728 7773 8045
7604 9486 8661
7116 7507 9745
7206 8577 9427
7966 9274 8752
7962 7510 9457
8281 7630 9313
8601 8285 8993
8413 7416 9322
8726 8995 8417
7311 8877 9227
8450 8598 8904
8464 7392 9304
7157 10037 7336
8180 8752 8945
8418 9425 8148
8524 9657 7655
9346 8429 8255
9519 8610 7880
9756 8383 7470
7624 9342 8774
7802 9004 8989
7951 9570 8266
8953 9206 7887
9087 9260 7645
9575 7830 8294
9624 8713 7408
7408 10003 7540
7452 8160 9468
8915 9262 8054
9315 9036 7678
9231 9171 7566
9670 7738 8204
9590 8739 7515
9495 7763 8424
7846 9577 8287
7615 9998 7280
8393 7458 9317
7488 9687 8336
7533 7390 9627
8018 9118 8734
8006 9319 8615
9457 8903 7652
7609 9422 8726
7816 9649 8251
7912 7458 9494
9017 7722 8942
9283 7740 8650
9310 8526 8343
7384 9032 9107
7480 9199 9010
7767 8252 9276
8728 8421 8809
8824 8659 8594
9300 9026 7832
7509 9908 7799
7932 8000 9338
8388 8040 9207
9118 7977 8675
9125 7855 8752
9058 9261 7631
9453 8807 7659
7658 9206 8867
7655 9242 8907
8315 7675 9238
8510 8665 8891
8809 9084 8227
7155 8448 9505
7496 10012 7328
8204 8923 8871
9476 8908 7625
7328 8838 9255
7499 9819 8054
7586 9251 8885
8518 8032 9049
8153 8358 9106
8526 8643 8790
8443 9044 8650
9134 9227 7598
9615 8271 7874
7748 9686 8254
7300 10033 7350
7105 8161 9602
7647 9230 8915
7537 8304 9424
7455 8779 9311
7869 8648 9080
8096 7738 9332
8432 7358 9309
8779 7617 9108
8225 9167 8647
8734 9367 8021
9235 9095 7858
9309 7707 8701
9893 7775 7511
7603 9526 8612
7646 7886 9462
7758 7473 9519
7596 8570 9285
8448 8697 8843
8908 9272 7875
8806 7475 9111
9682 8577 7536
9438 8927 7641
7506 9779 8170
7680 9470 8669
7388 10033 7267
7479 8695 9280
8868 9413 7737
9410 7988 8322
9460 8930 7634
8255 9338 8436
8666 8451 8899
8889 8565 8558
9611 8719 7569
9744 7766 7999
9845 7883 7558
7032 7693 9686
7173 8224 9550
7655 9919 7653
7690 9700 8263
8518 9015 8558
7255 8286 9486
7401 10029 7276
8549 9665 7625
9315 8450 8254
8765 9504 7651
9041 9314 7683
9514 8839 7597
8356 9491 8145
8517 8818 8782
9222 9120 7632
9792 7850 7871
7399 9123 9048
7544 8660 9258
8298 8192 9119
8238 9022 8789
8336 9717 7647
8775 8813 8650
7984 7374 9514
9815 7925 7772
7680 9730 8201
8029 8475 9191
8718 8753 8687
8719 7571 9128
9292 8874 7853
7572 9172 8978
8319 8787 8868
8547 8023 9120
9325 9089 7526
7470 8881 9175
7686 9493 8537
8341 8059 9153
8997 9220 7808
9008 7617 8951
9661 8703 7578
7529 9353 8835
7426 8888 9211
7883 9798 7797
8665 9239 8206
9199 7670 8799
9331 7723 8640
7600 8833 9177
7784 9197 8870
8415 8175 9083
8145 7354 9448
8438 7445 9267
8609 8732 8733
8286 7483 9360
9204 7617 8752
7532 9117 9034
8520 8447 8961
9010 9324 7619
9276 8025 8477
9936 7674 7263
7359 9026 9125
7845 9435 8568
8313 8801 8836
9079 8597 8387
9040 9321 7551
7487 9887 7909
7389 8854 9219
7935 9675 8165
8144 9702 7876
8046 9090 8830
7574 7362 9613
7407 8649 9316
8061 9801 7731
8565 8570 8829
8556 9549 7852
9061 9282 7607
9512 7738 8414
9208 9161 7640
7844 7921 9346
7996 8022 9260
8622 9010 8612
8843 9364 7832
9003 7612 8952
7801 9829 7884
8437 9214 8453
8870 7664 9017
9015 9209 7743
8830 7463 9080
9279 7679 8731
8786 8189 8840
9073 8730 8393
9249 9136 7574
9236 9142 7563
9790 7803 7872
7398 7582 9672
7776 9291 8734
7627 9730 8252
8001 9042 8882
8268 9587 8025
8407 8831 8778
8585 9608 7730
9173 8916 8003
9904 7696 7536
7342 10036 7281
7639 9719 8244
8156 9562 8130
8711 8048 8948
8676 8923 8539
7996 7423 9503
8455 8852 8743
9665 8677 7604
7994 8499 9187
8453 9474 8065
9773 8326 7501
7652 9666 8378
7541 8944 9101
9355 7779 8552
9302 7943 8549
9589 8744 7482
9547 7924 8230
9748 7722 8030
9781 7921 7818
7994 8707 9040
7973 9269 8734
8986 9329 7574
9425 7732 8483
9842 7839 7607
7559 9621 8458
8401 9469 8179
8484 9455 8072
9370 8749 8026
7262 8892 9236
7467 9212 8932
7686 9822 7948
8186 7507 9415
8683 8423 8852
9232 8664 8190
9035 7590 8937
9709 8558 7486
8198 7462 9438
8317 9273 8422
7252 7696 9622
7623 8069 9466
7949 9796 7938
7891 7422 9534
8405 8808 8828
8662 7761 9104
9120 9248 7666
9281 9028 7797
9756 7737 8002
9896 7968 7228
7252 7934 9538
8627 8933 8583
9029 7967 8810
9931 7722 7140
7613 9388 8776
7733 7671 9450
8096 9304 8551
7903 7671 9423
8358 7668 9231
8955 9252 7851
6960 8035 9613
7507 9817 8089
7256 8324 9480
7417 8022 9499
7519 8735 9218
8036 7442 9469
8984 9093 8195
9020 7592 8978
9336 7736 8555
9424 7663 8512
7458 9939 7733
7960 7765 9397
7978 8060 9311
8186 9356 8456
8477 8992 8654
8418 9273 8369
8900 8492 8695
8933 8760 8436
8919 9299 7758
7334 8933 9195
7522 7977 9493
7651 7291 9600
8477 9682 7561
8995 7624 8977
9521 7642 8442
7085 8546 9462
7426 9112 9055
7812 9569 8288
8418 8416 8985
9325 8629 8212
9472 8912 7588
9861 7985 7259
9791 8297 7401
9873 8030 7240
7694 9820 7922
7453 9923 7784
7421 7564 9600
8911 9033 8229
9043 7557 8973
9268 7660 8732
9220 7601 8747
7860 7449 9561
7521 8979 9131
7666 9516 8533
8603 8089 8996
8480 7546 9221
9381 8417 8146
9567 8725 7546
9946 7574 7283
7417 8536 9424
7589 8293 9431
7669 9578 8481
9105 8993 7990
9350 7993 8445
9452 8235 8171
9256 9168 7530
9302 7712 8665
9783 7803 7961
9434 8833 7656
9458 7706 8490
9742 7839 7968
7128 8251 9548
7385 9901 7804
8012 9472 8513
8805 7502 9099
9055 8380 8637
9044 9308 7658
9507 7796 8393
9479 7800 8399
7396 10022 7292
8183 7566 9410
8685 8767 8730
9618 7821 8219
7582 9682 8356
7685 9042 9059
8510 7513 9246
8766 9050 8318
8807 7482 9088
9317 7756 8600
9808 8278 7232
9783 7877 7806
7921 8192 9325
8197 8600 9086
8537 9138 8413
8882 8870 8282
9425 8849 7826
9611 7804 8282
9927 7739 7096
7680 8903 9102
9609 7912 8217
9795 8198 7505
9530 8788 7625
8092 7348 9475
8121 8698 9014
8855 9432 7773
9511 7667 8445
8833 8167 8843
8713 9074 8505
9133 9255 7578
7132 7850 9650
7510 9818 8044
7081 7633 9712
7934 7354 9538
7686 8297 9326
8251 8676 8999
8303 8785 8893
8274 9364 8399
8348 9754 7599
8279 9738 7626
8648 7437 9225
9107 8010 8689
9730 8569 7433
7351 8876 9229
7954 8609 9150
8213 9780 7576
9584 7924 8201
9177 9160 7644
7266 8481 9442
7504 8314 9392
7364 8856 9225
8345 9438 8249
8402 9526 8010
8358 7542 9341
8779 7863 9054
9023 8072 8697
9076 9005 8101
9188 8386 8434
9865 7971 7281
9822 8189 7320
7448 8793 9277
7966 9706 8097
8405 7554 9266
8582 8065 8997
9367 8206 8367
9313 7775 8644
9026 7608 8928
7462 9081 9070
7666 9655 8434
8786 9488 7793
9167 8891 8042
9623 8269 7823
9694 8140 7790
9607 8688 7593
9820 7861 7808
7129 8367 9525
7486 9042 9083
7787 7295 9592
7615 8653 9208
8447 9033 8668
8423 7754 9189
9831 7881 7766
9892 7787 7561
7065 7628 9723
7706 9642 8318
7662 9213 8848
8631 8866 8679
9086 8636 8320
9170 8522 8505
9183 9122 7722
7373 8731 9335
8512 9136 8569
8730 8890 8627
9525 8765 7629
7625 9478 8715
7584 9914 7786
8813 8740 8612
9052 9280 7617
9401 9006 7597
7414 8639 9329
7837 9170 8841
7693 9717 8226
7977 9806 7795
7704 7300 9594
8212 7452 9383
8401 7602 9286
8857 7829 8952
8617 9573 7807
8708 7575 9130
8804 7483 9126
9566 8831 7622
7008 7940 9638
7741 9842 7764
8928 8790 8538
9183 8513 8391
9345 8567 8196
7422 8910 9187
7646 7339 9627
8542 7508 9253
8833 9001 8343
9071 8087 8655
9622 7793 8279
9562 8765 7625
9578 8784 7527
9427 8997 7610
7099 7936 9630
8434 7849 9141
8977 9138 8200
9449 7653 8496
9067 9261 7598
9877 7812 7576
7199 8111 9549
7245 8461 9492
8086 9602 8242
8954 9271 7871
9096 7708 8830
9075 7588 8955
7774 9463 8657
7449 8305 9420
8230 9497 8204
7995 9898 7468
8303 7447 9352
9201 7626 8791
7053 7966 9623
7099 7784 9672
8539 7514 9234
8623 9101 8404
9668 8502 7576
7715 9574 8470
7874 9551 8317
8537 9239 8409
8504 7325 9276
9038 7883 8701
9325 8653 8181
9653 7777 8219
9785 7983 7724
9572 7807 8341
9764 8466 7441
7618 9618 8495
7045 7818 9653
6980 7547 9737
7682 8094 9381
7801 7771 9433
8095 9728 7998
8643 7951 9089
8717 9298 8109
8912 8845 8364
9481 8802 7935
9142 9165 7726
9480 7798 8470
8305 7268 9364
8325 7487 9348
9151 8539 8491
7542 9558 8533
7437 7922 9495
7475 9006 9152
7918 9479 8450
8304 8763 8889
8171 9813 7289
8866 8128 8818
8652 9594 7555
8513 9675 7650
9710 8377 7575
8615 9241 8213
9521 7875 8373
9797 7795 7868
9596 8274 7927
9704 7804 8079
7412 9214 8950
7702 9545 8518
7637 9787 8167
7100 7629 9671
7981 7386 9515
7926 7424 9530
9440 8142 8303
9253 8094 8490
9473 7854 8452
9571 7746 8343
9770 7821 7946
7335 10028 7182
9500 8879 7697
9454 8933 7707
9871 8064 7411
7407 10000 7234
7595 7378 9574
8289 8868 8804
8983 7691 8915
9297 9103 7604
9368 8993 7644
7381 7414 9642
7494 8540 9342
8353 7522 9299
9182 8166 8543
7746 7277 9566
9455 8883 7739
9038 7653 8873
7498 7716 9488
9823 8320 7434
8990 7883 8804
7761 7454 9547
8149 7628 9394
7571 9225 8879
8832 7546 9031
7418 7410 9643
7557 7503 9527
9092 7884 8745
7650 8860 9080
7731 8430 9290
8186 8648 8947
7431 7286 9631
7549 9221 8909
7593 8497 9320
7818 8671 9167
7579 9980 7401
9527 8070 8203
9793 8341 7476
9686 8079 7879
9350 9038 7637
9614 8750 7639
8074 7457 9442
9202 7647 8775
9508 8227 8230
9902 7565 7627
9021 7930 8761
9100 9201 7719
7555 9024 9024
7923 7398 9500
8179 8889 8815
8531 7670 9151
7466 9521 8584
7856 9176 8812
7279 8943 9169
7231 8404 9465
9555 8809 7573
9529 8845 7576
8056 7636 9359
8950 7710 8918
7577 7288 9619
7598 9013 9014
8199 9764 7680
8465 9653 7713
8200 7611 9333
7740 7492 9518
7469 9948 7599
9053 7773 8836
9366 8366 8344
7703 7672 9488
8123 8985 8837
8149 8627 8998
9323 8986 7749
7133 8717 9334
8431 8817 8802
7770 9773 7971
7806 8551 9259
9737 8454 7561
8178 7494 9409
9047 7946 8740
8239 7556 9381
8223 7445 9387
9179 9052 7934
9429 8025 8411
7797 8751 9120
8312 9740 7600
9219 8757 8211
9359 8132 8513
8841 8074 8841
7681 9697 8254
7659 9712 8268
7870 8918 8973
9018 7918 8766
7815 8971 9009
7286 9106 9022
8947 7604 8966
7393 8293 9413
8068 8914 8985
7550 8993 9054
9284 8241 8509
7253 8867 9271
7416 8947 9133
8142 9774 7670
8731 7501 9134
9847 8075 7496
7195 10039 7338
8038 8918 8936
8109 8835 8888
8285 7525 9323
9511 8160 8208
7269 8970 9161
7495 8519 9329
9298 7833 8632
7071 7920 9640
7530 9545 8544
8043 9821 7589
8648 8756 8705
8447 8341 9041
9741 8016 7896
7225 8815 9282
7981 7539 9430
7315 8739 9270
7579 8877 9063
7640 7285 9576
7753 9932 7393
7325 9452 8670
7632 7298 9598
8168 8938 8750
7879 9832 7636
7570 9238 8879
7698 9867 7750
9173 7841 8741
9266 7882 8657
8372 8910 8737
9261 8393 8447
7643 9387 8700
7769 9702 8211
8553 7985 9072
9194 8867 8192
7590 9855 8007
7946 8817 9036
7379 7414 9650
8099 8690 8987
8818 9082 8282
9831 8114 7608
8061 7494 9418
8050 9092 8659
8264 7808 9238
9710 8126 7817
9662 8185 7871
7848 9184 8770
8569 9473 7951
7710 8049 9368
7697 8732 9146
7315 8887 9216
8938 8814 8464
8893 9335 7770
8267 8627 8908
9196 8273 8512
7326 8892 9208
7477 7427 9602
7410 8037 9506
7994 7896 9347
7561 9590 8494
7889 8496 9141
8336 8076 9179
7512 9660 8391
8457 9691 7582
7921 7579 9458
7340 8277 9460
8124 9650 7878
8673 9422 8055
7717 9436 8656
9003 7724 8866
9755 7829 8056
7218 8402 9474
7676 8757 9124
9082 8533 8515
7475 9129 9016
9953 7780 7260
7345 10026 7262
7829 8748 9137
7487 9640 8394
8132 9198 8637
9061 9317 7550
9572 8799 7634
9910 7995 7287
7328 10023 7283
8585 8622 8775
8687 7545 9176
9741 8104 7703
9917 7706 7390
8270 7430 9366
7625 9246 8845
8357 9744 7579
9330 8200 8421
9316 8824 7922
7355 8526 9430
9095 7705 8856
7393 8760 9264
9407 8240 8395
9955 7601 7244
7645 8753 9164
7311 8688 9288
7261 8788 9256
9879 7623 7573
7393 7592 9570
8758 7462 9129
9710 8142 7797
9894 8066 7377
7458 8344 9410
9946 7578 7335
9003 9302 7772
7299 10047 7196
7441 9419 8711
9371 8124 8467
7639 8103 9455
8368 7507 9320
7472 9043 9049
9206 9118 7807
9947 7460 7349
7188 8611 9404
7886 8424 9177
8026 9187 8648
8957 8461 8702
8962 8802 8443
9037 7662 8895
9818 8255 7509
7305 8638 9332
9942 7646 7305
8073 7468 9425
7382 9039 9094
7700 8272 9300
8541 7492 9236
7361 8943 9158
7687 9876 7772
9371 7726 8630
7548 9609 8431
8004 7936 9250
7430 9103 9071
7475 7798 9489
8937 7636 8995
8505 7703 9154
9052 8456 8603
9781 7795 7974
6946 7600 9730
7679 9402 8671
8206 7452 9403
8949 7910 8890
9118 8349 8625
9076 8559 8498
9485 8167 8258
7667 9830 8115
7379 8856 9179
7377 10036 7178
7820 7204 9544
9332 8837 7864
9328 7944 8585
8567 7894 9129
8297 7523 9315
9895 7842 7419
7205 8656 9357
8856 8152 8804
7818 9808 7808
7434 7437 9593
7962 8063 9319
7999 8170 9315
8039 7432 9449
8743 7772 9059
8164 7536 9383
8242 8818 8809
8554 8643 8762
9776 7767 7979
9951 7492 7323
7151 8525 9476
7653 9762 8200
8409 7605 9259
9142 8601 8445
7832 8033 9377
8256 9776 7562
8601 8562 8831
7304 8418 9451
7958 9830 7634
8606 9415 8115
8973 8176 8715
8012 8950 8926
9773 7896 8006
9168 8518 8490
8841 7456 9030
9721 7856 8065
7147 8701 9342
7509 9685 8339
7938 8118 9323
7694 8584 9175
8927 9341 7709
7496 8243 9472
7391 8381 9368
7767 9098 8841
9924 7585 7417
9716 8084 7785
8020 7816 9308
8550 8026 9058
9012 7687 8888
7028 7741 9681
7835 8596 9144
7619 9445 8630
8528 7562 9256
8884 8509 8681
8376 7503 9298
8462 8328 8970
8345 9666 7722
7980 7705 9417
8261 8581 8991
8189 9119 8614
7560 9202 8912
7564 8897 9086
8627 7767 9145
7400 9468 8647
8220 8504 8997
9114 9121 7790
7603 9777 8233
8680 8086 9048
7322 8877 9245
7603 9893 7747
8113 9743 7850
9105 7817 8806
9929 7649 7349
9905 7824 7363
7039 7477 9749
7359 8997 9156
7376 8916 9172
8452 7915 9148
9018 9307 7642
9004 9318 7483
8530 8171 8993
9522 7693 8417
7863 9851 7561
8969 7740 8907
7178 8661 9357
7396 8562 9353
9140 8477 8542
9924 7737 7384
7114 7467 9697
7845 8846 9084
7529 9989 7381
8752 9481 7905
8718 8739 8644
8562 7542 9215
9046 9139 7850
8992 9360 7599
7268 9040 9080
7263 8270 9479
7761 9916 7464
7966 8664 9025
8929 8502 8697
9678 7947 8063
7162 8563 9438
7247 8564 9399
7948 7878 9354
8118 8729 8985
8818 8097 8811
8009 7467 9491
7015 7500 9746
8164 8452 9025
7790 9833 7669
8108 7631 9333
8720 9400 8003
7750 9812 7904
8596 9595 7693
7873 8966 8940
8005 9861 7502
8479 7431 9288
9141 9146 7787
9338 8995 7652
7316 10033 7324
7227 8251 9515
9165 8577 8432
9812 8333 7434
7985 9782 7790
8397 9564 8033
7247 8631 9349
7448 7253 9631
8371 9711 7663
9528 8279 8084
9203 9187 7473
9920 7924 7313
8697 8624 8718
7297 7491 9660
7773 8221 9272
8769 7751 9051
8952 7866 8901
9872 7736 7571
8515 7409 9263
9132 7711 8819
7272 8906 9192
7704 9809 8136
7574 8758 9123
7466 8988 9118
7385 7410 9648
8484 9684 7622
7624 9822 8156
7328 7401 9663
7522 8362 9381
8311 8089 9143
8624 7641 9186
7164 7812 9651
8362 7484 9323
9664 8679 7625
7555 8203 9475
8031 7715 9397
8378 8496 8902
8647 9354 8104
9203 9132 7773
7582 7499 9585
8567 8107 9009
7153 8634 9370
7107 7635 9664
7870 9854 7560
8427 7504 9285
9940 7586 7407
7901 7337 9525
8314 8384 9032
7737 9920 7456
9358 8039 8577
9204 8352 8511
9764 8257 7575
9786 7689 7965
7442 9434 8667
7144 8690 9347
9767 7897 7948
7184 8561 9409
7444 8948 9122
7324 10035 7191
8143 7504 9403
8736 8079 9015
9129 9268 7488
8499 9589 7807
7112 7468 9721
8526 8315 8982
8482 8233 9003
9090 7687 8857
9789 8408 7500
7929 9383 8660
7742 7512 9517
9645 8719 7572
7440 8503 9344
9089 9301 7593
9715 8140 7772
7227 8730 9321
8410 8450 9031
9252 7689 8722
9689 8521 7629
7442 9044 9050
7903 8121 9317
8171 7443 9423
8265 7603 9364
7354 7478 9634
7999 7521 9432
8567 9539 7855
9649 8215 7858
7987 7731 9372
7585 8500 9337
9224 9030 7777
7676 8058 9446
8511 7985 9115
8843 9418 7733
9330 9100 7684
9784 8336 7505
7155 8670 9363
7350 7679 9571
8271 9753 7648
9394 8735 7917
9583 7992 8307
9633 8079 7931
8276 7764 9292
8171 9812 7589
9362 9008 7601
9921 7870 7181
7237 7367 9681
9206 7742 8768
8211 8123 9205
8608 8733 8706
8880 9384 7899
9372 8958 7667
9621 8030 8275
7866 8733 9068
8640 7846 9127
8476 9538 7893
9660 8293 7768
9230 9180 7612
7428 9601 8458
7246 8505 9464
9361 9020 7589
8337 9640 7753
9727 8535 7492
7662 9683 8352
7104 8748 9355
7386 7637 9586
8652 9519 7789
9152 8074 8721
9227 7889 8687
9346 8157 8518
7450 8721 9276
8013 9204 8674
8045 7400 9454
8595 8621 8779
8058 7532 9402
9128 9152 7722
7369 10015 7349
7240 7809 9635
7598 9556 8484
8232 9721 7826
8414 7507 9288
8106 9818 7656
8512 9509 8047
9646 8641 7639
7579 9718 8303
8727 7472 9139
9040 9254 7663
9746 8474 7516
7104 7949 9631
9438 7847 8493
9733 7939 8033
7373 8135 9534
7953 7997 9325
9253 7994 8639
7102 7664 9675
7805 7394 9523
8499 9638 7681
8312 9735 7626
9519 8068 8267
8858 7566 9002
9435 8056 8350
9375 8981 7643
9745 7988 7896
9705 8141 7814
9786 8453 7462
9831 8256 7412
8445 7726 9195
9022 7888 8788
7208 7339 9714
8001 8025 9261
8810 7649 9068
9719 7882 8073
7203 8374 9514
7801 7350 9543
9200 7668 8801
7598 9740 8250
7103 8596 9414
7097 7639 9704
7448 9619 8457
7726 9196 8868
7906 7460 9500
8731 9562 7641
9846 8252 7402
7168 7417 9724
8061 9455 8583
8302 8320 9074
9373 8952 7717
9823 8323 7384
8473 9606 7840
8010 9862 7343
8945 9362 7609
9363 8877 7862
7688 9292 8716
8178 7851 9249
9744 8190 7652
7597 9778 8175
7776 9753 7916
8157 7495 9385
7200 7456 9697
7450 7576 9551
8251 7934 9247
8475 9607 7828
8542 8687 8817
8830 8071 8863
9356 8961 7678
9715 7831 8083
7183 10054 7124
7055 7445 9734
8380 7802 9232
8200 7473 9383
9220 8440 8419
9480 7844 8417
9820 8142 7486
9908 7822 7328
7204 8404 9489
7429 9447 8683
7277 8770 9289
8184 9826 7581
8306 8968 8731
8904 8683 8645
9796 7998 7692
9888 8109 7278
7437 9292 8840
7842 9865 7550
7749 7459 9529
8334 9056 8654
8374 7428 9322
8681 7620 9151
9071 9270 7601
9678 7968 8005
7971 7779 9369
8219 8789 8818
8598 9469 8031
8622 8436 8860
8310 9768 7618
9380 8851 7791
9736 8266 7705
9812 8254 7519
7408 10008 7233
7919 8795 9044
8127 7427 9434
9192 9176 7668
7203 8436 9495
9169 7678 8799
7358 9048 9075
7581 9779 8202
7736 7355 9566
7779 7956 9381
8350 7503 9324
9500 8191 8250
7894 9651 8084
9161 8532 8486
8672 9554 7682
9340 7806 8644
9746 8087 7662
9830 8178 7448
9869 7744 7677
7204 8804 9283
7253 7477 9676
7287 10039 7251
7597 7312 9605
8508 9646 7670
9031 7956 8758
9765 8523 7488
7445 8739 9246
8714 8559 8738
8870 8989 8369
8756 9416 7895
9164 9230 7555
7661 9840 8010
7377 8261 9498
9169 8670 8243
8316 7496 9348
8898 9148 8145
9234 7535 8769
9298 8246 8497
9660 7892 8182
7089 7840 9677
7156 8616 9363
7125 7815 9655
7378 10014 7258
7946 9843 7626
8234 9783 7467
9202 8798 8229
8458 8273 9015
8648 8800 8688
8703 9442 7965
9066 8411 8661
9211 7645 8761
7473 9250 8912
6985 7518 9741
7675 7446 9566
8551 7992 9087
8414 9327 8487
7283 8926 9185
7603 8200 9346
9385 8596 8232
7132 7467 9685
8134 9802 7675
9914 7994 7323
7152 8287 9529
7378 8493 9362
9096 8589 8469
7068 7554 9733
7387 8421 9391
7515 7306 9612
8137 9779 7641
9260 7921 8682
9362 8883 7796
7459 8597 9306
7366 7536 9626
7361 8279 9452
8981 8533 8651
9092 8546 8498
7119 8049 9591
7548 9393 8725
7521 9883 7832
8243 7525 9382
8350 7684 9281
9242 9160 7622
9247 8080 8656
9249 7761 8705
8149 9356 8510
8570 8463 8858
9753 7948 7988
7871 7471 9520
8140 8103 9229
9029 9125 8263
9044 7697 8864
9438 7981 8418
9330 7847 8622
9761 8426 7522
9777 7746 8000
8238 8218 9147
8499 9411 8228
9662 8580 7645
7316 8927 9182
7715 7942 9396
8403 9284 8494
9020 7987 8759
9364 8905 7791
9147 9230 7576
9517 8838 7626
8609 9573 7764
8387 8044 9157
9162 8500 8509
7417 9415 8742
7372 10006 7433
7593 7963 9482
7762 9848 7647
7825 9937 7339
9145 9227 7666
9927 7770 7262
7871 9901 7290
9700 8027 7940
7110 7538 9693
7099 8214 9565
7200 8533 9449
7027 7597 9726
7285 7553 9599
8256 7442 9383
8232 8476 9003
8321 7428 9335
8543 8045 9112
8693 9515 7791
8915 8579 8674
9513 8860 7647
7285 8718 9277
7491 9959 7507
7268 7573 9644
8258 8424 9068
8856 8720 8532
9912 7759 7331
9754 8456 7560
7431 9412 8746
7420 7342 9673
7474 7537 9560
8954 9414 7593
7077 7545 9727
7086 7487 9720
7257 7411 9677
7450 8358 9394
7771 8721 9166
7617 9030 9000
7896 7425 9504
8273 7532 9303
8616 9385 8143
9897 7968 7351
7450 9460 8664
7546 7348 9597
8112 8223 9241
8221 9421 8391
8879 7712 8997
9136 8659 8455
9670 8001 8167
9874 8203 7389
7269 7324 9685
7668 8098 9376
8481 7389 9265
9167 8952 8152
9704 8128 7815
9923 7606 7430
7099 7754 9660
7042 7561 9708
7127 8569 9414
7740 9946 7334
8211 8844 8808
8337 9506 8146
9241 7708 8746
9344 7824 8622
7611 8725 9167
8637 9523 7824
8656 7639 9120
8946 7763 8921
7805 7774 9473
8138 7522 9415
9286 7800 8654
7132 7907 9624
7587 9740 8266
7230 8136 9558
7838 9509 8468
8689 9555 7651
9386 8896 7727
9117 9259 7624
7279 8896 9219
7101 8155 9588
8016 8689 8991
8843 8454 8731
9055 8724 8516
9082 7755 8862
9189 7594 8823
9551 7922 8359
7167 8688 9362
8544 9295 8284
9129 7575 8856
9488 8727 7780
7873 7785 9389
8349 7358 9325
8912 8983 8357
8432 9706 7633
9187 8878 8199
9312 8843 8065
8112 9527 8349
8022 8365 9158
9874 7656 7690
9934 7753 7284
7041 7672 9698
7316 10012 7367
7408 7854 9544
8301 7652 9294
9133 8867 8235
9106 9195 7761
9210 9156 7636
9424 7993 8431
8671 9337 8221
8817 9353 8001
9720 7799 8144
9912 7675 7397
7549 9861 7991
7877 8488 9158
8436 9618 7802
9143 8250 8628
9921 7508 7454
7066 7641 9689
7319 10035 7274
8040 7499 9440
9219 9148 7663
9354 8769 7955
9361 8335 8385
7359 7291 9693
8204 8794 8868
8301 8779 8879
7136 7592 9668
8964 9289 7844
9158 9205 7587
9530 7978 8399
7077 7886 9650
7212 8716 9326
7075 8065 9594
7543 9623 8402
7567 8256 9364
8058 7468 9429
8232 7382 9389
9650 8556 7797
9706 7870 8075
7182 8825 9289
8636 8023 9056
8725 7605 9163
8877 9463 7655
9714 8287 7654
9791 7938 7847
7940 9080 8917
8035 9697 8044
8915 9159 8029
9162 7713 8789
9620 7842 8280
9818 7786 7855
7141 8621 9411
7412 9990 7330
7622 7351 9576
8574 8146 8993
9674 7920 8130
9692 7881 8093
7351 10025 7273
7531 9630 8401
8278 9651 7761
8046 7445 9445
8755 8371 8837
9386 8738 7950
8448 9665 7729
7125 8744 9314
6896 7516 9750
7569 9196 8964
8521 8418 8908
9233 7831 8756
7622 9684 8275
7593 9931 7706
7583 9686 8314
8475 8235 9033
8236 9640 7866
8511 7641 9218
8826 7614 9098
9096 7655 8870
9162 7924 8744
9661 8329 7704
9669 8645 7630
7593 9302 8838
7779 7408 9534
7938 7704 9425
8057 7309 9471
8227 7811 9267
8846 7716 9006
8924 8044 8762
9346 7737 8672
7490 9795 8157
8636 9176 8319
8390 7436 9315
8847 9230 8270
9110 9112 7895
9283 7794 8704
9876 7680 7609
9936 7550 7446
8012 9851 7502
9097 8892 8276
9226 9182 7623
7394 9084 9074
7193 7503 9652
7507 9712 8319
8534 8088 9051
9162 8088 8692
7126 8393 9523
6964 7559 9730
7856 9915 7378
8428 8478 8927
8821 7943 8969
7684 9476 8579
8122 8257 9160
9035 7876 8852
7644 9895 7690
8366 8600 8909
8499 9446 8141
9804 7885 7949
7178 8166 9537
7134 8647 9380
8366 8732 8860
9052 7645 8872
9724 8616 7618
9590 8784 7607
9755 7922 7978
9930 7812 7243
6957 7583 9733
7926 8037 9334
8641 9451 7917
8656 9518 7749
9514 7926 8403
7638 8619 9216
7636 9911 7669
7226 7374 9699
7676 7305 9574
8752 9065 8471
8923 9393 7716
8504 9611 7683
8758 7675 9092
8788 9452 7702
7236 8937 9209
7489 9943 7568
7144 8775 9311
7440 9993 7304
8816 8103 8808
9477 8749 7781
9857 8244 7445
7855 8191 9300
8433 9374 8319
9072 8973 8201
9391 8735 8078
9778 8480 7515
9771 8190 7568
7426 9026 9130
6995 8107 9608
7358 9957 7684
8337 8451 9011
9350 8089 8575
9235 7718 8732
9900 8014 7326
7492 9217 8920
7850 9911 7479
8457 9024 8668
9113 7667 8864
8862 9167 8011
9235 8166 8540
7203 10039 7311
7013 7680 9688
8580 9440 8171
8491 9595 7837
8942 8479 8680
9623 7956 8195
8037 7349 9459
8114 7907 9271
8851 9168 8102
8815 7655 9054
9292 8047 8609
9158 8594 8368
9325 8003 8621
9581 8750 7657
9331 9013 7688
7075 8060 9609
7191 7376 9705
8625 9193 8461
8651 9497 7827
8994 9327 7561
9882 7740 7554
7608 9936 7602
8339 8070 9198
7882 8440 9181
9187 8876 8217
9752 8329 7625
7107 8540 9468
7439 7503 9584
8304 9649 7827
9100 8853 8286
9347 8434 8420
9529 8835 7581
7729 7375 9549
7898 8387 9167
9615 8601 7744
7353 10019 7288
7144 8031 9614
7577 7326 9596
8751 7938 8978
9418 8112 8454
9807 7814 7918
7603 8704 9281
7631 7485 9538
8503 8416 8954
8814 9032 8424
8466 7457 9309
9269 7620 8745
9376 9028 7521
7490 9441 8664
7091 8533 9504
7574 9596 8446
8415 8476 8985
8155 9829 7467
9583 8209 8174
9394 9029 7520
7093 8029 9637
8145 8585 9108
8994 8869 8367
7280 10009 7438
7563 7294 9606
7730 8051 9366
8080 7349 9456
8536 8722 8867
9015 7914 8799
7083 7845 9646
7547 7319 9609
8741 9309 8204
8591 9491 7892
9193 9096 7819
9171 7680 8790
9675 8255 7784
7603 9922 7704
7389 10013 7335
9392 7908 8469
9619 8116 7898
9645 7909 8258
7422 8679 9322
7882 8426 9197
8589 8924 8656
8343 8483 8949
9089 7415 8880
9508 8106 8328
9911 8014 7283
7438 9050 9056
8036 9781 7741
8564 9578 7753
9192 8510 8471
8869 9438 7663
9448 7828 8540
9228 9144 7652
9587 7951 8358
9790 8431 7450
9783 7920 7923
8659 7775 9057
8305 8429 9054
7631 9747 8208
7206 8659 9353
7842 9502 8441
8303 7440 9364
8797 8731 8531
8468 7485 9268
8754 7935 9018
7454 7408 9620
8398 9004 8688
8781 7772 9021
9458 7946 8424
9683 7885 8158
8130 8918 8817
8898 7761 8989
9037 9305 7682
9593 8105 8172
9460 7831 8473
9910 7711 7421
7352 9982 7578
7288 7452 9675
7620 9773 8204
8940 9113 8277
8690 7905 9019
8910 8025 8894
8680 9585 7641
8834 7608 9008
9418 8728 7882
9824 8270 7407
7381 9990 7573
8471 7673 9167
9732 8507 7501
7785 9092 8868
7895 8739 9056
8403 7478 9304
9098 8832 8413
8999 7686 8896
7691 9068 8947
7858 9788 7857
9486 8536 7980
7166 8205 9531
7310 10031 7376
7710 9917 7579
8435 8881 8738
8864 8731 8518
9308 8439 8337
9535 8567 7970
9763 8296 7523
7157 8586 9406
7347 8873 9177
7403 9029 9084
7403 8374 9386
7740 9642 8331
7964 9639 8090
8587 8870 8714
8587 9236 8445
8474 9566 7859
8256 9518 8169
8832 7648 9013
9637 8741 7678
7399 9030 9078
7572 9217 8885
7106 7979 9623
8732 8668 8663
8756 9513 7615
9223 8941 8084
7541 9179 8988
7828 9237 8741
7722 9633 8387
8002 8671 9023
8666 9130 8473
8333 9695 7749
9721 7786 8099
7155 8183 9538
7548 9603 8457
7392 9047 9078
7364 8174 9525
8230 9792 7439
8717 9511 7725
7088 7686 9679
7611 9711 8297
7977 9818 7790
7766 9933 7372
8360 9031 8714
8597 9558 7852
8297 9550 8084
8742 9512 7654
8704 9550 7698
9359 8900 7824
9600 8492 7839
7295 8934 9160
7593 9855 7893
9442 8671 8129
9748 8498 7510
7508 9322 8829
8633 9631 7622
8708 7477 9169
8890 7616 8998
8883 8031 8868
9117 9025 8180
9372 8867 7814
6999 7646 9715
7194 8718 9327
7559 9972 7419
7849 7850 9361
8370 8528 8918
8383 8367 9035
8691 7870 9030
8739 7815 9033
9099 8805 8409
9221 8726 8204
9620 8564 7798
9891 7588 7579
7465 7960 9490
8540 8707 8797
8826 9427 7880
9290 7664 8717
7125 8526 9460
7380 9971 7634
7546 9145 8992
7443 9273 8908
8924 7682 8947
9315 8115 8533
9300 7594 8703
9813 7843 7912
9895 7969 7360
7561 9927 7828
7523 9249 8914
7184 8490 9472
7366 7660 9554
7105 8799 9299
7733 7478 9522
8152 9632 8257
8678 8701 8757
9331 8920 7729
9334 7697 8677
9340 9008 7643
9819 8233 7482
9918 7668 7529
7924 9237 8724
8133 7465 9421
8898 7514 9007
9589 8257 8016
8057 9778 7763
8470 9264 8463
7756 9906 7561
8741 9521 7646
9264 7648 8753
9737 8523 7494
7741 8855 9058
8370 7990 9187
7915 9890 7444
8630 8908 8694
8893 9361 7721
8592 9601 7694
7135 8629 9394
7601 9597 8435
7471 7725 9532
7779 8815 9106
8068 9450 8389
7528 9202 8944
8273 9733 7637
8177 7388 9431
9811 8161 7581
9470 8829 7743
7612 9601 8419
7859 9496 8487
7288 10053 7246
8462 8130 9105
9436 7802 8586
9499 8891 7652
6961 7541 9738
7200 8559 9437
7176 7923 9619
7377 9389 8755
7600 9304 8813
7836 9785 7894
8196 9645 7854
8585 8496 8838
9481 8582 8005
9302 7747 8682
8761 9474 7763
9793 8251 7521
7620 9390 8753
7073 8546 9463
7431 8974 9129
7901 9899 7532
8241 8518 8996
8705 9497 7764
9104 7632 8878
9783 8038 7824
9358 7849 8578
9520 7754 8492
9541 7938 8390
9675 8265 7709
8298 8910 8783
8970 7707 8904
9207 7911 8737
9416 7841 8553
7119 8545 9460
7489 9665 8385
7562 9476 8593
7442 7640 9562
8660 8415 8965
8704 7668 9112
7241 10055 7120
8257 9364 8321
8553 9080 8556
8803 7718 9071
9516 8332 8188
7615 9841 7973
7657 9734 8237
7251 8011 9546
7608 9877 7854
7707 9001 9049
7643 8243 9318
7842 9680 8053
8913 8432 8705
8874 9152 8058
7433 9003 9099
7504 9517 8645
7871 9567 8299
8569 8118 9005
8290 8767 8886
9293 8432 8437
8813 7712 9030
9449 8788 7820
9311 9113 7587
9241 7743 8718
6965 7531 9745
7459 9151 9007
7168 8484 9502
7540 9093 8997
7646 7634 9494
8242 9351 8428
8079 9296 8613
8832 9447 7730
9234 9147 7648
9923 7847 7320
9896 7896 7357
8111 9387 8424
8654 9317 8249
7064 7671 9703
7074 8177 9584
7251 8909 9210
8090 9844 7487
8057 8293 9131
8334 7381 9345
9070 8871 8289
8860 7767 8942
9507 7808 8476
7558 9622 8394
8482 8458 8918
9135 8097 8639
9607 8182 7971
9367 9019 7562
7173 8749 9304
7750 9258 8748
8599 9359 8147
8886 7512 9014
8914 8352 8771
8925 9244 7946
8556 7402 9247
9355 8567 8260
9488 8459 8213
9900 7882 7373
7335 8871 9182
7386 7387 9651
7326 8550 9383
7869 9308 8707
8630 7986 9061
8322 9086 8635
9283 8911 7870
9391 7778 8620
7472 9634 8421
7154 8208 9529
9117 8739 8352
8846 9436 7680
9142 7638 8832
7415 9975 7413
7464 7404 9628
7321 10037 7195
8718 8252 8975
8993 9303 7828
9754 7892 8055
7043 8564 9433
7608 9724 8266
7556 9161 8989
7147 8471 9512
7553 9551 8543
7557 8266 9426
7991 9255 8718
7760 9865 7835
7764 9925 7433
8795 9307 8244
9588 7861 8383
7465 9156 8994
7201 8661 9354
7704 9654 8305
8411 8869 8760
8984 9332 7723
8974 9237 7879
9622 8589 7706
7096 8319 9559
7639 9772 8161
7269 8904 9221
8001 7505 9476
8797 9434 7788
9677 8078 8117
7231 7412 9688
8882 8957 8503
8767 9045 8437
8921 9313 7740
9592 8620 7734
9519 7844 8414
7443 9965 7533
7921 7702 9428
7795 9319 8679
8018 9124 8694
8811 9300 8188
8736 9331 8129
8624 7554 9187
9268 8349 8505
9048 7597 8879
9682 7932 8074
9874 7687 7689
9778 7896 7933
7079 8662 9373
7402 9968 7648
7227 8633 9348
7122 7617 9670
7160 7645 9656
7678 9215 8798
7567 9858 7952
8324 9093 8626
7882 9679 8139
8755 8598 8657
9259 7627 8758
9243 7694 8706
9461 7951 8410
9506 8827 7681
7567 9463 8608
8022 7362 9466
8661 7499 9196
8562 9643 7558
9034 9290 7780
7820 9170 8831
8028 8938 8958
8100 9754 7700
8114 9635 8021
9501 8760 7770
9745 8479 7553
9893 7900 7473
8065 9404 8442
8275 7247 9386
8631 7575 9186
9028 9192 7810
9810 8296 7478
7155 7979 9579
7074 8062 9616
7636 9844 7937
7476 9401 8744
7744 9382 8678
8344 7401 9329
9493 8910 7721
9456 7894 8478
9372 7886 8492
9725 7959 8051
9851 7873 7514
7265 8674 9337
8882 9486 7616
7342 8847 9245
7320 10011 7379
7595 9129 8950
8265 7365 9367
7937 8370 9132
8515 9677 7605
9481 8008 8346
9754 8056 7700
7515 9107 9017
7501 10012 7204
8204 8358 9114
8955 9054 8346
9055 8575 8577
9831 7879 7843
9834 8288 7380
7488 9019 9054
8220 9570 8084
8231 9731 7797
8691 9236 8302
8328 9536 8149
8586 9633 7569
9809 8424 7471
7638 9661 8390
6927 7558 9735
7602 9127 8950
7526 9204 8921
8339 9746 7594
8868 7546 9016
8940 7993 8899
9288 7650 8732
7559 9787 8194
7706 7539 9509
7692 9579 8469
8534 7419 9244
8472 9480 8282
8376 9729 7638
9020 9286 7788
9375 8869 7783
8966 9384 7557
8927 7694 8944
7342 8614 9369
7254 7697 9555
7701 9967 7427
8441 9041 8560
9178 8029 8702
7002 7605 9722
7502 9636 8415
7399 8982 9136
7180 8038 9565
7506 9252 8856
7335 8292 9444
7918 7328 9510
9371 8977 7652
9765 8120 7602
7862 9240 8740
8242 8442 9042
8451 7725 9201
8650 8749 8683
8720 9163 8368
9619 8723 7712
9928 7834 7243
7647 9511 8582
7777 9836 7860
8080 9091 8701
8747 9069 8500
8930 8786 8473
9090 9200 7747
7568 9034 9015
7524 9875 7926
7094 8051 9597
7925 9530 8435
7701 7814 9431
7900 9262 8720
7940 9729 7994
8470 8850 8734
8478 8096 9102
7529 9533 8555
8048 9475 8352
7531 9951 7433
7581 7725 9483
8219 8920 8795
8761 9394 8006
9555 8677 7917
9417 8704 8126
7305 8898 9195
7021 7856 9675
7990 9170 8774
7950 9487 8374
8328 8741 8834
8850 9267 7981
9623 8188 7888
8211 9223 8591
8461 9508 8067
8258 7327 9378
8434 9164 8553
8478 9289 8290
8887 9382 7803
9175 8904 8124
9908 7757 7385
7223 8735 9310
8174 9733 7876
8746 8527 8690
8897 8070 8849
9198 8837 8179
9507 8687 7789
8443 7871 9178
8250 8164 9142
8736 8495 8850
8351 9025 8717
8184 9795 7625
8514 9677 7646
9157 8651 8379
9063 9191 7785
8899 7645 8987
9441 8822 7781
9688 7913 8137
9814 8325 7343
7696 7811 9461
8217 8166 9156
8912 8403 8709
9217 8600 8215
9613 8427 7851
7383 9876 7866
7527 9285 8848
8142 8810 8886
7965 7458 9496
7958 9296 8665
7976 9889 7509
9453 8611 8142
9265 9109 7719
8826 9489 7568
9561 7736 8407
9841 7718 7800
7207 8651 9353
7628 7357 9571
7389 10026 7248
8204 9295 8594
9116 7694 8828
7072 8247 9575
7218 8743 9295
8770 9040 8620
9342 9082 7551
7314 10046 7092
7553 8835 9237
8004 9330 8616
8567 7477 9239
9330 8841 7869
9625 8185 7875
9550 8808 7711
9810 7771 7927
7138 8624 9381
7786 9827 7794
8279 8977 8745
8828 7907 8987
9474 8285 8348
9467 8521 8030
9745 7980 7987
9926 7808 7302
7127 8658 9369
7815 9816 7880
7459 7226 9630
8367 7339 9334
8491 7661 9197
8910 8693 8581
8658 9591 7654
9170 7836 8784
6891 7860 9665
7145 8213 9578
7481 9887 7836
8798 8306 8792
9193 9193 7641
9303 9118 7583
9521 8833 7612
9732 8445 7577
9866 8078 7409
7110 8053 9588
7835 8867 9035
8037 9850 7479
8471 9289 8312
8565 9485 8020
8874 8581 8657
9222 8816 8174
9155 8117 8546
9208 7631 8819
9156 7736 8807
9592 8119 8025
9593 7838 8345
7622 9196 8911
7733 9555 8542
8172 9616 8246
7436 8681 9300
8604 7383 9207
8553 9217 8508
9044 7603 8886
9370 7677 8633
9498 7839 8462
7503 9529 8568
7548 8009 9485
7817 9864 7595
8598 7433 9215
9044 9158 7976
8568 9613 7636
7576 9782 8185
7511 9403 8688
7575 9791 8162
7629 9075 8988
8742 9373 8067
8749 9425 7932
8907 9402 7615
9271 8531 8332
9579 8806 7560
9837 7939 7532
7652 9235 8859
7823 9710 8063
7523 7665 9518
7647 9964 7430
8671 9447 7941
8590 9626 7627
8620 7579 9199
8994 8023 8726
8705 9332 8133
8661 9559 7725
9548 7711 8410
7525 9101 9046
8081 9629 8259
8290 8407 9055
8338 9196 8588
8553 7969 9126
8637 9133 8407
9116 8200 8704
9163 9070 8018
9331 8834 7898
9588 8065 8197
9922 7781 7328
7153 8135 9574
7403 9986 7512
7609 9279 8846
7056 8673 9400
8175 8803 8940
7869 7803 9404
8150 7429 9424
8441 9630 7738
8743 8533 8791
8673 8323 8873
8991 8613 8610
8693 9578 7609
9486 8003 8335
7506 9397 8728
7666 8846 9095
7977 7555 9431
8088 9028 8892
8789 8772 8626
9072 7791 8825
9242 8864 8142
9317 8806 7902
9345 7782 8641
7215 8591 9402
7657 9367 8743
6997 7745 9713
8157 8372 9124
8095 9362 8531
7680 9894 7697
7615 9933 7463
8087 8617 9004
8302 9483 8233
8829 9340 8000
9062 9108 7935
9370 9014 7532
9795 8014 7709
7478 7757 9510
8319 8003 9205
9282 8104 8603
9145 8262 8545
9175 9089 7953
8775 9511 7610
9454 8769 7763
9864 7867 7776
7542 8935 9130
8518 9636 7615
9344 8677 8188
9221 9142 7744
9337 7880 8602
7613 8504 9317
7931 9561 8359
8733 8273 8862
8920 8391 8739
7423 9442 8696
7483 9030 9052
7418 9415 8714
8421 9689 7683
8665 7431 9190
9139 9253 7714
9471 7850 8417
7243 8938 9174
6988 7935 9654
7791 9667 8198
8228 9784 7556
8719 9075 8494
9021 7705 8867
7078 8041 9601
7554 9677 8367
9128 8922 8255
9443 8808 7869
9424 9003 7642
9290 9004 7846
9300 8901 7961
9710 8438 7661
7026 7917 9643
7749 8957 9026
8325 8879 8769
7557 9991 7280
8427 8858 8760
8343 7405 9341
8004 9871 7423
8753 9153 8354
8597 7486 9203
8455 7555 9282
9091 9033 8068
9466 7810 8507
7184 8329 9515
7948 7615 9442
7839 9925 7413
8058 8645 9087
8860 7972 8932
9298 8793 8145
9277 9099 7742
9509 8187 8238
9349 8969 7728
7438 9951 7770
8621 8055 9057
8689 8308 8879
9361 8898 7817
9530 8769 7752
7834 8451 9178
8441 8427 8979
8589 8832 8713
9217 9154 7713
9580 8756 7739
7458 8843 9217
8373 9491 8141
7654 9944 7445
8141 8943 8757
8387 9725 7603
8010 9845 7575
8780 8702 8639
8777 9006 8501
8749 9516 7552
9424 8835 7863
9469 8037 8387
9317 7637 8696
9546 7808 8391
9794 8319 7481
7543 7533 9582
8330 9457 8283
8675 9408 8033
8352 9684 7717
9405 8528 8225
9081 9264 7642
9324 8882 7834
9838 7826 7846
7033 7660 9710
7462 9557 8498
7585 9183 8918
7179 7997 9574
7709 9078 8926
8140 8770 8975
8387 9489 8211
9365 8521 8266
9255 9141 7596
9032 7669 8964
9497 8956 7667
7414 9027 9076
7240 8864 9280
7717 9037 8977
8198 9513 8345
8112 9843 7569
8427 9678 7678
8626 7472 9198
8710 7861 9046
9012 8923 8266
8999 9287 7786
9287 9126 7658
9484 7730 8504
7433 9326 8846
7554 9420 8669
7588 9347 8824
8256 9245 8532
7951 7543 9498
8196 9379 8417
8462 9605 7937
9309 9048 7766
9334 7784 8660
9144 9253 7493
9623 8436 7846
9688 8191 7843
7809 8302 9242
7943 9145 8835
7432 7462 9621
7913 9240 8731
7906 9869 7518
8212 9797 7484
7697 9921 7515
8483 8058 9093
8768 7977 8943
9035 9035 8260
8706 7617 9134
9311 8267 8480
9450 8957 7625
9698 8164 7873
9876 8050 7429
9697 7834 8089
7444 8895 9173
8031 9149 8651
7795 9603 8284
9008 8711 8549
9096 9231 7721
8729 7387 9141
8959 9358 7620
9280 7881 8634
9476 8484 8082
9739 8128 7736
7283 8716 9304
7441 9939 7704
7592 9840 8079
7919 7784 9371
7629 9309 8810
8051 9574 8295
8536 9632 7634
8888 8416 8789
9487 8689 7927
9584 8675 7781
9662 8645 7633
7212 8677 9349
7357 8717 9283
7906 8593 9127
8771 8104 8809
8428 7385 9321
8548 7388 9249
9390 9034 7518
9764 8368 7522
9953 7607 7175
9785 8303 7440
9827 8086 7411
9942 7678 7177
9774 8267 7490
9944 7649 7212
8705 9535 7485
7633 8899 9029
8286 9699 7596
9881 7902 7374
8755 9487 7562
7642 9311 8782
6923 7717 9700
8247 9716 7596
9058 9329 7458
9758 8409 7437
9069 8878 8270
9480 8007 8400
7655 9333 8777
9819 8132 7482
7673 8826 9023
7880 9626 8191
9456 8022 8350
9921 7822 7256
8826 9282 7877
8008 9868 7411
7305 8707 9297
7248 7810 9547
8374 9150 8596
8866 9456 7597
6915 7557 9738
8421 8076 9075
8853 9464 7607
9770 8206 7574
7204 7477 9681
7499 9449 8663
7926 9845 7547
9790 7925 7790
7102 7536 9701
8178 9805 7450
9435 8032 8355
7855 9369 8600
7885 9871 7504
7626 9974 7372
9898 7910 7338
7988 9627 8060
9322 8818 7929
9831 7987 7583
9922 7799 7127
9768 8332 7515
8855 9382 7724
7680 9201 8857
8752 9501 7515
9072 9313 7582
9910 7739 7327
9092 9320 7522
8144 8848 8924
7698 9099 8973
7910 8447 9218
8745 9528 7478
7583 8879 9094
7022 7460 9721
8700 9547 7503
7820 8345 9262
7416 10026 7203
8810 9468 7604
7088 10062 7185
7935 8901 8888
9231 9063 7627
8096 9806 7538
9137 9268 7536
9769 8001 7852
7124 10073 7126
9645 7755 8209
7370 7455 9639
7359 9087 9061
7209 7482 9665
8182 9804 7345
7752 7788 9398
7812 8101 9307
7217 8690 9332
9854 8053 7339
9393 8552 8054
9337 8009 8424
7769 8543 9256
9583 7939 8240
7842 7745 9450
8259 9697 7684
9084 9223 7626
9238 8022 8603
7599 9892 7733
9914 7854 7292
7690 7515 9521
8284 7499 9361
7538 7677 9491
8608 9557 7652
8868 7546 9045
7228 8596 9385
7783 9933 7423
9337 9027 7634
8972 9399 7608
7437 9164 8985
7782 9935 7476
9049 7926 8790
9306 8729 7967
9752 8314 7575
7101 8317 9564
8752 9496 7569
9315 7915 8544
7832 8283 9267
7179 8173 9514
9875 7982 7336
7083 8096 9574
8971 9190 7846
8526 7781 9103
8726 9539 7457
8867 9439 7498
7878 8469 9209
9307 8202 8351
8990 9368 7599
7519 8068 9464
8709 9300 8133
9119 9299 7545
9542 8201 7979
9553 7917 8374
9779 8400 7426
7513 9088 9052
9356 9007 7629
9420 8104 8419
7670 8508 9260
7896 9882 7472
7559 9179 8969
9850 8143 7367
8860 9200 7998
8048 8313 9181
7843 9896 7467
8158 9790 7477
9269 8504 8410
7623 9352 8827
9490 7944 8398
9617 8502 7828
7662 9314 8761
7555 9211 8935
7052 7790 9653
7235 8743 9298
7503 9625 8437
8564 7570 9239
9767 8257 7711
7562 9938 7568
9374 9008 7570
7574 9160 8939
7579 9212 8925
7385 8999 9144
9362 8915 7809
7914 9667 8094
7996 7449 9482
9076 8345 8507
9255 8750 8130
9287 8634 8142
9533 8063 8201
7249 10020 7337
8786 7487 9098
9372 8152 8412
7731 7578 9517
8612 8725 8730
7178 8340 9485
7233 10054 7203
9503 8396 8098
9530 8002 8241
9619 8421 7837
9404 8814 7801
7677 9488 8646
9405 8917 7664
8817 9471 7581
9639 8047 8119
8375 9709 7509
9862 8033 7479
8003 9869 7545
9475 8883 7774
9888 8036 7313
9554 8488 7830
9928 7731 7342
6976 7449 9734
8730 9499 7558
9220 9185 7524
9311 7947 8615
9564 7865 8319
9921 7872 7091
7048 7866 9646
7530 9119 9011
8507 8923 8642
9521 8385 8020
8152 7556 9390
8303 8227 9168
8972 9084 8152
7569 9173 8979
7535 9266 8886
7354 10045 7256
7321 7729 9552
9207 8661 8296
9374 8980 7583
9786 8398 7394
9402 8854 7777
7640 9329 8831
9246 8513 8346
7529 9017 9129
9018 8506 8481
7412 7686 9533
8367 7610 9283
9482 8678 7846
9171 8528 8302
7548 9129 9004
8167 8130 9190
8198 9721 7578
8828 7844 8896
9310 8825 7953
9443 8924 7584
7513 9112 9045
7411 8745 9265
9635 7799 8234
7713 9402 8719
7424 7734 9501
9834 8100 7375
7594 8529 9266
7978 8072 9345
8364 9708 7521
9813 8114 7540
9915 7910 7221
8956 8832 8455
7458 9455 8678
7661 9633 8376
7888 8779 9064
9289 8801 8114
8003 7631 9457
7775 8782 9115
9254 8189 8438
9747 8439 7392
7002 7764 9672
7674 9346 8744
9481 8703 7818
7552 8975 9106
7536 8956 9118
8854 9458 7556
7079 8036 9577
7404 9196 8944
7762 8783 9124
7812 9399 8655
9626 7945 8234
8859 8944 8381
7668 9507 8575
7184 7491 9660
7626 9877 7865
8472 7724 9206
7242 8741 9302
8340 7551 9355
8699 9517 7610
7928 9072 8876
8141 7646 9361
9190 8820 8257
9919 7675 7365
7382 9971 7580
8312 9706 7552
9534 8330 7944
8269 9243 8515
7486 9066 9060
8446 8249 8982
7193 8543 9415
7710 9185 8826
7230 10048 7249
8427 7936 9155
8934 9262 7861
9531 8545 7813
9064 9297 7617
8324 9704 7543
7252 9117 9058
7471 8540 9342
8871 9110 8134
9843 7935 7649
7600 9158 8949
7441 8872 9229
7617 8072 9418
9127 8347 8504
7040 8083 9585
7663 9258 8879
8363 8376 9083
8587 9610 7721
9162 9239 7549
6958 7522 9728
7437 8560 9364
7319 8930 9181
9389 8472 8189
8333 7605 9293
8682 9568 7612
8098 7945 9289
8353 8485 9033
7696 9452 8621
8969 8990 8165
7513 10008 7413
8574 9389 8035
8804 9481 7593
9453 7813 8535
6897 7971 9653
9084 8306 8645
9365 7835 8601
7596 9023 9020
8966 8472 8683
7124 8250 9556
7935 9874 7488
9786 8187 7473
7919 9905 7390
8442 7765 9193
8897 9000 8361
7398 8789 9236
8010 7414 9470
9237 7887 8641
9321 8131 8473
7043 7981 9611
8454 9692 7561
8817 7535 9062
9581 7906 8292
7572 9933 7784
8931 8303 8784
8830 8871 8540
9669 8338 7725
9689 8255 7783
9549 8042 8226
7424 9105 9054
9708 8544 7418
7137 10053 7241
7504 8339 9357
7988 8482 9196
8969 8975 8234
7598 9391 8743
7565 9360 8781
7385 8280 9439
7521 8510 9304
8874 9219 7863
7410 9965 7647
9527 8774 7629
7633 9018 9026
7552 9936 7583
7651 9363 8738
7627 9464 8656
7876 8831 9013
8064 9831 7764
7132 7513 9704
8716 8636 8748
8759 9365 7858
9211 8669 8232
7516 9115 9041
7922 8354 9238
8098 9859 7444
9075 8202 8658
7777 9943 7397
8777 7984 8959
7018 7676 9713
8390 9587 7996
9150 9083 8042
7999 9705 7951
8981 7898 8801
9477 8454 7950
7695 9793 8112
8490 8886 8644
9497 7859 8407
7555 9246 8904
7615 9906 7570
9740 8439 7449
7175 8579 9446
7873 8957 8972
8781 9419 7750
9704 8568 7517
9626 8026 8128
8445 9668 7562
7131 7977 9618
9164 8964 7966
9132 7757 8821
9295 8622 8108
7055 8208 9579
7542 10014 7371
9291 8531 8295
9691 7920 8131
7727 9948 7412
8376 9686 7745
9488 8247 8258
9500 8884 7557
7341 8227 9454
7444 8626 9273
7774 7304 9559
9235 8004 8640
7625 8266 9359
8418 8017 9146
9457 8473 8176
8560 8653 8790
8952 9063 8181
9256 7818 8675
7642 9854 7798
7563 9983 7533
8515 9663 7588
9044 7893 8808
9144 8144 8703
9326 8973 7638
8704 7622 9114
9295 8067 8599
9586 7918 8284
9838 8115 7373
9762 7955 7989
9903 7918 7271
7421 8956 9152
7232 8293 9489
7611 9985 7284
8269 9730 7565
8937 9082 8188
8929 9421 7694
7009 8230 9566
8813 8504 8748
8959 8063 8717
9027 7789 8930
9813 8242 7452
7164 8229 9547
7510 9931 7832
7487 7247 9654
7816 9846 7633
7066 7615 9660
8707 9278 8181
8880 8924 8390
9040 9335 7605
9455 7999 8495
7492 8142 9414
9891 7618 7473
7551 7407 9621
8820 7677 9043
7610 9542 8567
7829 8837 8975
7381 8828 9235
7436 8923 9161
7511 8108 9483
7647 8715 9200
8201 9100 8700
8594 7920 9087
8984 9344 7662
9273 8141 8457
7420 8650 9311
7833 9297 8791
7583 8103 9432
8161 7641 9310
9477 8758 7768
9313 9016 7669
9489 8099 8316
9385 8002 8467
9756 7746 8036
7236 7253 9697
7928 9001 8877
9320 7958 8532
9609 7726 8268
9552 8794 7527
7376 7854 9529
9400 8641 7928
9904 7737 7395
7579 9006 9093
7280 7347 9681
7695 9658 8347
7932 7779 9377
7826 9840 7641
8639 8826 8654
9107 8601 8396
9245 8679 8144
8130 8213 9237
9433 8893 7622
9866 7993 7361
7145 8701 9338
6957 7927 9641
7542 9408 8726
7623 8865 9082
8185 9729 7590
8584 8795 8706
9371 8824 7816
9465 8424 7970
9095 9273 7554
7281 10013 7382
7807 7594 9483
8940 8848 8457
8654 9581 7515
9458 7663 8496
8375 8074 9219
8941 7706 9025
9169 7929 8758
9135 9211 7607
7777 9747 7987
9556 7833 8396
7686 9026 8977
7947 8541 9153
8389 9697 7599
9304 7969 8577
9899 7951 7225
6957 8096 9610
7605 9896 7693
8680 9139 8471
7075 8013 9603
7550 9893 7790
8015 7363 9469
9825 7879 7767
9723 7990 8037
7259 8916 9216
7561 9680 8366
7884 9671 8037
8579 9651 7550
9053 9302 7620
9469 7785 8493
7517 9279 8863
7661 8120 9397
9057 8295 8675
7451 8923 9153
7531 9060 9077
7224 8588 9395
7940 9885 7413
8330 8503 9044
7244 10032 7308
7933 7919 9373
7916 9895 7423
9852 8081 7431
8850 9458 7621
9495 7818 8470
7465 9019 9126
7600 9241 8901
9213 8547 8277
9223 9109 7716
9463 7905 8475
7669 8886 9071
8369 8848 8915
7026 7451 9720
7618 9830 7907
8670 8681 8723
8727 9513 7635
9149 9229 7583
9746 8239 7914
7764 8567 9193
7900 8700 9128
8143 8403 9164
9533 8685 7696
9668 7971 8169
9765 7937 7946
7440 9855 7967
7732 8635 9239
9265 7802 8694
9286 7762 8699
9706 7998 8000
7192 8739 9314
7320 10009 7392
8075 7534 9429
8517 8737 8764
8467 9699 7468
8808 8809 8567
8852 9212 8158
9493 8702 7821
9349 7883 8616
7215 8317 9484
7457 9032 9130
7212 7315 9717
7355 10024 7298
8432 9669 7611
9244 7846 8740
9609 7999 8216
7816 9905 7575
8652 9525 7663
7816 9913 7481
9837 7847 7769
8063 7769 9332
9588 7775 8333
9784 8289 7480
9761 7878 8010
7722 9394 8677
7368 8919 9193
9407 8534 8054
6925 7463 9742
7596 9805 8105
7157 7469 9718
8665 8700 8780
7564 8723 9188
7760 9001 8977
8611 9483 8019
8999 8920 8208
9221 8715 8189
9547 8235 7966
7017 8407 9499
7175 8452 9486
7372 8935 9179
7717 9400 8622
8579 8387 8913
9555 8774 7528
9728 8481 7520
8472 9682 7429
8723 9518 7505
9277 7817 8682
7595 9487 8656
7618 9815 8012
7329 8138 9500
8142 7632 9404
8777 7560 9106
9233 7925 8648
9564 8809 7492
9456 7918 8410
7580 9868 7896
8400 8834 8884
9081 8483 8483
8804 7566 9063
9321 7945 8507
9696 8292 7717
9480 8871 7632
9909 7795 7352
7012 7728 9675
7285 9092 9079
8038 8772 9083
8442 8498 8965
8705 7642 9076
9088 8399 8497
7758 9874 7658
7744 8616 9210
6916 7740 9697
8349 9699 7550
9003 7544 8966
7648 8059 9412
7838 8123 9280
9130 8695 8351
9416 7763 8581
7263 10049 7167
9044 8665 8403
9518 8613 7832
9909 7922 7222
7614 8484 9310
9684 7921 8157
7530 9437 8687
8513 9668 7482
8634 8831 8692
8988 7749 8969
9560 8735 7644
8349 7636 9233
8209 9047 8785
8704 9517 7538
9777 7921 7952
7185 7434 9699
8262 7581 9297
8940 8951 8238
9167 8955 7933
8749 9505 7508
8958 7697 8971
7565 8753 9179
8103 8951 8886
8653 7997 9049
7919 8011 9385
8007 8528 9183
7775 9797 7828
7948 8029 9371
7573 8829 9097
9209 8264 8554
7419 9887 7894
7508 7454 9610
7385 9966 7603
9608 8737 7623
7159 8698 9379
8143 7943 9250
8711 7650 9068
9274 8805 8035
9349 8883 7828
8958 7619 8991
7565 9675 8384
7770 9783 7895
8763 9073 8303
7678 9561 8524
7231 7432 9683
8622 7448 9217
8854 9193 8129
7127 8394 9510
7647 7384 9604
7813 8767 9149
8039 9559 8304
8334 7661 9292
8653 7715 9179
8699 7638 9165
8779 7709 9042
7590 9105 9021
7492 9755 8227
8266 7434 9386
8747 9511 7445
9266 7766 8690
9422 8620 8029
9514 7810 8491
7693 9424 8709
7197 8332 9462
8413 8870 8786
9213 7808 8742
9548 8827 7590
7411 8886 9221
7248 7310 9686
7916 8491 9206
9302 8190 8403
9088 7677 8870
6872 7560 9739
7321 9132 9053
7222 10041 7257
8174 8766 8999
8792 9440 7714
8839 9482 7504
8773 9491 7504
7093 8247 9565
7834 8820 9089
9549 8754 7667
8302 7864 9286
8097 7406 9457
8413 9094 8755
8520 7591 9231
8889 9136 8060
8979 9067 8112
9232 7752 8806
9831 7854 7807
9404 7706 8584
9727 8471 7547
8702 9528 7545
8932 9401 7519
7399 8013 9484
8732 7386 9162
7281 7391 9668
7712 8317 9263
8646 9588 7546
7425 8950 9146
7939 8818 9055
9440 7841 8526
7528 9839 8021
8325 8962 8811
8849 9307 7776
7053 7872 9644
8518 7994 9088
8967 8803 8385
9489 8895 7492
7188 10025 7336
7418 7907 9487
7626 8824 9110
8035 7362 9458
8161 7359 9431
8404 7383 9315
7907 7397 9528
8362 7466 9338
8574 9494 8005
9294 8958 7900
9496 8737 7756
9514 8755 7685
9450 8987 7487
9822 8068 7450
7996 7337 9497
7021 8031 9603
8299 9709 7534
9269 8620 8231
7590 9121 8958
7680 9172 8884
8197 7443 9429
9567 8508 7793
9707 7767 8124
9957 7582 7118
7951 7521 9510
8393 9556 8000
8614 8957 8633
8738 9506 7525
7041 8207 9582
8158 8487 9060
8474 9677 7507
8784 7707 9063
8884 8045 8874
9180 9219 7547
9025 7623 8949
9239 7881 8657
7757 9177 8810
9467 8509 7935
9951 7632 7132
7171 8756 9322
7431 9257 8938
7371 8796 9275
7374 7444 9628
8004 9553 8423
7963 9181 8803
8023 9134 8822
8755 8021 8900
8631 8170 8998
9316 9078 7505
9828 7947 7697
7259 8708 9302
8381 9489 8128
8541 7406 9247
8682 8808 8678
8721 8698 8664
9199 8671 8252
9431 8193 8371
7313 9062 9099
7824 9675 8143
8915 7551 9041
9093 9006 8051
9373 7893 8595
7029 7914 9661
8098 9512 8366
7887 9820 7780
7535 9904 7868
8621 9554 7679
9025 9299 7650
7303 10002 7551
8717 8802 8679
8954 8902 8275
9366 8539 8091
9939 7794 7261
7763 9652 8273
8702 9257 8450
9488 7884 8415
7137 8495 9469
7734 9737 8243
8183 9208 8619
8155 9791 7523
8641 9283 8379
8635 9304 8430
9081 7849 8843
7361 8756 9288
8128 8768 9031
8063 9449 8467
8072 8432 9120
8752 7763 9058
9251 7844 8704
9223 7776 8775
7968 8083 9324
8228 7586 9365
8538 7464 9257
8621 7733 9108
8779 8451 8766
7728 7854 9428
7395 9130 9008
8511 8803 8919
8386 7994 9186
8528 9311 8195
9171 8471 8431
9548 8661 7787
7309 7352 9665
8010 9366 8548
8773 7641 9102
9070 7727 8883
9352 7876 8656
9082 9276 7692
8930 9010 8207
9029 7583 8943
9384 7800 8650
7594 8671 9234
7881 9776 7910
9611 7966 8222
9329 9044 7538
7386 8736 9286
8151 9774 7887
8329 9367 8351
9265 7697 8740
9655 8690 7595
9786 8253 7467
8004 8802 8964
8071 9382 8510
7557 9984 7403
9181 7771 8789
7291 8742 9295
7305 7309 9677
9130 9255 7592
7128 8333 9534
7540 9846 7908
7909 9919 7423
7971 9580 8255
9183 8977 7893
9022 7650 8941
9174 9182 7579
7984 9292 8586
8526 7461 9262
9102 8606 8431
8729 9485 7584
9207 8913 7903
7266 7496 9659
8456 7911 9124
8451 9519 8046
9349 7906 8511
9744 8423 7436
8129 9565 8143
7987 8881 8901
8852 9154 8227
8723 8834 8577
9184 7677 8810
7408 8229 9449
7373 8789 9262
7902 9585 8291
7728 7902 9415
8694 7834 9094
8868 9182 7989
8695 9537 7613
8906 7796 8991
8988 7695 8978
9560 7926 8271
6839 7980 9647
7389 9078 9061
7240 8538 9403
8487 7755 9163
8369 8098 9171
9016 9366 7509
9422 8137 8403
7479 9179 8978
7265 8826 9271
8027 7582 9457
8708 9186 8470
9196 7807 8771
7170 10053 7211
7511 8492 9321
7853 9638 8211
8825 7509 9068
7424 9076 9080
7248 10060 7188
8839 9053 8361
7599 9802 8130
7601 9830 7944
7608 9916 7587
8513 8060 9113
8498 9571 7778
8925 7858 8867
9409 7888 8571
9538 8859 7627
7023 7959 9627
7137 8006 9557
7658 7800 9465
9084 7653 8914
7258 9867 7941
7949 8811 9012
7656 9959 7403
8515 8629 8940
9102 9266 7599
9664 8195 8033
7137 8613 9381
7876 9625 8352
8547 7751 9118
7098 8134 9570
7717 9548 8507
7725 9753 8146
7262 10056 7197
7524 7409 9599
8541 8513 8961
9290 7841 8673
9280 8871 7920
7827 7296 9547
8203 7441 9397
8992 9306 7824
9341 7901 8528
9316 7683 8695
7939 7497 9518
8850 7557 9054
9350 8461 8255
9038 9336 7431
9485 8653 7903
9718 8500 7569
7146 8444 9489
8333 9144 8680
9505 8368 8022
9803 7882 7781
9905 7730 7468
7097 8605 9407
7883 7538 9490
8612 8995 8634
9914 7911 7221
7328 9976 7619
7344 9134 9010
7648 9788 8119
8614 8557 8853
8893 8888 8421
9428 8970 7619
7068 7618 9656
7063 8356 9532
7215 8738 9313
7494 9379 8753
7448 10005 7434
7919 7578 9474
8343 8411 9163
8002 9874 7412
8856 9202 7952
9065 7849 8864
9033 8060 8730
9269 9137 7538
7284 7540 9642
7449 7532 9615
8148 9827 7484
8651 7408 9184
8929 8549 8689
9750 8119 7817
7070 8059 9593
8441 7836 9176
8863 9187 8053
9281 8425 8304
7448 8551 9357
8590 9180 8590
8813 7959 8962
8766 7531 9123
9195 9117 7817
9601 8162 8119
9755 8400 7473
7076 8402 9499
7832 7782 9445
9919 7738 7352
7029 7984 9608
7295 10010 7465
7688 9583 8502
8130 9331 8500
8522 9531 7753
8916 7764 8955
9278 7741 8731
9602 8712 7676
9590 7919 8268
7224 8745 9296
7708 9833 7823
7449 8839 9212
7017 7445 9725
8112 8949 8826
7922 9907 7323
8423 8535 9022
8785 9147 8264
8340 9771 7530
9152 7973 8714
9308 9124 7624
7545 9723 8299
7458 7313 9667
8042 9696 8021
8278 7960 9249
8479 8882 8704
9107 8220 8646
9742 8432 7627
9921 7842 7186
7507 9711 8310
8495 8852 8760
8106 9832 7417
7980 7250 9509
8217 7468 9369
9247 7928 8621
9283 8630 8213
9803 7927 7757
7412 9955 7579
7822 7782 9471
8046 9455 8515
8129 9291 8530
8591 8778 8763
8561 9666 7577
8683 7472 9167
7656 8901 9016
8590 9101 8640
8757 8855 8543
8694 7409 9170
9138 8549 8466
9448 7802 8542
9791 8125 7681
9558 8839 7510
9474 7834 8491
7979 8067 9313
8890 8070 8833
9239 8321 8511
9371 9002 7625
7893 7774 9417
7802 7266 9560
8311 9543 8235
7755 7498 9573
9885 7733 7469
7565 9079 9028
8033 9855 7533
8007 7531 9475
8383 7424 9325
8372 8910 8770
8483 9021 8655
9517 8646 7851
9488 8804 7682
9947 7587 7178
7072 8166 9577
8794 8929 8469
8567 8567 8837
9353 8713 7957
9297 8234 8434
9290 8664 7985
9833 8245 7397
9944 7680 7112
8664 7941 9035
9285 8347 8421
9349 7795 8659
9677 7970 8150
9821 8068 7455
7577 9275 8855
7758 9320 8657
7526 9724 8269
6961 7812 9692
7535 8334 9328
7712 9139 8940
8840 8115 8839
8250 9304 8518
9093 8036 8715
9523 7941 8328
7097 7701 9645
7857 9530 8488
8465 9676 7508
8762 9210 8258
9511 8625 7853
9529 8875 7577
7379 8849 9231
7067 7346 9721
7543 7302 9647
7376 8637 9339
8037 7667 9453
8653 8999 8621
8177 9640 7818
9363 8966 7788
9466 8639 7933
9175 7813 8788
9438 7654 8556
9483 8911 7570
6984 7463 9724
7461 7412 9661
7808 9478 8609
8913 8210 8831
7634 9806 8014
7571 9939 7543
7729 9085 8925
8677 9241 8471
8716 9131 8517
8928 8619 8691
8647 7455 9182
9471 8806 7909
9662 7974 8177
9882 7981 7325
8316 9619 7839
8820 7489 9091
9068 9180 8045
9352 9048 7509
9370 9028 7502
9663 8019 8145
9815 7766 7819
7557 9376 8749
7306 10040 7296
8201 9719 7577
8807 9417 7823
9029 8734 8408
7672 9520 8536
7693 8109 9336
7835 9903 7468
8983 8568 8556
8915 9423 7504
8198 9713 7753
8405 7498 9314
9072 8580 8463
7132 8025 9594
7394 8993 9142
7656 9362 8720
7794 9859 7764
8438 9654 7589
9332 8572 8248
7373 10036 7245
8252 7629 9352
9237 8409 8493
9603 7852 8319
9896 7940 7274
9795 8271 7348
7187 8143 9505
7163 10043 7330
7709 9626 8340
7925 9284 8721
7650 7430 9583
9241 8507 8359
9154 8696 8277
9725 8463 7557
7628 8731 9158
8893 8862 8445
8929 9068 8337
7667 9600 8460
7790 9559 8479
8514 9444 8259
8239 9773 7466
8985 8642 8417
9533 8525 7812
9749 8006 7848
7185 7527 9654
7606 9432 8720
7702 9404 8647
8578 8469 8927
8716 8885 8646
8398 9476 8082
8774 7527 9149
7768 8825 9038
8060 8510 9142
8567 8023 9054
7107 8340 9550
7403 8761 9239
8074 8215 9194
7907 8797 9056
8230 8090 9173
8746 9472 7956
8823 7521 9073
7582 9719 8259
7627 9443 8680
7649 9563 8534
7578 8487 9302
8571 7497 9193
8721 7558 9131
9017 9286 7750
9141 9099 8044
9798 8256 7385
7502 8796 9202
7754 9829 7765
9823 8184 7440
7649 9307 8790
7725 9474 8620
8196 8980 8810
8207 9363 8468
8512 9190 8503
8399 9711 7496
9099 9225 7618
9643 7827 8233
7025 8178 9584
7407 7832 9490
8381 9358 8451
7761 9002 8919
8051 9005 8830
8640 8717 8740
9176 9158 7731
9079 9189 7723
9487 8583 7887
7484 8909 9186
7562 7478 9584
7993 8971 8873
8606 9525 7878
8659 8040 9037
8555 9341 8175
9224 9179 7618
7364 8976 9160
7487 8838 9210
7182 7589 9682
8326 7368 9393
9228 9095 7630
9024 9314 7693
9664 8678 7520
7680 9743 8170
7821 7466 9526
8629 9474 7846
8795 9472 7612
9344 8331 8349
9189 9126 7706
8138 8856 8903
8225 8753 8968
8181 9785 7505
9156 9244 7485
9035 9278 7648
9733 8526 7492
7035 8105 9600
8754 7793 9052
9213 8162 8585
9628 7996 8216
9797 8040 7626
7534 7680 9595
7663 9511 8580
8059 8527 9136
9385 8480 8118
9458 8929 7515
7362 10019 7367
7310 8083 9529
8578 9488 7970
8734 9499 7546
9117 7638 8881
9430 8052 8386
7637 7574 9527
7739 9180 8825
8937 8834 8474
8714 9266 8111
9030 8883 8302
9283 8070 8522
7621 9760 8128
7621 7409 9597
8156 9416 8402
8572 8868 8747
8229 9780 7507
8448 7772 9155
8473 9555 7970
8798 9098 8289
9061 8931 8137
9398 8719 7918
9359 7808 8653
9566 8781 7456
7434 8946 9171
7625 9693 8276
8206 9613 7990
9396 7794 8605
7302 9140 9009
7592 9887 7772
8711 9508 7706
8036 9876 7400
8425 8489 9002
8788 9266 7922
9158 8512 8470
9597 8746 7553
7013 8021 9633
7923 7678 9418
7890 9482 8496
9052 7759 8876
9321 8834 7951
9668 8547 7623
9881 8030 7327
7569 9784 8164
8141 7319 9468
7921 8278 9279
8717 8528 8893
8931 7687 9026
9427 7884 8516
9795 8136 7480
7952 7779 9369
7921 7576 9460
8328 8455 9069
8604 8628 8790
9084 9164 7766
9669 7969 8165
9856 7753 7727
9881 7861 7690
8068 9212 8800
8965 9126 8076
9094 7620 8882
9745 8351 7529
7481 9790 8150
7946 7721 9382
8066 7324 9473
8416 9602 7824
8474 9636 7635
7223 8538 9412
7740 7764 9473
7606 9670 8281
7572 9966 7402
7796 8721 9156
8432 7658 9224
8870 8239 8837
8849 7459 9078
9605 7891 8252
7586 9767 8198
7579 8933 9095
7385 10008 7435
7557 9601 8437
8089 9625 8240
7942 9892 7283
7407 8797 9233
7981 8035 9322
8652 8244 8926
8935 7833 8876
9539 8222 8193
9558 8152 8196
7454 9045 9088
7407 9196 8939
7628 9413 8711
7251 8535 9442
8149 7594 9383
8191 9783 7423
9054 8459 8569
8816 9241 8093
8642 9626 7575
8736 9498 7558
9182 8695 8285
9017 9347 7622
9559 8006 8151
9789 7906 7892
7640 9254 8898
7625 9641 8413
7950 7852 9358
8864 9201 7905
9334 8121 8496
9707 8551 7488
7401 8734 9270
7658 9508 8611
7576 9960 7373
7742 7312 9585
8013 8021 9310
7913 9775 7768
8083 7411 9439
8461 9096 8678
9111 8158 8588
9064 7684 8901
9428 7877 8500
7146 8337 9517
7478 9806 8127
7444 8139 9448
8371 9132 8625
8303 9688 7752
9061 9187 7886
7353 10006 7518
7197 10046 7269
7692 7941 9395
8241 9585 8121
8216 7601 9360
8651 7380 9195
8787 7920 8966
8948 7939 8828
9120 8550 8378
9763 7936 7984
7255 8734 9323
7314 7595 9622
6997 7553 9717
7955 9034 8866
8126 9251 8606
8835 7527 9066
8970 7824 8872
9608 7778 8260
7436 9106 9051
7628 9362 8776
7317 7662 9608
9672 7958 8170
7722 9499 8541
8457 8911 8689
8484 7511 9301
9839 7821 7709
8027 8983 8840
8179 8128 9218
8399 8869 8835
8657 8475 8908
9240 9174 7546
9571 8353 7849
9543 7714 8399
9829 7788 7813
7368 9185 8976
8294 7763 9296
8700 7626 9119
8938 8789 8660
9390 7757 8616
7353 8821 9289
8039 7413 9431
7738 9944 7426
9342 9023 7581
9657 8527 7629
9747 8179 7716
9700 7893 8185
7282 8706 9325
7458 9036 9097
6947 7694 9722
7923 9354 8608
9133 9217 7674
9761 8308 7572
7166 10017 7420
7022 8030 9607
7816 8703 9156
8435 7360 9313
8525 9636 7612
9330 8879 7839
7658 9700 8271
7399 8915 9192
7004 7437 9741
7274 8483 9383
7961 7459 9517
8584 8629 8832
8767 9470 7750
8671 9511 7709
9018 7729 8952
9337 7833 8666
7548 9947 7710
7489 7498 9603
8156 7257 9445
9034 9262 7790
7928 8087 9292
8774 7577 9088
9942 7734 7147
7767 7528 9498
7885 8770 9122
8627 9021 8530
8516 9408 8348
7987 7434 9485
8623 9546 7691
8838 9405 7791
9210 8906 8236
8747 9505 7538
9300 8018 8549
9283 7609 8702
7081 7863 9648
7528 8880 9148
7135 7326 9724
8684 8529 8792
8395 8093 9165
8892 7662 9036
9662 8273 7896
9575 8754 7448
9808 7837 7872
7182 8436 9482
7550 7636 9491
7984 9333 8579
8109 8975 8819
8553 9344 8163
8672 9571 7507
9576 8335 7838
9201 9122 7752
9437 7788 8570
7381 8150 9470
7490 8476 9401
7986 8246 9222
8934 8279 8732
9357 8870 7837
9274 8430 8301
9566 7977 8228
9823 7907 7702
8152 9412 8429
8362 9553 8142
8797 9427 7638
9555 7882 8314
6998 7865 9681
7474 8134 9455
7527 9265 8910
9084 9039 8085
8455 9669 7539
9266 8257 8435
9616 7832 8248
9872 8061 7282
9897 7824 7419
7561 9084 9033
7261 8470 9402
8248 7517 9363
8604 9529 7908
9190 8947 7920
9300 9060 7868
7646 9412 8725
6967 7589 9721
7462 8923 9132
6993 7506 9722
7815 8964 9005
8453 8873 8744
8458 9653 7687
9153 9094 7960
9220 9182 7577
9390 7898 8574
9620 8724 7528
7191 7345 9690
7971 9767 7924
8398 9728 7463
8834 7609 9057
9594 7865 8253
9749 8345 7493
7450 8947 9143
7461 8985 9130
7450 8705 9252
7660 8171 9314
7799 9597 8428
8387 8038 9183
8792 8588 8731
8817 7808 8964
8739 9507 7479
9225 9167 7587
9479 8008 8336
9647 8303 7837
9580 7820 8382
7438 9862 7957
7204 7923 9574
8120 9207 8636
8668 8216 8907
9184 8011 8646
9172 7737 8840
9367 9038 7558
6893 7474 9740
7521 9269 8922
7623 9665 8416
7602 7990 9471
7937 9631 8049
8426 7570 9272
8738 8048 8887
9009 7596 8954
9497 8164 8304
9161 7769 8790
9504 7925 8388
9606 8720 7630
9674 8633 7608
7507 8500 9321
8064 7357 9474
8661 9546 7649
8646 9573 7549
8952 7644 9019
9525 8341 8047
9574 7869 8310
9446 8974 7546
9763 8395 7487
7602 9492 8624
7247 7895 9627
7420 9176 9006
8065 7737 9344
8358 7564 9334
8731 9082 8351
8584 9372 8079
8940 8504 8697
7395 7435 9661
8232 9187 8606
8427 9036 8768
8724 8534 8738
8910 8449 8803
7650 9591 8464
7518 9860 7946
7353 8830 9243
7808 9702 8207
7898 9659 8181
8135 7567 9408
8436 7892 9135
8762 9482 7778
8922 8067 8864
7526 9851 8048
7583 9027 9028
7316 8469 9450
8023 9031 8841
8432 9695 7559
9078 8728 8384
8871 9438 7434
9586 7866 8293
9802 7831 7893
7412 8884 9197
7344 7337 9665
7191 8087 9527
7679 9110 9004
8072 9270 8709
8548 8716 8790
8873 8888 8443
8625 7451 9190
9202 7785 8764
7639 9347 8853
7759 9970 7348
8046 8453 9196
8681 8034 9000
8720 9100 8485
8885 9181 8003
9069 9290 7620
9245 9134 7606
9790 8291 7449
9866 8084 7313
7970 9348 8653
7791 7349 9548
8094 7565 9410
8401 9282 8466
8732 8188 8938
8511 7631 9226
7557 9988 7328
7912 9565 8331
8399 7958 9158
8894 8456 8711
9177 7860 8731
9756 8400 7468
7137 8468 9470
9126 7792 8858
9627 8680 7612
7317 9989 7559
7535 9874 7887
7353 9978 7545
7682 9615 8425
8417 9082 8713
8332 9590 7829
9835 8203 7366
7305 8850 9239
7490 9756 8209
8085 8875 8916
7990 9320 8578
7904 9418 8597
9016 8961 8178
9170 8538 8442
8800 7733 9025
9052 7645 8941
9525 7853 8439
9670 8322 7687
7086 8354 9530
7214 8612 9402
8226 9486 8298
7993 7383 9485
8579 7348 9226
7349 8685 9375
7192 8464 9473
7660 9542 8534
8735 9020 8528
9003 8637 8483
9516 8362 8255
9572 8764 7529
7781 9942 7325
9242 9181 7472
9563 8767 7529
9781 8299 7480
7441 9193 8975
7659 9269 8795
7511 9852 7965
7686 8433 9295
7622 9798 8119
8183 7525 9428
8046 8077 9238
8507 7686 9219
9442 8959 7564
7622 9568 8516
8377 7774 9196
8665 9565 7616
9123 8985 8136
9450 8566 8033
9680 8660 7606
9439 8926 7592
9329 9037 7592
9738 7969 8093
7367 8944 9180
7088 8590 9408
7563 8822 9168
7575 7328 9610
7984 9734 7983
7887 9894 7480
8403 7839 9168
8566 9345 8156
8771 8497 8836
9097 9118 7885
9217 8912 7971
9067 7761 8862
9629 8625 7744
9703 8601 7619
7446 9104 9049
7755 9333 8729
8116 9338 8576
8170 9533 8250
8863 7451 9068
9196 7780 8787
9519 8409 7878
9411 9009 7558
7451 9996 7463
7289 8947 9203
7663 9881 7614
9364 8970 7654
9389 7870 8594
9818 8029 7552
7608 7542 9553
7614 7892 9438
8307 8086 9174
8219 9137 8684
8920 7822 8877
9350 8613 8246
8978 7608 8980
7000 8135 9585
7218 7441 9686
7362 10025 7252
7805 7311 9540
8004 7280 9481
8279 9454 8365
8618 8244 9036
8492 8849 8775
8773 9339 8105
9093 7647 8885
