15620.00 19324.00 16049.00 
15623.00 19252.00 15996.00 
15625.00 19324.00 16012.00 
15634.00 19290.00 15983.00 
15641.00 19070.00 16672.00 
15641.00 19295.00 15999.00 
15655.00 19261.00 15933.00 
15675.00 19269.00 16140.00 
15685.00 19164.00 16465.00 
15696.00 19268.00 16042.00 
15698.00 19283.00 16036.00 
15701.00 19324.00 16064.00 
15703.00 19277.00 16014.00 
15709.00 19257.00 16054.00 
15709.00 19259.00 16024.00 
15709.00 19309.00 16075.00 
15711.00 19273.00 16109.00 
15715.00 19054.00 16752.00 
15719.00 19300.00 16078.00 
15721.00 19100.00 16641.00 
15723.00 19266.00 16059.00 
15734.00 19276.00 16023.00 
15735.00 19309.00 16063.00 
15739.00 19266.00 16139.00 
15740.00 19282.00 16025.00 
15748.00 19279.00 16076.00 
15749.00 19312.00 16080.00 
15755.00 19260.00 16080.00 
15762.00 19287.00 16089.00 
15764.00 19271.00 16103.00 
15767.00 19242.00 16155.00 
15769.00 19305.00 16117.00 
15771.00 19039.00 16686.00 
15777.00 19187.00 16329.00 
15781.00 19275.00 15943.00 
15782.00 19254.00 16076.00 
15783.00 18950.00 16954.00 
15784.00 19304.00 16007.00 
15785.00 19306.00 16127.00 
15786.00 19263.00 16103.00 
15787.00 19295.00 16023.00 
15790.00 18924.00 16948.00 
15791.00 19276.00 15956.00 
15797.00 19269.00 16138.00 
15798.00 19268.00 16111.00 
15803.00 19311.00 16028.00 
15808.00 19263.00 16078.00 
15814.00 19284.00 16155.00 
15816.00 19014.00 16688.00 
15828.00 19348.00 16171.00 
15829.00 19322.00 16143.00 
15834.00 19264.00 16144.00 
15845.00 19326.00 15995.00 
15847.00 19025.00 16750.00 
15852.00 18869.00 17003.00 
15867.00 18398.00 17948.00 
15875.00 19250.00 16035.00 
15887.00 19272.00 16213.00 
15888.00 18783.00 17140.00 
15889.00 18768.00 17173.00 
15890.00 19255.00 16134.00 
15894.00 19257.00 16106.00 
15902.00 19299.00 15920.00 
15904.00 18791.00 17141.00 
15912.00 19200.00 16339.00 
15931.00 18526.00 17595.00 
15935.00 18582.00 17533.00 
15962.00 18857.00 17138.00 
15964.00 18756.00 17336.00 
15971.00 19087.00 16461.00 
15991.00 18648.00 17495.00 
16002.00 16522.00 19282.00 
16055.00 16540.00 19295.00 
16059.00 18905.00 16950.00 
16070.00 18373.00 17939.00 
16071.00 18097.00 18193.00 
16076.00 17335.00 19000.00 
16076.00 19112.00 16561.00 
16081.00 19243.00 16079.00 
16082.00 18033.00 18407.00 
16083.00 18851.00 16963.00 
16093.00 18306.00 17999.00 
16112.00 19206.00 16018.00 
16120.00 18359.00 17915.00 
16121.00 18121.00 18206.00 
16127.00 16431.00 19296.00 
16127.00 17863.00 18418.00 
16131.00 16527.00 19306.00 
16131.00 16540.00 19290.00 
16131.00 16571.00 19287.00 
16132.00 16696.00 19293.00 
16133.00 18440.00 17785.00 
16135.00 16574.00 19328.00 
16135.00 18575.00 17598.00 
16137.00 18119.00 18224.00 
16138.00 18117.00 18214.00 
16139.00 18314.00 17961.00 
16143.00 16655.00 19313.00 
16144.00 17770.00 18645.00 
16148.00 17600.00 18755.00 
16148.00 18581.00 17490.00 
16149.00 18411.00 17843.00 
16153.00 16623.00 19367.00 
16154.00 16623.00 19288.00 
16156.00 16536.00 19324.00 
16163.00 19231.00 16156.00 
16165.00 16543.00 19306.00 
16166.00 16579.00 19337.00 
16168.00 16642.00 19299.00 
16171.00 17807.00 18575.00 
16174.00 18636.00 17433.00 
16177.00 16659.00 19275.00 
16179.00 18835.00 16976.00 
16180.00 16545.00 19279.00 
16180.00 18373.00 17904.00 
16181.00 16481.00 19283.00 
16182.00 17593.00 18733.00 
16183.00 18052.00 18221.00 
16184.00 19207.00 16103.00 
16185.00 17083.00 19122.00 
16186.00 16552.00 19339.00 
16193.00 16467.00 19285.00 
16196.00 17848.00 18452.00 
16201.00 16812.00 19261.00 
16208.00 16661.00 19272.00 
16209.00 17475.00 18940.00 
16210.00 18719.00 17397.00 
16212.00 18100.00 18182.00 
16213.00 16438.00 19284.00 
16213.00 16571.00 19296.00 
16214.00 17972.00 18434.00 
16217.00 17641.00 18633.00 
16218.00 19138.00 16086.00 
16221.00 17280.00 18967.00 
16222.00 19098.00 16165.00 
16226.00 17320.00 18994.00 
16230.00 17879.00 18398.00 
16231.00 16583.00 19269.00 
16235.00 16532.00 19297.00 
16237.00 16813.00 19247.00 
16243.00 16590.00 19327.00 
16250.00 16451.00 19283.00 
16250.00 19102.00 16243.00 
16252.00 16706.00 19360.00 
16255.00 17486.00 18891.00 
16258.00 16692.00 19359.00 
16259.00 16615.00 19332.00 
16261.00 16591.00 19266.00 
16264.00 17818.00 18535.00 
16266.00 16727.00 19292.00 
16266.00 17504.00 18938.00 
16269.00 16544.00 19277.00 
16273.00 16641.00 19280.00 
16283.00 16734.00 19314.00 
16285.00 17577.00 18808.00 
16285.00 18577.00 17525.00 
16286.00 16587.00 19314.00 
16293.00 16842.00 19278.00 
16293.00 18169.00 18165.00 
16294.00 16612.00 19345.00 
16294.00 18545.00 17584.00 
16295.00 16522.00 19318.00 
16296.00 18374.00 17953.00 
16298.00 17539.00 18859.00 
16302.00 19122.00 16048.00 
16303.00 17184.00 19040.00 
16305.00 16569.00 19269.00 
16306.00 16525.00 19310.00 
16306.00 16953.00 19208.00 
16307.00 17723.00 18718.00 
16308.00 17598.00 18720.00 
16308.00 17598.00 18722.00 
16309.00 17375.00 18915.00 
16316.00 16721.00 19318.00 
16318.00 18078.00 18225.00 
16325.00 16611.00 19336.00 
16327.00 17525.00 18797.00 
16336.00 16545.00 19267.00 
16336.00 17142.00 19028.00 
16338.00 16602.00 19278.00 
16342.00 17386.00 18950.00 
16342.00 18100.00 18144.00 
16347.00 17847.00 18445.00 
16353.00 17217.00 19034.00 
16354.00 16878.00 19239.00 
16355.00 16989.00 19199.00 
16359.00 18653.00 17256.00 
16364.00 16916.00 19220.00 
16367.00 16774.00 19298.00 
16376.00 16724.00 19301.00 
16380.00 17840.00 18462.00 
16382.00 16765.00 19273.00 
16384.00 16822.00 19290.00 
16396.00 17796.00 18494.00 
16397.00 18069.00 18241.00 
16398.00 18658.00 17210.00 
16403.00 17510.00 18804.00 
16415.00 18267.00 18110.00 
16418.00 17141.00 19115.00 
16419.00 18424.00 17810.00 
16423.00 16777.00 19264.00 
16424.00 16764.00 19275.00 
16428.00 16923.00 19186.00 
16445.00 16983.00 19188.00 
16468.00 16779.00 19298.00 
16471.00 16692.00 19282.00 
16471.00 17762.00 18720.00 
16476.00 17403.00 18943.00 
16498.00 16563.00 19267.00 
16511.00 17727.00 18455.00 
16511.00 19012.00 16315.00 
16514.00 17786.00 18571.00 
16538.00 19062.00 16212.00 
16564.00 17978.00 18234.00 
16576.00 17747.00 18601.00 
16582.00 17434.00 18784.00 
16584.00 18249.00 17782.00 
16589.00 17669.00 18653.00 
16590.00 18986.00 16297.00 
16609.00 17523.00 18718.00 
16615.00 18976.00 16322.00 
16627.00 16720.00 19237.00 
16632.00 16540.00 19222.00 
16674.00 16734.00 19186.00 
16716.00 18899.00 16366.00 
16724.00 18535.00 17166.00 
16736.00 17547.00 18448.00 
16758.00 17984.00 18300.00 
16765.00 18254.00 17724.00 
16784.00 16802.00 19154.00 
16792.00 18580.00 17121.00 
16807.00 16906.00 19054.00 
16812.00 16649.00 19134.00 
16826.00 18845.00 15928.00 
16849.00 16769.00 19129.00 
16854.00 17589.00 18458.00 
16858.00 18025.00 18025.00 
16861.00 18900.00 16361.00 
16864.00 16776.00 19090.00 
16877.00 16740.00 19080.00 
16878.00 18052.00 18011.00 
16905.00 18830.00 16220.00 
16911.00 18894.00 16301.00 
16923.00 18265.00 17578.00 
16927.00 18307.00 17544.00 
16936.00 18845.00 16289.00 
16945.00 18807.00 16475.00 
16948.00 16854.00 19015.00 
17007.00 17570.00 18343.00 
17009.00 16728.00 19098.00 
17030.00 18741.00 16383.00 
17067.00 16657.00 18937.00 
17072.00 16938.00 18936.00 
17094.00 18760.00 16497.00 
17111.00 16659.00 18976.00 
17113.00 18704.00 16361.00 
17123.00 18696.00 16438.00 
17138.00 16954.00 18823.00 
17148.00 16888.00 18968.00 
17149.00 16527.00 18903.00 
17152.00 16824.00 18924.00 
17158.00 18160.00 17544.00 
17161.00 17556.00 18335.00 
17179.00 16785.00 18939.00 
17188.00 18664.00 16378.00 
17195.00 17809.00 18025.00 
17208.00 17724.00 18034.00 
17220.00 18647.00 16600.00 
17253.00 16844.00 18830.00 
17256.00 16535.00 18787.00 
17259.00 16733.00 18784.00 
17263.00 18617.00 16447.00 
17267.00 16844.00 18742.00 
17280.00 18453.00 16856.00 
17281.00 18628.00 16412.00 
17295.00 18172.00 17416.00 
17296.00 18542.00 16780.00 
17298.00 18589.00 16529.00 
17314.00 16621.00 18766.00 
17316.00 17282.00 18415.00 
17317.00 18528.00 16887.00 
17319.00 18509.00 16644.00 
17333.00 17726.00 17963.00 
17339.00 18513.00 16395.00 
17346.00 18618.00 16604.00 
17351.00 18547.00 16599.00 
17352.00 18519.00 16573.00 
17361.00 16995.00 18689.00 
17368.00 17728.00 17751.00 
17370.00 18530.00 16471.00 
17393.00 18500.00 16538.00 
17396.00 17256.00 18399.00 
17407.00 18533.00 16495.00 
17414.00 18187.00 17042.00 
17423.00 16837.00 18653.00 
17424.00 16856.00 18664.00 
17424.00 17029.00 18612.00 
17424.00 17285.00 18335.00 
17427.00 16599.00 18658.00 
17428.00 16638.00 18725.00 
17432.00 18236.00 17090.00 
17444.00 16743.00 18645.00 
17467.00 16681.00 18588.00 
17467.00 16875.00 18626.00 
17473.00 18453.00 16599.00 
17479.00 16792.00 18580.00 
17480.00 16750.00 18595.00 
17480.00 16874.00 18658.00 
17490.00 18460.00 16558.00 
17506.00 17157.00 18268.00 
17506.00 18443.00 16460.00 
17511.00 16735.00 18500.00 
17512.00 17032.00 18508.00 
17516.00 16803.00 18576.00 
17525.00 16811.00 18550.00 
17527.00 17553.00 17902.00 
17551.00 16981.00 18520.00 
17565.00 18388.00 16410.00 
17573.00 18444.00 16485.00 
17580.00 18148.00 17100.00 
17593.00 18119.00 17331.00 
17594.00 16671.00 18518.00 
17631.00 18349.00 16588.00 
17634.00 16896.00 18388.00 
17643.00 18347.00 16721.00 
17663.00 17743.00 17742.00 
17672.00 16940.00 18380.00 
17676.00 16895.00 18451.00 
17679.00 16793.00 18414.00 
17692.00 17594.00 17725.00 
17706.00 18221.00 16760.00 
17714.00 18316.00 16619.00 
17720.00 16938.00 18355.00 
17726.00 18310.00 16719.00 
17738.00 18273.00 16382.00 
17740.00 18221.00 16755.00 
17742.00 16864.00 18357.00 
17761.00 16868.00 18317.00 
17770.00 16854.00 18267.00 
17774.00 18188.00 16448.00 
17776.00 17118.00 18161.00 
17786.00 18192.00 16832.00 
17789.00 16991.00 18286.00 
17796.00 17547.00 17862.00 
17803.00 17478.00 17974.00 
17811.00 16953.00 18255.00 
17816.00 16908.00 18164.00 
17820.00 18069.00 17058.00 
17846.00 18114.00 16718.00 
17849.00 16833.00 18309.00 
17854.00 18117.00 16589.00 
17861.00 17433.00 17829.00 
17888.00 18086.00 16663.00 
17897.00 16945.00 18183.00 
17913.00 18056.00 16883.00 
17920.00 16889.00 18161.00 
17921.00 16843.00 18096.00 
17925.00 16952.00 18124.00 
17925.00 18079.00 16696.00 
17933.00 16812.00 18130.00 
17937.00 17469.00 17672.00 
17944.00 17971.00 16814.00 
17974.00 17950.00 16886.00 
17979.00 17991.00 16823.00 
18004.00 17919.00 16663.00 
18005.00 17632.00 17463.00 
18015.00 17121.00 18019.00 
18017.00 17959.00 16768.00 
18023.00 17226.00 17744.00 
18025.00 17969.00 16854.00 
18027.00 16941.00 17994.00 
18047.00 16787.00 17959.00 
18065.00 17855.00 17046.00 
18071.00 16919.00 17938.00 
18085.00 17839.00 16655.00 
18118.00 16859.00 17886.00 
18118.00 17684.00 16857.00 
18119.00 17769.00 16726.00 
18122.00 17224.00 17821.00 
18126.00 17005.00 17788.00 
18128.00 17836.00 16513.00 
18130.00 17779.00 16848.00 
18132.00 16992.00 17811.00 
18145.00 17077.00 17812.00 
18153.00 17399.00 17508.00 
18168.00 17804.00 16890.00 
18177.00 16832.00 17652.00 
18183.00 17102.00 17779.00 
18186.00 17776.00 16863.00 
18189.00 17392.00 17539.00 
18217.00 17621.00 17165.00 
18225.00 17156.00 17675.00 
18229.00 17836.00 16709.00 
18247.00 17238.00 17663.00 
18259.00 17282.00 17379.00 
18263.00 17197.00 17544.00 
18265.00 17149.00 17546.00 
18275.00 17593.00 16485.00 
18293.00 16932.00 17495.00 
18300.00 17115.00 17420.00 
18300.00 17601.00 17007.00 
18312.00 17025.00 17455.00 
18330.00 17097.00 17482.00 
18361.00 17285.00 17272.00 
18367.00 17151.00 17379.00 
18369.00 17235.00 17406.00 
18394.00 17207.00 17229.00 
18406.00 17092.00 17221.00 
18408.00 17222.00 17135.00 
18414.00 17256.00 17267.00 
18414.00 17280.00 16831.00 
18420.00 17185.00 16970.00 
18421.00 17304.00 17014.00 
18422.00 17080.00 17196.00 
18425.00 17103.00 17145.00 
18426.00 17234.00 16846.00 
18427.00 17141.00 17032.00 
18427.00 17177.00 17109.00 
18428.00 17234.00 17143.00 
18429.00 17084.00 16848.00 
18429.00 17299.00 16872.00 
18430.00 17253.00 17080.00 
18431.00 17134.00 16852.00 
18433.00 17060.00 16868.00 
18436.00 17045.00 17204.00 
18437.00 17193.00 16978.00 
18438.00 17082.00 16900.00 
18438.00 17145.00 16907.00 
18438.00 17192.00 16979.00 
18439.00 17160.00 17000.00 
18439.00 17352.00 17064.00 
18441.00 16948.00 16719.00 
18441.00 17052.00 16952.00 
18441.00 17228.00 17121.00 
18442.00 17255.00 16631.00 
18443.00 17055.00 17044.00 
18443.00 17124.00 16923.00 
18445.00 17183.00 16916.00 
18445.00 17204.00 16879.00 
18447.00 17179.00 17152.00 
18448.00 17055.00 16805.00 
18450.00 17058.00 16906.00 
18453.00 17042.00 16838.00 
18455.00 17120.00 16806.00 
18456.00 17133.00 17027.00 
18458.00 17057.00 17152.00 
18459.00 17164.00 16902.00 
18460.00 17059.00 16827.00 
18460.00 17137.00 16897.00 
18460.00 17164.00 17048.00 
18461.00 17235.00 16938.00 
18462.00 17015.00 16916.00 
18471.00 17199.00 16937.00 
18488.00 17078.00 17113.00 
18492.00 17088.00 16872.00 
18493.00 17192.00 16746.00 
18494.00 17065.00 16960.00 
18494.00 17071.00 16866.00 
18495.00 17190.00 16913.00 
18496.00 17110.00 16967.00 
18517.00 17121.00 16865.00 
15523.00 19209.00 15904.00 
15541.00 19184.00 15891.00 
15545.00 19197.00 15982.00 
15548.00 19194.00 15962.00 
15568.00 19257.00 16000.00 
15569.00 19217.00 15852.00 
15593.00 19236.00 16005.00 
15599.00 19273.00 15932.00 
15601.00 19193.00 16016.00 
15605.00 19199.00 16022.00 
15606.00 19251.00 16041.00 
15619.00 19182.00 15956.00 
15624.00 19190.00 16016.00 
15634.00 19237.00 15999.00 
15636.00 19181.00 15938.00 
15645.00 19199.00 15874.00 
15648.00 19076.00 16505.00 
15656.00 19183.00 16138.00 
15656.00 19259.00 16076.00 
15659.00 19185.00 15992.00 
15660.00 19275.00 16087.00 
15665.00 19199.00 16068.00 
15672.00 19182.00 15965.00 
15676.00 19187.00 16234.00 
15683.00 19191.00 15982.00 
15687.00 19192.00 16029.00 
15691.00 19237.00 16115.00 
15693.00 19195.00 16098.00 
15697.00 19213.00 16072.00 
15698.00 19186.00 15977.00 
15698.00 19188.00 15903.00 
15700.00 19083.00 16451.00 
15704.00 19229.00 16072.00 
15706.00 19195.00 16080.00 
15712.00 19216.00 16003.00 
15716.00 19232.00 16029.00 
15727.00 19214.00 15970.00 
15734.00 19194.00 16032.00 
15736.00 19194.00 16005.00 
15744.00 19184.00 16020.00 
15756.00 19196.00 16096.00 
15774.00 19195.00 16007.00 
15775.00 19228.00 16057.00 
15778.00 18545.00 17524.00 
15806.00 19195.00 16032.00 
15816.00 19199.00 16143.00 
15828.00 19204.00 15962.00 
15831.00 19208.00 16129.00 
15833.00 19196.00 16083.00 
15841.00 16356.00 19262.00 
15841.00 19195.00 15752.00 
15849.00 18961.00 16684.00 
15855.00 16333.00 19279.00 
15869.00 19246.00 15957.00 
15876.00 18567.00 17546.00 
15877.00 18951.00 16740.00 
15883.00 16337.00 19256.00 
15888.00 19201.00 15965.00 
15897.00 16421.00 19275.00 
15898.00 19201.00 16085.00 
15899.00 17740.00 18559.00 
15910.00 16457.00 19280.00 
15915.00 16478.00 19255.00 
15916.00 18528.00 17632.00 
15930.00 18093.00 18237.00 
15935.00 16435.00 19351.00 
15940.00 16378.00 19261.00 
15959.00 16344.00 19330.00 
15959.00 17821.00 18451.00 
15960.00 18749.00 17323.00 
15965.00 17359.00 18819.00 
15967.00 18991.00 16668.00 
15971.00 18368.00 17841.00 
15976.00 17744.00 18552.00 
15977.00 18038.00 18239.00 
15979.00 16511.00 19334.00 
15980.00 19027.00 16659.00 
15981.00 16952.00 19077.00 
15985.00 17377.00 18900.00 
15991.00 18285.00 17880.00 
16001.00 17752.00 18604.00 
16002.00 16380.00 19397.00 
16006.00 17998.00 18271.00 
16008.00 16339.00 19281.00 
16023.00 19150.00 16044.00 
16027.00 16399.00 19293.00 
16028.00 17531.00 18737.00 
16032.00 16332.00 19259.00 
16032.00 16418.00 19354.00 
16033.00 18754.00 17275.00 
16035.00 18215.00 18143.00 
16039.00 16480.00 19297.00 
16044.00 17748.00 18531.00 
16048.00 17692.00 18663.00 
16049.00 17592.00 18700.00 
16053.00 18365.00 17990.00 
16058.00 16463.00 19287.00 
16063.00 18033.00 18321.00 
16066.00 16462.00 19261.00 
16066.00 18744.00 17130.00 
16067.00 17573.00 18716.00 
16070.00 18272.00 17941.00 
16075.00 17387.00 18864.00 
16077.00 17160.00 19072.00 
16078.00 16450.00 19266.00 
16080.00 16401.00 19255.00 
16084.00 16412.00 19318.00 
16084.00 16425.00 19401.00 
16088.00 17636.00 18683.00 
16089.00 16403.00 19273.00 
16091.00 18827.00 17032.00 
16092.00 18048.00 18241.00 
16092.00 18239.00 17975.00 
16101.00 18498.00 17684.00 
16103.00 18091.00 18192.00 
16104.00 16410.00 19289.00 
16108.00 17125.00 19017.00 
16109.00 16371.00 19259.00 
16111.00 18065.00 18206.00 
16112.00 16427.00 19323.00 
16121.00 16367.00 19324.00 
16123.00 16481.00 19307.00 
16125.00 16454.00 19314.00 
16127.00 18252.00 17949.00 
16129.00 16574.00 19253.00 
16129.00 17412.00 18835.00 
16133.00 16432.00 19264.00 
16134.00 17162.00 18972.00 
16138.00 17761.00 18526.00 
16138.00 18782.00 17379.00 
16142.00 16968.00 19083.00 
16149.00 16810.00 19167.00 
16151.00 17941.00 18442.00 
16155.00 17692.00 18615.00 
16157.00 16671.00 19294.00 
16165.00 17622.00 18697.00 
16167.00 18264.00 17906.00 
16169.00 16447.00 19327.00 
16171.00 17565.00 18648.00 
16173.00 16599.00 19264.00 
16175.00 17354.00 18899.00 
16175.00 19105.00 16200.00 
16175.00 19139.00 15967.00 
16180.00 17422.00 18782.00 
16180.00 18347.00 17956.00 
16188.00 17098.00 19093.00 
16188.00 17207.00 18975.00 
16188.00 17378.00 18792.00 
16189.00 16409.00 19307.00 
16191.00 16613.00 19248.00 
16194.00 17811.00 18474.00 
16195.00 16707.00 19233.00 
16195.00 18504.00 17738.00 
16202.00 17078.00 19104.00 
16206.00 18926.00 16652.00 
16207.00 16395.00 19326.00 
16207.00 18519.00 17630.00 
16209.00 17401.00 18826.00 
16210.00 17548.00 18714.00 
16213.00 16501.00 19254.00 
16215.00 16362.00 19283.00 
16219.00 16451.00 19282.00 
16221.00 18943.00 16790.00 
16222.00 17807.00 18472.00 
16224.00 18495.00 17794.00 
16226.00 16412.00 19264.00 
16229.00 16354.00 19314.00 
16233.00 18805.00 16936.00 
16234.00 18343.00 17771.00 
16239.00 18071.00 18184.00 
16245.00 18755.00 16999.00 
16250.00 17292.00 19020.00 
16253.00 18257.00 17910.00 
16253.00 18562.00 17564.00 
16255.00 17045.00 19061.00 
16255.00 18159.00 18160.00 
16277.00 19071.00 16068.00 
16278.00 16572.00 19265.00 
16292.00 18077.00 18204.00 
16306.00 16511.00 19304.00 
16309.00 18777.00 17299.00 
16319.00 17262.00 18919.00 
16321.00 16496.00 19296.00 
16325.00 16550.00 19269.00 
16341.00 17725.00 18454.00 
16344.00 16444.00 19250.00 
16356.00 16569.00 19239.00 
16361.00 16556.00 19301.00 
16362.00 18756.00 16982.00 
16364.00 16870.00 19164.00 
16401.00 17259.00 18921.00 
16408.00 19084.00 16120.00 
16448.00 18970.00 16159.00 
16455.00 16499.00 19265.00 
16466.00 16498.00 19272.00 
16474.00 17717.00 18465.00 
16486.00 18428.00 17771.00 
16500.00 18955.00 16118.00 
16511.00 16479.00 19225.00 
16540.00 16454.00 19214.00 
16560.00 16696.00 19225.00 
16585.00 16493.00 19259.00 
16588.00 16717.00 19167.00 
16589.00 18549.00 17683.00 
16603.00 18553.00 17463.00 
16611.00 18911.00 16209.00 
16623.00 18410.00 17695.00 
16631.00 17233.00 18711.00 
16635.00 16661.00 19166.00 
16646.00 17913.00 18155.00 
16672.00 17192.00 18703.00 
16690.00 18913.00 16197.00 
16700.00 18828.00 16128.00 
16706.00 18192.00 17826.00 
16708.00 18814.00 16477.00 
16734.00 16624.00 19098.00 
16743.00 16675.00 19068.00 
16755.00 17889.00 18203.00 
16761.00 18849.00 16143.00 
16768.00 18928.00 16045.00 
16771.00 16560.00 19141.00 
16780.00 16899.00 19070.00 
16783.00 16542.00 19076.00 
16786.00 16672.00 19083.00 
16792.00 18557.00 17301.00 
16794.00 16499.00 19047.00 
16796.00 17448.00 18449.00 
16811.00 18812.00 16033.00 
16841.00 17392.00 18450.00 
16858.00 18778.00 16361.00 
16859.00 18767.00 16258.00 
16868.00 16612.00 18994.00 
16875.00 16733.00 19028.00 
16877.00 18753.00 16457.00 
16912.00 16720.00 18998.00 
16927.00 18463.00 17145.00 
16935.00 18754.00 16190.00 
16940.00 18546.00 17175.00 
16954.00 18725.00 16452.00 
16974.00 17878.00 18011.00 
16992.00 18165.00 17407.00 
17006.00 18703.00 16206.00 
17021.00 16763.00 18915.00 
17037.00 18703.00 16496.00 
17062.00 18641.00 16562.00 
17062.00 18724.00 16367.00 
17071.00 16776.00 18915.00 
17082.00 17917.00 17969.00 
17084.00 18356.00 17364.00 
17088.00 17406.00 18290.00 
17102.00 16686.00 18837.00 
17108.00 16793.00 18817.00 
17122.00 16839.00 18774.00 
17122.00 18673.00 16298.00 
17123.00 18593.00 16227.00 
17130.00 16782.00 18799.00 
17137.00 16641.00 18836.00 
17179.00 16728.00 18760.00 
17185.00 17418.00 18337.00 
17187.00 18619.00 16501.00 
17196.00 18604.00 16194.00 
17209.00 17504.00 17884.00 
17221.00 17630.00 17975.00 
17244.00 16869.00 18681.00 
17246.00 16707.00 18707.00 
17248.00 17485.00 18075.00 
17262.00 16770.00 18717.00 
17270.00 16681.00 18631.00 
17301.00 18035.00 17409.00 
17302.00 18489.00 16443.00 
17304.00 17503.00 18098.00 
17308.00 16719.00 18655.00 
17311.00 16690.00 18651.00 
17317.00 18557.00 16630.00 
17321.00 18497.00 16564.00 
17352.00 16877.00 18614.00 
17357.00 18529.00 16601.00 
17373.00 16808.00 18629.00 
17377.00 17073.00 18349.00 
17419.00 16856.00 18561.00 
17429.00 17765.00 17778.00 
17429.00 18445.00 16252.00 
17444.00 16811.00 18549.00 
17450.00 18482.00 16462.00 
17455.00 18035.00 17470.00 
17466.00 18148.00 17148.00 
17469.00 16549.00 18535.00 
17478.00 16747.00 18309.00 
17486.00 17676.00 17896.00 
17494.00 16853.00 18371.00 
17510.00 18400.00 16702.00 
17531.00 17125.00 18323.00 
17540.00 18095.00 16894.00 
17543.00 16759.00 18408.00 
17547.00 17141.00 18306.00 
17548.00 18283.00 16641.00 
17552.00 18405.00 16680.00 
17569.00 18398.00 16345.00 
17572.00 16897.00 18349.00 
17584.00 18446.00 16331.00 
17587.00 18411.00 16362.00 
17589.00 16721.00 18430.00 
17613.00 17620.00 17875.00 
17615.00 18330.00 16446.00 
17645.00 18018.00 17256.00 
17649.00 17940.00 17111.00 
17663.00 16676.00 18262.00 
17665.00 16830.00 18351.00 
17668.00 16912.00 18303.00 
17671.00 16583.00 18308.00 
17678.00 16925.00 18327.00 
17705.00 16801.00 18403.00 
17708.00 16637.00 18256.00 
17710.00 18275.00 16480.00 
17712.00 18293.00 16513.00 
17715.00 16849.00 18234.00 
17738.00 17395.00 17697.00 
17739.00 18200.00 16367.00 
17750.00 17610.00 17543.00 
17765.00 18224.00 16491.00 
17772.00 16878.00 18024.00 
17782.00 16732.00 18124.00 
17786.00 16904.00 18190.00 
17787.00 16973.00 18135.00 
17789.00 16783.00 18075.00 
17815.00 18175.00 16641.00 
17818.00 18173.00 16505.00 
17824.00 18125.00 16366.00 
17824.00 18190.00 16374.00 
17831.00 18069.00 16575.00 
17832.00 16877.00 18064.00 
17840.00 18066.00 16585.00 
17841.00 18047.00 16403.00 
17850.00 18046.00 16644.00 
17861.00 17314.00 17823.00 
17866.00 16888.00 18024.00 
17879.00 18064.00 16562.00 
17881.00 18048.00 16478.00 
17906.00 18035.00 16781.00 
17926.00 16926.00 17840.00 
17935.00 17858.00 16564.00 
17935.00 18025.00 16684.00 
17940.00 16827.00 17914.00 
17942.00 18019.00 16611.00 
17944.00 16904.00 17878.00 
17948.00 18029.00 16813.00 
17958.00 16912.00 17923.00 
17962.00 17945.00 16558.00 
17965.00 16767.00 17853.00 
17976.00 17068.00 17669.00 
17977.00 16847.00 17924.00 
17979.00 16984.00 17937.00 
17984.00 16753.00 17835.00 
17987.00 16787.00 17853.00 
18013.00 16808.00 17855.00 
18015.00 17029.00 17868.00 
18016.00 16755.00 17848.00 
18025.00 17891.00 16478.00 
18025.00 17914.00 16486.00 
18030.00 18048.00 16762.00 
18056.00 17329.00 17391.00 
18066.00 16692.00 17817.00 
18073.00 17044.00 17654.00 
18078.00 17911.00 16706.00 
18083.00 17963.00 16631.00 
18089.00 17699.00 16709.00 
18111.00 17003.00 17634.00 
18116.00 17069.00 17636.00 
18134.00 17724.00 16944.00 
18147.00 16988.00 17635.00 
18174.00 17006.00 17592.00 
18182.00 17677.00 16571.00 
18194.00 17767.00 16798.00 
18210.00 16989.00 17431.00 
18214.00 17168.00 17281.00 
18223.00 17047.00 17541.00 
18236.00 17586.00 16724.00 
18244.00 17622.00 16721.00 
18244.00 17716.00 16551.00 
18247.00 17308.00 17222.00 
18252.00 17047.00 17492.00 
18258.00 17584.00 16859.00 
18268.00 17590.00 16835.00 
18297.00 17052.00 17388.00 
18306.00 17075.00 17192.00 
18316.00 17551.00 16660.00 
18340.00 17012.00 17353.00 
18359.00 17413.00 16799.00 
18368.00 17433.00 16633.00 
18372.00 17521.00 16858.00 
18413.00 16936.00 17259.00 
18414.00 17051.00 17141.00 
18429.00 17000.00 17113.00 
18431.00 17321.00 16810.00 
18435.00 16927.00 17101.00 
18448.00 17296.00 16832.00 
18463.00 16923.00 17138.00 
18473.00 16938.00 17136.00 
18480.00 17360.00 16782.00 
18481.00 17039.00 17206.00 
18498.00 17079.00 17205.00 
18503.00 16919.00 16990.00 
18504.00 17012.00 17118.00 
18504.00 17142.00 16800.00 
18513.00 16849.00 16945.00 
18514.00 16838.00 17007.00 
18515.00 16946.00 16808.00 
18518.00 17081.00 16690.00 
18520.00 16767.00 16551.00 
18520.00 17024.00 16627.00 
18520.00 17097.00 16868.00 
18521.00 16858.00 16670.00 
18521.00 16971.00 16950.00 
18521.00 17065.00 16634.00 
18524.00 16923.00 16753.00 
18524.00 16970.00 16688.00 
18525.00 16991.00 16569.00 
18526.00 16967.00 16967.00 
18526.00 17089.00 16901.00 
18527.00 16828.00 16809.00 
18530.00 16825.00 16530.00 
18530.00 16934.00 16810.00 
18532.00 17120.00 16955.00 
18533.00 16820.00 16829.00 
18534.00 16935.00 16799.00 
18535.00 16729.00 16622.00 
18536.00 16925.00 16769.00 
18542.00 16573.00 16845.00 
18545.00 16843.00 16943.00 
18546.00 16917.00 16729.00 
18546.00 16932.00 16611.00 
18547.00 16897.00 16852.00 
18549.00 17048.00 17013.00 
18552.00 16971.00 16741.00 
18552.00 17046.00 16623.00 
18553.00 17031.00 16529.00 
18557.00 16864.00 16676.00 
18559.00 16844.00 16711.00 
18560.00 17053.00 16843.00 
18561.00 16972.00 16613.00 
18567.00 16826.00 16702.00 
18567.00 16831.00 16821.00 
18568.00 16914.00 16529.00 
18569.00 16779.00 16841.00 
18571.00 16719.00 16920.00 
18571.00 17088.00 16779.00 
18578.00 17070.00 16773.00 
18581.00 16893.00 16859.00 
18584.00 16730.00 16750.00 
18592.00 16834.00 16714.00 
18594.00 16782.00 16734.00 
18597.00 16864.00 16656.00 
18605.00 16810.00 16701.00 
18606.00 16876.00 16670.00 
18614.00 16945.00 16806.00 
18629.00 16863.00 16692.00 
18633.00 17076.00 16696.00 
18644.00 16892.00 16736.00 
18656.00 16739.00 16628.00 
18664.00 16721.00 16619.00 
18684.00 16945.00 16766.00 
18691.00 16818.00 16794.00 
15447.00 19280.00 15723.00 
15469.00 19309.00 15784.00 
15477.00 19294.00 15724.00 
15484.00 19295.00 15715.00 
15527.00 19300.00 15697.00 
15541.00 19264.00 15620.00 
15543.00 19326.00 15680.00 
15557.00 19311.00 15688.00 
15572.00 19273.00 15761.00 
15572.00 19286.00 15613.00 
15577.00 19278.00 15563.00 
15586.00 19351.00 15648.00 
15593.00 19295.00 15663.00 
15596.00 19306.00 15735.00 
15599.00 19286.00 15688.00 
15600.00 19293.00 15700.00 
15613.00 19321.00 15646.00 
15615.00 19315.00 15787.00 
15618.00 19287.00 15821.00 
15621.00 19322.00 15751.00 
15623.00 19311.00 15843.00 
15634.00 19264.00 15635.00 
15640.00 19277.00 15749.00 
15643.00 19287.00 15599.00 
15652.00 19349.00 15681.00 
15656.00 19289.00 15681.00 
15658.00 19287.00 15742.00 
15673.00 19271.00 15740.00 
15673.00 19284.00 15714.00 
15674.00 19337.00 15610.00 
15684.00 19298.00 15868.00 
15685.00 19305.00 16043.00 
15686.00 19207.00 16071.00 
15694.00 19315.00 15737.00 
15708.00 19293.00 15715.00 
15709.00 19264.00 15642.00 
15725.00 18876.00 16778.00 
15726.00 19277.00 15621.00 
15744.00 19307.00 15673.00 
15749.00 19038.00 16538.00 
15754.00 19059.00 16405.00 
15754.00 19259.00 15701.00 
15756.00 19297.00 15628.00 
15782.00 19258.00 15819.00 
15784.00 19262.00 15702.00 
15812.00 19050.00 16261.00 
15827.00 19298.00 15652.00 
15827.00 19373.00 15780.00 
15838.00 19263.00 15788.00 
15844.00 19124.00 16411.00 
15849.00 19196.00 16125.00 
15859.00 19296.00 15786.00 
15876.00 18815.00 17065.00 
15885.00 19122.00 16518.00 
15885.00 19220.00 16031.00 
15893.00 19288.00 15781.00 
15905.00 19266.00 15723.00 
15909.00 18528.00 17762.00 
15917.00 19244.00 15897.00 
15927.00 18985.00 16719.00 
15930.00 18502.00 17806.00 
15933.00 18218.00 18080.00 
15940.00 18639.00 17630.00 
15946.00 18915.00 17034.00 
15954.00 18413.00 17882.00 
15964.00 18603.00 17536.00 
15989.00 18910.00 17018.00 
15992.00 18696.00 17473.00 
15993.00 18640.00 17522.00 
16017.00 19036.00 16665.00 
16020.00 19005.00 16675.00 
16025.00 18435.00 17794.00 
16036.00 18617.00 17612.00 
16049.00 19035.00 16480.00 
16066.00 19257.00 15677.00 
16077.00 18405.00 17837.00 
16099.00 18658.00 17560.00 
16100.00 18821.00 17122.00 
16106.00 17975.00 18491.00 
16111.00 16365.00 19167.00 
16111.00 18867.00 17033.00 
16126.00 18056.00 18336.00 
16129.00 18667.00 17489.00 
16134.00 18441.00 17885.00 
16145.00 17323.00 18809.00 
16147.00 18226.00 18101.00 
16148.00 18425.00 17802.00 
16154.00 19145.00 15996.00 
16163.00 17976.00 18415.00 
16164.00 18229.00 18086.00 
16174.00 18144.00 17999.00 
16178.00 17998.00 18398.00 
16201.00 17938.00 18417.00 
16202.00 18365.00 17959.00 
16205.00 17803.00 18547.00 
16207.00 17334.00 18886.00 
16212.00 16360.00 19117.00 
16218.00 18479.00 17758.00 
16225.00 16584.00 19155.00 
16226.00 19126.00 15882.00 
16232.00 16541.00 19119.00 
16232.00 18080.00 18345.00 
16236.00 16358.00 19145.00 
16237.00 17990.00 18355.00 
16238.00 16393.00 19142.00 
16238.00 17581.00 18683.00 
16244.00 17908.00 18389.00 
16251.00 16573.00 19144.00 
16252.00 19127.00 15823.00 
16254.00 16214.00 19120.00 
16259.00 16536.00 19139.00 
16260.00 17547.00 18734.00 
16262.00 16544.00 19159.00 
16262.00 18362.00 17838.00 
16268.00 16527.00 19141.00 
16269.00 16405.00 19130.00 
16270.00 19072.00 15848.00 
16273.00 17509.00 18719.00 
16275.00 16521.00 19131.00 
16279.00 17395.00 18830.00 
16284.00 18079.00 18295.00 
16300.00 17812.00 18511.00 
16305.00 18727.00 17378.00 
16305.00 18830.00 17102.00 
16313.00 16694.00 19103.00 
16314.00 17842.00 18497.00 
16316.00 16546.00 19166.00 
16318.00 16376.00 19120.00 
16320.00 17855.00 18437.00 
16326.00 16591.00 19120.00 
16326.00 18209.00 18097.00 
16327.00 18159.00 18157.00 
16329.00 16403.00 19120.00 
16330.00 16824.00 19085.00 
16330.00 17667.00 18603.00 
16338.00 16743.00 19114.00 
16339.00 18435.00 17707.00 
16340.00 16538.00 19109.00 
16343.00 17706.00 18573.00 
16343.00 18137.00 18233.00 
16344.00 16360.00 19118.00 
16345.00 18781.00 17320.00 
16348.00 16165.00 19156.00 
16348.00 16408.00 19136.00 
16348.00 17937.00 18348.00 
16354.00 16464.00 19111.00 
16354.00 17753.00 18554.00 
16355.00 18174.00 18153.00 
16357.00 17684.00 18606.00 
16363.00 16559.00 19133.00 
16364.00 16917.00 19071.00 
16367.00 16596.00 19118.00 
16371.00 16501.00 19126.00 
16372.00 18182.00 18078.00 
16382.00 16556.00 19137.00 
16384.00 18402.00 17872.00 
16385.00 16173.00 19138.00 
16386.00 16468.00 19133.00 
16390.00 18143.00 18150.00 
16393.00 19062.00 15843.00 
16394.00 16661.00 19170.00 
16396.00 16331.00 19108.00 
16398.00 18898.00 16635.00 
16408.00 17614.00 18739.00 
16409.00 17287.00 18913.00 
16413.00 16617.00 19173.00 
16414.00 16368.00 19229.00 
16420.00 17036.00 18978.00 
16422.00 17946.00 18342.00 
16425.00 17632.00 18618.00 
16427.00 16496.00 19112.00 
16428.00 18939.00 16092.00 
16431.00 16642.00 19107.00 
16434.00 16497.00 19109.00 
16436.00 17777.00 18644.00 
16446.00 17716.00 18671.00 
16449.00 18646.00 17471.00 
16457.00 16995.00 18987.00 
16457.00 17275.00 18865.00 
16459.00 16328.00 19113.00 
16460.00 18793.00 17117.00 
16461.00 16825.00 19107.00 
16462.00 18996.00 16204.00 
16464.00 16508.00 19135.00 
16473.00 17063.00 19003.00 
16473.00 17407.00 18828.00 
16475.00 17097.00 18967.00 
16476.00 16458.00 19131.00 
16477.00 17363.00 18836.00 
16477.00 19013.00 16144.00 
16479.00 16659.00 19132.00 
16485.00 16357.00 19135.00 
16489.00 16343.00 19118.00 
16498.00 17286.00 18943.00 
16500.00 16491.00 19142.00 
16505.00 17046.00 18955.00 
16509.00 18999.00 15612.00 
16510.00 17394.00 18807.00 
16524.00 16794.00 19121.00 
16532.00 16544.00 19128.00 
16534.00 16950.00 19095.00 
16535.00 16534.00 19201.00 
16555.00 16099.00 19115.00 
16558.00 17043.00 18961.00 
16564.00 16416.00 19114.00 
16570.00 17490.00 18718.00 
16580.00 17457.00 18751.00 
16586.00 18954.00 16083.00 
16600.00 18715.00 17162.00 
16601.00 17457.00 18728.00 
16610.00 16576.00 19107.00 
16615.00 18910.00 16260.00 
16649.00 18960.00 16328.00 
16651.00 16460.00 19115.00 
16701.00 18405.00 17685.00 
16703.00 16614.00 19151.00 
16708.00 18904.00 16276.00 
16731.00 18860.00 16444.00 
16737.00 17985.00 18020.00 
16739.00 17957.00 18001.00 
16754.00 16777.00 19070.00 
16761.00 16629.00 19090.00 
16784.00 18533.00 17105.00 
16786.00 16578.00 19069.00 
16807.00 16691.00 19051.00 
16808.00 17646.00 18355.00 
16814.00 18819.00 16245.00 
16818.00 18844.00 16099.00 
16846.00 17635.00 18399.00 
16853.00 18526.00 17077.00 
16866.00 18813.00 15915.00 
16867.00 16557.00 19033.00 
16869.00 18366.00 17649.00 
16896.00 18877.00 16141.00 
16900.00 18786.00 16210.00 
16906.00 18301.00 17272.00 
16908.00 16807.00 19034.00 
16919.00 18795.00 16038.00 
16925.00 17967.00 17861.00 
16943.00 17998.00 17869.00 
16948.00 16746.00 18979.00 
16961.00 16995.00 18906.00 
16966.00 18752.00 16318.00 
16969.00 17685.00 18319.00 
16984.00 16692.00 18974.00 
17016.00 18734.00 16318.00 
17026.00 16600.00 18973.00 
17041.00 16589.00 18956.00 
17050.00 16413.00 18880.00 
17067.00 18701.00 16517.00 
17080.00 16927.00 18896.00 
17082.00 18726.00 16034.00 
17091.00 18666.00 16078.00 
17092.00 18321.00 17415.00 
17113.00 17544.00 18245.00 
17122.00 16460.00 18912.00 
17125.00 16734.00 18847.00 
17134.00 18182.00 17431.00 
17135.00 16745.00 18872.00 
17149.00 18174.00 17314.00 
17154.00 17698.00 18224.00 
17166.00 17174.00 18651.00 
17172.00 17130.00 18650.00 
17172.00 18661.00 16237.00 
17179.00 17692.00 18183.00 
17187.00 18614.00 16434.00 
17195.00 18613.00 16055.00 
17231.00 16644.00 18765.00 
17253.00 17903.00 17879.00 
17269.00 18588.00 16205.00 
17298.00 18565.00 16136.00 
17302.00 18491.00 16484.00 
17305.00 16790.00 18772.00 
17327.00 17917.00 17953.00 
17334.00 18551.00 16143.00 
17370.00 16583.00 18676.00 
17373.00 17807.00 17835.00 
17375.00 16739.00 18670.00 
17382.00 18263.00 16906.00 
17386.00 18462.00 16271.00 
17388.00 17334.00 18277.00 
17388.00 17873.00 17726.00 
17392.00 16922.00 18592.00 
17394.00 18543.00 16309.00 
17406.00 18421.00 16150.00 
17413.00 18493.00 16328.00 
17422.00 18241.00 17017.00 
17425.00 16834.00 18674.00 
17434.00 18419.00 16232.00 
17435.00 17299.00 18330.00 
17449.00 16802.00 18638.00 
17467.00 17210.00 18213.00 
17470.00 16716.00 18623.00 
17492.00 16723.00 18563.00 
17504.00 16902.00 18668.00 
17521.00 16801.00 18543.00 
17533.00 16647.00 18552.00 
17533.00 16753.00 18529.00 
17537.00 16936.00 18587.00 
17538.00 17328.00 18240.00 
17538.00 18105.00 17119.00 
17545.00 16708.00 18520.00 
17550.00 18345.00 16331.00 
17559.00 18351.00 16281.00 
17561.00 17573.00 17822.00 
17562.00 16893.00 18528.00 
17581.00 18291.00 16548.00 
17593.00 18339.00 16237.00 
17596.00 18328.00 16436.00 
17612.00 18302.00 16268.00 
17618.00 18282.00 16707.00 
17621.00 17546.00 17762.00 
17622.00 16906.00 18541.00 
17632.00 18298.00 16300.00 
17638.00 18296.00 16472.00 
17650.00 16847.00 18422.00 
17660.00 18342.00 16274.00 
17687.00 18185.00 16577.00 
17690.00 18186.00 16164.00 
17700.00 16850.00 18301.00 
17701.00 16766.00 18398.00 
17704.00 18179.00 16485.00 
17707.00 17638.00 17551.00 
17710.00 16846.00 18293.00 
17713.00 16783.00 18325.00 
17745.00 18225.00 16358.00 
17746.00 16795.00 18261.00 
17747.00 16899.00 18461.00 
17747.00 18168.00 16231.00 
17758.00 17630.00 17562.00 
17769.00 16955.00 18284.00 
17787.00 18189.00 16257.00 
17789.00 16858.00 18269.00 
17797.00 17026.00 18147.00 
17801.00 16653.00 18108.00 
17807.00 18194.00 16375.00 
17816.00 17015.00 18120.00 
17825.00 16875.00 18072.00 
17826.00 16876.00 18239.00 
17829.00 18083.00 16966.00 
17832.00 18064.00 16443.00 
17840.00 17354.00 17609.00 
17841.00 16809.00 18196.00 
17841.00 18058.00 16837.00 
17849.00 16989.00 18089.00 
17853.00 16787.00 18122.00 
17856.00 16901.00 18121.00 
17858.00 18110.00 16721.00 
17861.00 16889.00 18129.00 
17861.00 16955.00 18091.00 
17861.00 18134.00 16278.00 
17877.00 18055.00 16396.00 
17887.00 16930.00 18131.00 
17893.00 18074.00 16260.00 
17898.00 18108.00 16551.00 
17901.00 17540.00 17610.00 
17926.00 16758.00 18104.00 
17937.00 16776.00 18125.00 
17949.00 16857.00 18052.00 
17967.00 16809.00 17964.00 
17972.00 16986.00 18015.00 
17973.00 16813.00 18083.00 
17991.00 17927.00 16772.00 
17991.00 17941.00 16495.00 
18007.00 17895.00 16544.00 
18018.00 17456.00 17360.00 
18025.00 17909.00 16452.00 
18036.00 16926.00 17861.00 
18038.00 17185.00 17615.00 
18041.00 17485.00 17354.00 
18053.00 18158.00 16295.00 
18065.00 16812.00 17769.00 
18101.00 17734.00 16504.00 
18106.00 17259.00 17348.00 
18107.00 16810.00 17799.00 
18110.00 16852.00 17814.00 
18111.00 17760.00 16439.00 
18122.00 17794.00 16307.00 
18126.00 17334.00 17205.00 
18126.00 17757.00 16680.00 
18130.00 17046.00 17839.00 
18132.00 17167.00 17652.00 
18152.00 16867.00 17707.00 
18159.00 17699.00 16603.00 
18176.00 17635.00 16686.00 
18187.00 17637.00 16902.00 
18197.00 16983.00 17620.00 
18209.00 16945.00 17605.00 
18226.00 17596.00 16625.00 
18252.00 17043.00 17539.00 
18252.00 17572.00 16336.00 
18272.00 17567.00 16329.00 
18273.00 17003.00 17567.00 
18278.00 16918.00 17541.00 
18299.00 17194.00 17033.00 
18311.00 17059.00 17368.00 
18322.00 17061.00 17147.00 
18326.00 16852.00 17315.00 
18340.00 17584.00 16383.00 
18364.00 17065.00 17262.00 
18388.00 17085.00 17243.00 
18407.00 17212.00 17014.00 
18407.00 17362.00 16547.00 
18410.00 17376.00 16534.00 
18414.00 16867.00 17156.00 
18424.00 17138.00 17010.00 
18435.00 17026.00 17107.00 
18439.00 17029.00 16967.00 
18440.00 17027.00 16988.00 
18440.00 17219.00 16830.00 
18442.00 17126.00 16635.00 
18444.00 17449.00 16683.00 
18447.00 16944.00 16952.00 
18448.00 17172.00 16776.00 
18448.00 17285.00 16782.00 
18449.00 17033.00 16676.00 
18452.00 16922.00 16882.00 
18453.00 17094.00 16954.00 
18454.00 17042.00 16804.00 
18455.00 17114.00 16787.00 
18455.00 17120.00 16894.00 
18455.00 17173.00 16856.00 
18457.00 17264.00 16646.00 
18458.00 16811.00 16736.00 
18458.00 17083.00 17053.00 
18458.00 17255.00 16430.00 
18459.00 16952.00 16949.00 
18459.00 17051.00 16806.00 
18459.00 17113.00 16641.00 
18459.00 17271.00 16536.00 
18461.00 16912.00 16841.00 
18461.00 17198.00 16639.00 
18462.00 16878.00 16757.00 
18463.00 16999.00 16817.00 
18464.00 17087.00 16831.00 
18464.00 17118.00 16904.00 
18465.00 17238.00 16589.00 
18467.00 16877.00 16867.00 
18468.00 16849.00 16531.00 
18468.00 16916.00 16749.00 
18468.00 17067.00 17086.00 
18470.00 17256.00 16500.00 
18471.00 16986.00 16692.00 
18472.00 16960.00 16834.00 
18473.00 17033.00 16612.00 
18474.00 16909.00 16778.00 
18474.00 17258.00 16614.00 
18477.00 16989.00 16734.00 
18477.00 17042.00 16665.00 
18477.00 17181.00 16920.00 
18484.00 17047.00 16836.00 
18489.00 17183.00 16673.00 
18497.00 16926.00 16750.00 
18499.00 16885.00 16790.00 
18504.00 17049.00 16981.00 
18508.00 17175.00 16976.00 
18511.00 17038.00 16905.00 
18511.00 17117.00 16704.00 
18514.00 17150.00 16673.00 
18524.00 17012.00 16763.00 
18541.00 16979.00 16797.00 
18552.00 17049.00 16731.00 
15974.00 19021.00 16022.00 
15986.00 19051.00 16163.00 
15990.00 19027.00 15989.00 
16011.00 19023.00 16058.00 
16012.00 18848.00 16978.00 
16013.00 17593.00 18820.00 
16027.00 19037.00 16213.00 
16035.00 19028.00 16101.00 
16043.00 17016.00 19142.00 
16043.00 17462.00 18850.00 
16056.00 16845.00 19223.00 
16059.00 16777.00 19278.00 
16066.00 19038.00 16133.00 
16077.00 19016.00 16140.00 
16077.00 19087.00 16075.00 
16083.00 19027.00 16188.00 
16084.00 17146.00 19085.00 
16085.00 16850.00 19320.00 
16085.00 19037.00 16142.00 
16088.00 19042.00 16101.00 
16090.00 17600.00 18772.00 
16095.00 19030.00 16093.00 
16096.00 19074.00 16173.00 
16097.00 19047.00 16081.00 
16098.00 17048.00 19137.00 
16099.00 18819.00 16844.00 
16100.00 16377.00 19524.00 
16101.00 17451.00 18909.00 
16101.00 19079.00 16186.00 
16102.00 17339.00 18980.00 
16104.00 19022.00 16118.00 
16105.00 16499.00 19406.00 
16108.00 19062.00 16087.00 
16109.00 17512.00 18816.00 
16110.00 19041.00 16138.00 
16111.00 18997.00 16547.00 
16111.00 19074.00 16020.00 
16113.00 16266.00 19458.00 
16113.00 19045.00 16068.00 
16114.00 19013.00 16203.00 
16117.00 17087.00 19109.00 
16117.00 19022.00 16137.00 
16125.00 19015.00 15992.00 
16126.00 18087.00 18148.00 
16127.00 18989.00 16581.00 
16127.00 19065.00 16199.00 
16128.00 17698.00 18609.00 
16133.00 19013.00 16232.00 
16134.00 19045.00 16024.00 
16134.00 19048.00 16216.00 
16136.00 19023.00 16230.00 
16136.00 19085.00 16217.00 
16137.00 16184.00 19457.00 
16137.00 19039.00 16198.00 
16139.00 19013.00 16294.00 
16139.00 19076.00 16199.00 
16143.00 17524.00 18859.00 
16147.00 19051.00 16407.00 
16149.00 17975.00 18337.00 
16151.00 16068.00 19468.00 
16153.00 16227.00 19466.00 
16154.00 19043.00 16213.00 
16158.00 19046.00 16180.00 
16158.00 19047.00 16098.00 
16159.00 16322.00 19470.00 
16160.00 17997.00 18361.00 
16163.00 19016.00 16090.00 
16164.00 19044.00 16168.00 
16165.00 16297.00 19447.00 
16167.00 16283.00 19465.00 
16167.00 16455.00 19483.00 
16168.00 16305.00 19502.00 
16170.00 17711.00 18742.00 
16170.00 19016.00 16234.00 
16171.00 16306.00 19454.00 
16172.00 19040.00 16093.00 
16173.00 18127.00 18059.00 
16177.00 19017.00 16159.00 
16182.00 19039.00 16209.00 
16183.00 19034.00 16216.00 
16185.00 19045.00 16226.00 
16186.00 16127.00 19451.00 
16187.00 19024.00 16224.00 
16188.00 16108.00 19452.00 
16191.00 17384.00 18953.00 
16192.00 16204.00 19463.00 
16194.00 16318.00 19454.00 
16201.00 16424.00 19487.00 
16202.00 19007.00 16242.00 
16203.00 16608.00 19398.00 
16204.00 16230.00 19450.00 
16205.00 16260.00 19508.00 
16205.00 16315.00 19475.00 
16207.00 16842.00 19254.00 
16210.00 16306.00 19514.00 
16210.00 16550.00 19450.00 
16211.00 17653.00 18663.00 
16211.00 18367.00 17757.00 
16212.00 16231.00 19454.00 
16215.00 17438.00 18902.00 
16215.00 17571.00 18839.00 
16219.00 16403.00 19474.00 
16221.00 17859.00 18464.00 
16222.00 19013.00 16254.00 
16224.00 16278.00 19467.00 
16225.00 16371.00 19439.00 
16225.00 18995.00 16532.00 
16226.00 18817.00 17144.00 
16227.00 16219.00 19468.00 
16228.00 16176.00 19478.00 
16228.00 18391.00 17901.00 
16228.00 18929.00 16817.00 
16230.00 16188.00 19445.00 
16230.00 18116.00 18040.00 
16231.00 16326.00 19493.00 
16232.00 16249.00 19449.00 
16232.00 16276.00 19455.00 
16234.00 16267.00 19494.00 
16234.00 19067.00 16138.00 
16237.00 18174.00 18022.00 
16239.00 17226.00 18908.00 
16239.00 17601.00 18733.00 
16240.00 17144.00 19078.00 
16241.00 16291.00 19503.00 
16246.00 16555.00 19389.00 
16247.00 18329.00 17979.00 
16250.00 17295.00 18982.00 
16251.00 16274.00 19462.00 
16266.00 17924.00 18376.00 
16267.00 19031.00 16032.00 
16269.00 17894.00 18414.00 
16270.00 16371.00 19477.00 
16270.00 18415.00 17735.00 
16271.00 16249.00 19443.00 
16272.00 16292.00 19448.00 
16273.00 16972.00 19178.00 
16273.00 17138.00 19094.00 
16274.00 16161.00 19466.00 
16277.00 16222.00 19496.00 
16277.00 16362.00 19461.00 
16279.00 16877.00 19234.00 
16284.00 16317.00 19495.00 
16293.00 18959.00 16595.00 
16295.00 19014.00 16189.00 
16296.00 16362.00 19487.00 
16299.00 16246.00 19486.00 
16300.00 16539.00 19398.00 
16302.00 16223.00 19456.00 
16302.00 16359.00 19502.00 
16303.00 16216.00 19447.00 
16303.00 17608.00 18672.00 
16305.00 17180.00 19041.00 
16306.00 16383.00 19465.00 
16313.00 16289.00 19453.00 
16313.00 16347.00 19466.00 
16315.00 17223.00 18980.00 
16317.00 17389.00 18916.00 
16320.00 18528.00 17443.00 
16321.00 16428.00 19458.00 
16324.00 18471.00 17652.00 
16348.00 16313.00 19447.00 
16349.00 17621.00 18701.00 
16353.00 18855.00 16831.00 
16356.00 18882.00 16781.00 
16363.00 16452.00 19405.00 
16365.00 16208.00 19478.00 
16367.00 18320.00 17846.00 
16371.00 18980.00 16130.00 
16372.00 18102.00 18210.00 
16374.00 18859.00 16941.00 
16376.00 18971.00 16049.00 
16378.00 18535.00 17304.00 
16387.00 17698.00 18695.00 
16389.00 16317.00 19490.00 
16403.00 16879.00 19217.00 
16410.00 17853.00 18445.00 
16414.00 16433.00 19452.00 
16414.00 18087.00 18144.00 
16414.00 18979.00 16091.00 
16419.00 17660.00 18622.00 
16423.00 17899.00 18490.00 
16431.00 18773.00 16917.00 
16433.00 18025.00 18378.00 
16434.00 18374.00 17743.00 
16435.00 18382.00 17757.00 
16442.00 17709.00 18644.00 
16443.00 16282.00 19438.00 
16451.00 16391.00 19433.00 
16451.00 18287.00 17822.00 
16458.00 18229.00 17975.00 
16466.00 17915.00 18325.00 
16468.00 17892.00 18336.00 
16470.00 18638.00 17235.00 
16488.00 18688.00 17187.00 
16496.00 18959.00 16219.00 
16502.00 18078.00 18265.00 
16505.00 18336.00 17773.00 
16510.00 18182.00 18024.00 
16516.00 16966.00 19142.00 
16542.00 18581.00 17168.00 
16548.00 18099.00 18217.00 
16550.00 17607.00 18599.00 
16554.00 17552.00 18633.00 
16574.00 18527.00 17509.00 
16578.00 16418.00 19354.00 
16583.00 16137.00 19405.00 
16585.00 17243.00 19005.00 
16593.00 18558.00 17391.00 
16595.00 18956.00 16137.00 
16641.00 18917.00 16109.00 
16654.00 18950.00 16078.00 
16667.00 18448.00 17502.00 
16686.00 16127.00 19240.00 
16697.00 18135.00 18009.00 
16722.00 18870.00 16049.00 
16736.00 16487.00 19236.00 
16752.00 18375.00 17418.00 
16760.00 18593.00 17243.00 
16763.00 17653.00 18589.00 
16767.00 16423.00 19209.00 
16777.00 16450.00 19170.00 
16821.00 17986.00 17885.00 
16821.00 18844.00 16097.00 
16831.00 16399.00 19152.00 
16848.00 16403.00 19137.00 
16856.00 17694.00 18330.00 
16857.00 18846.00 16192.00 
16867.00 17025.00 18830.00 
16909.00 17583.00 18526.00 
16915.00 17624.00 18251.00 
16918.00 16570.00 19046.00 
16930.00 18011.00 18041.00 
16932.00 18801.00 16435.00 
16940.00 17142.00 18839.00 
16943.00 17227.00 18652.00 
16960.00 16279.00 19118.00 
16985.00 18727.00 16192.00 
17018.00 17268.00 18638.00 
17031.00 16481.00 19021.00 
17031.00 18329.00 17306.00 
17037.00 18295.00 17440.00 
17082.00 16412.00 19021.00 
17133.00 16401.00 19006.00 
17167.00 18040.00 17564.00 
17174.00 16465.00 18967.00 
17189.00 17646.00 18283.00 
17206.00 17150.00 18429.00 
17207.00 16406.00 18938.00 
17211.00 18642.00 16182.00 
17214.00 18116.00 17595.00 
17244.00 16557.00 18866.00 
17244.00 18651.00 16090.00 
17259.00 16515.00 18860.00 
17264.00 18630.00 16336.00 
17271.00 16502.00 18848.00 
17280.00 17710.00 18053.00 
17283.00 18580.00 16090.00 
17284.00 16537.00 18841.00 
17304.00 18639.00 16436.00 
17342.00 18588.00 16280.00 
17343.00 18641.00 16447.00 
17347.00 16445.00 18805.00 
17349.00 16578.00 18751.00 
17357.00 18579.00 16211.00 
17366.00 17294.00 18480.00 
17366.00 18549.00 16487.00 
17389.00 17891.00 17570.00 
17393.00 16555.00 18755.00 
17402.00 17379.00 18115.00 
17412.00 16394.00 18743.00 
17432.00 16460.00 18750.00 
17440.00 16497.00 18744.00 
17455.00 17950.00 17626.00 
17455.00 18317.00 16798.00 
17476.00 16570.00 18695.00 
17478.00 16605.00 18681.00 
17485.00 16558.00 18725.00 
17487.00 18516.00 16409.00 
17493.00 18361.00 16788.00 
17508.00 16776.00 18507.00 
17519.00 16603.00 18632.00 
17522.00 17431.00 18080.00 
17530.00 18514.00 16201.00 
17534.00 18359.00 16705.00 
17566.00 18516.00 16382.00 
17576.00 18390.00 16341.00 
17594.00 18443.00 16405.00 
17605.00 16447.00 18569.00 
17605.00 18238.00 16830.00 
17613.00 17397.00 18028.00 
17615.00 16718.00 18542.00 
17620.00 16573.00 18504.00 
17623.00 16551.00 18504.00 
17624.00 16522.00 18491.00 
17625.00 16817.00 18607.00 
17625.00 17901.00 17145.00 
17637.00 18400.00 16066.00 
17647.00 16936.00 18378.00 
17650.00 16677.00 18384.00 
17663.00 18292.00 16737.00 
17665.00 17462.00 17936.00 
17672.00 18419.00 16393.00 
17673.00 16782.00 18468.00 
17674.00 16587.00 18390.00 
17674.00 16688.00 18387.00 
17679.00 18380.00 16169.00 
17680.00 16629.00 18484.00 
17682.00 16894.00 18360.00 
17686.00 16302.00 18441.00 
17690.00 18345.00 16543.00 
17703.00 18298.00 16275.00 
17714.00 16503.00 18416.00 
17722.00 16791.00 18321.00 
17725.00 18359.00 16297.00 
17728.00 16840.00 18363.00 
17742.00 17202.00 17939.00 
17746.00 18352.00 16654.00 
17748.00 17245.00 18010.00 
17755.00 16547.00 18323.00 
17763.00 17754.00 17239.00 
17763.00 18247.00 16439.00 
17768.00 16738.00 18276.00 
17771.00 16767.00 18308.00 
17772.00 18277.00 16189.00 
17786.00 16592.00 18282.00 
17789.00 18278.00 16342.00 
17791.00 16718.00 18396.00 
17811.00 17932.00 17169.00 
17830.00 18270.00 16404.00 
17870.00 16769.00 18131.00 
17886.00 16697.00 18249.00 
17891.00 16604.00 18173.00 
17901.00 18171.00 16272.00 
17917.00 16646.00 18143.00 
17922.00 16752.00 18154.00 
17924.00 17269.00 17889.00 
17931.00 18110.00 16292.00 
17955.00 17907.00 16765.00 
17969.00 18159.00 16298.00 
17975.00 16670.00 18110.00 
17982.00 17761.00 17236.00 
17983.00 17244.00 17822.00 
18032.00 16899.00 17954.00 
18052.00 18031.00 16142.00 
18062.00 18139.00 16308.00 
18065.00 16727.00 17953.00 
18069.00 16954.00 17803.00 
18072.00 17094.00 17828.00 
18074.00 18091.00 16346.00 
18077.00 18027.00 16426.00 
18078.00 17913.00 16379.00 
18085.00 16785.00 17934.00 
18103.00 17975.00 16539.00 
18133.00 17869.00 16710.00 
18165.00 17873.00 16410.00 
18176.00 17923.00 16612.00 
18177.00 17737.00 16887.00 
18184.00 17769.00 16711.00 
18185.00 17090.00 17546.00 
18185.00 17916.00 16391.00 
18189.00 16801.00 17912.00 
18193.00 16709.00 17767.00 
18198.00 16696.00 17778.00 
18207.00 16775.00 17818.00 
18213.00 17238.00 17553.00 
18224.00 17917.00 16387.00 
18227.00 16632.00 17673.00 
18268.00 16905.00 17690.00 
18273.00 17880.00 16366.00 
18276.00 17773.00 16636.00 
18276.00 17805.00 16329.00 
18279.00 17814.00 16113.00 
18281.00 17692.00 16523.00 
18289.00 17817.00 16293.00 
18297.00 16628.00 17625.00 
18305.00 17868.00 16313.00 
18315.00 16830.00 17547.00 
18317.00 16921.00 17610.00 
18326.00 17711.00 16454.00 
18332.00 17706.00 16435.00 
18353.00 16912.00 17581.00 
18362.00 16896.00 17596.00 
18362.00 16924.00 17469.00 
18380.00 17088.00 17381.00 
18380.00 17653.00 16475.00 
18393.00 16741.00 17439.00 
18401.00 17689.00 16400.00 
18408.00 17511.00 16739.00 
18410.00 16864.00 17458.00 
18423.00 17540.00 16511.00 
18465.00 16986.00 17333.00 
18492.00 17398.00 16755.00 
18493.00 17434.00 16373.00 
18505.00 17376.00 16568.00 
18516.00 17379.00 16364.00 
18528.00 16737.00 17407.00 
18548.00 16810.00 17235.00 
18550.00 16778.00 17253.00 
18553.00 16825.00 17264.00 
18558.00 16791.00 17134.00 
18563.00 16958.00 17197.00 
18591.00 16813.00 17178.00 
18632.00 16910.00 17137.00 
18645.00 17227.00 16369.00 
18684.00 16867.00 16900.00 
18689.00 16888.00 17130.00 
18697.00 16690.00 16900.00 
18699.00 16758.00 16889.00 
18702.00 16742.00 16909.00 
18702.00 17035.00 16594.00 
18703.00 16820.00 16981.00 
18710.00 17059.00 16565.00 
18725.00 16817.00 16869.00 
18728.00 17040.00 16656.00 
18734.00 16738.00 16850.00 
18735.00 16634.00 16786.00 
18740.00 16885.00 16632.00 
18743.00 16793.00 16560.00 
18743.00 16840.00 16793.00 
18744.00 16672.00 16578.00 
18745.00 16734.00 16493.00 
18745.00 16739.00 16595.00 
18746.00 16796.00 16684.00 
18748.00 16714.00 16590.00 
18751.00 16614.00 16648.00 
18751.00 16649.00 16683.00 
18751.00 16670.00 16750.00 
18753.00 16854.00 16552.00 
18754.00 16639.00 16619.00 
18754.00 16755.00 16669.00 
18757.00 16674.00 16461.00 
18759.00 16787.00 16749.00 
18761.00 16699.00 16504.00 
18764.00 16589.00 16647.00 
18764.00 16667.00 16577.00 
18764.00 16715.00 16459.00 
18765.00 16677.00 16698.00 
18765.00 16725.00 16710.00 
18766.00 16686.00 16699.00 
18766.00 16710.00 16477.00 
18767.00 16805.00 16662.00 
18768.00 16815.00 16463.00 
18772.00 16642.00 16558.00 
18772.00 16796.00 16711.00 
18776.00 16678.00 16541.00 
18778.00 16738.00 16738.00 
18780.00 16749.00 16576.00 
18781.00 16640.00 16590.00 
18782.00 16667.00 16708.00 
18782.00 16764.00 16474.00 
18784.00 16871.00 16764.00 
18786.00 16855.00 16781.00 
18787.00 16836.00 16576.00 
18789.00 16745.00 16576.00 
18791.00 16705.00 16607.00 
18792.00 16765.00 16785.00 
18799.00 16799.00 16579.00 
18799.00 16819.00 16580.00 
18801.00 16621.00 16438.00 
18803.00 16736.00 16621.00 
18816.00 16731.00 16555.00 
18824.00 16703.00 16504.00 
15546.00 19234.00 16240.00 
15572.00 19227.00 16127.00 
15644.00 19228.00 16107.00 
15666.00 19262.00 16041.00 
15681.00 19227.00 16113.00 
15692.00 19216.00 16127.00 
15699.00 19320.00 16201.00 
15714.00 19263.00 16130.00 
15720.00 19297.00 16218.00 
15723.00 19225.00 16186.00 
15726.00 18563.00 17661.00 
15730.00 18866.00 17250.00 
15738.00 19216.00 16083.00 
15739.00 19214.00 16058.00 
15757.00 19075.00 16707.00 
15759.00 19259.00 16207.00 
15769.00 19265.00 16158.00 
15770.00 19225.00 16071.00 
15777.00 19201.00 16548.00 
15777.00 19248.00 16252.00 
15779.00 19233.00 16371.00 
15798.00 19215.00 16201.00 
15799.00 19250.00 16176.00 
15802.00 19290.00 16247.00 
15804.00 18957.00 17072.00 
15805.00 19007.00 16800.00 
15805.00 19214.00 16282.00 
15812.00 19219.00 16154.00 
15812.00 19255.00 16146.00 
15813.00 19270.00 16306.00 
15819.00 18629.00 17581.00 
15819.00 19280.00 16223.00 
15821.00 19245.00 16249.00 
15825.00 19243.00 16233.00 
15827.00 19237.00 16267.00 
15828.00 19271.00 16330.00 
15842.00 19165.00 16475.00 
15844.00 19237.00 16221.00 
15854.00 19239.00 16202.00 
15855.00 19257.00 16288.00 
15857.00 19211.00 16215.00 
15865.00 18634.00 17632.00 
15870.00 19223.00 16252.00 
15871.00 18720.00 17553.00 
15873.00 19224.00 16297.00 
15875.00 19053.00 16695.00 
15876.00 19044.00 16694.00 
15878.00 19247.00 16255.00 
15884.00 19225.00 16181.00 
15890.00 19239.00 16267.00 
15903.00 19221.00 16261.00 
15909.00 17619.00 18652.00 
15911.00 19063.00 16784.00 
15912.00 19226.00 16285.00 
15913.00 19210.00 16231.00 
15932.00 17631.00 18767.00 
15936.00 19237.00 16150.00 
15951.00 18789.00 17311.00 
15952.00 19212.00 16243.00 
15956.00 19028.00 16801.00 
15961.00 18176.00 18184.00 
15975.00 19227.00 16319.00 
15977.00 19244.00 16226.00 
15994.00 18601.00 17732.00 
15999.00 19219.00 16247.00 
16000.00 18618.00 17603.00 
16000.00 18763.00 17236.00 
16012.00 19224.00 16155.00 
16015.00 18341.00 17944.00 
16019.00 17370.00 18822.00 
16020.00 18086.00 18269.00 
16026.00 18578.00 17567.00 
16027.00 19239.00 16288.00 
16039.00 18810.00 17284.00 
16047.00 16716.00 19285.00 
16048.00 18527.00 17929.00 
16059.00 18107.00 18263.00 
16072.00 16688.00 19281.00 
16076.00 19243.00 16249.00 
16077.00 19206.00 16301.00 
16082.00 18677.00 17584.00 
16086.00 18180.00 18199.00 
16097.00 18229.00 18182.00 
16098.00 17528.00 18906.00 
16103.00 18101.00 18311.00 
16104.00 18563.00 17693.00 
16108.00 18413.00 17990.00 
16114.00 17468.00 18959.00 
16117.00 16982.00 19176.00 
16124.00 16513.00 19275.00 
16128.00 18353.00 18105.00 
16130.00 17643.00 18724.00 
16131.00 18477.00 17899.00 
16136.00 17902.00 18523.00 
16155.00 18193.00 18237.00 
16158.00 18896.00 17167.00 
16162.00 18390.00 17992.00 
16166.00 16501.00 19303.00 
16170.00 16291.00 19290.00 
16170.00 18141.00 18295.00 
16171.00 16514.00 19303.00 
16173.00 19183.00 16124.00 
16177.00 16353.00 19257.00 
16177.00 16402.00 19348.00 
16178.00 16997.00 19161.00 
16181.00 17003.00 19167.00 
16184.00 19201.00 16115.00 
16190.00 17440.00 18949.00 
16193.00 16533.00 19302.00 
16193.00 16848.00 19243.00 
16199.00 17686.00 18712.00 
16206.00 16552.00 19255.00 
16207.00 16554.00 19253.00 
16210.00 16465.00 19280.00 
16210.00 16578.00 19253.00 
16215.00 17485.00 18917.00 
16218.00 17699.00 18712.00 
16221.00 16479.00 19309.00 
16221.00 18406.00 18020.00 
16222.00 16480.00 19259.00 
16222.00 17634.00 18799.00 
16223.00 16395.00 19285.00 
16227.00 18576.00 17837.00 
16229.00 16463.00 19338.00 
16234.00 17061.00 19173.00 
16236.00 16640.00 19296.00 
16238.00 17920.00 18481.00 
16240.00 16438.00 19269.00 
16240.00 16680.00 19294.00 
16243.00 16486.00 19307.00 
16243.00 17617.00 18911.00 
16246.00 16488.00 19276.00 
16248.00 16410.00 19271.00 
16253.00 17248.00 19072.00 
16259.00 19134.00 16166.00 
16261.00 17872.00 18542.00 
16265.00 16677.00 19324.00 
16266.00 16809.00 19284.00 
16268.00 16732.00 19296.00 
16269.00 16629.00 19366.00 
16269.00 17736.00 18679.00 
16275.00 16498.00 19265.00 
16275.00 16501.00 19275.00 
16276.00 17386.00 18967.00 
16278.00 17801.00 18624.00 
16282.00 17835.00 18570.00 
16284.00 16537.00 19284.00 
16293.00 17349.00 18978.00 
16295.00 16704.00 19315.00 
16299.00 16408.00 19271.00 
16301.00 16826.00 19267.00 
16302.00 17326.00 18996.00 
16302.00 18155.00 18176.00 
16302.00 18209.00 18130.00 
16306.00 16696.00 19338.00 
16312.00 17938.00 18457.00 
16320.00 16701.00 19262.00 
16324.00 17223.00 19128.00 
16331.00 17257.00 19017.00 
16337.00 19157.00 16044.00 
16339.00 17300.00 19070.00 
16340.00 16409.00 19263.00 
16344.00 16655.00 19262.00 
16344.00 17979.00 18472.00 
16346.00 16671.00 19264.00 
16352.00 16579.00 19260.00 
16356.00 18471.00 17955.00 
16361.00 18362.00 17915.00 
16362.00 16594.00 19267.00 
16362.00 18359.00 17826.00 
16367.00 17562.00 18925.00 
16368.00 17817.00 18612.00 
16375.00 19103.00 16057.00 
16382.00 16693.00 19306.00 
16383.00 16547.00 19277.00 
16383.00 16593.00 19253.00 
16388.00 17644.00 18729.00 
16392.00 16454.00 19306.00 
16395.00 16595.00 19259.00 
16395.00 17549.00 18829.00 
16400.00 16692.00 19266.00 
16402.00 18344.00 17960.00 
16409.00 16701.00 19318.00 
16410.00 16681.00 19253.00 
16411.00 17309.00 18990.00 
16411.00 19065.00 16228.00 
16420.00 17891.00 18512.00 
16421.00 16573.00 19258.00 
16422.00 17209.00 19121.00 
16423.00 17823.00 18559.00 
16431.00 16652.00 19251.00 
16431.00 18369.00 17956.00 
16437.00 16749.00 19258.00 
16459.00 18816.00 16945.00 
16459.00 19063.00 16068.00 
16460.00 18837.00 16974.00 
16466.00 16853.00 19248.00 
16470.00 16719.00 19267.00 
16484.00 16516.00 19245.00 
16504.00 17900.00 18479.00 
16506.00 16555.00 19186.00 
16507.00 16710.00 19219.00 
16511.00 16801.00 19239.00 
16515.00 19010.00 16369.00 
16523.00 17899.00 18484.00 
16562.00 17563.00 18862.00 
16569.00 18988.00 16168.00 
16589.00 16282.00 19116.00 
16597.00 16697.00 19220.00 
16606.00 18594.00 17157.00 
16629.00 18603.00 17288.00 
16656.00 16677.00 19196.00 
16674.00 18913.00 16542.00 
16675.00 17281.00 18851.00 
16676.00 16385.00 19015.00 
16681.00 16799.00 19173.00 
16703.00 17940.00 18213.00 
16706.00 18291.00 17738.00 
16706.00 18949.00 16245.00 
16713.00 17921.00 18293.00 
16738.00 18252.00 17739.00 
16740.00 17388.00 18673.00 
16742.00 18915.00 16184.00 
16814.00 18932.00 16128.00 
16820.00 16817.00 19018.00 
16821.00 17431.00 18611.00 
16847.00 18885.00 16226.00 
16849.00 18856.00 16229.00 
16888.00 16682.00 18998.00 
16890.00 18885.00 16063.00 
16904.00 18839.00 16260.00 
16907.00 18508.00 17123.00 
16923.00 18809.00 16383.00 
16928.00 18847.00 16089.00 
16932.00 16530.00 18991.00 
16933.00 18879.00 16316.00 
16936.00 16694.00 19015.00 
16952.00 16718.00 18957.00 
16977.00 17564.00 18419.00 
16980.00 16660.00 18938.00 
16999.00 18773.00 16455.00 
17008.00 18249.00 17384.00 
17020.00 18812.00 16318.00 
17022.00 18461.00 17048.00 
17034.00 16729.00 18909.00 
17041.00 18215.00 17505.00 
17047.00 16799.00 18944.00 
17067.00 18742.00 16339.00 
17072.00 17633.00 18215.00 
17074.00 16748.00 18891.00 
17075.00 16849.00 18907.00 
17084.00 17796.00 18204.00 
17086.00 17892.00 18003.00 
17127.00 18738.00 16230.00 
17129.00 16732.00 18847.00 
17161.00 18767.00 16236.00 
17174.00 17467.00 18308.00 
17182.00 16710.00 18835.00 
17192.00 17754.00 17857.00 
17216.00 17409.00 18388.00 
17217.00 17897.00 18043.00 
17228.00 16716.00 18771.00 
17244.00 16805.00 18769.00 
17255.00 18686.00 16276.00 
17256.00 18044.00 17529.00 
17287.00 18687.00 16078.00 
17290.00 18531.00 16429.00 
17309.00 16645.00 18712.00 
17316.00 16838.00 18699.00 
17316.00 18646.00 16301.00 
17322.00 16752.00 18639.00 
17344.00 16864.00 18665.00 
17374.00 18538.00 16121.00 
17386.00 18133.00 17365.00 
17386.00 18541.00 16169.00 
17432.00 17136.00 18498.00 
17433.00 18513.00 16430.00 
17440.00 16709.00 18676.00 
17453.00 16640.00 18623.00 
17460.00 16660.00 18575.00 
17469.00 17225.00 18370.00 
17480.00 18443.00 16370.00 
17496.00 18468.00 16430.00 
17500.00 17667.00 18050.00 
17548.00 16606.00 18547.00 
17558.00 16852.00 18525.00 
17590.00 16807.00 18513.00 
17591.00 16994.00 18210.00 
17593.00 16773.00 18433.00 
17593.00 18424.00 16306.00 
17593.00 18434.00 16408.00 
17594.00 18477.00 16489.00 
17607.00 18160.00 17062.00 
17608.00 16824.00 18564.00 
17611.00 17669.00 17726.00 
17613.00 18377.00 16287.00 
17617.00 18088.00 17191.00 
17622.00 16741.00 18448.00 
17622.00 16748.00 18420.00 
17628.00 16884.00 18364.00 
17628.00 18409.00 16274.00 
17684.00 17482.00 17569.00 
17686.00 18421.00 16593.00 
17689.00 16696.00 18376.00 
17693.00 18317.00 16407.00 
17698.00 18341.00 16308.00 
17701.00 18329.00 16223.00 
17707.00 17004.00 18276.00 
17709.00 17955.00 17078.00 
17712.00 17380.00 17773.00 
17724.00 18225.00 16646.00 
17730.00 16867.00 18241.00 
17740.00 16827.00 18343.00 
17753.00 16739.00 18240.00 
17754.00 16721.00 18252.00 
17755.00 18207.00 16509.00 
17760.00 17384.00 17772.00 
17777.00 16759.00 18333.00 
17779.00 18258.00 16342.00 
17792.00 18253.00 16410.00 
17803.00 18229.00 16375.00 
17803.00 18275.00 16594.00 
17810.00 16581.00 18153.00 
17825.00 18275.00 16314.00 
17843.00 18220.00 16503.00 
17847.00 16681.00 18094.00 
17848.00 16787.00 18141.00 
17853.00 16616.00 18102.00 
17858.00 16856.00 18069.00 
17861.00 16683.00 18149.00 
17863.00 16817.00 18060.00 
17863.00 18137.00 16618.00 
17869.00 16766.00 18122.00 
17876.00 18236.00 16694.00 
17879.00 18161.00 16498.00 
17880.00 16815.00 18177.00 
17882.00 18047.00 16961.00 
17883.00 16801.00 18300.00 
17885.00 16833.00 18053.00 
17891.00 16968.00 18162.00 
17892.00 17412.00 17459.00 
17898.00 18044.00 16400.00 
17899.00 18078.00 16856.00 
17900.00 18110.00 16579.00 
17902.00 16962.00 18039.00 
17907.00 16953.00 18039.00 
17909.00 16724.00 18086.00 
17930.00 18188.00 16273.00 
17950.00 16913.00 18103.00 
17970.00 18154.00 16509.00 
17981.00 17958.00 16787.00 
17984.00 17969.00 16415.00 
18004.00 17479.00 17491.00 
18005.00 16835.00 17927.00 
18007.00 17987.00 16606.00 
18023.00 16657.00 18035.00 
18036.00 17911.00 16633.00 
18043.00 16910.00 17858.00 
18053.00 16709.00 17932.00 
18059.00 17425.00 17419.00 
18064.00 17371.00 17384.00 
18076.00 17939.00 16786.00 
18079.00 17961.00 16208.00 
18082.00 17153.00 17655.00 
18124.00 17191.00 17704.00 
18153.00 17786.00 16583.00 
18154.00 16925.00 17707.00 
18162.00 17733.00 16405.00 
18169.00 16820.00 17705.00 
18187.00 17786.00 16733.00 
18197.00 17782.00 16742.00 
18219.00 17733.00 16743.00 
18232.00 16931.00 17733.00 
18242.00 17041.00 17667.00 
18244.00 17640.00 16523.00 
18245.00 16941.00 17584.00 
18276.00 17550.00 16751.00 
18282.00 17606.00 16780.00 
18297.00 16768.00 17651.00 
18297.00 17199.00 17295.00 
18300.00 17731.00 16721.00 
18304.00 17123.00 17472.00 
18311.00 16991.00 17695.00 
18320.00 17585.00 16945.00 
18328.00 16894.00 17599.00 
18337.00 17565.00 16693.00 
18356.00 17507.00 16725.00 
18358.00 17487.00 16689.00 
18409.00 16897.00 17492.00 
18409.00 17339.00 16925.00 
18437.00 16921.00 17488.00 
18444.00 17264.00 16784.00 
18471.00 17051.00 17074.00 
18483.00 16837.00 17405.00 
18493.00 16928.00 17333.00 
18498.00 16892.00 17376.00 
18500.00 16946.00 17387.00 
18531.00 17102.00 17155.00 
18536.00 16880.00 17302.00 
18548.00 17199.00 16881.00 
18555.00 17133.00 16985.00 
18556.00 16902.00 17338.00 
18575.00 16823.00 17147.00 
18576.00 17090.00 16893.00 
18582.00 16966.00 17180.00 
18582.00 17024.00 16732.00 
18583.00 16968.00 17017.00 
18587.00 16886.00 16902.00 
18587.00 17023.00 17124.00 
18589.00 16719.00 16902.00 
18590.00 16789.00 17258.00 
18590.00 16989.00 16892.00 
18591.00 16834.00 16897.00 
18595.00 17040.00 17075.00 
18596.00 16998.00 16961.00 
18597.00 16698.00 17042.00 
18598.00 16999.00 17034.00 
18598.00 17013.00 16912.00 
18598.00 17028.00 17032.00 
18599.00 16677.00 16999.00 
18605.00 16781.00 16835.00 
18606.00 16736.00 17043.00 
18609.00 16865.00 17080.00 
18610.00 16798.00 16849.00 
18611.00 16905.00 16878.00 
18613.00 16811.00 17073.00 
18614.00 16709.00 16838.00 
18615.00 16936.00 17120.00 
18616.00 16836.00 17045.00 
18618.00 16814.00 17053.00 
18619.00 16766.00 16803.00 
18620.00 16791.00 17035.00 
18621.00 16737.00 16957.00 
18624.00 16587.00 16691.00 
18627.00 16766.00 16783.00 
18631.00 16716.00 17023.00 
18632.00 16866.00 17005.00 
18634.00 16577.00 17001.00 
18644.00 16544.00 16901.00 
18644.00 16560.00 16885.00 
18646.00 16755.00 17099.00 
18648.00 16694.00 16915.00 
18651.00 16808.00 17021.00 
18652.00 16572.00 16847.00 
18658.00 16760.00 16970.00 
18661.00 16716.00 17063.00 
18667.00 16528.00 16966.00 
18672.00 16469.00 16830.00 
18673.00 16569.00 16984.00 
18674.00 16662.00 16982.00 
18675.00 16862.00 16965.00 
18677.00 16743.00 16931.00 
18682.00 16535.00 16915.00 
18687.00 16827.00 17001.00 
18690.00 16547.00 16877.00 
18691.00 16755.00 17041.00 
18712.00 16611.00 17029.00 
18715.00 16792.00 16943.00 
18718.00 16694.00 17011.00 
18719.00 16810.00 17009.00 
18738.00 16782.00 16930.00 
18766.00 16720.00 16809.00 
15613.00 19134.00 16070.00 
15637.00 19108.00 16102.00 
15658.00 19106.00 16037.00 
15684.00 19167.00 16085.00 
15689.00 18923.00 16933.00 
15693.00 18933.00 16815.00 
15724.00 19119.00 16162.00 
15733.00 19135.00 16091.00 
15734.00 19162.00 16026.00 
15735.00 19204.00 16053.00 
15746.00 19103.00 16160.00 
15751.00 19074.00 16291.00 
15756.00 19126.00 16180.00 
15759.00 19126.00 16188.00 
15761.00 19167.00 16070.00 
15762.00 19112.00 16159.00 
15763.00 19127.00 16107.00 
15763.00 19167.00 16132.00 
15767.00 19132.00 16147.00 
15768.00 19058.00 16426.00 
15773.00 19135.00 16345.00 
15774.00 19114.00 16091.00 
15776.00 19128.00 16098.00 
15780.00 19135.00 16082.00 
15780.00 19146.00 16115.00 
15782.00 19136.00 16096.00 
15784.00 19115.00 16181.00 
15785.00 19111.00 16147.00 
15785.00 19145.00 16122.00 
15788.00 19159.00 16091.00 
15793.00 19112.00 15960.00 
15794.00 19109.00 16052.00 
15796.00 18765.00 17222.00 
15796.00 19153.00 16112.00 
15799.00 17682.00 18693.00 
15800.00 19127.00 15842.00 
15804.00 19168.00 16194.00 
15810.00 19116.00 16049.00 
15811.00 19102.00 15986.00 
15826.00 16926.00 19048.00 
15828.00 19114.00 15951.00 
15831.00 17325.00 18976.00 
15833.00 19116.00 16186.00 
15837.00 18984.00 16897.00 
15837.00 18990.00 16664.00 
15840.00 17519.00 18772.00 
15846.00 19115.00 16017.00 
15849.00 18897.00 16808.00 
15853.00 19110.00 16094.00 
15853.00 19153.00 16221.00 
15856.00 19129.00 16134.00 
15857.00 19105.00 16247.00 
15857.00 19120.00 16220.00 
15861.00 19121.00 16253.00 
15875.00 17558.00 18713.00 
15876.00 18647.00 17404.00 
15883.00 16620.00 19321.00 
15889.00 19101.00 15956.00 
15895.00 17512.00 18791.00 
15897.00 18964.00 16792.00 
15911.00 16497.00 19350.00 
15915.00 18772.00 17122.00 
15919.00 19155.00 16078.00 
15920.00 17119.00 18988.00 
15923.00 18966.00 16687.00 
15930.00 18480.00 17764.00 
15932.00 18525.00 17660.00 
15933.00 17811.00 18563.00 
15934.00 16304.00 19409.00 
15936.00 17809.00 18541.00 
15941.00 17033.00 19083.00 
15942.00 17576.00 18710.00 
15945.00 17335.00 18846.00 
15947.00 18037.00 18271.00 
15949.00 18460.00 17720.00 
15953.00 16257.00 19342.00 
15957.00 19119.00 16021.00 
15959.00 18657.00 17480.00 
15960.00 18846.00 16892.00 
15963.00 17695.00 18642.00 
15968.00 16272.00 19298.00 
15974.00 18704.00 17334.00 
15982.00 16198.00 19401.00 
15989.00 16204.00 19363.00 
15994.00 18835.00 16954.00 
15996.00 18253.00 18112.00 
16004.00 17745.00 18713.00 
16010.00 18669.00 17008.00 
16015.00 16362.00 19318.00 
16015.00 18448.00 17764.00 
16018.00 18222.00 18171.00 
16025.00 18116.00 18360.00 
16026.00 19096.00 16147.00 
16030.00 17840.00 18550.00 
16034.00 18501.00 17632.00 
16035.00 16592.00 19297.00 
16037.00 16208.00 19337.00 
16037.00 18044.00 18333.00 
16040.00 18690.00 17416.00 
16047.00 16777.00 19209.00 
16048.00 17186.00 18931.00 
16050.00 18657.00 17497.00 
16052.00 16847.00 19166.00 
16060.00 16159.00 19507.00 
16063.00 17973.00 18339.00 
16065.00 17473.00 18816.00 
16065.00 18964.00 16831.00 
16070.00 16267.00 19465.00 
16079.00 16255.00 19340.00 
16084.00 16327.00 19315.00 
16084.00 18486.00 17768.00 
16088.00 17966.00 18446.00 
16092.00 16616.00 19263.00 
16093.00 16251.00 19299.00 
16093.00 16295.00 19316.00 
16094.00 19119.00 15944.00 
16096.00 16247.00 19330.00 
16100.00 17133.00 19009.00 
16101.00 16284.00 19296.00 
16105.00 16244.00 19330.00 
16109.00 18136.00 18257.00 
16115.00 18488.00 17889.00 
16117.00 16458.00 19313.00 
16119.00 18556.00 17630.00 
16121.00 18269.00 18048.00 
16126.00 17535.00 18759.00 
16131.00 16177.00 19341.00 
16136.00 16238.00 19358.00 
16141.00 17801.00 18589.00 
16143.00 16255.00 19382.00 
16143.00 16506.00 19335.00 
16143.00 17828.00 18559.00 
16149.00 16643.00 19246.00 
16153.00 17008.00 19054.00 
16154.00 16190.00 19390.00 
16156.00 16357.00 19512.00 
16157.00 16238.00 19319.00 
16159.00 16088.00 19324.00 
16159.00 17301.00 18957.00 
16164.00 16321.00 19353.00 
16164.00 18539.00 17668.00 
16166.00 17719.00 18636.00 
16168.00 16199.00 19315.00 
16169.00 16200.00 19316.00 
16169.00 16211.00 19336.00 
16170.00 18117.00 18280.00 
16170.00 18247.00 18016.00 
16172.00 18241.00 18085.00 
16173.00 16115.00 19300.00 
16175.00 18301.00 18185.00 
16179.00 17764.00 18583.00 
16180.00 18289.00 18081.00 
16181.00 19070.00 15957.00 
16183.00 16326.00 19330.00 
16188.00 18025.00 18264.00 
16191.00 16176.00 19293.00 
16193.00 17233.00 18702.00 
16195.00 16409.00 19311.00 
16195.00 17330.00 18961.00 
16202.00 18281.00 17989.00 
16203.00 17562.00 18738.00 
16206.00 16319.00 19305.00 
16207.00 16234.00 19311.00 
16218.00 18014.00 18311.00 
16233.00 16384.00 19371.00 
16233.00 16535.00 19272.00 
16234.00 17721.00 18606.00 
16241.00 16512.00 19282.00 
16246.00 16311.00 19304.00 
16252.00 16313.00 19293.00 
16253.00 16304.00 19335.00 
16255.00 16151.00 19347.00 
16257.00 16132.00 19293.00 
16268.00 16159.00 19312.00 
16272.00 19030.00 16107.00 
16281.00 19012.00 16123.00 
16287.00 16858.00 19176.00 
16288.00 17781.00 18539.00 
16288.00 17896.00 18383.00 
16293.00 16299.00 19307.00 
16297.00 17258.00 18931.00 
16300.00 16829.00 19188.00 
16301.00 16270.00 19391.00 
16329.00 16302.00 19301.00 
16333.00 18255.00 17928.00 
16335.00 16935.00 19071.00 
16350.00 18706.00 17101.00 
16364.00 17350.00 18878.00 
16368.00 17096.00 19042.00 
16372.00 17707.00 18509.00 
16375.00 17146.00 19022.00 
16388.00 17709.00 18380.00 
16399.00 16383.00 19298.00 
16402.00 17345.00 18868.00 
16410.00 17450.00 18823.00 
16418.00 16411.00 19301.00 
16423.00 18145.00 17994.00 
16455.00 19007.00 16106.00 
16476.00 16887.00 19011.00 
16494.00 16353.00 19270.00 
16521.00 16287.00 19243.00 
16521.00 18863.00 16315.00 
16534.00 18950.00 15954.00 
16551.00 16398.00 19262.00 
16551.00 16602.00 19210.00 
16553.00 18926.00 16310.00 
16558.00 17328.00 18900.00 
16561.00 16349.00 19233.00 
16571.00 16334.00 19259.00 
16598.00 16464.00 19236.00 
16601.00 17801.00 18373.00 
16631.00 18534.00 17283.00 
16641.00 18932.00 16180.00 
16662.00 16278.00 19177.00 
16689.00 17824.00 18276.00 
16691.00 17261.00 18811.00 
16703.00 18873.00 15998.00 
16711.00 18142.00 17848.00 
16726.00 16391.00 19208.00 
16731.00 18810.00 16340.00 
16736.00 18473.00 17325.00 
16741.00 18761.00 15962.00 
16744.00 18169.00 17809.00 
16767.00 17455.00 18526.00 
16776.00 18813.00 16058.00 
16777.00 18764.00 16548.00 
16787.00 16629.00 19119.00 
16829.00 18407.00 17260.00 
16829.00 18825.00 16143.00 
16831.00 16372.00 19112.00 
16837.00 17520.00 18558.00 
16882.00 18733.00 16164.00 
16884.00 16385.00 19093.00 
16905.00 16636.00 19107.00 
16925.00 18758.00 16281.00 
16931.00 18712.00 16477.00 
16937.00 16533.00 19074.00 
16954.00 16271.00 19100.00 
16971.00 18676.00 16473.00 
16973.00 17870.00 17967.00 
16987.00 16491.00 19048.00 
16987.00 16580.00 19021.00 
16989.00 18154.00 17571.00 
16995.00 17386.00 18377.00 
16997.00 18357.00 16995.00 
17023.00 17542.00 18247.00 
17035.00 18708.00 16255.00 
17038.00 17778.00 18046.00 
17038.00 18100.00 17494.00 
17057.00 18668.00 16274.00 
17059.00 16580.00 19019.00 
17079.00 17645.00 18342.00 
17093.00 18664.00 16154.00 
17095.00 16512.00 18987.00 
17095.00 17434.00 18422.00 
17116.00 16563.00 18962.00 
17126.00 16569.00 18967.00 
17130.00 16507.00 18937.00 
17133.00 16439.00 18781.00 
17146.00 16663.00 18930.00 
17161.00 18670.00 16081.00 
17185.00 16801.00 18834.00 
17186.00 17993.00 17516.00 
17189.00 16758.00 18802.00 
17190.00 18610.00 16153.00 
17221.00 18610.00 16160.00 
17225.00 17581.00 18056.00 
17233.00 16576.00 18829.00 
17236.00 18421.00 16786.00 
17241.00 16653.00 18856.00 
17277.00 17980.00 17616.00 
17282.00 18619.00 16256.00 
17286.00 16650.00 18766.00 
17292.00 18623.00 16161.00 
17295.00 16584.00 18719.00 
17311.00 16865.00 18713.00 
17322.00 17657.00 18075.00 
17336.00 16728.00 18686.00 
17349.00 18430.00 16542.00 
17378.00 16737.00 18686.00 
17390.00 18560.00 16244.00 
17391.00 18385.00 16626.00 
17399.00 17092.00 18492.00 
17405.00 17643.00 17867.00 
17410.00 18519.00 16066.00 
17414.00 18504.00 16371.00 
17423.00 17714.00 17834.00 
17423.00 18440.00 16207.00 
17429.00 18415.00 16684.00 
17442.00 18426.00 16175.00 
17444.00 16770.00 18616.00 
17457.00 18189.00 17226.00 
17466.00 18158.00 17191.00 
17474.00 16652.00 18622.00 
17484.00 16847.00 18543.00 
17489.00 17114.00 18491.00 
17534.00 18358.00 16347.00 
17544.00 17080.00 18439.00 
17549.00 16683.00 18542.00 
17561.00 16790.00 18539.00 
17563.00 18394.00 16153.00 
17587.00 18419.00 16262.00 
17591.00 16891.00 18498.00 
17591.00 18424.00 16377.00 
17602.00 16849.00 18497.00 
17619.00 17953.00 17184.00 
17628.00 16831.00 18366.00 
17637.00 18266.00 16647.00 
17640.00 16696.00 18427.00 
17654.00 17026.00 18336.00 
17668.00 18303.00 16398.00 
17669.00 18201.00 16658.00 
17670.00 16949.00 18393.00 
17683.00 17003.00 18469.00 
17685.00 16850.00 18434.00 
17700.00 17432.00 17981.00 
17706.00 18224.00 16148.00 
17711.00 18356.00 16324.00 
17712.00 16852.00 18342.00 
17714.00 16779.00 18350.00 
17715.00 18262.00 16220.00 
17718.00 18247.00 16321.00 
17724.00 18220.00 16443.00 
17729.00 18338.00 16442.00 
17732.00 17486.00 17783.00 
17735.00 17521.00 17747.00 
17735.00 17901.00 17203.00 
17736.00 16653.00 18326.00 
17741.00 17386.00 17918.00 
17753.00 16836.00 18294.00 
17758.00 16804.00 18211.00 
17766.00 16693.00 18176.00 
17767.00 16865.00 18191.00 
17771.00 18053.00 16680.00 
17777.00 16777.00 18201.00 
17777.00 16895.00 18165.00 
17779.00 17053.00 18203.00 
17786.00 18243.00 16248.00 
17795.00 16908.00 18212.00 
17808.00 17104.00 18205.00 
17823.00 18171.00 16378.00 
17847.00 16793.00 18160.00 
17850.00 18189.00 16365.00 
17862.00 17236.00 17880.00 
17877.00 18137.00 16266.00 
17888.00 16933.00 18177.00 
17888.00 18160.00 16583.00 
17891.00 16919.00 18202.00 
17892.00 16746.00 18194.00 
17894.00 17901.00 16847.00 
17895.00 18073.00 16694.00 
17913.00 16911.00 18094.00 
17933.00 16920.00 18029.00 
17937.00 18117.00 16364.00 
17943.00 16806.00 18150.00 
17954.00 18124.00 16432.00 
17972.00 18046.00 16348.00 
17983.00 17927.00 16865.00 
17984.00 17386.00 17722.00 
17987.00 18035.00 16435.00 
18004.00 18127.00 16482.00 
18038.00 16834.00 17924.00 
18043.00 16951.00 17995.00 
18052.00 17393.00 17612.00 
18053.00 18009.00 16472.00 
18058.00 16961.00 17892.00 
18071.00 17945.00 16534.00 
18079.00 17928.00 16483.00 
18081.00 16973.00 17861.00 
18083.00 17148.00 17856.00 
18098.00 17224.00 17856.00 
18110.00 17845.00 16334.00 
18115.00 17859.00 16841.00 
18157.00 17098.00 17762.00 
18158.00 16892.00 17716.00 
18180.00 17329.00 17454.00 
18197.00 17738.00 16787.00 
18203.00 17305.00 17476.00 
18209.00 17800.00 16667.00 
18225.00 17150.00 17738.00 
18232.00 17820.00 16442.00 
18238.00 17742.00 16536.00 
18245.00 17729.00 16605.00 
18256.00 16729.00 17618.00 
18261.00 17069.00 17624.00 
18289.00 17156.00 17636.00 
18298.00 17617.00 16428.00 
18308.00 16983.00 17416.00 
18319.00 17277.00 17484.00 
18325.00 17709.00 16495.00 
18329.00 17758.00 16485.00 
18331.00 17216.00 17389.00 
18345.00 17264.00 17383.00 
18359.00 17671.00 16436.00 
18365.00 17184.00 17374.00 
18379.00 17232.00 17368.00 
18386.00 17582.00 16548.00 
18399.00 17562.00 16524.00 
18415.00 17224.00 17356.00 
18444.00 17059.00 17185.00 
18450.00 17254.00 17187.00 
18453.00 17036.00 17126.00 
18458.00 17196.00 17176.00 
18464.00 17541.00 16603.00 
18466.00 17399.00 17106.00 
18476.00 16903.00 17169.00 
18480.00 17050.00 17169.00 
18493.00 17141.00 17016.00 
18496.00 17345.00 16734.00 
18503.00 16976.00 17267.00 
18508.00 17096.00 17144.00 
18508.00 17220.00 16983.00 
18511.00 16999.00 17112.00 
18512.00 17142.00 16976.00 
18512.00 17225.00 16830.00 
18512.00 17385.00 16756.00 
18513.00 17164.00 16915.00 
18515.00 16993.00 16789.00 
18517.00 16986.00 16679.00 
18517.00 17034.00 16801.00 
18519.00 17022.00 16919.00 
18520.00 17138.00 16712.00 
18520.00 17183.00 16779.00 
18521.00 16911.00 16799.00 
18521.00 16987.00 16814.00 
18521.00 17088.00 16883.00 
18521.00 17166.00 16694.00 
18522.00 17035.00 16842.00 
18522.00 17198.00 16553.00 
18523.00 17149.00 16833.00 
18524.00 16890.00 16917.00 
18525.00 17189.00 16963.00 
18526.00 16945.00 16826.00 
18527.00 17049.00 16735.00 
18527.00 17118.00 16867.00 
18532.00 17085.00 16813.00 
18533.00 17204.00 16766.00 
18534.00 16918.00 16723.00 
18534.00 17120.00 16891.00 
18535.00 17048.00 16796.00 
18535.00 17247.00 16892.00 
18537.00 17283.00 16919.00 
18538.00 17071.00 16820.00 
18539.00 17038.00 16830.00 
18539.00 17221.00 16837.00 
18540.00 17132.00 16950.00 
18540.00 17215.00 16819.00 
18541.00 17104.00 16912.00 
18546.00 17324.00 16851.00 
18548.00 17195.00 16884.00 
18549.00 17142.00 16787.00 
18553.00 17077.00 16698.00 
18553.00 17235.00 16938.00 
18554.00 17089.00 16706.00 
18556.00 17038.00 16913.00 
18557.00 17212.00 16895.00 
18557.00 17240.00 16703.00 
18558.00 17036.00 16980.00 
18560.00 17165.00 16814.00 
18568.00 17203.00 16764.00 
18569.00 17199.00 16841.00 
18570.00 17117.00 16790.00 
15633.00 19316.00 15910.00 
15694.00 19254.00 15946.00 
15699.00 19288.00 16042.00 
15709.00 19260.00 15977.00 
15711.00 19110.00 16727.00 
15731.00 19259.00 15962.00 
15746.00 19253.00 15980.00 
15747.00 19221.00 16156.00 
15751.00 19263.00 15940.00 
15757.00 19024.00 16697.00 
15757.00 19150.00 16482.00 
15777.00 19248.00 15938.00 
15780.00 19284.00 16012.00 
15787.00 19237.00 15886.00 
15787.00 19253.00 15964.00 
15788.00 19085.00 16626.00 
15797.00 19233.00 16048.00 
15797.00 19233.00 16091.00 
15797.00 19242.00 16061.00 
15802.00 19310.00 15994.00 
15808.00 19253.00 16065.00 
15808.00 19257.00 16050.00 
15820.00 19228.00 16214.00 
15823.00 19258.00 16132.00 
15825.00 19287.00 16073.00 
15838.00 19316.00 16116.00 
15843.00 19267.00 16002.00 
15843.00 19297.00 16086.00 
15848.00 19290.00 16081.00 
15874.00 19233.00 15912.00 
15880.00 19306.00 15837.00 
15882.00 19232.00 16199.00 
15882.00 19244.00 16011.00 
15885.00 19253.00 16049.00 
15887.00 19240.00 15996.00 
15889.00 19238.00 15881.00 
15896.00 19031.00 16710.00 
15907.00 18754.00 17222.00 
15907.00 19239.00 16015.00 
15907.00 19276.00 16135.00 
15910.00 19249.00 16085.00 
15920.00 19256.00 16093.00 
15924.00 18940.00 17002.00 
15929.00 19258.00 15988.00 
15929.00 19273.00 15968.00 
15937.00 19251.00 15990.00 
15938.00 18953.00 16906.00 
15943.00 19265.00 16038.00 
15955.00 18946.00 17058.00 
15957.00 19236.00 16122.00 
15960.00 19002.00 16728.00 
15962.00 19234.00 16107.00 
15963.00 19272.00 16023.00 
15963.00 19283.00 16035.00 
15967.00 19268.00 16040.00 
15984.00 19106.00 16534.00 
15985.00 19232.00 16015.00 
15989.00 18577.00 17525.00 
16018.00 19241.00 15960.00 
16034.00 19252.00 15975.00 
16075.00 19240.00 16026.00 
16082.00 18629.00 17543.00 
16082.00 18848.00 16990.00 
16099.00 18949.00 16796.00 
16106.00 18525.00 17617.00 
16107.00 19222.00 16067.00 
16116.00 18771.00 17255.00 
16132.00 18790.00 17134.00 
16137.00 18547.00 17528.00 
16152.00 18378.00 17807.00 
16154.00 19236.00 16045.00 
16159.00 18458.00 17762.00 
16164.00 18795.00 16973.00 
16167.00 19190.00 16055.00 
16174.00 16804.00 19279.00 
16178.00 19195.00 16110.00 
16199.00 18229.00 17876.00 
16199.00 18293.00 17878.00 
16201.00 18799.00 16979.00 
16202.00 17817.00 18433.00 
16205.00 19215.00 16042.00 
16207.00 19225.00 15993.00 
16213.00 18323.00 17831.00 
16216.00 16370.00 19349.00 
16217.00 18556.00 17600.00 
16227.00 18584.00 17498.00 
16228.00 18522.00 17517.00 
16236.00 16232.00 19331.00 
16243.00 17720.00 18609.00 
16255.00 18046.00 18163.00 
16268.00 16282.00 19317.00 
16268.00 17852.00 18568.00 
16269.00 16639.00 19348.00 
16274.00 17613.00 18699.00 
16281.00 17260.00 18989.00 
16283.00 16548.00 19323.00 
16289.00 16597.00 19317.00 
16291.00 16454.00 19330.00 
16295.00 16948.00 19165.00 
16297.00 16548.00 19342.00 
16297.00 17996.00 18271.00 
16301.00 17770.00 18530.00 
16302.00 16429.00 19333.00 
16304.00 17766.00 18495.00 
16306.00 16497.00 19326.00 
16306.00 18021.00 18234.00 
16309.00 18361.00 17806.00 
16314.00 17214.00 19051.00 
16319.00 18286.00 17855.00 
16320.00 16860.00 19244.00 
16322.00 16576.00 19335.00 
16327.00 18658.00 17464.00 
16327.00 18734.00 17219.00 
16328.00 17676.00 18664.00 
16330.00 17451.00 18837.00 
16332.00 17494.00 18811.00 
16333.00 17831.00 18526.00 
16339.00 17016.00 19197.00 
16340.00 17672.00 18604.00 
16341.00 18245.00 17961.00 
16342.00 16355.00 19355.00 
16343.00 16544.00 19332.00 
16343.00 19089.00 16387.00 
16344.00 17563.00 18693.00 
16346.00 16447.00 19324.00 
16350.00 16546.00 19286.00 
16356.00 18237.00 17931.00 
16363.00 16326.00 19342.00 
16363.00 16537.00 19335.00 
16364.00 16563.00 19337.00 
16369.00 17547.00 18710.00 
16370.00 19092.00 16241.00 
16371.00 16497.00 19347.00 
16372.00 17868.00 18457.00 
16373.00 16477.00 19360.00 
16376.00 16267.00 19359.00 
16377.00 16506.00 19336.00 
16377.00 16627.00 19335.00 
16380.00 17556.00 18741.00 
16382.00 16431.00 19345.00 
16387.00 16572.00 19347.00 
16391.00 18065.00 18137.00 
16397.00 16433.00 19364.00 
16397.00 18732.00 17250.00 
16398.00 17769.00 18519.00 
16399.00 17474.00 18841.00 
16400.00 16766.00 19303.00 
16401.00 16546.00 19326.00 
16403.00 18052.00 18275.00 
16408.00 19034.00 16319.00 
16410.00 18047.00 18145.00 
16410.00 18667.00 17306.00 
16411.00 19123.00 16081.00 
16413.00 16792.00 19249.00 
16413.00 18368.00 17772.00 
16414.00 16518.00 19344.00 
16418.00 16412.00 19377.00 
16422.00 16464.00 19324.00 
16425.00 16418.00 19338.00 
16426.00 16583.00 19363.00 
16427.00 16577.00 19334.00 
16429.00 16450.00 19385.00 
16432.00 16390.00 19349.00 
16432.00 17845.00 18486.00 
16437.00 16493.00 19327.00 
16437.00 17010.00 19140.00 
16438.00 18107.00 18120.00 
16442.00 16503.00 19318.00 
16442.00 17208.00 19010.00 
16443.00 16609.00 19348.00 
16452.00 16941.00 19188.00 
16453.00 16507.00 19341.00 
16455.00 16620.00 19333.00 
16458.00 17775.00 18570.00 
16463.00 16642.00 19356.00 
16468.00 17437.00 18878.00 
16469.00 16459.00 19367.00 
16470.00 16414.00 19331.00 
16470.00 18286.00 17976.00 
16474.00 16562.00 19327.00 
16475.00 16589.00 19327.00 
16480.00 18078.00 18136.00 
16489.00 16642.00 19315.00 
16492.00 16605.00 19330.00 
16496.00 16656.00 19380.00 
16496.00 17434.00 18917.00 
16497.00 17540.00 18753.00 
16504.00 18002.00 18276.00 
16508.00 17038.00 19154.00 
16508.00 18059.00 18122.00 
16510.00 17773.00 18460.00 
16512.00 16513.00 19368.00 
16512.00 16525.00 19325.00 
16513.00 16652.00 19321.00 
16520.00 17280.00 19068.00 
16523.00 18500.00 17685.00 
16527.00 16662.00 19337.00 
16541.00 17654.00 18673.00 
16542.00 17334.00 18932.00 
16548.00 17924.00 18412.00 
16553.00 16586.00 19339.00 
16566.00 17283.00 18997.00 
16570.00 19043.00 16249.00 
16589.00 17254.00 19021.00 
16594.00 16955.00 19167.00 
16595.00 19050.00 16147.00 
16624.00 17875.00 18245.00 
16635.00 18985.00 16089.00 
16642.00 17181.00 19012.00 
16650.00 16649.00 19289.00 
16653.00 18207.00 17768.00 
16655.00 19001.00 16257.00 
16668.00 17377.00 18880.00 
16670.00 17233.00 19079.00 
16685.00 17425.00 18751.00 
16685.00 18220.00 17737.00 
16697.00 17393.00 18890.00 
16703.00 17477.00 18742.00 
16746.00 18481.00 17186.00 
16748.00 19006.00 16056.00 
16759.00 18932.00 16073.00 
16766.00 16541.00 19274.00 
16796.00 18866.00 16113.00 
16803.00 18905.00 16352.00 
16811.00 18550.00 17204.00 
16819.00 18885.00 15991.00 
16842.00 17618.00 18579.00 
16848.00 16661.00 19231.00 
16850.00 16599.00 19240.00 
16865.00 16492.00 19186.00 
16865.00 16769.00 19067.00 
16866.00 16758.00 19068.00 
16868.00 17592.00 18556.00 
16884.00 17967.00 18013.00 
16885.00 16592.00 19232.00 
16886.00 18871.00 16104.00 
16888.00 17697.00 18491.00 
16889.00 16556.00 19198.00 
16913.00 18824.00 16184.00 
16940.00 17873.00 18148.00 
16958.00 18820.00 16126.00 
16963.00 18784.00 16098.00 
16971.00 18237.00 17501.00 
16987.00 18779.00 16044.00 
16998.00 18239.00 17556.00 
17007.00 16538.00 19142.00 
17016.00 16518.00 19120.00 
17041.00 18761.00 16292.00 
17044.00 16535.00 19106.00 
17052.00 18750.00 16430.00 
17058.00 16584.00 19108.00 
17077.00 17453.00 18413.00 
17087.00 16481.00 19170.00 
17099.00 16535.00 19072.00 
17102.00 16865.00 18792.00 
17120.00 17928.00 17971.00 
17145.00 16585.00 19010.00 
17159.00 17520.00 18351.00 
17164.00 16565.00 18976.00 
17164.00 16841.00 18957.00 
17164.00 18675.00 16016.00 
17183.00 18546.00 16608.00 
17200.00 18106.00 17491.00 
17205.00 18697.00 16101.00 
17223.00 16505.00 18974.00 
17224.00 16676.00 18900.00 
17246.00 17743.00 18047.00 
17300.00 17725.00 18130.00 
17300.00 18545.00 16556.00 
17317.00 16791.00 18831.00 
17323.00 16806.00 18714.00 
17325.00 18576.00 16114.00 
17330.00 18473.00 16525.00 
17341.00 18564.00 16133.00 
17355.00 18114.00 17520.00 
17357.00 16728.00 18898.00 
17380.00 18584.00 16223.00 
17382.00 17710.00 17903.00 
17389.00 16638.00 18818.00 
17391.00 16694.00 18793.00 
17394.00 16789.00 18754.00 
17420.00 17074.00 18533.00 
17426.00 17106.00 18443.00 
17427.00 16734.00 18806.00 
17432.00 18447.00 16558.00 
17435.00 18495.00 16252.00 
17446.00 18308.00 17077.00 
17455.00 16516.00 18697.00 
17469.00 18482.00 16291.00 
17471.00 16637.00 18756.00 
17477.00 18430.00 16548.00 
17501.00 18155.00 17105.00 
17502.00 18471.00 16461.00 
17510.00 16479.00 18680.00 
17511.00 16674.00 18693.00 
17515.00 17197.00 18376.00 
17520.00 18418.00 16321.00 
17551.00 18363.00 16443.00 
17556.00 18330.00 16487.00 
17563.00 18294.00 16588.00 
17565.00 16602.00 18653.00 
17567.00 16470.00 18633.00 
17568.00 17756.00 17859.00 
17579.00 18049.00 17171.00 
17601.00 18347.00 16193.00 
17604.00 18020.00 17187.00 
17622.00 18306.00 16450.00 
17630.00 16653.00 18579.00 
17639.00 18430.00 16472.00 
17643.00 17423.00 17810.00 
17655.00 18270.00 16491.00 
17656.00 16791.00 18550.00 
17664.00 16394.00 18506.00 
17688.00 16657.00 18471.00 
17690.00 17195.00 18345.00 
17692.00 16559.00 18403.00 
17698.00 17448.00 17855.00 
17706.00 18306.00 16528.00 
17712.00 16935.00 18285.00 
17718.00 16548.00 18321.00 
17735.00 18386.00 16497.00 
17742.00 16502.00 18383.00 
17742.00 16796.00 18344.00 
17746.00 16873.00 18296.00 
17747.00 17554.00 17609.00 
17749.00 16717.00 18392.00 
17750.00 17609.00 17559.00 
17751.00 18177.00 16435.00 
17752.00 16763.00 18441.00 
17755.00 18167.00 16647.00 
17760.00 18291.00 16547.00 
17762.00 16726.00 18426.00 
17762.00 16849.00 18244.00 
17763.00 18302.00 16568.00 
17781.00 16487.00 18524.00 
17789.00 16597.00 18362.00 
17791.00 16735.00 18412.00 
17797.00 18140.00 16631.00 
17807.00 16636.00 18270.00 
17817.00 16629.00 18253.00 
17826.00 18151.00 16496.00 
17827.00 17321.00 17771.00 
17833.00 16560.00 18200.00 
17834.00 18132.00 16572.00 
17853.00 17991.00 16907.00 
17853.00 18142.00 16350.00 
17854.00 16676.00 18240.00 
17870.00 16670.00 18323.00 
17877.00 16800.00 18237.00 
17883.00 18034.00 16760.00 
17897.00 18030.00 16608.00 
17916.00 18025.00 16479.00 
17933.00 17538.00 17551.00 
17941.00 18015.00 16490.00 
17955.00 18008.00 16599.00 
17959.00 16651.00 18152.00 
17959.00 17414.00 17748.00 
17985.00 17980.00 16665.00 
17992.00 16659.00 18204.00 
18000.00 16688.00 18067.00 
18027.00 16680.00 18074.00 
18031.00 18019.00 16496.00 
18055.00 17889.00 16634.00 
18063.00 17969.00 16679.00 
18064.00 17184.00 17710.00 
18071.00 18018.00 16587.00 
18086.00 16846.00 17947.00 
18087.00 17826.00 16766.00 
18090.00 17446.00 17569.00 
18094.00 16861.00 17967.00 
18097.00 16621.00 18026.00 
18120.00 16748.00 18040.00 
18134.00 17172.00 17751.00 
18148.00 17836.00 16851.00 
18154.00 16614.00 17879.00 
18158.00 17690.00 16804.00 
18165.00 16681.00 17940.00 
18167.00 16918.00 17716.00 
18168.00 17395.00 17279.00 
18169.00 17621.00 16732.00 
18173.00 16765.00 17726.00 
18181.00 17796.00 16659.00 
18202.00 17747.00 16821.00 
18204.00 17788.00 16877.00 
18208.00 17804.00 16755.00 
18236.00 16785.00 17669.00 
18237.00 16524.00 17719.00 
18279.00 17653.00 16874.00 
18280.00 17621.00 16730.00 
18298.00 17281.00 17348.00 
18306.00 17511.00 16699.00 
18309.00 17671.00 16885.00 
18329.00 16707.00 17499.00 
18333.00 17247.00 17196.00 
18343.00 16960.00 17379.00 
18349.00 16898.00 17543.00 
18352.00 16811.00 17383.00 
18354.00 17511.00 16958.00 
18383.00 16760.00 17475.00 
18425.00 17113.00 17332.00 
18429.00 16793.00 17138.00 
18442.00 17276.00 17114.00 
18446.00 16980.00 17266.00 
18450.00 17277.00 16915.00 
18462.00 16758.00 17145.00 
18462.00 16857.00 17242.00 
18466.00 16975.00 17055.00 
18468.00 16859.00 17130.00 
18469.00 16951.00 17117.00 
18470.00 17216.00 16907.00 
18471.00 17113.00 16972.00 
18472.00 16968.00 17056.00 
18474.00 17023.00 17154.00 
18475.00 17073.00 17004.00 
18476.00 17049.00 16981.00 
18477.00 16851.00 16995.00 
18479.00 16872.00 16968.00 
18479.00 16956.00 16921.00 
18480.00 16884.00 17059.00 
18482.00 17041.00 17048.00 
18484.00 16980.00 16935.00 
18484.00 17000.00 16985.00 
18484.00 17164.00 16892.00 
18485.00 16992.00 17080.00 
18485.00 17071.00 16989.00 
18486.00 16877.00 16919.00 
18486.00 16946.00 16965.00 
18487.00 17008.00 17167.00 
18488.00 17007.00 17014.00 
18488.00 17033.00 16850.00 
18489.00 16999.00 17070.00 
18490.00 16915.00 16909.00 
18492.00 16893.00 16909.00 
18492.00 17090.00 17062.00 
18493.00 16896.00 17050.00 
18494.00 16977.00 16847.00 
18497.00 16923.00 16859.00 
18499.00 17090.00 16861.00 
18501.00 16898.00 16991.00 
18502.00 17102.00 16967.00 
18505.00 16990.00 17016.00 
18505.00 17038.00 16994.00 
18506.00 17190.00 17025.00 
18510.00 17035.00 16975.00 
18513.00 17099.00 16821.00 
18514.00 17010.00 16972.00 
18515.00 16902.00 16807.00 
18516.00 16948.00 16934.00 
18521.00 16891.00 16895.00 
18535.00 17185.00 16842.00 
18538.00 17047.00 16812.00 
18539.00 16992.00 16955.00 
18547.00 17048.00 16988.00 
18549.00 16959.00 16984.00 
18551.00 17105.00 16949.00 
18552.00 16984.00 16986.00 
18554.00 16989.00 16934.00 
18555.00 17033.00 16960.00 
18566.00 16967.00 16999.00 
18584.00 16915.00 16975.00 
15518.00 15891.00 19569.00 
15570.00 16105.00 19602.00 
15607.00 16122.00 19563.00 
15618.00 16046.00 19579.00 
15629.00 16156.00 19579.00 
15638.00 16031.00 19579.00 
15652.00 16062.00 19612.00 
15652.00 16134.00 19580.00 
15658.00 15979.00 19561.00 
15665.00 16169.00 19580.00 
15667.00 15946.00 19572.00 
15669.00 16092.00 19581.00 
15670.00 16080.00 19603.00 
15676.00 16109.00 19628.00 
15687.00 16168.00 19607.00 
15694.00 16024.00 19666.00 
15703.00 16040.00 19584.00 
15706.00 16132.00 19573.00 
15706.00 16225.00 19575.00 
15706.00 16594.00 19417.00 
15708.00 16048.00 19593.00 
15708.00 16235.00 19598.00 
15711.00 16008.00 19602.00 
15714.00 15979.00 19572.00 
15716.00 15986.00 19580.00 
15717.00 17441.00 18943.00 
15722.00 16058.00 19597.00 
15730.00 15993.00 19568.00 
15754.00 16110.00 19579.00 
15756.00 16183.00 19571.00 
15757.00 16171.00 19562.00 
15763.00 15953.00 19567.00 
15764.00 17288.00 19009.00 
15768.00 17351.00 18990.00 
15774.00 16003.00 19562.00 
15780.00 16016.00 19607.00 
15781.00 16956.00 19188.00 
15785.00 16205.00 19610.00 
15787.00 15990.00 19578.00 
15799.00 17604.00 18747.00 
15818.00 18015.00 18168.00 
15823.00 16860.00 19281.00 
15828.00 16108.00 19633.00 
15841.00 17362.00 19019.00 
15844.00 16297.00 19581.00 
15850.00 16383.00 19515.00 
15857.00 16658.00 19415.00 
15857.00 17188.00 19147.00 
15859.00 16198.00 19584.00 
15863.00 16271.00 19603.00 
15866.00 16107.00 19609.00 
15891.00 17508.00 18879.00 
15894.00 16633.00 19417.00 
15895.00 16377.00 19518.00 
15895.00 17300.00 19027.00 
15905.00 16990.00 19210.00 
15905.00 17652.00 18720.00 
15947.00 16994.00 19224.00 
15949.00 16194.00 19613.00 
15953.00 17572.00 18801.00 
15960.00 16638.00 19499.00 
15961.00 17144.00 19170.00 
15964.00 16563.00 19478.00 
15964.00 17079.00 19322.00 
15981.00 16936.00 19271.00 
16005.00 16266.00 19550.00 
16008.00 16962.00 19225.00 
16018.00 17574.00 18791.00 
16020.00 16648.00 19398.00 
16020.00 18100.00 18177.00 
16022.00 17012.00 19195.00 
16038.00 17645.00 18827.00 
16042.00 16310.00 19602.00 
16044.00 17496.00 18930.00 
16045.00 17072.00 19187.00 
16048.00 18019.00 18247.00 
16054.00 17577.00 18784.00 
16059.00 18342.00 17787.00 
16061.00 16797.00 19380.00 
16062.00 18370.00 17696.00 
16068.00 17697.00 18702.00 
16078.00 19008.00 16272.00 
16094.00 19018.00 16098.00 
16096.00 17579.00 18729.00 
16101.00 16958.00 19225.00 
16105.00 17751.00 18639.00 
16108.00 19049.00 16187.00 
16112.00 17164.00 19102.00 
16112.00 19004.00 16257.00 
16113.00 18282.00 17773.00 
16115.00 18503.00 17540.00 
16116.00 17784.00 18492.00 
16119.00 18094.00 18073.00 
16119.00 19064.00 16204.00 
16121.00 17790.00 18484.00 
16123.00 17629.00 18730.00 
16137.00 19031.00 16060.00 
16139.00 19016.00 16196.00 
16140.00 18681.00 17203.00 
16140.00 19050.00 16367.00 
16146.00 17196.00 19121.00 
16148.00 17851.00 18543.00 
16151.00 17764.00 18595.00 
16154.00 16288.00 19544.00 
16155.00 17423.00 18919.00 
16161.00 18776.00 16980.00 
16162.00 19041.00 16090.00 
16162.00 19057.00 16177.00 
16169.00 19012.00 16130.00 
16181.00 19045.00 16079.00 
16182.00 19062.00 16123.00 
16183.00 17362.00 18913.00 
16191.00 19055.00 16110.00 
16195.00 17883.00 18412.00 
16196.00 17817.00 18505.00 
16199.00 19000.00 16401.00 
16208.00 18776.00 17094.00 
16212.00 18045.00 18143.00 
16214.00 19063.00 16303.00 
16219.00 16126.00 19492.00 
16220.00 19009.00 16279.00 
16220.00 19068.00 16461.00 
16221.00 19021.00 16261.00 
16231.00 19071.00 16394.00 
16236.00 18596.00 17199.00 
16236.00 19010.00 16034.00 
16236.00 19045.00 16273.00 
16237.00 19003.00 16147.00 
16237.00 19012.00 16106.00 
16245.00 19002.00 16050.00 
16247.00 18835.00 16853.00 
16248.00 19030.00 16242.00 
16249.00 17600.00 18717.00 
16254.00 19006.00 16091.00 
16257.00 19033.00 16139.00 
16259.00 19085.00 16168.00 
16261.00 18367.00 17774.00 
16264.00 17874.00 18422.00 
16264.00 18302.00 17885.00 
16267.00 18083.00 18122.00 
16272.00 17951.00 18428.00 
16277.00 19049.00 16231.00 
16279.00 19004.00 16256.00 
16284.00 18777.00 16873.00 
16284.00 19102.00 16363.00 
16285.00 19019.00 16234.00 
16287.00 17740.00 18582.00 
16291.00 19060.00 16321.00 
16296.00 18110.00 18113.00 
16299.00 19047.00 16403.00 
16302.00 19054.00 16423.00 
16304.00 19006.00 16145.00 
16304.00 19022.00 16157.00 
16306.00 19068.00 16350.00 
16310.00 18323.00 17762.00 
16314.00 16313.00 19439.00 
16319.00 17523.00 18733.00 
16324.00 19020.00 16410.00 
16325.00 19041.00 16303.00 
16327.00 19007.00 16313.00 
16329.00 19035.00 16359.00 
16335.00 18143.00 17963.00 
16343.00 18364.00 17748.00 
16343.00 19001.00 16172.00 
16345.00 18181.00 18068.00 
16359.00 17868.00 18422.00 
16366.00 18025.00 18228.00 
16371.00 19025.00 16184.00 
16376.00 18874.00 16714.00 
16376.00 19042.00 16268.00 
16384.00 19017.00 16334.00 
16385.00 16282.00 19390.00 
16388.00 18503.00 17425.00 
16400.00 18610.00 17406.00 
16401.00 16317.00 19301.00 
16402.00 18965.00 16589.00 
16419.00 16141.00 19420.00 
16424.00 19021.00 16295.00 
16427.00 18785.00 17144.00 
16428.00 19004.00 16335.00 
16430.00 17499.00 18829.00 
16430.00 17897.00 18415.00 
16431.00 18739.00 17169.00 
16434.00 18613.00 17211.00 
16443.00 18564.00 17368.00 
16445.00 19048.00 16301.00 
16446.00 16141.00 19292.00 
16455.00 18485.00 17532.00 
16471.00 17896.00 18414.00 
16476.00 19019.00 16226.00 
16485.00 19001.00 16242.00 
16498.00 16227.00 19267.00 
16506.00 16549.00 19300.00 
16512.00 17829.00 18524.00 
16513.00 18863.00 16716.00 
16521.00 16491.00 19370.00 
16532.00 17085.00 18972.00 
16565.00 18418.00 17768.00 
16569.00 17151.00 18923.00 
16587.00 16240.00 19233.00 
16609.00 18013.00 18082.00 
16609.00 18401.00 17579.00 
16612.00 17966.00 18204.00 
16616.00 18575.00 17294.00 
16621.00 16409.00 19324.00 
16626.00 17623.00 18404.00 
16636.00 17660.00 18499.00 
16641.00 18930.00 16340.00 
16643.00 18998.00 16261.00 
16644.00 16940.00 18998.00 
16648.00 17189.00 18945.00 
16681.00 16338.00 19258.00 
16681.00 18892.00 16500.00 
16683.00 16419.00 19224.00 
16695.00 16399.00 19275.00 
16746.00 16457.00 19196.00 
16751.00 18855.00 16372.00 
16752.00 18935.00 16470.00 
16798.00 18878.00 16445.00 
16841.00 18346.00 17397.00 
16846.00 17199.00 18730.00 
16851.00 16471.00 19165.00 
16880.00 18846.00 16283.00 
16884.00 16532.00 19163.00 
16887.00 18777.00 16256.00 
16892.00 17211.00 18793.00 
16901.00 16364.00 19102.00 
16906.00 18305.00 17397.00 
16922.00 18818.00 16350.00 
16945.00 16548.00 19047.00 
16947.00 18771.00 16406.00 
16949.00 16460.00 19066.00 
16951.00 18855.00 16542.00 
16955.00 18802.00 16427.00 
16966.00 16473.00 18955.00 
16982.00 18707.00 16506.00 
16983.00 16411.00 18956.00 
17003.00 17300.00 18556.00 
17007.00 16386.00 19015.00 
17008.00 17619.00 18160.00 
17011.00 17986.00 17752.00 
17015.00 18009.00 17731.00 
17020.00 17282.00 18662.00 
17038.00 18722.00 16461.00 
17048.00 16237.00 18939.00 
17050.00 16393.00 18998.00 
17061.00 16475.00 18941.00 
17066.00 16469.00 19053.00 
17070.00 17608.00 18218.00 
17121.00 16417.00 18922.00 
17129.00 18721.00 16496.00 
17130.00 16471.00 18940.00 
17133.00 18692.00 16376.00 
17143.00 18684.00 16594.00 
17145.00 16391.00 18877.00 
17151.00 18696.00 16463.00 
17156.00 16693.00 18852.00 
17190.00 17918.00 17817.00 
17215.00 17396.00 18225.00 
17216.00 16544.00 18839.00 
17233.00 18351.00 16877.00 
17235.00 18619.00 16463.00 
17242.00 16551.00 18840.00 
17242.00 18629.00 16540.00 
17245.00 18668.00 16651.00 
17258.00 18604.00 16486.00 
17264.00 16603.00 18793.00 
17273.00 16606.00 18839.00 
17285.00 18594.00 16436.00 
17288.00 16455.00 18811.00 
17290.00 18359.00 17138.00 
17301.00 16459.00 18767.00 
17313.00 17815.00 17642.00 
17315.00 16510.00 18780.00 
17322.00 16818.00 18676.00 
17324.00 16626.00 18733.00 
17333.00 18533.00 16417.00 
17344.00 18521.00 16629.00 
17346.00 16528.00 18730.00 
17346.00 18556.00 16602.00 
17355.00 18595.00 16586.00 
17357.00 17485.00 18252.00 
17382.00 16639.00 18687.00 
17391.00 16607.00 18713.00 
17392.00 16797.00 18643.00 
17402.00 17488.00 18043.00 
17414.00 16555.00 18589.00 
17424.00 16708.00 18683.00 
17449.00 16779.00 18513.00 
17466.00 17962.00 17389.00 
17472.00 16529.00 18598.00 
17473.00 17454.00 18020.00 
17474.00 17481.00 18119.00 
17486.00 18423.00 16696.00 
17495.00 18298.00 16956.00 
17497.00 16791.00 18502.00 
17502.00 18386.00 16478.00 
17524.00 17403.00 18040.00 
17532.00 16726.00 18454.00 
17532.00 18414.00 16675.00 
17538.00 16776.00 18476.00 
17540.00 18405.00 16603.00 
17544.00 16760.00 18447.00 
17572.00 16598.00 18493.00 
17585.00 18289.00 16923.00 
17592.00 17192.00 18102.00 
17608.00 16717.00 18394.00 
17631.00 18294.00 16595.00 
17631.00 18356.00 16767.00 
17634.00 18341.00 16689.00 
17635.00 17941.00 17346.00 
17656.00 16681.00 18404.00 
17663.00 18296.00 16863.00 
17669.00 17218.00 18100.00 
17670.00 17794.00 17546.00 
17678.00 16628.00 18349.00 
17688.00 16830.00 18279.00 
17699.00 17764.00 17393.00 
17700.00 16731.00 18316.00 
17709.00 16749.00 18374.00 
17726.00 16673.00 18247.00 
17735.00 16736.00 18252.00 
17736.00 18203.00 16581.00 
17738.00 18196.00 16555.00 
17757.00 17285.00 17906.00 
17781.00 17397.00 17922.00 
17810.00 18021.00 17120.00 
17812.00 18176.00 16687.00 
17824.00 17943.00 17027.00 
17828.00 18163.00 16698.00 
17837.00 16769.00 18090.00 
17855.00 18084.00 16735.00 
17856.00 16570.00 18109.00 
17874.00 17059.00 18026.00 
17875.00 16686.00 18073.00 
17875.00 16960.00 18031.00 
17886.00 18164.00 16698.00 
17895.00 18132.00 16587.00 
17899.00 18127.00 16666.00 
17919.00 16925.00 18070.00 
17936.00 18019.00 16652.00 
17939.00 18057.00 16775.00 
17978.00 17925.00 16849.00 
17980.00 17151.00 17776.00 
17994.00 16876.00 17956.00 
18006.00 17810.00 17122.00 
18006.00 17939.00 16747.00 
18012.00 17256.00 17752.00 
18013.00 17887.00 16901.00 
18020.00 16786.00 17866.00 
18021.00 17822.00 17052.00 
18029.00 16800.00 17865.00 
18031.00 16754.00 17943.00 
18031.00 17953.00 16807.00 
18037.00 17915.00 16719.00 
18042.00 17905.00 16797.00 
18062.00 17891.00 16647.00 
18065.00 17896.00 16674.00 
18071.00 16706.00 17887.00 
18073.00 17879.00 16893.00 
18080.00 16822.00 17802.00 
18096.00 17008.00 17753.00 
18097.00 16748.00 17824.00 
18097.00 16820.00 17817.00 
18098.00 16930.00 17793.00 
18102.00 16755.00 17758.00 
18104.00 16673.00 17826.00 
18108.00 17799.00 16475.00 
18110.00 17942.00 16549.00 
18125.00 16865.00 17834.00 
18132.00 16785.00 17760.00 
18139.00 17749.00 16822.00 
18142.00 16750.00 17721.00 
18157.00 17817.00 16734.00 
18173.00 17787.00 16577.00 
18195.00 17024.00 17685.00 
18201.00 16923.00 17737.00 
18214.00 17722.00 16532.00 
18218.00 17673.00 16759.00 
18228.00 16901.00 17647.00 
18229.00 17639.00 16553.00 
18238.00 16726.00 17608.00 
18256.00 17611.00 16677.00 
18273.00 17041.00 17179.00 
18286.00 16999.00 17542.00 
18290.00 16883.00 17598.00 
18337.00 17565.00 16601.00 
18346.00 17458.00 16738.00 
18347.00 17550.00 16724.00 
18353.00 16876.00 17472.00 
18357.00 17588.00 16711.00 
18370.00 16888.00 17503.00 
18375.00 16756.00 17390.00 
18380.00 16790.00 17428.00 
18391.00 16906.00 17392.00 
18452.00 17277.00 16655.00 
18463.00 17006.00 17006.00 
18463.00 17302.00 16880.00 
18473.00 17049.00 17301.00 
18481.00 16892.00 17124.00 
18485.00 16965.00 17170.00 
18494.00 16911.00 17122.00 
18502.00 16953.00 17307.00 
18513.00 17030.00 17124.00 
18516.00 17218.00 16983.00 
18518.00 17223.00 16892.00 
18519.00 17287.00 16776.00 
18525.00 17060.00 17064.00 
18529.00 17183.00 16826.00 
18530.00 17054.00 17032.00 
18531.00 17102.00 16598.00 
18534.00 16972.00 17053.00 
18538.00 17031.00 16582.00 
18538.00 17074.00 16847.00 
18541.00 17083.00 16999.00 
18542.00 17011.00 16935.00 
18543.00 16887.00 16987.00 
18544.00 16937.00 16640.00 
18544.00 16976.00 16910.00 
18545.00 17072.00 16805.00 
18548.00 17116.00 16876.00 
18549.00 16937.00 16628.00 
18549.00 17122.00 16954.00 
18550.00 16954.00 16871.00 
18550.00 16986.00 16783.00 
18550.00 17051.00 17006.00 
18551.00 17090.00 16772.00 
18557.00 16994.00 16789.00 
18560.00 17057.00 16730.00 
18561.00 16936.00 17012.00 
18561.00 17060.00 16969.00 
18561.00 17100.00 16835.00 
18562.00 17003.00 16733.00 
18563.00 17095.00 16604.00 
18563.00 17117.00 16667.00 
18564.00 16969.00 16613.00 
18564.00 17059.00 17046.00 
18566.00 16930.00 16552.00 
18567.00 17147.00 16699.00 
18569.00 17066.00 16792.00 
18572.00 17048.00 17017.00 
18573.00 17097.00 16796.00 
18573.00 17112.00 16933.00 
18574.00 16972.00 16694.00 
18577.00 16952.00 16808.00 
18577.00 16981.00 16873.00 
18577.00 17034.00 16944.00 
18577.00 17086.00 16922.00 
18577.00 17094.00 16825.00 
18578.00 16922.00 16858.00 
18579.00 16927.00 16876.00 
18586.00 17063.00 16909.00 
18586.00 17065.00 16843.00 
18586.00 17220.00 16852.00 
18588.00 16904.00 16863.00 
18593.00 17138.00 16649.00 
18597.00 17108.00 16768.00 
18601.00 17060.00 16800.00 
18603.00 16801.00 16697.00 
18606.00 16984.00 16772.00 
18610.00 17046.00 16893.00 
18622.00 17118.00 16842.00 
15539.00 16053.00 19570.00 
15541.00 16010.00 19549.00 
15549.00 16075.00 19574.00 
15563.00 16101.00 19545.00 
15563.00 16236.00 19559.00 
15597.00 16116.00 19604.00 
15623.00 16190.00 19553.00 
15632.00 16093.00 19568.00 
15636.00 16202.00 19584.00 
15642.00 16062.00 19592.00 
15642.00 16181.00 19550.00 
15660.00 16048.00 19566.00 
15664.00 16110.00 19578.00 
15666.00 16007.00 19577.00 
15682.00 16038.00 19584.00 
15683.00 16018.00 19573.00 
15685.00 16093.00 19559.00 
15685.00 16102.00 19654.00 
15698.00 18909.00 16960.00 
15708.00 16016.00 19603.00 
15714.00 16009.00 19549.00 
15714.00 16099.00 19563.00 
15720.00 16079.00 19618.00 
15724.00 16076.00 19591.00 
15730.00 16050.00 19571.00 
15733.00 16057.00 19649.00 
15734.00 16049.00 19572.00 
15751.00 16035.00 19587.00 
15751.00 16154.00 19551.00 
15759.00 16002.00 19627.00 
15759.00 16069.00 19636.00 
15760.00 16045.00 19556.00 
15761.00 16222.00 19567.00 
15763.00 16587.00 19520.00 
15764.00 19114.00 16297.00 
15767.00 19119.00 16775.00 
15778.00 16084.00 19599.00 
15779.00 16117.00 19562.00 
15781.00 19143.00 16303.00 
15787.00 16096.00 19641.00 
15791.00 15977.00 19571.00 
15793.00 18663.00 17552.00 
15797.00 19134.00 16238.00 
15800.00 16012.00 19547.00 
15801.00 19191.00 16388.00 
15805.00 16932.00 19268.00 
15807.00 16136.00 19547.00 
15807.00 16278.00 19572.00 
15811.00 19120.00 16479.00 
15816.00 19135.00 16353.00 
15822.00 17433.00 18956.00 
15834.00 17147.00 19167.00 
15841.00 16174.00 19552.00 
15854.00 19130.00 16168.00 
15856.00 19114.00 16310.00 
15857.00 16391.00 19498.00 
15857.00 19130.00 16308.00 
15860.00 19162.00 16241.00 
15860.00 19210.00 16438.00 
15862.00 19138.00 16439.00 
15865.00 19094.00 16710.00 
15874.00 19114.00 16391.00 
15874.00 19135.00 16465.00 
15882.00 16096.00 19616.00 
15884.00 16462.00 19477.00 
15885.00 16110.00 19592.00 
15886.00 16249.00 19559.00 
15886.00 19137.00 16347.00 
15890.00 19144.00 16287.00 
15892.00 19149.00 16300.00 
15893.00 19150.00 16334.00 
15895.00 19125.00 16435.00 
15895.00 19154.00 16328.00 
15901.00 16183.00 19545.00 
15901.00 19113.00 16381.00 
15906.00 16987.00 19228.00 
15906.00 19166.00 16452.00 
15909.00 16935.00 19306.00 
15911.00 16524.00 19491.00 
15911.00 18782.00 17368.00 
15914.00 19119.00 16386.00 
15914.00 19138.00 16362.00 
15915.00 16252.00 19542.00 
15915.00 19114.00 16324.00 
15923.00 19118.00 16432.00 
15924.00 19117.00 16448.00 
15926.00 16901.00 19293.00 
15929.00 17624.00 18893.00 
15934.00 19119.00 16478.00 
15934.00 19134.00 16319.00 
15934.00 19141.00 16372.00 
15937.00 19131.00 16309.00 
15939.00 16107.00 19551.00 
15942.00 19121.00 16549.00 
15944.00 16687.00 19389.00 
15944.00 17111.00 19211.00 
15944.00 19121.00 16376.00 
15945.00 17717.00 18729.00 
15946.00 16426.00 19499.00 
15946.00 19127.00 16383.00 
15946.00 19130.00 16263.00 
15958.00 19147.00 16545.00 
15966.00 17413.00 19097.00 
15968.00 18195.00 18293.00 
15968.00 19133.00 16381.00 
15970.00 19156.00 16368.00 
15972.00 18052.00 18476.00 
15974.00 19144.00 16434.00 
15979.00 16823.00 19369.00 
15980.00 18195.00 18277.00 
15984.00 16260.00 19545.00 
15993.00 16864.00 19287.00 
15994.00 17780.00 18776.00 
15994.00 19136.00 16234.00 
15995.00 19115.00 16305.00 
15996.00 17969.00 18565.00 
15996.00 19150.00 16432.00 
15997.00 16552.00 19475.00 
15998.00 18670.00 17505.00 
15999.00 19078.00 16676.00 
16000.00 19146.00 16347.00 
16005.00 16952.00 19312.00 
16005.00 17148.00 19135.00 
16007.00 19142.00 16396.00 
16008.00 18805.00 17319.00 
16013.00 19131.00 16437.00 
16013.00 19174.00 16414.00 
16018.00 17363.00 19030.00 
16025.00 17207.00 19170.00 
16026.00 17950.00 18579.00 
16030.00 17713.00 18809.00 
16031.00 17416.00 19061.00 
16032.00 17981.00 18558.00 
16032.00 19111.00 16346.00 
16034.00 19112.00 16359.00 
16035.00 17436.00 19053.00 
16037.00 19114.00 16410.00 
16043.00 17878.00 18712.00 
16054.00 18178.00 18181.00 
16055.00 16783.00 19371.00 
16063.00 17571.00 18858.00 
16063.00 19123.00 16590.00 
16066.00 17088.00 19213.00 
16067.00 17156.00 19132.00 
16067.00 17565.00 18984.00 
16069.00 17889.00 18697.00 
16070.00 18486.00 17789.00 
16072.00 16157.00 19532.00 
16073.00 19104.00 16597.00 
16076.00 18441.00 17864.00 
16078.00 17550.00 18941.00 
16079.00 17722.00 18860.00 
16083.00 17818.00 18714.00 
16087.00 16167.00 19494.00 
16087.00 17747.00 18728.00 
16088.00 16134.00 19493.00 
16089.00 17795.00 18778.00 
16089.00 18257.00 18122.00 
16093.00 16156.00 19512.00 
16098.00 18255.00 18191.00 
16103.00 17268.00 19066.00 
16104.00 19122.00 16477.00 
16105.00 17958.00 18565.00 
16112.00 17343.00 19024.00 
16115.00 17269.00 19056.00 
16116.00 18478.00 17786.00 
16121.00 18184.00 18313.00 
16121.00 18910.00 17057.00 
16122.00 19101.00 16680.00 
16122.00 19106.00 16360.00 
16125.00 18427.00 17954.00 
16138.00 17674.00 18853.00 
16142.00 17812.00 18777.00 
16147.00 16414.00 19510.00 
16147.00 18908.00 16929.00 
16158.00 19110.00 16605.00 
16177.00 17645.00 18793.00 
16195.00 18893.00 17040.00 
16197.00 17419.00 19001.00 
16197.00 17837.00 18762.00 
16203.00 18639.00 17540.00 
16205.00 18032.00 18432.00 
16214.00 18046.00 18437.00 
16244.00 19087.00 16329.00 
16250.00 18002.00 18423.00 
16252.00 18812.00 17260.00 
16262.00 18681.00 17513.00 
16280.00 19060.00 16378.00 
16288.00 18411.00 17942.00 
16289.00 19099.00 16427.00 
16293.00 18449.00 17989.00 
16295.00 17994.00 18426.00 
16295.00 19046.00 16216.00 
16298.00 18264.00 18105.00 
16304.00 16193.00 19402.00 
16310.00 18302.00 18093.00 
16311.00 16408.00 19411.00 
16337.00 17773.00 18706.00 
16338.00 18433.00 17842.00 
16340.00 18534.00 17782.00 
16355.00 18303.00 18131.00 
16378.00 18002.00 18420.00 
16383.00 18626.00 17648.00 
16397.00 18209.00 18284.00 
16401.00 18213.00 18140.00 
16417.00 19076.00 16594.00 
16419.00 19051.00 16254.00 
16440.00 17730.00 18707.00 
16477.00 18688.00 17304.00 
16481.00 18612.00 17540.00 
16535.00 16070.00 19309.00 
16546.00 16633.00 19301.00 
16552.00 18984.00 16373.00 
16560.00 16345.00 19275.00 
16563.00 18975.00 16523.00 
16568.00 18965.00 16174.00 
16571.00 18513.00 17503.00 
16576.00 18980.00 16338.00 
16580.00 16259.00 19218.00 
16593.00 17155.00 19106.00 
16649.00 16472.00 19226.00 
16653.00 18102.00 18054.00 
16661.00 18963.00 16400.00 
16663.00 17036.00 18944.00 
16665.00 18152.00 18069.00 
16671.00 16464.00 19204.00 
16688.00 17815.00 18387.00 
16711.00 17289.00 18815.00 
16717.00 17900.00 18413.00 
16742.00 17319.00 18675.00 
16796.00 17690.00 18449.00 
16802.00 18873.00 16339.00 
16818.00 17762.00 18637.00 
16823.00 18850.00 16338.00 
16844.00 16665.00 19181.00 
16846.00 18862.00 16346.00 
16851.00 18376.00 17414.00 
16854.00 18863.00 16319.00 
16856.00 18407.00 17443.00 
16868.00 18857.00 16321.00 
16874.00 18758.00 16394.00 
16884.00 16537.00 19251.00 
16897.00 16546.00 19155.00 
16906.00 16548.00 19149.00 
16958.00 16533.00 19137.00 
16974.00 18216.00 17690.00 
16974.00 18713.00 16469.00 
16992.00 18753.00 16373.00 
16997.00 17823.00 18298.00 
17004.00 16542.00 19119.00 
17008.00 17387.00 18564.00 
17014.00 17810.00 18295.00 
17017.00 18734.00 16662.00 
17032.00 18658.00 16614.00 
17046.00 16563.00 18982.00 
17055.00 16524.00 19077.00 
17059.00 17348.00 18563.00 
17101.00 18161.00 17798.00 
17106.00 16613.00 19082.00 
17129.00 16362.00 19009.00 
17129.00 18644.00 16555.00 
17140.00 16690.00 19007.00 
17152.00 18724.00 16465.00 
17193.00 16534.00 18876.00 
17208.00 17987.00 17654.00 
17213.00 16610.00 18875.00 
17240.00 16505.00 18868.00 
17244.00 18594.00 16506.00 
17248.00 17633.00 18234.00 
17276.00 16463.00 18983.00 
17282.00 17669.00 18280.00 
17306.00 16704.00 18902.00 
17313.00 16475.00 18836.00 
17332.00 17956.00 17677.00 
17362.00 18411.00 16410.00 
17372.00 16503.00 18796.00 
17377.00 18419.00 16869.00 
17385.00 16559.00 18837.00 
17387.00 18381.00 16895.00 
17389.00 17580.00 18044.00 
17393.00 16488.00 18844.00 
17394.00 16972.00 18666.00 
17396.00 16548.00 18779.00 
17401.00 18481.00 16577.00 
17402.00 18402.00 16879.00 
17419.00 18573.00 16427.00 
17420.00 18447.00 16890.00 
17421.00 18382.00 16602.00 
17422.00 16834.00 18669.00 
17427.00 16621.00 18789.00 
17433.00 17603.00 18201.00 
17442.00 16557.00 18724.00 
17451.00 18406.00 16655.00 
17451.00 18485.00 16461.00 
17453.00 16606.00 18721.00 
17456.00 16886.00 18523.00 
17464.00 18350.00 16580.00 
17464.00 18389.00 16567.00 
17470.00 18365.00 16540.00 
17474.00 18005.00 17276.00 
17484.00 18393.00 16696.00 
17489.00 18349.00 16505.00 
17502.00 18044.00 17339.00 
17518.00 16732.00 18646.00 
17532.00 16826.00 18631.00 
17550.00 18310.00 16542.00 
17553.00 18294.00 16910.00 
17564.00 17254.00 18161.00 
17568.00 18349.00 16651.00 
17576.00 17350.00 18077.00 
17585.00 16764.00 18445.00 
17591.00 16558.00 18637.00 
17602.00 17873.00 17482.00 
17616.00 16724.00 18590.00 
17632.00 18294.00 16409.00 
17640.00 16820.00 18512.00 
17662.00 18286.00 16806.00 
17664.00 16864.00 18389.00 
17686.00 16696.00 18500.00 
17691.00 16687.00 18453.00 
17691.00 18276.00 16625.00 
17694.00 17005.00 18375.00 
17694.00 17006.00 18364.00 
17704.00 16704.00 18370.00 
17705.00 17970.00 17274.00 
17712.00 16593.00 18444.00 
17716.00 16844.00 18371.00 
17739.00 16664.00 18416.00 
17739.00 17433.00 17831.00 
17739.00 17459.00 17840.00 
17754.00 18180.00 16655.00 
17755.00 16815.00 18424.00 
17758.00 16859.00 18451.00 
17759.00 16730.00 18323.00 
17761.00 16778.00 18342.00 
17791.00 16831.00 18285.00 
17791.00 18214.00 16941.00 
17817.00 18185.00 16627.00 
17821.00 16933.00 18360.00 
17824.00 16575.00 18332.00 
17827.00 16725.00 18347.00 
17834.00 18169.00 16598.00 
17868.00 18065.00 16478.00 
17879.00 17972.00 16799.00 
17890.00 18119.00 16674.00 
17910.00 17895.00 16986.00 
17913.00 16945.00 18125.00 
17914.00 18139.00 16411.00 
17924.00 16716.00 18265.00 
17941.00 16855.00 18245.00 
17948.00 18062.00 16429.00 
17951.00 16729.00 18276.00 
17952.00 17266.00 17964.00 
17963.00 17221.00 18007.00 
17964.00 16740.00 18188.00 
17982.00 17988.00 16531.00 
17984.00 16709.00 18105.00 
17984.00 17992.00 16636.00 
17987.00 17965.00 16709.00 
18000.00 17912.00 16434.00 
18009.00 17290.00 17695.00 
18022.00 17256.00 17764.00 
18067.00 18004.00 16696.00 
18068.00 17032.00 17914.00 
18079.00 16781.00 18084.00 
18080.00 16918.00 17981.00 
18094.00 16913.00 17942.00 
18099.00 17870.00 17102.00 
18109.00 16841.00 17965.00 
18111.00 17813.00 16768.00 
18114.00 16800.00 18021.00 
18118.00 17806.00 16743.00 
18126.00 17785.00 16582.00 
18128.00 17886.00 16783.00 
18131.00 17811.00 16706.00 
18142.00 16883.00 17891.00 
18157.00 17771.00 16625.00 
18188.00 17764.00 16662.00 
18190.00 17067.00 17658.00 
18199.00 16884.00 17820.00 
18205.00 17176.00 17505.00 
18211.00 16915.00 17811.00 
18221.00 16870.00 17726.00 
18228.00 17616.00 16796.00 
18229.00 16968.00 17570.00 
18229.00 17656.00 16895.00 
18253.00 17692.00 16490.00 
18255.00 17750.00 16939.00 
18256.00 17621.00 16827.00 
18261.00 17674.00 16866.00 
18262.00 16965.00 17545.00 
18283.00 17573.00 16623.00 
18290.00 16962.00 17674.00 
18354.00 17608.00 16625.00 
18355.00 16965.00 17488.00 
18377.00 17045.00 17314.00 
18377.00 17470.00 16702.00 
18387.00 16846.00 17408.00 
18388.00 17064.00 17467.00 
18411.00 17039.00 17347.00 
18415.00 16963.00 17349.00 
18451.00 16948.00 17297.00 
18457.00 17007.00 17186.00 
18471.00 17100.00 17154.00 
18474.00 17300.00 16839.00 
18510.00 16888.00 17134.00 
18518.00 17076.00 17054.00 
18518.00 17255.00 17029.00 
18521.00 17011.00 17010.00 
18525.00 17144.00 16775.00 
18526.00 17008.00 17094.00 
18526.00 17080.00 17034.00 
18527.00 17217.00 16980.00 
18528.00 16917.00 17030.00 
18528.00 16990.00 16946.00 
18528.00 17154.00 16816.00 
18529.00 17013.00 16964.00 
18530.00 16761.00 16719.00 
18530.00 16942.00 16836.00 
18530.00 16987.00 16639.00 
18531.00 16931.00 16730.00 
18531.00 17000.00 16977.00 
18531.00 17026.00 16980.00 
18532.00 16923.00 16701.00 
18534.00 16854.00 17006.00 
18538.00 16864.00 16835.00 
18538.00 17082.00 16816.00 
18539.00 17025.00 16678.00 
18539.00 17031.00 17062.00 
18540.00 16972.00 16954.00 
18541.00 16940.00 16839.00 
18541.00 17129.00 16845.00 
18542.00 16863.00 16691.00 
18542.00 17134.00 16756.00 
18549.00 17099.00 16716.00 
18551.00 17046.00 16771.00 
18551.00 17054.00 16769.00 
18552.00 17028.00 16902.00 
18557.00 16954.00 16780.00 
18558.00 16914.00 16747.00 
18558.00 16981.00 16873.00 
18560.00 17070.00 16884.00 
18561.00 17101.00 16987.00 
18563.00 16954.00 16838.00 
18564.00 17148.00 16966.00 
18566.00 16865.00 16711.00 
18570.00 17100.00 17191.00 
18571.00 16956.00 16712.00 
18572.00 17021.00 16828.00 
18574.00 16989.00 16624.00 
18574.00 17094.00 16916.00 
18577.00 17077.00 16816.00 
18578.00 17008.00 16661.00 
18579.00 17018.00 16847.00 
18586.00 17061.00 16884.00 
18587.00 16835.00 16881.00 
18589.00 16981.00 16695.00 
18591.00 16965.00 16778.00 
18592.00 16960.00 16924.00 
18595.00 17040.00 16818.00 
18615.00 16974.00 16789.00 
18649.00 16908.00 16869.00 
15786.00 18843.00 17249.00 
15805.00 19185.00 16341.00 
15811.00 18730.00 17523.00 
15817.00 18715.00 17374.00 
15819.00 18579.00 17774.00 
15836.00 19177.00 16360.00 
15843.00 19189.00 16397.00 
15848.00 19176.00 16601.00 
15854.00 19190.00 16384.00 
15858.00 19209.00 16365.00 
15861.00 18541.00 17640.00 
15871.00 19046.00 16986.00 
15871.00 19167.00 16261.00 
15876.00 19174.00 16348.00 
15887.00 19173.00 16214.00 
15887.00 19201.00 16477.00 
15889.00 18872.00 17199.00 
15891.00 19180.00 16319.00 
15895.00 19179.00 16451.00 
15901.00 19171.00 16594.00 
15902.00 19171.00 16329.00 
15904.00 19225.00 16316.00 
15908.00 19180.00 16328.00 
15912.00 19178.00 16321.00 
15914.00 19140.00 16624.00 
15928.00 18488.00 17724.00 
15939.00 19176.00 16398.00 
15943.00 19200.00 16497.00 
15951.00 19139.00 16672.00 
15958.00 19186.00 16499.00 
15960.00 19200.00 16359.00 
15964.00 19166.00 16567.00 
15965.00 19181.00 16312.00 
15969.00 18237.00 17979.00 
15969.00 19179.00 16365.00 
15970.00 18518.00 17836.00 
15972.00 17591.00 18753.00 
15974.00 18105.00 18252.00 
15977.00 18319.00 17919.00 
15979.00 18200.00 18195.00 
15979.00 19186.00 16289.00 
15985.00 19209.00 16391.00 
15987.00 18420.00 17967.00 
15987.00 19194.00 16461.00 
15988.00 18636.00 17597.00 
15991.00 18289.00 17979.00 
15992.00 19167.00 16321.00 
15998.00 19201.00 16383.00 
15999.00 19169.00 16517.00 
16002.00 19191.00 16546.00 
16005.00 18220.00 18084.00 
16005.00 19178.00 16315.00 
16006.00 19192.00 16412.00 
16010.00 18987.00 16887.00 
16010.00 19166.00 16422.00 
16011.00 19188.00 16381.00 
16017.00 18942.00 17198.00 
16018.00 17984.00 18302.00 
16020.00 18975.00 16974.00 
16022.00 19189.00 16479.00 
16025.00 19176.00 16459.00 
16025.00 19181.00 16310.00 
16028.00 17993.00 18299.00 
16028.00 19177.00 16234.00 
16029.00 19001.00 16849.00 
16030.00 19207.00 16371.00 
16031.00 19193.00 16527.00 
16034.00 19176.00 16423.00 
16034.00 19180.00 16339.00 
16040.00 18998.00 16976.00 
16045.00 19235.00 16489.00 
16046.00 18350.00 18006.00 
16046.00 18810.00 17334.00 
16058.00 19176.00 16344.00 
16058.00 19179.00 16203.00 
16061.00 19169.00 16536.00 
16065.00 19187.00 16611.00 
16068.00 19193.00 16468.00 
16073.00 16876.00 19203.00 
16074.00 19179.00 16328.00 
16078.00 18089.00 18253.00 
16081.00 17882.00 18527.00 
16082.00 18243.00 17987.00 
16082.00 18512.00 17645.00 
16090.00 18459.00 17774.00 
16099.00 17776.00 18669.00 
16100.00 19182.00 16446.00 
16103.00 16391.00 19323.00 
16109.00 16277.00 19344.00 
16114.00 16377.00 19350.00 
16114.00 19203.00 16319.00 
16121.00 17546.00 18846.00 
16122.00 16376.00 19301.00 
16126.00 17550.00 18776.00 
16132.00 16250.00 19377.00 
16136.00 16431.00 19334.00 
16142.00 16419.00 19301.00 
16143.00 16432.00 19345.00 
16144.00 16427.00 19351.00 
16145.00 18063.00 18206.00 
16154.00 16468.00 19324.00 
16155.00 16291.00 19350.00 
16161.00 16311.00 19305.00 
16163.00 16469.00 19317.00 
16167.00 16750.00 19357.00 
16168.00 17988.00 18325.00 
16176.00 17685.00 18686.00 
16180.00 16568.00 19367.00 
16185.00 16344.00 19319.00 
16187.00 16261.00 19335.00 
16188.00 18063.00 18225.00 
16189.00 16406.00 19343.00 
16195.00 16421.00 19376.00 
16199.00 16483.00 19400.00 
16202.00 19131.00 16610.00 
16203.00 18738.00 17486.00 
16205.00 17775.00 18597.00 
16208.00 17881.00 18526.00 
16208.00 17988.00 18335.00 
16210.00 16522.00 19383.00 
16211.00 16471.00 19332.00 
16212.00 16705.00 19286.00 
16216.00 16427.00 19394.00 
16220.00 17777.00 18600.00 
16223.00 18963.00 16892.00 
16224.00 17893.00 18621.00 
16230.00 16432.00 19326.00 
16238.00 16373.00 19325.00 
16242.00 18759.00 17333.00 
16244.00 16408.00 19339.00 
16247.00 16906.00 19173.00 
16248.00 16410.00 19323.00 
16253.00 18225.00 18063.00 
16255.00 16492.00 19317.00 
16260.00 16584.00 19389.00 
16267.00 18070.00 18281.00 
16268.00 17161.00 19087.00 
16269.00 18287.00 17916.00 
16276.00 18323.00 17889.00 
16277.00 16533.00 19316.00 
16277.00 17357.00 19012.00 
16279.00 16527.00 19320.00 
16279.00 17336.00 18972.00 
16282.00 16366.00 19394.00 
16285.00 16433.00 19373.00 
16290.00 16939.00 19154.00 
16290.00 18076.00 18240.00 
16290.00 18520.00 17650.00 
16294.00 17279.00 19009.00 
16295.00 16354.00 19328.00 
16296.00 16459.00 19345.00 
16296.00 17830.00 18506.00 
16300.00 17793.00 18536.00 
16301.00 17548.00 18799.00 
16302.00 17632.00 18747.00 
16307.00 19112.00 16247.00 
16308.00 16453.00 19309.00 
16310.00 16306.00 19326.00 
16310.00 17698.00 18769.00 
16317.00 16540.00 19340.00 
16317.00 17526.00 18853.00 
16318.00 17519.00 18873.00 
16319.00 19111.00 16565.00 
16320.00 17707.00 18664.00 
16321.00 17533.00 18827.00 
16322.00 16855.00 19261.00 
16323.00 16997.00 19142.00 
16325.00 16737.00 19300.00 
16327.00 16770.00 19337.00 
16328.00 16551.00 19338.00 
16330.00 16499.00 19301.00 
16341.00 17573.00 18810.00 
16343.00 17703.00 18817.00 
16344.00 16627.00 19300.00 
16344.00 18302.00 17856.00 
16346.00 17203.00 19097.00 
16349.00 17166.00 19054.00 
16352.00 16450.00 19316.00 
16353.00 16480.00 19321.00 
16353.00 16786.00 19315.00 
16353.00 17065.00 19127.00 
16356.00 16380.00 19324.00 
16356.00 16893.00 19148.00 
16359.00 17561.00 18908.00 
16362.00 17642.00 18754.00 
16365.00 16969.00 19158.00 
16378.00 16526.00 19326.00 
16385.00 16526.00 19360.00 
16386.00 16391.00 19327.00 
16389.00 17766.00 18526.00 
16393.00 16819.00 19266.00 
16393.00 19097.00 16424.00 
16396.00 18791.00 17180.00 
16399.00 17210.00 19000.00 
16406.00 17158.00 19041.00 
16414.00 17332.00 18947.00 
16419.00 17757.00 18587.00 
16428.00 17334.00 18965.00 
16430.00 16430.00 19309.00 
16440.00 16505.00 19318.00 
16444.00 16526.00 19305.00 
16448.00 16411.00 19305.00 
16451.00 19087.00 16476.00 
16468.00 18596.00 17360.00 
16484.00 18992.00 16428.00 
16515.00 19032.00 16514.00 
16518.00 16493.00 19301.00 
16519.00 19080.00 16530.00 
16526.00 19050.00 16366.00 
16569.00 16474.00 19281.00 
16588.00 18565.00 17276.00 
16589.00 18742.00 17179.00 
16603.00 19032.00 16297.00 
16646.00 18152.00 17866.00 
16648.00 17865.00 18175.00 
16651.00 18994.00 16304.00 
16658.00 18968.00 16209.00 
16663.00 16563.00 19218.00 
16690.00 18180.00 17798.00 
16693.00 17448.00 18802.00 
16699.00 17887.00 18237.00 
16703.00 16508.00 19215.00 
16716.00 16544.00 19198.00 
16727.00 18899.00 16382.00 
16734.00 18858.00 16405.00 
16737.00 16675.00 19153.00 
16745.00 18968.00 16354.00 
16749.00 18959.00 16400.00 
16760.00 16603.00 19144.00 
16772.00 17346.00 18762.00 
16778.00 18445.00 17195.00 
16816.00 17590.00 18552.00 
16817.00 16736.00 19072.00 
16819.00 17529.00 18585.00 
16852.00 17596.00 18430.00 
16853.00 16628.00 19105.00 
16860.00 18475.00 17224.00 
16861.00 18876.00 16619.00 
16868.00 16651.00 19130.00 
16868.00 16695.00 19087.00 
16875.00 18827.00 16446.00 
16904.00 17852.00 18145.00 
16910.00 18812.00 16320.00 
16913.00 17634.00 18419.00 
16936.00 16470.00 18991.00 
16938.00 18871.00 16525.00 
16943.00 16573.00 19006.00 
16959.00 18188.00 17505.00 
16990.00 16638.00 18973.00 
16992.00 18755.00 16509.00 
16993.00 17826.00 18015.00 
17002.00 17625.00 18408.00 
17002.00 18191.00 17543.00 
17009.00 16814.00 18966.00 
17048.00 18741.00 16367.00 
17051.00 16661.00 18948.00 
17060.00 16763.00 18943.00 
17070.00 17406.00 18519.00 
17083.00 16857.00 18825.00 
17101.00 18672.00 16513.00 
17103.00 16844.00 18874.00 
17129.00 16857.00 18814.00 
17160.00 17640.00 18132.00 
17169.00 18050.00 17510.00 
17172.00 17735.00 17987.00 
17173.00 18622.00 16602.00 
17185.00 18624.00 16372.00 
17192.00 18002.00 17458.00 
17201.00 18678.00 16553.00 
17214.00 16774.00 18793.00 
17239.00 18552.00 16729.00 
17261.00 16772.00 18867.00 
17268.00 16829.00 18733.00 
17304.00 18562.00 16485.00 
17308.00 17137.00 18530.00 
17310.00 16626.00 18739.00 
17312.00 16674.00 18746.00 
17336.00 16732.00 18708.00 
17344.00 17153.00 18491.00 
17346.00 18601.00 16559.00 
17351.00 16488.00 18669.00 
17369.00 18450.00 16818.00 
17374.00 16492.00 18687.00 
17388.00 18504.00 16667.00 
17389.00 18121.00 17243.00 
17397.00 18534.00 16651.00 
17398.00 18491.00 16593.00 
17406.00 16881.00 18663.00 
17415.00 16687.00 18640.00 
17440.00 16677.00 18638.00 
17455.00 17659.00 17820.00 
17458.00 18472.00 16545.00 
17464.00 16778.00 18615.00 
17473.00 18379.00 16715.00 
17494.00 17102.00 18363.00 
17507.00 16775.00 18521.00 
17509.00 18386.00 16677.00 
17512.00 18357.00 16508.00 
17517.00 17488.00 18062.00 
17528.00 18118.00 17277.00 
17531.00 16813.00 18518.00 
17532.00 17682.00 17842.00 
17539.00 16818.00 18526.00 
17548.00 18380.00 16802.00 
17551.00 18346.00 16633.00 
17561.00 18032.00 17180.00 
17566.00 18322.00 16601.00 
17568.00 18336.00 16670.00 
17575.00 17153.00 18370.00 
17578.00 18328.00 16567.00 
17581.00 18319.00 16718.00 
17587.00 18311.00 16777.00 
17618.00 18368.00 16733.00 
17619.00 16788.00 18424.00 
17636.00 18268.00 16589.00 
17642.00 16685.00 18468.00 
17649.00 18259.00 16678.00 
17652.00 16820.00 18379.00 
17654.00 16726.00 18405.00 
17654.00 17442.00 17911.00 
17655.00 16925.00 18325.00 
17659.00 17500.00 17689.00 
17671.00 16787.00 18380.00 
17678.00 16681.00 18351.00 
17684.00 16718.00 18307.00 
17685.00 16800.00 18315.00 
17692.00 16821.00 18279.00 
17696.00 17966.00 17305.00 
17708.00 16590.00 18376.00 
17719.00 16764.00 18307.00 
17720.00 18290.00 16632.00 
17721.00 16761.00 18271.00 
17726.00 16838.00 18251.00 
17733.00 16965.00 18308.00 
17742.00 16527.00 18217.00 
17743.00 16919.00 18291.00 
17763.00 16770.00 18168.00 
17770.00 16875.00 18239.00 
17794.00 16741.00 18376.00 
17798.00 16736.00 18235.00 
17800.00 18170.00 16734.00 
17802.00 18204.00 16622.00 
17815.00 17269.00 17846.00 
17821.00 17520.00 17654.00 
17821.00 18162.00 16681.00 
17822.00 17283.00 17810.00 
17836.00 18111.00 16828.00 
17846.00 17995.00 16850.00 
17860.00 18104.00 16874.00 
17873.00 18174.00 16649.00 
17877.00 16981.00 18107.00 
17877.00 18071.00 16499.00 
17894.00 17994.00 16885.00 
17918.00 18027.00 16829.00 
17924.00 16905.00 18103.00 
17932.00 16815.00 18183.00 
17933.00 18129.00 16703.00 
17942.00 16795.00 18030.00 
17943.00 16838.00 18097.00 
17945.00 17412.00 17666.00 
17945.00 18102.00 16702.00 
17947.00 17980.00 16686.00 
17960.00 17490.00 17585.00 
17991.00 18012.00 16593.00 
18027.00 16939.00 17964.00 
18033.00 17897.00 16766.00 
18034.00 17034.00 17744.00 
18038.00 16771.00 17996.00 
18039.00 17894.00 16691.00 
18056.00 17212.00 17738.00 
18095.00 16891.00 17880.00 
18104.00 17838.00 16726.00 
18114.00 17878.00 16784.00 
18125.00 17834.00 16705.00 
18130.00 16921.00 17800.00 
18138.00 17862.00 16649.00 
18139.00 17823.00 16655.00 
18142.00 17720.00 16922.00 
18150.00 16983.00 17926.00 
18151.00 17338.00 17411.00 
18165.00 17377.00 17464.00 
18169.00 17807.00 17186.00 
18176.00 17717.00 17059.00 
18176.00 17808.00 16616.00 
18189.00 16759.00 17775.00 
18197.00 16781.00 17872.00 
18210.00 17616.00 17258.00 
18213.00 16901.00 17700.00 
18224.00 17643.00 16808.00 
18235.00 17535.00 17117.00 
18244.00 17542.00 17041.00 
18250.00 17637.00 16737.00 
18273.00 17251.00 17442.00 
18281.00 17321.00 17323.00 
18307.00 16840.00 17512.00 
18333.00 16940.00 17494.00 
18339.00 16641.00 17564.00 
18342.00 16959.00 17484.00 
18346.00 16970.00 17531.00 
18387.00 17121.00 17447.00 
18407.00 17026.00 17431.00 
18414.00 17121.00 17214.00 
18416.00 17460.00 16952.00 
18434.00 17155.00 17393.00 
18436.00 17059.00 17312.00 
18438.00 17306.00 16986.00 
18441.00 17308.00 16931.00 
18443.00 17073.00 17212.00 
18444.00 17345.00 17009.00 
18448.00 17052.00 17413.00 
18448.00 17135.00 17205.00 
18454.00 16908.00 17175.00 
18456.00 16963.00 17174.00 
18456.00 17170.00 17055.00 
18457.00 17153.00 17008.00 
18458.00 17113.00 17024.00 
18458.00 17203.00 17048.00 
18459.00 17091.00 17001.00 
18459.00 17094.00 16909.00 
18461.00 17080.00 17179.00 
18462.00 17083.00 17052.00 
18465.00 17056.00 17098.00 
18465.00 17115.00 17076.00 
18466.00 17076.00 17072.00 
18468.00 17020.00 16948.00 
18469.00 17152.00 17213.00 
18470.00 17227.00 16951.00 
18471.00 16992.00 16992.00 
18471.00 17035.00 17124.00 
18474.00 17030.00 16834.00 
18474.00 17051.00 16991.00 
18474.00 17193.00 16974.00 
18481.00 17052.00 16987.00 
18484.00 16821.00 16909.00 
18484.00 16976.00 17071.00 
18485.00 17024.00 17078.00 
18486.00 17046.00 17153.00 
18487.00 16824.00 16995.00 
18488.00 17129.00 16963.00 
18490.00 17112.00 17141.00 
18491.00 17017.00 16952.00 
18492.00 17244.00 17464.00 
18493.00 17077.00 16902.00 
18494.00 17015.00 16940.00 
18496.00 16862.00 16889.00 
18496.00 17108.00 16955.00 
18499.00 17246.00 16995.00 
18503.00 16871.00 17118.00 
18504.00 17171.00 16760.00 
18505.00 17023.00 16922.00 
18506.00 16942.00 16999.00 
18507.00 17089.00 17108.00 
18510.00 17181.00 16952.00 
18511.00 16896.00 16906.00 
18511.00 17034.00 17089.00 
18513.00 17151.00 17025.00 
18515.00 17047.00 16985.00 
18516.00 17165.00 16849.00 
18523.00 17064.00 17186.00 
18527.00 17203.00 17026.00 
18531.00 17148.00 17007.00 
18532.00 17050.00 17111.00 
15812.00 16353.00 19353.00 
15861.00 16651.00 19349.00 
15882.00 16331.00 19354.00 
15911.00 16566.00 19351.00 
15935.00 16564.00 19372.00 
15937.00 16944.00 19296.00 
15939.00 16640.00 19369.00 
15942.00 17033.00 19220.00 
15942.00 17197.00 19078.00 
15949.00 16491.00 19365.00 
15982.00 16636.00 19351.00 
15982.00 16680.00 19351.00 
15984.00 16511.00 19368.00 
15985.00 17332.00 19038.00 
15987.00 16678.00 19378.00 
15988.00 16776.00 19339.00 
15990.00 16949.00 19322.00 
15993.00 16809.00 19319.00 
15994.00 16345.00 19394.00 
15995.00 17038.00 19246.00 
15999.00 16688.00 19369.00 
16000.00 16665.00 19402.00 
16001.00 16646.00 19362.00 
16003.00 16427.00 19378.00 
16009.00 16554.00 19353.00 
16011.00 16623.00 19360.00 
16014.00 16438.00 19389.00 
16014.00 16484.00 19363.00 
16015.00 16576.00 19384.00 
16018.00 16411.00 19437.00 
16022.00 16655.00 19396.00 
16023.00 16602.00 19420.00 
16024.00 16658.00 19368.00 
16029.00 16437.00 19420.00 
16029.00 16594.00 19389.00 
16033.00 16503.00 19373.00 
16034.00 16471.00 19409.00 
16041.00 16445.00 19480.00 
16042.00 16728.00 19351.00 
16042.00 17533.00 18791.00 
16046.00 16522.00 19346.00 
16054.00 16768.00 19370.00 
16055.00 16619.00 19347.00 
16058.00 16613.00 19398.00 
16059.00 17697.00 18654.00 
16060.00 16847.00 19330.00 
16071.00 16706.00 19354.00 
16072.00 16556.00 19423.00 
16072.00 17429.00 18918.00 
16076.00 17699.00 18705.00 
16084.00 16546.00 19386.00 
16088.00 18653.00 17465.00 
16091.00 16706.00 19415.00 
16094.00 18809.00 16915.00 
16096.00 16554.00 19446.00 
16097.00 17247.00 19062.00 
16101.00 17688.00 18602.00 
16102.00 16685.00 19373.00 
16102.00 18949.00 16147.00 
16104.00 16463.00 19356.00 
16114.00 17443.00 18932.00 
16115.00 17140.00 19183.00 
16117.00 17144.00 19172.00 
16120.00 16444.00 19352.00 
16122.00 16481.00 19404.00 
16124.00 18987.00 16126.00 
16125.00 17873.00 18511.00 
16128.00 17512.00 18832.00 
16138.00 16419.00 19439.00 
16139.00 17765.00 18602.00 
16139.00 18949.00 16121.00 
16140.00 17434.00 18929.00 
16141.00 16456.00 19384.00 
16141.00 19066.00 16292.00 
16145.00 16513.00 19377.00 
16150.00 17145.00 19140.00 
16151.00 18212.00 18075.00 
16155.00 16498.00 19479.00 
16155.00 17194.00 19064.00 
16167.00 17389.00 19014.00 
16171.00 16595.00 19397.00 
16174.00 17178.00 19122.00 
16174.00 18880.00 16898.00 
16175.00 17534.00 18865.00 
16177.00 18101.00 18132.00 
16181.00 18852.00 17098.00 
16182.00 16508.00 19397.00 
16183.00 17523.00 18804.00 
16196.00 17874.00 18436.00 
16201.00 17103.00 19154.00 
16202.00 18804.00 17176.00 
16203.00 17937.00 18413.00 
16205.00 18967.00 16099.00 
16209.00 18669.00 17589.00 
16210.00 17923.00 18378.00 
16214.00 18943.00 16206.00 
16214.00 18945.00 16161.00 
16221.00 18992.00 16220.00 
16225.00 17371.00 19007.00 
16231.00 17866.00 18433.00 
16236.00 18670.00 17532.00 
16236.00 18749.00 17051.00 
16239.00 18089.00 18155.00 
16243.00 18574.00 17592.00 
16246.00 17910.00 18338.00 
16246.00 18933.00 16795.00 
16250.00 17363.00 18980.00 
16255.00 17288.00 19007.00 
16256.00 17824.00 18420.00 
16256.00 19032.00 16234.00 
16259.00 18782.00 17093.00 
16262.00 18984.00 16310.00 
16263.00 17437.00 18855.00 
16264.00 18228.00 18075.00 
16268.00 17456.00 18947.00 
16270.00 17673.00 18640.00 
16270.00 18604.00 17547.00 
16274.00 18100.00 18169.00 
16278.00 18951.00 16083.00 
16283.00 18881.00 16883.00 
16286.00 17908.00 18302.00 
16290.00 16590.00 19338.00 
16291.00 16863.00 19323.00 
16291.00 17680.00 18726.00 
16292.00 18765.00 17200.00 
16298.00 18957.00 16258.00 
16303.00 17491.00 18860.00 
16308.00 18940.00 16056.00 
16309.00 18967.00 16260.00 
16315.00 18725.00 17377.00 
16321.00 18922.00 16776.00 
16321.00 18991.00 16289.00 
16324.00 16663.00 19312.00 
16327.00 18990.00 16453.00 
16328.00 17588.00 18714.00 
16334.00 16576.00 19396.00 
16334.00 18941.00 16401.00 
16341.00 16810.00 19307.00 
16341.00 18955.00 16207.00 
16342.00 18705.00 17466.00 
16345.00 18980.00 16262.00 
16346.00 18986.00 16243.00 
16347.00 17181.00 19110.00 
16351.00 18447.00 17784.00 
16352.00 18774.00 17022.00 
16353.00 16667.00 19365.00 
16356.00 17900.00 18377.00 
16359.00 18696.00 17384.00 
16359.00 18965.00 16150.00 
16367.00 18949.00 16247.00 
16370.00 17959.00 18417.00 
16374.00 18967.00 16204.00 
16375.00 17655.00 18616.00 
16375.00 17709.00 18608.00 
16376.00 16758.00 19358.00 
16377.00 18976.00 16274.00 
16379.00 18363.00 17943.00 
16380.00 18618.00 17318.00 
16381.00 18947.00 16248.00 
16385.00 19026.00 16315.00 
16387.00 18969.00 16396.00 
16388.00 17642.00 18677.00 
16401.00 18952.00 16257.00 
16404.00 19015.00 16241.00 
16406.00 17957.00 18366.00 
16407.00 19014.00 16441.00 
16409.00 18999.00 16341.00 
16410.00 18961.00 16248.00 
16411.00 19024.00 16378.00 
16415.00 18379.00 17858.00 
16417.00 18982.00 16448.00 
16420.00 16605.00 19316.00 
16424.00 18962.00 16307.00 
16426.00 18942.00 16246.00 
16427.00 18937.00 16794.00 
16428.00 18952.00 16123.00 
16434.00 18368.00 17854.00 
16438.00 18086.00 18146.00 
16438.00 18429.00 17723.00 
16439.00 16773.00 19297.00 
16439.00 18948.00 16402.00 
16443.00 18968.00 16322.00 
16445.00 16674.00 19365.00 
16446.00 18163.00 18080.00 
16458.00 18560.00 17623.00 
16465.00 18582.00 17360.00 
16472.00 18956.00 16217.00 
16474.00 18185.00 18020.00 
16479.00 16607.00 19287.00 
16481.00 16654.00 19247.00 
16481.00 18922.00 16568.00 
16481.00 18963.00 16407.00 
16484.00 18335.00 17909.00 
16490.00 18159.00 18148.00 
16492.00 18964.00 16160.00 
16493.00 18234.00 17999.00 
16494.00 18967.00 16326.00 
16498.00 19021.00 16316.00 
16504.00 18442.00 17811.00 
16507.00 18946.00 16233.00 
16514.00 18951.00 16395.00 
16522.00 18946.00 16243.00 
16544.00 18940.00 16251.00 
16545.00 18953.00 16322.00 
16548.00 18961.00 16230.00 
16552.00 18364.00 17787.00 
16587.00 16736.00 19214.00 
16593.00 18423.00 17705.00 
16611.00 17131.00 18843.00 
16618.00 18413.00 17577.00 
16622.00 17847.00 18261.00 
16631.00 18935.00 16157.00 
16643.00 16746.00 19189.00 
16643.00 16782.00 19095.00 
16651.00 16896.00 19102.00 
16651.00 18905.00 16275.00 
16653.00 16750.00 19144.00 
16657.00 18923.00 16331.00 
16684.00 16705.00 19217.00 
16689.00 18904.00 16577.00 
16728.00 16601.00 19181.00 
16743.00 18849.00 16122.00 
16770.00 17134.00 18848.00 
16792.00 18050.00 18024.00 
16793.00 18021.00 17998.00 
16805.00 16725.00 19092.00 
16810.00 18884.00 16395.00 
16814.00 18859.00 16282.00 
16843.00 16697.00 19083.00 
16855.00 17427.00 18543.00 
16866.00 16651.00 18996.00 
16873.00 18390.00 17427.00 
16887.00 16640.00 19025.00 
16888.00 18821.00 16278.00 
16924.00 17517.00 18511.00 
16942.00 17401.00 18692.00 
16949.00 17778.00 18378.00 
16962.00 18780.00 16419.00 
16964.00 18798.00 16390.00 
16986.00 16593.00 18975.00 
16990.00 18776.00 16440.00 
17008.00 17689.00 18134.00 
17022.00 16969.00 18990.00 
17075.00 18737.00 16374.00 
17081.00 18156.00 17718.00 
17083.00 18726.00 16347.00 
17084.00 18601.00 16314.00 
17100.00 17330.00 18611.00 
17107.00 18625.00 16566.00 
17114.00 18400.00 17341.00 
17119.00 17758.00 18159.00 
17122.00 16672.00 18899.00 
17136.00 18733.00 16280.00 
17137.00 18157.00 17655.00 
17158.00 18668.00 16448.00 
17181.00 16591.00 18833.00 
17184.00 18682.00 16315.00 
17203.00 16652.00 18878.00 
17210.00 16805.00 18820.00 
17215.00 18461.00 16720.00 
17220.00 16513.00 18808.00 
17243.00 16493.00 18800.00 
17248.00 17353.00 18485.00 
17252.00 17062.00 18752.00 
17256.00 18606.00 16444.00 
17274.00 17505.00 18222.00 
17291.00 18610.00 16531.00 
17298.00 17327.00 18541.00 
17325.00 17900.00 17614.00 
17329.00 17909.00 17660.00 
17340.00 18623.00 16481.00 
17348.00 16592.00 18725.00 
17350.00 16779.00 18886.00 
17361.00 17029.00 18602.00 
17383.00 16809.00 18700.00 
17383.00 18343.00 16920.00 
17392.00 16807.00 18698.00 
17404.00 16985.00 18527.00 
17426.00 18489.00 16375.00 
17431.00 16630.00 18679.00 
17432.00 18487.00 16460.00 
17441.00 17485.00 17977.00 
17445.00 17552.00 17959.00 
17465.00 18378.00 16270.00 
17467.00 18442.00 16402.00 
17475.00 17492.00 18105.00 
17475.00 18253.00 16881.00 
17523.00 18008.00 17427.00 
17542.00 16668.00 18688.00 
17550.00 16567.00 18629.00 
17560.00 18354.00 16323.00 
17569.00 16578.00 18571.00 
17569.00 16838.00 18535.00 
17569.00 17109.00 18405.00 
17586.00 18253.00 16697.00 
17604.00 18377.00 16502.00 
17607.00 18191.00 16984.00 
17608.00 18419.00 16271.00 
17618.00 18252.00 16476.00 
17630.00 17360.00 18054.00 
17631.00 16765.00 18515.00 
17632.00 18280.00 16735.00 
17633.00 16752.00 18560.00 
17634.00 18260.00 16361.00 
17636.00 16638.00 18467.00 
17644.00 17344.00 18035.00 
17661.00 16469.00 18516.00 
17661.00 16589.00 18514.00 
17684.00 16659.00 18448.00 
17687.00 16524.00 18436.00 
17690.00 16770.00 18491.00 
17692.00 16882.00 18411.00 
17694.00 17874.00 17359.00 
17697.00 18224.00 16543.00 
17698.00 16659.00 18438.00 
17698.00 17832.00 17561.00 
17701.00 18223.00 16503.00 
17706.00 18201.00 16824.00 
17708.00 18210.00 16605.00 
17710.00 18242.00 16786.00 
17711.00 18215.00 16373.00 
17712.00 17976.00 17317.00 
17715.00 16652.00 18523.00 
17720.00 16719.00 18440.00 
17734.00 16959.00 18392.00 
17746.00 16741.00 18450.00 
17748.00 16745.00 18417.00 
17755.00 18149.00 16622.00 
17759.00 16819.00 18496.00 
17772.00 16534.00 18385.00 
17778.00 18247.00 16525.00 
17793.00 16620.00 18356.00 
17797.00 18191.00 16627.00 
17800.00 16700.00 18371.00 
17803.00 16783.00 18302.00 
17803.00 17911.00 17031.00 
17811.00 17390.00 17931.00 
17854.00 16786.00 18417.00 
17860.00 16797.00 18293.00 
17863.00 17426.00 17812.00 
17875.00 17217.00 18002.00 
17879.00 17027.00 18114.00 
17885.00 18112.00 16467.00 
17892.00 16910.00 18286.00 
17901.00 17883.00 17015.00 
17905.00 16788.00 18332.00 
17909.00 18047.00 16455.00 
17912.00 16778.00 18295.00 
17927.00 18138.00 16312.00 
17929.00 16722.00 18175.00 
17930.00 17899.00 16756.00 
17946.00 16778.00 18208.00 
17947.00 16803.00 18145.00 
17961.00 17903.00 17072.00 
17969.00 18083.00 16613.00 
17974.00 16778.00 18191.00 
17975.00 17267.00 17766.00 
17977.00 18088.00 16659.00 
17990.00 18052.00 16597.00 
17996.00 17987.00 16493.00 
18033.00 17964.00 16494.00 
18048.00 16863.00 18064.00 
18055.00 17928.00 16587.00 
18059.00 16628.00 18076.00 
18068.00 17224.00 17792.00 
18078.00 16915.00 17858.00 
18095.00 16729.00 17975.00 
18108.00 16922.00 17860.00 
18119.00 17847.00 16799.00 
18124.00 16821.00 17961.00 
18124.00 16894.00 18047.00 
18134.00 17927.00 16571.00 
18141.00 17825.00 16427.00 
18162.00 17849.00 16466.00 
18168.00 17895.00 16633.00 
18170.00 16824.00 17886.00 
18175.00 17899.00 16690.00 
18180.00 17177.00 17657.00 
18203.00 16759.00 17780.00 
18206.00 17807.00 16466.00 
18214.00 17714.00 16719.00 
18218.00 16803.00 17781.00 
18222.00 17216.00 17578.00 
18223.00 16784.00 17735.00 
18225.00 17755.00 16602.00 
18239.00 17698.00 16721.00 
18240.00 17738.00 16543.00 
18272.00 17666.00 16782.00 
18291.00 16855.00 17695.00 
18309.00 16972.00 17562.00 
18310.00 17014.00 17424.00 
18311.00 16902.00 17694.00 
18326.00 16804.00 17707.00 
18329.00 16919.00 17553.00 
18329.00 17670.00 16665.00 
18335.00 17610.00 16639.00 
18337.00 17717.00 16636.00 
18344.00 16773.00 17492.00 
18347.00 16801.00 17487.00 
18358.00 17594.00 16781.00 
18367.00 17059.00 17425.00 
18371.00 17560.00 16650.00 
18406.00 17492.00 16753.00 
18413.00 16999.00 17407.00 
18446.00 16984.00 17244.00 
18446.00 17077.00 17391.00 
18449.00 16940.00 17271.00 
18450.00 17214.00 17210.00 
18456.00 17052.00 17286.00 
18464.00 17215.00 17221.00 
18466.00 17123.00 17163.00 
18472.00 17332.00 16721.00 
18486.00 17286.00 16711.00 
18489.00 17017.00 17060.00 
18491.00 17062.00 17052.00 
18491.00 17094.00 17095.00 
18491.00 17147.00 16703.00 
18491.00 17230.00 17059.00 
18492.00 16982.00 17038.00 
18492.00 17067.00 16554.00 
18494.00 17056.00 16799.00 
18494.00 17147.00 16834.00 
18495.00 16905.00 17099.00 
18495.00 17248.00 16763.00 
18498.00 16934.00 16844.00 
18500.00 16973.00 16788.00 
18501.00 16808.00 16967.00 
18502.00 16894.00 16868.00 
18502.00 17056.00 16865.00 
18502.00 17136.00 16952.00 
18503.00 17089.00 16877.00 
18504.00 17026.00 16642.00 
18504.00 17031.00 16990.00 
18504.00 17052.00 16547.00 
18506.00 17079.00 16795.00 
18506.00 17263.00 16841.00 
18507.00 17139.00 16660.00 
18508.00 17169.00 16688.00 
18509.00 16873.00 16683.00 
18509.00 17053.00 16787.00 
18509.00 17260.00 16584.00 
18511.00 17015.00 16770.00 
18511.00 17048.00 16651.00 
18511.00 17170.00 17235.00 
18512.00 17035.00 16599.00 
18512.00 17039.00 16669.00 
18512.00 17089.00 16843.00 
18513.00 17120.00 16597.00 
18514.00 17011.00 16986.00 
18516.00 17008.00 16792.00 
18516.00 17141.00 16640.00 
18520.00 17139.00 16704.00 
18524.00 17068.00 16654.00 
18525.00 17142.00 17034.00 
18527.00 16952.00 16789.00 
18528.00 17132.00 16716.00 
18533.00 16885.00 16569.00 
18533.00 17166.00 16750.00 
18544.00 16872.00 16711.00 
18547.00 17050.00 16916.00 
18549.00 17152.00 16703.00 
18569.00 17019.00 16833.00 
15835.00 18916.00 16816.00 
15889.00 19143.00 16447.00 
15938.00 19209.00 16240.00 
15964.00 19131.00 16186.00 
15970.00 19138.00 16318.00 
15986.00 19180.00 16139.00 
16009.00 19141.00 16306.00 
16014.00 19169.00 16205.00 
16022.00 19207.00 16197.00 
16023.00 19177.00 16281.00 
16032.00 19141.00 16372.00 
16037.00 19130.00 16391.00 
16037.00 19140.00 16318.00 
16039.00 19182.00 16252.00 
16040.00 19175.00 16146.00 
16046.00 19136.00 16302.00 
16052.00 19129.00 16214.00 
16053.00 19142.00 16087.00 
16058.00 19131.00 16283.00 
16060.00 19134.00 16263.00 
16061.00 19138.00 16141.00 
16062.00 19072.00 16483.00 
16063.00 18923.00 16823.00 
16066.00 19151.00 16244.00 
16067.00 19142.00 16295.00 
16071.00 19163.00 16204.00 
16073.00 19143.00 16450.00 
16074.00 19130.00 16150.00 
16076.00 19117.00 16486.00 
16081.00 19154.00 16260.00 
16087.00 19131.00 16350.00 
16088.00 19148.00 16230.00 
16091.00 19141.00 16294.00 
16092.00 19174.00 16302.00 
16093.00 19132.00 16505.00 
16095.00 19139.00 16191.00 
16108.00 19131.00 16212.00 
16109.00 19149.00 16203.00 
16110.00 19142.00 16236.00 
16110.00 19150.00 16221.00 
16113.00 19173.00 16271.00 
16116.00 19177.00 16246.00 
16124.00 19138.00 16121.00 
16128.00 19133.00 16190.00 
16133.00 16623.00 19359.00 
16134.00 19129.00 16304.00 
16138.00 17558.00 18808.00 
16139.00 17996.00 18304.00 
16140.00 19184.00 16315.00 
16141.00 19159.00 16189.00 
16142.00 16556.00 19336.00 
16144.00 19167.00 16212.00 
16146.00 16408.00 19338.00 
16150.00 17524.00 18831.00 
16154.00 18846.00 17100.00 
16154.00 19155.00 16168.00 
16157.00 18824.00 17239.00 
16158.00 18898.00 16933.00 
16163.00 16475.00 19360.00 
16169.00 16560.00 19329.00 
16170.00 18904.00 16841.00 
16172.00 16499.00 19368.00 
16176.00 19206.00 16254.00 
16177.00 19129.00 16300.00 
16177.00 19180.00 16242.00 
16180.00 16370.00 19378.00 
16185.00 16490.00 19355.00 
16185.00 17299.00 19020.00 
16188.00 19143.00 16281.00 
16192.00 19159.00 16314.00 
16196.00 16394.00 19333.00 
16196.00 18104.00 18285.00 
16199.00 18696.00 17395.00 
16203.00 18733.00 17337.00 
16205.00 17555.00 18791.00 
16211.00 16480.00 19379.00 
16214.00 18932.00 16844.00 
16219.00 18518.00 17648.00 
16220.00 17380.00 19021.00 
16221.00 16590.00 19330.00 
16223.00 16449.00 19335.00 
16223.00 17543.00 18884.00 
16224.00 17568.00 18824.00 
16225.00 16624.00 19323.00 
16233.00 17449.00 18900.00 
16234.00 16607.00 19364.00 
16235.00 17383.00 19009.00 
16235.00 17534.00 18823.00 
16237.00 16446.00 19320.00 
16240.00 16625.00 19350.00 
16244.00 17334.00 19032.00 
16248.00 17079.00 19170.00 
16251.00 18800.00 17068.00 
16255.00 17852.00 18516.00 
16259.00 16616.00 19370.00 
16260.00 17824.00 18543.00 
16261.00 17845.00 18557.00 
16262.00 16459.00 19317.00 
16262.00 16679.00 19374.00 
16264.00 16736.00 19365.00 
16264.00 18222.00 18134.00 
16265.00 16425.00 19390.00 
16265.00 16533.00 19327.00 
16267.00 16614.00 19373.00 
16268.00 18285.00 17952.00 
16270.00 16585.00 19318.00 
16271.00 18482.00 17709.00 
16274.00 16804.00 19315.00 
16278.00 17227.00 19117.00 
16279.00 16760.00 19346.00 
16280.00 17612.00 18726.00 
16280.00 17711.00 18705.00 
16282.00 18009.00 18287.00 
16286.00 16505.00 19371.00 
16286.00 16675.00 19359.00 
16286.00 16707.00 19355.00 
16287.00 18775.00 17210.00 
16288.00 16569.00 19348.00 
16288.00 16818.00 19280.00 
16290.00 17467.00 18863.00 
16295.00 16648.00 19330.00 
16296.00 16771.00 19372.00 
16299.00 18603.00 17617.00 
16300.00 16617.00 19325.00 
16302.00 16599.00 19397.00 
16303.00 16655.00 19326.00 
16310.00 16470.00 19407.00 
16314.00 18999.00 16599.00 
16319.00 16485.00 19333.00 
16321.00 16924.00 19284.00 
16322.00 16529.00 19347.00 
16322.00 16594.00 19327.00 
16322.00 18796.00 17160.00 
16323.00 16522.00 19350.00 
16327.00 19005.00 16626.00 
16330.00 18278.00 18083.00 
16332.00 16459.00 19342.00 
16333.00 18829.00 17102.00 
16334.00 16787.00 19338.00 
16336.00 16496.00 19359.00 
16337.00 17527.00 18919.00 
16350.00 18242.00 18037.00 
16358.00 18916.00 16865.00 
16363.00 16579.00 19343.00 
16368.00 17963.00 18265.00 
16369.00 19083.00 16288.00 
16370.00 16571.00 19340.00 
16370.00 16649.00 19343.00 
16372.00 16610.00 19332.00 
16373.00 16632.00 19320.00 
16375.00 17206.00 19056.00 
16379.00 16770.00 19335.00 
16386.00 16683.00 19352.00 
16387.00 18210.00 18028.00 
16389.00 16634.00 19316.00 
16391.00 17503.00 18908.00 
16394.00 16527.00 19324.00 
16394.00 18526.00 17613.00 
16401.00 16523.00 19348.00 
16401.00 18030.00 18222.00 
16403.00 16812.00 19258.00 
16403.00 18471.00 17695.00 
16404.00 17445.00 18863.00 
16408.00 16846.00 19287.00 
16415.00 18242.00 18105.00 
16417.00 17539.00 18732.00 
16421.00 16808.00 19279.00 
16427.00 18542.00 17675.00 
16431.00 18724.00 17238.00 
16432.00 18490.00 17615.00 
16434.00 17818.00 18576.00 
16436.00 17846.00 18511.00 
16437.00 18642.00 17495.00 
16438.00 17057.00 19167.00 
16442.00 19103.00 16510.00 
16446.00 18311.00 18023.00 
16449.00 17746.00 18582.00 
16452.00 16680.00 19339.00 
16452.00 17117.00 19164.00 
16459.00 18032.00 18233.00 
16459.00 18440.00 17690.00 
16467.00 18275.00 17966.00 
16469.00 17766.00 18595.00 
16471.00 16814.00 19254.00 
16475.00 16835.00 19313.00 
16476.00 18294.00 17939.00 
16476.00 18769.00 17112.00 
16478.00 17234.00 19034.00 
16481.00 16725.00 19388.00 
16487.00 18352.00 17918.00 
16489.00 16979.00 19222.00 
16491.00 18044.00 18298.00 
16496.00 17717.00 18585.00 
16507.00 17723.00 18517.00 
16515.00 16561.00 19297.00 
16515.00 19032.00 16346.00 
16519.00 17212.00 19009.00 
16522.00 17761.00 18501.00 
16523.00 18221.00 17995.00 
16531.00 17071.00 19150.00 
16544.00 19024.00 16262.00 
16549.00 18280.00 17955.00 
16556.00 17970.00 18264.00 
16573.00 18062.00 18241.00 
16583.00 18963.00 16260.00 
16594.00 18964.00 16322.00 
16598.00 16880.00 19229.00 
16618.00 18098.00 18225.00 
16647.00 16718.00 19232.00 
16659.00 18547.00 17538.00 
16673.00 16556.00 19227.00 
16690.00 16825.00 19223.00 
16698.00 18533.00 17398.00 
16712.00 16349.00 19179.00 
16718.00 18464.00 17660.00 
16721.00 18950.00 16280.00 
16735.00 18938.00 16358.00 
16739.00 17486.00 18562.00 
16744.00 16701.00 19197.00 
16750.00 17468.00 18754.00 
16769.00 18890.00 16356.00 
16777.00 17912.00 18228.00 
16788.00 18863.00 16448.00 
16803.00 18853.00 16404.00 
16821.00 18168.00 17851.00 
16831.00 17820.00 18216.00 
16878.00 16885.00 19102.00 
16884.00 16561.00 19166.00 
16885.00 17560.00 18567.00 
16890.00 18945.00 16305.00 
16904.00 17311.00 18790.00 
16909.00 16938.00 19055.00 
16928.00 18163.00 17782.00 
16934.00 18499.00 17213.00 
16965.00 18822.00 16281.00 
16981.00 16660.00 19017.00 
16983.00 17568.00 18582.00 
17024.00 18445.00 17208.00 
17029.00 18822.00 16241.00 
17050.00 18727.00 16659.00 
17067.00 16816.00 18946.00 
17067.00 17492.00 18524.00 
17074.00 16589.00 19072.00 
17074.00 17874.00 18075.00 
17116.00 18762.00 16243.00 
17124.00 16708.00 19032.00 
17136.00 16587.00 18966.00 
17136.00 17758.00 18121.00 
17156.00 18690.00 16395.00 
17189.00 16783.00 18941.00 
17193.00 16593.00 18918.00 
17197.00 18160.00 17525.00 
17203.00 18675.00 16365.00 
17209.00 16677.00 18873.00 
17223.00 17423.00 18422.00 
17236.00 17527.00 18466.00 
17258.00 18171.00 17492.00 
17262.00 16720.00 18786.00 
17291.00 18637.00 16688.00 
17315.00 18649.00 16285.00 
17316.00 16821.00 18744.00 
17321.00 16856.00 18810.00 
17324.00 18641.00 16539.00 
17359.00 17683.00 17997.00 
17386.00 16437.00 18776.00 
17393.00 18014.00 17516.00 
17395.00 17989.00 17497.00 
17395.00 18572.00 16440.00 
17408.00 16522.00 18673.00 
17411.00 18550.00 16516.00 
17417.00 18503.00 16597.00 
17426.00 17753.00 17993.00 
17433.00 16837.00 18733.00 
17447.00 18549.00 16416.00 
17459.00 16366.00 18696.00 
17480.00 16667.00 18676.00 
17482.00 17017.00 18588.00 
17484.00 16848.00 18562.00 
17491.00 18299.00 16954.00 
17499.00 18472.00 16626.00 
17510.00 18504.00 16402.00 
17510.00 18505.00 16541.00 
17522.00 18452.00 16519.00 
17526.00 17073.00 18447.00 
17527.00 16608.00 18656.00 
17531.00 17631.00 17816.00 
17536.00 16903.00 18557.00 
17540.00 16656.00 18533.00 
17547.00 16845.00 18450.00 
17549.00 16677.00 18506.00 
17556.00 17072.00 18436.00 
17559.00 18367.00 16630.00 
17562.00 16534.00 18649.00 
17566.00 16914.00 18479.00 
17572.00 16713.00 18548.00 
17575.00 16719.00 18613.00 
17580.00 18363.00 16655.00 
17588.00 18071.00 17242.00 
17596.00 18432.00 16772.00 
17607.00 18401.00 16548.00 
17623.00 18311.00 16796.00 
17632.00 16606.00 18483.00 
17635.00 17118.00 18306.00 
17635.00 18482.00 16617.00 
17636.00 18346.00 16542.00 
17641.00 16613.00 18455.00 
17644.00 18356.00 16726.00 
17664.00 18418.00 16597.00 
17672.00 18248.00 16868.00 
17688.00 17035.00 18281.00 
17689.00 17637.00 17844.00 
17695.00 16698.00 18460.00 
17710.00 16485.00 18522.00 
17710.00 18065.00 17123.00 
17711.00 17422.00 17949.00 
17716.00 17497.00 17862.00 
17721.00 16615.00 18422.00 
17723.00 16657.00 18445.00 
17724.00 18325.00 16588.00 
17740.00 16765.00 18437.00 
17741.00 16640.00 18382.00 
17743.00 17939.00 17239.00 
17755.00 17936.00 17408.00 
17775.00 16687.00 18311.00 
17778.00 18317.00 16464.00 
17778.00 18338.00 16723.00 
17783.00 16796.00 18311.00 
17798.00 18284.00 16572.00 
17815.00 16738.00 18340.00 
17815.00 18198.00 16414.00 
17833.00 18329.00 16504.00 
17841.00 16816.00 18266.00 
17843.00 16883.00 18297.00 
17879.00 16795.00 18273.00 
17882.00 18170.00 16475.00 
17893.00 17571.00 17653.00 
17896.00 17471.00 17682.00 
17914.00 16660.00 18192.00 
17914.00 16945.00 18199.00 
17923.00 16864.00 18158.00 
17936.00 16797.00 18131.00 
17939.00 18032.00 16701.00 
17940.00 18087.00 16559.00 
17954.00 18100.00 16673.00 
17958.00 18046.00 16674.00 
17962.00 16739.00 18183.00 
17966.00 16973.00 18184.00 
17970.00 18124.00 16484.00 
17998.00 17254.00 17794.00 
18023.00 18072.00 16879.00 
18037.00 16622.00 18030.00 
18040.00 17992.00 16853.00 
18052.00 17032.00 17922.00 
18053.00 17995.00 16551.00 
18064.00 17956.00 16768.00 
18066.00 17958.00 16694.00 
18075.00 17921.00 16551.00 
18104.00 16730.00 17912.00 
18109.00 17948.00 16823.00 
18123.00 16761.00 17999.00 
18128.00 17339.00 17581.00 
18161.00 17158.00 17734.00 
18168.00 17901.00 16614.00 
18186.00 16798.00 17790.00 
18190.00 17019.00 17786.00 
18191.00 17322.00 17545.00 
18194.00 17849.00 16664.00 
18207.00 17840.00 16720.00 
18225.00 16893.00 17824.00 
18226.00 16917.00 17808.00 
18229.00 16923.00 17721.00 
18230.00 16798.00 17759.00 
18238.00 17810.00 16789.00 
18255.00 17779.00 16829.00 
18255.00 17834.00 16711.00 
18261.00 17799.00 16725.00 
18268.00 17023.00 17694.00 
18282.00 17741.00 16813.00 
18284.00 17863.00 16737.00 
18290.00 16784.00 17764.00 
18293.00 17034.00 17626.00 
18301.00 16888.00 17546.00 
18308.00 17138.00 17558.00 
18318.00 17729.00 16662.00 
18321.00 17659.00 16501.00 
18327.00 17630.00 16692.00 
18340.00 17007.00 17532.00 
18357.00 16711.00 17570.00 
18364.00 16910.00 17468.00 
18376.00 17004.00 17515.00 
18376.00 17614.00 16621.00 
18414.00 17269.00 17450.00 
18419.00 17604.00 16668.00 
18455.00 17023.00 17436.00 
18458.00 17534.00 16959.00 
18471.00 17126.00 17283.00 
18477.00 17011.00 17493.00 
18492.00 16950.00 17363.00 
18499.00 17475.00 16715.00 
18502.00 16906.00 17489.00 
18520.00 17504.00 16832.00 
18531.00 16993.00 17414.00 
18531.00 17010.00 17265.00 
18540.00 16988.00 17380.00 
18586.00 17379.00 16868.00 
18599.00 17044.00 17150.00 
18611.00 16894.00 17043.00 
18628.00 17195.00 16791.00 
18631.00 16931.00 17062.00 
18631.00 17137.00 17105.00 
18632.00 17135.00 17009.00 
18633.00 17207.00 16951.00 
18639.00 17126.00 16668.00 
18642.00 17023.00 17021.00 
18643.00 16978.00 16930.00 
18645.00 17040.00 16986.00 
18645.00 17114.00 17047.00 
18646.00 16892.00 16942.00 
18647.00 16997.00 16739.00 
18650.00 16982.00 16613.00 
18651.00 16910.00 16872.00 
18651.00 17030.00 16829.00 
18651.00 17057.00 16873.00 
18652.00 16917.00 16910.00 
18656.00 17075.00 16778.00 
18657.00 17002.00 16704.00 
18658.00 17125.00 17122.00 
18658.00 17173.00 16816.00 
18661.00 16943.00 16772.00 
18661.00 16982.00 16576.00 
18661.00 17106.00 16808.00 
18663.00 17022.00 16695.00 
18664.00 17016.00 16809.00 
18665.00 17117.00 16696.00 
18667.00 17069.00 16736.00 
18669.00 16959.00 16684.00 
18672.00 17167.00 16888.00 
18673.00 16938.00 16770.00 
18676.00 17023.00 16848.00 
18676.00 17067.00 16734.00 
18678.00 16979.00 16971.00 
18680.00 16977.00 16836.00 
18680.00 17118.00 16802.00 
18681.00 17055.00 16747.00 
18682.00 17001.00 16835.00 
18683.00 16973.00 16861.00 
18685.00 16992.00 16858.00 
18685.00 17092.00 16746.00 
18686.00 17093.00 16891.00 
18686.00 17130.00 16761.00 
18688.00 16945.00 16645.00 
18688.00 17163.00 16624.00 
18694.00 17169.00 16788.00 
18709.00 17027.00 16705.00 
18714.00 16992.00 16756.00 
18714.00 17030.00 16981.00 
18714.00 17122.00 16773.00 
18717.00 17021.00 16686.00 
18719.00 17012.00 16701.00 
18725.00 17016.00 16787.00 
18729.00 17167.00 16820.00 
18742.00 17183.00 16773.00 
15574.00 19279.00 16185.00 
15611.00 19294.00 16096.00 
15658.00 19298.00 16219.00 
15659.00 18516.00 17679.00 
15690.00 19289.00 16114.00 
15691.00 19277.00 15978.00 
15699.00 19312.00 16026.00 
15705.00 19325.00 16075.00 
15728.00 19060.00 16664.00 
15731.00 18311.00 18063.00 
15738.00 18159.00 18270.00 
15738.00 19328.00 16129.00 
15744.00 19316.00 16063.00 
15751.00 18269.00 18253.00 
15764.00 19261.00 16469.00 
15768.00 17686.00 18736.00 
15772.00 19295.00 15939.00 
15777.00 18278.00 18058.00 
15778.00 19283.00 16362.00 
15791.00 17457.00 18878.00 
15796.00 19242.00 16447.00 
15796.00 19279.00 16048.00 
15797.00 18656.00 17603.00 
15797.00 19276.00 16330.00 
15803.00 19125.00 16789.00 
15805.00 19355.00 16105.00 
15806.00 19293.00 15963.00 
15813.00 16381.00 19450.00 
15813.00 19079.00 16834.00 
15815.00 19279.00 15907.00 
15820.00 16217.00 19556.00 
15822.00 19323.00 15947.00 
15823.00 19275.00 16009.00 
15823.00 19341.00 15948.00 
15824.00 19280.00 16304.00 
15825.00 17532.00 18836.00 
15826.00 19267.00 16188.00 
15830.00 16397.00 19467.00 
15831.00 19307.00 15971.00 
15832.00 16851.00 19324.00 
15833.00 19134.00 16734.00 
15834.00 16482.00 19440.00 
15838.00 19322.00 16202.00 
15838.00 19360.00 16059.00 
15840.00 19276.00 16359.00 
15843.00 18652.00 17625.00 
15845.00 19279.00 16430.00 
15845.00 19289.00 16059.00 
15850.00 19281.00 15979.00 
15852.00 19271.00 16348.00 
15853.00 19279.00 15967.00 
15853.00 19316.00 16102.00 
15856.00 19314.00 16027.00 
15858.00 19332.00 16149.00 
15863.00 19285.00 16069.00 
15867.00 18365.00 18021.00 
15869.00 16326.00 19470.00 
15872.00 19310.00 16289.00 
15875.00 19057.00 16735.00 
15882.00 17744.00 18573.00 
15882.00 18603.00 17676.00 
15884.00 16423.00 19508.00 
15886.00 17056.00 19204.00 
15889.00 18775.00 17463.00 
15893.00 16128.00 19445.00 
15894.00 19286.00 15952.00 
15897.00 19304.00 15870.00 
15898.00 16438.00 19505.00 
15900.00 18804.00 17325.00 
15904.00 16279.00 19447.00 
15904.00 16338.00 19523.00 
15904.00 19315.00 16109.00 
15905.00 16598.00 19425.00 
15905.00 17204.00 19040.00 
15906.00 18559.00 17657.00 
15909.00 16451.00 19487.00 
15909.00 18882.00 17197.00 
15910.00 19281.00 16013.00 
15911.00 16307.00 19522.00 
15911.00 18047.00 18387.00 
15915.00 16202.00 19466.00 
15919.00 19293.00 16012.00 
15923.00 16172.00 19463.00 
15927.00 19313.00 16087.00 
15931.00 16221.00 19491.00 
15932.00 18747.00 17474.00 
15932.00 19284.00 16233.00 
15934.00 19036.00 16808.00 
15935.00 17655.00 18672.00 
15936.00 18889.00 17136.00 
15937.00 19268.00 16075.00 
15939.00 16466.00 19444.00 
15939.00 17825.00 18552.00 
15940.00 16236.00 19492.00 
15941.00 16232.00 19502.00 
15943.00 16180.00 19444.00 
15945.00 16261.00 19506.00 
15945.00 17123.00 19097.00 
15947.00 16352.00 19550.00 
15947.00 18024.00 18350.00 
15948.00 16401.00 19487.00 
15948.00 19301.00 16170.00 
15954.00 16397.00 19474.00 
15954.00 19336.00 16096.00 
15961.00 16506.00 19453.00 
15965.00 16388.00 19468.00 
15968.00 17778.00 18637.00 
15971.00 16256.00 19470.00 
15971.00 19226.00 16577.00 
15972.00 16367.00 19470.00 
15973.00 18523.00 17676.00 
15975.00 19299.00 16129.00 
15977.00 18584.00 17647.00 
15980.00 17637.00 18816.00 
15981.00 16606.00 19429.00 
15981.00 19298.00 16149.00 
15985.00 16281.00 19469.00 
15988.00 16428.00 19444.00 
15988.00 17575.00 18810.00 
15991.00 16480.00 19444.00 
15991.00 17104.00 19148.00 
15992.00 18841.00 17224.00 
15993.00 16547.00 19455.00 
15993.00 17359.00 18950.00 
15995.00 17701.00 18657.00 
15995.00 19334.00 15958.00 
15998.00 18375.00 17934.00 
15998.00 19026.00 16779.00 
16000.00 17778.00 18669.00 
16003.00 17094.00 19111.00 
16004.00 19275.00 16089.00 
16007.00 16259.00 19475.00 
16008.00 17048.00 19117.00 
16008.00 18367.00 17991.00 
16011.00 16379.00 19475.00 
16012.00 16405.00 19440.00 
16013.00 17467.00 18902.00 
16016.00 16193.00 19473.00 
16016.00 16456.00 19456.00 
16018.00 17782.00 18543.00 
16018.00 18220.00 18174.00 
16020.00 17035.00 19139.00 
16021.00 17110.00 19176.00 
16022.00 17999.00 18331.00 
16022.00 18089.00 18247.00 
16022.00 18316.00 18040.00 
16028.00 16280.00 19437.00 
16030.00 17737.00 18636.00 
16032.00 16344.00 19479.00 
16033.00 16399.00 19434.00 
16034.00 16411.00 19437.00 
16035.00 17215.00 19010.00 
16038.00 18853.00 17023.00 
16042.00 16475.00 19461.00 
16042.00 16574.00 19445.00 
16045.00 16743.00 19368.00 
16048.00 16463.00 19445.00 
16049.00 17364.00 18931.00 
16053.00 16401.00 19506.00 
16054.00 18292.00 18034.00 
16054.00 19312.00 16026.00 
16062.00 16854.00 19309.00 
16065.00 18578.00 17621.00 
16070.00 18084.00 18359.00 
16071.00 16282.00 19480.00 
16076.00 16515.00 19468.00 
16077.00 18319.00 17955.00 
16084.00 16691.00 19366.00 
16088.00 18765.00 17389.00 
16098.00 16826.00 19387.00 
16098.00 18057.00 18358.00 
16101.00 16518.00 19480.00 
16101.00 19270.00 16193.00 
16102.00 18823.00 17073.00 
16103.00 16559.00 19458.00 
16104.00 17097.00 19192.00 
16118.00 17689.00 18646.00 
16119.00 17506.00 18844.00 
16120.00 17462.00 18864.00 
16122.00 18071.00 18253.00 
16127.00 17803.00 18589.00 
16128.00 18371.00 17862.00 
16136.00 19244.00 16080.00 
16140.00 17091.00 19193.00 
16147.00 16461.00 19443.00 
16151.00 17705.00 18684.00 
16158.00 17302.00 18996.00 
16162.00 17761.00 18503.00 
16163.00 17778.00 18558.00 
16178.00 19210.00 16132.00 
16180.00 17808.00 18649.00 
16192.00 17302.00 18978.00 
16193.00 16611.00 19356.00 
16195.00 16652.00 19334.00 
16203.00 16653.00 19377.00 
16225.00 17512.00 18832.00 
16237.00 16643.00 19444.00 
16240.00 19265.00 15932.00 
16242.00 16614.00 19381.00 
16255.00 18383.00 17903.00 
16287.00 19237.00 16161.00 
16293.00 17785.00 18513.00 
16305.00 18095.00 18251.00 
16325.00 19211.00 16464.00 
16368.00 18600.00 17321.00 
16382.00 18084.00 18241.00 
16388.00 19189.00 16138.00 
16421.00 16590.00 19339.00 
16442.00 16576.00 19314.00 
16459.00 18043.00 18182.00 
16478.00 19156.00 16043.00 
16480.00 18627.00 17326.00 
16485.00 19126.00 15971.00 
16495.00 17994.00 18226.00 
16509.00 17237.00 18874.00 
16522.00 16669.00 19303.00 
16557.00 19110.00 15990.00 
16564.00 17276.00 18867.00 
16589.00 17341.00 18626.00 
16595.00 16441.00 19284.00 
16599.00 18142.00 17773.00 
16600.00 19076.00 16229.00 
16611.00 18236.00 17801.00 
16618.00 16570.00 19171.00 
16619.00 16421.00 19249.00 
16631.00 16535.00 19193.00 
16638.00 16592.00 19177.00 
16643.00 19035.00 16141.00 
16671.00 18557.00 17275.00 
16681.00 19009.00 16379.00 
16703.00 16689.00 19142.00 
16719.00 17719.00 18360.00 
16724.00 19039.00 16162.00 
16754.00 16319.00 19190.00 
16760.00 17942.00 18000.00 
16766.00 19028.00 16097.00 
16769.00 17691.00 18464.00 
16776.00 17869.00 18075.00 
16780.00 19049.00 16171.00 
16793.00 16590.00 19056.00 
16794.00 18979.00 16246.00 
16810.00 16727.00 19084.00 
16826.00 18554.00 17121.00 
16827.00 16672.00 19039.00 
16847.00 16392.00 19177.00 
16856.00 18916.00 16167.00 
16857.00 18313.00 17505.00 
16883.00 17358.00 18639.00 
16894.00 18311.00 17560.00 
16913.00 16570.00 18953.00 
16938.00 16614.00 18949.00 
16941.00 16615.00 18857.00 
16949.00 18916.00 16195.00 
16950.00 18895.00 16034.00 
16954.00 18867.00 16039.00 
16961.00 17380.00 18427.00 
16969.00 18908.00 16055.00 
16970.00 17378.00 18458.00 
17016.00 16705.00 18916.00 
17058.00 18891.00 16213.00 
17063.00 18186.00 17507.00 
17081.00 16604.00 18889.00 
17103.00 18763.00 16289.00 
17104.00 18811.00 16277.00 
17105.00 16586.00 18855.00 
17105.00 18647.00 16735.00 
17128.00 16848.00 18855.00 
17132.00 17721.00 18026.00 
17134.00 16633.00 18836.00 
17140.00 18038.00 17482.00 
17142.00 16618.00 18798.00 
17146.00 16838.00 18815.00 
17146.00 18762.00 16160.00 
17166.00 16590.00 18774.00 
17194.00 16685.00 18758.00 
17233.00 16698.00 18706.00 
17237.00 18755.00 16255.00 
17240.00 16551.00 18679.00 
17243.00 17122.00 18487.00 
17246.00 17564.00 17740.00 
17246.00 18605.00 16618.00 
17252.00 16665.00 18669.00 
17260.00 17709.00 17980.00 
17272.00 18505.00 16760.00 
17273.00 16557.00 18793.00 
17280.00 18604.00 16024.00 
17298.00 17701.00 17820.00 
17327.00 18583.00 16389.00 
17346.00 18481.00 16541.00 
17359.00 16938.00 18573.00 
17361.00 17032.00 18539.00 
17380.00 16831.00 18616.00 
17398.00 16826.00 18675.00 
17410.00 18566.00 16181.00 
17412.00 18511.00 16311.00 
17416.00 16496.00 18460.00 
17430.00 18166.00 17200.00 
17433.00 18424.00 15999.00 
17472.00 18093.00 17031.00 
17477.00 18474.00 16343.00 
17479.00 18423.00 16489.00 
17479.00 18447.00 16399.00 
17483.00 18541.00 16358.00 
17485.00 18461.00 16375.00 
17487.00 17408.00 17897.00 
17493.00 16688.00 18532.00 
17494.00 17522.00 17924.00 
17500.00 18452.00 16110.00 
17508.00 18057.00 17072.00 
17515.00 18482.00 16121.00 
17525.00 18145.00 17334.00 
17544.00 16929.00 18443.00 
17546.00 18458.00 16540.00 
17552.00 16676.00 18356.00 
17556.00 16972.00 18362.00 
17560.00 16910.00 18355.00 
17576.00 17085.00 18395.00 
17603.00 17044.00 18276.00 
17605.00 18407.00 16498.00 
17609.00 18425.00 16599.00 
17616.00 17045.00 18263.00 
17630.00 16966.00 18378.00 
17635.00 16894.00 18285.00 
17643.00 16767.00 18294.00 
17643.00 16843.00 18219.00 
17643.00 16972.00 18264.00 
17661.00 18373.00 16193.00 
17667.00 16652.00 18318.00 
17667.00 18339.00 16344.00 
17669.00 16796.00 18234.00 
17672.00 17054.00 18193.00 
17675.00 18336.00 16299.00 
17685.00 16874.00 18294.00 
17688.00 16823.00 18191.00 
17695.00 16938.00 18226.00 
17705.00 18317.00 16637.00 
17708.00 17045.00 18176.00 
17714.00 16770.00 18366.00 
17715.00 16933.00 18215.00 
17722.00 16973.00 18177.00 
17728.00 17487.00 17774.00 
17729.00 17542.00 17712.00 
17734.00 18249.00 16496.00 
17739.00 16960.00 18249.00 
17764.00 18214.00 16518.00 
17774.00 18202.00 16384.00 
17781.00 18119.00 16647.00 
17793.00 18118.00 16773.00 
17815.00 16777.00 18108.00 
17816.00 18125.00 16608.00 
17821.00 17243.00 17802.00 
17845.00 18046.00 16920.00 
17878.00 16899.00 17991.00 
17883.00 16749.00 18051.00 
17888.00 18019.00 16589.00 
17889.00 16862.00 17944.00 
17902.00 17976.00 16450.00 
17909.00 18104.00 16475.00 
17951.00 17162.00 17891.00 
17955.00 17466.00 17503.00 
17961.00 17407.00 17533.00 
17967.00 18005.00 16796.00 
17974.00 18181.00 16393.00 
17976.00 18015.00 16435.00 
17976.00 18049.00 16564.00 
17989.00 17022.00 17744.00 
18016.00 16873.00 17932.00 
18032.00 16943.00 17838.00 
18044.00 17869.00 16681.00 
18045.00 16733.00 17867.00 
18048.00 16977.00 17797.00 
18059.00 17868.00 16624.00 
18065.00 16774.00 17875.00 
18069.00 17961.00 16540.00 
18075.00 16769.00 17843.00 
18084.00 17846.00 16755.00 
18116.00 16859.00 17648.00 
18118.00 16828.00 17817.00 
18142.00 17910.00 16265.00 
18146.00 17852.00 16593.00 
18162.00 17723.00 16662.00 
18163.00 17663.00 16706.00 
18187.00 17178.00 17346.00 
18195.00 16962.00 17528.00 
18207.00 17822.00 16709.00 
18220.00 17764.00 16452.00 
18231.00 17363.00 17454.00 
18241.00 17587.00 16696.00 
18252.00 17048.00 17533.00 
18270.00 17787.00 16364.00 
18274.00 17527.00 16862.00 
18283.00 17023.00 17548.00 
18285.00 16779.00 17476.00 
18289.00 16981.00 17436.00 
18318.00 17564.00 17077.00 
18327.00 17072.00 17297.00 
18345.00 17414.00 16757.00 
18346.00 17036.00 17241.00 
18349.00 16851.00 17290.00 
18352.00 16879.00 17268.00 
18352.00 17636.00 16586.00 
18358.00 17534.00 16637.00 
18384.00 17398.00 16705.00 
18398.00 17628.00 16410.00 
18402.00 16783.00 17198.00 
18405.00 17030.00 17042.00 
18406.00 17016.00 17194.00 
18410.00 17173.00 16793.00 
18412.00 16705.00 17094.00 
18412.00 17133.00 16981.00 
18416.00 17037.00 17251.00 
18417.00 16661.00 16850.00 
18417.00 16813.00 16749.00 
18417.00 16922.00 16912.00 
18417.00 16953.00 17193.00 
18418.00 16955.00 16834.00 
18418.00 17181.00 16748.00 
18420.00 17140.00 17038.00 
18421.00 17048.00 16731.00 
18421.00 17169.00 16779.00 
18424.00 17100.00 16466.00 
18425.00 16857.00 17012.00 
18427.00 16958.00 16878.00 
18430.00 16973.00 16997.00 
18431.00 16820.00 16796.00 
18432.00 16937.00 16924.00 
18432.00 17222.00 16602.00 
18434.00 16750.00 17262.00 
18435.00 16877.00 17078.00 
18435.00 17115.00 17062.00 
18437.00 16867.00 16936.00 
18437.00 17010.00 16806.00 
18447.00 17069.00 16793.00 
18447.00 17109.00 16832.00 
18447.00 17174.00 16927.00 
18448.00 16993.00 16941.00 
18451.00 17044.00 16529.00 
18451.00 17081.00 16957.00 
18453.00 16752.00 17150.00 
18453.00 17050.00 17063.00 
18456.00 16965.00 17051.00 
18458.00 17022.00 16818.00 
18465.00 17023.00 17010.00 
18466.00 16803.00 16914.00 
18469.00 16925.00 16960.00 
18469.00 17059.00 16970.00 
18479.00 16849.00 16754.00 
18483.00 16977.00 16859.00 
18486.00 16754.00 17148.00 
18487.00 16767.00 16940.00 
18500.00 17006.00 16811.00 
18506.00 16897.00 16958.00 
18509.00 16940.00 16782.00 
18513.00 17028.00 16599.00 
18520.00 16768.00 17020.00 
18523.00 16922.00 16878.00 
18525.00 17098.00 16902.00 
18527.00 17083.00 16993.00 
18536.00 16960.00 16698.00 
18542.00 16848.00 16718.00 
18603.00 16880.00 16695.00 
18604.00 17250.00 16509.00 
15504.00 19146.00 16026.00 
15554.00 19089.00 16632.00 
15559.00 19150.00 16165.00 
15564.00 19187.00 16123.00 
15596.00 19211.00 16042.00 
15632.00 19143.00 16213.00 
15646.00 19051.00 16584.00 
15650.00 19180.00 16174.00 
15660.00 19151.00 16140.00 
15661.00 19153.00 16163.00 
15665.00 19141.00 16169.00 
15673.00 19138.00 16131.00 
15675.00 19156.00 16034.00 
15680.00 19152.00 16103.00 
15684.00 19143.00 16109.00 
15685.00 19171.00 16028.00 
15697.00 19038.00 16748.00 
15705.00 19139.00 16218.00 
15713.00 19196.00 16100.00 
15717.00 19142.00 16312.00 
15720.00 19138.00 16072.00 
15723.00 19140.00 16077.00 
15725.00 19149.00 16127.00 
15729.00 19149.00 16165.00 
15729.00 19151.00 16141.00 
15731.00 19141.00 16092.00 
15733.00 19144.00 16188.00 
15738.00 19145.00 16100.00 
15739.00 19192.00 16146.00 
15740.00 19135.00 16058.00 
15742.00 19198.00 16255.00 
15747.00 19159.00 16127.00 
15757.00 19163.00 16151.00 
15763.00 19142.00 16147.00 
15770.00 19140.00 16128.00 
15770.00 19186.00 16181.00 
15771.00 19134.00 16202.00 
15771.00 19141.00 16127.00 
15775.00 19139.00 16298.00 
15782.00 19149.00 16149.00 
15784.00 19156.00 16123.00 
15791.00 19148.00 16058.00 
15795.00 19159.00 16143.00 
15797.00 19137.00 16213.00 
15797.00 19143.00 16102.00 
15799.00 19136.00 16147.00 
15816.00 19177.00 16169.00 
15818.00 19149.00 16178.00 
15827.00 19148.00 16221.00 
15832.00 18911.00 16968.00 
15843.00 18945.00 16809.00 
15848.00 19153.00 16167.00 
15859.00 18841.00 17134.00 
15883.00 18941.00 16782.00 
15895.00 18966.00 16943.00 
15898.00 18900.00 16879.00 
15908.00 18685.00 17319.00 
15920.00 19125.00 16217.00 
15945.00 19048.00 16587.00 
15979.00 18785.00 17226.00 
15986.00 18793.00 17231.00 
15988.00 18956.00 16835.00 
16024.00 19097.00 16098.00 
16025.00 19145.00 16264.00 
16034.00 18564.00 17548.00 
16074.00 18459.00 17713.00 
16076.00 18791.00 17337.00 
16085.00 18560.00 17712.00 
16099.00 18671.00 17279.00 
16109.00 16455.00 19255.00 
16115.00 18254.00 17945.00 
16118.00 18685.00 17453.00 
16128.00 18674.00 17436.00 
16134.00 16396.00 19304.00 
16142.00 16422.00 19236.00 
16150.00 16377.00 19344.00 
16152.00 16728.00 19233.00 
16156.00 17002.00 19082.00 
16171.00 16480.00 19264.00 
16177.00 17525.00 18701.00 
16182.00 16333.00 19265.00 
16182.00 16396.00 19241.00 
16185.00 17234.00 18932.00 
16185.00 19029.00 16369.00 
16190.00 17198.00 18964.00 
16192.00 16448.00 19297.00 
16194.00 16480.00 19275.00 
16198.00 17758.00 18511.00 
16201.00 16410.00 19266.00 
16202.00 18455.00 17795.00 
16211.00 18549.00 17605.00 
16217.00 17328.00 18859.00 
16221.00 17350.00 18844.00 
16222.00 17993.00 18244.00 
16225.00 16431.00 19295.00 
16225.00 17085.00 19046.00 
16229.00 18505.00 17637.00 
16234.00 18348.00 17893.00 
16236.00 16408.00 19272.00 
16237.00 16554.00 19237.00 
16239.00 16427.00 19265.00 
16240.00 16502.00 19242.00 
16241.00 16450.00 19300.00 
16248.00 16450.00 19254.00 
16255.00 16422.00 19268.00 
16258.00 16503.00 19278.00 
16262.00 16577.00 19233.00 
16265.00 16443.00 19273.00 
16275.00 18231.00 17967.00 
16278.00 16473.00 19299.00 
16280.00 16501.00 19268.00 
16281.00 16918.00 19118.00 
16282.00 16563.00 19267.00 
16286.00 16520.00 19249.00 
16287.00 17513.00 18750.00 
16290.00 16554.00 19270.00 
16294.00 17650.00 18633.00 
16295.00 16524.00 19256.00 
16298.00 16581.00 19248.00 
16299.00 17232.00 18968.00 
16301.00 16530.00 19233.00 
16302.00 17221.00 18943.00 
16305.00 16546.00 19278.00 
16307.00 16457.00 19253.00 
16311.00 16580.00 19235.00 
16312.00 16528.00 19273.00 
16314.00 17269.00 18928.00 
16316.00 16508.00 19250.00 
16317.00 16498.00 19291.00 
16317.00 16561.00 19246.00 
16325.00 16568.00 19264.00 
16325.00 16914.00 19088.00 
16327.00 18497.00 17640.00 
16330.00 16437.00 19256.00 
16332.00 17534.00 18679.00 
16332.00 17997.00 18220.00 
16333.00 16563.00 19250.00 
16333.00 16587.00 19266.00 
16333.00 18261.00 17988.00 
16335.00 16850.00 19184.00 
16337.00 19035.00 16311.00 
16338.00 16510.00 19258.00 
16343.00 16891.00 19105.00 
16343.00 17469.00 18791.00 
16344.00 18521.00 17693.00 
16345.00 17515.00 18810.00 
16350.00 18070.00 18231.00 
16351.00 16850.00 19250.00 
16352.00 17524.00 18760.00 
16354.00 17367.00 18897.00 
16356.00 16533.00 19246.00 
16364.00 16604.00 19255.00 
16364.00 16633.00 19238.00 
16369.00 17886.00 18419.00 
16370.00 17665.00 18619.00 
16373.00 18325.00 17836.00 
16380.00 18738.00 16947.00 
16384.00 18075.00 18177.00 
16397.00 16527.00 19247.00 
16399.00 17129.00 18992.00 
16402.00 17369.00 18808.00 
16403.00 16668.00 19229.00 
16404.00 17274.00 18990.00 
16405.00 18284.00 17911.00 
16406.00 17609.00 18770.00 
16411.00 18219.00 17875.00 
16412.00 16620.00 19251.00 
16414.00 18710.00 16982.00 
16414.00 18948.00 16389.00 
16417.00 18392.00 17901.00 
16424.00 17779.00 18496.00 
16425.00 16801.00 19202.00 
16427.00 16562.00 19245.00 
16434.00 16755.00 19218.00 
16438.00 17573.00 18674.00 
16439.00 18971.00 16121.00 
16444.00 17535.00 18691.00 
16444.00 17558.00 18732.00 
16450.00 17180.00 18972.00 
16450.00 17840.00 18503.00 
16453.00 18243.00 17928.00 
16454.00 16561.00 19228.00 
16465.00 18295.00 17940.00 
16468.00 17726.00 18612.00 
16470.00 18934.00 16270.00 
16473.00 16560.00 19254.00 
16476.00 18441.00 17865.00 
16477.00 16697.00 19214.00 
16483.00 16465.00 19206.00 
16483.00 17522.00 18735.00 
16487.00 18055.00 18202.00 
16491.00 16521.00 19225.00 
16496.00 18929.00 16400.00 
16510.00 17798.00 18433.00 
16510.00 17858.00 18448.00 
16514.00 17695.00 18628.00 
16518.00 17744.00 18477.00 
16524.00 17001.00 19085.00 
16533.00 16568.00 19211.00 
16546.00 17747.00 18505.00 
16557.00 18120.00 18177.00 
16570.00 18119.00 18188.00 
16571.00 16595.00 19184.00 
16583.00 18063.00 18207.00 
16601.00 18924.00 16437.00 
16605.00 18851.00 16503.00 
16607.00 18863.00 16343.00 
16612.00 18646.00 17265.00 
16615.00 17972.00 18222.00 
16629.00 16680.00 19199.00 
16685.00 17254.00 18661.00 
16710.00 18833.00 16082.00 
16726.00 18543.00 17193.00 
16729.00 17992.00 18263.00 
16731.00 16643.00 19096.00 
16751.00 16611.00 19112.00 
16758.00 18835.00 16170.00 
16773.00 18495.00 17655.00 
16799.00 17942.00 18172.00 
16828.00 18169.00 17826.00 
16838.00 17208.00 18711.00 
16847.00 16510.00 18982.00 
16853.00 18821.00 16364.00 
16854.00 17531.00 18409.00 
16866.00 18195.00 17752.00 
16867.00 18745.00 16372.00 
16869.00 17871.00 18278.00 
16885.00 16482.00 19002.00 
16894.00 18761.00 16305.00 
16902.00 17499.00 18435.00 
16902.00 18738.00 16377.00 
16913.00 16530.00 18947.00 
16931.00 16493.00 19022.00 
16937.00 16529.00 18968.00 
16940.00 16622.00 18977.00 
16942.00 18753.00 16247.00 
16963.00 18720.00 16389.00 
16979.00 16642.00 18867.00 
16991.00 16658.00 18942.00 
17000.00 18418.00 17156.00 
17000.00 18752.00 16322.00 
17005.00 17594.00 18394.00 
17008.00 18407.00 17336.00 
17017.00 16556.00 18903.00 
17022.00 16706.00 18878.00 
17042.00 17592.00 18408.00 
17070.00 18681.00 16182.00 
17084.00 18661.00 16375.00 
17150.00 18600.00 16443.00 
17166.00 17812.00 17950.00 
17170.00 18220.00 17462.00 
17186.00 16798.00 18704.00 
17189.00 16615.00 18808.00 
17192.00 17490.00 18287.00 
17199.00 16682.00 18828.00 
17203.00 16658.00 18776.00 
17205.00 17638.00 18291.00 
17225.00 17831.00 18000.00 
17228.00 18613.00 16389.00 
17250.00 18195.00 17465.00 
17274.00 16761.00 18663.00 
17292.00 16648.00 18793.00 
17293.00 18552.00 16563.00 
17324.00 18448.00 16545.00 
17326.00 16508.00 18626.00 
17326.00 18554.00 16280.00 
17335.00 18475.00 16584.00 
17352.00 16846.00 18615.00 
17355.00 16712.00 18596.00 
17369.00 18038.00 17373.00 
17370.00 16714.00 18593.00 
17381.00 18101.00 17398.00 
17382.00 17630.00 17945.00 
17397.00 18504.00 16438.00 
17428.00 17644.00 17950.00 
17435.00 16686.00 18553.00 
17457.00 16761.00 18495.00 
17458.00 16592.00 18585.00 
17479.00 17018.00 18382.00 
17487.00 16572.00 18551.00 
17497.00 18399.00 16641.00 
17498.00 18430.00 16403.00 
17504.00 16909.00 18483.00 
17512.00 18485.00 16370.00 
17540.00 18387.00 16638.00 
17542.00 18438.00 16507.00 
17572.00 18085.00 17147.00 
17578.00 16720.00 18432.00 
17579.00 18423.00 16500.00 
17602.00 16825.00 18422.00 
17608.00 17145.00 18261.00 
17619.00 18067.00 17261.00 
17628.00 17659.00 17777.00 
17633.00 18351.00 16593.00 
17636.00 16720.00 18434.00 
17650.00 18306.00 16452.00 
17652.00 18388.00 16556.00 
17659.00 18320.00 16495.00 
17664.00 16811.00 18349.00 
17669.00 17038.00 18319.00 
17673.00 18319.00 16594.00 
17694.00 16752.00 18401.00 
17704.00 17965.00 17222.00 
17710.00 18329.00 16584.00 
17721.00 16567.00 18393.00 
17729.00 17375.00 17787.00 
17731.00 18326.00 16666.00 
17734.00 18242.00 16671.00 
17736.00 17618.00 17774.00 
17744.00 16802.00 18249.00 
17745.00 16863.00 18242.00 
17753.00 16972.00 18298.00 
17758.00 18269.00 16627.00 
17777.00 18287.00 16451.00 
17782.00 18258.00 16819.00 
17785.00 18260.00 16686.00 
17789.00 16695.00 18219.00 
17791.00 16870.00 18198.00 
17793.00 16643.00 18234.00 
17794.00 16713.00 18188.00 
17794.00 16896.00 18189.00 
17811.00 17487.00 17782.00 
17811.00 18223.00 16527.00 
17814.00 16656.00 18180.00 
17820.00 16690.00 18255.00 
17820.00 17969.00 17191.00 
17827.00 16730.00 18222.00 
17829.00 17515.00 17645.00 
17830.00 18248.00 16365.00 
17831.00 16833.00 18250.00 
17831.00 18279.00 16650.00 
17845.00 16850.00 18200.00 
17847.00 17511.00 17603.00 
17856.00 16870.00 18211.00 
17875.00 16843.00 18142.00 
17881.00 16880.00 18111.00 
17887.00 18063.00 16740.00 
17888.00 16856.00 18113.00 
17893.00 18082.00 16867.00 
17894.00 18154.00 16765.00 
17898.00 16919.00 18044.00 
17918.00 16927.00 18160.00 
17932.00 18152.00 16622.00 
17933.00 16798.00 18133.00 
17970.00 18069.00 16588.00 
17982.00 18052.00 16535.00 
18001.00 17993.00 16724.00 
18007.00 17213.00 17764.00 
18018.00 17932.00 16797.00 
18020.00 16999.00 18031.00 
18023.00 18087.00 16607.00 
18044.00 16874.00 18016.00 
18047.00 18014.00 16788.00 
18050.00 17973.00 16653.00 
18057.00 16881.00 17906.00 
18062.00 16774.00 17959.00 
18062.00 17947.00 16548.00 
18069.00 16810.00 17940.00 
18101.00 17960.00 16689.00 
18108.00 17201.00 17805.00 
18123.00 17394.00 17421.00 
18128.00 17974.00 16540.00 
18137.00 16884.00 18014.00 
18158.00 17905.00 16843.00 
18160.00 16900.00 17762.00 
18170.00 16750.00 17791.00 
18174.00 17820.00 16477.00 
18174.00 17837.00 16723.00 
18175.00 17861.00 16545.00 
18181.00 16937.00 17739.00 
18182.00 17332.00 17505.00 
18200.00 17799.00 16645.00 
18206.00 17847.00 16622.00 
18240.00 17771.00 16689.00 
18268.00 17035.00 17713.00 
18269.00 17000.00 17738.00 
18270.00 17717.00 16480.00 
18272.00 16898.00 17618.00 
18279.00 17557.00 16913.00 
18304.00 17202.00 17491.00 
18305.00 16960.00 17636.00 
18308.00 17358.00 17325.00 
18310.00 17677.00 16847.00 
18318.00 16787.00 17646.00 
18320.00 17617.00 16820.00 
18326.00 17575.00 16796.00 
18333.00 17587.00 16649.00 
18343.00 16893.00 17536.00 
18349.00 16839.00 17527.00 
18371.00 17502.00 16869.00 
18404.00 17478.00 16903.00 
18417.00 16780.00 17443.00 
18417.00 17526.00 16839.00 
18468.00 16933.00 17500.00 
18481.00 16783.00 17380.00 
18513.00 17083.00 17376.00 
18522.00 16901.00 17331.00 
18524.00 17146.00 17281.00 
18526.00 16872.00 17428.00 
18559.00 16949.00 17232.00 
18562.00 16975.00 17260.00 
18586.00 17005.00 17113.00 
18592.00 16981.00 17108.00 
18592.00 17170.00 17081.00 
18595.00 17003.00 17142.00 
18597.00 17184.00 16590.00 
18609.00 16939.00 17093.00 
18612.00 16934.00 17089.00 
18613.00 16929.00 17078.00 
18615.00 17033.00 17019.00 
18617.00 16888.00 17004.00 
18618.00 17051.00 17134.00 
18621.00 17031.00 16890.00 
18622.00 17001.00 16970.00 
18625.00 16854.00 16801.00 
18625.00 16887.00 16846.00 
18625.00 16904.00 16845.00 
18626.00 16912.00 17083.00 
18626.00 17112.00 16951.00 
18627.00 17020.00 17016.00 
18627.00 17021.00 16993.00 
18629.00 17004.00 16944.00 
18631.00 16953.00 17010.00 
18632.00 16991.00 16859.00 
18632.00 17026.00 17033.00 
18632.00 17096.00 16931.00 
18633.00 16913.00 16856.00 
18634.00 16915.00 16834.00 
18638.00 16841.00 17103.00 
18641.00 16906.00 16847.00 
18642.00 16903.00 16722.00 
18643.00 16911.00 16877.00 
18644.00 16856.00 17010.00 
18644.00 17052.00 16910.00 
18645.00 16775.00 16910.00 
18646.00 16703.00 16768.00 
18647.00 16957.00 16802.00 
18649.00 16861.00 16859.00 
18650.00 16867.00 16749.00 
18650.00 16923.00 16839.00 
18651.00 17028.00 16956.00 
18654.00 16944.00 17092.00 
18655.00 16847.00 16899.00 
18655.00 16862.00 16902.00 
18658.00 16997.00 16727.00 
18659.00 17019.00 16944.00 
18660.00 17012.00 16850.00 
18661.00 16970.00 16996.00 
18663.00 17046.00 16797.00 
18665.00 16825.00 16925.00 
18667.00 16779.00 16767.00 
18667.00 16975.00 16821.00 
18667.00 17019.00 16776.00 
18668.00 16943.00 16652.00 
18672.00 16873.00 16835.00 
18677.00 16985.00 16950.00 
18680.00 16872.00 16866.00 
18686.00 16944.00 16964.00 
18689.00 16939.00 16895.00 
18699.00 17008.00 16954.00 
18707.00 16853.00 16633.00 
18719.00 16782.00 16847.00 
15834.00 16168.00 19400.00 
15836.00 16204.00 19412.00 
15836.00 19021.00 16239.00 
15842.00 16256.00 19440.00 
15843.00 19035.00 16368.00 
15864.00 16332.00 19453.00 
15876.00 16269.00 19407.00 
15879.00 16287.00 19412.00 
15882.00 19023.00 16475.00 
15887.00 16235.00 19454.00 
15893.00 16301.00 19446.00 
15912.00 16378.00 19413.00 
15918.00 19005.00 16371.00 
15926.00 16489.00 19459.00 
15927.00 16566.00 19395.00 
15928.00 16219.00 19443.00 
15936.00 16182.00 19423.00 
15941.00 16268.00 19429.00 
15949.00 16375.00 19438.00 
15953.00 16434.00 19463.00 
15956.00 16310.00 19466.00 
15956.00 18740.00 17187.00 
15958.00 19062.00 16565.00 
15960.00 16378.00 19468.00 
15961.00 19052.00 16291.00 
15965.00 19093.00 16441.00 
15967.00 19012.00 16368.00 
15968.00 16447.00 19443.00 
15970.00 16463.00 19420.00 
15971.00 18993.00 16661.00 
15977.00 17545.00 18794.00 
15978.00 16140.00 19446.00 
15980.00 16992.00 19271.00 
15980.00 19020.00 16423.00 
15986.00 16179.00 19417.00 
15988.00 16440.00 19456.00 
15992.00 16372.00 19458.00 
15995.00 16874.00 19266.00 
15996.00 19058.00 16530.00 
16005.00 16457.00 19427.00 
16006.00 16371.00 19457.00 
16008.00 17646.00 18777.00 
16010.00 16277.00 19477.00 
16010.00 16586.00 19415.00 
16010.00 19016.00 16558.00 
16014.00 19019.00 16409.00 
16014.00 19069.00 16416.00 
16016.00 16417.00 19399.00 
16017.00 18657.00 17399.00 
16019.00 16483.00 19410.00 
16019.00 19071.00 16257.00 
16022.00 17435.00 18825.00 
16025.00 16312.00 19473.00 
16025.00 16336.00 19421.00 
16028.00 16352.00 19420.00 
16033.00 19142.00 16608.00 
16034.00 16393.00 19455.00 
16034.00 19020.00 16668.00 
16037.00 19084.00 16431.00 
16038.00 19089.00 16343.00 
16042.00 17529.00 18860.00 
16043.00 19007.00 16395.00 
16044.00 19032.00 16368.00 
16046.00 17635.00 18646.00 
16049.00 18793.00 17319.00 
16051.00 16220.00 19413.00 
16054.00 19013.00 16336.00 
16056.00 19054.00 16503.00 
16058.00 19015.00 16683.00 
16059.00 16382.00 19490.00 
16064.00 19029.00 16333.00 
16069.00 19055.00 16524.00 
16071.00 19060.00 16389.00 
16072.00 16597.00 19390.00 
16081.00 19073.00 16368.00 
16081.00 19111.00 16476.00 
16084.00 19034.00 16390.00 
16084.00 19061.00 16420.00 
16085.00 16519.00 19407.00 
16089.00 17147.00 19094.00 
16090.00 19068.00 16482.00 
16094.00 16471.00 19400.00 
16101.00 16456.00 19444.00 
16104.00 16375.00 19415.00 
16104.00 19056.00 16347.00 
16106.00 19035.00 16236.00 
16110.00 16316.00 19428.00 
16112.00 17594.00 18820.00 
16113.00 18825.00 16978.00 
16116.00 17101.00 19067.00 
16119.00 16277.00 19408.00 
16126.00 17029.00 19193.00 
16132.00 19029.00 16534.00 
16133.00 16393.00 19470.00 
16134.00 19034.00 16472.00 
16135.00 19028.00 16226.00 
16135.00 19036.00 16551.00 
16137.00 16463.00 19449.00 
16142.00 17088.00 19105.00 
16146.00 18837.00 16895.00 
16148.00 16372.00 19433.00 
16152.00 16898.00 19333.00 
16157.00 19073.00 16443.00 
16158.00 16904.00 19217.00 
16161.00 19016.00 16549.00 
16162.00 16264.00 19415.00 
16162.00 18932.00 16800.00 
16163.00 17691.00 18763.00 
16165.00 17910.00 18500.00 
16166.00 17451.00 18864.00 
16172.00 16898.00 19217.00 
16175.00 18853.00 16975.00 
16177.00 17259.00 19014.00 
16183.00 19011.00 16391.00 
16190.00 16668.00 19356.00 
16191.00 16465.00 19423.00 
16191.00 16709.00 19360.00 
16193.00 16514.00 19412.00 
16194.00 17361.00 18924.00 
16198.00 18328.00 17997.00 
16200.00 17720.00 18706.00 
16209.00 19023.00 16545.00 
16210.00 19032.00 16433.00 
16211.00 17759.00 18630.00 
16211.00 19023.00 16622.00 
16211.00 19025.00 16299.00 
16212.00 19009.00 16296.00 
16214.00 16596.00 19456.00 
16214.00 18868.00 16881.00 
16218.00 19019.00 16540.00 
16222.00 16587.00 19405.00 
16224.00 16896.00 19196.00 
16224.00 17713.00 18621.00 
16226.00 16492.00 19397.00 
16226.00 17726.00 18636.00 
16228.00 17936.00 18367.00 
16228.00 18822.00 17135.00 
16234.00 17145.00 19057.00 
16234.00 19065.00 16553.00 
16238.00 17412.00 18937.00 
16244.00 17062.00 19098.00 
16245.00 17531.00 18871.00 
16246.00 18208.00 18069.00 
16247.00 16416.00 19481.00 
16247.00 19048.00 16473.00 
16251.00 16991.00 19287.00 
16254.00 17506.00 18845.00 
16257.00 19051.00 16433.00 
16260.00 17628.00 18692.00 
16264.00 18136.00 18122.00 
16264.00 19016.00 16654.00 
16269.00 19016.00 16458.00 
16279.00 17285.00 18947.00 
16282.00 18153.00 18040.00 
16283.00 17293.00 18971.00 
16286.00 19015.00 16363.00 
16292.00 18409.00 17736.00 
16294.00 18887.00 17036.00 
16295.00 18359.00 17865.00 
16296.00 17916.00 18397.00 
16304.00 19019.00 16449.00 
16310.00 18592.00 17458.00 
16315.00 17700.00 18680.00 
16324.00 17538.00 18795.00 
16325.00 18149.00 18084.00 
16335.00 18166.00 18143.00 
16344.00 17719.00 18662.00 
16347.00 17924.00 18429.00 
16351.00 18581.00 17473.00 
16353.00 18416.00 17730.00 
16353.00 18643.00 17427.00 
16361.00 17706.00 18628.00 
16364.00 18434.00 17574.00 
16364.00 19013.00 16469.00 
16366.00 17245.00 19071.00 
16368.00 18202.00 18060.00 
16369.00 18718.00 17300.00 
16377.00 17987.00 18320.00 
16380.00 17747.00 18580.00 
16381.00 18381.00 17764.00 
16381.00 18433.00 17790.00 
16385.00 17964.00 18363.00 
16385.00 18192.00 17991.00 
16387.00 16388.00 19342.00 
16390.00 17425.00 18877.00 
16391.00 17986.00 18322.00 
16394.00 16508.00 19280.00 
16395.00 16941.00 19193.00 
16395.00 17283.00 19050.00 
16402.00 16639.00 19259.00 
16403.00 17888.00 18446.00 
16414.00 18271.00 17994.00 
16414.00 18304.00 17961.00 
16431.00 18357.00 17895.00 
16444.00 18937.00 16486.00 
16447.00 18159.00 18092.00 
16447.00 19027.00 16509.00 
16456.00 18930.00 16412.00 
16457.00 16408.00 19268.00 
16474.00 17960.00 18313.00 
16477.00 18414.00 17755.00 
16484.00 18655.00 17344.00 
16484.00 18987.00 16351.00 
16499.00 16494.00 19254.00 
16531.00 17954.00 18309.00 
16552.00 18141.00 18218.00 
16553.00 18930.00 16535.00 
16556.00 18695.00 17153.00 
16563.00 17631.00 18617.00 
16593.00 18929.00 16475.00 
16594.00 18898.00 16580.00 
16609.00 16704.00 19144.00 
16617.00 18536.00 17525.00 
16634.00 16716.00 19199.00 
16654.00 17799.00 18323.00 
16664.00 17317.00 18828.00 
16684.00 18874.00 16576.00 
16710.00 16651.00 19095.00 
16720.00 18878.00 16608.00 
16723.00 16451.00 19277.00 
16735.00 17161.00 18822.00 
16742.00 16730.00 19189.00 
16754.00 18150.00 17957.00 
16794.00 18786.00 16311.00 
16805.00 16609.00 19066.00 
16806.00 18810.00 16351.00 
16818.00 18451.00 17288.00 
16828.00 17774.00 18292.00 
16835.00 16541.00 19038.00 
16835.00 16555.00 19055.00 
16848.00 18466.00 17501.00 
16881.00 18728.00 16508.00 
16888.00 17386.00 18626.00 
16896.00 18730.00 16597.00 
16898.00 16682.00 19009.00 
16908.00 18746.00 16598.00 
16916.00 16475.00 19007.00 
16935.00 18350.00 17312.00 
16954.00 18154.00 17934.00 
16973.00 17738.00 18149.00 
16982.00 18722.00 16552.00 
17000.00 18107.00 17596.00 
17019.00 18700.00 16442.00 
17027.00 17391.00 18615.00 
17031.00 17777.00 18132.00 
17040.00 17568.00 18453.00 
17051.00 16744.00 19052.00 
17058.00 18084.00 17743.00 
17062.00 16603.00 18947.00 
17088.00 16724.00 18864.00 
17095.00 16711.00 18935.00 
17100.00 17307.00 18530.00 
17110.00 18660.00 16651.00 
17131.00 18729.00 16370.00 
17144.00 17595.00 18385.00 
17144.00 18672.00 16668.00 
17180.00 16681.00 18817.00 
17192.00 18657.00 16551.00 
17203.00 16629.00 18836.00 
17204.00 16704.00 18911.00 
17216.00 18597.00 16602.00 
17241.00 18601.00 16502.00 
17280.00 16933.00 18808.00 
17284.00 16633.00 18765.00 
17287.00 16642.00 18758.00 
17300.00 17941.00 17548.00 
17312.00 18600.00 16357.00 
17315.00 16561.00 18817.00 
17318.00 17358.00 18520.00 
17321.00 18461.00 16921.00 
17342.00 18543.00 16698.00 
17361.00 18578.00 16502.00 
17370.00 17580.00 18150.00 
17380.00 17539.00 18217.00 
17382.00 16480.00 18698.00 
17389.00 17945.00 17599.00 
17391.00 16634.00 18712.00 
17396.00 16756.00 18709.00 
17408.00 18450.00 17037.00 
17412.00 18468.00 16452.00 
17413.00 16710.00 18672.00 
17444.00 17019.00 18594.00 
17446.00 16915.00 18599.00 
17463.00 17608.00 17943.00 
17470.00 16645.00 18581.00 
17478.00 18319.00 16791.00 
17485.00 18473.00 16589.00 
17486.00 18394.00 16733.00 
17512.00 16709.00 18616.00 
17538.00 16831.00 18549.00 
17546.00 16746.00 18537.00 
17553.00 17013.00 18466.00 
17567.00 17991.00 17352.00 
17578.00 18321.00 16863.00 
17588.00 17544.00 17999.00 
17590.00 18309.00 16572.00 
17593.00 17463.00 18024.00 
17600.00 18308.00 16937.00 
17602.00 18402.00 16749.00 
17604.00 16775.00 18339.00 
17624.00 18403.00 16539.00 
17626.00 17434.00 18032.00 
17633.00 18306.00 16643.00 
17634.00 18313.00 16495.00 
17646.00 17901.00 17389.00 
17646.00 18266.00 16835.00 
17647.00 16982.00 18448.00 
17647.00 18218.00 16549.00 
17674.00 16799.00 18483.00 
17676.00 18209.00 16762.00 
17679.00 16776.00 18450.00 
17680.00 16686.00 18484.00 
17685.00 16706.00 18432.00 
17685.00 18250.00 16736.00 
17690.00 18048.00 17304.00 
17712.00 18201.00 16572.00 
17737.00 16771.00 18471.00 
17737.00 16833.00 18378.00 
17745.00 18019.00 17371.00 
17747.00 16838.00 18429.00 
17763.00 16793.00 18331.00 
17774.00 16796.00 18278.00 
17775.00 16664.00 18333.00 
17775.00 18249.00 16633.00 
17778.00 16994.00 18325.00 
17782.00 16796.00 18478.00 
17782.00 16972.00 18288.00 
17783.00 16666.00 18301.00 
17785.00 16968.00 18301.00 
17796.00 16868.00 18378.00 
17797.00 16689.00 18242.00 
17799.00 17434.00 17919.00 
17812.00 16597.00 18284.00 
17830.00 18196.00 16746.00 
17837.00 18225.00 16814.00 
17853.00 16904.00 18239.00 
17853.00 16932.00 18260.00 
17867.00 17556.00 17957.00 
17870.00 18133.00 16899.00 
17872.00 18196.00 16759.00 
17878.00 16825.00 18356.00 
17890.00 17283.00 17968.00 
17893.00 18167.00 16566.00 
17910.00 17882.00 17211.00 
17918.00 18100.00 16458.00 
17922.00 18091.00 16524.00 
17936.00 18006.00 16981.00 
17938.00 18153.00 16673.00 
17942.00 16730.00 18137.00 
17961.00 16883.00 18192.00 
17970.00 16885.00 18133.00 
17980.00 17476.00 17937.00 
17998.00 16930.00 18151.00 
17998.00 18015.00 16824.00 
18001.00 16879.00 18155.00 
18014.00 18015.00 16736.00 
18018.00 17967.00 16666.00 
18024.00 17956.00 16748.00 
18038.00 17997.00 16803.00 
18051.00 17988.00 16673.00 
18078.00 16764.00 18013.00 
18079.00 17027.00 17990.00 
18093.00 17320.00 17701.00 
18102.00 16925.00 17942.00 
18122.00 16761.00 17936.00 
18126.00 17338.00 17678.00 
18128.00 17855.00 16714.00 
18136.00 17003.00 17863.00 
18137.00 17739.00 16883.00 
18142.00 17874.00 16745.00 
18148.00 17067.00 18062.00 
18149.00 16998.00 17911.00 
18151.00 17824.00 16731.00 
18153.00 17907.00 16736.00 
18157.00 17850.00 16549.00 
18193.00 16907.00 17822.00 
18201.00 17255.00 17622.00 
18222.00 16935.00 17827.00 
18240.00 17669.00 16773.00 
18252.00 17278.00 17577.00 
18255.00 17636.00 16906.00 
18269.00 17681.00 16729.00 
18271.00 16860.00 17672.00 
18277.00 17820.00 16702.00 
18287.00 17721.00 16809.00 
18290.00 17689.00 16808.00 
18311.00 17741.00 16812.00 
18324.00 17035.00 17716.00 
18327.00 17635.00 17085.00 
18333.00 17553.00 16884.00 
18343.00 16861.00 17529.00 
18345.00 17557.00 17020.00 
18357.00 17610.00 16932.00 
18370.00 17034.00 17537.00 
18374.00 16972.00 17497.00 
18376.00 17075.00 17470.00 
18388.00 17027.00 17491.00 
18441.00 16977.00 17460.00 
18452.00 16924.00 17487.00 
18469.00 17081.00 17425.00 
18482.00 17015.00 17439.00 
18482.00 17285.00 17065.00 
18486.00 17061.00 17287.00 
18486.00 17329.00 17193.00 
18486.00 17350.00 17046.00 
18489.00 17160.00 17319.00 
18490.00 17221.00 16995.00 
18492.00 17035.00 17277.00 
18495.00 17012.00 17293.00 
18495.00 17044.00 17327.00 
18496.00 17171.00 17183.00 
18498.00 17043.00 17320.00 
18502.00 17131.00 17169.00 
18503.00 16993.00 17315.00 
18505.00 17014.00 17049.00 
18505.00 17052.00 17071.00 
18506.00 16868.00 17314.00 
18507.00 17107.00 17245.00 
18507.00 17108.00 17290.00 
18508.00 17063.00 17164.00 
18508.00 17158.00 17052.00 
18508.00 17166.00 17213.00 
18510.00 17004.00 17157.00 
18511.00 17081.00 17407.00 
18514.00 17028.00 17038.00 
18514.00 17232.00 17039.00 
18515.00 17089.00 17286.00 
18516.00 17028.00 17158.00 
18516.00 17135.00 17095.00 
18517.00 17086.00 17327.00 
18518.00 17024.00 17220.00 
18518.00 17161.00 17025.00 
18519.00 17016.00 17003.00 
18519.00 17033.00 17182.00 
18519.00 17043.00 17104.00 
18522.00 16888.00 16965.00 
18524.00 17009.00 17170.00 
18525.00 17137.00 17259.00 
18526.00 16951.00 17254.00 
18526.00 17160.00 17223.00 
18527.00 17091.00 17061.00 
18527.00 17110.00 17122.00 
18528.00 17035.00 17193.00 
18530.00 17127.00 17094.00 
18530.00 17269.00 17132.00 
18536.00 17040.00 17045.00 
18536.00 17062.00 17045.00 
18539.00 17068.00 17178.00 
18550.00 16945.00 17109.00 
18553.00 16964.00 17056.00 
18553.00 17036.00 16906.00 
18564.00 16980.00 17200.00 
18564.00 17060.00 17084.00 
18566.00 16862.00 17122.00 
18567.00 16990.00 17280.00 
18570.00 16949.00 17091.00 
18576.00 16996.00 16955.00 
18588.00 16985.00 17243.00 
18588.00 17089.00 17184.00 
18592.00 17138.00 17191.00 
18603.00 16926.00 17099.00 
18604.00 17096.00 17247.00 
15594.00 19305.00 16019.00 
15600.00 19296.00 16060.00 
15612.00 19307.00 16010.00 
15643.00 19340.00 16073.00 
15644.00 19296.00 16015.00 
15663.00 19295.00 16248.00 
15664.00 19295.00 16046.00 
15671.00 19290.00 16050.00 
15671.00 19354.00 16112.00 
15675.00 19307.00 15952.00 
15676.00 19294.00 16083.00 
15676.00 19316.00 15995.00 
15680.00 19296.00 16105.00 
15681.00 19374.00 16192.00 
15684.00 19275.00 16351.00 
15688.00 19341.00 16100.00 
15698.00 19298.00 16096.00 
15698.00 19331.00 16135.00 
15701.00 19291.00 16098.00 
15702.00 19360.00 16068.00 
15713.00 19314.00 16077.00 
15717.00 19296.00 16038.00 
15719.00 17696.00 18698.00 
15723.00 19340.00 16118.00 
15727.00 19316.00 16107.00 
15728.00 19338.00 16107.00 
15729.00 19042.00 16749.00 
15732.00 19293.00 15986.00 
15738.00 19300.00 15969.00 
15743.00 19316.00 16002.00 
15748.00 19313.00 16095.00 
15754.00 19300.00 16105.00 
15756.00 19060.00 16765.00 
15759.00 19352.00 16038.00 
15762.00 19291.00 15930.00 
15762.00 19293.00 16133.00 
15764.00 19298.00 16149.00 
15774.00 19296.00 16120.00 
15774.00 19314.00 16154.00 
15775.00 19328.00 16144.00 
15778.00 19308.00 16175.00 
15791.00 19292.00 16260.00 
15795.00 18547.00 17498.00 
15797.00 19266.00 16283.00 
15799.00 19319.00 16099.00 
15799.00 19335.00 16121.00 
15800.00 19292.00 16193.00 
15801.00 19062.00 16848.00 
15801.00 19305.00 15983.00 
15802.00 19292.00 16037.00 
15806.00 19291.00 16031.00 
15811.00 19097.00 16764.00 
15820.00 19119.00 16642.00 
15829.00 19337.00 16064.00 
15834.00 18895.00 17047.00 
15838.00 18765.00 17280.00 
15843.00 18041.00 18248.00 
15845.00 17791.00 18506.00 
15847.00 19293.00 16064.00 
15849.00 19048.00 16769.00 
15849.00 19154.00 16635.00 
15850.00 18783.00 17154.00 
15859.00 18494.00 17586.00 
15883.00 18262.00 18072.00 
15884.00 19055.00 16749.00 
15885.00 17543.00 18718.00 
15890.00 18248.00 17989.00 
15898.00 19285.00 16169.00 
15903.00 19234.00 15972.00 
15909.00 19294.00 16229.00 
15912.00 18759.00 17232.00 
15917.00 18596.00 17485.00 
15920.00 18785.00 17182.00 
15927.00 18888.00 17041.00 
15939.00 18003.00 18250.00 
15958.00 18514.00 17617.00 
15966.00 17928.00 18427.00 
15968.00 18974.00 16818.00 
15972.00 18331.00 17894.00 
16002.00 17631.00 18742.00 
16015.00 17026.00 19048.00 
16015.00 17186.00 18975.00 
16017.00 18559.00 17553.00 
16021.00 18328.00 17868.00 
16022.00 17027.00 19127.00 
16026.00 18125.00 18230.00 
16038.00 18443.00 17919.00 
16051.00 16850.00 19278.00 
16058.00 17776.00 18548.00 
16059.00 16376.00 19365.00 
16075.00 16413.00 19365.00 
16075.00 16626.00 19368.00 
16085.00 18017.00 18292.00 
16087.00 19004.00 16897.00 
16094.00 18103.00 18254.00 
16099.00 17517.00 18841.00 
16105.00 17636.00 18655.00 
16109.00 18593.00 17485.00 
16122.00 18096.00 18175.00 
16128.00 17384.00 18857.00 
16133.00 18340.00 17804.00 
16137.00 17714.00 18559.00 
16142.00 18245.00 18096.00 
16147.00 16907.00 19223.00 
16161.00 17474.00 18781.00 
16162.00 16517.00 19378.00 
16162.00 17854.00 18454.00 
16170.00 19244.00 16267.00 
16172.00 16466.00 19367.00 
16175.00 17561.00 18778.00 
16175.00 18839.00 17110.00 
16177.00 16799.00 19285.00 
16178.00 16546.00 19350.00 
16182.00 16296.00 19345.00 
16188.00 16559.00 19343.00 
16190.00 17071.00 19047.00 
16194.00 18322.00 17941.00 
16203.00 16752.00 19308.00 
16205.00 17419.00 18786.00 
16206.00 17402.00 18938.00 
16207.00 16381.00 19365.00 
16208.00 16939.00 19201.00 
16216.00 16447.00 19351.00 
16217.00 16605.00 19362.00 
16218.00 17465.00 18801.00 
16219.00 18519.00 17482.00 
16225.00 16729.00 19348.00 
16233.00 18080.00 18211.00 
16234.00 16514.00 19366.00 
16239.00 17077.00 19128.00 
16243.00 19125.00 16249.00 
16244.00 16424.00 19440.00 
16245.00 16491.00 19361.00 
16245.00 16551.00 19363.00 
16247.00 16381.00 19363.00 
16248.00 16473.00 19374.00 
16253.00 16504.00 19345.00 
16257.00 16531.00 19394.00 
16258.00 16497.00 19415.00 
16258.00 18362.00 17774.00 
16263.00 19203.00 16188.00 
16264.00 16405.00 19402.00 
16264.00 16512.00 19479.00 
16270.00 16521.00 19429.00 
16271.00 18862.00 16942.00 
16273.00 16396.00 19346.00 
16273.00 17826.00 18516.00 
16275.00 17954.00 18354.00 
16279.00 16607.00 19352.00 
16280.00 17403.00 18866.00 
16281.00 16778.00 19279.00 
16282.00 16382.00 19355.00 
16287.00 17137.00 19060.00 
16287.00 18510.00 17665.00 
16290.00 16502.00 19354.00 
16297.00 17056.00 19061.00 
16301.00 16426.00 19406.00 
16302.00 17078.00 19068.00 
16304.00 17729.00 18514.00 
16305.00 16516.00 19346.00 
16309.00 16465.00 19358.00 
16315.00 16481.00 19352.00 
16317.00 16601.00 19347.00 
16317.00 18261.00 18028.00 
16319.00 16441.00 19448.00 
16325.00 16519.00 19355.00 
16326.00 19141.00 16466.00 
16335.00 16454.00 19411.00 
16336.00 16445.00 19358.00 
16336.00 16459.00 19352.00 
16340.00 16559.00 19396.00 
16340.00 17264.00 18901.00 
16345.00 16468.00 19411.00 
16345.00 18149.00 18202.00 
16347.00 16457.00 19384.00 
16349.00 16542.00 19374.00 
16350.00 17437.00 18834.00 
16352.00 18305.00 17891.00 
16367.00 16545.00 19355.00 
16381.00 17344.00 18933.00 
16383.00 16538.00 19339.00 
16389.00 16359.00 19396.00 
16389.00 17476.00 18824.00 
16390.00 16542.00 19420.00 
16405.00 17765.00 18555.00 
16406.00 16356.00 19344.00 
16406.00 17059.00 19015.00 
16411.00 16391.00 19350.00 
16412.00 16579.00 19375.00 
16413.00 16491.00 19378.00 
16422.00 19101.00 16154.00 
16425.00 16321.00 19370.00 
16426.00 17736.00 18521.00 
16442.00 17415.00 18798.00 
16451.00 16571.00 19343.00 
16463.00 17672.00 18619.00 
16491.00 18686.00 17191.00 
16504.00 16516.00 19317.00 
16523.00 17773.00 18491.00 
16523.00 18259.00 17892.00 
16531.00 16446.00 19333.00 
16551.00 18665.00 17260.00 
16553.00 19082.00 16383.00 
16565.00 18078.00 18154.00 
16567.00 17233.00 18788.00 
16569.00 19068.00 16592.00 
16571.00 16438.00 19371.00 
16576.00 17770.00 18552.00 
16576.00 19054.00 16282.00 
16593.00 17915.00 18172.00 
16595.00 16638.00 19278.00 
16596.00 16474.00 19325.00 
16621.00 18230.00 17698.00 
16626.00 17857.00 18216.00 
16657.00 19061.00 16533.00 
16664.00 17417.00 18718.00 
16680.00 18885.00 16162.00 
16682.00 18989.00 16465.00 
16696.00 18216.00 17784.00 
16706.00 19047.00 16287.00 
16716.00 16572.00 19263.00 
16721.00 16516.00 19240.00 
16723.00 19022.00 16601.00 
16739.00 17264.00 18815.00 
16789.00 18972.00 16401.00 
16791.00 16528.00 19128.00 
16808.00 16493.00 19165.00 
16817.00 18980.00 16498.00 
16828.00 18913.00 16288.00 
16843.00 16419.00 19220.00 
16850.00 17500.00 18549.00 
16867.00 18518.00 17093.00 
16879.00 18506.00 17185.00 
16881.00 16623.00 19122.00 
16892.00 18905.00 16460.00 
16919.00 17647.00 18208.00 
16919.00 18880.00 16201.00 
16925.00 16409.00 19192.00 
16931.00 16460.00 19013.00 
16932.00 16322.00 19068.00 
16941.00 18913.00 16454.00 
16945.00 16468.00 19081.00 
16948.00 17923.00 17952.00 
16955.00 18849.00 16652.00 
16968.00 18869.00 16425.00 
16982.00 17689.00 18239.00 
17008.00 18801.00 16193.00 
17012.00 18820.00 16506.00 
17022.00 18374.00 17457.00 
17031.00 16499.00 19004.00 
17048.00 17878.00 17997.00 
17052.00 16458.00 19109.00 
17055.00 17484.00 18420.00 
17057.00 16662.00 18985.00 
17080.00 16381.00 18959.00 
17085.00 18290.00 17519.00 
17087.00 17555.00 18430.00 
17112.00 16463.00 19019.00 
17138.00 18766.00 16327.00 
17161.00 16847.00 18819.00 
17212.00 16643.00 18972.00 
17239.00 18820.00 16373.00 
17251.00 18740.00 16416.00 
17260.00 18091.00 17398.00 
17267.00 18647.00 16611.00 
17282.00 16557.00 18837.00 
17288.00 18705.00 16542.00 
17317.00 17674.00 18047.00 
17327.00 16643.00 18793.00 
17329.00 17126.00 18430.00 
17331.00 16577.00 18810.00 
17339.00 18149.00 17456.00 
17347.00 17710.00 18003.00 
17350.00 16476.00 18770.00 
17358.00 16515.00 18865.00 
17378.00 18627.00 16396.00 
17423.00 18516.00 16468.00 
17431.00 16976.00 18418.00 
17464.00 16575.00 18787.00 
17469.00 16652.00 18670.00 
17471.00 17029.00 18281.00 
17476.00 18595.00 16547.00 
17477.00 18595.00 16452.00 
17479.00 16643.00 18691.00 
17480.00 16704.00 18699.00 
17491.00 18266.00 17055.00 
17496.00 17693.00 17801.00 
17507.00 18507.00 16836.00 
17516.00 18218.00 17041.00 
17531.00 18593.00 16433.00 
17542.00 16946.00 18274.00 
17543.00 18581.00 16513.00 
17546.00 16620.00 18671.00 
17560.00 18463.00 16350.00 
17575.00 18464.00 16368.00 
17577.00 16646.00 18667.00 
17588.00 17701.00 17829.00 
17591.00 17547.00 17826.00 
17593.00 18039.00 17223.00 
17607.00 18459.00 16464.00 
17617.00 16502.00 18607.00 
17629.00 18071.00 17305.00 
17642.00 18500.00 16260.00 
17668.00 17526.00 17916.00 
17681.00 16598.00 18678.00 
17686.00 16500.00 18541.00 
17686.00 16686.00 18623.00 
17687.00 18344.00 16758.00 
17694.00 18444.00 16350.00 
17697.00 18399.00 16369.00 
17711.00 18397.00 16406.00 
17716.00 18401.00 16346.00 
17717.00 18407.00 16653.00 
17719.00 16514.00 18543.00 
17726.00 18358.00 16600.00 
17737.00 16583.00 18449.00 
17739.00 16620.00 18506.00 
17745.00 16551.00 18556.00 
17748.00 18342.00 16497.00 
17750.00 16656.00 18418.00 
17751.00 16449.00 18537.00 
17758.00 17667.00 17703.00 
17764.00 17004.00 18237.00 
17779.00 16585.00 18406.00 
17783.00 16523.00 18472.00 
17805.00 16574.00 18443.00 
17818.00 16996.00 18185.00 
17825.00 18422.00 16130.00 
17826.00 18330.00 16395.00 
17835.00 16634.00 18360.00 
17840.00 16600.00 18363.00 
17841.00 18301.00 16729.00 
17845.00 17650.00 17788.00 
17854.00 18178.00 16814.00 
17863.00 16621.00 18259.00 
17880.00 16472.00 18287.00 
17881.00 16693.00 18248.00 
17882.00 16546.00 18261.00 
17884.00 16566.00 18258.00 
17891.00 16624.00 18260.00 
17898.00 16420.00 18256.00 
17902.00 18279.00 16495.00 
17913.00 18310.00 16487.00 
17919.00 17984.00 16741.00 
17921.00 18275.00 16625.00 
17931.00 18124.00 16806.00 
17935.00 16535.00 18265.00 
17936.00 18286.00 16430.00 
17943.00 16558.00 18301.00 
17947.00 16713.00 18257.00 
17948.00 18212.00 16526.00 
17985.00 17245.00 17768.00 
17993.00 18220.00 16287.00 
18005.00 17518.00 17531.00 
18009.00 18168.00 16623.00 
18013.00 18203.00 16521.00 
18023.00 18155.00 16504.00 
18033.00 16859.00 18129.00 
18039.00 18177.00 16514.00 
18044.00 16715.00 18114.00 
18049.00 18115.00 16631.00 
18089.00 16578.00 18135.00 
18099.00 17242.00 17884.00 
18102.00 16644.00 18087.00 
18113.00 17965.00 16586.00 
18128.00 17943.00 16797.00 
18140.00 16718.00 17957.00 
18148.00 17118.00 17897.00 
18156.00 16728.00 17932.00 
18168.00 16547.00 18011.00 
18187.00 16834.00 17955.00 
18190.00 17888.00 16534.00 
18191.00 17528.00 17517.00 
18197.00 17835.00 16709.00 
18216.00 18002.00 16461.00 
18218.00 17066.00 17851.00 
18234.00 17844.00 16787.00 
18237.00 17435.00 17436.00 
18239.00 16760.00 17889.00 
18239.00 16894.00 17795.00 
18253.00 17882.00 16572.00 
18257.00 17830.00 16719.00 
18270.00 16846.00 17853.00 
18281.00 17785.00 16849.00 
18297.00 16989.00 17693.00 
18304.00 17791.00 16817.00 
18305.00 17745.00 16774.00 
18310.00 16832.00 17844.00 
18326.00 17688.00 16776.00 
18331.00 17356.00 17423.00 
18349.00 17074.00 17674.00 
18373.00 16793.00 17535.00 
18395.00 17624.00 16930.00 
18397.00 17748.00 16812.00 
18402.00 17299.00 17321.00 
18413.00 17198.00 17553.00 
18423.00 17580.00 16987.00 
18428.00 17206.00 17294.00 
18436.00 16922.00 17432.00 
18445.00 17081.00 17463.00 
18450.00 17544.00 16987.00 
18460.00 17527.00 16969.00 
18484.00 17103.00 17454.00 
18501.00 17061.00 17327.00 
18525.00 16907.00 17235.00 
18531.00 17206.00 17165.00 
18537.00 17106.00 17172.00 
18543.00 17068.00 17271.00 
18543.00 17268.00 17094.00 
18545.00 17214.00 17097.00 
18548.00 17294.00 17060.00 
18549.00 17101.00 17144.00 
18552.00 17304.00 17042.00 
18555.00 17071.00 17056.00 
18557.00 16875.00 17097.00 
18557.00 17126.00 16974.00 
18559.00 16996.00 17153.00 
18559.00 17027.00 17074.00 
18559.00 17139.00 16906.00 
18559.00 17241.00 17047.00 
18559.00 17242.00 17149.00 
18560.00 17031.00 17102.00 
18561.00 17156.00 17102.00 
18562.00 16870.00 16978.00 
18563.00 17086.00 17125.00 
18564.00 16939.00 16906.00 
18564.00 17024.00 16874.00 
18566.00 17008.00 17033.00 
18566.00 17013.00 17210.00 
18566.00 17081.00 17015.00 
18568.00 17016.00 16960.00 
18569.00 16913.00 16853.00 
18570.00 17198.00 17198.00 
18574.00 17222.00 16835.00 
18576.00 17088.00 17151.00 
18576.00 17224.00 16936.00 
18577.00 17165.00 16807.00 
18578.00 17099.00 17035.00 
18578.00 17200.00 17054.00 
18583.00 17045.00 17131.00 
18584.00 16975.00 16995.00 
18584.00 17073.00 17063.00 
18585.00 17074.00 16954.00 
18585.00 17226.00 17085.00 
18587.00 17060.00 17178.00 
18588.00 17174.00 17058.00 
18589.00 17144.00 17090.00 
18591.00 16978.00 16981.00 
18593.00 17210.00 17029.00 
18597.00 16958.00 16741.00 
18599.00 17091.00 17023.00 
18601.00 17045.00 16986.00 
18611.00 17053.00 16970.00 
18615.00 17183.00 17022.00 
18616.00 17066.00 17131.00 
18616.00 17080.00 17043.00 
18623.00 16948.00 17186.00 
18627.00 17045.00 17104.00 
18640.00 17093.00 17116.00 
18644.00 17037.00 16834.00 
18661.00 16984.00 17085.00 
18662.00 16992.00 16958.00 
15729.00 17104.00 19051.00 
15748.00 16898.00 19204.00 
15756.00 16268.00 19379.00 
15763.00 17094.00 19101.00 
15764.00 17313.00 19006.00 
15769.00 16746.00 19273.00 
15778.00 16209.00 19406.00 
15788.00 16249.00 19431.00 
15790.00 16199.00 19375.00 
15800.00 16727.00 19264.00 
15805.00 16282.00 19375.00 
15808.00 16228.00 19386.00 
15814.00 16316.00 19462.00 
15843.00 16599.00 19345.00 
15846.00 16277.00 19424.00 
15852.00 16264.00 19391.00 
15854.00 16295.00 19374.00 
15865.00 16732.00 19274.00 
15872.00 16442.00 19394.00 
15877.00 16172.00 19397.00 
15877.00 16292.00 19389.00 
15882.00 16230.00 19402.00 
15886.00 18572.00 17585.00 
15889.00 17352.00 18920.00 
15890.00 17094.00 19057.00 
15893.00 16310.00 19423.00 
15906.00 16696.00 19279.00 
15908.00 16284.00 19431.00 
15908.00 16302.00 19399.00 
15913.00 16332.00 19374.00 
15914.00 16347.00 19406.00 
15915.00 16270.00 19412.00 
15919.00 16385.00 19412.00 
15925.00 16141.00 19414.00 
15930.00 19005.00 16698.00 
15932.00 17826.00 18655.00 
15944.00 16214.00 19401.00 
15945.00 16176.00 19379.00 
15946.00 16348.00 19401.00 
15946.00 16784.00 19217.00 
15948.00 16476.00 19365.00 
15954.00 16394.00 19402.00 
15959.00 16302.00 19417.00 
15962.00 16245.00 19394.00 
15966.00 18370.00 17778.00 
15970.00 16410.00 19371.00 
15972.00 19054.00 16657.00 
15973.00 16300.00 19398.00 
15981.00 16191.00 19374.00 
15981.00 18890.00 17046.00 
15986.00 17686.00 18677.00 
15989.00 16227.00 19371.00 
15992.00 16263.00 19380.00 
15992.00 18391.00 17825.00 
15993.00 16412.00 19404.00 
15993.00 18467.00 17788.00 
15999.00 17457.00 18890.00 
16001.00 16303.00 19414.00 
16002.00 17452.00 18921.00 
16004.00 18585.00 17509.00 
16010.00 16326.00 19398.00 
16012.00 16383.00 19395.00 
16013.00 18695.00 17329.00 
16013.00 19017.00 16592.00 
16016.00 18567.00 17620.00 
16017.00 16297.00 19379.00 
16021.00 17715.00 18664.00 
16021.00 19010.00 16601.00 
16022.00 16314.00 19407.00 
16024.00 16213.00 19406.00 
16026.00 16234.00 19396.00 
16026.00 16329.00 19412.00 
16028.00 19016.00 16596.00 
16029.00 18862.00 17053.00 
16030.00 16243.00 19375.00 
16032.00 19017.00 16644.00 
16032.00 19036.00 16642.00 
16032.00 19048.00 16691.00 
16037.00 16303.00 19388.00 
16039.00 17618.00 18853.00 
16048.00 17979.00 18308.00 
16050.00 18775.00 17176.00 
16053.00 19049.00 16713.00 
16054.00 17490.00 18877.00 
16058.00 18862.00 17215.00 
16059.00 18954.00 16933.00 
16062.00 18833.00 17118.00 
16070.00 19051.00 16674.00 
16073.00 19063.00 16655.00 
16078.00 17060.00 19097.00 
16078.00 19026.00 16695.00 
16083.00 16407.00 19362.00 
16084.00 16291.00 19396.00 
16089.00 19023.00 16633.00 
16091.00 18764.00 17227.00 
16092.00 19009.00 16711.00 
16092.00 19020.00 16599.00 
16094.00 16367.00 19350.00 
16094.00 19074.00 16667.00 
16095.00 19031.00 16653.00 
16097.00 19060.00 16600.00 
16101.00 19078.00 16718.00 
16102.00 19033.00 16589.00 
16107.00 19023.00 16739.00 
16108.00 19044.00 16623.00 
16112.00 16654.00 19326.00 
16113.00 19076.00 16668.00 
16115.00 17504.00 18892.00 
16115.00 19006.00 16639.00 
16119.00 17559.00 18835.00 
16119.00 19058.00 16574.00 
16121.00 19044.00 16615.00 
16125.00 16287.00 19373.00 
16127.00 19020.00 16759.00 
16134.00 19015.00 16739.00 
16135.00 19050.00 16642.00 
16137.00 17439.00 18971.00 
16142.00 16280.00 19347.00 
16145.00 17705.00 18676.00 
16146.00 16931.00 19171.00 
16146.00 17481.00 18840.00 
16149.00 19059.00 16678.00 
16152.00 17105.00 19134.00 
16152.00 17472.00 18879.00 
16152.00 18793.00 17043.00 
16156.00 19016.00 16659.00 
16161.00 19017.00 16597.00 
16164.00 18355.00 17887.00 
16169.00 17923.00 18521.00 
16172.00 19022.00 16590.00 
16173.00 18947.00 16927.00 
16174.00 17966.00 18404.00 
16175.00 19022.00 16491.00 
16177.00 17580.00 18877.00 
16178.00 16446.00 19415.00 
16179.00 19047.00 16714.00 
16180.00 19063.00 16665.00 
16181.00 17788.00 18647.00 
16185.00 19011.00 16573.00 
16187.00 17985.00 18335.00 
16188.00 19016.00 16527.00 
16189.00 19007.00 16562.00 
16194.00 17485.00 18875.00 
16195.00 17006.00 19162.00 
16199.00 19030.00 16488.00 
16203.00 16205.00 19337.00 
16207.00 17679.00 18699.00 
16213.00 18225.00 18076.00 
16214.00 18122.00 18177.00 
16218.00 19033.00 16654.00 
16224.00 17306.00 19017.00 
16228.00 18673.00 17485.00 
16236.00 18162.00 18121.00 
16236.00 18621.00 17441.00 
16242.00 18803.00 17238.00 
16247.00 19021.00 16658.00 
16247.00 19037.00 16549.00 
16249.00 17922.00 18461.00 
16255.00 19006.00 16556.00 
16260.00 17814.00 18626.00 
16272.00 17911.00 18416.00 
16273.00 17059.00 19071.00 
16278.00 16476.00 19315.00 
16294.00 17360.00 18906.00 
16296.00 17941.00 18472.00 
16296.00 19032.00 16657.00 
16314.00 17889.00 18557.00 
16315.00 17664.00 18765.00 
16316.00 19041.00 16431.00 
16318.00 19048.00 16675.00 
16319.00 16429.00 19306.00 
16330.00 18218.00 18131.00 
16335.00 17767.00 18661.00 
16340.00 19021.00 16647.00 
16351.00 16941.00 19204.00 
16355.00 18388.00 17747.00 
16367.00 17937.00 18467.00 
16374.00 18385.00 17735.00 
16380.00 18984.00 16700.00 
16385.00 18965.00 16700.00 
16391.00 19037.00 16610.00 
16397.00 18146.00 18099.00 
16398.00 18194.00 18099.00 
16400.00 16344.00 19271.00 
16402.00 18225.00 17991.00 
16419.00 18324.00 17823.00 
16419.00 19050.00 16668.00 
16427.00 19015.00 16530.00 
16428.00 16525.00 19296.00 
16432.00 17960.00 18363.00 
16442.00 16352.00 19204.00 
16456.00 18129.00 18203.00 
16457.00 17996.00 18372.00 
16467.00 16535.00 19256.00 
16475.00 18635.00 17246.00 
16482.00 18421.00 17739.00 
16488.00 18634.00 17267.00 
16502.00 17626.00 18595.00 
16524.00 18169.00 18062.00 
16528.00 16469.00 19205.00 
16530.00 18172.00 18008.00 
16531.00 18998.00 16586.00 
16533.00 18995.00 16602.00 
16540.00 16468.00 19140.00 
16543.00 17267.00 18921.00 
16569.00 18975.00 16548.00 
16574.00 18951.00 16556.00 
16578.00 16477.00 19142.00 
16588.00 17604.00 18697.00 
16589.00 18979.00 16430.00 
16597.00 17987.00 18298.00 
16601.00 16443.00 19129.00 
16627.00 18930.00 16448.00 
16628.00 19017.00 16461.00 
16643.00 18955.00 16438.00 
16654.00 16481.00 19131.00 
16657.00 17091.00 18923.00 
16657.00 18444.00 17377.00 
16690.00 17159.00 18790.00 
16726.00 16438.00 19093.00 
16752.00 18936.00 16572.00 
16756.00 18392.00 17395.00 
16759.00 17411.00 18527.00 
16785.00 16478.00 19065.00 
16787.00 18898.00 16629.00 
16792.00 17363.00 18596.00 
16796.00 17823.00 18325.00 
16821.00 18872.00 16644.00 
16832.00 18812.00 16641.00 
16837.00 18814.00 16366.00 
16865.00 18072.00 17939.00 
16880.00 16546.00 19003.00 
16895.00 18044.00 17897.00 
16899.00 16698.00 19014.00 
16900.00 16515.00 18960.00 
16915.00 16414.00 18950.00 
16921.00 18800.00 16596.00 
16928.00 17338.00 18560.00 
16952.00 17718.00 18300.00 
16983.00 18296.00 17300.00 
16986.00 18765.00 16630.00 
17046.00 16719.00 18880.00 
17066.00 18703.00 16471.00 
17071.00 16568.00 18886.00 
17073.00 17711.00 18143.00 
17101.00 18677.00 16492.00 
17110.00 18644.00 16582.00 
17121.00 17258.00 18441.00 
17131.00 18306.00 17485.00 
17135.00 18038.00 17535.00 
17156.00 18688.00 16332.00 
17175.00 16667.00 18819.00 
17178.00 16573.00 18812.00 
17180.00 16645.00 18769.00 
17180.00 16699.00 18809.00 
17181.00 18621.00 16622.00 
17195.00 17267.00 18516.00 
17201.00 18042.00 17552.00 
17221.00 18603.00 16476.00 
17223.00 17762.00 18095.00 
17244.00 18601.00 16647.00 
17266.00 17336.00 18562.00 
17284.00 16945.00 18717.00 
17290.00 18557.00 16658.00 
17295.00 16723.00 18681.00 
17320.00 16807.00 18714.00 
17326.00 16686.00 18687.00 
17334.00 17915.00 17667.00 
17336.00 18463.00 16808.00 
17347.00 18426.00 16920.00 
17381.00 17468.00 18142.00 
17381.00 17670.00 18130.00 
17387.00 18491.00 16557.00 
17397.00 16724.00 18638.00 
17403.00 16650.00 18693.00 
17415.00 16814.00 18613.00 
17436.00 16973.00 18492.00 
17447.00 17898.00 17653.00 
17470.00 16912.00 18575.00 
17477.00 16659.00 18603.00 
17490.00 18421.00 16497.00 
17500.00 16682.00 18539.00 
17500.00 16732.00 18538.00 
17513.00 16793.00 18590.00 
17542.00 16872.00 18542.00 
17544.00 18333.00 16524.00 
17549.00 18424.00 16570.00 
17551.00 17534.00 17901.00 
17556.00 16663.00 18453.00 
17559.00 18375.00 16868.00 
17563.00 18260.00 16830.00 
17568.00 16632.00 18412.00 
17568.00 18162.00 16923.00 
17573.00 16822.00 18512.00 
17580.00 18295.00 16750.00 
17584.00 18017.00 17276.00 
17588.00 16595.00 18504.00 
17591.00 16946.00 18422.00 
17601.00 16707.00 18461.00 
17602.00 16944.00 18365.00 
17602.00 18329.00 16374.00 
17604.00 16753.00 18419.00 
17607.00 17517.00 17968.00 
17609.00 16719.00 18518.00 
17617.00 16752.00 18468.00 
17627.00 16831.00 18497.00 
17633.00 18195.00 16950.00 
17645.00 18291.00 16233.00 
17652.00 18306.00 16283.00 
17666.00 17287.00 17951.00 
17674.00 18277.00 16645.00 
17674.00 18279.00 16380.00 
17681.00 18251.00 16644.00 
17684.00 18249.00 16613.00 
17684.00 18253.00 16727.00 
17684.00 18295.00 16701.00 
17685.00 16793.00 18373.00 
17685.00 16848.00 18354.00 
17687.00 17330.00 18125.00 
17689.00 16834.00 18344.00 
17693.00 17946.00 17200.00 
17713.00 16689.00 18430.00 
17721.00 16757.00 18335.00 
17745.00 16934.00 18295.00 
17751.00 16674.00 18352.00 
17768.00 16750.00 18292.00 
17774.00 18146.00 16583.00 
17785.00 17890.00 17348.00 
17806.00 18190.00 16727.00 
17833.00 16801.00 18178.00 
17834.00 17284.00 17876.00 
17844.00 16853.00 18155.00 
17845.00 16818.00 18221.00 
17861.00 17328.00 17764.00 
17863.00 16884.00 18185.00 
17867.00 16837.00 18120.00 
17872.00 18103.00 16536.00 
17882.00 17948.00 16916.00 
17894.00 18082.00 16763.00 
17907.00 18050.00 16683.00 
17911.00 16936.00 18184.00 
17914.00 18051.00 16606.00 
17921.00 17988.00 16699.00 
17935.00 17933.00 16863.00 
17940.00 18067.00 16613.00 
17951.00 17055.00 17856.00 
17966.00 17942.00 16765.00 
17975.00 16847.00 17979.00 
17976.00 18064.00 16746.00 
17985.00 17060.00 17829.00 
17987.00 17728.00 16910.00 
17987.00 17795.00 17217.00 
17988.00 16840.00 18073.00 
17990.00 16923.00 18103.00 
18014.00 17852.00 16377.00 
18018.00 16782.00 17958.00 
18045.00 17779.00 16707.00 
18045.00 17936.00 16453.00 
18060.00 17378.00 17611.00 
18064.00 17800.00 16832.00 
18070.00 16778.00 18017.00 
18080.00 17767.00 16514.00 
18082.00 17149.00 17515.00 
18112.00 16847.00 17846.00 
18148.00 16725.00 17746.00 
18151.00 16833.00 17842.00 
18152.00 17794.00 16773.00 
18153.00 16908.00 17787.00 
18157.00 17680.00 16891.00 
18180.00 16889.00 17717.00 
18190.00 16815.00 17691.00 
18238.00 17625.00 16718.00 
18238.00 17689.00 16704.00 
18244.00 17633.00 16792.00 
18244.00 17672.00 16837.00 
18247.00 16839.00 17694.00 
18259.00 16881.00 17608.00 
18259.00 17379.00 16455.00 
18266.00 16915.00 17621.00 
18266.00 17645.00 16812.00 
18269.00 16866.00 17696.00 
18271.00 17530.00 16779.00 
18302.00 17066.00 17459.00 
18302.00 17507.00 16391.00 
18304.00 17495.00 16668.00 
18314.00 16861.00 17602.00 
18314.00 17523.00 16666.00 
18317.00 17058.00 17413.00 
18328.00 17312.00 16942.00 
18342.00 17569.00 16818.00 
18351.00 16860.00 17445.00 
18373.00 16830.00 17481.00 
18382.00 16774.00 17524.00 
18425.00 16884.00 17401.00 
18428.00 17310.00 16812.00 
18437.00 17394.00 16851.00 
18440.00 17116.00 17151.00 
18448.00 16862.00 17242.00 
18457.00 16833.00 17282.00 
18461.00 16864.00 17220.00 
18461.00 17028.00 17303.00 
18486.00 16856.00 17294.00 
18494.00 16803.00 17256.00 
18496.00 16973.00 17233.00 
18557.00 16777.00 17112.00 
18560.00 16850.00 17075.00 
18563.00 17066.00 16935.00 
18567.00 16807.00 17022.00 
18567.00 16904.00 17025.00 
18569.00 17114.00 16861.00 
18571.00 16962.00 16861.00 
18572.00 16934.00 17061.00 
18576.00 17237.00 16759.00 
18577.00 16826.00 16960.00 
18577.00 16910.00 16874.00 
18581.00 16998.00 16803.00 
18581.00 17071.00 16762.00 
18582.00 16808.00 16555.00 
18584.00 16787.00 16909.00 
18586.00 16784.00 16700.00 
18587.00 16685.00 16778.00 
18589.00 16699.00 16478.00 
18589.00 16726.00 16767.00 
18589.00 16924.00 16835.00 
18590.00 16696.00 16931.00 
18591.00 16842.00 16795.00 
18593.00 16902.00 16911.00 
18594.00 16767.00 16838.00 
18595.00 16711.00 16898.00 
18598.00 16888.00 16925.00 
18598.00 16939.00 16898.00 
18599.00 16870.00 16613.00 
18601.00 16919.00 16976.00 
18602.00 16891.00 16863.00 
18604.00 16705.00 16815.00 
18604.00 16805.00 16831.00 
18604.00 16880.00 16911.00 
18605.00 16730.00 16821.00 
18605.00 16974.00 16840.00 
18607.00 16731.00 16534.00 
18607.00 16814.00 16855.00 
18612.00 16775.00 16729.00 
18617.00 16805.00 17070.00 
18617.00 16842.00 16786.00 
18618.00 16769.00 16881.00 
18620.00 16751.00 16789.00 
18622.00 16992.00 16571.00 
18625.00 16902.00 16632.00 
18627.00 16821.00 16803.00 
18629.00 16830.00 16673.00 
18638.00 16738.00 16841.00 
18639.00 16783.00 16666.00 
18639.00 16786.00 16825.00 
18643.00 16796.00 16925.00 
18643.00 17046.00 16836.00 
18648.00 16876.00 16781.00 
18650.00 16729.00 16659.00 
18655.00 16919.00 16618.00 
18673.00 16827.00 16936.00 
18674.00 16751.00 16733.00 
18710.00 16828.00 16714.00 
15891.00 18626.00 17249.00 
15916.00 19127.00 16316.00 
15916.00 19167.00 16299.00 
15934.00 19123.00 16224.00 
15936.00 19102.00 16004.00 
15945.00 18727.00 17021.00 
15948.00 19194.00 16323.00 
15962.00 19081.00 16467.00 
15976.00 19105.00 16400.00 
15982.00 19116.00 16236.00 
15989.00 19126.00 16155.00 
15991.00 19109.00 16198.00 
15998.00 18921.00 16701.00 
16006.00 19113.00 16252.00 
16009.00 19112.00 16066.00 
16012.00 19200.00 16287.00 
16014.00 19122.00 16124.00 
16019.00 19104.00 16093.00 
16020.00 19081.00 16417.00 
16020.00 19119.00 16201.00 
16021.00 19060.00 16590.00 
16039.00 19133.00 16467.00 
16044.00 18878.00 16857.00 
16046.00 19121.00 16199.00 
16050.00 18426.00 17731.00 
16058.00 19121.00 16219.00 
16058.00 19168.00 16156.00 
16061.00 19134.00 16149.00 
16066.00 19100.00 16146.00 
16067.00 19116.00 16149.00 
16071.00 19101.00 16195.00 
16071.00 19107.00 16260.00 
16073.00 19187.00 16319.00 
16087.00 17956.00 18346.00 
16090.00 16313.00 19430.00 
16092.00 18916.00 16735.00 
16106.00 18861.00 16893.00 
16106.00 19149.00 16043.00 
16106.00 19171.00 16212.00 
16109.00 19103.00 16232.00 
16117.00 19136.00 16245.00 
16120.00 19165.00 16033.00 
16128.00 19102.00 16199.00 
16128.00 19134.00 16331.00 
16132.00 16830.00 19313.00 
16140.00 18015.00 18373.00 
16143.00 16303.00 19432.00 
16143.00 18905.00 16931.00 
16148.00 16485.00 19427.00 
16152.00 19127.00 16238.00 
16153.00 18449.00 17621.00 
16157.00 17452.00 18900.00 
16158.00 17316.00 18978.00 
16158.00 18704.00 17127.00 
16160.00 19122.00 16051.00 
16161.00 16351.00 19443.00 
16162.00 19150.00 16267.00 
16166.00 18603.00 17265.00 
16168.00 18027.00 18383.00 
16170.00 16394.00 19399.00 
16173.00 19111.00 16234.00 
16174.00 16301.00 19425.00 
16174.00 18679.00 17106.00 
16175.00 18879.00 16724.00 
16178.00 18129.00 18070.00 
16179.00 19184.00 16083.00 
16183.00 18160.00 18115.00 
16183.00 19141.00 16232.00 
16184.00 19120.00 16223.00 
16189.00 19104.00 15865.00 
16190.00 16480.00 19474.00 
16190.00 18072.00 18255.00 
16194.00 16387.00 19435.00 
16199.00 19102.00 16198.00 
16200.00 19145.00 16192.00 
16202.00 19131.00 16141.00 
16203.00 17439.00 18833.00 
16203.00 19110.00 16158.00 
16205.00 19105.00 16085.00 
16209.00 18189.00 17995.00 
16210.00 17593.00 18815.00 
16211.00 19039.00 16634.00 
16214.00 17449.00 18933.00 
16217.00 16362.00 19405.00 
16218.00 18616.00 17283.00 
16218.00 19159.00 16085.00 
16220.00 17704.00 18650.00 
16221.00 16388.00 19393.00 
16222.00 16359.00 19419.00 
16223.00 18892.00 16771.00 
16224.00 18774.00 17032.00 
16224.00 19142.00 16297.00 
16225.00 18187.00 17977.00 
16233.00 16306.00 19376.00 
16235.00 16544.00 19380.00 
16239.00 16565.00 19407.00 
16242.00 17559.00 18751.00 
16243.00 16405.00 19402.00 
16243.00 16461.00 19406.00 
16246.00 17930.00 18445.00 
16252.00 18363.00 17734.00 
16254.00 19060.00 16558.00 
16255.00 18167.00 18005.00 
16257.00 19125.00 16107.00 
16259.00 16459.00 19527.00 
16260.00 17393.00 18977.00 
16261.00 16317.00 19415.00 
16264.00 18768.00 16982.00 
16265.00 18184.00 18036.00 
16268.00 16485.00 19373.00 
16275.00 16360.00 19494.00 
16275.00 16458.00 19442.00 
16276.00 16468.00 19380.00 
16289.00 17014.00 19118.00 
16293.00 19091.00 16128.00 
16294.00 18439.00 17627.00 
16296.00 16400.00 19387.00 
16299.00 18363.00 17884.00 
16300.00 16423.00 19425.00 
16304.00 18515.00 17593.00 
16306.00 16460.00 19414.00 
16306.00 16483.00 19397.00 
16306.00 16519.00 19384.00 
16307.00 16402.00 19436.00 
16309.00 16400.00 19417.00 
16309.00 16460.00 19436.00 
16313.00 16462.00 19374.00 
16314.00 16394.00 19379.00 
16318.00 18663.00 17253.00 
16319.00 16492.00 19434.00 
16319.00 16779.00 19239.00 
16321.00 16509.00 19407.00 
16323.00 17386.00 18914.00 
16325.00 16391.00 19374.00 
16325.00 16436.00 19373.00 
16326.00 16494.00 19374.00 
16330.00 17400.00 18947.00 
16335.00 16351.00 19403.00 
16338.00 17030.00 19114.00 
16344.00 16401.00 19407.00 
16346.00 18417.00 17593.00 
16349.00 16466.00 19407.00 
16349.00 17078.00 19134.00 
16351.00 18232.00 17921.00 
16357.00 17946.00 18417.00 
16364.00 19062.00 16533.00 
16367.00 17215.00 19020.00 
16367.00 18127.00 18072.00 
16368.00 18259.00 17915.00 
16374.00 18486.00 17361.00 
16377.00 16640.00 19373.00 
16381.00 17456.00 18933.00 
16382.00 16437.00 19495.00 
16384.00 17810.00 18594.00 
16389.00 16507.00 19380.00 
16394.00 18160.00 18203.00 
16396.00 18154.00 18086.00 
16398.00 17078.00 19127.00 
16405.00 17668.00 18642.00 
16407.00 17675.00 18580.00 
16408.00 17287.00 19018.00 
16408.00 17681.00 18681.00 
16409.00 16868.00 19236.00 
16409.00 17179.00 19042.00 
16414.00 16354.00 19414.00 
16416.00 16542.00 19398.00 
16416.00 16567.00 19420.00 
16418.00 17907.00 18408.00 
16418.00 17924.00 18392.00 
16420.00 18382.00 17636.00 
16421.00 16760.00 19268.00 
16426.00 16615.00 19388.00 
16427.00 16382.00 19450.00 
16435.00 17956.00 18274.00 
16436.00 16455.00 19391.00 
16437.00 19110.00 15926.00 
16441.00 17023.00 19099.00 
16451.00 16525.00 19380.00 
16451.00 18505.00 17466.00 
16454.00 17132.00 19137.00 
16458.00 17983.00 18271.00 
16461.00 16459.00 19400.00 
16463.00 16569.00 19372.00 
16468.00 17768.00 18547.00 
16469.00 17417.00 18887.00 
16470.00 19058.00 16066.00 
16472.00 19062.00 16243.00 
16474.00 16313.00 19383.00 
16484.00 17519.00 18855.00 
16486.00 17198.00 19027.00 
16487.00 16457.00 19380.00 
16487.00 16504.00 19394.00 
16500.00 16638.00 19382.00 
16503.00 17709.00 18587.00 
16508.00 19061.00 16053.00 
16520.00 18708.00 17112.00 
16524.00 17590.00 18825.00 
16531.00 16544.00 19375.00 
16531.00 16653.00 19376.00 
16549.00 16635.00 19384.00 
16556.00 16815.00 19308.00 
16558.00 17389.00 18898.00 
16560.00 17713.00 18715.00 
16561.00 17678.00 18664.00 
16567.00 18992.00 16386.00 
16594.00 16640.00 19358.00 
16598.00 16530.00 19332.00 
16608.00 18991.00 15938.00 
16610.00 18002.00 18310.00 
16622.00 17028.00 19184.00 
16624.00 16786.00 19267.00 
16632.00 18089.00 17897.00 
16641.00 17352.00 18928.00 
16644.00 18970.00 16288.00 
16645.00 18157.00 17880.00 
16680.00 16861.00 19251.00 
16688.00 16676.00 19280.00 
16691.00 17874.00 18484.00 
16696.00 17290.00 18920.00 
16699.00 17908.00 18355.00 
16724.00 19025.00 16015.00 
16768.00 16582.00 19263.00 
16770.00 16598.00 19267.00 
16778.00 17732.00 18604.00 
16781.00 16525.00 19309.00 
16787.00 18891.00 16130.00 
16789.00 18900.00 16280.00 
16797.00 18373.00 17366.00 
16805.00 17468.00 18692.00 
16809.00 18855.00 16023.00 
16814.00 17427.00 18622.00 
16820.00 17623.00 18538.00 
16832.00 16642.00 19253.00 
16832.00 18409.00 17295.00 
16834.00 18782.00 16175.00 
16862.00 17520.00 18554.00 
16896.00 18852.00 16480.00 
16900.00 18774.00 16461.00 
16900.00 18836.00 16373.00 
16907.00 18911.00 15913.00 
16917.00 16768.00 19203.00 
16920.00 16724.00 19165.00 
16935.00 16669.00 19256.00 
16938.00 17782.00 18115.00 
16960.00 16525.00 19132.00 
16990.00 18143.00 17730.00 
17006.00 18142.00 17604.00 
17017.00 17817.00 18196.00 
17046.00 17418.00 18511.00 
17059.00 16781.00 19076.00 
17073.00 16827.00 19100.00 
17074.00 18741.00 16399.00 
17097.00 18763.00 16461.00 
17117.00 18698.00 16163.00 
17118.00 17547.00 18265.00 
17141.00 17435.00 18507.00 
17142.00 18694.00 16395.00 
17167.00 16778.00 19041.00 
17167.00 18675.00 16474.00 
17169.00 16674.00 19037.00 
17176.00 16856.00 19045.00 
17181.00 18528.00 16788.00 
17208.00 18079.00 17636.00 
17216.00 18589.00 16321.00 
17261.00 16778.00 18924.00 
17265.00 17626.00 18167.00 
17272.00 16897.00 18921.00 
17295.00 16995.00 18948.00 
17306.00 17961.00 17651.00 
17320.00 16768.00 18849.00 
17323.00 16616.00 18868.00 
17328.00 17142.00 18742.00 
17349.00 16797.00 18843.00 
17350.00 18605.00 16500.00 
17362.00 16723.00 18857.00 
17376.00 16800.00 18829.00 
17382.00 18535.00 16543.00 
17384.00 18544.00 16534.00 
17392.00 17624.00 17944.00 
17394.00 16791.00 18970.00 
17397.00 17599.00 18017.00 
17405.00 17098.00 18562.00 
17406.00 16699.00 18804.00 
17407.00 16606.00 18811.00 
17410.00 18444.00 16740.00 
17442.00 18053.00 17237.00 
17471.00 18039.00 17270.00 
17475.00 18454.00 16633.00 
17490.00 16914.00 18759.00 
17490.00 17116.00 18461.00 
17515.00 16792.00 18732.00 
17516.00 18448.00 16638.00 
17517.00 18439.00 16627.00 
17532.00 18366.00 16791.00 
17532.00 18426.00 16711.00 
17536.00 18364.00 16713.00 
17539.00 16811.00 18703.00 
17551.00 17077.00 18451.00 
17552.00 18274.00 16854.00 
17555.00 16901.00 18702.00 
17555.00 17991.00 17282.00 
17557.00 18387.00 16784.00 
17558.00 16826.00 18737.00 
17570.00 16819.00 18669.00 
17581.00 18374.00 16706.00 
17589.00 18320.00 16745.00 
17590.00 17513.00 18040.00 
17601.00 18318.00 16419.00 
17612.00 16783.00 18655.00 
17630.00 17911.00 17356.00 
17639.00 16704.00 18630.00 
17639.00 18344.00 16736.00 
17644.00 17367.00 17699.00 
17646.00 18309.00 16737.00 
17649.00 16825.00 18573.00 
17656.00 16777.00 18585.00 
17657.00 16866.00 18577.00 
17657.00 16997.00 18524.00 
17673.00 16793.00 18528.00 
17683.00 17027.00 18491.00 
17684.00 16605.00 18561.00 
17684.00 16922.00 18508.00 
17688.00 16725.00 18593.00 
17690.00 18318.00 16751.00 
17696.00 18283.00 16611.00 
17698.00 18318.00 16876.00 
17700.00 18296.00 16652.00 
17707.00 17044.00 18548.00 
17718.00 16708.00 18561.00 
17720.00 17637.00 17909.00 
17724.00 18241.00 16638.00 
17725.00 17006.00 18558.00 
17726.00 16881.00 18549.00 
17740.00 16594.00 18514.00 
17745.00 17490.00 17991.00 
17760.00 16814.00 18398.00 
17770.00 16884.00 18467.00 
17787.00 18217.00 16905.00 
17788.00 16944.00 18351.00 
17789.00 16913.00 18385.00 
17814.00 18227.00 16820.00 
17825.00 16987.00 18370.00 
17825.00 18139.00 16750.00 
17831.00 18187.00 16695.00 
17840.00 17916.00 17023.00 
17853.00 17307.00 18019.00 
17858.00 17324.00 17953.00 
17861.00 18043.00 16877.00 
17872.00 18157.00 16828.00 
17875.00 18134.00 16834.00 
17885.00 16879.00 18333.00 
17897.00 16814.00 18250.00 
17908.00 18144.00 16780.00 
17912.00 18052.00 16737.00 
17913.00 16827.00 18273.00 
17917.00 16781.00 18170.00 
17925.00 16807.00 18154.00 
17929.00 18008.00 16733.00 
17934.00 17336.00 17893.00 
17940.00 18118.00 16581.00 
17943.00 18082.00 16730.00 
17946.00 17378.00 17689.00 
18013.00 16918.00 18104.00 
18018.00 16803.00 18050.00 
18025.00 17874.00 16750.00 
18025.00 18017.00 16588.00 
18038.00 17941.00 16508.00 
18046.00 17104.00 17872.00 
18051.00 16918.00 17968.00 
18053.00 17772.00 16698.00 
18069.00 17896.00 16620.00 
18081.00 17008.00 17906.00 
18088.00 16899.00 17985.00 
18106.00 17821.00 16719.00 
18120.00 17918.00 16648.00 
18127.00 17229.00 17687.00 
18131.00 17784.00 16789.00 
18133.00 17914.00 16754.00 
18139.00 17321.00 17534.00 
18141.00 17720.00 17030.00 
18152.00 17708.00 16724.00 
18158.00 16928.00 17916.00 
18165.00 17144.00 17838.00 
18196.00 17673.00 17149.00 
18200.00 16881.00 17810.00 
18213.00 16964.00 17833.00 
18224.00 16947.00 17775.00 
18226.00 17693.00 16782.00 
18229.00 16806.00 17703.00 
18235.00 17632.00 17013.00 
18251.00 16913.00 17747.00 
18265.00 17588.00 16797.00 
18267.00 17672.00 16796.00 
18287.00 17200.00 17498.00 
18292.00 17611.00 16978.00 
18299.00 17030.00 17715.00 
18319.00 17093.00 17515.00 
18337.00 16878.00 17529.00 
18347.00 16883.00 17456.00 
18368.00 17158.00 17444.00 
18370.00 16908.00 17470.00 
18395.00 16946.00 17433.00 
18415.00 16974.00 17425.00 
18416.00 17162.00 17329.00 
18423.00 16965.00 17359.00 
18423.00 17095.00 17351.00 
18429.00 17073.00 17332.00 
18438.00 17036.00 17173.00 
18438.00 17292.00 17068.00 
18439.00 17069.00 17167.00 
18441.00 17256.00 17130.00 
18445.00 16957.00 17301.00 
18445.00 17126.00 17085.00 
18446.00 17177.00 17226.00 
18448.00 17130.00 16734.00 
18449.00 17128.00 17124.00 
18450.00 17224.00 17093.00 
18451.00 16978.00 17069.00 
18451.00 17096.00 17197.00 
18451.00 17121.00 16959.00 
18451.00 17197.00 17086.00 
18452.00 17039.00 17000.00 
18452.00 17136.00 17058.00 
18453.00 17115.00 16915.00 
18453.00 17124.00 16768.00 
18455.00 17093.00 16986.00 
18457.00 17144.00 16935.00 
18457.00 17148.00 17056.00 
18457.00 17264.00 16959.00 
18458.00 17121.00 17154.00 
18458.00 17191.00 17166.00 
18459.00 17041.00 17297.00 
18459.00 17112.00 17184.00 
18460.00 17151.00 17092.00 
18464.00 17190.00 17147.00 
18465.00 17145.00 16861.00 
18465.00 17237.00 17021.00 
18466.00 16933.00 16854.00 
18466.00 17004.00 17143.00 
18466.00 17095.00 16971.00 
18467.00 16970.00 16920.00 
18470.00 16901.00 16675.00 
18470.00 16962.00 16777.00 
18470.00 17052.00 17317.00 
18472.00 17098.00 17084.00 
18473.00 16924.00 17356.00 
18474.00 16946.00 16969.00 
18475.00 16966.00 16864.00 
18475.00 17126.00 16787.00 
18477.00 16969.00 17188.00 
18481.00 17208.00 16814.00 
18482.00 17085.00 17055.00 
18483.00 17093.00 17068.00 
18483.00 17121.00 16999.00 
18483.00 17160.00 16987.00 
18486.00 17101.00 17073.00 
18490.00 17063.00 16914.00 
18494.00 17120.00 17127.00 
18518.00 17167.00 16784.00 
18533.00 16870.00 16785.00 
18546.00 17023.00 17032.00 
15753.00 19061.00 16368.00 
15786.00 19067.00 16258.00 
15807.00 19051.00 16249.00 
15812.00 19051.00 16302.00 
15859.00 19059.00 16417.00 
15880.00 19049.00 16299.00 
15886.00 17363.00 18947.00 
15891.00 19045.00 16086.00 
15896.00 18409.00 17809.00 
15905.00 19044.00 16145.00 
15908.00 19077.00 16044.00 
15920.00 19057.00 16161.00 
15923.00 18592.00 17453.00 
15925.00 19049.00 16218.00 
15930.00 18784.00 17381.00 
15947.00 18127.00 18266.00 
15948.00 18907.00 16779.00 
15948.00 19057.00 16109.00 
15963.00 19041.00 16141.00 
15966.00 19019.00 16590.00 
15972.00 18723.00 17224.00 
15972.00 19044.00 16140.00 
15976.00 17063.00 19043.00 
15976.00 19066.00 16194.00 
15978.00 19069.00 16242.00 
15986.00 19057.00 16240.00 
15990.00 17388.00 18930.00 
16003.00 19052.00 16293.00 
16007.00 16136.00 19371.00 
16007.00 19068.00 16157.00 
16008.00 18047.00 18278.00 
16011.00 17663.00 18643.00 
16019.00 18865.00 16998.00 
16021.00 16227.00 19380.00 
16025.00 18062.00 18292.00 
16026.00 16218.00 19383.00 
16028.00 18632.00 17335.00 
16029.00 16115.00 19385.00 
16029.00 16185.00 19381.00 
16034.00 19031.00 16496.00 
16037.00 19091.00 16207.00 
16042.00 19068.00 16066.00 
16043.00 19066.00 16217.00 
16045.00 19083.00 16111.00 
16046.00 18499.00 17747.00 
16048.00 19056.00 16369.00 
16049.00 16257.00 19443.00 
16049.00 19048.00 16272.00 
16051.00 16305.00 19373.00 
16052.00 17214.00 18980.00 
16053.00 16195.00 19438.00 
16057.00 19060.00 16116.00 
16059.00 19061.00 16551.00 
16060.00 19071.00 16256.00 
16061.00 18464.00 17726.00 
16063.00 18226.00 18039.00 
16065.00 18711.00 17300.00 
16065.00 19053.00 16268.00 
16066.00 16247.00 19400.00 
16066.00 16361.00 19384.00 
16071.00 18863.00 16902.00 
16072.00 16307.00 19370.00 
16073.00 17030.00 19067.00 
16074.00 16317.00 19406.00 
16074.00 16417.00 19397.00 
16075.00 18208.00 18043.00 
16078.00 16202.00 19384.00 
16078.00 17690.00 18740.00 
16080.00 19051.00 16319.00 
16083.00 19086.00 16315.00 
16085.00 17553.00 18804.00 
16086.00 16316.00 19442.00 
16087.00 18429.00 17774.00 
16087.00 18504.00 17779.00 
16095.00 19082.00 16143.00 
16098.00 16254.00 19372.00 
16102.00 16342.00 19429.00 
16103.00 18434.00 17823.00 
16104.00 17967.00 18346.00 
16105.00 19077.00 16428.00 
16109.00 16859.00 19221.00 
16110.00 19015.00 16537.00 
16110.00 19054.00 16296.00 
16112.00 16243.00 19370.00 
16112.00 16304.00 19389.00 
16112.00 19042.00 16093.00 
16112.00 19086.00 16107.00 
16114.00 18527.00 17677.00 
16115.00 19099.00 16240.00 
16122.00 16320.00 19377.00 
16126.00 19150.00 16080.00 
16129.00 16407.00 19414.00 
16134.00 16775.00 19236.00 
16134.00 17961.00 18368.00 
16135.00 19043.00 16301.00 
16136.00 16313.00 19415.00 
16138.00 17747.00 18584.00 
16141.00 17443.00 18845.00 
16143.00 19105.00 16217.00 
16144.00 19055.00 16313.00 
16146.00 16212.00 19427.00 
16146.00 19056.00 16131.00 
16147.00 17600.00 18537.00 
16149.00 17202.00 18985.00 
16149.00 17513.00 18874.00 
16150.00 17435.00 18949.00 
16155.00 16380.00 19385.00 
16156.00 16219.00 19394.00 
16156.00 16326.00 19369.00 
16159.00 19109.00 16233.00 
16163.00 16491.00 19366.00 
16164.00 16209.00 19411.00 
16164.00 16230.00 19430.00 
16165.00 19046.00 16298.00 
16168.00 18587.00 17379.00 
16168.00 18866.00 16866.00 
16169.00 16275.00 19389.00 
16169.00 16409.00 19378.00 
16175.00 19057.00 16202.00 
16175.00 19087.00 16142.00 
16179.00 19061.00 16200.00 
16181.00 16295.00 19395.00 
16182.00 16462.00 19422.00 
16183.00 16463.00 19442.00 
16184.00 18884.00 16887.00 
16185.00 16646.00 19309.00 
16188.00 17616.00 18769.00 
16189.00 18670.00 17340.00 
16192.00 16281.00 19430.00 
16198.00 16835.00 19217.00 
16200.00 16302.00 19374.00 
16200.00 19042.00 16371.00 
16202.00 16377.00 19414.00 
16203.00 16383.00 19399.00 
16203.00 19088.00 16307.00 
16204.00 17953.00 18366.00 
16206.00 16292.00 19461.00 
16206.00 18201.00 18164.00 
16206.00 18415.00 17727.00 
16207.00 16227.00 19411.00 
16213.00 18231.00 18092.00 
16218.00 19098.00 16316.00 
16219.00 19092.00 16133.00 
16221.00 19044.00 16292.00 
16223.00 18183.00 18173.00 
16225.00 16407.00 19421.00 
16226.00 18261.00 18041.00 
16229.00 17965.00 18349.00 
16230.00 17153.00 19001.00 
16231.00 17072.00 19041.00 
16233.00 17591.00 18825.00 
16237.00 17503.00 18810.00 
16238.00 16224.00 19393.00 
16240.00 16371.00 19372.00 
16241.00 17523.00 18795.00 
16241.00 18183.00 18281.00 
16242.00 17969.00 18311.00 
16244.00 16306.00 19402.00 
16248.00 18177.00 18112.00 
16250.00 17167.00 19001.00 
16251.00 19080.00 16162.00 
16257.00 19076.00 16244.00 
16259.00 16272.00 19366.00 
16263.00 17189.00 19029.00 
16266.00 17110.00 19080.00 
16270.00 17156.00 19018.00 
16270.00 19105.00 16121.00 
16273.00 16298.00 19390.00 
16274.00 18461.00 17799.00 
16275.00 16303.00 19384.00 
16275.00 16423.00 19396.00 
16278.00 16356.00 19464.00 
16282.00 16769.00 19266.00 
16285.00 16441.00 19424.00 
16289.00 18950.00 16743.00 
16290.00 17693.00 18708.00 
16293.00 18222.00 18117.00 
16295.00 17248.00 18951.00 
16310.00 17743.00 18672.00 
16313.00 17694.00 18621.00 
16314.00 17009.00 19143.00 
16316.00 18251.00 18004.00 
16316.00 19045.00 16208.00 
16322.00 17960.00 18287.00 
16324.00 17712.00 18625.00 
16331.00 18666.00 17172.00 
16338.00 17349.00 18882.00 
16341.00 17456.00 18823.00 
16363.00 17885.00 18521.00 
16379.00 16543.00 19371.00 
16384.00 16454.00 19363.00 
16391.00 17773.00 18537.00 
16392.00 17765.00 18604.00 
16392.00 19030.00 16180.00 
16396.00 16429.00 19382.00 
16403.00 17753.00 18623.00 
16412.00 19006.00 16492.00 
16414.00 16542.00 19329.00 
16422.00 17492.00 18814.00 
16434.00 16389.00 19358.00 
16447.00 18227.00 18001.00 
16450.00 17717.00 18637.00 
16450.00 18953.00 15992.00 
16459.00 17912.00 18436.00 
16461.00 17711.00 18691.00 
16492.00 16379.00 19331.00 
16497.00 17704.00 18613.00 
16499.00 18476.00 17615.00 
16500.00 18998.00 16225.00 
16507.00 19028.00 16171.00 
16508.00 18743.00 17119.00 
16519.00 16425.00 19323.00 
16520.00 18452.00 17321.00 
16522.00 17941.00 18360.00 
16547.00 17275.00 18812.00 
16578.00 18928.00 16209.00 
16581.00 18915.00 16239.00 
16586.00 16564.00 19285.00 
16605.00 17806.00 18331.00 
16612.00 16584.00 19236.00 
16625.00 17788.00 18330.00 
16637.00 16361.00 19224.00 
16670.00 18167.00 17903.00 
16684.00 16570.00 19242.00 
16691.00 17879.00 18285.00 
16727.00 18860.00 16208.00 
16735.00 16591.00 19189.00 
16743.00 17687.00 18534.00 
16749.00 16560.00 19138.00 
16750.00 18106.00 17904.00 
16750.00 18828.00 16172.00 
16762.00 18364.00 17478.00 
16765.00 18832.00 16207.00 
16770.00 18360.00 17524.00 
16797.00 16537.00 19101.00 
16798.00 17794.00 18311.00 
16802.00 16504.00 19180.00 
16834.00 18798.00 16230.00 
16863.00 17397.00 18544.00 
16895.00 18729.00 16497.00 
16923.00 17174.00 18799.00 
16926.00 17815.00 18173.00 
16926.00 18767.00 16299.00 
16929.00 16636.00 19069.00 
16951.00 16465.00 19023.00 
16957.00 18091.00 17582.00 
16966.00 16347.00 19020.00 
16967.00 18140.00 17570.00 
16998.00 18671.00 16452.00 
17023.00 18660.00 16376.00 
17023.00 18771.00 16282.00 
17033.00 16451.00 19064.00 
17066.00 17415.00 18496.00 
17094.00 16901.00 18856.00 
17105.00 16538.00 18940.00 
17111.00 16757.00 18899.00 
17122.00 16636.00 18966.00 
17132.00 18611.00 16266.00 
17137.00 17378.00 18406.00 
17145.00 17782.00 18079.00 
17154.00 18645.00 16359.00 
17170.00 17580.00 18167.00 
17173.00 18487.00 16459.00 
17179.00 18457.00 16610.00 
17187.00 17692.00 18064.00 
17202.00 17954.00 17631.00 
17209.00 18440.00 16709.00 
17211.00 18603.00 16345.00 
17226.00 18535.00 16456.00 
17235.00 16589.00 18846.00 
17255.00 18498.00 16400.00 
17288.00 17964.00 17592.00 
17299.00 16779.00 18815.00 
17310.00 18497.00 16307.00 
17315.00 18389.00 16768.00 
17321.00 16461.00 18824.00 
17333.00 16645.00 18755.00 
17342.00 18453.00 16320.00 
17361.00 16545.00 18856.00 
17364.00 18330.00 16510.00 
17375.00 18529.00 16224.00 
17377.00 17642.00 17911.00 
17398.00 16529.00 18718.00 
17405.00 17696.00 17884.00 
17408.00 18394.00 16570.00 
17408.00 18408.00 16337.00 
17413.00 16745.00 18767.00 
17416.00 18323.00 16710.00 
17421.00 16460.00 18713.00 
17437.00 18371.00 16724.00 
17452.00 17172.00 18340.00 
17455.00 16517.00 18714.00 
17469.00 17090.00 18499.00 
17477.00 18499.00 16374.00 
17479.00 18295.00 16594.00 
17479.00 18356.00 16414.00 
17487.00 18046.00 17323.00 
17502.00 16779.00 18678.00 
17530.00 16620.00 18654.00 
17530.00 16994.00 18501.00 
17534.00 17030.00 18392.00 
17543.00 17321.00 17873.00 
17543.00 18244.00 16053.00 
17545.00 16575.00 18595.00 
17550.00 16602.00 18549.00 
17563.00 16593.00 18582.00 
17574.00 17325.00 18081.00 
17579.00 17794.00 17182.00 
17594.00 17999.00 17275.00 
17595.00 18274.00 16620.00 
17597.00 16981.00 18392.00 
17618.00 18303.00 16344.00 
17627.00 16825.00 18513.00 
17630.00 16619.00 18543.00 
17633.00 16752.00 18523.00 
17643.00 16637.00 18508.00 
17661.00 18209.00 16672.00 
17663.00 16583.00 18473.00 
17673.00 16646.00 18532.00 
17675.00 18201.00 16420.00 
17682.00 16526.00 18446.00 
17684.00 16661.00 18507.00 
17684.00 16890.00 18491.00 
17717.00 16709.00 18539.00 
17720.00 18023.00 17148.00 
17726.00 18211.00 16529.00 
17742.00 17362.00 17819.00 
17752.00 16849.00 18420.00 
17753.00 16682.00 18437.00 
17766.00 17141.00 18300.00 
17770.00 18072.00 16500.00 
17775.00 16934.00 18378.00 
17784.00 16686.00 18398.00 
17787.00 17416.00 17811.00 
17791.00 18180.00 16446.00 
17795.00 16506.00 18330.00 
17799.00 18016.00 16631.00 
17800.00 17976.00 16841.00 
17809.00 18004.00 16807.00 
17810.00 16674.00 18426.00 
17814.00 16647.00 18380.00 
17831.00 17998.00 16182.00 
17837.00 16771.00 18368.00 
17850.00 16576.00 18296.00 
17864.00 18025.00 16612.00 
17874.00 16881.00 18297.00 
17874.00 17936.00 16493.00 
17874.00 18025.00 16425.00 
17888.00 16798.00 18283.00 
17899.00 17253.00 17901.00 
17902.00 16884.00 18248.00 
17902.00 17912.00 16531.00 
17926.00 16696.00 18105.00 
17940.00 17876.00 16702.00 
17940.00 17945.00 16495.00 
17941.00 16597.00 18069.00 
17945.00 16651.00 18092.00 
17948.00 17957.00 16639.00 
17975.00 17841.00 16151.00 
17980.00 17854.00 16809.00 
17989.00 17860.00 16501.00 
17995.00 17814.00 16816.00 
17997.00 16560.00 17975.00 
18016.00 17844.00 16532.00 
18018.00 17000.00 17907.00 
18020.00 17193.00 17928.00 
18024.00 16650.00 17993.00 
18053.00 17337.00 17582.00 
18061.00 16742.00 17791.00 
18061.00 17009.00 17829.00 
18072.00 17740.00 16563.00 
18082.00 17804.00 16657.00 
18095.00 16937.00 17842.00 
18096.00 16720.00 18064.00 
18101.00 17701.00 16714.00 
18115.00 16876.00 17784.00 
18120.00 17741.00 16623.00 
18159.00 16811.00 17886.00 
18186.00 16816.00 17771.00 
18187.00 16830.00 17789.00 
18193.00 16793.00 17674.00 
18200.00 16736.00 17675.00 
18202.00 17596.00 16509.00 
18220.00 17614.00 16476.00 
18227.00 17508.00 16872.00 
18239.00 17572.00 16719.00 
18253.00 17088.00 17645.00 
18266.00 17514.00 16876.00 
18268.00 17647.00 16539.00 
18277.00 16977.00 17437.00 
18277.00 17138.00 17499.00 
18286.00 16752.00 17489.00 
18299.00 17154.00 17518.00 
18314.00 16577.00 17505.00 
18342.00 17390.00 16597.00 
18345.00 17405.00 16901.00 
18347.00 16985.00 17448.00 
18360.00 16973.00 17191.00 
18362.00 17123.00 17481.00 
18369.00 17567.00 16697.00 
18374.00 16848.00 17259.00 
18383.00 17376.00 16521.00 
18388.00 16861.00 17347.00 
18392.00 17039.00 17345.00 
18395.00 16968.00 17219.00 
18418.00 17294.00 16979.00 
18445.00 17182.00 16918.00 
18450.00 16976.00 17161.00 
18450.00 17155.00 16745.00 
18452.00 16993.00 17253.00 
18453.00 17174.00 16764.00 
18454.00 16962.00 17146.00 
18457.00 16993.00 17004.00 
18458.00 16837.00 16915.00 
18458.00 16894.00 17174.00 
18458.00 17037.00 17066.00 
18460.00 16864.00 17030.00 
18460.00 16877.00 16950.00 
18461.00 16761.00 16945.00 
18461.00 16960.00 16875.00 
18463.00 16830.00 17159.00 
18463.00 16911.00 16955.00 
18463.00 16995.00 17222.00 
18464.00 16836.00 16803.00 
18468.00 16769.00 17005.00 
18468.00 16931.00 17131.00 
18469.00 16835.00 17013.00 
18472.00 16846.00 16793.00 
18475.00 16837.00 16910.00 
18477.00 17030.00 16790.00 
18480.00 16885.00 17073.00 
18481.00 16877.00 17105.00 
18481.00 16879.00 16966.00 
18483.00 16928.00 16843.00 
18483.00 16985.00 16727.00 
18488.00 16858.00 16805.00 
18489.00 16897.00 17024.00 
18489.00 16908.00 16938.00 
18493.00 16924.00 17095.00 
18495.00 16820.00 16900.00 
18496.00 16826.00 16902.00 
18499.00 16817.00 16788.00 
18500.00 16748.00 16737.00 
18501.00 16770.00 16955.00 
18504.00 16850.00 16743.00 
18505.00 16945.00 16743.00 
18507.00 16864.00 16938.00 
18509.00 16923.00 17060.00 
18509.00 16936.00 17000.00 
18512.00 16865.00 16789.00 
18515.00 16892.00 16924.00 
18515.00 16985.00 17083.00 
18517.00 16869.00 16824.00 
18528.00 16858.00 16905.00 
18535.00 16851.00 16940.00 
18539.00 16923.00 16936.00 
18539.00 16970.00 16749.00 
18543.00 16868.00 16944.00 
18548.00 17028.00 16969.00 
18555.00 16880.00 16981.00 
18558.00 16924.00 16990.00 
18607.00 16804.00 16777.00 
15784.00 19043.00 16609.00 
15787.00 19190.00 15922.00 
15796.00 19192.00 15920.00 
15832.00 19237.00 16067.00 
15834.00 19219.00 16036.00 
15866.00 19165.00 16118.00 
15874.00 19225.00 16111.00 
15892.00 19168.00 16035.00 
15897.00 19166.00 15800.00 
15902.00 17573.00 18765.00 
15906.00 19196.00 16223.00 
15906.00 19220.00 16095.00 
15908.00 19188.00 16068.00 
15909.00 19165.00 16112.00 
15911.00 18686.00 17230.00 
15912.00 19175.00 16217.00 
15913.00 19034.00 16679.00 
15914.00 19169.00 16025.00 
15915.00 19179.00 15848.00 
15916.00 19247.00 15972.00 
15920.00 19175.00 16219.00 
15939.00 19168.00 15951.00 
15943.00 19211.00 16078.00 
15944.00 19160.00 16207.00 
15944.00 19174.00 16089.00 
15944.00 19203.00 16041.00 
15945.00 19223.00 16182.00 
15947.00 19176.00 16149.00 
15949.00 19152.00 16307.00 
15950.00 18877.00 16818.00 
15951.00 19202.00 16176.00 
15956.00 19169.00 15986.00 
15959.00 18924.00 16843.00 
15959.00 19171.00 15823.00 
15962.00 16979.00 19223.00 
15965.00 19179.00 15955.00 
15969.00 19185.00 16079.00 
15974.00 16599.00 19349.00 
15975.00 19173.00 16003.00 
15976.00 19176.00 15949.00 
15979.00 17481.00 18811.00 
15979.00 18945.00 16767.00 
15981.00 18924.00 16861.00 
15988.00 16718.00 19372.00 
15991.00 16561.00 19347.00 
15991.00 19225.00 16066.00 
15992.00 19205.00 16084.00 
15999.00 19196.00 16052.00 
16004.00 18753.00 17077.00 
16006.00 16623.00 19409.00 
16010.00 16690.00 19335.00 
16011.00 18972.00 16660.00 
16012.00 19065.00 16511.00 
16014.00 16655.00 19329.00 
16015.00 16624.00 19443.00 
16016.00 19175.00 16227.00 
16017.00 16919.00 19278.00 
16019.00 19176.00 16094.00 
16022.00 17713.00 18588.00 
16023.00 17160.00 19039.00 
16024.00 16554.00 19413.00 
16024.00 16746.00 19311.00 
16026.00 16554.00 19333.00 
16031.00 19186.00 16099.00 
16034.00 16603.00 19385.00 
16041.00 17491.00 18807.00 
16043.00 16785.00 19314.00 
16052.00 16574.00 19333.00 
16054.00 16793.00 19353.00 
16055.00 16690.00 19335.00 
16055.00 17015.00 19186.00 
16057.00 16663.00 19395.00 
16058.00 16552.00 19338.00 
16062.00 19184.00 16066.00 
16064.00 17105.00 19140.00 
16067.00 19161.00 16240.00 
16068.00 19125.00 16376.00 
16069.00 16596.00 19336.00 
16069.00 17397.00 18908.00 
16072.00 16960.00 19197.00 
16073.00 16515.00 19358.00 
16073.00 16548.00 19385.00 
16081.00 16653.00 19385.00 
16083.00 16774.00 19320.00 
16084.00 17226.00 19097.00 
16090.00 16518.00 19446.00 
16092.00 16699.00 19339.00 
16093.00 17491.00 18818.00 
16094.00 18608.00 17465.00 
16095.00 16651.00 19394.00 
16099.00 16545.00 19390.00 
16100.00 16510.00 19336.00 
16100.00 18723.00 17112.00 
16104.00 16628.00 19355.00 
16104.00 17521.00 18761.00 
16112.00 18712.00 17273.00 
16116.00 18683.00 17252.00 
16119.00 16531.00 19350.00 
16123.00 16482.00 19340.00 
16123.00 16961.00 19112.00 
16129.00 18754.00 17047.00 
16130.00 16772.00 19316.00 
16131.00 16643.00 19423.00 
16132.00 16481.00 19365.00 
16132.00 16649.00 19335.00 
16134.00 19188.00 16166.00 
16136.00 18752.00 17110.00 
16149.00 17275.00 19028.00 
16153.00 16664.00 19398.00 
16161.00 16682.00 19373.00 
16164.00 18280.00 17926.00 
16164.00 19190.00 15980.00 
16168.00 16607.00 19340.00 
16171.00 16568.00 19357.00 
16178.00 16596.00 19355.00 
16179.00 18491.00 17671.00 
16188.00 18448.00 17670.00 
16190.00 16512.00 19349.00 
16193.00 16503.00 19332.00 
16197.00 16677.00 19333.00 
16198.00 16583.00 19346.00 
16202.00 16670.00 19425.00 
16204.00 16665.00 19338.00 
16206.00 18341.00 17977.00 
16208.00 16700.00 19335.00 
16209.00 16666.00 19361.00 
16209.00 19185.00 15987.00 
16210.00 16745.00 19358.00 
16211.00 18553.00 17495.00 
16213.00 17449.00 18786.00 
16215.00 17840.00 18507.00 
16228.00 17775.00 18540.00 
16235.00 17137.00 19067.00 
16238.00 16763.00 19333.00 
16239.00 17770.00 18566.00 
16239.00 17783.00 18509.00 
16239.00 18445.00 17634.00 
16240.00 16926.00 19258.00 
16240.00 18242.00 17955.00 
16240.00 18498.00 17587.00 
16240.00 18813.00 16942.00 
16247.00 18461.00 17626.00 
16248.00 18937.00 16789.00 
16248.00 19177.00 15811.00 
16252.00 16647.00 19349.00 
16253.00 17359.00 18909.00 
16256.00 17843.00 18514.00 
16258.00 16698.00 19344.00 
16266.00 16662.00 19386.00 
16266.00 16715.00 19342.00 
16269.00 17452.00 18842.00 
16270.00 18270.00 18010.00 
16272.00 18800.00 17004.00 
16280.00 17966.00 18327.00 
16288.00 19171.00 15914.00 
16313.00 19149.00 15874.00 
16314.00 16656.00 19338.00 
16319.00 17139.00 19022.00 
16319.00 18023.00 18229.00 
16325.00 19205.00 16010.00 
16326.00 18011.00 18191.00 
16331.00 18746.00 17003.00 
16338.00 17370.00 18951.00 
16342.00 16594.00 19378.00 
16346.00 16663.00 19364.00 
16350.00 17383.00 18857.00 
16358.00 17355.00 18958.00 
16368.00 17463.00 18775.00 
16383.00 17950.00 18310.00 
16387.00 16755.00 19286.00 
16389.00 18375.00 17867.00 
16391.00 17186.00 19025.00 
16395.00 18295.00 17922.00 
16405.00 16575.00 19330.00 
16417.00 17703.00 18647.00 
16417.00 19096.00 16039.00 
16421.00 16609.00 19299.00 
16426.00 17706.00 18597.00 
16429.00 19169.00 15897.00 
16432.00 18192.00 18001.00 
16432.00 18439.00 17750.00 
16436.00 17956.00 18391.00 
16436.00 18070.00 18268.00 
16441.00 18189.00 17999.00 
16442.00 16731.00 19308.00 
16449.00 18002.00 18198.00 
16450.00 17999.00 18192.00 
16454.00 18135.00 18190.00 
16473.00 18013.00 18361.00 
16480.00 18018.00 18197.00 
16490.00 19097.00 16008.00 
16494.00 18662.00 17245.00 
16496.00 17439.00 18865.00 
16500.00 17747.00 18510.00 
16510.00 16682.00 19333.00 
16525.00 18520.00 17513.00 
16527.00 16790.00 19269.00 
16528.00 19059.00 16117.00 
16535.00 18236.00 17940.00 
16539.00 16687.00 19264.00 
16542.00 17765.00 18527.00 
16576.00 18197.00 17941.00 
16597.00 16572.00 19229.00 
16628.00 16538.00 19245.00 
16634.00 19021.00 16031.00 
16664.00 18537.00 17286.00 
16679.00 18992.00 16080.00 
16682.00 18532.00 17241.00 
16694.00 18834.00 16558.00 
16695.00 17254.00 18765.00 
16704.00 18851.00 16591.00 
16754.00 17850.00 18200.00 
16755.00 18997.00 16029.00 
16757.00 17334.00 18787.00 
16761.00 18977.00 16109.00 
16769.00 18146.00 17739.00 
16774.00 18951.00 16314.00 
16808.00 16483.00 19059.00 
16819.00 16595.00 19076.00 
16831.00 18875.00 16033.00 
16837.00 16670.00 19106.00 
16846.00 18869.00 16176.00 
16869.00 17866.00 18233.00 
16871.00 16543.00 19097.00 
16880.00 18139.00 17774.00 
16887.00 17409.00 18322.00 
16890.00 18444.00 17101.00 
16901.00 16535.00 19144.00 
16925.00 17534.00 18517.00 
16928.00 16681.00 19007.00 
16932.00 16749.00 19088.00 
16936.00 18848.00 16344.00 
16949.00 18420.00 17226.00 
16976.00 16597.00 18993.00 
16985.00 18901.00 16094.00 
16988.00 16496.00 18959.00 
16991.00 16555.00 18930.00 
17034.00 17415.00 18457.00 
17044.00 17389.00 18561.00 
17051.00 17874.00 17990.00 
17052.00 18802.00 16163.00 
17053.00 16667.00 18892.00 
17069.00 18754.00 16323.00 
17088.00 18749.00 16254.00 
17113.00 17793.00 17994.00 
17115.00 18741.00 16098.00 
17143.00 16621.00 18874.00 
17152.00 18812.00 16220.00 
17156.00 18718.00 16449.00 
17166.00 18731.00 16184.00 
17203.00 18697.00 16335.00 
17209.00 16663.00 18822.00 
17220.00 16634.00 18804.00 
17222.00 17368.00 18442.00 
17225.00 18165.00 17463.00 
17226.00 16504.00 18867.00 
17243.00 18177.00 17512.00 
17254.00 17364.00 18386.00 
17301.00 16544.00 18758.00 
17307.00 16556.00 18771.00 
17307.00 18143.00 17492.00 
17309.00 17551.00 18235.00 
17321.00 18650.00 16242.00 
17330.00 18598.00 16498.00 
17334.00 16514.00 18775.00 
17348.00 16591.00 18705.00 
17351.00 16727.00 18682.00 
17364.00 18669.00 16273.00 
17370.00 17547.00 18015.00 
17375.00 16595.00 18665.00 
17382.00 18475.00 16661.00 
17392.00 18489.00 16702.00 
17415.00 18652.00 16450.00 
17441.00 17969.00 17407.00 
17483.00 17206.00 18509.00 
17484.00 18502.00 16354.00 
17486.00 16588.00 18624.00 
17494.00 18471.00 16405.00 
17499.00 18425.00 16363.00 
17507.00 16635.00 18598.00 
17523.00 16632.00 18579.00 
17528.00 18386.00 16677.00 
17531.00 17599.00 17828.00 
17533.00 18353.00 16474.00 
17544.00 16923.00 18479.00 
17559.00 18509.00 16370.00 
17561.00 16533.00 18482.00 
17572.00 17638.00 17819.00 
17576.00 16715.00 18605.00 
17585.00 17009.00 18425.00 
17609.00 18312.00 16416.00 
17629.00 17006.00 18476.00 
17636.00 18019.00 17032.00 
17653.00 16698.00 18457.00 
17658.00 18445.00 16350.00 
17665.00 16717.00 18454.00 
17669.00 18363.00 16461.00 
17677.00 16781.00 18432.00 
17681.00 18316.00 16595.00 
17693.00 17048.00 18296.00 
17696.00 17386.00 17886.00 
17704.00 17843.00 17235.00 
17708.00 18291.00 16274.00 
17710.00 16771.00 18324.00 
17713.00 17889.00 17103.00 
17724.00 16692.00 18397.00 
17727.00 16745.00 18315.00 
17730.00 17386.00 17874.00 
17733.00 17016.00 18286.00 
17734.00 16902.00 18308.00 
17738.00 16901.00 18342.00 
17740.00 16922.00 18392.00 
17744.00 16920.00 18346.00 
17752.00 16807.00 18279.00 
17756.00 16967.00 18361.00 
17767.00 16756.00 18341.00 
17769.00 18149.00 16825.00 
17771.00 16986.00 18281.00 
17771.00 18226.00 16683.00 
17774.00 16649.00 18277.00 
17778.00 17209.00 18300.00 
17782.00 18134.00 16841.00 
17785.00 18115.00 16981.00 
17801.00 18227.00 16826.00 
17808.00 18143.00 16457.00 
17815.00 16573.00 18276.00 
17816.00 18147.00 16631.00 
17819.00 18164.00 16809.00 
17848.00 18131.00 16542.00 
17856.00 18139.00 16591.00 
17857.00 17377.00 17630.00 
17861.00 17416.00 17782.00 
17873.00 17144.00 18179.00 
17879.00 16805.00 18161.00 
17894.00 18048.00 16615.00 
17895.00 18087.00 16421.00 
17898.00 16988.00 18193.00 
17900.00 18012.00 16680.00 
17913.00 16729.00 18144.00 
17925.00 16830.00 18145.00 
17925.00 17999.00 16886.00 
17950.00 18047.00 16411.00 
17979.00 16896.00 18165.00 
17983.00 18017.00 16689.00 
18001.00 17922.00 16692.00 
18019.00 17890.00 16697.00 
18024.00 16979.00 18003.00 
18044.00 17325.00 17800.00 
18055.00 17890.00 16839.00 
18063.00 16995.00 18086.00 
18089.00 17028.00 17979.00 
18095.00 17165.00 17839.00 
18095.00 17853.00 16873.00 
18097.00 16985.00 18038.00 
18102.00 17858.00 16578.00 
18106.00 17919.00 16626.00 
18111.00 17324.00 17512.00 
18134.00 17018.00 17991.00 
18143.00 17869.00 16729.00 
18155.00 17813.00 16934.00 
18161.00 16989.00 17927.00 
18174.00 17746.00 16911.00 
18187.00 17804.00 16769.00 
18199.00 17287.00 17621.00 
18213.00 16763.00 17802.00 
18215.00 16965.00 17864.00 
18224.00 17708.00 16793.00 
18227.00 17109.00 17845.00 
18227.00 17710.00 16588.00 
18264.00 17028.00 17814.00 
18292.00 17008.00 17794.00 
18301.00 17555.00 16684.00 
18302.00 17041.00 17713.00 
18314.00 17628.00 16744.00 
18335.00 17231.00 17420.00 
18336.00 17545.00 16792.00 
18338.00 17036.00 17730.00 
18338.00 17204.00 17467.00 
18345.00 17578.00 16691.00 
18350.00 16969.00 17688.00 
18351.00 17545.00 16768.00 
18364.00 17593.00 16614.00 
18370.00 16964.00 17552.00 
18383.00 17009.00 17541.00 
18389.00 17107.00 17605.00 
18409.00 17404.00 16829.00 
18423.00 17455.00 16745.00 
18426.00 17500.00 16759.00 
18471.00 17392.00 16714.00 
18481.00 17068.00 17303.00 
18494.00 16951.00 17422.00 
18508.00 16944.00 17360.00 
18519.00 16996.00 17379.00 
18522.00 17097.00 17511.00 
18538.00 17158.00 17397.00 
18554.00 17087.00 17316.00 
18569.00 17264.00 16588.00 
18581.00 16857.00 17311.00 
18582.00 16899.00 17170.00 
18588.00 16926.00 17388.00 
18589.00 17262.00 16753.00 
18616.00 16779.00 17045.00 
18616.00 16935.00 17264.00 
18618.00 16906.00 17161.00 
18622.00 17214.00 16620.00 
18623.00 16891.00 17075.00 
18625.00 16838.00 17176.00 
18628.00 16928.00 17076.00 
18629.00 16833.00 17161.00 
18632.00 17094.00 16983.00 
18633.00 16915.00 17125.00 
18638.00 16847.00 16773.00 
18639.00 16923.00 16739.00 
18639.00 16980.00 16663.00 
18640.00 16757.00 16690.00 
18641.00 17269.00 16798.00 
18642.00 16724.00 16774.00 
18642.00 16785.00 16763.00 
18642.00 16839.00 16820.00 
18643.00 16782.00 17046.00 
18648.00 16700.00 16744.00 
18649.00 16881.00 16866.00 
18651.00 16816.00 16780.00 
18654.00 16681.00 16897.00 
18654.00 16708.00 16618.00 
18654.00 16752.00 16786.00 
18654.00 16853.00 16761.00 
18658.00 16973.00 16883.00 
18659.00 16850.00 16727.00 
18659.00 16901.00 16862.00 
18661.00 16725.00 16668.00 
18662.00 17026.00 16794.00 
18663.00 16816.00 16853.00 
18666.00 16850.00 16836.00 
18666.00 16871.00 16794.00 
18667.00 16799.00 16774.00 
18667.00 16806.00 16604.00 
18668.00 16875.00 16791.00 
18671.00 16739.00 16768.00 
18673.00 16852.00 16863.00 
18675.00 16703.00 16759.00 
18675.00 16953.00 16846.00 
18676.00 16673.00 16879.00 
18678.00 16860.00 16840.00 
18680.00 16735.00 16798.00 
18683.00 16825.00 16736.00 
18683.00 16860.00 16875.00 
18684.00 16918.00 16777.00 
18689.00 16872.00 16798.00 
18690.00 16967.00 16907.00 
18709.00 16815.00 16728.00 
18715.00 16864.00 16906.00 
18720.00 16782.00 16679.00 
18722.00 16960.00 16776.00 
18726.00 16862.00 16833.00 
18727.00 16760.00 16719.00 
18738.00 16944.00 16819.00 
18740.00 16852.00 16867.00 
