18650 17010 15277
19572 15033 15173
19011 16515 15121
15342 15156 19851
19081 16234 15249
19043 16544 15056
19027 16448 15161
18927 16522 15202
17933 16042 17778
18890 16240 16006
16115 18930 15678
18225 16153 16773
19055 16527 15114
19008 16392 15248
17976 15689 17779
18357 17090 15486
15386 19290 15854
15974 16304 19004
18894 16713 15098
15722 19138 15742
18692 16982 15160
18674 17006 15167
15519 16290 19208
18183 16667 16320
17643 16351 17492
18052 17704 15375
18667 17073 15223
16019 18491 16634
18746 15974 16078
17848 16150 17498
16433 17264 18027
18547 16339 16260
19017 16567 15109
18928 15832 16075
15620 18776 16406
16885 16015 18602
18079 15508 17894
17546 16532 17478
16245 16685 18534
17731 16299 17466
18068 16316 16857
19575 15143 15158
15971 16542 18943
16272 16489 18754
18783 16616 15164
16646 17636 17422
15059 19582 15366
16307 17370 17743
15167 19575 15721
17255 15636 18779
17478 17302 16903
15721 15242 19722
15664 18216 17313
15674 18416 16815
15149 18695 17049
16851 15435 19168
18150 15596 17769
16437 17273 17857
19102 16217 15248
16285 18368 16326
15721 16048 19242
15981 15835 19305
16972 15843 18831
18770 16282 15838
15234 18616 17101
14680 19544 16014
17395 16731 17392
15179 17743 18506
19183 16206 15205
15257 17801 18242
15247 17675 18446
16890 15491 19114
19585 15165 15100
17055 15482 19045
17827 15814 18157
16334 18730 15999
16558 16203 18796
17274 15362 18843
19325 15417 15705
16384 17592 17608
15172 19107 16828
17347 15593 18713
15275 18561 17142
16116 18254 16707
15819 15253 19644
18489 16163 16355
14924 14914 20074
19572 15178 15138
16008 15358 19554
15761 15233 19707
16340 17745 17303
15623 18746 16697
17372 15727 18699
15230 19300 15697
17998 15674 17765
16743 17976 16439
19600 15114 15041
17181 18037 15996
14625 19856 15080
17546 15562 18525
15269 15210 19870
15549 15234 19773
15533 16628 19015
16093 17824 17541
16499 17645 17366
19163 16162 15270
19583 15130 15132
19573 15123 15166
15167 15058 20043
14932 14905 20068
17188 15568 18951
17310 16499 18064
18910 16750 14950
17351 15608 18706
17919 15547 18087
14827 17650 18732
15212 17781 18356
16488 16033 18866
16309 17145 18056
14938 18962 17089
15018 15388 19900
17247 16558 18105
16950 15642 18949
15225 15088 19922
14947 18962 16972
15485 15135 19843
17300 15695 18721
19616 15073 15043
14715 19736 15356
15454 17471 18411
16424 18697 15774
15046 19598 15399
16356 17343 17851
16544 16624 18456
17465 17665 16156
15336 17178 18701
16482 17846 17031
17302 15496 18772
19326 16099 15039
15378 16862 19143
15332 17690 18372
15518 19217 15929
15450 18644 16928
14485 19821 15353
18326 16251 16430
16191 16536 18668
15265 19096 16359
18004 15545 18057
18178 16088 16996
17543 15615 18619
14853 17489 18784
16794 17602 17277
17376 16438 17758
19157 15967 15627
19403 15758 15043
14929 14873 20158
15290 18680 16811
18723 16110 16157
14459 19802 15414
14557 19563 15883
15720 15370 19682
16087 16440 18870
15883 16210 19070
17464 15526 18705
15013 19029 16867
15124 18906 17058
17947 15540 18142
18429 16620 16046
18942 16602 15060
15339 19403 15508
17107 15566 19033
18102 15559 17828
15226 19186 16423
15812 15282 19643
16115 16510 18836
17467 15909 18319
16101 15151 19584
19080 16221 15255
15419 18218 17663
14847 19307 16395
17113 18027 16074
18643 16228 16020
14861 19024 17053
16756 17472 17438
19326 15328 15732
15587 16065 19345
16809 15483 19129
17239 15604 18830
14932 14713 20187
15017 14893 20075
18332 16714 16084
15288 18809 16867
14884 19000 16938
17020 15887 18806
15217 17652 18493
15913 18664 16317
17364 16439 17867
15213 15084 20042
18848 16587 15355
17199 15509 18837
18065 17607 15662
19233 15314 15928
19597 15137 15054
16490 14991 19437
15623 17387 18443
18500 16388 16242
19248 16201 15234
14902 18074 18166
15549 18567 16860
15724 16380 19121
15748 18577 16765
14651 19970 14871
16213 17530 17813
16630 18521 15709
14368 19835 15285
14973 14711 20154
19036 16332 15289
19594 15114 15066
14882 19015 16971
17278 15628 18828
18779 16626 15265
14542 19688 15647
15530 15148 19818
19119 16121 15427
18655 16041 16446
14698 19965 14845
16887 16448 18585
15969 18526 16711
19209 15432 15908
14719 19955 14871
15317 19675 15258
16114 18787 15953
16896 17903 16576
19611 15105 15121
14733 19594 15744
16428 17543 17488
14709 19960 14969
15494 15252 19831
19103 16501 15116
14758 18745 17466
17154 15580 18934
17328 15433 18776
15850 18622 16740
14640 19766 15589
14876 18867 17095
15935 16963 18605
18722 16106 16384
15434 17401 18429
15096 19649 15259
18764 16689 15287
19025 16113 15535
15325 18249 17587
15237 19216 16125
15694 17239 18413
18092 15487 18023
19585 15206 15028
14466 19788 15426
18918 16232 15815
14722 18753 17485
14686 19835 15160
19281 15676 15533
19388 15841 15052
14931 15193 20005
17311 16145 18518
17657 15624 18514
17873 16187 17280
14396 14889 20298
15254 18983 16843
16071 16161 19054
16892 15459 19130
14934 17555 18776
14809 19558 15865
16223 15710 19256
17659 16582 17258
19347 15758 15183
14487 19769 15427
16677 16732 18250
16492 17683 17259
17459 15604 18663
14502 14934 20222
15407 17406 18484
16354 15526 19533
18143 16515 16648
15873 18400 16818
15212 15187 19941
15621 16219 19186
15868 18701 16181
17228 15171 18960
16805 15832 19055
14626 19681 15751
15097 19745 15153
16593 15407 19314
16332 15905 19060
18563 16883 15735
15423 18502 17168
14802 19002 17059
14787 19914 15001
16506 15463 19426
18517 16607 15993
14358 19773 15552
15681 18058 17821
17128 15269 18954
18000 15468 18096
17311 15466 18834
18993 16493 15307
19525 15398 15134
15045 19351 15858
15007 18921 16984
16695 16282 18743
16390 15392 19448
17516 15651 18648
19083 16178 15395
14875 19750 15234
15546 17049 18779
15850 18012 17442
17210 15544 18833
15142 17812 18285
14795 19560 15817
15467 16893 18993
15477 18326 17522
15624 15307 19758
15018 14830 20097
15329 18844 16637
16540 16009 18850
14879 18837 17263
15962 17971 17497
15296 17885 18082
16826 16970 17914
15390 18848 16454
18994 16616 15057
14698 19212 16705
15270 19383 15620
15441 18631 16948
15561 17085 18673
18124 16267 16978
15605 18394 17148
15343 19629 15238
17482 16386 17988
18656 15711 16714
19267 15925 15159
18112 15407 17942
16640 15931 18982
15788 18314 17105
16881 16064 18611
16229 15266 19552
18860 15736 16318
16244 17854 17307
15752 18724 16320
17427 15924 18379
16334 15604 19338
16014 18556 16548
17887 15459 18328
19592 15137 15119
18059 15545 17980
16836 17674 17120
14718 19858 15077
19596 15142 15030
14684 19750 15346
15085 18793 17062
19595 15191 15050
15162 18847 16956
17351 15384 18790
19276 16141 14942
15327 15147 19872
19007 16382 15256
14386 14942 20243
15728 17735 18020
15863 17611 18043
16715 15695 19146
16115 16028 19175
16069 18847 16011
14751 19938 15021
14981 14641 20160
15375 17977 18053
17579 15526 18523
15685 18145 17382
17787 15329 18491
17528 15598 18625
14968 18794 17306
17002 18535 15472
18734 16926 15124
19274 15771 15461
15120 18271 17834
14485 19792 15380
16160 18735 16051
15328 17862 18122
16410 18039 17020
17662 15537 18492
15318 19508 15423
14557 19853 15170
14534 19564 15988
15687 18327 17097
15958 18911 15955
18876 16598 15170
19026 15730 15788
16127 17561 17774
18994 16469 15175
15237 19644 15330
15658 18156 17865
18957 16731 14952
19205 15718 15623
19296 16029 15100
14543 19859 15170
17769 16737 16936
19351 15832 15103
14526 19802 15306
16455 16416 18715
15701 19027 16082
17320 15353 18819
14896 18847 17205
16373 15566 19369
16420 17360 17670
18329 15975 17127
19231 15897 15422
14857 19184 16615
15205 18365 17635
15312 17637 18508
17947 15807 17998
18386 16982 15707
18974 15771 15980
16084 18618 16056
15601 17955 17890
16467 16151 18931
17530 16903 17047
17282 18422 15516
17607 15429 18573
16103 19105 15630
18737 15989 16052
14837 17954 18355
16273 18760 15889
17393 18441 15249
16029 15990 19267
14972 17682 18688
16598 15572 19256
16643 16108 18780
16140 18361 16579
14498 19847 15200
15025 19759 15140
19166 15400 15994
16028 15310 19591
17357 17040 17041
17781 15973 17909
16360 19035 15393
19026 16657 14905
16340 17827 17175
17664 15454 18492
18759 16530 15533
18167 16214 16805
14708 19565 15767
16792 17565 17302
16143 18251 16666
14815 19865 15055
16953 15271 19127
18754 16895 15252
19071 16148 15526
18124 17540 15421
14692 19747 15316
18375 15643 17500
18188 16337 16781
18280 17079 15659
14410 19845 15268
14561 19774 15419
15259 14834 20052
15916 16173 19006
16326 17092 18220
17702 17133 16478
18434 15620 17431
14742 19890 15045
14589 19805 15271
16589 18918 15383
19395 15881 15010
14838 15643 19939
15231 14819 20079
15613 17323 18473
16635 17416 17563
17973 15661 17843
15364 18543 17299
15367 19569 15318
15301 18657 16805
17864 15478 18384
19174 15513 15894
19109 16426 15023
19288 15915 15379
19273 15123 15943
15123 17830 18267
16173 18226 16926
15628 16031 19327
16692 17836 16868
16905 15462 19066
15743 16426 19108
16949 15209 19172
16767 17427 17380
16924 15841 18993
18080 16268 17016
15323 17785 18287
14442 19843 15205
18188 15645 17578
15679 17254 18591
17298 16477 18146
17793 15893 17918
16055 17439 17985
18884 16294 15715
18408 16276 16410
18863 15811 16142
16729 15306 19279
16677 17328 17675
16871 15375 19218
19318 15922 15104
15157 17851 18248
15071 15972 19779
18035 15697 17753
14843 17733 18646
15555 16942 18911
15018 17830 18402
14607 17934 18410
18065 15531 18043
17352 15352 18821
16990 17331 17284
19587 15264 14961
16186 18605 16135
19243 15634 15727
16814 15504 19106
16749 16639 18324
17258 17103 17488
16874 18761 15242
16740 17087 17799
15317 19295 16121
16291 15288 19537
15510 18765 16666
17097 18050 16136
17305 15289 18934
17850 15630 18062
17416 18083 15716
18819 16952 15118
19004 15296 16508
15530 17467 18316
16711 18743 15354
17387 17123 17040
17872 16998 16494
18672 16390 15827
18795 15702 16610
15011 18694 17312
15293 14871 19995
17253 17008 17518
16192 19145 15175
16908 18646 15556
18646 17248 14814
14649 18724 17556
19250 15405 15825
14689 19739 15594
16024 16379 18912
15985 18438 16654
17102 17083 17618
17281 16868 17681
18374 15812 17146
18398 16716 16060
19408 15719 15350
19259 16250 15020
14710 19341 16505
14960 18691 17357
14817 17962 18361
15133 18643 17366
17533 15594 18626
18222 15803 17427
15192 19209 16211
16254 19043 15397
17418 17975 15820
17975 16036 17347
15772 18932 16141
15545 16943 18940
17386 16390 18027
14468 19860 15147
16298 14974 19595
15322 16708 19290
17639 16408 17479
17820 17180 16417
19247 15424 15883
14746 14703 20251
14630 19967 14894
14906 18487 17916
14845 19068 16871
14999 18500 17592
16116 19021 15481
14914 18283 18061
14831 16802 19414
15184 17669 18531
17273 15389 18870
16946 15159 19173
18366 16116 16776
19296 15944 15125
15044 15033 20052
16229 17869 17224
15539 15907 19626
18377 17686 15149
19049 15308 16458
14932 19859 14945
17012 15018 19163
18242 17645 15247
14464 19794 15369
15142 19679 15221
17425 15380 18727
16775 17611 17369
16548 18730 15495
14662 19767 15518
15214 19379 15811
16342 17729 17438
16079 19293 15114
18246 16140 16943
15505 19116 15994
19317 15308 15778
14672 19682 15642
17432 16131 18290
18411 16665 16085
19260 15409 15763
14776 19056 16892
14620 19704 15599
15577 19579 15203
15924 16164 19054
19038 16078 15572
14917 19083 16868
16156 19264 15045
18391 15422 17564
17075 18718 15222
14923 18137 18123
16655 16784 18202
16608 18767 15447
15685 18773 16481
17615 16496 17591
14715 19654 15721
14712 19696 15615
14765 19003 17057
15521 19529 15334
15770 19155 15715
17460 16626 17593
16883 17969 16255
15405 17581 18315
14846 14755 20168
18165 15495 17812
14779 19596 15704
16362 17322 17679
17032 16907 17689
17363 16344 18228
19137 15314 16281
17373 18295 15270
14633 19896 15030
16566 15856 19017
16152 15118 19604
15335 18842 16617
18255 15678 17402
17342 17730 16127
18703 15482 17188
15375 17583 18359
15761 16334 19050
15823 18630 16417
17068 15311 19057
17548 17064 17019
19291 15577 15621
19048 15407 16496
14859 19171 16817
15553 18355 17478
16096 15112 19670
16843 16341 18736
16203 19096 15346
16047 15327 19570
18102 16552 16608
18077 15512 17922
15521 19053 15869
14808 16083 19785
15195 19318 15884
19016 16401 15167
18159 15404 17971
19231 15327 16031
14928 18065 18182
14904 18598 17618
15244 15072 19905
15248 14888 19992
19582 15352 15126
14451 19832 15311
14907 18508 17867
14704 19605 15838
16992 15757 18947
15242 14899 19998
16050 19090 15641
15202 18516 17541
16078 15281 19557
15242 19735 15171
18899 16961 14949
15620 18910 16313
15097 19749 15096
15599 17940 17918
16728 18955 15244
18656 16797 15486
18359 16414 16168
15968 15218 19642
16107 16472 18864
16849 18771 15322
16145 19086 15385
17210 17455 16986
18334 17404 15534
18297 17020 15699
19171 15985 15611
16102 15097 19644
15906 19350 15253
17168 17672 16684
15265 19105 16304
18527 17064 15361
15034 18552 17513
18042 15652 17973
18557 17099 15253
16253 15089 19601
15237 18338 17744
18749 16339 15900
14399 19818 15378
14744 18928 17143
18898 16795 14978
15367 15630 19767
15759 18325 16908
14792 19799 15291
15541 16758 18943
17687 15758 18468
14858 17459 18845
14736 15732 19958
14947 19876 14934
15233 14915 20030
15438 16335 19426
16089 17788 17679
17155 17119 17422
16484 15063 19453
16436 16503 18720
16075 18673 16214
19007 16450 15133
14825 15483 20081
15490 19472 15430
16074 15645 19444
16612 17525 17490
16609 15308 19393
17117 16149 18597
16381 18986 15295
16829 18881 15182
18934 15436 16705
14655 19262 16661
14984 19838 14842
16915 15391 19056
17342 15328 18833
17863 16486 17184
18657 16357 16008
14940 17231 18999
15403 15971 19550
15469 18196 17530
18593 16804 15908
19104 16391 15175
15460 17869 18080
18026 15438 18091
18372 17719 15224
14730 17867 18427
15014 14831 20147
15314 14856 19979
16541 16657 18661
15492 16014 19396
19280 16126 14897
14988 19830 14916
14882 17602 18741
16209 17475 17949
17429 15311 18764
18086 15609 17870
17828 15385 18446
18597 16717 15731
14819 19485 15891
14771 19693 15587
15820 17613 18054
16293 17387 17799
17156 15230 18975
17360 17543 16650
17944 15521 18259
14639 19290 16603
14364 14943 20228
14761 15310 20149
15175 18686 17205
16284 15999 19131
16796 18570 15628
14902 15385 20067
15803 19452 15410
17486 15734 18628
17852 15482 18278
17272 16535 18198
14441 15062 20226
14524 17875 18491
15018 17290 18965
15310 16869 19129
15829 17121 18624
15284 17613 18519
16918 18853 15122
14742 17640 18786
14734 19281 16618
14946 19710 15191
15360 19369 15645
15658 18797 16322
16493 18876 15563
19431 15784 14894
18925 16052 15594
16227 18221 16762
16195 18418 16550
18046 16464 16650
18195 16199 16828
14991 17046 19199
14804 15133 20114
16258 16523 18786
15280 18396 17414
16739 18903 15344
17758 16206 17644
17862 16252 17410
18771 17118 15027
16163 19057 15374
14584 19973 14810
14877 18697 17478
15815 16105 19184
15967 14878 19744
17453 15808 18582
18386 16161 16529
14788 17821 18550
15242 15113 19920
14909 15556 20056
15463 16087 19483
18919 15659 16331
19453 15722 15123
16023 19318 15098
15859 17933 17827
16329 17766 17313
16386 17661 17468
18066 16332 16842
18714 15401 17105
19004 16690 14933
14725 19292 16571
14905 17964 18266
16807 15511 19182
15768 16233 19068
15909 19258 15349
15949 19310 15247
17639 17178 16565
18417 15715 17357
14739 17397 18948
15690 19087 15794
15583 15800 19695
16726 18191 16364
16699 16481 18528
14895 17300 19009
14413 15096 20209
18137 16330 16845
17316 17556 16669
16763 18947 15119
17345 17072 17456
19549 15296 15342
18851 15542 16672
15799 15092 19802
14864 15795 19895
19170 15428 15942
19399 15767 15033
14854 17839 18472
15668 16172 19307
18032 15669 17811
14585 19827 15203
14688 15330 20130
15711 15722 19566
15493 18539 16995
15627 19151 15748
16295 15211 19547
16267 17597 17499
17352 16377 18247
17697 16518 17164
18556 15433 17415
14708 15159 20168
14907 18694 17419
14401 19863 15086
14762 14918 20240
15906 15904 19339
17764 16098 17711
17909 15355 18322
18771 15458 16999
15441 16971 19085
15061 14628 20092
15585 15916 19498
15044 16954 19274
14931 18829 17113
16294 15181 19569
15992 16744 18886
15845 18115 17250
16022 14891 19697
16685 18976 15201
15519 15608 19769
15971 18504 16720
16910 18755 15316
17653 16725 17071
18373 15729 17151
18868 15713 16426
17524 15785 18350
15180 17475 18637
16925 17595 17099
17168 16770 17931
14985 18734 17242
18009 17455 15975
18360 17289 15363
19303 15877 15149
14973 18531 17525
15347 17047 18971
14795 15328 20114
16328 17308 17940
18801 15920 16104
18934 15595 16602
16664 15779 19086
15543 18384 17206
17072 17171 17624
18169 16641 16369
14823 17803 18558
15014 16682 19388
15952 17300 18005
16387 16752 18466
14828 15319 20104
19497 15560 15506
16511 17928 16986
14714 19524 16121
14763 18003 18325
15473 19607 15214
14808 19401 16267
15389 17518 18486
17182 18577 15286
16064 17675 17900
18086 18099 15082
18540 16487 16156
18977 16718 14765
18340 15517 17678
14833 18665 17535
15452 16764 19211
15516 17237 18596
16095 18303 16748
16764 17940 16697
15962 18852 15941
14594 19966 14909
15104 19772 14792
15801 15070 19722
17223 17060 17523
15992 14928 19679
17859 16075 17589
19301 15355 15736
14673 19262 16638
14754 17886 18423
14645 19275 16621
18151 15506 17940
15997 15165 19635
15899 17544 18040
18179 16558 16496
19099 15149 16282
19384 16032 15030
14663 16321 19686
18448 15627 17283
18767 15414 17067
18409 17536 15240
19155 15777 15697
19482 15665 14977
19398 15282 15611
19381 15349 15547
14999 19811 15052
15772 17326 18327
14939 15490 19990
14812 19531 15991
16832 18874 15169
16625 19024 15243
16726 18965 15049
16990 16645 18184
17075 18623 15242
18956 16592 15080
18418 15530 17517
14831 18563 17714
16315 18112 17011
15541 19528 15328
15275 15131 19900
17389 17569 16416
18501 15355 17546
17902 18320 15091
14919 17268 18966
15878 19417 15284
16403 18978 15392
16122 19252 15256
17461 17383 16854
18299 17813 15235
16145 18980 15626
14654 14934 20191
16657 17487 17527
17151 17715 16505
17857 15318 18409
18198 17616 15407
18989 16582 15181
18829 16911 15137
19099 15910 15704
19353 15237 15809
14894 16707 19490
14576 19074 16995
15770 18018 17614
16559 15678 19298
18069 16015 17406
18864 15509 16632
18775 15435 17001
14756 17506 18810
14727 16135 19814
16133 15177 19578
16451 15107 19444
19240 15805 15461
14967 18308 17956
15114 19755 15075
16465 16172 18903
17891 15199 18432
16835 17845 16677
17755 17291 16356
18871 16724 15000
14990 18916 16995
14771 19599 15671
17012 18192 16173
19067 16236 15285
16528 18261 16493
19326 15677 15376
14774 16453 19650
14687 19296 16506
15388 19209 16023
15237 18792 16972
16497 15845 19182
15597 16255 19168
16947 15385 19114
17437 17852 16059
19017 15385 16503
14716 15749 19948
17700 16061 17950
18762 15777 16343
14711 18117 18234
14847 19183 16683
16169 18920 15478
15968 14867 19716
16059 16454 18869
17943 17581 15795
18908 15643 16552
18828 17038 14815
15141 16912 19208
14943 17844 18416
15690 18280 17294
16039 18385 16722
14763 19663 15703
18003 17544 15805
17784 15606 18216
14822 15674 19955
14855 17324 18999
18527 15596 17279
17861 18178 15319
18664 17202 14931
18585 16977 15445
15346 19202 16193
16869 16865 18123
16216 15815 19318
16132 18014 17344
14814 16417 19601
15925 18066 17277
15127 16991 19236
17725 16319 17750
16196 14902 19641
16576 18945 15262
17740 16284 17587
18709 17135 14977
15947 19381 15136
15010 16972 19241
15128 18078 18048
15818 15253 19669
17038 15688 18849
18670 15627 16903
19438 15875 14777
14825 16388 19607
15892 18884 16169
17031 16684 18055
18135 15637 17770
17756 17546 15982
19529 15334 15290
15750 17801 17867
15634 19567 15257
15889 14986 19723
16762 18921 15124
19158 15531 16053
19161 15408 16158
19419 15755 14907
14928 19303 16393
16056 19000 15814
16339 18736 15840
17830 18254 15210
17414 17495 16577
18258 16261 16496
19046 15577 16345
19208 15672 15572
15806 16129 19090
15587 17350 18476
14987 16389 19587
17300 17688 16243
15210 19305 15830
16474 14988 19461
17025 15083 19145
17193 15215 18982
18638 16307 16057
14990 18058 18234
15370 16655 19342
17219 17213 17354
15800 16894 18762
18144 15947 17641
14804 19334 16461
15188 19534 15425
16246 16213 18981
15121 18108 18021
15807 14833 19862
17593 18569 14861
14874 18624 17549
15443 18964 16445
16393 15243 19456
16724 15328 19306
19258 16096 15335
19324 15342 15709
19319 15432 15697
18636 15626 17027
18760 16347 15894
15672 15955 19445
15240 16857 19249
15301 18706 16789
15522 16755 19146
17628 17120 16830
17645 16473 17314
18971 16497 15192
19530 15329 15165
19182 15492 15938
14650 18627 17710
14749 19279 16546
15022 17382 18808
15349 16675 19469
19039 16601 14903
15268 19738 15017
15770 18422 16755
15952 14886 19730
17006 16599 18304
16548 17281 17708
17536 16894 17323
17458 15597 18669
17582 17123 16575
18470 15301 17568
19386 15612 15424
19039 15433 16469
19441 15575 15535
16899 15883 18974
15138 17204 18972
14952 18532 17762
15462 19126 16298
17580 17783 15845
17666 18082 15619
18004 17728 15375
19527 15561 15049
14625 19031 17050
15059 19714 15184
15548 19600 15298
15456 17028 18877
15541 18958 16231
17692 16812 17057
14954 17399 18878
15221 18724 17033
15609 15758 19607
17635 16327 17539
16736 18094 16556
18942 15487 16470
17174 18614 15202
18091 16211 17029
19471 15594 15407
14811 17849 18447
14893 15418 20083
17595 18518 14979
18189 15197 18024
19492 15562 15056
16151 16021 19019
14970 19827 15075
14876 16632 19540
15165 14936 20063
14908 18578 17561
16768 14998 19283
17522 17018 17059
15905 17045 18734
17731 18311 15135
14861 18296 18054
14421 14916 20268
14889 16479 19555
16640 17829 17008
16563 15807 19127
16344 17767 17046
18461 15561 17494
17549 18288 15669
18640 16390 15988
14970 18478 17900
18847 16091 16009
18431 17591 15119
16380 18487 16255
14894 15752 19855
15487 16063 19428
16934 17248 17751
15068 18483 17785
15032 17450 18652
15432 17384 18569
17453 16873 17330
17014 16334 18404
18048 16036 17314
17549 18552 14922
19323 15804 15378
18844 15544 16767
14990 17473 18677
14662 18065 18322
15245 19526 15482
14433 14801 20335
15453 18670 16773
17396 18175 15905
18148 15308 18111
17794 17069 16780
18387 15261 17627
19235 15651 15697
19510 15394 15142
14718 17870 18426
15074 19820 15009
15620 14999 19874
15678 18387 16924
15517 16662 19170
16455 19082 15206
17234 18508 15611
18447 15881 17070
17501 17622 16296
18880 16497 15388
15004 18133 18082
14851 18234 18123
15678 15610 19627
17301 15547 18820
18484 15834 16980
19057 16508 15034
14844 18752 17465
15776 15723 19494
15749 19527 15350
16624 17925 16757
17204 18776 15113
17915 15446 18270
14932 19064 16840
16565 18947 15378
15056 17313 18816
14860 16512 19599
16069 14885 19678
16039 16841 18803
16145 19217 15228
15772 17654 18075
16719 18105 16417
16103 15708 19441
17350 16794 17606
18335 17485 15325
18729 15796 16592
15779 19233 15699
14799 17707 18668
17159 18797 15191
15656 16746 18931
17915 17988 15441
17303 18563 15394
17257 18729 14911
15708 17215 18499
15061 18058 18149
15441 19613 15193
16624 17433 17587
16374 19054 15355
16900 18449 15753
17368 18639 15088
16942 18513 15510
18019 16584 16656
15407 15180 19845
14921 18486 17871
16388 17688 17306
14801 15607 20008
14899 18824 17274
16606 15360 19357
15274 18289 17763
16225 17096 18487
16183 16422 18911
16727 15424 19294
17122 17432 17037
18383 15485 17745
18695 15440 17191
19194 15612 15865
14876 17379 18908
15796 17443 18309
17572 18554 14872
17389 16279 18048
18338 15534 17664
18898 15402 16774
18904 16806 14740
14933 18118 18122
14834 14923 20172
15965 15838 19316
17505 15798 18602
16531 18805 15745
16501 18417 16144
17104 17376 17125
16839 17884 16662
17243 18715 15149
18059 16330 16891
17895 15742 18002
19076 15637 16251
19062 16588 14889
14713 18128 18203
14979 17803 18535
14771 15351 20110
14798 19052 16988
16727 17822 16879
17467 17876 15935
16507 18672 16047
18975 15458 16558
14777 16528 19621
14876 17686 18709
15363 18904 16491
15543 19659 15112
15592 15579 19692
17288 17109 17462
17250 18022 16035
17388 17931 16048
17916 18267 15146
18943 16248 15522
18929 15465 16716
19289 15647 15436
15359 19002 16393
16934 18922 15070
15857 19456 14885
16128 15128 19642
17131 15649 18922
16608 19093 15179
17981 15250 18238
16937 15258 19143
15129 16511 19536
15144 18568 17476
15982 15194 19704
18057 15643 18019
16493 18181 16760
17523 17812 16023
17693 17658 16157
15905 18250 16944
18408 15335 17617
14949 17714 18636
14788 19096 16833
17099 18192 15769
17367 15904 18429
17883 15610 18175
18482 16958 15717
19340 15269 15836
17876 18349 15109
15919 18536 16655
17119 18808 14915
16265 17721 17688
16826 18911 15308
17777 15689 18408
18164 15729 17482
15942 19320 15213
16371 16836 18304
16670 17928 16735
16771 17911 16662
16444 19111 15082
16701 16918 17923
18253 15473 17918
18478 15525 17410
18938 15821 15952
18419 15377 17572
19254 15320 15848
15198 15345 19998
17810 17422 16096
18360 16162 16503
18645 16704 15488
18842 15472 16960
18862 16872 15160
18759 17242 14909
14452 14884 20305
14966 18179 17995
16002 18059 17140
17080 15117 19118
15989 19340 15207
16944 16333 18496
16572 18973 15288
18788 17038 14884
15533 16222 19395
15014 17927 18346
15004 17304 18946
16426 15256 19436
17384 16146 18244
16745 17986 16415
19179 15392 16069
19572 15355 15115
18243 15695 17381
14767 18720 17536
14829 16022 19800
14788 19481 16221
15885 16095 19059
17397 18138 15941
15896 19075 15645
17576 16761 17079
17879 16915 16558
17484 18575 15196
18071 18157 14987
18947 15757 16092
19254 16308 15086
19385 15962 15068
14794 19362 16422
15261 15557 19812
16022 19342 15023
15774 18708 16394
14880 16412 19556
17701 17102 16766
18340 16710 16287
18291 15636 17628
18978 16739 14747
19172 15182 16203
14946 15812 19851
15528 15910 19597
17484 15878 18461
17848 15292 18459
18523 15462 17413
18207 18047 14958
19122 15615 16089
19377 15492 15543
15157 16908 19349
14534 14700 20354
17035 17965 16142
15973 19298 15254
17490 16826 17389
18295 16047 17115
17974 18350 15041
19077 15167 16365
16298 18069 17031
15921 17741 17757
16551 19095 15070
16644 18985 15199
15896 19340 15299
17200 15174 19012
17369 17630 16304
17855 16122 17687
18259 17831 15190
14800 18806 17463
14932 19373 16129
15438 19497 15375
15614 14978 19938
14975 16026 19684
15432 18431 17080
16721 15492 19193
17750 18146 15350
17581 17703 15987
18227 17636 15284
19571 15517 15129
14490 14939 20243
16991 15822 18841
17342 16573 18061
18697 16223 16288
18509 16354 16159
16811 15421 19274
14492 14678 20360
14833 19356 16356
17976 15300 18282
18384 16161 16597
17635 16779 17067
19034 16678 14867
18922 16342 15508
14801 18439 17960
14715 18167 18202
14761 19922 14918
16565 18168 16754
16976 15287 19074
15315 18547 16986
17146 17495 16803
18257 15877 17154
18506 15433 17417
14908 18520 17779
19374 15629 15453
14616 19551 16032
14641 14794 20333
16021 19310 15182
15940 17997 17404
15512 18832 16410
16861 18949 15032
18437 17515 15171
19253 15099 15948
14741 19948 14886
15704 19512 15373
16279 18847 15605
16921 16987 17840
17319 18759 14847
15346 17108 18817
14792 19410 16362
14835 17954 18383
17304 18732 14862
16713 17570 17459
17871 16289 17408
17645 18531 14866
19465 15639 15214
19490 15336 15510
17537 17280 16654
16355 15145 19502
17476 18635 15057
18020 15218 18314
18928 16748 14800
14866 18533 17629
18235 16051 17253
15406 16579 19334
16285 17227 18166
17675 18083 15395
18056 18148 15012
14987 18506 17842
19128 15842 15678
19194 15361 16088
14777 18937 17141
14720 15229 20160
14615 19975 14793
14801 14553 20217
17696 17870 15683
16089 19236 15481
16679 15249 19343
15134 16661 19476
17175 16018 18542
17350 16677 17668
16978 15214 19101
18651 16917 15227
18092 18138 15037
19074 15349 16363
16014 18373 16773
14822 19842 15140
14795 19398 16313
14988 18591 17437
15739 17680 18142
17462 16635 17536
18821 15549 16850
18419 15927 17080
18323 15249 17872
18644 15528 17375
19295 16072 15052
17760 17998 15418
15673 17375 18333
14965 19358 16183
14751 16399 19680
14723 19287 16616
15020 19633 15380
16536 15519 19378
16605 18327 16186
14821 19926 14741
18217 16232 16747
18013 16226 17214
18648 15456 17287
17665 18415 15256
17291 17482 16723
16826 16589 18411
18111 15437 17958
19584 15236 15122
19313 15272 15877
15043 18406 17804
14810 16170 19754
14757 19502 16048
14782 14894 20192
15656 18833 16395
15189 16349 19472
14786 14618 20252
16027 17189 18485
15904 17358 18206
16645 15060 19402
17285 17337 17148
18648 16431 15898
15043 19381 15860
14854 18920 17188
14813 14928 20170
16744 18970 14994
16999 18817 15228
16135 19340 15013
14902 16610 19498
14864 19831 15017
16609 16943 18264
17163 16716 18048
17504 18536 15095
17879 17510 15926
16519 19114 15042
18103 18069 14959
18922 16278 15547
19094 16514 14883
19143 16428 14939
16494 16005 18974
15086 16304 19609
16053 18174 17119
16585 17205 17956
18037 16268 17176
17941 17301 16282
15265 16881 19115
18506 17588 15103
18192 15359 17992
19486 15621 14969
14935 17507 18742
14703 19686 15632
15204 15851 19650
14789 17573 18788
16073 16647 18863
15073 15471 19850
17117 17820 16409
16586 18138 16402
17042 18812 15080
16287 18683 16031
16757 18953 15004
17667 17071 16780
17948 18416 15075
16684 18993 15086
18882 15767 16146
19251 15377 15888
14831 16342 19625
16487 17076 18100
15393 18796 16471
15212 15396 19819
15509 16570 19358
15950 17247 18083
16606 18841 15407
18084 15366 18093
18636 16147 16644
14475 15014 20214
15082 19780 14919
14846 17469 18835
16106 17788 17402
16070 18053 17118
16272 18420 16273
16277 15258 19572
15946 19238 15267
17732 17693 16027
16826 18788 15345
17973 18299 15103
18982 15799 15910
18790 15485 16920
17948 15771 17828
18262 16207 16541
14476 19682 15664
15573 16837 18928
14890 18033 18262
15138 18050 18073
16006 16688 18840
15855 18121 17242
16393 18494 16155
17768 17443 16295
17485 18544 15038
17684 15199 18613
18029 17688 15535
18332 16134 16711
17883 18328 15080
14851 14936 20143
18562 15681 17150
18333 17711 15240
14910 19880 15014
15165 18201 17868
15001 16801 19447
14709 14667 20273
16151 17179 18235
16127 18896 15806
17655 17076 16884
17118 15451 19040
16941 16390 18446
17512 15496 18689
19224 15524 15799
14635 19084 16884
14744 18568 17689
14688 14856 20327
14938 16792 19459
15828 19456 14907
16006 19038 15872
17613 16292 17875
17855 18229 15164
17260 17850 16249
17793 18457 15047
18417 17373 15242
18842 15691 16639
15640 18476 16959
15784 16226 19096
16247 15768 19206
17712 17623 16132
17166 17000 17678
18353 17764 15063
14878 18059 18236
15209 16291 19560
14919 15044 20083
15338 17564 18486
15922 18389 16803
14928 18820 17355
15732 18626 16580
18729 16910 15308
18018 18258 15007
16134 14945 19635
14707 19681 15683
14864 19117 16595
14760 17626 18740
14911 17420 18852
14604 19100 16920
14956 16021 19850
15055 15798 19833
15583 14796 19974
14933 18654 17539
15988 16902 18670
16384 18110 16850
15295 17099 18883
18088 17427 15877
16423 19102 15269
18032 17063 16457
18226 17892 15189
18403 17634 15134
14798 16051 19861
15173 16100 19645
15152 18535 17496
16841 18717 15538
16466 18872 15565
16648 19073 14838
17696 18209 15372
17958 18356 14990
18762 15775 16408
18238 15273 18011
17061 18446 15644
18891 15478 16709
19627 15094 14940
18740 16912 15305
15052 16860 19358
17639 17710 15861
14937 19481 15916
15247 19299 15803
15437 15484 19805
14821 17909 18420
16268 16106 18932
17057 17670 16937
17447 15177 18857
17224 15392 18856
17491 16555 17356
18096 15970 17472
18037 18180 14962
18127 18015 15021
18933 15295 16777
18904 15463 16721
15138 17731 18535
15815 14904 19787
16463 15080 19427
17815 16223 17589
18502 15390 17517
18542 15363 17458
18776 16738 15203
18565 15537 17389
14488 14877 20248
14805 19735 15417
14607 19053 17123
16015 18829 16100
15108 18685 17307
15791 18254 17018
17654 17706 15925
17250 16896 17573
17966 15739 17819
18938 16676 15007
19371 15365 15594
19159 15513 15958
19636 15114 14934
15134 16947 19338
14712 18979 17166
14522 14831 20331
15142 17254 18821
14975 19328 16037
15197 18482 17661
15657 19531 15229
15365 17636 18442
15640 17804 18173
17837 17835 15657
17933 15323 18370
18423 16951 15768
15047 15470 19883
14976 19225 16510
15958 18535 16638
16391 18932 15421
18512 16118 16757
18239 17869 15180
18620 15588 17219
14873 19145 16594
15510 19393 15581
15480 15938 19531
14723 19949 14821
15209 17166 19068
15266 17231 18968
15325 17608 18470
17162 18106 16012
16312 16258 18865
17270 18662 15135
17536 15526 18649
18752 15611 17000
18365 17206 15443
18345 17121 15473
18672 15442 17228
14789 15182 20133
14835 18164 18130
15732 15121 19842
14805 17522 18779
16239 19253 15153
16598 17696 17171
15489 16631 19180
16361 17300 17744
16852 18984 14882
17725 16923 16793
18035 16681 16613
17610 16161 18127
17933 16712 16854
18225 17949 15124
16156 19097 15383
14654 19852 15137
14828 16527 19550
14615 14965 20195
15935 17976 17705
15926 19292 15348
15778 16142 19218
16091 16247 18941
16020 19340 15148
16256 19249 15097
17889 15258 18431
18266 17423 15527
18312 17311 15614
18109 16289 16903
18599 15590 17339
19291 15249 15931
17095 18525 15427
14962 16007 19712
15523 15089 19882
15099 17256 18831
15824 18044 17378
17404 16188 17995
17801 16050 17789
17771 17579 15979
18207 17841 15265
19458 15294 15524
19414 15868 15032
14565 14589 20367
16331 19149 15051
14849 15606 19927
15531 19386 15454
16237 19284 14944
15694 19039 15915
17149 16838 18006
16674 17684 16891
17765 16679 17058
18937 15422 16721
18893 16977 14922
14766 15656 19995
14640 19974 14709
15633 15973 19337
15933 18328 16905
14799 19686 15536
17126 15227 19019
18749 16532 15517
16812 18311 16216
17317 18783 14854
17738 15396 18529
17613 18512 15184
17634 16523 17513
18154 17975 15202
18388 15634 17591
19113 15463 16273
19060 16234 15506
19169 15287 16156
19647 15073 14942
14846 16348 19613
15079 18622 17403
17557 17378 16417
14761 14613 20279
15504 18401 17389
18000 15846 17687
17219 17898 16157
16153 18768 15927
17070 15163 19054
16998 18820 15167
18456 15211 17640
17961 16607 17085
17444 15975 18325
19041 15580 16373
18842 17017 15076
18047 15383 18134
19618 15151 14966
19393 15747 15319
15879 17776 17734
14982 15610 19920
15494 18404 17166
17500 16008 18297
17859 17886 15496
16763 17869 16823
18451 16959 15603
18956 16670 15048
15745 19425 15429
14949 17642 18704
18907 15727 16244
15108 15675 19730
15303 18680 16722
18759 16739 15171
14984 16254 19629
18645 16038 16590
19500 15655 14964
14792 16998 19302
15333 15805 19651
16100 16759 18612
15774 19483 15402
16107 15700 19394
16600 17707 17128
17092 17708 16738
18239 15385 17947
18845 15538 16774
14598 15138 20199
14797 16473 19648
15856 15064 19721
16294 15695 19200
16211 17498 17815
16470 18331 16332
15720 18938 15914
16133 18773 15770
15911 19417 14965
18582 15329 17477
18697 15437 17250
19014 15751 15959
15462 15046 19976
16167 15639 19410
16847 15916 18931
15096 19314 15906
17467 17373 16589
15362 17137 18714
18101 17942 15203
18995 15430 16646
19236 15428 15800
14906 18528 17796
14883 18479 17923
14762 15882 19906
14894 19380 16168
15802 18130 17334
16983 18917 15066
17638 15295 18591
19370 15786 15124
19632 15077 14989
14704 18190 18132
17799 18290 15189
15256 18581 17065
17445 15824 18681
15939 18655 16372
17753 18262 15196
18281 17109 15633
17800 18435 14828
17115 17626 16790
18715 16742 15440
18668 16571 15777
18414 17706 15111
19412 15169 15670
14972 19292 16537
15804 15312 19657
15767 16290 19132
16919 16705 18256
16413 18208 16827
15690 17838 18047
17288 15998 18774
18168 16154 17168
17532 17818 15927
17743 18485 15084
18565 17460 15020
15331 18389 17485
19417 15855 14943
14493 15093 20205
14981 17436 18840
14983 16806 19404
16831 15950 18898
14941 18387 18051
15082 14780 20085
15579 19591 15013
15846 19323 15680
16100 16913 18550
16414 17749 17199
16329 19155 14864
16396 19134 15172
18031 18223 15244
16788 17984 16402
18381 15726 17326
14664 17257 19034
14709 15719 19972
14831 17847 18489
15341 19691 15212
15617 15550 19751
16910 17570 17145
15250 18041 18178
17030 18190 16212
18370 16859 15887
18092 17832 15306
18684 17053 15149
18332 15534 17741
19383 15313 15633
14863 15466 20096
14882 15830 19874
14979 16569 19495
16002 17980 17447
17560 16892 17105
17924 15841 17987
15833 19400 15355
15743 18932 16183
17685 18369 15225
18579 16110 16973
18865 16601 15190
19244 15568 15731
14828 15583 19948
14939 16438 19552
14986 17798 18607
14677 19757 15392
16602 16824 18416
16057 17987 17369
16272 19105 15345
17671 16402 17463
18498 15693 17252
18996 15419 16519
18381 17433 15347
18153 15532 17796
17685 17341 16376
14710 19619 15739
14953 19815 15120
16316 19149 15115
15827 14811 19767
16389 14988 19478
15123 19228 16269
15818 15067 19724
15546 17394 18352
16474 19144 14974
16984 17964 16377
16553 18571 15795
18033 17758 15353
19065 15290 16527
18727 16593 15557
17999 16413 16993
17961 18241 15114
18106 18066 14977
18501 15512 17433
15090 15838 19663
14996 17440 18759
14920 16045 19764
14936 18065 18097
15626 15138 19833
15348 17003 18991
15660 19078 15842
16073 14904 19676
16249 19282 14920
18302 17800 15230
18468 16910 15765
18691 17151 15092
14756 19492 16052
14958 18561 17545
14695 19375 16383
14910 17814 18535
14707 19722 15590
16288 18968 15459
16439 15157 19434
17581 17741 15918
17707 16893 16997
15008 18397 17868
15809 19384 15356
17537 15142 18730
18694 15890 16710
19060 16536 14949
18841 16542 15456
14697 19661 15855
15854 14961 19727
16013 19409 15055
14964 19591 15585
16355 19089 15282
17894 16147 17271
14909 17590 18766
15528 15024 19873
15380 14706 19984
17138 17293 17452
16154 19243 15214
16882 15088 19209
17172 16376 18370
17206 17885 16362
18236 17940 15035
17844 17725 15724
17802 17507 15953
18703 16522 15735
15867 18396 16893
19446 15825 14847
14770 16636 19601
15878 18544 16605
16716 17317 17646
16968 15100 19175
17650 16658 17081
17556 17143 16796
17807 16947 16769
18295 15368 17910
14776 18744 17477
14806 17991 18377
14790 18693 17686
15255 19476 15632
15309 14751 19994
14742 16424 19675
15920 14931 19749
16040 19195 15596
18213 17723 15269
16757 15135 19349
16206 17312 17996
18049 18108 15063
15013 16108 19678
15670 18653 16650
17945 17884 15576
17443 15236 18867
18035 18177 15156
19346 16045 15063
18318 17855 15128
18853 16333 15757
19441 15173 15554
14862 19269 16614
15351 14673 19993
14980 16994 19403
15592 14898 19969
14842 19840 15101
15759 18099 17439
16176 17168 18287
15981 15696 19586
17204 17102 17564
17924 17541 15855
16080 17530 17966
16947 15369 19124
18067 17992 15176
14946 16315 19752
15039 17944 18276
14783 14973 20142
15385 16043 19557
15834 18092 17252
16311 19213 15020
15198 18638 17090
17887 16755 16697
16832 18502 16042
17229 17561 16733
18312 16561 16486
18209 17969 14998
18370 15231 17759
18644 17295 15143
14707 14827 20266
15160 17671 18533
16377 17765 17071
16925 18847 15224
16869 15237 19253
17550 17291 16605
18618 16929 15693
18613 17441 15226
18603 15428 17427
18519 15554 17367
14975 16571 19489
15262 16896 19130
15302 17566 18635
17963 16454 16730
15436 17370 18501
16443 18334 16619
16068 16375 18936
17048 18428 15902
16211 18576 16457
17915 18274 15121
17689 16428 17392
18151 15816 17747
18787 15489 16982
18860 15495 16678
14652 19035 17023
15967 16751 18806
17774 16047 18122
16027 17827 17375
17608 17963 15789
19091 16563 14946
17949 15203 18384
18209 17968 15029
18388 15462 17613
18320 15484 17789
18839 16339 15823
18425 17693 15042
18897 15561 16621
19142 16164 15398
15878 19375 15351
15367 16207 19521
15814 18880 16254
14915 17873 18414
15062 18529 17588
16622 18516 16004
17292 18730 14879
17891 16147 17341
19185 16319 15054
18490 17442 15158
15668 16477 19157
19467 15682 14848
14804 17649 18738
14867 18797 17448
14890 19114 16585
15134 17812 18313
15882 17521 18248
16372 19135 15192
17377 15890 18695
17152 15029 19054
18253 17367 16274
17486 17852 15866
18990 16005 15906
17326 18708 14989
19184 16421 15088
18883 15514 16628
14856 19467 16266
14934 18971 16944
17823 18430 15113
18501 17295 15252
16134 19183 15416
18345 16179 16617
18147 17693 15362
18250 15791 17369
17161 18752 15116
18434 17314 15234
19624 15144 14894
14955 17479 18791
15810 19330 15590
14753 19019 17136
14881 14701 20214
15779 15412 19638
15349 18752 16706
16078 17209 18374
15302 18391 17486
15434 19688 15009
15826 19440 15259
16297 16764 18519
17216 18690 15201
18110 18047 15103
18045 18127 15049
18161 17995 15146
19179 16379 15118
19419 15297 15543
19460 15686 14963
14884 17442 18806
15036 16739 19386
14819 16412 19621
16212 18998 15457
15618 18165 17464
17387 17694 16240
14909 19500 15873
15578 14996 19897
16962 15128 19181
17308 16313 18533
16552 18541 16003
17503 17964 15712
19360 15181 15666
19172 16293 15136
14766 16183 19779
15017 17962 18339
14889 18671 17503
15100 17206 19092
16402 15058 19474
15746 17275 18338
16874 15281 19143
17450 15670 18632
18073 15416 18043
17992 18226 15061
18713 15459 17159
19311 15520 15731
15658 16877 18838
14755 17727 18654
14721 18103 18199
15040 18116 17902
15263 18108 18006
15199 19740 15168
16429 14945 19541
16478 18113 16778
16876 18061 16399
18249 17886 15104
18052 18099 15256
14727 14649 20263
18393 15376 17589
16081 16004 19181
14896 18132 18183
15033 18230 17867
16128 16587 18756
15724 18056 17534
16461 18917 15582
16026 19278 15128
18083 18088 15117
19132 16204 15258
14908 18151 18082
14732 19961 14790
14839 18576 17683
16275 16913 18309
15225 17806 18187
16367 14980 19499
17145 15116 19041
18031 15412 18169
18048 18106 15094
18937 16631 15134
15281 17238 18772
15848 15597 19603
16092 16802 18644
15091 17816 18457
16662 16680 18400
17279 18726 15051
18431 15418 17523
18683 16530 15591
18925 16311 15411
19568 15230 15191
15031 17673 18634
14967 16515 19520
16132 17481 17889
16638 15284 19415
15185 16908 19225
17222 16647 17881
18096 17409 16122
16668 18980 15087
17309 15339 18879
17581 15370 18710
17407 15285 18949
18888 16280 15567
18872 16425 15418
18513 17627 15063
16437 17976 16870
15239 17416 18785
14679 18965 17224
16234 15004 19612
14873 17377 18965
14780 19306 16488
15148 17684 18535
16932 17781 16661
16929 18373 15987
18159 17160 16359
17508 17170 16786
18706 15521 17095
18503 15484 17448
18973 16720 14967
18258 15244 17970
19142 15201 16260
17291 15337 18950
16105 16632 18728
16140 17464 17963
17748 16053 18270
15147 18753 17159
18941 15465 16480
14670 18738 17486
15564 17704 18287
14887 19673 15612
16598 17190 17917
16278 19126 15281
16703 16866 17968
17708 15384 18560
18208 17925 15224
18237 17925 15067
18031 15522 18076
18706 15678 16868
18763 15552 17093
18282 17821 15239
15754 18315 17177
15237 17710 18470
15655 18949 16301
16924 18886 15074
17810 15524 18323
18675 15544 17142
17916 15588 18177
18862 16608 15256
18031 15217 18192
18816 15668 16862
18556 15281 17497
18845 15442 16940
19263 15536 15750
18643 17016 15288
14812 19475 16186
14959 18189 18052
15229 19766 14868
15424 15621 19738
15764 16550 18981
15653 16587 19065
15342 16751 19255
17478 15376 18715
15730 14991 19882
17012 16977 17754
17099 17457 17245
17106 15104 19044
17017 18653 15436
17908 15524 18228
17574 16832 17334
18275 17140 15724
17492 18600 15007
18304 17815 15219
18316 15303 17802
19344 15450 15583
14791 15826 19935
17035 18737 15418
16085 15181 19618
17871 18342 15120
17387 15291 18791
17616 17372 16378
18125 15359 18188
19263 16023 15116
19186 16317 14993
19596 15080 15126
14726 19204 16699
14875 15540 20064
14831 15131 20139
16218 14976 19634
16877 18694 15596
17013 15106 19128
18504 17146 15228
17380 17975 16066
17831 16265 17493
17068 18857 15015
17445 18698 15045
18617 16568 16113
18240 16416 16736
18203 17975 15157
18967 15411 16728
18674 15622 17195
19272 15301 15798
15045 17377 18945
14730 18363 18124
14851 18925 17420
14751 18160 18174
17258 18787 14866
16422 16406 18851
18076 18077 15120
18264 15324 17954
19342 15387 15686
19504 15508 15355
19563 15319 15328
14556 19888 15069
15196 17159 19173
14471 14936 20248
14741 18599 17840
14793 18616 17637
15645 16621 19161
15553 18989 16134
15623 14739 19952
15238 17051 19018
16856 18873 15147
15447 17506 18344
16781 17472 17330
16089 19302 15085
17758 17541 16350
18778 15504 16989
18092 18071 15064
19231 15226 16089
14915 15739 19919
14970 14860 20144
15373 15719 19710
15904 16531 19014
17275 17704 16338
16820 17771 16844
15294 18553 16968
18113 16869 16579
17786 17370 16128
17158 18383 15716
17330 18568 15198
17289 15791 18742
18000 17424 16095
17542 15449 18710
18245 17426 16034
15685 19317 15414
16395 18776 15603
18902 15443 16459
15300 19154 15948
18053 16267 17070
15398 18658 17255
15364 19465 15222
18985 15443 16232
14587 19939 14872
16363 18861 15387
14518 19963 14936
15759 19317 15308
15312 19553 15222
15224 18825 16999
15379 19543 15089
17367 18388 15490
15060 19750 15276
15273 19370 15502
17478 17128 16893
15338 19432 15370
14559 19961 14905
15449 19357 15332
14757 19870 15073
16709 15439 19022
18856 15606 16588
14847 19812 15194
16716 18369 16080
16038 17704 17944
14506 19938 14974
16635 15412 19145
16424 15584 19184
15673 16482 19172
17601 15872 18188
16263 15726 19221
14494 19946 14946
14555 19944 14956
16902 15589 18905
16569 18244 16489
14778 19857 15020
16010 15255 19544
15450 16014 19670
15353 15936 19674
15181 19376 15512
15363 19545 15117
14438 19972 14936
16253 18470 16462
16601 17475 17658
14479 19970 14905
16487 15755 19170
18411 16736 16125
14567 19945 14868
16248 15520 19342
15317 16062 19544
15264 19526 15323
17209 18240 15851
15843 15292 19531
17738 16356 17347
15396 19447 15321
16970 18319 15963
15389 15320 19765
15907 15239 19565
15950 15791 19385
17428 18378 15428
15439 16212 19461
14607 19934 15010
16121 15772 19339
16554 19057 15124
16595 17283 17892
16385 18447 16630
17503 17987 15648
18832 16241 15882
16381 18298 16809
15228 14986 19907
14850 19825 15069
18952 16132 15890
18694 16496 15774
14489 19965 14877
17403 16743 17687
15689 19460 15018
15190 19426 15404
15107 19039 16891
19267 15151 15925
15290 19363 15464
16438 15337 19314
16298 18884 15593
16371 18852 15382
16550 15773 19134
15540 18875 16690
17696 15776 18222
16649 18958 15176
15524 15677 19644
15373 18203 18001
18960 15454 16392
15279 19530 15297
17292 17720 16435
15911 14989 19632
19054 16287 15277
15677 15874 19373
17504 18395 15316
19106 15682 15730
15844 19193 15409
16798 18508 15660
15188 17939 18422
15147 15956 19680
16476 18492 16223
14740 19872 15082
16480 18584 15989
16562 18954 15251
15549 16018 19560
18635 15518 17003
15247 18834 16939
16055 17708 17920
18289 16542 16479
15531 17631 18436
15977 18177 17375
15564 17695 18276
19269 16023 15207
15202 17908 18390
15600 17391 18803
18889 15944 16308
16634 17915 17036
15673 19494 15055
18763 15641 16601
19060 15902 15955
15287 18539 17627
14605 19875 15149
18775 17193 15179
16598 18825 15312
16370 15353 19357
17200 18234 15855
17674 18434 15192
18943 16712 15234
15837 19419 15241
18692 16610 15647
15012 19053 16911
16282 15266 19460
16361 15967 19088
17720 17238 16620
17088 18676 15239
16457 15286 19429
16376 19092 15316
18504 16098 16466
18968 16074 15795
18914 15320 16714
14765 19902 15069
16247 18220 17008
16644 18972 15182
17090 18245 16117
19080 15898 15665
15572 17899 17924
18875 16595 15405
19244 15315 15917
18843 15430 16647
19560 15121 15050
15985 19217 15354
19175 16263 15181
14440 19968 14941
16469 15225 19384
16211 15513 19519
17305 18774 14941
16706 18185 16398
19480 15396 15221
17496 18253 15405
16352 18913 15366
17892 18232 15165
18534 17551 15418
19011 16604 15230
18705 15253 17144
18725 16249 16099
17865 17382 16171
14951 19823 15067
17542 18388 15266
16502 15177 19377
18685 17291 15285
15215 19716 14868
16391 15307 19315
16005 19202 15341
14534 19937 14961
15854 15279 19579
17363 18628 15234
16799 16970 18015
18887 16414 15607
18801 17098 15247
15401 18197 18124
14646 19927 15049
19020 16152 15512
19468 15338 15243
15540 18648 16986
19354 15868 15202
16846 15516 18908
18406 17552 15612
18756 15914 16509
14748 19870 15074
19063 16256 15445
15538 17534 18617
15908 17577 18179
16407 15857 19095
16989 15549 18889
17537 18605 15140
18290 17755 15386
19219 15455 15886
15923 19229 15274
17698 17065 16690
19133 16149 15289
17366 18705 15071
17134 18263 15845
17941 18128 15212
19361 15883 15119
14788 19833 15375
17408 18463 15409
18357 16801 16096
15716 14863 19759
14986 19826 14869
19121 16311 15205
17836 18181 15251
18509 16580 15997
19203 16049 15303
16394 15824 19123
16710 17959 16994
15341 16706 19249
17554 16931 17148
16698 15448 19002
18124 16445 16719
18645 16956 15569
15345 18269 17946
19225 15779 15426
16765 15735 18828
16675 19034 15030
18774 17113 15366
15247 15717 19700
15511 16938 19145
15870 17997 17794
19420 15654 15242
14544 19948 14922
14595 19936 15031
17566 18524 15106
17471 18499 15200
18400 17299 15653
16394 17236 18126
15473 18506 17368
15615 17747 18255
15944 18059 17664
15903 17563 18318
17550 18544 15122
15555 19515 15166
16133 15528 19440
15538 18042 18076
17792 18241 15338
18889 16642 15384
19209 16246 15132
18488 17691 15203
18443 17590 15560
16381 18414 16726
15262 19437 15329
16396 19185 14759
19310 15885 15251
15557 18169 17650
14885 19747 15336
18651 17301 15309
15107 17954 18453
16521 19060 15116
15748 15706 19538
15258 17520 18967
14655 19917 15036
15230 17901 18467
15080 18538 17809
16207 15666 19391
17841 16537 17273
17776 16990 16887
17581 17712 16078
18036 15518 18194
18121 17501 15715
19521 15337 15165
17575 16274 17733
15534 15986 19604
16053 17975 17694
17447 17803 15927
19000 16564 15254
18904 15787 16058
14925 19323 16667
16019 15167 19539
14887 19615 15401
17021 17591 16942
15892 18111 17657
15946 18118 17548
14719 19746 15451
16611 18306 16308
17756 18250 15251
18777 16092 16183
19126 16335 15134
18924 16907 15187
17278 17395 16791
15532 16392 19231
14788 19743 15501
17562 18081 15583
18361 17823 15203
16688 16830 18384
19154 16141 15504
15056 19085 16610
16182 15125 19598
16545 17196 18292
15816 16669 18966
16005 18485 17076
17440 18150 15641
15480 15957 19654
15441 18477 17782
19309 15500 15782
16039 15069 19614
17740 16321 17352
19458 15666 15204
18358 17658 15376
15566 16320 19414
15168 16735 19400
18054 17650 15616
18775 17165 15291
19368 15315 15620
19040 16504 15132
18886 15272 16869
14799 19630 15645
16159 14818 19602
16050 18908 15871
14789 19719 15553
18566 17126 15508
15155 16503 19509
15110 18563 17799
17468 18447 15310
19245 15805 15378
15564 17830 18109
17123 15736 18674
14838 19046 17021
14770 19696 15571
16131 18854 15889
17090 15658 18675
18273 15778 17493
18685 16393 15951
19189 16094 15278
16245 17041 18469
17417 18331 15542
15757 18047 17691
15067 19435 15518
15675 17322 18641
15314 19648 15061
16725 17139 18101
18832 16083 16095
19183 16099 15206
18307 16546 16474
14593 19853 15387
15191 17910 18460
15845 15307 19523
15016 19550 15364
16387 15991 18906
16002 18718 16479
15362 18845 16906
16275 18277 16903
17672 15487 18520
17723 17295 16619
19029 15388 16384
15434 16411 19339
18484 17695 15350
19195 15700 15593
15183 17938 18462
15007 18409 18124
15094 18715 17604
18481 16448 16182
18727 15330 17104
14982 15946 19818
16878 18031 16373
16929 16982 17760
15021 19302 16462
14984 18952 17350
19048 16241 15449
18938 15343 16701
15110 18789 17448
15099 19763 15224
15277 19047 16611
16675 15242 19318
18815 15964 16099
15938 17655 18114
15126 18330 18105
14441 19942 15044
16472 16725 18605
19268 15563 15498
14988 19031 16959
16769 16904 18318
16801 17205 17921
19068 15354 16357
18923 16911 15137
15006 18436 18036
15469 17512 18758
15782 18705 16781
15246 19669 15297
18027 16120 17234
18794 16991 15523
15081 17855 18577
18442 17336 15646
15482 18166 18179
15966 16040 19240
16381 17047 18305
16293 15725 19239
17738 16335 17644
18658 17263 15369
17919 17375 16153
15616 17702 18076
15350 18822 16949
18677 16633 15734
19155 16148 15280
15893 14822 19720
16739 15437 19081
15612 17810 18065
17107 15322 19003
19331 15668 15409
19385 15669 15248
15191 16813 19376
14606 19801 15419
15691 15881 19369
18054 15730 17919
19369 15821 15158
16816 16759 18299
18749 17146 15381
15420 17465 18787
15187 15599 19736
15061 18826 17486
18570 16002 16555
18305 17763 15279
14802 19589 15986
15192 18431 18027
15237 16177 19536
15600 17224 18845
16405 15616 19227
17580 18533 15094
18644 16280 16031
18659 17062 15422
16910 17019 17849
16264 18205 17054
18574 16188 16141
15932 17899 17808
17114 17443 17287
17279 18173 15693
18009 18143 15181
17826 18239 15309
16107 17085 18651
14854 19660 15587
16603 15348 19292
17077 15671 18823
17489 18623 15194
18201 17250 16049
14809 19520 16063
15621 16181 19314
15406 18235 17938
19332 15896 15144
14563 19784 15566
15386 19358 15429
17860 18137 15305
18401 16398 16619
18820 17107 15144
15982 19345 15203
15279 16556 19425
15171 16438 19443
16503 15060 19425
16179 17563 18231
17680 18474 15153
15432 17365 18963
15646 15432 19598
16614 17103 18129
17170 17122 17216
17425 16161 18206
15524 17778 18243
15491 17435 18660
15345 17626 18629
16763 17211 17985
16500 17335 18016
17490 17448 16334
18600 17513 15221
14728 19092 16943
15204 19753 15012
15076 15538 19901
16082 17586 18119
17326 18669 15141
19128 15762 15531
14819 15964 19867
18005 18172 15167
18477 15233 17549
19410 15712 15181
15921 14858 19676
15484 18092 18216
15840 17605 18340
18719 17349 15246
19091 15985 15597
14988 19234 16528
16318 19282 14895
17409 17585 16411
18839 15432 16754
15465 18995 16366
15325 16214 19516
17129 18311 15684
15886 17686 18154
15075 19399 16179
17123 16723 17919
17332 17832 16272
17739 18311 15375
15200 16681 19354
17147 17673 16653
19235 16171 15060
17142 17338 17010
15152 17868 18575
14916 16602 19644
15264 19650 15165
16757 18081 16530
18185 16265 16891
15285 16385 19408
19166 15671 15966
16198 17080 18562
15656 16839 19067
17534 16420 17816
18395 16124 17067
15088 17012 19342
15218 17988 18289
16612 18208 16428
16512 19084 15099
16005 18105 17517
18011 15499 18202
18626 17157 15379
14610 19756 15531
18119 16781 16586
15540 18192 17927
15393 19703 14888
15321 17330 19077
16174 19099 15476
15380 18197 18156
15082 16621 19568
15036 18656 17731
14860 19802 15155
19045 16288 15323
14813 19556 16027
16067 16014 19291
15445 19681 14930
16463 16932 18506
17154 15443 18872
16878 16872 18026
17764 16629 17053
18224 16570 16690
18577 17544 15358
16935 16398 18300
18615 17288 15351
18951 15356 16479
16075 17816 17814
15158 19387 15436
16143 17335 18257
18299 17204 16003
15928 18090 17568
16745 18726 15501
16690 18471 16054
15099 19083 16781
14787 14889 20107
15673 17740 18063
17824 18375 15069
15158 19436 15405
15618 17251 18783
19213 15642 15434
15226 15271 19865
15926 15686 19461
15567 16153 19375
16398 16962 18531
15180 19051 16474
17598 16216 17809
15801 19224 15482
16654 18105 16978
18136 18011 15251
15173 18378 18099
15291 18724 17097
16182 18846 15859
15224 19713 15071
16990 16596 18221
18139 15629 17996
18497 16186 16604
19243 16031 15246
18982 16625 15296
14426 19886 15261
16378 15808 19207
16684 15201 19277
15660 17214 18712
16189 18408 16865
17601 18500 15008
18773 17204 15095
19092 16408 14978
15341 17284 19104
17568 15949 18210
15232 19702 15200
17825 17676 15813
16723 17997 16920
17687 17485 16291
15252 18642 17626
16704 18581 15867
18293 17650 15444
15506 19488 15189
18506 17620 15194
18907 15266 16867
19083 16368 15153
18833 16487 15635
16097 18705 16321
16959 17305 17383
15519 18047 17954
16772 18581 15625
16918 17192 17414
17399 18701 14889
18551 15319 17271
15077 18703 17726
15462 17192 19144
15670 17421 18579
15521 17248 19002
16667 15265 19312
17036 18933 15142
15747 17373 18631
17187 17727 16536
17736 17045 16700
18716 17318 15271
16285 18923 15629
16504 18408 16253
15157 19128 16392
15129 18949 17110
19148 16376 14936
19224 16175 14909
15458 18943 16544
15204 16562 19403
15097 18679 17713
17019 16953 17656
19399 15284 15677
15111 18848 17369
16713 18181 16388
16956 16784 18093
18260 17968 15072
14815 19615 15909
15212 18244 18191
14744 19688 15579
16000 18200 17361
15418 14967 19902
17078 15428 18977
18209 17978 15136
18351 16839 16029
18923 16287 15728
17222 18166 16040
15314 16468 19396
16258 19299 15011
17198 18813 14852
15859 16073 19259
18381 17760 15166
18648 16258 16026
18861 15297 16809
19492 15366 15136
19356 15614 15309
15102 18565 17788
15201 18207 18233
16214 15632 19416
16319 18591 16372
16530 18771 15533
18627 15945 16753
15657 16014 19399
16073 17613 18004
16834 17857 16837
18426 17741 15311
17049 15440 18949
18540 16744 15931
18950 15508 16404
18887 16364 15776
18999 16266 15461
15447 19610 15063
16392 16911 18588
17632 16359 17611
17496 18066 15595
17457 18111 15715
17865 16415 17220
18211 18071 15084
18668 17295 15284
18805 17147 15120
16869 17327 17310
14378 14550 20333
15323 17504 18965
15641 16095 19543
15414 18719 17025
15900 19329 15304
15996 19243 15264
18468 16440 16314
18046 16619 16849
18620 17424 15301
18320 17679 15424
18537 17078 15578
15204 16708 19334
14778 19643 15895
14989 18517 17907
14698 19877 15093
14918 19435 16167
16640 16339 18598
17908 17364 16456
18607 16929 15709
16618 15292 19247
18855 15968 16045
18849 17084 15162
18676 15359 17216
16800 17367 17447
15027 18586 17858
16650 15924 18839
16580 18675 15647
16384 19194 14996
18163 16722 16463
15608 18356 17648
18533 17552 15146
14941 19438 16052
14558 19881 15173
15394 17513 18915
17555 16365 17661
18000 17400 16048
15903 17220 18529
17520 18379 15303
18339 17012 15997
15425 17296 18992
15141 16860 19375
15646 17543 18506
18983 16241 15683
19262 15758 15316
14755 19614 15935
16980 18017 16396
14820 19580 15963
15480 17286 19043
15129 18568 17750
16910 17458 17286
18736 17288 15271
16319 18249 16870
15155 16961 19340
17200 18502 15421
16237 16071 19092
15230 18986 16783
18881 16673 15236
15865 19504 14946
16507 15979 18995
17943 16068 17474
18998 15915 15986
16193 19301 14983
15572 17035 19010
16613 17875 17354
16526 15478 19262
18952 15372 16426
14408 19906 15206
16917 17871 16605
15733 15849 19364
17311 16069 18272
18852 16730 15398
17571 18455 15250
18858 16704 15310
19148 16326 15192
19039 16543 15395
18521 17552 15376
14420 14708 20303
15086 18508 17841
14920 16576 19652
14630 19676 15750
15132 16636 19518
16165 18322 16953
16371 18391 16842
18795 17156 15325
19103 16391 15111
19272 15563 15412
15704 19232 15824
16452 18253 16803
16541 18845 15293
16559 17872 17494
18608 15297 17330
17828 18163 15278
18309 16248 16916
15288 17267 19234
15985 19345 14998
16660 17691 17105
17130 18272 15819
17654 16207 17755
18748 15440 16789
19207 16256 15100
19328 15398 15563
15079 17852 18679
16756 18817 15429
16354 17080 18423
18875 16377 15786
15717 17972 17914
15548 16845 19069
15071 18837 17442
15593 17262 19000
16155 17170 18566
15289 19696 15113
16644 16331 18746
19006 16729 15188
16050 18642 16544
18109 17310 15979
15166 18933 17011
15980 19367 15201
16236 16530 19007
16517 16517 18749
17934 16276 17614
19161 16212 15228
19084 16361 15179
19327 15942 15120
14652 19651 15784
15441 17591 18449
16463 16230 18810
16417 16398 18877
16524 17997 17185
14809 19926 14948
15799 19512 14946
15304 17374 19071
16788 18583 15500
15974 19370 15022
16750 17018 18050
17006 15698 18675
18521 17652 15145
19368 15422 15497
14896 19139 16878
15066 18707 17674
18233 17273 15991
15562 16604 19133
18453 16484 16251
15718 16879 18965
18352 17643 15431
18488 16575 16024
19080 16480 15194
18872 16665 15240
15089 17571 18943
15923 16543 19040
16132 17203 18584
16866 18991 14958
16165 18346 16947
18802 16596 15570
14987 19248 16581
15038 18578 17782
18715 15185 17152
18891 16350 15510
17200 18597 15294
15413 17362 19050
16913 17274 17593
17613 17115 16911
17031 18807 15245
18379 17237 15692
19237 15447 15977
18372 17647 15360
16365 18844 15601
16737 16640 18520
17262 15540 18793
18070 16490 16893
18770 16075 16272
18186 15612 17959
15157 16904 19339
14767 16155 19804
15301 16287 19424
15569 19464 15168
17246 17191 17208
19077 15964 15680
15198 17972 18305
15231 19152 16042
16365 19171 15116
17865 16315 17295
18413 16833 15952
19373 15293 15504
14986 16883 19495
17481 17251 16825
15682 19474 15030
18337 17654 15412
18939 16659 15382
18318 17174 15828
17833 18353 15092
17595 18497 15172
15171 18452 17971
14952 16964 19353
14962 19392 16351
17136 17664 16656
18681 15322 17162
15048 18724 17602
15504 18689 16942
15787 19440 15122
16644 17211 18000
17673 16161 18098
18136 18045 15127
19043 16361 15401
15128 19770 14996
15335 19600 15086
16457 16993 18400
17175 17089 17359
17884 18236 15206
18843 15244 17013
14915 17022 19354
14422 19930 15105
15231 17778 18764
15373 16160 19488
18087 16327 16991
15540 19550 15039
16010 18102 17523
17063 18851 15054
17591 18577 14911
18929 16249 15790
19166 15263 16238
16434 19016 15226
16524 19056 15178
17519 16203 17934
16016 18702 16820
14893 19833 15003
15942 16717 18905
18035 15440 18210
18658 15246 17319
15925 17689 18138
15358 18964 16613
14732 19095 16902
15185 18695 17424
14890 18509 17934
15821 19247 15472
17542 16500 17463
15175 17807 18720
16376 15535 19280
17265 18767 15093
16903 18874 15261
17701 16970 16956
18140 15587 17989
15068 16434 19573
15153 17950 18548
14659 15700 19958
15825 19279 15414
16394 17907 17640
15984 17827 17920
18124 16781 16560
19028 16636 14970
18825 17109 15081
16779 17548 17452
14709 19810 15402
16698 17140 18092
16257 19322 14954
15987 17638 18093
15877 16185 19178
17971 16275 17131
16727 18156 16508
17019 16173 18557
18642 16760 15581
15620 17148 18913
14498 14599 20320
15121 19179 16516
15312 19686 14963
16370 17262 18201
15167 18748 17501
16741 16290 18617
16716 18042 16762
16564 16717 18582
16764 19014 15088
17571 17564 16108
17806 18329 15111
18467 15187 17570
15198 17425 19112
15048 18921 17291
16207 18403 16861
16883 15802 18733
19371 15629 15257
18196 17967 15169
18881 15288 16828
14527 19905 15186
15337 17864 18285
15376 18851 16802
17154 15614 18774
18512 17589 15391
18557 15399 17229
15299 19144 16245
14989 19503 15960
16657 16943 18348
16924 18918 15182
17082 18857 14987
17540 18520 15181
18454 16204 16433
19403 15469 15383
15109 16842 19484
16077 16647 18925
15109 17409 19136
15746 18030 17890
15191 18318 18099
16544 18340 16391
17410 15466 18639
18715 16019 16336
18811 15534 16751
17913 17019 16714
15086 19122 16594
15027 15273 19929
17834 18044 15413
16574 19027 15219
16609 17907 17186
15834 18135 17643
16934 16306 18572
16010 17646 17957
18297 16441 16740
19446 15389 15480
15266 18152 18208
15021 19131 16568
16357 16374 18916
15771 19426 15226
17391 17415 16575
16276 19291 14941
18234 18035 15054
18318 17235 15818
14534 19806 15481
15754 17584 18501
15929 15574 19492
15546 16985 19143
16174 16172 19103
16853 17748 17039
17226 17418 16965
18241 17281 15917
15452 16479 19259
19405 15423 15461
19348 15343 15683
15499 17823 18296
16080 16291 19127
15934 17828 18021
19310 15698 15309
15295 17435 19103
15741 18117 17676
16808 15158 19207
15273 19623 15177
14927 16378 19748
15197 19230 16198
15494 16199 19430
16231 15531 19337
16684 17622 17652
15525 17542 18560
16385 16471 18761
17076 16455 18016
15195 17491 18994
15222 17414 19118
14460 19870 15440
15379 19376 15355
18174 16093 17073
17937 18322 15158
15071 17829 18742
17663 17225 16797
15035 19003 16939
14676 19095 16972
15774 19356 15275
16660 15795 19037
17422 18660 15011
17694 17076 16926
18676 15469 17085
14866 18437 18088
15693 14899 19804
14616 14778 20285
15258 18566 17627
17224 17747 16508
18293 15700 17911
14948 19133 16836
15606 19144 16011
14953 16710 19549
15924 16449 19055
18037 18268 14966
17236 17588 16464
18279 17962 15343
15621 14654 19879
15582 17390 18924
16148 18305 17275
16087 19005 15648
18651 15519 16969
18595 17428 15395
19261 16109 15141
19047 16543 14935
19421 15746 15071
14828 15940 19823
15621 17681 18279
15261 17693 18793
14989 19610 15414
18696 16101 16181
17896 17728 15774
14868 15333 20078
14805 19853 15006
14909 15291 19977
16898 16749 18231
18030 16878 16641
18522 17135 15542
14836 16167 19779
14476 14673 20306
14897 19369 16496
14979 15899 19830
15956 17343 18258
16191 18250 17039
16177 18380 16900
16362 18100 17536
15768 17864 17850
18269 17711 15503
17863 17746 15734
17302 18724 15212
15589 18915 16467
17388 17920 16019
18295 15704 17787
18389 15570 17757
14834 19847 15105
15009 14897 20079
18028 17771 15453
18338 17134 16021
19086 16244 15386
15297 17314 19227
15079 18858 17358
14524 19681 15608
15030 18531 17898
14834 15801 19869
16655 17413 17723
14923 15144 19977
19035 16395 15437
15207 17062 19326
14588 19770 15549
16263 19254 15059
16623 17248 17916
17521 16163 17984
18050 15589 18159
17718 18422 15081
19022 16600 15121
16785 17477 17355
15420 18782 16729
16414 19065 15145
16874 15210 19162
15120 19474 15450
15755 18365 17398
15300 17093 19318
16277 19278 15006
15485 17814 18328
15566 18573 17334
18310 17171 15860
17768 18074 15453
18833 15961 16174
14636 15480 20077
16224 18328 16937
15282 18265 18055
16616 17469 17864
17547 16459 17459
15474 19533 15041
17192 16287 18310
18435 15583 17614
18334 15862 17380
15285 16234 19503
15023 16948 19473
15279 17217 19249
14479 19862 15213
15426 17315 18982
15800 18246 17516
16370 16235 18961
15072 19507 15499
16363 16724 18685
17354 18733 14998
18406 16728 16129
18594 17545 15142
19272 15050 15974
16450 17198 18169
16629 15037 19368
14975 19544 15514
17387 18652 15078
18110 15633 17956
17635 16339 17512
18402 15718 17640
15297 18125 18193
15093 14899 20011
16730 17429 17675
17140 17972 16414
16238 18421 16637
15499 17419 18755
16244 19285 15024
17628 18200 15565
17891 17745 15674
15165 18193 18274
14676 19668 15719
14908 18574 17908
17014 18574 15464
16291 17291 18153
16703 18635 15716
18865 17011 15071
18535 15683 17299
18751 17246 15317
19214 15607 15647
14720 15793 19907
15315 17116 19145
14825 15525 19948
15955 18207 17302
17286 17993 16295
17222 18050 16113
17749 17378 16391
17963 16219 17255
18977 15448 16347
19311 15991 15124
17571 17968 15755
15411 18951 16792
16897 17977 16440
17539 16613 17380
17697 16906 17185
16898 18180 16317
19435 15504 15367
14857 15919 19824
14573 15188 20246
15558 17603 18395
16812 16925 18262
18593 15353 17232
18624 15344 17240
18478 15788 17254
19581 15232 15025
15756 17228 18687
14636 15195 20177
16822 15983 18718
16512 18203 16837
19285 16152 15140
14583 19914 15128
14926 16102 19797
16396 16813 18586
16490 16892 18437
19450 15270 15419
17466 17194 16836
18294 15773 17417
18512 16825 15856
18849 15284 16846
15496 14735 19945
14896 15009 20082
15594 16312 19195
18057 17374 16110
17882 16290 17474
15042 17038 19349
14612 15224 20157
15964 19431 14894
16605 17254 18123
15896 18721 16737
17535 16909 17404
17203 18776 14939
17805 17391 16221
17299 17884 16048
17795 17098 16543
18266 17210 15866
19088 16488 15110
15080 16224 19701
15156 18386 18102
16658 18476 16020
18181 15626 17966
14889 16760 19548
16240 17302 18430
16253 18784 16070
16916 17635 17109
17672 17436 16407
15958 16017 19336
15377 17672 18449
16217 16730 18849
18537 15584 17296
19323 15962 15157
19325 15101 15822
14470 14643 20318
15852 14812 19751
15553 18470 17381
17030 16329 18284
14931 15098 19972
17729 17476 16331
18131 18172 14959
18232 17918 15348
17587 15485 18586
18976 16295 15542
16279 15627 19244
15094 17112 19272
15819 18669 16843
16512 17319 17899
15584 18086 17746
14813 19569 16024
15655 15820 19431
15323 18341 17884
16304 15684 19224
15075 19284 16358
18300 16262 16969
17905 18087 15301
18091 15501 18125
19602 15236 14976
15216 18844 17395
15150 17920 18568
14671 15543 20045
15418 17415 18802
15792 15084 19633
16268 16563 18890
17376 15758 18535
18552 17433 15512
18134 15869 17915
15384 17087 19220
16047 17229 18463
17132 17931 16538
17111 16866 17935
18139 16434 16799
17609 18498 14950
18384 17878 15149
18596 17321 15334
18495 17616 15337
18068 18194 14748
18021 15448 18196
19375 15202 15679
14685 15479 20125
15020 18536 17888
14954 15958 19784
15480 15200 19861
15758 16268 19237
15122 19418 15484
17230 15182 18980
17706 18466 15117
17114 15022 19059
18150 18018 15174
14590 15231 20214
14490 19948 14963
14638 14988 20250
14784 15298 20085
18012 17650 15898
15270 14997 19870
16707 17868 17067
16331 19232 14895
18844 16920 15311
16416 18187 17282
18238 15976 17698
19045 16286 15432
18666 16698 15903
19499 15339 15146
19403 15714 15216
15119 18121 18334
14523 14639 20311
15745 15711 19414
16572 15956 18856
16755 15929 18812
17146 18152 16069
18037 17666 15669
18466 15576 17574
18300 17950 15174
18097 18049 15271
19165 15969 15318
19552 15354 15103
15911 18162 17500
16194 16876 18805
17295 16233 18463
16891 17828 16618
19582 15274 14924
19561 15305 15037
14437 14564 20326
17458 16028 18254
17640 18175 15483
17992 15866 18084
17062 18010 16299
18476 16748 16118
18100 17635 15772
17978 16265 17128
19069 16273 15292
16885 17495 17163
17257 15088 19022
17570 17004 17033
18198 15882 17720
18665 17055 15417
18588 15011 17398
19015 16666 15072
15217 18135 18278
15238 18215 18075
14887 19454 16237
16089 19307 14983
15168 19762 15032
15919 18900 16129
16379 18334 16817
17671 18477 14816
16878 16454 18553
15968 19247 15261
18252 18002 14889
18319 15665 17808
18467 16681 16135
19383 15787 15252
18810 15330 17089
19203 15746 15524
14669 19839 15352
14501 14574 20317
16637 18593 15894
15313 19678 15081
15523 18003 18280
18087 16006 17618
18407 16964 15913
19057 16228 15450
19509 15359 15107
15095 18858 17313
14634 15351 20155
16369 18784 15601
14943 15581 19915
16387 15835 19112
16465 18373 16685
17999 15886 17765
16680 17326 17882
16572 15034 19374
17148 15217 19020
17114 15313 19046
18161 16039 17377
18247 15872 17789
18918 15490 16447
18272 17056 16073
18525 17084 15786
18500 16586 15998
15416 19708 14856
15282 17330 19134
16947 15678 18724
17261 16776 17734
16033 18424 17033
17985 17895 15564
18474 15482 17522
16544 16030 18758
15143 16676 19512
15301 17197 19182
17008 16374 18135
16824 17042 17866
16846 15432 19077
18721 16350 15976
18505 17124 15734
18077 18193 14999
19093 15361 16258
19311 15952 15175
15159 17797 18835
18285 15789 17401
15195 17103 19272
15028 14973 20036
16254 17365 18150
17071 18439 15553
16463 18836 15477
16359 19218 15028
16550 15302 19354
17767 15431 18506
17429 18274 15477
17196 18834 15156
18739 15516 17073
18864 16468 15655
16638 17118 18113
15232 18560 17703
15085 15087 20013
18561 15523 17072
15183 19237 15953
14466 19959 14979
14802 19456 16291
15571 15319 19749
16147 19023 15638
15929 18206 17446
16091 19227 15260
17241 15451 18803
18266 15809 17729
18661 15444 17087
18995 15232 16691
15720 16741 18988
15771 16600 19022
14878 19678 15530
15980 15683 19421
19248 15605 15507
17216 17527 16959
15672 17778 18031
19401 15561 15363
15030 16917 19370
14930 19198 16792
14825 15812 19892
15303 18641 17577
16908 15060 19232
15594 17497 18527
16923 15728 18827
17230 17647 16837
18619 15515 17220
18934 16093 15905
19467 15676 15134
17500 15794 18269
17010 15444 18964
15869 18383 17325
15203 16373 19481
16008 16375 19155
16982 15068 19135
17843 16954 16811
17444 15745 18449
16920 17664 17088
17691 18414 15186
17748 18446 14866
19448 15376 15451
19495 15589 15130
15051 18440 18006
15045 18732 17621
14837 19850 15033
15911 14779 19699
17146 17139 17275
15894 19300 15322
16503 18101 17393
18000 15571 18193
19595 15226 15028
15133 18547 17747
17774 17340 16536
16810 19058 14913
17357 16051 18485
16576 18663 15866
17580 18617 14875
19521 15420 15098
17459 17701 16395
17005 18803 15428
15465 19673 14908
15869 18187 17556
16761 16746 18377
18123 16118 17463
15726 14833 19773
16995 16735 18066
17347 17241 17188
17179 18573 15348
16976 18338 15940
17910 15453 18422
16953 16840 18181
19279 15814 15290
17219 15577 18765
15255 18679 17603
15277 18746 17181
15252 15445 19790
16600 17627 17530
18328 17704 15361
14953 19427 16385
17051 15762 18670
14930 19650 15361
16571 18434 16162
17199 15318 19019
17493 16379 18092
17304 18709 15181
17354 18519 15356
18320 16192 16777
17233 17114 17310
19124 15285 16479
14899 17246 19253
14521 14721 20293
18237 17460 15884
14979 19028 17252
16600 19171 14638
16391 19224 14728
16765 16525 18559
16271 17570 18149
16648 18397 16115
15859 18603 17028
16391 18782 16237
17089 17486 17097
18770 17332 15012
16320 17063 18452
18643 15525 16964
18691 15232 17252
19578 15264 14990
15004 19081 16927
14867 19334 16646
15724 17772 18032
15382 19688 14950
15325 19697 14908
15792 17248 18543
14950 19854 14950
15420 18353 17799
17225 18591 15337
17151 17419 16998
17417 18448 15343
17436 18696 14890
18445 16586 16239
17824 15466 18464
18784 15965 16401
19320 15383 15862
19215 16164 15188
17765 16716 16922
14985 16679 19542
15180 18645 17746
15812 16103 19212
14940 15247 19958
15976 17871 17806
15190 15004 19953
17385 17088 17376
16531 18696 15820
18291 17926 15176
17380 15784 18522
18497 16605 15971
18926 15255 16847
18636 15434 17181
15281 18324 17978
14770 15611 20041
15313 17468 19002
15752 16438 19175
14900 19065 17005
15901 17163 18766
17801 18362 15113
17179 15020 19045
18737 15986 16390
18748 15425 16958
17637 18438 15265
18467 15670 17559
19018 16053 15673
19490 15417 15146
14990 17317 19209
18953 16011 15894
14788 16052 19814
15021 18860 17439
15008 16407 19745
14663 15293 20126
17716 15399 18741
17973 17725 15740
16757 15256 19249
18424 16573 16458
16750 17488 17644
19500 15336 15346
14950 19029 16981
14945 19093 16886
17383 16492 17984
18064 15663 18068
14964 19288 16589
14736 19507 16102
18806 15395 16869
17039 15110 19132
17441 16395 17959
17062 17190 17311
16530 15142 19388
17995 16027 17828
18017 16370 17092
18290 17544 15659
18211 17497 15781
17887 18110 15238
18511 16753 15900
18259 17969 15021
14493 14926 20267
15086 17308 19231
14445 19931 15098
14643 14729 20230
16224 16619 18964
16728 17289 17765
17297 16744 17800
15336 17794 18650
16845 18122 16424
17320 16540 17993
17492 16431 17846
18120 15488 18167
17899 15435 18463
17411 18707 14828
17970 16985 16720
18054 15523 18159
18139 18167 14952
19260 15560 15618
19537 15364 15007
19511 15316 15332
15016 18938 17401
16996 15015 19148
14979 16227 19757
16611 15003 19404
16307 17409 18089
14904 19592 15450
16012 16058 19129
16096 18235 17289
17626 15363 18761
16796 15391 19207
16712 17579 17567
17368 15420 18798
16495 19174 15072
18366 15760 17664
15234 18199 18124
18031 18110 15084
19508 15517 14989
14763 19645 15610
14930 19041 17215
18194 15993 17409
16119 18933 15818
15876 18908 15916
15845 17047 18930
17152 16994 17527
17131 18343 15589
16695 17267 17789
18821 16781 15429
17422 18677 14935
19138 15490 15992
18738 17337 15253
14622 15499 20046
16442 18197 16895
14897 15656 19859
16605 19150 15094
16189 18254 17178
17464 15269 18936
17832 15896 17935
16694 17343 17700
16719 15175 19316
18505 15205 17495
18999 15183 16611
19555 15298 15309
18825 17251 15076
15006 16672 19539
16915 18045 16289
14917 17329 19179
15284 18321 17930
15948 17625 18146
16152 19127 15237
15332 18774 17068
16403 17304 18115
16958 15116 19177
17869 15315 18492
18187 16246 16984
17674 17532 16098
16941 17594 16973
17615 18207 15558
17375 18598 15275
17464 16496 17879
18597 16520 16028
19460 15620 15279
14935 16569 19666
16662 15043 19348
15023 19372 16406
16525 18907 15286
17831 15490 18463
17160 17546 16894
17842 18249 15220
18873 15270 16976
18831 15308 16971
19012 16692 15050
19448 15232 15467
14832 19469 16054
14627 14598 20256
18526 16251 16196
15180 18342 18096
15005 19159 16752
16927 15374 19139
17275 17459 16944
17169 15357 18962
17503 15739 18299
17935 15444 18416
17365 17502 16637
18074 18153 15014
16732 16738 18417
18576 15277 17426
18591 15300 17312
19574 15387 14974
15285 17657 18903
15058 18418 18055
16026 19428 14989
15037 14915 20033
17170 16243 18322
16419 18750 16001
16380 19211 14912
17296 18598 15284
18523 16421 16422
18611 16787 15834
18541 16883 15713
15043 18868 17385
14951 19067 16976
18496 15460 17519
15373 17614 18727
16716 18712 15514
16796 15256 19216
16176 17144 18486
16794 18533 15932
16442 18716 15800
15801 14837 19766
18368 17811 15273
18024 18182 15153
17425 15465 18652
18294 17778 15308
18761 16208 15975
19072 16529 15009
19345 15957 14962
16772 17783 17090
19524 15306 15322
14444 14845 20294
14683 16043 19943
14660 19900 15135
15126 15917 19812
14739 15690 19995
15864 17403 18362
15595 17891 17983
16916 17680 16952
16081 19302 14985
17496 16390 17879
17567 17260 16679
17668 15770 18237
18618 17178 15386
18408 17788 15053
18037 15419 18316
19580 15232 15031
14807 19431 16449
15769 18625 17141
15290 17940 18338
16192 16000 19098
15401 17428 18999
17029 17156 17633
16638 16492 18649
17461 15410 18824
17348 15684 18636
17592 16246 17776
18677 16181 16448
18781 15408 16902
18976 15344 16398
14695 16062 19930
16215 18232 17128
14612 19071 17014
15203 18336 17950
16829 17971 16714
18027 18108 15092
16993 18905 15168
16627 19021 15177
16897 18432 16002
18319 16331 16648
18948 15249 16802
18558 17343 15515
19476 15251 15448
17789 16437 17280
14679 19640 15911
14851 15875 19862
14702 15970 19897
15218 17542 18982
15408 17270 19126
15855 17988 17812
15343 16609 19298
17671 17406 16598
15839 19298 15368
18151 17272 16209
18491 17726 14817
18770 17313 15259
19363 15245 15736
19479 15231 15433
14824 15551 19988
14488 19834 15475
14588 15941 19975
16499 18916 15269
15998 17628 18032
15882 14608 19722
15821 17656 18175
18032 16977 16549
18176 18097 15080
18748 16498 15705
15172 15845 19713
17832 17681 15790
19061 16495 15129
15315 17194 19144
15511 17589 18450
15385 16628 19238
17172 18846 15151
16271 16518 18857
16282 18525 16460
17071 15061 19057
17046 18287 15967
18114 16405 16905
19337 15382 15580
17800 18372 15172
18772 16132 15983
14477 14613 20320
15111 15221 19948
19432 15710 15048
14981 19095 16795
14900 19916 14974
16396 17745 17911
15922 18738 16305
15361 16578 19380
15814 17491 18428
17214 17782 16424
16559 15187 19325
17631 17340 16665
18378 17943 14891
18225 17804 15404
14852 19189 16818
15081 18518 17819
14641 19162 16921
14948 14989 20042
16032 19401 14757
17270 18101 15888
17293 18572 15322
17315 15801 18504
17730 18463 14898
17673 18382 15282
18359 15547 17788
18519 15772 17422
18553 16554 16120
18479 16640 15982
19290 15039 16044
15508 19520 15046
15242 17736 18795
17403 17541 16471
15383 18816 17022
14696 19340 16641
15913 17461 18238
15779 18350 17472
16959 18983 15147
17751 15229 18661
17749 18146 15365
16169 18628 16693
18683 15346 17127
19361 15793 15297
19178 15721 15588
15973 16955 18663
14685 16230 19848
14946 19690 15347
16025 19317 15162
14912 19889 14939
17445 17099 17251
17916 17656 15958
16685 16228 18702
17080 15446 18845
16609 19066 15080
18078 18082 15371
18696 16439 15942
15406 16576 19337
19493 15353 15216
14973 18957 17312
14768 15738 19899
14984 16797 19512
15123 17846 18623
14667 16383 19755
15172 18255 18195
16127 18670 16409
16285 19052 15587
15714 14618 19797
17043 15055 19133
15599 18760 16909
16749 16601 18512
17152 17996 16296
17040 18246 16200
14801 19097 16883
14881 19440 16294
17963 15697 18368
16890 15721 18871
17407 16715 17925
14951 14848 20121
17214 16144 18532
18187 15783 17795
16435 18681 16076
15939 19259 15208
17756 15631 18516
16646 17965 16993
17433 18633 15078
18493 16610 15951
18752 15381 16959
19573 15268 14998
14773 19484 16115
15044 18546 17853
15008 14887 20115
15897 17394 18414
16017 16041 19195
16708 18924 15258
17299 16062 18344
17898 18038 15606
17761 18390 15154
18486 15482 17445
16483 16188 18752
14817 19530 16050
15042 19339 16371
19103 15686 15660
15029 15640 19830
15828 19517 14939
15359 16050 19619
15936 19425 14993
16136 15789 19216
16768 16542 18489
16023 19172 15389
16317 16647 18789
18054 16690 16692
17139 18244 16224
17666 16386 17500
15864 18648 16973
17720 18438 14930
17762 15484 18549
19528 15389 14888
14989 19034 16938
15221 16198 19585
16619 15537 19166
16486 17474 17669
16245 18839 16112
17939 15720 18135
18169 17624 15598
17855 15348 18574
17491 16493 17640
14848 19091 16923
14750 16154 19815
15310 18973 16883
15836 16737 18960
15378 17440 18972
16795 19049 14959
15592 14990 19883
16954 17830 16552
16703 18412 16048
19071 15438 16337
16875 18365 16174
16574 18634 15893
17314 17385 16870
16788 18397 16051
18789 16487 15663
16640 18725 15620
15126 18786 17445
15694 15149 19750
15107 15936 19696
16355 16952 18639
14782 15209 20159
17344 18134 15824
16727 15549 18999
16004 17341 18490
16655 18546 15971
17634 17517 16177
17899 17379 16242
17440 16606 17736
18181 15544 18085
18825 17095 15246
19346 15352 15771
16157 18560 17024
15215 18579 17692
16558 16887 18583
14910 19577 16008
15763 16616 18985
15031 18045 18445
15097 16260 19535
16193 19329 14969
16657 18034 16776
15385 18504 17646
16866 18807 15387
16807 17225 17838
17610 15442 18763
17750 16024 18180
18154 17500 15703
18543 15313 17286
17216 18347 15491
18461 17150 15561
18885 15209 16899
19172 15482 15846
14692 19755 15603
18736 15572 16631
15587 14950 19892
15339 18518 17626
17869 15788 18194
17432 18194 15654
18429 17714 15191
18587 15104 17379
15126 19219 16301
19110 15323 16376
19305 15096 15911
15545 16894 19218
16590 17091 18176
16046 19167 15506
16295 16464 18958
17364 16886 17675
16165 17609 18011
15689 14906 19767
17411 16690 17820
18144 15575 17977
17901 18157 15196
18935 15783 16074
19010 16619 15139
18475 15124 17576
18923 15441 16625
19302 15979 15166
19357 15884 15042
15226 18296 18176
14707 19170 16862
15070 18989 17212
17080 15028 19053
16014 17101 18599
15082 19360 15641
16601 17022 18395
16552 19152 14936
16583 15011 19371
16577 18306 16475
17844 17652 16065
16829 18469 15944
16696 19059 14502
17893 16168 17875
18356 16801 16459
17504 17642 16232
16721 18819 15318
18714 16035 16340
18203 15560 17964
18172 16004 17288
17913 15869 18090
18651 16751 15682
19052 15315 16599
15117 17475 19006
16432 15574 19174
16114 17215 18523
17281 15270 18932
17489 15386 18804
15910 17048 18656
16693 18459 16005
18518 15974 17245
18291 17968 15043
18696 17478 15276
18527 17574 15277
18920 15286 16815
18886 15293 16790
18854 15660 16487
19071 16399 15208
15063 16856 19457
15633 19276 15467
15654 15300 19854
14796 14711 20225
14918 16596 19640
15737 19111 16200
17167 18037 16194
15688 14971 19772
17235 18143 15847
16697 18316 16266
18012 16830 16878
18681 16126 16163
15714 19458 15012
17370 17359 16739
19155 15745 15612
15145 18773 17601
14622 19059 17135
16224 15978 19123
15865 19545 14875
15382 18061 18267
17201 18446 15467
16354 19230 14757
17438 16556 17896
18062 16182 17160
18064 15267 18229
18863 15409 16634
18695 17484 15114
15566 19671 15014
15006 19211 16463
18818 15321 16865
19293 15996 15192
19479 15626 15116
15193 18105 18403
17460 15628 18594
14782 19498 16075
18044 15758 17918
14635 14619 20251
14981 16560 19658
15320 17898 18457
14631 15160 20204
14881 15146 20071
14895 16029 19811
15246 17955 18355
15826 15395 19607
16229 19347 14865
17110 15383 18931
18104 16472 16960
17119 16051 18638
17785 15405 18565
18375 17198 15792
17442 17799 16190
14498 19945 15042
15577 18970 16421
15140 18847 17270
15468 19135 16269
14790 18452 17979
16783 15839 18757
16870 17801 16757
17032 17512 17107
17409 17190 16990
17150 18403 15537
15622 19524 15035
17497 16313 17976
16632 17035 18152
17992 15510 18235
17691 17113 16803
17593 17550 16255
17089 14963 19182
17643 17951 15799
18292 17898 15379
18968 15363 16462
18533 16044 16930
18816 15358 17039
18558 15804 17180
14987 16525 19707
18171 17111 16196
14699 15435 20060
15322 19408 15395
15508 18315 17914
17838 18307 15210
15437 14897 19903
17332 15739 18619
18678 15339 17256
18918 16973 15208
18556 17705 14791
15113 17565 18966
16248 19084 15361
15104 18145 18402
16009 18432 17101
16223 18508 16860
15472 18633 17565
17025 17334 17304
17610 16420 17452
18004 18083 15218
18164 15644 17949
18864 15882 16313
19113 16344 14961
19053 16648 14806
14935 19296 16609
15437 17196 19112
15433 19573 15071
17994 18197 15052
16617 17458 17738
18839 17089 15400
17755 18396 14909
19116 15511 16152
14532 14648 20304
15100 17816 18682
15069 19800 15047
16634 15902 19075
16768 18024 16479
17083 17547 16966
16886 16247 18642
17887 18350 15070
17431 18649 14964
18004 15538 18207
18380 15674 17745
18676 15403 17125
17539 17075 17106
14835 19547 16019
15002 17523 19025
16050 18121 17484
16109 15739 19408
17339 18744 15004
16306 15099 19559
17066 18862 15016
17130 17716 16647
17202 17692 16609
18945 15660 16294
16766 18578 15816
15200 15029 19893
15582 15951 19557
16351 19228 15152
15455 15368 19722
16475 15162 19381
16151 18962 15661
15872 19517 14912
16825 15067 19191
17046 18785 15285
15534 14849 19935
17512 17917 15919
16657 19082 14673
18594 16065 16488
18450 16188 17019
18715 15886 16918
18529 15375 17340
16219 16622 18915
17359 15535 18676
16530 15966 18859
16149 16627 18925
15683 17136 18902
15716 19457 15294
17088 15469 18826
17040 18502 15904
15672 14804 19805
18839 15483 16677
16824 15824 18707
16200 17149 18480
15346 15485 19688
18570 17554 15106
15240 18669 17647
14629 15741 20001
15566 15794 19598
14960 19839 14882
18407 15651 17712
18984 15335 16630
19243 15163 16316
15083 16916 19365
15087 18403 18073
15536 19354 15689
15350 16685 19273
15786 17548 18396
15651 14718 19855
17142 18252 15560
16155 15521 19490
17784 17770 16071
17501 15247 18841
18675 15549 16955
19326 15546 15759
18462 16702 16167
15144 17997 18416
15018 18092 18409
15865 18973 15805
16454 18545 16314
17395 18746 14966
18441 16024 17037
18230 15493 17914
18621 17109 15502
18516 15977 16970
18291 15990 17396
18920 17048 14970
18879 16982 15053
18760 15302 17133
18791 15764 16450
17274 18727 15047
15112 18356 18165
15523 16368 19293
16323 17966 17732
15760 19599 15009
15479 18661 17016
16100 16017 19161
17404 18664 15064
18589 16939 15621
17515 15728 18385
16660 18940 15175
18245 17416 15717
18272 15746 17678
19045 15614 16208
15738 15417 19707
16497 18829 15475
15840 18908 16541
17228 18811 14881
15864 18402 17393
17223 17281 17147
17435 18058 16007
17080 18406 15939
18064 18117 15059
18634 17015 15551
18221 15524 18027
19117 15800 15657
15028 18792 17778
15956 19499 14955
15913 18334 17161
16812 15705 18982
16096 19162 15340
17752 18407 14932
17516 16462 17642
18152 17174 16463
19483 15617 15187
15203 17765 18935
14457 19975 14912
14763 16245 19801
14949 19856 14998
15870 14745 19782
15444 19369 15424
16922 14873 19194
18897 15552 16538
15280 15083 19863
17210 14945 19106
17153 18917 14950
17476 15358 18931
17020 15321 19084
18299 15193 17837
17726 16843 17089
15919 15248 19551
18529 15310 17367
17994 15428 18303
15132 17446 19009
14758 15642 20006
15046 17984 18647
14749 15790 19945
15422 19356 15828
16447 15381 19305
16210 19297 15061
17246 15653 18652
16386 19165 15222
15162 18764 17462
17456 18214 15496
18239 18064 15030
19133 15492 16123
18997 16944 15087
19145 15097 16329
15079 17178 19260
14795 19399 16459
14534 19835 15423
14354 19912 15154
15315 19481 15229
15905 17375 18328
17853 17883 15760
18210 16814 16272
17620 18564 14900
18864 17070 15113
19233 16162 15141
18907 15398 16767
18994 16962 15134
16546 18744 15466
14836 15356 20018
14964 19245 16621
15112 17701 18937
15056 16641 19631
16217 19101 15329
14421 19977 15033
15046 18029 18418
16734 15392 19152
15239 18532 17721
15470 19525 15217
15823 18577 17178
17308 18772 14682
17083 17137 17347
17701 17844 15879
15794 16074 19250
19215 15410 16225
18157 17071 16546
14563 14603 20303
14728 15844 19876
15134 17477 19001
14704 19929 14870
14871 19832 15006
15074 14821 20201
15189 17790 18858
15420 14884 20067
16640 15083 19325
16078 16746 18833
16164 18422 16965
17419 16053 18260
17698 15412 18607
18137 17283 16232
17780 18457 14811
18408 16975 15900
17645 15432 18616
17885 18158 15191
19334 15955 15064
15285 17715 18763
17547 16696 17216
15173 16254 19633
16494 15159 19477
17329 18063 16009
17085 18651 15323
14823 19211 16743
17415 16454 18023
15957 15181 19546
17281 15250 18979
17509 17982 15614
17796 17909 15733
18419 15550 17642
17852 15394 18502
18906 15986 16029
19142 15288 16323
15006 18569 17880
14875 18842 17483
14762 19257 16690
14807 19591 15976
15151 18278 18333
15126 18489 17970
15616 14828 19913
17089 16160 18661
15329 17808 18702
16118 15828 19204
16620 19154 14748
17494 16977 17589
17224 15183 19040
16848 16489 18527
17452 15944 18446
18050 18153 15079
18931 16963 15128
15747 15300 19726
15754 15097 19737
15226 19202 16369
15243 17705 18859
15299 17889 18537
16449 15252 19478
18559 17550 15116
16060 15273 19520
15254 18795 17317
17122 16705 17962
18282 17007 16140
17736 15403 18631
18983 16258 15568
14676 19792 15503
15657 19348 15321
15908 15049 19702
15281 19475 15278
15584 19622 15037
17405 15416 18886
16015 14968 19665
15239 18495 17939
17732 16596 17439
15366 17786 18594
14996 19197 16535
14824 15675 19977
15050 14833 20150
15219 17804 18832
14668 19113 17010
15385 14946 19998
15590 15517 19595
16035 18022 17571
17129 17682 16867
16324 18491 16429
16846 18986 15089
16060 19394 14746
16893 15313 19154
17661 15405 18715
18380 15975 17124
17733 18431 15060
18061 17921 15414
17207 18794 14933
19240 16126 15147
19390 15068 15659
16592 16138 18947
15168 15434 19868
15737 17071 18708
16186 17225 18293
16031 19248 15598
19381 15099 15663
15590 16481 19228
17493 18209 15759
19341 15317 15797
18535 16826 16366
19369 15255 15642
16340 19134 15429
19130 15774 16335
19276 15827 15543
15661 15288 19804
18849 15909 16642
15589 16780 19139
16941 18399 16044
19289 15982 15366
19419 15538 15559
17138 16301 18462
16888 18339 16163
16607 18931 15569
15063 19423 15950
17346 18151 16175
18800 15954 16622
19071 15812 16294
18748 16040 16670
18485 16935 16340
17354 15836 18730
15353 17068 18956
17402 15929 18628
18086 17170 16480
19448 15214 15441
19142 15806 16224
19283 15785 15895
17925 15809 18146
17595 16537 17611
15907 18847 16323
17369 15719 18884
19567 15168 14962
17384 15613 18873
17679 16133 18044
15402 17031 18946
17284 15600 18983
17277 15879 18868
17366 16460 18096
17281 15654 18993
18731 15643 17025
19257 15788 15822
19615 14973 14772
15665 18688 16784
17922 15907 18243
18799 16798 15685
17350 15921 18785
17653 16714 17473
19011 15806 16323
19039 16117 15748
17233 15711 19027
17850 16972 17059
18953 15697 16603
19440 15642 15493
16529 15609 19455
17120 16596 18041
16362 19087 15458
17552 16579 17809
19297 15887 15380
18849 15819 16748
18967 15677 16548
19577 15104 14959
15498 15354 19736
19591 15180 14936
15498 16969 18896
18012 16351 17442
18196 15706 17915
19128 15786 16251
19085 15849 16250
19576 15287 14832
15441 17405 18602
17468 15537 18867
18083 16132 17629
17320 15620 18967
19145 15791 16238
19552 15559 15157
16154 19110 15625
17224 15887 19017
16755 18719 15711
19423 15726 15232
16490 15554 19487
17763 16425 17495
17728 16568 17534
17827 16221 17970
19490 15585 15220
17181 15923 18875
19313 15225 15954
17321 16279 18314
19038 15862 16107
19505 15649 15034
16348 19093 15525
16907 16024 18937
17279 15782 18985
17713 16843 17335
19477 15654 15312
18213 17506 15836
19202 16322 15513
17774 17056 16813
17086 15747 19072
15378 15468 19745
18965 15745 16520
18229 15921 17830
19005 15881 16137
17343 15648 18914
16665 15759 19328
19391 15646 15609
16121 16828 18751
16414 15708 19431
15044 14867 20113
18236 16657 16930
16423 16067 19069
17940 16701 17192
17815 17788 15763
18199 15596 17941
18789 15619 16944
14993 15681 19891
16313 15908 19321
16679 15850 19279
18240 16241 17249
17216 18048 16381
15650 16531 19147
16171 18982 15773
18040 15799 18084
18977 15729 16448
19165 15630 16130
17151 18170 16167
17313 15815 18846
18407 15790 17452
16078 15339 19745
15878 18684 16670
16577 15425 19458
16948 15974 19119
15521 15762 19627
17318 16465 18108
18529 17303 15784
19298 15790 15507
19345 15293 15863
16638 15642 19378
17277 18115 16309
17624 15825 18585
17025 18278 16259
16824 15714 19192
18254 15868 17767
17965 15984 17895
17005 18436 16037
18868 15616 16867
17494 15699 18854
16429 15448 19532
17276 16236 18364
17149 16357 18354
19316 15858 15401
19299 15841 15410
14688 19578 15830
17347 15592 18964
17205 18195 16085
16654 15963 19144
18591 15766 17329
19448 15705 15298
16555 15482 19473
18620 16661 16315
18949 16958 15165
19544 15488 15197
15438 15248 19835
15415 17448 18609
16082 16132 19370
15403 17505 18626
17514 16672 17693
19401 15826 15109
18429 16287 16761
16016 15418 19723
18600 16450 16367
17118 15913 18999
19153 15707 16104
15610 15703 19644
17722 16479 17847
15118 15477 19934
16252 15506 19575
17651 16870 17268
19269 15926 15615
15501 18290 17516
16089 16683 18966
17706 17835 15845
15364 16705 19225
15075 15182 20023
17923 16174 17866
17739 16602 17504
17668 16658 17456
19449 15720 14988
17983 15886 18059
18356 15537 17763
19202 15661 16113
14757 19459 16100
15737 17006 18869
17910 15812 18268
17846 17796 15756
14929 19627 15629
15577 17094 18813
17795 17460 16257
18124 15851 17955
16202 15788 19423
16499 15661 19354
15496 17164 18862
17234 18165 16095
19401 15743 15519
18579 16566 16439
18959 15476 16772
19586 15185 14843
14883 19638 15610
16592 18476 16161
17411 18127 16117
17677 15806 18426
18365 15426 17716
15533 16940 18941
14943 15359 20010
18293 17069 16460
19347 15527 15613
15200 16297 19511
15427 16395 19397
18227 16506 16953
19344 15716 15617
17201 15642 19050
17827 16608 17374
18076 16440 17095
15377 17060 18947
17388 17838 16319
18193 16514 17041
18011 15805 18040
15614 15500 19717
15377 14905 20039
19391 15708 15566
15234 15425 19840
18355 16419 16846
19384 15916 15301
18288 15803 17665
17310 15874 18816
17591 16461 17925
17974 15694 18261
19415 15689 15317
15149 15337 19911
17428 15482 18919
14853 15196 20130
18172 17083 16541
18999 15856 16213
15399 17020 18950
17595 15841 18445
16720 15755 19283
16648 15842 19281
17115 15623 19134
19252 15734 16096
16382 18977 15591
19406 15713 15428
14593 14762 20312
15188 15495 19855
15278 15641 19747
15678 17145 18717
17391 16414 18072
18318 16080 17329
18214 16016 17725
15116 15286 20015
17730 17125 16779
18690 16312 16465
16324 15502 19523
17335 15669 18901
17074 15643 19152
17907 17919 15606
18731 16276 16267
19498 15713 15149
19494 15594 15202
16898 15552 19338
15321 17431 18764
14615 14722 20312
16654 18876 15525
17861 16034 18221
18367 16050 17383
19573 15360 14753
17567 16398 17949
17453 18194 15958
17483 17488 16852
16748 15746 19154
18013 15649 18427
19506 15595 15181
17895 16364 17458
14645 14749 20302
14755 15125 20188
15315 16971 19135
16122 15411 19670
19032 16825 15177
14588 14744 20313
17910 16370 17451
18194 15714 17905
16862 18127 16769
16218 15440 19612
15483 16588 19197
17881 17051 16929
18035 16537 17289
15803 15421 19696
19484 15640 15289
15008 15432 19972
14821 15188 20187
16512 18598 16062
17563 17330 16859
17671 17201 16884
14678 14703 20299
17932 15707 18477
19117 16140 15654
19522 15578 15184
15336 15460 19812
15339 17412 18722
16797 15589 19336
16269 16597 19000
18541 15825 17409
19362 15435 15766
15769 19321 15761
15246 18153 17969
18957 15537 16816
14798 14777 20258
14822 15369 20049
15870 16875 18985
18290 15646 17898
15141 14822 20135
17481 16458 17979
18892 15821 16738
18669 17563 15197
18501 17737 15240
15234 16728 19310
15028 14842 20188
16199 19041 15733
19315 15993 15284
19553 15544 15032
14780 14795 20256
16629 15996 19170
15073 15326 19985
17563 17769 16078
15986 19156 15609
15288 16678 19280
15785 16641 19000
17255 16159 18714
17211 18792 15321
16567 15314 19485
18620 15698 17281
19613 15078 14867
15609 17350 18576
15372 16945 19115
15011 14914 20166
16361 15378 19544
14889 19336 16288
18221 17403 16043
17165 17483 17356
18193 15691 17984
19169 16339 15629
14982 15128 20067
16002 16794 18887
15713 15190 19805
18954 15942 16154
17885 17764 15705
18104 18146 15398
15312 16912 19229
16035 18601 16853
16614 15419 19407
17154 16284 18534
17311 18094 16269
14966 14982 20137
18026 15948 17841
16386 19109 15411
18424 15390 17658
18149 15966 17731
15789 16909 18909
17550 16883 17423
17039 15712 19099
18889 16536 16084
16013 15156 19752
15551 17067 18817
18362 15980 17456
18849 15897 16656
19559 15321 15127
17102 17248 17587
15507 17487 18487
15473 19158 16202
16156 15443 19585
18486 16509 16670
18424 16809 16654
17756 17784 16021
19093 16161 15676
17502 18587 15237
14786 14750 20262
14609 19851 15303
16452 17225 18200
16514 18488 16486
15237 17509 18700
17916 16589 17373
17582 15719 18704
17804 15817 18314
19218 15802 15687
18025 15596 18241
15110 16680 19361
15133 15060 20101
18525 15589 17434
17619 17852 15940
15717 15371 19725
15875 19311 15641
18034 17045 16786
17921 15740 18380
14652 19475 16082
17565 18097 15747
17811 16297 17851
14865 14945 20233
15642 15253 19830
16947 16598 18553
17867 17699 16014
15255 16321 19489
14994 14855 20175
16032 18258 17326
16703 15443 19397
19193 15717 16102
17909 17292 16558
17610 16189 18272
15053 15241 20051
17444 18152 16001
18067 17051 16702
15322 18606 17310
14926 15092 20170
19033 15872 16011
17766 17440 16651
17839 17413 16224
19382 15973 15174
17143 15991 18847
17119 15608 19145
17608 17749 16342
15578 19016 16366
17566 16932 17351
17873 16726 17275
18234 15960 17678
17550 17356 16800
18520 15910 17301
18174 15674 17986
15142 16351 19528
17130 16688 17921
18027 15453 18228
19055 16099 15724
16286 15384 19537
16192 15179 19668
16948 17283 17553
17726 17136 16884
18263 17498 15858
18349 16282 17114
16467 17546 18128
15234 15548 19759
15316 18097 18076
17455 16838 17816
17632 16851 17456
17376 17911 16284
17889 15952 18265
17986 15910 17979
19283 15924 15401
15729 15209 19790
17367 16433 18174
17329 15502 19040
18570 15949 17243
16972 17792 17084
18143 18183 15214
15808 18226 17570
18067 15917 17900
14888 14946 20231
17003 16597 18566
16324 17655 18086
17156 16439 18322
16924 17860 17067
16362 18656 16304
19461 15685 15424
18123 17166 16429
17194 17681 17299
18146 17449 16052
18564 17068 16159
18080 16520 16958
17761 17088 16753
16035 17644 18205
16658 17078 18363
16487 19070 15569
18729 15875 17031
19604 15167 14702
15570 15136 19914
16106 16691 18790
14989 19098 16459
16864 18094 16789
19594 14953 14892
15124 16331 19579
16980 16152 18926
17768 16056 18128
16501 16179 18955
15646 18037 17977
16734 15917 19177
16493 18893 16098
17354 17572 17089
17543 16889 17373
17892 16088 18045
18846 15770 16820
15240 17905 18464
17117 18296 16193
15509 15236 19914
16054 18809 16430
17654 16327 17992
17968 15660 18297
19193 16260 15623
15956 17326 18426
15274 18489 17648
17908 17109 16720
18187 15434 18154
18126 15838 17999
18359 16249 16904
17792 17506 16344
14754 14702 20311
17238 16924 17683
16311 15292 19565
15591 16298 19318
15250 18651 17357
16279 15344 19645
16354 16082 19124
15767 17817 18183
15932 17450 18238
17415 16677 18034
18245 16185 17330
17796 17282 16705
18468 17803 15092
15014 15343 19957
15353 16458 19486
17646 16128 18105
16444 18496 16478
16116 16910 18733
18150 15750 18100
18361 16440 16818
18578 17683 15232
15581 16350 19331
16653 16405 18911
15424 16632 19206
16470 15896 19266
16248 16726 18749
16423 16077 19054
19345 16020 15271
15249 18101 18015
15806 17776 18113
16038 17459 18146
16512 17000 18513
16740 16056 18978
17068 15620 19203
16737 15754 19248
17905 17843 15691
18483 16778 16414
18306 15661 17879
18937 15711 16663
15951 17980 17747
15821 19483 15220
17257 17916 16802
17682 15933 18410
18319 16435 17138
18749 15927 16927
15119 15184 19932
17447 15905 18572
16691 17886 17206
18224 17326 16227
18467 17814 15028
16193 18402 17055
15239 17302 18905
16090 17404 18286
16196 16876 18585
14893 19385 16163
15863 18287 17285
15577 18128 17773
17030 18210 16279
17850 16399 17651
18186 17977 15336
17750 17061 17021
15208 17393 18806
14686 19744 15352
15366 17084 18943
14940 19096 16547
17226 18684 15307
18413 15489 17676
18182 16058 17542
17578 17082 17102
18424 17105 16036
17625 15687 18661
19433 15458 15525
15223 14717 20121
15421 16987 19088
17624 15904 18431
18523 17633 15311
15340 17083 18985
15038 16538 19486
16181 15218 19670
17836 16797 17246
16349 18944 15779
17169 18802 15308
18349 15592 17718
19151 15851 15950
18967 15860 16367
17549 15574 18852
17674 15745 18507
18316 17252 15954
14962 14876 20222
14897 15379 19988
18181 17865 15489
15381 14859 20058
15500 16403 19329
15840 15266 19788
17594 15930 18544
18040 15940 17822
16053 17423 18190
18237 15822 17824
17993 15714 18218
16132 17169 18505
16765 19061 15284
16196 17168 18338
17508 17689 16685
18257 17299 16177
18502 15406 17526
19619 15021 14747
14857 14641 20344
15108 16313 19596
15052 14772 20183
15675 17612 18474
18406 16206 17133
17547 15908 18555
15019 15794 19817
14889 15322 20030
15524 16094 19477
16954 16795 18321
16664 17163 18301
16465 18759 16121
17884 15725 18423
19087 15538 16468
18570 17568 15467
17897 18269 15332
19148 15387 16300
14539 18739 17590
15522 18335 17369
15540 18969 16459
16264 15550 19536
15451 18428 17512
18022 15691 18246
18325 17685 15542
16300 18665 16708
19192 16467 15502
15284 17408 18803
15285 17925 18401
15038 19767 15152
17378 15578 18929
16167 17161 18555
16894 18255 16360
14889 14683 20286
16160 15227 19648
17331 17877 16481
18296 17972 15361
18231 15776 17887
18419 15372 17737
15315 16867 19237
17342 15678 18892
18277 16604 16844
16151 16904 18681
17864 18317 15250
17154 17933 16758
18042 16955 17159
17504 16028 18500
16550 18783 16054
16747 18371 16250
15458 18042 18077
17570 17801 15994
18265 15651 17912
15032 19062 16690
16097 17977 17642
16125 17168 18607
15595 17124 18743
17303 16448 18262
18823 16720 15983
14941 14750 20256
18248 15861 17768
17121 17486 17340
18230 17904 15375
18748 17395 15273
18849 17201 15238
16579 18776 15674
16261 15346 19595
17492 17566 16695
18508 15946 17312
17528 15797 18674
15193 17083 19133
15045 19736 15132
16362 16044 19164
18525 17409 15642
17284 18350 15918
16254 18918 16047
16838 18465 16125
16774 18347 16854
16449 18851 16143
17750 15897 18289
17963 16225 17545
15960 15101 19866
15775 19459 15577
16993 16286 18875
18631 17231 15576
16409 17553 17859
19573 15216 14913
14871 19234 16366
16037 17874 17782
16581 18181 17282
18068 15367 18213
19183 16451 15531
15144 15713 19801
17798 15976 18247
16682 18557 16072
17087 18068 16321
16877 18578 15758
18304 17484 15705
14993 14669 20258
14907 14640 20277
17793 15844 18417
16021 19151 15646
18046 17628 15874
18737 16271 16285
18940 16991 15430
19257 15474 16053
15048 15929 19736
16305 18580 16543
17374 15625 18884
14877 15183 20136
14763 14844 20288
15673 16138 19431
16965 16571 18569
17355 17743 16888
18967 15828 16378
14562 19881 15216
16974 18329 16061
16930 16882 18078
16832 17691 17247
15707 19479 15456
17653 16531 17687
17820 16584 17381
18279 15433 17941
19084 16094 15719
18748 17310 15395
14845 14813 20255
15311 14782 20083
18013 15790 18088
17739 18449 15309
17841 16096 18096
18693 17482 15223
18669 15826 17216
14702 15595 20003
16031 15126 19775
15105 19453 15884
15432 15805 19731
15822 19380 15674
17249 17797 16959
17235 16459 18227
17291 15791 18856
16729 16707 18755
14871 15400 20038
15415 19098 16410
18064 17872 15681
18265 15563 17973
16284 16077 19193
19234 16148 15585
14844 15434 19978
14813 19860 15122
14593 19531 16224
16032 15094 19794
14468 19942 15185
15067 14653 20198
15679 15141 19832
15323 18064 18102
15984 15345 19728
16846 16692 18388
15538 15937 19582
16259 18401 17004
15752 15947 19548
16996 15690 19284
16380 16624 18831
18042 15549 18214
18375 15975 17621
18278 18025 15174
17554 16621 17669
16336 17951 17338
14816 14699 20338
14927 19808 15278
15793 17439 18407
14616 19880 15241
14700 18830 17464
15575 15997 19527
17009 17950 17013
16802 16684 18824
18734 16206 16397
19021 16771 15423
14683 19418 16384
14766 19581 15811
15043 14974 20121
14799 14582 20345
16777 18504 16039
16945 18379 16111
18134 18187 15195
17743 17662 16531
15276 17255 18890
15470 16423 19246
18439 16838 16533
18331 17900 15423
19018 16893 15452
18733 15739 17020
14656 19747 15494
14638 19759 15458
15385 16818 19202
17570 16916 17361
19171 16484 15032
15328 17493 18670
17416 17280 17498
16681 18695 15723
17397 18468 15747
16515 18570 16097
16974 18835 15481
17210 18814 15174
18245 17299 16180
17934 15756 18294
19023 15757 16403
15126 16150 19628
16037 17024 18731
14967 15318 20042
15414 16677 19304
16316 16810 18717
17318 15935 18738
18048 15820 18002
17743 17005 17130
15326 17412 18736
14736 14591 20355
16001 17150 18648
15002 14594 20226
15935 19183 15788
16434 18427 16987
15127 18272 18027
16500 19195 15115
15540 16419 19230
17757 17784 15831
17224 18702 15328
18124 17796 15530
18410 16156 17181
18785 16729 15946
17991 18196 15297
15348 16806 19240
16868 17956 16938
15324 17950 18288
15665 18928 16442
18193 15719 17935
16860 17241 18039
16521 16785 18482
19139 16538 15136
19504 15572 15252
14848 18620 17820
14860 19573 15743
14907 18694 17680
17211 15203 19114
17088 16741 17950
17227 17238 17784
16954 18492 16009
19335 15461 15870
15197 17288 18932
14934 19743 15390
15503 19492 15773
15744 16385 19254
16229 18920 15931
16768 17666 17589
17356 15544 18984
18387 15733 17671
18875 16986 15519
16657 19110 15000
17466 15513 18902
16335 18898 15957
17417 17255 17441
18285 15820 17628
18800 15577 16992
18337 15605 17733
18524 15957 17289
15353 17385 18831
15137 18188 18103
15319 18070 18303
14973 14762 20244
15145 19345 16012
16684 19018 15302
15697 16084 19472
16021 18065 17695
17977 18211 15248
16661 18530 16100
15335 17184 18988
15631 15069 19959
17437 15794 18838
17018 18781 15377
16677 17679 17645
18869 15847 16587
16366 19142 15404
17311 16376 18267
15904 17772 18067
19177 16322 15591
19426 15308 15589
16917 16619 18398
15893 17142 18681
17041 18019 16757
16625 17806 17353
16772 19004 15361
18040 18223 15222
17768 15646 18668
14837 18717 17585
14960 18646 17737
15347 19260 16079
17008 17130 17957
17889 15570 18478
18753 17323 15148
18122 16090 17557
19051 16652 15267
17686 17168 16804
17997 16155 17576
17355 18767 15177
15498 18327 17468
17645 16588 17603
18318 15353 17823
17911 18380 15220
19021 16292 15887
18997 16922 15301
14994 19523 16024
15270 17877 18475
17540 17350 17056
15297 19217 16323
15224 18206 18007
14987 19740 15227
16102 18977 15969
16369 19216 15077
18124 17644 15783
16998 16871 17989
19434 15761 15134
18953 15927 16187
15354 16214 19490
15771 15128 19829
15468 19257 16125
16595 17645 17761
18209 15792 17848
18473 16159 16846
16192 18709 16621
15677 16728 19025
16275 18830 16265
15984 16809 18798
16342 16579 18933
17282 17994 16566
19142 16072 15933
15458 18778 16885
14686 19560 16067
14562 19242 16682
15588 16891 19030
16300 18762 16280
16695 19065 15229
16442 16735 18689
18307 17922 15235
18285 17278 15787
18423 16043 17306
19044 16536 15693
15992 15084 19815
16350 15257 19592
14794 18626 17798
15433 16860 19182
16795 17053 18318
17287 15496 19060
17058 16717 18117
18310 16132 17264
15230 18144 18082
18130 18163 15238
18685 16025 17147
18316 17971 15210
14667 14602 20359
14777 19560 15787
14751 19903 15108
15444 16212 19558
14968 18534 17996
17880 16129 18041
18386 17189 16258
18176 15649 18070
17870 18381 15219
18587 15743 17413
14627 19212 16739
14544 19253 16629
15913 15044 19885
15524 19288 15818
14877 19858 15082
15479 19514 15728
17091 17449 17528
16814 16467 18673
17257 18875 15087
17399 17478 16998
17860 16177 17658
17309 16879 17859
17085 17745 17176
18143 15765 17921
17244 16248 18414
15688 16369 19293
18924 16017 16331
18619 17536 15316
19174 15589 16198
15365 17161 18892
15342 19622 15552
16189 15216 19656
17262 16467 18123
17453 16063 18484
17652 18058 15759
18820 15684 16931
18623 16322 16438
18944 16966 15365
16561 15519 19435
16603 18454 16136
16378 17021 18519
17004 18093 16838
15512 19004 16474
17427 17547 16781
18153 17382 16143
18295 18012 15122
18358 17915 15268
19007 15342 16634
15184 15246 19863
14885 14906 20246
15403 16556 19418
15977 17330 18326
17089 17730 17023
16710 19008 15396
16154 17315 18396
16094 19022 15791
16511 15328 19506
17326 17592 17186
16874 17725 17210
18691 15961 17194
17876 17781 15731
15163 18090 18119
15315 17292 18854
15344 18554 17290
14963 19703 15461
17063 18752 15425
18214 18081 15154
18383 17899 15300
14883 15112 20109
16091 18158 17532
14990 19559 15844
16935 16486 18611
18086 18173 15241
18329 16920 16679
18382 15761 17568
14712 18699 17704
14564 19625 15811
14937 18577 17898
16006 15692 19672
16688 15990 19057
17718 17663 16232
17119 17697 17208
18482 15745 17512
19115 16080 15954
15143 17097 19124
14503 19979 15116
14489 19970 15162
14520 19896 15223
15399 19122 16336
15418 19038 16496
17203 18873 15307
15013 16475 19601
16748 17253 18147
17594 16993 17295
15101 18689 17336
15577 17395 18770
14925 15095 20077
15337 17127 18973
15770 19427 15699
16502 16373 18949
15857 19275 16078
17210 18665 15527
18875 15336 16883
18961 15746 16424
16022 18670 16776
15068 18539 17861
15281 16633 19338
15553 15016 20016
17272 15578 19022
15626 15166 19843
14713 19404 16412
17334 18198 15815
17848 18345 15237
19350 15187 15774
19583 15209 14917
15302 17101 19016
15086 16258 19640
15478 16759 19198
17142 17868 16990
16366 15245 19614
16291 16201 19140
17462 16352 18310
16649 18109 17044
17573 18582 15416
19432 15647 15520
15440 18529 17110
15122 16635 19442
16640 18890 15665
16714 15387 19421
15479 16594 19197
16200 17037 18521
15737 17916 18105
15640 18745 17101
14893 17639 18843
15092 18686 17411
16765 17428 17929
16287 17743 17510
17399 15528 18938
19614 14984 14754
14946 17633 18833
17532 15959 18375
14923 19257 16288
14663 19747 15396
14980 17462 18877
14545 19333 16485
14936 14639 20292
15610 15858 19567
15486 17763 18598
17203 18746 15458
15540 19488 15654
16492 18965 15589
17286 16025 18724
18355 17224 15884
17873 17667 16026
18035 15907 17998
19381 16002 14979
18275 15823 17708
15925 17489 18277
18705 15633 17188
19100 16759 15202
14880 19693 15637
14646 19789 15421
16480 17463 18011
17883 16093 17977
16295 15223 19617
14904 18649 17720
15812 17995 17929
16333 15280 19566
17734 16048 18139
18149 16085 17649
14641 19672 15801
14864 15869 19788
15425 17221 18891
14799 14719 20263
15089 16990 19171
15846 16972 18894
19313 15620 15702
14903 19412 16058
15360 17401 18774
15222 17601 18799
15262 17765 18649
16963 17701 17235
17458 17530 16756
19198 16049 15708
15219 18397 18009
14527 19927 15218
15145 15087 20041
15515 19148 16187
15486 19117 16214
15333 18107 17944
15727 15104 19854
17418 17745 16491
15892 17324 18564
18509 16985 16336
18697 17418 15547
18904 17000 15477
14593 19860 15260
16592 19043 15578
14315 19737 15750
15213 14857 20088
15652 19115 16188
16672 19070 15509
15762 18489 17314
17032 16012 18983
14949 18563 17763
14725 19649 15809
14333 19711 15791
16383 15850 19329
17541 17208 16912
17022 18834 15348
17930 16075 17960
17829 17714 15859
18924 16387 16061
15117 18148 18287
14305 19622 15863
15404 19109 16245
15301 16114 19716
15721 18297 17506
15902 19136 15869
17249 15283 19063
17041 16860 18085
18380 15793 17443
18420 15749 17471
18903 17028 15484
17154 18633 15729
14818 19835 15281
15009 17655 18737
14919 15067 20186
15169 19751 15126
15352 14755 20109
14957 17825 18609
14808 19838 15168
15796 14956 19901
16273 18143 17296
16252 17980 17607
17070 16492 18194
17881 18306 15542
17575 18161 15722
15170 18096 18095
14982 19766 15218
16967 18863 15329
19086 16547 15439
18790 17320 15390
14922 15249 20103
14312 19808 15659
16624 18380 16470
15247 14898 20064
17090 17716 17169
17580 17367 16743
18792 15595 16948
19001 15314 16703
19132 15457 16376
15147 18409 17875
15660 19519 15435
17640 17685 16207
17225 18814 15144
17910 18306 15231
17632 17302 16735
18884 17278 15225
14848 19669 15718
15045 17694 18674
15347 16905 19120
15420 17791 18601
14673 18887 17326
17415 16358 18084
17106 18887 15033
17716 15542 18685
17141 16452 18291
18149 16873 16902
18894 17187 15190
18844 15489 16932
18674 17536 15115
14531 19789 15523
14917 19825 15116
15884 19283 15647
17302 16186 18360
17019 17686 17331
17264 18829 15055
17686 18492 15523
18304 17911 15323
18531 17622 15497
16890 18740 15626
19073 16577 15293
15072 18261 18085
14710 19870 15148
15211 16736 19279
16182 16659 18872
15325 18548 17609
16405 18950 15618
17978 16742 17179
16543 18428 16625
17039 16296 18558
16868 18816 15530
18055 16323 17199
18017 17679 15887
18431 17862 15184
18540 17745 15197
17782 16617 17279
16228 19040 15657
17083 15489 19296
16606 15699 19348
17833 15615 18512
18058 15687 18198
18174 15628 18072
19027 16622 15381
18966 16585 15489
19040 15478 16623
14987 17790 18607
14643 14860 20247
15046 18588 17579
14865 14718 20282
15920 15773 19555
18855 15707 16776
18153 17517 15926
18649 17534 15402
15191 16400 19518
16409 16146 18956
16428 18536 16799
17401 18012 16171
18368 16425 16702
19007 15567 16582
18860 16175 16283
15577 19304 15767
15420 15347 19849
15843 18283 17428
15916 18254 17351
17958 16099 17715
17833 17500 16214
19061 16168 15689
19200 15532 16151
14922 17797 18666
15068 15834 19794
15999 16701 18929
15063 15315 20025
15318 18783 16965
14766 19851 15151
15513 16945 19092
16501 18439 16615
17238 15182 19100
17863 17903 15749
18182 17288 16302
18023 15389 18274
18075 15561 18188
18993 15609 16618
19519 15542 15202
14879 17669 18787
14987 17085 19196
16365 16214 19084
16278 17711 17929
15379 19075 16664
15645 16650 19049
16857 16730 18335
15306 14921 20052
18839 15628 16822
15805 17356 18450
15968 17664 18128
16773 18624 15984
17208 15353 19175
16870 17607 17392
17278 17814 16776
16845 18535 15822
17265 18670 15428
18142 17382 16248
18047 18150 15580
18584 17444 15434
19447 15866 15093
15446 15769 19674
14769 15064 20194
15052 19700 15290
17681 17980 15875
17324 16388 18249
19102 15581 16458
15092 16501 19571
14557 19962 15117
15017 16963 19215
15720 18702 16771
15303 15054 20053
16364 17690 17902
18444 16365 16735
14368 19784 15614
15450 18985 16549
16343 15912 19309
15923 18050 17808
17326 18675 15349
18482 16020 17437
18709 17427 15239
18839 17003 15534
18589 17233 15592
15220 16589 19438
14913 19635 15511
15056 19318 16203
17084 18083 16376
14921 15319 20107
17581 16568 17713
17665 15527 18824
18914 16964 15452
15180 16483 19470
15465 18183 17882
14987 18149 18299
15790 19383 15432
15108 18443 18020
17891 17020 16849
17429 17774 16476
18923 16024 16507
15355 17151 18923
14962 17952 18556
15376 16869 19178
15984 19165 15692
17203 18776 15407
15404 15161 20036
16295 17919 17484
17600 18564 15137
18855 15456 16903
18926 15911 16406
19079 16632 15283
14762 18888 17293
15569 15174 19837
16068 17045 18669
16127 16098 19221
17491 15500 18879
19011 16451 16058
17987 17588 16122
18143 17103 16389
19050 16819 15233
19294 15271 15954
15397 16991 19039
14718 19722 15407
14807 19839 15125
14472 19823 15569
15051 15801 19812
16320 18680 16331
17450 15575 18917
16988 17776 17169
18225 15535 18039
19296 15758 15552
19243 16320 15246
14764 15926 19904
14338 19735 15744
15614 15107 19896
15222 16969 19198
15121 17510 18841
17041 16924 17913
17139 16470 18453
17793 16544 17395
16383 18744 16281
16195 15173 19658
19174 16450 15539
16984 17486 17405
15085 14750 20142
14939 19104 16708
14895 17421 18968
14681 14850 20274
14973 16564 19480
17583 17324 16688
15905 19060 16179
15084 14780 20149
17639 15659 18772
15373 18430 17686
15918 18207 17354
18300 15721 17696
17452 18672 15263
18313 15681 17801
18480 16943 16520
17402 18621 15563
19149 15872 15901
19144 15421 16271
17634 18207 15663
14788 18047 18355
17444 18563 15520
14536 19970 15126
16687 15376 19455
15328 19560 15663
15465 16597 19342
16925 18501 15748
15933 18908 16291
16246 16906 18536
15988 17870 17937
17298 18414 15804
17878 17370 16277
18784 16269 16146
15333 17249 18843
15090 17908 18534
15632 17988 17991
15246 17054 19051
15611 18941 16758
16114 17188 18565
18073 15329 18235
18640 17048 15948
18100 15745 18176
15157 16164 19577
17374 17320 17512
15959 17333 18344
18575 15793 17286
17399 18673 15378
17355 18075 16192
19309 16226 15284
14772 18824 17385
14642 19593 15812
15042 16985 19208
14588 19577 15843
16101 15134 19732
16848 18681 15816
17089 17264 17563
17903 16976 17053
18497 16028 17384
18120 15743 18136
14945 17365 18947
15062 17202 19038
14931 17963 18464
15747 18286 17333
16694 18397 16263
17261 16244 18392
17067 18064 16486
15915 19342 15528
17247 16193 18531
18432 17095 16197
18187 15556 18026
18646 17579 15226
14860 19151 16832
14717 19870 15112
14950 19803 15123
14784 19394 16157
17688 16023 18344
16892 17448 17862
18751 16983 16225
18892 16885 15595
18791 16958 15585
15224 18350 17949
14560 19946 15132
15044 14839 20181
15442 17115 18900
18327 16395 16907
17342 18759 15204
17578 16844 17544
17797 15724 18637
17872 15979 18053
18385 15754 17490
18581 15851 17265
15020 18497 18027
14363 19725 15748
15098 18307 18041
14892 18892 17245
14921 17933 18567
15031 17384 18882
15233 17047 19160
16160 18968 16158
17801 17765 15976
16964 18997 15351
17796 17944 15653
18100 16028 17800
18888 16191 16267
14846 18767 17536
14438 19931 15197
14770 19408 16359
18951 16000 16275
14908 17405 18965
16878 18360 16614
15430 19634 15490
15756 16592 19130
18050 16782 17059
17954 17192 16312
17376 18641 15409
18048 16589 17066
19240 16220 15372
14505 19984 15095
14556 19865 15365
15844 16007 19500
15359 19545 15591
16784 16979 18431
15248 17894 18536
15849 19038 16298
17205 16517 18132
17307 16466 18216
15519 18248 17534
17376 17788 16650
17025 18707 15682
17619 17506 16654
18595 17593 15345
15157 15228 19917
15079 18443 18052
14822 15943 19829
14461 19847 15489
15106 18045 18405
15075 18556 17634
16041 18493 17227
15728 18369 17327
15739 18901 16361
17924 18298 15113
17595 15685 18713
18307 15684 17830
18118 18263 15155
17447 15941 18502
15040 19012 17135
14871 17425 18992
14366 19671 15818
16865 16289 18669
14875 19885 15106
15330 15326 19861
15356 16573 19407
15548 17402 18719
17389 18559 15677
15529 19592 15475
15488 15318 19824
15177 19401 15864
17040 15570 19313
17582 17409 16673
17723 18457 15085
19251 16198 15354
15284 17285 18865
15110 18460 17828
15780 17593 18349
16208 15124 19693
16117 15899 19446
16206 15079 19702
17949 15761 18162
18570 15374 17433
14906 19827 15145
15068 14504 20184
14944 16504 19596
15934 19070 15801
17535 17475 16726
17653 17050 17089
15003 19364 15997
17412 18629 15407
18882 17053 15490
15221 18248 18012
19161 16453 15574
19238 16399 15090
15081 18822 17411
14527 19563 15918
14916 16191 19714
14969 17803 18603
15636 17348 18696
16188 18744 16418
16629 15446 19391
17253 16492 18077
17048 15515 19212
18011 16619 17199
18277 17464 15839
17295 18643 15402
17348 18696 15289
17479 18652 15335
18051 15511 18212
18598 15832 17210
15191 18524 17631
14871 17853 18588
14796 19228 16686
14585 18737 17547
15097 17359 19015
15108 16731 19421
14894 19856 15056
19373 15964 15193
16145 19066 15789
18118 17533 15838
17101 18901 15274
18262 17751 15551
14709 15191 20164
15137 18666 17486
14433 19755 15684
16900 15472 19346
14683 15255 20116
14907 19128 16958
15902 17523 18348
15429 16585 19363
14553 19957 15152
15213 19235 16183
15859 18887 16310
18022 16079 17807
16845 19010 15244
17331 16384 18224
18099 15574 18177
14918 15493 19970
14626 19777 15620
14631 19749 15594
15671 17951 18010
15552 19619 15427
17781 17340 16591
17209 15552 19118
17414 18438 15723
17912 17638 16179
16575 18413 16548
18364 17874 15475
17471 17739 16736
17529 17160 17462
18576 17647 15292
17823 15733 18584
18009 15712 18251
18458 16239 17054
14729 15539 20003
15707 16911 19007
14844 19355 16469
15058 14866 20124
17138 18127 16229
16547 18881 15946
18390 17950 15032
17579 15588 18779
17214 18857 15121
17563 17001 17267
18164 17415 15965
17558 17530 16593
19071 15595 16351
18932 17104 15409
14776 19141 16992
16171 18200 17298
15874 16207 19239
15311 14819 20064
16124 16882 18692
17577 15691 18770
17544 18139 16100
18618 15530 17284
14526 19712 15709
16620 16024 19222
15038 18159 18269
16484 16135 19017
17411 18741 15259
16812 17883 17317
17601 17090 17092
18198 17999 15291
18390 17854 15294
19068 15491 16551
14969 18097 18306
14622 19796 15378
14454 19991 15044
14672 19840 15196
17065 15310 19306
18270 18037 15080
18449 17812 15409
18831 17309 15548
19165 16342 15559
15115 16830 19313
18438 15699 17647
14587 19984 15081
14971 15874 19770
18572 17187 15610
15376 19729 15219
17220 17454 17448
15342 18531 17589
17488 15837 18707
18232 16315 17517
18069 18190 15397
17542 16958 17465
19326 16089 15260
19226 16268 15584
15148 16707 19355
14549 19544 16115
15026 16845 19373
14922 16605 19525
15378 19509 15855
16128 15494 19617
17194 16230 18441
15161 15002 20076
15602 16671 19143
17014 15710 19232
17702 16961 17262
16439 18563 16775
17387 18280 15757
18508 17078 16013
17912 18311 14992
18898 16402 16130
19422 15648 15459
14963 17485 18861
15182 17547 18817
14999 16197 19688
14297 19698 15836
15072 18183 18170
18850 15592 16888
15101 17090 19159
16928 16975 18171
17310 17933 16701
16784 18411 16141
17531 15645 18845
17706 18455 15610
18494 15444 17580
16469 18617 16198
14909 18878 17349
15020 18269 18246
15563 18001 18248
14842 15821 19831
14800 19930 14978
17167 15461 19165
19308 16198 15293
14425 19734 15709
14435 19678 15724
14881 19205 16740
15925 16851 18836
15011 19243 16352
16678 18760 16018
15098 19516 15771
17712 15499 18755
17347 17822 16727
15049 14783 20183
15119 18100 18235
14870 19255 16479
15069 19826 15069
15292 18810 16822
15686 17343 18633
16715 19088 15130
17592 15792 18679
18008 17559 15902
17846 17676 16034
14893 16739 19542
15111 19000 17207
15928 19106 15917
14867 16619 19552
16267 16435 19018
15460 19516 15741
15066 16535 19549
18303 15378 17881
18746 15373 17060
19153 16470 15516
14468 19829 15569
14763 16876 19470
17228 15641 19031
15131 18485 17670
15229 17219 18940
17252 16563 18077
16728 15621 19289
16783 18511 16025
16943 18795 15489
19330 15586 15790
19151 15313 16223
19309 15987 15335
19575 15111 15001
14929 16308 19657
14614 19504 16294
14687 19673 15655
15189 17435 18842
14743 14820 20292
16175 17721 18096
15930 19040 15978
17406 18505 15606
17092 18637 15621
17488 18613 15359
18615 16033 17089
17231 18627 15480
19296 15507 15792
19594 15319 14799
14744 16913 19388
14930 19058 16882
14636 15503 20026
14876 18582 17874
14856 19957 14891
15267 18901 16965
16968 15544 19317
18371 17635 15475
17253 18673 15425
18152 15882 17856
17844 15788 18473
17817 17122 16624
17505 17735 16687
17582 18549 15462
18963 16965 15135
19304 15497 15822
14721 16960 19383
15006 18401 18144
14857 18607 17755
17368 17555 17053
17650 16665 17513
17163 16299 18397
16234 17840 17823
17549 18422 15721
17766 16617 17338
16950 18912 15449
18580 17700 15179
18822 16957 15627
18099 15760 18085
18894 15613 16870
14817 16680 19564
14787 19257 16522
14894 15103 20134
14873 18177 18334
14928 17486 18864
14685 14624 20357
15745 16272 19426
16417 17720 17667
16652 19095 15085
18084 17651 15840
16997 18822 15466
18056 15799 18026
19499 15408 15358
17827 18046 15592
14728 18653 17768
14854 17464 18939
15659 15517 19683
16826 17771 17488
15062 14847 20102
15587 15921 19594
17158 17812 16989
16694 15403 19411
15378 18907 16771
15757 17282 18565
17777 18421 15185
17640 18545 15418
18260 16686 16823
18254 16785 16927
14818 16648 19568
15060 18552 17943
14853 17131 19149
14893 17650 18746
14845 17539 18880
16759 16696 18568
18671 16878 16274
18856 16937 15562
14979 17026 19200
14701 19945 15179
14919 16796 19493
15077 16162 19711
17606 16625 17545
16487 15821 19312
17528 17787 16237
16545 17905 17498
16723 18551 16030
17894 16591 17373
18062 17182 16609
14740 19413 16202
16029 17260 18538
15861 17725 18138
16644 19127 14985
15240 19680 15356
16251 16638 19106
17119 15518 19208
16778 18333 16913
18171 17359 16210
18627 15478 17392
15778 16201 19398
17704 15850 18335
16694 17389 18084
14911 19794 15326
15454 14634 20019
16217 18594 17040
17092 15443 19278
17859 16385 17402
15201 18799 17032
16773 18993 15387
16276 17894 17655
17539 18604 14885
17144 18821 15344
18106 18099 15461
17802 15739 18528
17877 18415 15164
15955 19318 15565
15146 19518 15737
17336 18759 15266
17100 15759 19059
15382 18821 16809
16881 16623 18459
17610 18144 15699
16158 19109 15577
18695 16293 16702
18199 18064 15241
18521 17723 15257
18652 17437 15356
19356 15810 15427
14991 17430 18854
14965 19810 15078
14826 18041 18452
16354 19149 15403
17069 18669 15462
15639 19440 15706
16105 18802 16531
15186 18908 17070
19216 15981 15723
17830 16163 17894
16401 18943 15923
15203 19185 16410
15524 19583 15573
15871 17587 18265
15612 19527 15527
16398 18381 17182
15667 18621 16822
18074 15597 18206
18304 18009 15162
19094 16707 15254
19045 15583 16357
14858 15416 19991
15441 18799 16823
16405 17256 18200
16132 16683 18872
16186 18888 16145
16668 17973 17263
16507 17913 17359
18108 15888 17867
18964 15522 16624
18523 15583 17474
15146 18660 17495
14810 16696 19557
15527 19659 15426
17503 17963 16122
18150 16496 17064
16592 19122 15007
18164 17585 15807
17056 18923 15315
17931 18267 15357
17949 15571 18435
18664 15549 17222
19257 16302 15298
17835 17707 16051
19370 15959 15248
14769 15344 20113
14556 19780 15645
14942 17835 18598
15100 16363 19579
15620 17349 18584
15987 19370 15274
16530 18225 17100
16679 18045 17152
17491 16215 18050
17901 18186 15493
18804 15515 17004
18891 17173 15468
14517 19596 16043
15284 19388 15907
14354 19666 15857
14987 18744 17533
15190 19300 16117
14984 19748 15196
15112 18662 17539
15015 19796 15155
15424 18388 17654
17427 18197 16069
17433 18704 15247
18343 17679 15509
18022 15545 18273
18783 17322 15274
19389 15943 15209
14946 17648 18822
15145 14728 20178
14723 19367 16413
15418 19543 15736
15694 19487 15183
15189 14808 20128
15664 18152 17727
17848 15725 18498
17628 15833 18424
17480 18614 15016
18411 17628 15676
18765 15523 17007
18526 15469 17497
19022 15617 16420
16624 16748 18659
17281 17719 16947
17243 15605 19005
17891 15808 18282
17974 18285 15249
18366 15582 17679
19169 16123 15686
17031 18702 15488
14831 16935 19339
14674 14855 20258
14915 19822 15295
16191 16644 18948
16338 16078 19157
15697 17714 18287
14578 19799 15519
17376 15373 18963
16161 18048 17537
16004 16815 18787
18720 15507 17066
17443 18178 16090
15799 17434 18443
15405 15948 19733
15829 17938 17897
16760 17615 17596
16588 19074 15360
17008 17042 17962
16904 18845 15484
17273 18735 15279
18877 16139 16575
18496 17722 15372
14912 16229 19770
16529 15245 19559
15842 17225 18671
17545 15787 18831
17785 17224 16731
19247 16321 15209
14872 15152 20164
15008 18198 18297
15022 14791 20200
15980 16749 18951
14992 18508 18024
15764 19437 15728
18192 16671 16939
17738 16691 17427
16348 16438 19013
17927 17254 16436
18823 15649 16869
18884 17188 15240
14486 19820 15367
15265 18877 16978
15461 15915 19603
15700 18095 17790
15923 15117 19817
17697 16719 17356
17762 16643 17488
17211 15821 19031
18559 16078 17267
14990 16984 19329
15009 16131 19766
16259 16518 19214
14919 19847 14949
17322 16151 18426
18177 18028 15451
18782 16176 16507
14935 16895 19344
14837 15602 19966
15108 15645 19910
14937 19153 16795
16008 17025 18748
15892 19073 16119
16850 17289 18025
15109 18418 17852
15466 19600 15480
17189 15693 19122
17278 17401 17369
16233 17734 17894
16849 15224 19470
14663 19320 16564
17112 18749 15434
18261 17672 15667
14742 18670 17736
14550 19875 15331
14724 17671 18681
14780 17049 19245
16550 17954 17283
15982 19436 15395
15920 19465 15415
16716 15218 19475
15437 17894 18357
16101 15586 19457
19058 16798 15134
18312 16663 16790
18776 15721 16995
18645 17636 15214
14750 19289 16482
14902 19167 16738
15064 18419 18119
16277 15137 19679
16709 15241 19451
17380 15525 18939
16184 19355 15499
17468 17868 16226
18760 15533 17016
18734 15447 17290
14638 14873 20259
15027 16452 19651
14927 18882 17214
14761 19270 16506
18965 16563 15615
15311 18371 17698
17561 17969 16029
15046 19051 16858
16579 18561 16436
15203 19781 15036
16093 18460 17158
16186 19298 15513
17588 15566 18862
15864 17026 18683
18980 15763 16379
18699 17514 15168
14450 19632 15842
14770 15012 20241
14781 15669 20000
15250 18642 17547
15977 15120 19781
16036 17234 18498
17358 18046 16271
16332 18502 16993
16910 15253 19392
17766 18383 15452
18403 15703 17526
18315 15641 17680
18175 18128 15194
18721 15406 17318
15058 18317 18193
14847 17990 18417
15824 18896 16594
15655 15353 19815
15254 18031 18383
15570 18193 17603
17448 17472 17113
18360 15620 17681
16388 18964 15647
18295 15439 17922
18723 16094 16824
15006 15715 19853
14821 16106 19890
14935 15670 19937
14880 18972 17252
15690 19584 15280
16678 17681 17527
15461 19330 15998
16079 18400 17163
16985 19017 15239
17226 15586 19059
17163 18547 15688
18607 15494 17306
18121 17302 16285
15047 18153 18202
14738 16767 19517
16951 18938 15375
16137 18136 17618
16018 19362 14988
15670 19551 15379
17681 15606 18761
17061 18183 16591
17362 17804 16445
18262 15710 17862
18791 15510 17052
14746 19157 16761
18704 17039 15724
18826 15390 17034
19560 15512 15125
15168 19005 17109
14778 15886 19909
14811 19083 17090
14842 17874 18615
14827 15043 20233
15073 18477 17969
16179 15196 19725
15264 17504 18748
16452 19212 15180
16121 15016 19750
16479 17113 18362
16869 19062 15194
18491 15588 17480
17985 15741 18253
19358 15448 15650
15038 19038 17007
14582 19219 16714
14956 17479 18919
14711 15675 19912
14906 19721 15571
16924 17037 17981
16953 16434 18582
17584 16201 18170
17769 18450 15109
17083 16289 18573
18291 15582 17900
15067 18257 18139
14895 16464 19627
14991 18311 18202
15339 14791 20079
15231 17321 18886
17569 17855 15973
16939 18966 15383
16530 15284 19504
17318 17697 17066
16587 19178 15400
16643 15274 19489
16331 19148 15509
18239 16999 16514
18995 16554 15472
19343 15526 15747
14842 14846 20252
14673 15779 19927
14991 15817 19860
16830 15555 19390
16245 19110 15564
17040 15964 18860
16934 17415 17578
18493 15508 17652
18261 16666 16744
18747 15731 17008
14964 17818 18546
14716 18042 18448
15208 18660 17118
15405 19673 15392
15500 18312 17502
16245 15916 19235
17698 15740 18554
16327 19273 15563
16464 18903 15803
18313 15745 17636
14586 18222 18309
14765 16823 19397
15000 17251 19131
15317 18629 17152
14708 19237 16582
14694 19297 16524
16364 19111 15453
14928 19843 15095
16391 17154 18448
16223 18954 15716
17003 18930 15224
16323 18885 15697
15316 19410 15340
16188 19033 15675
16117 19046 15636
16374 18795 15705
16696 18673 15737
16579 18752 15605
16809 18484 15901
15111 19602 15333
15076 19550 15394
16718 18635 15728
16202 18934 15593
16521 18857 15601
16486 18793 15716
16331 18761 15780
15726 19313 15442
16544 18792 15741
15131 19507 15416
16326 18995 15526
16849 18420 15903
16460 18817 15624
16629 18367 16339
15037 19543 15402
16513 18708 15744
16650 18819 15517
15275 19463 15361
16453 18891 15525
15635 19375 15380
16493 18867 15503
16661 18731 15451
15554 19378 15520
15615 19403 15329
16896 18426 15556
15957 19083 15568
16164 19038 15522
16610 18847 15369
15522 19293 15668
15599 19391 15437
15419 19316 15555
16482 18877 15423
17857 17759 15467
17016 18507 15479
16386 18949 15522
16775 18585 15613
17231 15849 18600
16388 18937 15458
16261 18977 15542
17779 15732 18237
16419 18805 15687
15643 19424 15296
16244 19045 15349
16831 16064 18704
16552 18680 15642
15520 19409 15416
16821 18583 15379
16317 19099 15222
16744 18648 15668
16316 18889 15614
17454 16906 17423
16214 19048 15473
17541 15736 18389
16892 18533 15576
16867 18599 15351
17339 17321 17091
16747 18329 16097
17289 15842 18500
15112 19518 15398
17146 15872 18581
18012 16388 17412
17755 15768 18090
17550 15776 18325
17321 16430 17909
17733 15615 18309
16704 18700 15364
16697 18664 15506
17214 15724 18617
16526 15523 19344
17805 15663 18161
16669 18747 15395
17535 15643 18396
16035 15918 19441
16232 19010 15488
18396 15825 17132
16781 18423 16072
18792 16095 16361
16839 18627 15377
17362 15679 18586
18425 15814 17005
16835 15737 19028
17462 15783 18433
16487 18900 15323
15663 19275 15459
16931 18573 15490
17174 18241 15763
16470 18916 15323
17110 15919 18616
16364 16075 18956
15665 19317 15418
17370 15652 18639
18198 15642 17696
17888 17672 15570
16200 19080 15341
17548 17089 17341
17726 15780 18234
15154 16330 19695
15205 16316 19673
16328 17785 17685
17710 15814 18171
16456 18884 15370
17273 15630 18688
18111 17503 15576
15067 16198 19728
15015 16218 19712
16489 19002 15257
16315 19078 15253
15025 15862 19897
15510 19281 15850
16288 18763 15870
17004 18492 15495
16109 19181 15376
16293 17187 18322
15238 19427 15438
16567 16150 18721
17506 15622 18485
16529 18883 15409
18679 15759 16776
15758 19295 15404
16259 18793 15728
17368 15880 18468
15062 16100 19750
15834 15186 19789
16644 18790 15567
16555 18848 15336
15488 15657 19710
15220 16705 19262
14979 15986 19855
17583 17032 17198
17035 16467 18292
16353 16282 18877
15306 15942 19667
16004 15975 19284
17338 16806 17761
18151 17029 16315
16273 19072 15328
16353 18966 15274
18371 15772 17262
15068 15494 19916
15469 19348 15528
15236 19582 15281
16532 15712 19093
17799 15565 18262
15209 17780 18444
17765 17884 15507
18388 15869 17055
18500 16763 16022
17573 17105 16976
18251 15637 17562
16203 15841 19362
17558 17392 16685
15055 15362 20045
17727 17181 16758
15751 15025 19898
15073 15754 19823
16294 15457 19540
15635 17520 18628
17687 16995 17216
14821 14767 20305
14774 14821 20306
15553 16723 19147
15204 15269 19952
17041 17492 17477
18254 15637 17476
14693 14801 20309
16791 18397 15932
15704 16368 19291
15570 16620 19250
16399 15351 19486
15407 16541 19407
15553 19074 16222
14971 14939 20218
15819 15219 19784
16575 18886 15327
16922 18219 16418
17793 18043 15246
16017 16999 18751
17907 15665 18141
16078 16938 18548
14619 14818 20310
15310 15873 19666
18034 16216 17386
15598 16906 19046
15284 16493 19483
14941 15565 19981
17797 16326 17790
15303 17397 18788
15217 15986 19751
15429 16870 19099
17266 18391 15204
14617 14805 20324
15081 16088 19733
16738 16068 18814
16384 15565 19390
15460 19535 15289
14903 15226 20152
16222 18993 15552
15148 16635 19353
15009 15697 19962
15150 16346 19600
14999 15536 19986
16044 16412 19139
14997 16280 19702
15201 16359 19564
15616 16677 19129
18248 15810 17391
15056 15720 19879
15111 15184 20119
18213 15624 17575
16143 16862 18576
16009 18122 17357
16970 18152 16406
15333 15944 19609
17400 17952 16070
17491 15774 18569
17402 16369 17871
15270 16108 19688
17139 15943 18480
18345 16194 17263
15063 15603 19921
16562 15917 19063
17772 16399 17507
15070 15871 19816
16224 15919 19216
15267 16173 19626
15342 15149 19986
18193 15926 17272
16657 15919 18972
16441 18206 16816
16247 16763 18549
16781 16053 18743
14989 19889 14952
17066 18718 15064
17878 15597 18241
15311 19613 15166
15427 16299 19465
17409 17294 17319
15279 17536 18622
16292 19138 15309
15824 19437 15199
17770 16688 17663
18745 15871 16559
14555 14824 20317
18263 15796 17382
17149 15616 18839
14660 14770 20317
16538 15476 19351
17790 16929 17070
17322 17855 16287
17139 18326 15549
17154 15604 18889
17386 17849 16370
17805 18252 14904
18899 16045 15898
17190 15666 18757
18018 17756 15541
17483 17984 15807
16500 16184 18772
17927 15714 18076
15046 15212 20070
15799 19264 15562
17916 16057 17908
15957 16575 19114
17901 18226 14908
15323 16651 19271
15636 15917 19541
16786 18083 16769
18171 18046 14980
14933 15588 19981
14923 15565 20015
15786 17499 18516
17042 15773 18973
15143 17381 18906
16887 15931 18942
18046 17973 15204
15987 15894 19555
15408 16488 19497
15227 16596 19379
17729 18170 15467
17827 18245 14967
14969 15536 19998
15169 15409 19988
16311 16065 19182
16987 18783 15090
17809 15756 18028
18694 16731 15410
17866 15669 18140
14628 14773 20333
14764 14737 20326
16948 17959 16577
17151 15905 18462
15062 15339 20048
17219 18228 15537
17598 17380 16627
16335 16834 18418
15217 19310 15790
17100 18006 16332
17648 16508 17681
16905 18706 15181
17957 16708 17205
18042 15642 17877
15424 14973 20043
18002 15613 17936
15036 15858 19872
15293 16658 19302
15155 17376 18856
18042 18080 14787
14932 15268 20097
16310 16341 19173
15889 15199 19783
17073 17595 17319
18584 15696 17199
18208 15732 17570
19148 16258 15063
15484 19446 15277
17975 15718 17919
17012 16692 18144
17650 16870 17650
15314 15250 19971
14694 15528 20026
17841 15875 17993
16713 18919 15055
15633 16370 19374
15738 15403 19805
16893 16665 18284
18522 16968 15509
15194 15798 19755
15096 15654 19899
16172 15865 19253
15147 19712 15183
17876 18166 15089
17009 17897 16503
15305 16549 19344
14978 16027 19766
15469 16269 19585
15673 16321 19410
16892 15661 19077
15050 15874 19856
15171 19594 15308
16306 16676 18665
17537 15430 18645
16055 15847 19460
17440 17861 15989
15095 15863 19765
17035 17632 17254
15132 14918 20156
16599 18391 16602
14679 19517 16102
15854 15279 19735
15227 17411 18836
16664 16835 18347
17056 18620 15229
16484 15385 19404
17091 15659 18799
15961 18054 17510
15250 19584 15221
15372 14966 20065
17328 16480 17899
16073 19223 15565
16574 16951 18309
16235 15188 19644
18163 17383 16168
19127 16112 15758
17695 16834 17609
16013 15752 19513
15988 16242 19179
16450 18950 15296
15910 15338 19712
15952 16226 19416
15181 19776 15031
17640 18257 15091
15055 14978 20189
14761 19723 15632
15302 15167 20004
15101 19165 16821
16376 15340 19581
16843 18279 15970
17604 16715 17840
15035 19070 16945
14784 19954 14796
16225 18308 16785
15288 15619 19861
16255 15796 19505
15010 15003 20203
19309 15244 15898
16513 18928 15283
16479 19155 14896
16369 15478 19446
17647 18196 15097
15140 16727 19313
16919 15297 19150
16895 18865 15096
16873 18864 15121
17784 17867 15689
17377 18487 15044
16029 18919 15869
16116 15725 19508
15327 19652 15055
15969 16162 19257
16070 16939 18734
14566 14784 20326
14851 19584 15720
17637 17526 16380
14827 15206 20197
14768 19953 14858
15751 15111 19861
15858 18957 16136
16158 16352 18880
17053 18861 14865
15358 15206 19940
16127 18700 16611
16265 16500 18830
16662 15294 19341
16696 18910 15234
17317 18654 14832
14880 16072 19774
14832 16522 19544
16592 17144 18065
17112 17756 17130
18947 16271 15797
14897 19646 15679
17462 18391 15008
17603 15623 18464
14749 19649 15938
15078 19190 16883
15123 19304 15864
17396 18279 15388
18188 17526 15420
17528 18446 14859
18153 17812 15196
16292 19274 15027
16799 15598 19197
17841 18026 15305
18791 16729 15426
15582 15087 19984
15089 19801 14905
17688 17719 16118
18182 17016 16403
14690 19762 15405
14683 14958 20304
16470 17913 17302
16866 15751 19006
17659 18309 14908
18461 16717 16352
17508 18352 15159
14676 19488 16264
14517 14804 20330
17591 18443 14920
17942 15639 18020
17493 18440 14986
15089 18972 17161
15352 19347 15772
15052 15633 19969
14916 16828 19411
16553 15469 19377
15494 16671 19228
16435 15477 19465
15336 18730 17173
17970 16634 17340
18618 17395 14928
15861 19391 15328
15008 19625 15564
15388 15576 19797
16556 15456 19395
16804 18156 16424
17137 17534 17348
17026 18749 14996
15636 17763 18064
14988 15712 19928
15201 15130 20079
17105 17980 16334
15129 18881 17278
15105 19624 15264
17219 18443 15273
16100 19179 15395
18561 17527 15038
14581 19501 16155
15765 19410 15256
14708 19966 15085
17981 15666 17879
16815 18239 16094
14815 19924 15163
17338 16490 17861
15089 17878 18582
15944 19314 15357
16360 15684 19397
17757 18072 15246
17989 18095 15008
17792 18214 15051
15138 15815 19821
14733 16100 19830
15332 15161 20032
17161 18454 15384
15024 15512 19999
16986 16667 18203
14742 19970 15051
16813 17731 17283
16757 15527 19216
17513 17606 16457
18244 17895 15146
18463 16026 17004
15735 17096 18669
15157 17676 18645
17323 16506 17891
17736 15468 18472
17932 17901 15317
19039 16139 15718
14857 15047 20199
14650 19498 16113
17240 18640 14940
18929 16655 15330
15112 18952 17205
15056 15841 19822
17256 18471 15198
16736 18928 14963
15320 18853 17171
15576 18639 16990
15106 19790 14958
16621 18911 15271
18381 16858 16178
14694 19656 15764
15783 18522 17165
14829 15525 20065
14917 16469 19584
18040 17381 16248
17495 18468 14934
19434 14986 15440
16349 15579 19432
16676 18363 16166
15841 16836 18808
17974 17429 16144
18509 15818 16936
18259 17836 15119
14749 19694 15674
14638 19995 14973
14832 15101 20192
15135 15289 20018
15727 17242 18564
18672 16416 16888
18479 15459 17430
17544 18425 14953
15040 15797 19884
14746 19824 15380
15045 15206 20100
16316 15781 19213
15704 15269 19830
15098 16624 19417
14827 19803 15242
14661 19842 15289
14887 15569 19990
16013 19238 15400
14961 15727 19944
17264 17094 17679
16276 18403 16452
15209 19786 14834
17568 17121 17075
16523 16768 18459
18176 15978 17460
16675 19064 14900
15047 15894 19847
15550 16027 19597
17320 17666 16996
16943 17048 18014
17751 17838 15792
17692 18373 14638
18576 17385 14975
14770 19689 15576
14858 14726 20280
15034 18102 18460
16033 18080 17495
17051 17173 17707
16628 18440 16148
15391 16825 19187
16396 15083 19540
16829 18894 15013
17054 18490 15544
14836 19930 15071
16812 17755 17663
17309 18638 14871
18405 17732 14777
15513 16802 19204
15777 18745 16733
16662 17842 17654
16831 15414 19146
16253 18260 16836
17050 15603 19025
18273 17517 15326
15023 18021 18476
15918 19350 15393
17151 18667 15094
18084 16582 16973
18686 17047 15271
15109 17990 18455
15174 19232 16265
15804 15218 19829
16438 16374 18822
17595 15723 18345
17929 17988 15278
14955 15431 20061
14908 16407 19626
14716 19976 14906
17441 16951 17422
15222 17946 18382
17834 18240 14845
15260 19596 15182
14747 19931 15068
18620 17309 14783
16309 18585 16247
15593 15788 19614
16023 17080 18632
15099 17319 19002
15968 17746 18157
18330 16272 16931
17488 17968 15950
19403 15773 15251
14838 19919 14932
14993 16970 19301
16178 15806 19441
16506 15883 19081
16150 16796 18672
17603 15629 18405
17944 17804 15355
17549 17692 16305
18526 17371 15312
14831 19674 15404
15734 15153 19863
16960 17644 17458
16589 19137 15059
18023 15971 17581
15756 15558 19587
17190 16503 18173
14917 19658 15346
14931 19909 15035
16316 19249 14988
16677 15669 19208
18036 18133 14913
19348 15783 15152
14880 19302 16656
14718 19886 15176
15931 16783 18869
17524 17504 16557
15171 18902 17075
17702 16241 17911
17185 15810 18739
14904 19869 15042
18282 16649 16963
18033 18093 14985
14928 19256 16737
15033 18019 18479
14989 16712 19438
15020 14965 20197
15047 19860 15122
15621 16079 19586
17252 16137 18336
16923 17178 17831
14879 18992 17241
14849 19937 14880
15258 15170 19972
16110 15897 19354
15147 16006 19708
14865 14789 20279
19120 15391 16532
19597 15159 15077
15356 19228 16127
15191 19731 15122
16123 15297 19664
14902 16111 19738
15109 16927 19381
15011 15716 19906
15727 15568 19654
14957 16447 19590
19156 16440 15004
18691 15909 16616
14948 15987 19782
14715 19583 16055
14688 19770 15407
16669 15769 19016
16985 16825 17895
18214 17690 15340
15108 18178 18301
15043 18759 17721
16685 18809 15339
17148 16435 18205
18211 16814 16586
18747 17235 15011
14703 16122 19758
15840 17082 18707
15712 17373 18582
16902 18348 15815
18294 16804 16686
17785 18117 15092
15642 16155 19432
15511 18163 17769
15751 16063 19508
19206 16180 14924
15465 19032 16414
14677 14789 20310
15405 16852 19109
16039 17629 18063
16004 19466 15049
18261 16747 16697
18387 16660 16508
18481 16743 16328
19426 15632 15192
15553 17029 19036
15039 15784 19885
15510 18741 17072
15273 19742 14886
15269 19744 14883
16825 18553 15570
18716 15903 16556
14936 16779 19448
14637 19776 15589
15075 19239 16818
15169 19159 16673
15299 15979 19723
16360 19188 15083
18960 16180 15748
19567 15069 15103
15236 18286 18201
15209 18703 17830
18574 17440 15022
15239 19295 15778
17416 18562 14713
18598 17231 15247
14988 16516 19558
15054 15938 19760
16458 19052 15265
16825 17345 17674
18163 17610 15415
15161 19193 16698
17580 18002 15803
18350 16883 16389
17535 18383 15063
18121 17199 16308
19474 15283 15422
14740 19743 15593
15116 18918 17118
17168 16533 18047
16372 16472 18642
15643 18841 16629
18158 15795 17784
18559 17421 15151
15161 18841 17397
14688 19350 16504
14872 19656 15392
14922 15192 20126
16805 18930 14888
15811 16256 19234
18603 16694 16189
18417 15532 17510
19346 15814 15206
15093 18875 17473
14913 19216 16846
16614 15422 19350
16911 18923 14834
17891 16311 17792
17606 15664 18389
19318 15775 15329
15416 17950 18318
16636 18186 16546
17218 17026 17733
18979 15443 16657
18455 15567 17459
14663 19904 15206
14818 18779 17658
15092 17716 18617
14949 19846 15241
19137 16107 15823
18690 16771 15415
19159 16333 15006
19259 15284 16078
15109 19210 16816
15070 18659 17938
18599 17439 14876
19182 15694 15880
14864 15505 20021
15048 18756 17672
15556 16209 19468
15052 18515 17999
17182 16384 18285
15873 17105 18559
17009 18690 15066
17883 15895 17916
18372 17166 16008
19186 16388 14760
15998 17498 18263
16198 18687 16200
17081 16949 17830
17051 16453 18271
18403 15551 17492
17968 15507 18235
14933 15981 19882
14945 14885 20224
16547 17392 17891
15102 18441 18017
16275 17277 18256
15362 17832 18388
18029 18105 14966
19603 15157 15013
16096 17711 17878
15705 18594 16871
17137 18461 15260
15416 18416 17730
14707 19336 16476
14844 15058 20196
17017 16791 18073
16344 18033 17269
16293 19285 14991
15818 19409 15239
16654 17031 18067
18374 17267 15910
18072 18066 14881
19199 15668 15509
14882 19530 15984
16906 18886 15095
18348 15839 17261
16526 18191 16750
15080 16664 19535
16094 17977 17454
19110 15606 16013
18273 17473 16020
19226 16036 15345
15099 14955 20174
16696 18943 15046
16687 16997 18143
16837 16801 18224
17729 17917 15744
18622 17174 15195
19152 15448 16302
15145 19185 16774
15151 17939 18495
14888 19147 16980
14783 19945 14876
17604 17565 16282
15178 17599 18835
15020 18533 17967
14801 16466 19611
15048 19059 17064
16125 15315 19645
18069 17878 15185
17496 18503 14647
16096 17833 17787
16700 19004 14947
16317 16935 18319
15149 19125 16751
16388 19179 15067
16468 19164 14925
14551 19801 15537
15626 15053 19990
17172 18244 15796
15940 19090 15566
18196 16775 16835
18400 16766 16448
19199 16181 15427
14914 19396 16390
15188 17989 18365
15329 18217 18179
15872 17924 17823
17163 18194 15984
15748 18805 16522
16233 17557 18001
18254 17181 16281
18428 17662 14937
19251 15924 15218
15991 17214 18537
15754 15227 19811
16471 18192 16732
16474 19111 15187
16381 18586 16219
18522 16807 15888
18686 17090 15120
18787 17145 14920
15160 16615 19365
14825 19163 17041
14538 19832 15356
15652 14973 19957
17129 18800 14693
15596 18109 18065
17568 15271 18651
18403 17750 14826
15440 19151 16300
15185 15196 20058
16978 17855 16697
15898 18940 16227
18149 15378 17895
18518 16990 15721
18363 17551 15133
15026 18409 18106
15013 18605 17943
15122 19384 16443
16200 18274 17216
17716 17685 16204
17352 18604 14778
15085 19123 16893
15243 18897 17036
15476 17447 18638
16461 19156 14933
18656 16970 15283
19153 16432 15055
19530 15463 15136
15019 15431 20031
15537 17270 18818
16771 18133 16855
16317 18129 17195
16680 18965 15267
17717 15447 18505
18538 17513 15158
14845 16146 19750
15509 17794 18438
16861 18774 15223
19126 16262 15404
19308 15864 15256
16441 17864 17650
18904 15740 16596
15141 16618 19431
15784 19486 15108
17144 15803 18789
18068 17106 16839
18550 16687 16192
18505 15421 17405
19170 16280 14953
16022 17317 18349
15110 18059 18422
15977 18717 16752
15411 18880 16846
18111 17113 16752
16506 17261 18038
17460 18442 15035
18234 17711 15187
18709 15819 16662
14763 15063 20211
15046 17867 18615
15137 18403 17891
16623 18452 16153
15041 19669 15280
15775 16683 19039
15181 17557 18783
15515 17741 18370
16540 19057 15095
15335 18202 18052
16850 18064 16637
17159 16368 18372
16957 17268 17647
16680 18329 16335
17562 18155 15565
17519 18491 14804
18450 15384 17481
18551 16475 16499
18753 17192 14965
15017 18010 18546
15634 18805 16795
14803 19464 16243
15338 18185 18122
14628 19812 15398
16309 17531 17919
16623 16142 18947
15334 16637 19300
17993 15925 17736
16206 17512 18106
15388 18504 17364
16761 14990 19255
18223 17774 15258
19284 15915 15268
14547 14632 20336
15750 17086 18683
15028 15958 19775
16280 19299 15039
15146 18775 17668
14840 19262 16714
15697 15456 19933
15298 16890 19157
14963 18796 17602
14674 19362 16501
15848 18619 16847
15562 18935 16363
16668 15741 19034
16650 18103 16887
15316 18374 17887
16752 18588 15930
16342 18117 17236
16758 15762 18993
17708 18299 15038
15276 19115 16517
15159 18052 18427
15550 17125 18818
16599 17999 17263
15073 17698 18684
14825 15626 19971
15516 16496 19283
16651 16609 18537
16281 17496 18124
16508 17907 17522
17358 17198 17324
18726 15549 17203
19416 15222 15565
19570 15324 14997
18689 16430 16512
17766 15422 18431
15913 19023 15708
18170 15294 17933
15993 15454 19662
15023 19259 16659
17231 18043 16111
17031 16084 18424
18897 16955 15179
15681 18173 17683
16405 15848 19197
16981 17666 17306
15800 15414 19759
16939 16494 18560
18564 17354 15057
15487 18394 17497
16496 16423 18714
17859 17677 15663
14891 18064 18478
15607 18808 16917
15421 18047 18088
17226 18067 15933
18200 16907 16452
17818 17572 16133
15080 19716 15232
17077 18329 15760
16742 16209 18680
16350 19066 15296
17694 15516 18437
15229 18089 18345
14821 15111 20199
15727 18650 16854
15385 18202 17823
16464 15470 19445
16347 18495 16375
17903 16437 17505
18574 15305 17447
15151 18217 18240
15692 16414 19361
15927 18663 16804
16993 16282 18449
15583 17984 18263
17607 15489 18505
17788 17099 16974
18234 17899 14831
18797 17070 15068
14678 19950 15131
15121 18252 18269
15317 18169 18232
16043 17525 18030
16273 17506 18081
17008 18694 15111
16907 18852 15177
18658 17125 15101
14800 19597 16039
15434 15677 19693
19043 15758 16140
15336 15245 19953
18090 16807 16796
17018 18664 15146
16127 16411 19069
16454 15529 19411
17624 18387 14584
18295 17846 15083
18704 16083 16443
15044 15851 19883
14752 19943 14998
15098 17898 18569
14633 19804 15398
18007 17191 16751
15213 18915 16926
14800 19779 15321
17747 17890 15523
17062 18284 15870
18909 15772 16501
17961 15649 18006
15329 18079 18239
16585 15240 19404
17395 15602 18589
17424 18456 15026
18347 15804 17340
19017 16803 14989
15005 18568 18001
15113 17831 18563
15589 16000 19603
17076 18709 15017
16831 17821 17236
17197 15818 18619
17731 15696 18312
14987 15972 19780
15184 18325 18151
15524 18872 16653
16788 18951 14870
15339 17020 19049
14505 19529 16130
14813 15629 19979
15886 16675 19164
14827 19932 14952
15895 17855 17904
16569 18606 15845
17779 18180 15084
18372 17547 15268
15350 19387 15446
16550 16495 18612
17564 16520 17851
16625 16755 18590
14914 18182 18389
18408 15811 17025
15186 16687 19326
15056 18710 17802
15840 19040 16231
16376 15329 19583
15736 15477 19759
15329 18189 18189
15261 18483 17764
14902 18855 17534
15411 17167 19003
14816 19714 15294
18547 16667 16208
15401 18145 18124
16914 18973 14765
17296 16679 17865
16738 17545 17743
17825 18214 15002
19068 16504 15184
14980 16018 19753
14771 16048 19813
15067 16521 19545
15745 17774 17996
16673 17575 17709
18071 17653 15774
17011 15796 18988
17029 16389 18384
16326 15667 19444
16717 17299 17872
18321 16674 16604
19085 16532 15175
15380 19337 15556
16419 15367 19478
15983 15483 19584
16927 18854 15096
17042 15405 19057
17666 17688 16250
17656 18307 15032
18424 17011 15899
19062 16248 15499
15000 15959 19807
14931 19347 16451
16036 17527 18126
17267 18117 15914
15158 16441 19566
15948 15313 19711
17132 16759 18083
17387 18582 14676
16472 17027 18144
16712 16739 18267
15216 16444 19523
14926 19912 15034
15817 15532 19630
15457 15121 19993
15778 16404 19260
17853 18225 14996
14875 15591 19975
17552 16201 18177
17185 18695 14994
19223 16149 15391
15175 19122 16440
19510 15213 15369
19142 15447 16437
15141 19128 16872
15101 19080 16913
19587 15203 15042
15894 19143 15848
16092 16845 18658
16328 19160 15129
18968 15682 16322
16533 17387 17970
16743 16610 18406
17308 17990 16131
15884 18181 17460
16771 18916 15029
16554 18894 15368
18561 17082 15440
19064 15697 16024
16306 19218 15023
14598 14629 20347
15373 15914 19609
16176 19276 15176
15797 16376 19262
17330 18211 15495
15506 14889 20006
19131 15520 15990
15522 18461 17444
14858 19935 14919
14770 19728 15406
15177 17691 18557
17337 17198 17611
15701 15362 19853
19180 15367 16269
15061 18711 17705
14780 15196 20200
15067 18810 17586
16567 17715 17684
16433 15833 19206
17496 16205 18276
18485 17539 15310
18615 16997 15282
19409 15756 15291
19147 16260 15209
19568 15207 15033
14799 19658 15583
18213 15752 17414
16507 15762 19122
16949 18223 15961
17781 15441 18386
17823 17925 15455
17988 18130 14975
15197 18206 18248
15979 17909 17893
15965 18036 17782
16025 16444 18953
17665 17337 16620
17830 18233 14859
18190 17949 15010
15036 15903 19832
15057 15624 19907
16967 17713 17231
17559 15591 18493
18692 17170 15061
19415 15326 15279
14671 19790 15400
19251 15931 15193
16967 18815 15040
17426 15849 18298
17478 18501 15004
18217 15472 17837
18811 16876 15307
15478 16603 19298
16135 15258 19670
16678 16049 18920
17634 16698 17692
16508 15226 19495
17650 16432 17808
17355 17889 16074
15767 19547 15058
15646 15475 19857
16165 18914 15747
17740 18113 15684
19149 15967 15567
14826 19440 16449
15208 16918 19159
15728 19564 15115
16441 17011 18258
15445 18499 17721
16964 15558 19051
16291 15375 19576
18101 17730 15293
17043 18161 16134
18825 16687 15376
18281 17879 15066
15127 17666 18718
15716 19140 16203
16472 19186 14666
17270 17261 17482
17235 16005 18425
18564 17486 14980
19414 15330 15439
14931 16971 19366
15227 19498 15481
15573 16381 19452
16243 16561 18840
17350 17296 17298
17280 17653 17219
17456 18260 15461
18457 16981 15810
18066 17413 16135
14769 19636 15719
14827 19408 16459
14846 15453 20022
16879 18921 14905
15897 19520 15103
16604 15065 19429
18304 15358 17812
15697 18043 17862
15896 16341 19188
18200 15340 17857
18568 15492 17401
19133 16429 15198
15198 18911 17009
15089 18530 17920
15110 18321 18163
16757 15962 18761
17708 15583 18406
16819 18904 15044
15099 19151 16857
18371 17310 15391
18314 15553 17517
18353 17598 15211
14836 18741 17749
15146 16388 19681
15027 18453 18012
16025 19386 15130
16415 15742 19227
16329 17193 18262
19071 15611 16116
19298 16086 14969
19431 15491 15248
14768 19696 15480
15359 18429 17808
14798 19629 15848
15131 16887 19213
16029 16609 18936
15376 18533 17630
15104 19717 15124
15673 18814 16596
16668 17388 17836
16711 16964 18128
16063 18565 17002
16782 19012 14815
14931 19322 16647
18776 15623 17060
16134 18714 16224
19639 15200 14895
15133 18474 17983
18546 16749 15837
14586 19855 15286
15334 18132 18227
18050 17864 15228
18154 17009 16668
18101 16032 17331
19540 15185 15294
14922 15803 19918
15860 19224 15546
16754 15643 19272
17742 17896 15825
17469 18556 14706
17700 15896 18055
17717 18282 14797
19162 16511 14891
14932 19184 16967
14682 19995 14930
15753 15675 19599
17225 15542 19013
17787 17606 16194
18388 17753 14812
18602 16455 16190
19066 15555 16507
18899 16723 15374
19282 15381 15878
16182 18357 16924
17569 15334 18647
17714 17346 16583
16068 19414 15025
15089 18380 18107
19463 15543 15154
19351 15920 14853
15010 19277 16537
16191 17013 18511
16595 17309 18008
17812 17824 15540
18603 17223 15174
17274 17210 17404
15269 19746 14786
15318 18558 17651
15564 19580 15275
14885 19505 15894
18165 17397 16148
16653 17180 18021
16278 15066 19653
17360 15853 18489
17746 17558 16290
18588 17373 15034
18893 16997 14871
18316 15835 17359
15030 19266 16587
15613 17005 19021
14768 19452 16460
14707 19975 15035
16053 19379 15161
15968 15224 19725
17176 15374 19021
16121 15599 19570
16795 16696 18311
16811 15613 19143
19614 15252 14953
19523 15540 15124
19023 16746 14825
14812 16031 19808
15145 17548 18851
16194 15422 19564
17108 15543 18985
19344 15987 14768
16192 15681 19520
14904 18347 18233
14697 19553 16097
14776 19233 16955
14489 19866 15428
15581 19564 15156
16814 17103 17998
16493 15224 19536
17579 17687 16359
17879 16662 17250
14989 18162 18357
14623 14692 20335
14923 19023 17179
15311 17112 19012
17507 17500 16773
16741 18745 15343
16962 16593 18434
17242 18736 14864
18738 16072 16455
18709 16037 16480
14836 19401 16475
14962 15726 19916
18100 17126 16518
15267 18733 17442
16876 18385 15847
16808 18486 15838
17558 17357 16701
18854 16086 16294
18086 18042 15049
19285 16000 15059
14749 16000 19863
15479 18974 16572
16112 14929 19769
16094 16384 19132
15619 15536 19808
17424 18195 15868
18410 15692 17272
18320 15675 17458
18754 16430 15845
19276 15964 15187
14934 19103 17034
15287 17926 18356
15297 19424 15532
16690 17140 17878
16777 17112 18066
17366 18583 14703
16853 17489 17547
17814 17000 16993
17186 16343 18206
18586 17470 14862
15034 18582 17957
14809 15528 20025
15061 15977 19758
15709 16437 19189
15009 18438 18018
16501 15879 19121
16083 19407 15045
16789 19018 14771
15159 19705 15218
17575 18461 14584
18044 16649 17218
18596 16709 15968
19543 15413 15235
15645 19568 15062
16935 15550 19077
16837 17609 17598
17028 18391 15780
16981 16426 18518
16726 15802 18973
14957 18161 18390
15759 19548 15123
15327 18647 17225
16293 15352 19564
18091 17985 15058
17314 15910 18436
16942 15548 19075
17871 15426 18335
18508 15314 17452
18942 15994 15957
15011 19333 16480
15058 18076 18429
14928 19258 16671
16253 18869 16191
15654 18809 16782
16130 17355 18179
18900 15686 16797
15718 17235 18572
14865 15625 19987
14633 19918 15211
15278 16868 19241
16675 18376 16186
16223 19214 15189
18005 17384 16458
17444 18537 14736
19450 15938 14800
19205 15430 16087
14886 18877 17434
14880 15807 19918
15320 16616 19303
15406 19639 15134
16647 18169 16628
17749 17397 16554
17401 18570 14931
19035 16741 14891
16457 17613 17721
17073 17599 17247
17379 15679 18581
17198 18660 15190
18407 15844 17105
17520 17206 17181
17995 16884 17004
18708 16150 16300
18576 15618 17237
14748 19816 15274
14608 14807 20320
15049 17502 18923
14991 18782 17648
17869 15546 18285
16665 15720 19074
17022 15233 19074
18581 15804 17156
16368 15522 19515
19328 16004 14950
17263 15891 18497
16310 17765 17710
15589 17799 18190
16700 15500 19295
17586 17839 15988
18828 17123 14896
14568 14820 20310
14829 15527 20052
15548 16658 19168
15533 19639 15064
17818 15733 18136
17594 18408 14668
18728 15687 16924
19550 15565 14778
14880 18777 17720
14839 19107 17166
15273 19715 15137
15839 15487 19749
15326 18016 18333
17795 15419 18538
18665 16577 16130
18270 17814 15154
18704 17122 15067
19492 15282 15366
18818 16239 16187
14522 19817 15478
15078 19856 15201
16981 15951 18833
15368 17998 18259
16501 18721 15851
16832 16292 18675
18227 17346 16165
19546 15108 15295
19300 16081 14889
14889 16849 19391
15958 19392 15230
15016 19897 14820
16475 17037 18126
15087 17846 18659
15483 18853 16837
15852 15024 19939
16631 17386 17953
15317 18644 17240
17758 18309 14775
18154 18065 15037
19431 15258 15431
19201 16172 14953
19633 15261 14865
14882 19193 16937
14650 19905 15281
16761 18138 16691
15903 19357 15380
16537 15753 19073
15064 19789 15269
18124 15628 17854
16539 19113 15105
17512 15295 18728
18457 15753 17184
15354 18229 17894
19380 15350 15587
14969 19541 15840
15330 15889 19630
15553 18377 17559
15225 15065 20134
16365 15638 19419
16898 18988 14792
18105 17302 16341
17408 15822 18485
18830 15868 16649
17343 18621 14697
16927 18795 15099
14676 19766 15775
14787 16584 19604
16011 18014 17617
15476 18654 17086
16352 16079 19130
16261 19318 15143
18700 17034 15204
16459 18946 15314
18523 17537 15292
15764 17672 18171
18676 15604 17128
14736 19534 16087
16055 17433 18235
17519 17493 16708
17711 18179 15164
18031 17668 16004
18792 17098 14941
18407 17263 15712
14891 15995 19838
15881 17759 17965
15530 19604 15084
16228 15358 19609
16877 19001 14817
17519 15580 18674
17894 16903 17118
18850 17088 15063
18063 17675 15454
16418 18942 15323
14877 15025 20269
14701 19990 15105
14904 15239 20125
15383 18579 17182
14651 19484 16320
17198 15735 18651
15310 17568 18581
17548 17769 16306
17358 18454 15067
18479 17546 15323
19015 16835 15092
14791 19873 15173
15794 19081 15889
16221 19024 15536
15908 17649 18300
17210 18663 15074
17104 17588 17302
19631 15153 15014
15091 19412 15594
14961 17309 19257
15011 15939 19888
14862 16904 19422
16311 15334 19606
15627 15925 19553
16115 18917 15964
15889 15040 19825
16741 16490 18577
18177 15916 17672
18292 17041 16155
19644 15194 14906
15538 18680 17025
14616 19996 14960
17214 17321 17520
18888 16166 15872
19386 15195 15593
15019 19078 17086
15083 19833 14878
16154 18392 16786
17195 15582 18914
18284 16867 16566
18870 15911 16492
19306 15947 14954
19625 15222 14963
14971 16110 19765
15481 18534 17131
14618 19828 15471
15118 18971 16909
16255 19287 15146
16082 15107 19780
16042 18720 16683
16559 19144 15033
16833 18930 14837
17657 15523 18474
17294 17636 17001
18187 15785 17469
16894 18768 15291
17645 18367 14689
16342 19098 15233
18834 15963 16446
14469 19849 15442
14941 18839 17481
14562 19785 15497
15068 19535 15803
14848 19592 16038
15776 18453 17252
15389 18627 17142
15908 14902 19834
15595 19593 15084
17283 18390 15406
18377 17267 15677
18780 17115 15105
14772 19236 16878
14839 19142 17109
17739 15588 18253
15133 17809 18582
16005 18724 16368
16544 16933 18321
16423 18909 15573
17262 18639 15099
16260 18728 16167
16982 16773 18234
18257 17196 16179
18001 16833 17161
16831 16994 18022
17638 18370 14693
16687 19043 15199
16543 18678 15917
14847 19416 16348
15978 18744 16411
15392 14947 20121
15185 18754 17191
16047 18095 17382
17495 18212 15329
19308 15251 15984
19174 16269 14819
19509 15703 14779
14864 19020 17185
15296 17355 18884
15868 18826 16355
16297 18703 16155
15933 18649 16815
16909 18869 14979
17004 15496 19133
16636 15194 19407
14947 18016 18480
15495 18526 17151
15153 19423 15538
16255 15385 19548
15118 18384 18003
15131 19801 14864
16886 15559 19126
16367 18749 16026
16537 19140 15173
16394 15404 19509
15712 15116 19903
17816 17594 16066
18185 17900 15019
18623 15454 17279
17562 17536 16508
16173 19260 15305
15445 19601 15092
16649 15295 19387
15001 16819 19430
15450 16637 19278
15195 14779 20166
15309 19382 15611
15120 17181 19004
16079 17802 17907
17683 15830 18254
18907 15559 16772
14894 19216 16900
14743 15102 20248
15118 17089 19182
16103 19392 15127
16342 16717 18626
18905 15915 16410
18703 16158 16407
18630 15456 17249
17408 18374 15147
15904 19383 15232
17979 16084 17785
15334 15704 19688
14658 14609 20341
14803 16949 19486
15635 19533 15147
16099 15167 19716
16637 18182 16726
16919 17945 16892
16759 18948 14890
16498 18459 16188
18305 17325 15479
15582 19610 15061
15099 18814 17480
16207 15152 19650
17387 18503 14960
16688 18977 15002
17840 17860 15375
18528 17366 15191
19635 15209 14946
19141 15514 16419
15095 17254 19021
14923 19033 17109
14830 14924 20300
17328 17503 17373
16345 16162 18925
16186 18413 16747
16872 16492 18566
18101 17477 15964
19170 15900 15510
19527 15573 14840
14697 19315 16714
16442 18178 16790
16183 16851 18551
15369 18165 18109
16786 15615 19155
17728 15498 18481
17827 17432 16453
17329 18541 14933
17140 15588 18927
17360 17163 17357
15265 17665 18766
15364 18160 18112
16256 15070 19695
15653 19018 16247
18533 17565 14878
19250 16166 14860
14900 18978 17276
14967 19142 16954
15452 15839 19645
15373 15700 19675
15006 16391 19588
16038 16986 18731
15281 18566 17665
16059 18692 16795
15528 19090 16309
16106 18504 16827
17981 16580 17241
18179 15418 17887
19478 15417 15171
19507 15320 15289
19164 16387 14931
16278 18346 16756
17398 15359 18874
17864 18058 15133
18997 16750 15216
19617 15289 14825
14829 18905 17360
15500 15589 19637
16299 15362 19521
16221 19043 15520
17906 15412 18271
16765 18094 17087
16799 18910 15008
17803 18253 14882
14776 17263 19265
16482 15365 19427
16519 15710 19221
16866 16912 18096
16299 19157 15224
17453 17534 16983
17631 18386 15023
18846 16003 16378
14729 15992 19911
16643 15994 18937
14731 15170 20207
18087 17337 16172
17404 18564 14750
17262 16434 18061
18995 15372 16687
19226 16155 15154
18947 16980 14974
15164 18239 18220
14686 19947 15106
16673 15460 19322
15986 17687 17932
16256 15261 19614
18000 17993 15117
15173 19198 16277
15955 19446 15050
15871 18308 17571
17957 15858 17937
18146 17024 16788
19041 15440 16616
18567 17542 14848
16251 15189 19629
16855 16394 18588
17206 18291 15722
17180 16937 17887
16385 15512 19429
16513 19148 15167
17731 16906 17085
17390 18357 15217
18878 16074 16098
19585 15470 14783
16292 16440 18694
17037 18212 16011
16225 15108 19675
17144 15431 19045
17424 18212 15481
16810 18248 16052
18088 16258 17340
16902 17278 17852
17231 18015 16228
17085 18698 14963
18104 16561 17195
18745 16142 16325
18782 16040 16391
19227 16189 14873
14731 15079 20250
14978 14878 20238
15098 19023 16992
14870 15401 20138
15263 18393 17920
14871 19485 16087
16218 19218 15213
17959 16567 17479
17164 15684 18750
17281 16530 17904
16798 18896 15292
16345 15145 19601
17979 16501 17281
19065 16242 15496
19575 15318 15006
14803 15700 19983
18294 15622 17625
14733 15820 19950
17045 15353 19063
16814 18689 15400
18990 15593 16647
17807 15295 18399
17610 16055 18289
16001 18778 16243
19005 16392 15350
19433 15846 14944
19278 15344 15902
16224 17098 18379
17400 18438 15101
17734 17717 16143
18207 17818 15180
18634 15788 17081
18775 15581 17188
19003 15940 15938
18730 15408 17241
19391 15394 15413
14832 14898 20271
18671 15675 17179
16182 16720 18673
17079 15936 18903
16962 18413 15743
18170 17935 15165
18669 15502 17238
18880 16245 15982
18822 15594 17070
19021 16784 15062
19490 15756 14916
14790 16106 19805
14862 16882 19432
15207 14693 20174
16046 17395 18262
15515 19583 15211
15702 16869 19051
15011 17352 19239
15806 15225 19790
17074 16969 17856
17304 17857 16345
17966 17522 16328
18224 15728 17401
18122 16417 17169
18873 16316 16133
18865 17086 14892
14905 19136 17021
14949 19283 16574
17053 18069 16265
15150 19016 16822
16561 16521 18602
16067 18377 17147
15835 17034 18944
16558 17473 17821
17434 18042 15936
18591 17277 15331
19228 16210 14820
16384 16995 18265
19048 15846 15998
19437 15661 14987
19512 15547 14863
16146 15273 19634
16166 19376 15325
15882 14949 19847
16141 17041 18492
16840 16879 18220
16823 18494 15773
17839 15471 18384
17761 18142 15154
18131 16104 17294
17903 16652 17416
17465 17379 16906
17341 18507 14949
19098 15548 16189
18865 17030 15016
19063 15559 16581
14984 17108 19327
14518 19830 15419
14908 16463 19620
15064 17945 18486
15771 19496 15223
16896 16823 18029
14983 19637 15324
19364 15983 14752
19114 15446 16545
15310 16840 19204
15842 15108 19867
15899 18879 16287
16035 16091 19264
16026 18990 16106
15478 15002 20038
16622 17992 17116
18498 16700 16237
18605 15657 17230
19335 15938 14854
15069 18878 17362
15052 18402 18046
14955 14621 20266
16145 16531 18914
16794 18727 15351
19056 16116 15831
18363 17720 14971
17067 15501 19039
18196 16925 16690
19372 15584 15751
14656 19795 15381
14864 15587 20009
14625 19768 15827
15395 14874 20120
15136 16472 19530
15205 17144 19150
15603 17855 17995
16296 17941 17495
18017 15842 17807
15410 18746 16981
18796 16685 15437
18998 15365 16654
15476 18231 17718
14785 15943 19937
16467 16776 18379
15466 18211 17793
18029 17989 15094
18305 16440 16718
15063 18903 17323
14967 18762 17700
17196 18793 14717
17888 17691 15549
15313 16986 19117
19563 15261 15065
15092 15099 20188
15355 18597 17266
15713 17338 18532
17782 15344 18557
17342 18698 14810
18614 17339 15083
19571 15488 14971
14988 19091 17105
15344 16861 19131
17052 16371 18336
15827 15192 19858
17090 18773 14866
17559 18285 15135
17419 18509 14927
17694 17738 16084
18030 16050 17573
17990 18092 15130
17491 18521 14854
19357 15612 15518
17584 17006 17001
15609 16582 19267
15226 18538 17763
15115 15221 20019
16076 15181 19729
17293 18666 14892
17103 15669 18798
18250 16400 17148
18002 18148 14845
19266 15693 15487
14833 16908 19486
14730 19295 16838
15883 18817 16495
15135 18643 17894
17016 17138 17847
17424 15870 18300
18306 15269 17764
18288 15425 17841
18247 16989 16319
15607 19593 14991
14973 19498 16034
15200 17346 18992
15670 17612 18336
16881 15955 18909
17402 17772 16961
18077 15380 18114
18432 15490 17647
18435 15173 17612
19435 15572 15048
19268 15421 15973
15051 16708 19481
15031 17975 18709
15380 15016 20011
16333 15132 19614
17084 18733 14903
17122 17479 17377
18962 16623 15693
17953 17946 15249
19168 16386 14876
15257 17881 18419
16158 16576 18762
17160 15788 18742
18248 17296 16243
18297 17024 16160
15444 17434 18752
19605 14998 15042
14853 18088 18476
15409 17737 18533
14911 19408 16416
17031 17664 17407
18287 17380 15837
18589 15552 17310
19091 15475 16506
18622 15489 17398
15084 18518 17931
14938 17738 18846
14899 15190 20170
15097 15477 19945
16087 17315 18195
15226 18165 18314
16903 18320 15809
18242 15322 17910
18689 17289 15074
18223 15334 17874
19627 15235 14955
14955 17490 19081
14883 18244 18356
14990 17049 19348
14996 17527 18965
18051 17880 15208
15358 18774 17072
16988 18896 14929
16305 19181 15220
16839 18679 15307
17040 15939 18919
17906 15410 18342
18101 16479 17298
17749 16456 17732
16177 16351 18923
14951 17663 19007
14838 17002 19402
14429 19507 16133
17096 17783 17221
16625 18838 15419
17450 15322 18914
15253 19138 16400
17418 17264 17141
17585 15387 18636
17997 15492 18169
18049 17143 16630
17272 15470 18937
18742 16000 16482
18704 17251 14973
18548 15528 17389
19186 16230 14915
14989 17577 19008
14778 19476 16386
14941 18054 18573
16115 15402 19709
16061 17183 18535
16678 18707 15604
17528 15432 18598
18586 17321 15162
18595 16460 16284
18802 17045 15125
19107 16483 14992
19165 15430 16163
19452 15610 15039
15007 17204 19296
14621 19840 15352
15624 14982 20002
16403 17632 17797
16119 16713 18848
16502 15214 19498
17081 15641 18864
17672 17186 16876
16835 17865 16914
17170 18757 14750
18063 17506 16070
18329 17802 14770
18220 17981 14990
18721 15455 17265
15090 17807 18672
14956 14825 20265
14937 17712 18849
15402 15827 19656
15716 15612 19616
15695 16449 19208
16710 15762 18997
16259 16419 18844
17049 16847 17890
17464 15509 18816
15271 17088 19118
18885 16022 16309
19610 15266 14999
16139 18416 16741
15006 18971 17339
14945 16982 19354
16863 17591 17460
17048 18868 14924
17051 15399 19060
17562 15418 18673
19066 15513 16611
18734 15719 16847
18515 17609 14822
19235 16030 15279
19256 16135 14599
16791 17864 17367
15015 15139 20162
15126 17475 18992
14758 19800 15323
15708 18118 17677
15744 19248 16008
16092 15095 19795
15913 16830 18791
17380 16961 17654
15088 17943 18581
17554 16916 17408
18407 15626 17423
19230 15331 16029
14860 16842 19442
14869 15452 20125
15351 15015 20096
15609 17106 18964
17086 15206 19072
17019 15669 19045
16647 18862 15293
17935 15391 18264
18556 15409 17419
18506 17655 15074
18473 17595 15100
18383 15548 17735
19225 15429 16227
15220 17208 18978
15876 19442 15166
16887 16145 18651
16412 15774 19336
18060 17089 16981
17613 15494 18485
17465 17849 16056
18724 16089 16389
19006 16884 15112
17668 16161 17917
15340 17194 18844
15559 17666 18490
16205 18337 17059
16642 15704 19307
15711 17040 18946
17076 17471 17517
16481 15341 19470
16620 15889 19072
15441 19084 16803
15309 15060 20099
17246 16721 17861
15470 18468 17204
16317 18447 16413
17047 18364 15575
17505 15527 18759
18633 17272 15126
15794 19170 15588
19269 15729 15473
15119 19582 15370
16982 16074 18692
15300 17198 18962
16156 16888 18571
17761 15429 18466
18890 17007 15238
19342 15616 15789
14698 19006 17309
16171 16675 18730
18282 17048 16263
18749 16979 15254
19567 15244 15011
19245 15580 15914
14778 15795 19946
15243 15793 19724
15154 18971 16844
17091 15635 18954
15337 18261 17896
17657 17810 16166
18663 16898 15532
19155 15807 15911
18962 15613 16359
18849 17036 15133
14894 15441 20105
15005 17699 18947
15708 18934 16538
15368 19705 15052
15636 15127 19954
16944 16076 18613
16151 15161 19649
16865 15063 19204
16509 15378 19417
17204 16847 17782
18185 15480 17817
18078 17488 16057
18312 17791 15142
18343 17764 15163
15958 15082 19814
14887 15351 20176
15090 17457 19154
14959 19454 16093
15354 17140 19005
15456 14930 20098
14918 19418 16181
16108 16372 19103
17165 17875 16688
16891 15550 19110
15459 19115 16297
16665 15207 19379
18150 17162 16380
17673 15413 18631
15060 18284 18328
14845 19123 17128
15036 16771 19421
14836 19092 17174
16578 17170 18059
17465 17831 16902
18698 16075 16574
18466 17304 15519
18137 17479 15471
18514 17550 15018
15062 18330 18179
14765 19087 17192
16470 17489 18144
15376 18561 17517
17065 18851 14872
18939 16832 15137
15639 19374 15351
18425 15500 17704
18675 17105 15147
17972 18196 15019
19548 15423 15053
19402 15947 14687
19542 15487 15012
15007 19004 17187
16088 18495 16879
15575 17363 18736
16180 19363 15100
18137 15610 17938
18231 17703 15236
18725 16397 15880
14874 16990 19363
14778 15616 19991
15024 17491 19023
16451 18144 16979
15948 19435 15177
16351 18888 15667
18782 16944 15284
18957 15873 16170
15013 17292 19227
15127 18939 16948
14820 19494 16132
15041 17929 18629
15378 18143 18171
16224 15044 19702
16244 17709 17723
16692 19039 14978
17062 18721 14906
16806 18897 15165
17092 15948 18604
17345 17174 17567
17313 18562 15133
19275 16127 14857
15139 16762 19408
14907 18076 18465
16367 15902 19204
17663 16362 18117
16278 17682 17932
18151 17840 15253
18041 18112 14807
18551 15690 17335
18868 17022 14957
19420 15160 15439
15045 17848 18814
15292 16869 19205
14828 15732 19930
17898 17761 15405
15795 17167 18634
15727 16903 19009
15389 18088 18195
16676 15674 19077
18123 17311 16304
19177 15620 15886
18390 15738 17400
19549 15536 14923
14989 17990 18564
16584 19077 15069
15107 17208 19081
14990 17517 19031
15445 16781 19258
16721 18545 16113
16425 19239 15014
17607 15318 18636
17726 16732 17355
17429 18028 16045
16845 15318 19187
18417 16617 16708
18490 15640 17346
19426 15888 14999
14768 16252 19718
14671 19854 15231
15070 17818 18727
15409 17256 18827
16167 16720 18736
16000 18427 17359
16865 16564 18574
16468 18566 16346
17530 15626 18479
16716 15223 19301
17564 17543 16388
17145 17976 16338
15854 17133 18554
17427 16982 17516
17148 18791 14862
16087 17264 18475
18335 17410 15402
18785 17165 15063
18887 15477 17110
14864 16518 19558
15058 17160 19290
14986 17248 19318
15476 16804 19087
16269 18003 17445
16014 15208 19723
16554 15338 19486
17706 15472 18591
18252 15301 17870
18045 15974 17561
18417 17719 15105
17646 18361 14810
19091 16729 15157
15463 16968 19094
14953 17723 18841
15171 18227 18218
18037 17294 16714
16429 17535 17845
17219 16844 17821
15542 19046 16332
16631 15252 19395
16905 18038 16809
18178 17968 15024
18175 15531 17800
15222 19754 15095
15049 17963 18456
15657 17628 18564
16102 18904 16126
15983 17611 18515
15395 15024 19996
15400 17211 18839
15906 15062 19819
15279 16994 19069
16269 18553 16626
18102 15590 18082
18263 15501 17750
19050 16582 15199
15218 18416 17861
17348 15710 18656
16277 18234 17203
15733 15048 19950
15687 19508 15207
16786 16734 18302
19030 16709 15250
18902 15639 17023
19235 15362 16023
14846 15894 19920
14940 18887 17385
17558 17902 15835
14838 16035 19777
15388 18564 17246
16719 18851 15296
15281 17202 18992
17621 15544 18442
14771 19677 15523
16301 19240 15070
16555 18817 15588
17936 15814 17979
18961 15501 16789
19155 16601 14894
15067 17822 18685
15038 16462 19550
14943 18501 18014
14809 19079 17256
14857 19583 16042
14989 18478 18161
14917 19211 16840
15045 17666 18840
15373 17365 18815
16248 14991 19731
17242 15443 18979
18240 17141 16285
18526 16688 16231
18335 17673 15315
18867 15685 16924
19187 15496 16033
14929 18904 17403
15142 18158 18413
15102 16612 19509
15703 15081 19905
15146 17771 18500
15883 19231 15497
15928 18122 17594
16119 18945 15787
16095 16433 18926
17341 15898 18339
16274 16470 18814
18788 17174 14790
15079 19167 16929
15468 17522 18660
15065 18959 17257
16802 15109 19204
17270 18325 15407
18837 15768 16756
19169 15462 16042
16691 18569 15995
15570 15546 19723
17455 15534 18873
17252 16673 17904
17120 17112 17805
17739 15579 18292
18846 15713 16722
16784 18280 16085
18500 15532 17419
19078 15621 15945
14706 19675 15719
15078 17170 19204
15078 18993 17140
16767 18582 15895
15242 19751 15068
17588 15267 18644
18732 16492 15785
18448 15495 17465
15568 19345 15430
14968 19646 15642
15309 19176 16070
15229 19269 15839
17633 17312 16827
14886 19601 15682
17934 17805 15526
14899 19634 15653
15854 19214 15388
17568 16895 17239
17755 17134 16755
16803 18471 15934
16901 16777 17973
15050 19386 15878
15040 19568 15619
15137 17998 18333
16513 15556 19281
14997 19493 15805
17824 17702 16032
14976 19623 15667
16781 18604 15801
18212 17096 16062
14912 19397 15941
14892 19574 15696
17488 17762 16316
15299 19038 16686
15004 19417 15720
16127 17147 18596
16660 18110 16475
14786 19770 15385
15600 17850 18152
15238 17890 18478
16432 17027 18160
14849 19736 15319
15560 17876 18139
14981 19618 15465
17844 17090 16671
15266 19664 15205
15316 19220 15927
15075 19741 15153
15130 18223 17980
14883 19726 15416
15169 19574 15553
16218 17036 18597
15338 19598 15222
15419 17787 18411
15979 17339 18423
16957 15727 18771
16437 17578 17726
17767 17638 16089
14765 19783 15373
16652 18043 16511
16364 16356 18953
14795 19812 15106
14680 19843 15106
15247 17857 18437
15361 19571 15373
17677 17941 15868
17024 16382 18380
15290 17800 18413
14779 19594 15685
14818 19654 15466
16944 16649 18130
14821 19513 15756
17532 16850 17306
18096 16871 16586
14762 19669 15502
15012 19118 16613
16114 16483 18997
17017 16576 18109
16886 16961 17738
17092 17126 17471
15740 19341 15676
14943 19547 15699
14994 19582 15639
16446 16238 18876
14817 19827 15057
16072 17181 18672
16383 16806 18481
15344 19546 15397
16145 17100 18756
18270 17201 15941
14934 19667 15381
15256 17360 18777
16925 16715 17929
15749 16675 18989
14698 19772 15390
16270 16108 19194
17429 17063 17137
18388 17120 15921
14771 19602 15672
14830 19508 15718
16361 16421 18913
16098 17533 18160
14722 19703 15469
14668 19764 15400
17143 16637 17890
16447 16550 18577
16417 16639 18666
15588 19147 15678
15421 19519 15340
15396 19509 15476
15656 19104 15853
16285 15935 19281
15012 16418 19587
16452 16670 18510
16208 15853 19286
16600 16498 18704
17457 15786 18563
16022 16367 19091
15409 19092 15946
14859 19652 15546
16392 16776 18681
15640 19504 15297
14604 19845 15142
14825 19431 16022
15610 19387 15326
16159 17058 18598
16521 16579 18557
17642 18039 15754
17779 17099 16680
15593 18114 18029
15900 19397 15213
14810 19658 15560
16644 16034 18954
15593 19442 15338
17400 15782 18568
18073 15726 18100
15843 19179 15527
19203 15954 15355
14693 19730 15412
17227 15596 18821
18736 17209 15503
18067 16067 17414
15715 16428 19366
17443 15541 18710
16626 18206 16511
15996 17314 18531
15319 16726 19278
16181 17181 18569
18626 17145 15581
16741 18345 16191
18288 17000 16138
18669 16143 16574
17857 15777 18228
16935 17625 16922
15932 15209 19758
17298 16167 18307
15930 19246 15327
15738 19449 15282
15400 18054 18125
15234 18144 17981
15776 19432 15248
17548 18414 15420
18963 16554 15410
15649 16523 19265
17615 15848 18465
16489 15987 19192
17738 18241 15288
17448 16540 17698
17104 17768 16739
16536 16043 18997
15714 19467 15206
15793 15159 19844
16427 19154 15357
16453 16234 18914
17098 17438 17137
18080 17114 16337
18810 17032 15318
16439 16129 19015
18568 16829 15959
16031 16827 18985
16107 16668 18941
15034 19603 15450
17040 16882 17759
16392 16214 19095
16612 18967 15401
15965 17081 18771
15863 15262 19805
16338 19077 15442
17961 17778 15718
17956 17814 15502
18689 17122 15545
15124 19706 15187
16486 19119 15334
15757 19389 15303
15749 19374 15393
17979 17565 15897
14493 19811 15318
15489 19451 15384
17112 16010 18506
19183 16192 15349
16385 19153 15381
17283 18362 15771
18007 17794 15690
17409 15577 18617
19362 16004 15044
16070 19108 15554
16283 17908 17552
15676 18062 18021
16985 18140 16334
15787 16336 19287
16089 16461 19068
17833 15726 18259
16558 19096 15255
15950 19351 15270
16215 16911 18748
15328 19615 15274
15814 16650 19105
17772 17557 16230
14889 19354 16262
17010 15567 19020
15367 19574 15240
18979 16203 15766
16227 16133 19255
18973 15886 16374
15867 19211 15355
15985 16344 19269
16595 18181 16722
17824 15987 18086
14409 19922 15074
15458 19665 14956
16117 17590 17955
18734 16823 15734
15621 16619 19225
16697 18901 15333
18707 16898 15626
15727 15119 19938
18050 15332 18327
15646 16827 19052
15115 18077 18215
15255 17425 18872
17322 18122 15964
17971 17607 15709
15823 19260 15478
16756 17989 16724
18775 16641 15845
19436 15242 15544
17203 15563 18962
17442 16926 17297
17753 17565 16192
15960 19345 15221
18139 16938 16247
15580 18969 16370
17139 18896 15234
16189 16014 19291
14786 19399 16200
16537 15593 19213
15642 17774 18346
16678 18067 16458
18865 16650 15547
18790 16977 15407
16483 16152 18998
18766 16050 16367
18910 16842 15324
16029 15821 19500
18710 16273 16471
16297 15875 19278
19189 16013 15670
16984 18766 15385
18015 15737 18068
18529 17360 15475
18844 16182 16154
16532 19110 15311
17833 15716 18347
15909 19423 15203
19212 16261 15265
16477 19160 15253
17404 15546 18778
16680 18840 15374
17936 17637 15903
19122 16389 15544
14563 19806 15209
19012 16419 15664
15062 19330 16344
15981 17052 18801
17977 15440 18374
18768 15958 16438
16712 17344 17714
15358 17478 18762
17733 18165 15404
18552 17051 15935
18713 16882 15775
15906 16895 18934
16106 16354 19151
16112 18245 17259
16799 18493 15957
17467 16942 17243
18103 16848 16591
17480 18534 15410
17209 18721 15327
18916 16518 15486
17235 16171 18237
18719 17314 15213
18917 16246 15908
14970 17629 18892
17122 18123 16219
18781 16619 15592
16447 18252 16757
17532 18456 15424
19237 15740 15745
15887 16450 19150
17067 18593 15869
18471 17213 15604
15694 14981 19962
15566 19128 15818
19194 15843 15479
15607 17939 18050
14955 17909 18552
18009 16862 16834
17233 18217 15879
17890 17915 15676
18993 16425 15684
14613 19817 15128
15572 17808 18161
17493 16609 17517
15191 17221 19137
18135 17348 16035
15134 17802 18605
17297 18433 15598
19472 15208 15396
15423 16771 19196
17060 18891 15287
16959 15696 18917
16427 17081 18444
17654 18195 15481
18156 16664 16869
17936 16516 17044
16384 16391 18929
15064 17581 18916
16526 18576 16143
14978 19094 16626
17443 16931 17248
16367 16395 18829
17231 17878 16348
18018 17285 16532
15256 17127 19180
15749 16848 18985
15714 18830 16839
17253 18536 15455
19057 16689 15222
18736 17248 15275
15028 16488 19565
17498 18527 15512
19159 16416 15288
15284 18736 17311
15599 19603 14898
16679 16317 18613
18753 16993 15502
14724 19459 16111
15406 16667 19246
15552 18117 18000
15451 19567 15130
17202 17020 17393
17953 17850 15511
17546 17629 16402
19049 16477 15490
15182 19735 14771
16807 18388 16179
16614 16232 18897
16624 18038 16889
16946 18669 15614
18889 16723 15338
15491 17678 18492
17834 15871 18036
18623 17213 15362
15488 19612 14850
15144 19339 15684
19443 15792 14771
15339 17270 18913
16860 16299 18575
15953 18181 17773
19111 16286 15580
19470 15478 15523
15017 17790 18709
15703 17988 17836
17406 18718 15232
19058 16579 15187
15531 17090 19140
16161 17541 18103
16081 19190 15342
16702 17364 17606
16392 16235 19047
15282 18059 18066
17781 16904 16934
18593 17383 15179
15003 18054 18424
15664 19491 15253
17408 15911 18316
17078 18587 15590
15851 18112 17830
17338 15501 18850
15157 17685 18771
17604 16743 17410
17918 17286 16578
18208 16481 16945
18450 17605 15106
15554 17775 18428
15550 18139 17924
16429 16756 18407
18406 17089 15689
19134 16477 15165
19301 15711 15613
15665 17839 18111
17203 17964 16297
16303 16682 18889
15647 15109 19985
18262 15603 18012
18188 17251 15832
16027 17900 17600
17981 16926 16815
16175 19281 15149
18313 16407 16770
15808 15900 19701
16732 16840 18364
17345 18701 15251
15130 18884 17074
17305 17712 16426
18431 17224 15565
18147 15704 17962
14753 19844 15070
15921 16486 19084
18655 15887 16853
16846 17789 16904
19044 16518 15432
15258 17521 18647
15062 17263 19133
16378 18994 15466
15816 18314 17611
16666 18748 15780
16466 19161 15161
14896 19318 16355
16202 19223 15220
16591 16149 18904
17088 15406 19104
19622 15139 14911
15333 17965 18306
15967 15670 19629
17425 15767 18582
15587 19557 15157
17430 18097 15870
18780 17002 15440
17685 15632 18592
15523 14936 20066
16197 16985 18676
16724 15943 18777
18543 17504 15320
15608 15006 19996
15803 16517 19285
15335 19604 15304
15969 15499 19595
16077 15725 19559
16021 16938 18769
18354 17448 15564
17355 18300 15709
16556 17598 17562
17773 16724 17164
15634 16612 19296
16401 15727 19339
18579 17441 15396
18961 15995 16140
15443 16680 19220
16090 15101 19741
18991 16504 15512
19404 15918 14913
18154 16815 16296
18045 16631 17010
16903 17598 17040
16835 17017 17815
17697 18414 15020
18739 16896 15656
15657 16698 19104
14841 16576 19637
14828 19151 17003
15884 15885 19555
17291 18650 15392
16504 18277 16617
15100 18770 17244
18271 16453 16724
16077 17970 17503
15183 17559 18723
17082 15634 18859
16440 16572 18753
18056 15690 18156
17965 16684 16846
17634 17551 16429
17943 17000 16809
18205 17118 16165
19550 15194 15176
16017 18968 15936
15621 19577 14769
16093 14976 19731
18562 16214 16577
18645 16798 15863
17881 16551 17103
18977 16173 15865
14898 17929 18586
15414 17897 18375
16529 16212 18959
16806 18497 15886
15937 15231 19754
17160 18829 15205
19128 16165 15524
17697 17204 16870
18816 15904 16655
14882 16315 19673
15894 17364 18445
16023 19277 15283
17020 15423 19161
17875 18083 15394
18022 16486 17113
18907 16013 16360
18877 17016 15175
15134 16351 19531
17470 15499 18732
17392 18693 15255
17310 15551 18846
15968 16187 19508
14915 18157 18341
14726 19670 15550
15769 17850 18076
15885 18698 16708
16051 19286 15075
15894 18787 16675
17322 18698 15281
14624 19903 14974
14765 14927 20187
15689 18039 17857
16289 18767 15891
16640 19041 15380
17666 17102 16963
16863 16474 18378
17567 18179 15548
17164 18363 15846
17321 16159 18293
15544 17972 18295
18500 16750 16170
19019 15808 16226
18078 17490 15964
16167 17772 17831
15924 14959 19843
16114 18748 16537
16364 16577 18715
18608 17340 15173
17852 17641 15990
15790 15629 19710
14984 16739 19446
16016 15881 19432
16909 17303 17658
17443 18299 15516
16770 18612 15859
17642 17403 16504
19042 16341 15724
16990 17560 17226
15404 18762 17045
17322 18285 15730
16975 17871 16889
18213 17247 15788
14658 19444 16189
16800 17123 17764
15921 14996 19886
18511 17153 15666
18092 15933 17596
16319 16388 18953
14742 19915 14884
16346 17360 17962
16576 17729 17364
17934 15967 17810
17935 18176 15282
18199 17391 15831
18630 17320 15348
14971 17934 18540
15029 18141 18300
15905 15530 19668
16237 17613 17875
18085 17924 15425
15115 18098 18189
17040 16344 18569
16910 18746 15524
17339 15634 18784
14890 18534 17832
15030 17395 19101
15562 15584 19866
17397 18229 15677
16736 16312 18708
16926 16897 17835
18780 16423 16287
19242 15762 15509
19222 15756 15846
15588 16809 19116
15068 17908 18558
16406 19213 15194
15135 19803 15079
16253 17482 18122
17331 18774 15186
17586 18426 15390
16837 18032 16569
15251 16066 19793
15415 16684 19237
17314 18185 15939
17195 18305 15870
18809 17149 15354
19024 16726 15234
15030 17919 18540
14673 19702 15576
15740 19495 14706
16667 16490 18804
18704 16171 16507
16258 16820 18799
16686 19035 15199
17931 17011 16827
19035 16594 15301
14901 18180 18235
14649 14504 20263
16159 16446 19002
15709 19496 14974
18097 17952 15267
17759 17622 16099
14595 14608 20282
17240 18717 15414
16089 17164 18600
16030 18119 17432
15954 18344 17472
18323 16526 16523
16804 18611 15800
17333 18696 15281
17395 18719 15108
18333 17142 15822
17629 18248 15446
18412 15611 17884
18452 17567 15074
14957 19855 15020
14568 14641 20312
16178 16195 19395
17383 16004 18525
14936 17734 18801
15946 16277 19405
16118 16554 18982
17279 16444 18158
18966 16646 15292
15141 16680 19497
16179 18921 15718
16932 16893 17854
18007 15967 17644
17140 18345 15932
16339 18386 17043
14567 14659 20289
15712 19485 14812
15639 18788 16971
16674 18950 15670
17700 17872 15812
19035 16595 15285
19623 15338 14871
18816 16979 15288
14638 14934 20276
15104 19614 15335
15055 19806 15166
16618 15549 19218
16717 16313 18696
15361 19659 15145
18282 17752 15479
15342 16222 19656
18130 16736 16689
18745 16077 16351
18187 17240 16214
17696 18410 15396
18958 15938 16355
18733 15782 16990
17592 16685 17444
16381 16049 19257
16074 17622 17942
15931 14955 19838
16726 16690 18472
16034 15008 19774
19076 16446 15515
15178 15614 19923
15709 16491 19396
17811 15866 18180
15822 15037 19864
16293 16617 18935
18104 15744 17929
15505 18879 16740
15662 16418 19401
15959 18773 16423
16741 17625 17143
15463 19637 15005
18146 17446 15930
19048 16547 15271
18543 16553 16162
18405 17602 15306
14872 17845 18694
16200 19235 15261
17801 16111 17813
16606 15906 19006
17176 17090 17404
15385 15012 20002
18834 16016 16335
18125 16922 16438
14854 18224 18217
15396 17516 18750
14827 19500 15843
16096 18595 16855
16471 15236 19626
16014 16425 19138
16287 16073 19179
18990 16805 15021
14940 19057 17193
14756 18437 18070
15132 19199 16390
15631 17165 18849
17106 16279 18324
18894 16356 15806
19142 16267 15509
14983 17884 18674
15491 18523 17498
16360 18860 15706
16258 17304 18532
18846 17122 15166
17964 17950 15419
16142 18061 17410
16861 17547 17339
14640 14705 20266
15823 15826 19700
15295 18315 17831
16187 17375 18212
17885 18222 15213
19475 15458 15378
19192 15539 16375
14745 18974 17327
14748 19158 16970
16375 15247 19587
16369 15387 19559
15513 16190 19730
16638 16639 18520
16468 18256 16755
18064 17371 16206
18094 15929 17667
14768 19513 15912
14526 14686 20283
15474 16574 19459
16047 18906 15888
15767 18732 16886
16681 18924 15313
17927 16351 17628
18835 16595 15602
14806 18990 17280
15390 18746 17082
15838 17956 17869
15500 18931 16601
15697 16721 19042
15266 19671 14901
18413 16814 16167
15750 16909 18976
14857 16835 19469
15957 19095 15602
15252 19700 15275
16522 15757 19210
16718 16177 18832
19013 16819 15010
19608 15396 14852
19479 15422 15263
14517 14596 20319
14504 14656 20309
15612 15783 19737
18192 16183 17356
17461 16142 18191
18174 16802 16634
19607 15303 14893
15252 17326 18896
16162 17896 17564
17928 18115 15308
15013 17979 18518
15482 14999 20012
17585 17562 16644
17611 16301 17881
15345 19310 15681
17793 17029 16905
18017 17762 15613
18833 16408 16081
18656 17287 15359
16357 16835 18501
18083 16483 17183
19041 15748 16510
19139 16464 15222
19601 15445 14996
14518 19916 15115
14736 19886 15017
17936 15742 18136
16822 17713 17063
16252 16456 18958
17800 18177 15402
17470 18671 15165
17554 15573 18687
18536 17385 15437
17623 15629 18611
14871 16510 19593
14954 15854 19868
15361 15939 19755
17765 17558 16225
15162 17638 18867
18441 15430 17734
17744 18344 15261
18704 17228 15295
15681 15530 19895
15382 19633 15068
16060 19252 15221
18197 17543 15596
15048 17775 18798
15770 15529 19926
15031 19490 15689
15555 19617 14756
17119 15909 18573
17668 18183 15544
18155 17313 15942
15102 17755 18720
14997 17910 18543
16182 16123 19286
17619 18003 16070
17226 18863 15100
16997 15622 18931
17932 16535 17065
18541 15943 17047
19419 15658 15565
18740 17101 15465
15081 17743 18762
15115 17782 18714
17248 18127 16211
18316 16110 17213
14792 19866 14918
15672 19520 14951
16431 18534 16742
17802 18193 15371
17710 15791 18429
15232 18761 17256
14822 19785 15207
15281 17306 18856
18177 16412 17354
18586 17332 15558
18041 17246 16326
18324 17088 15974
16774 16727 18414
18555 15862 16886
19289 16104 15189
14501 14662 20292
14592 19959 14928
15825 15792 19644
15855 15521 19698
16365 18524 16884
17592 16819 17360
18164 17889 15365
16701 18533 15962
18984 15887 16278
14790 15882 19952
14783 19678 15463
16632 18055 16513
18650 15524 17297
17830 18006 15501
19464 15503 15191
15473 18570 17404
15142 14894 20154
17321 17484 16951
15570 15894 19718
17207 18794 15258
17560 18600 15153
15323 18484 17639
14604 14554 20310
15799 15108 19905
16921 17925 16836
17904 17506 16109
17472 18664 15277
17329 15275 18987
18207 15837 17576
18821 17180 15173
18724 16943 15543
14671 14832 20246
14942 19484 15824
14797 19203 16809
16333 16803 18777
16098 18015 17468
17172 16427 18314
17446 18715 15104
17343 18056 16075
14937 17549 18944
14970 16491 19587
14932 17898 18634
15713 17373 18578
16826 18434 16099
17202 18776 15322
17595 18366 15483
17968 15474 18414
18466 17527 15457
17605 18494 15198
19611 15115 14972
14736 19383 16384
15406 18955 16783
15174 16612 19463
16131 18659 16724
16968 16378 18458
16552 16632 18525
17189 17534 16802
17905 18094 15323
18251 15475 18033
18899 16969 15224
14576 14557 20295
14954 16702 19526
14500 14631 20338
15352 17780 18608
14790 18911 17362
15411 17671 18579
16857 18235 16411
14964 19348 16340
17880 16108 17812
18905 16979 14879
15819 18966 15970
15851 17103 18817
15118 16301 19666
16819 15934 18758
17761 17202 16749
18303 15834 17565
14538 14591 20325
14697 19781 15382
15259 19720 15119
15777 18841 16742
16934 16470 18401
17310 15192 19075
18550 16887 16071
18160 16534 17000
14627 19389 16312
15594 18354 17679
14496 14692 20326
16135 19236 15191
16097 18268 17333
16797 18891 15339
16129 19285 15164
19042 15762 16427
14708 19411 16217
15976 18142 17365
15509 17783 18391
16865 17619 17212
17700 16325 17779
17899 18177 15213
17850 16950 16896
18589 17295 15374
14769 18544 17843
14920 16776 19520
15373 17855 18404
15881 15363 19702
16605 15351 19474
18758 17151 15335
14486 14704 20311
14983 18152 18269
14977 19142 16662
15686 19511 14828
18496 16619 16241
17282 18216 15902
17968 15383 18416
18713 15585 17125
15081 16463 19544
14726 19962 14869
16319 15388 19548
16791 18800 15552
17645 16544 17510
18726 16670 16112
19493 15275 15387
16518 18585 16104
19203 15926 15361
14956 19134 16777
16283 15540 19390
16345 16625 18748
16499 17477 17782
17226 18770 15225
17234 18744 15231
16337 16064 19234
16154 19188 15457
14972 18753 17620
15283 19234 16040
16790 15901 18878
17755 18047 15742
18624 16045 16738
17057 18910 15219
16771 16046 18751
17219 17635 16789
16489 16705 18493
15617 18712 17000
17251 18717 15276
16657 16946 18299
17397 17679 16411
18694 16087 16614
14554 15298 20191
14892 18477 18015
16303 17533 17772
16540 18282 16491
18287 17190 15959
18396 16024 17213
18937 16694 15454
18605 16336 16359
19106 15865 15966
14684 19467 16147
16536 15414 19501
17355 15460 18936
17182 16984 17395
17379 18685 15320
14742 16378 19744
15107 17347 19019
17024 15575 18977
17801 17462 16249
16657 16520 18618
18770 15626 17060
14975 16405 19667
14563 19547 15981
15965 15036 19748
15935 19057 15791
15695 19011 16298
17902 15808 18217
18122 15680 18126
17256 18700 15299
18347 15662 17956
19201 16357 15288
15279 16259 19620
17067 18879 15332
17434 15430 18866
18802 16943 15406
19164 15750 15848
18589 15943 16796
15140 17918 18450
16913 18392 16041
16970 15373 19184
15000 19690 15293
16064 17697 18106
16577 18838 15750
17284 16910 17638
15997 19290 15107
17505 15447 18857
17780 18224 15304
18873 17028 14819
14648 19883 15122
14887 18921 17260
16151 18670 16722
15229 18295 17965
16980 18971 15098
16881 16371 18553
17165 15297 19216
18023 15791 17845
18601 17378 15370
18486 17407 15399
18577 15419 17569
19306 15721 15556
15129 14892 20168
14610 14643 20277
16327 16315 19174
18345 16868 16175
17938 15519 18351
18823 16531 15834
18327 15625 17973
18390 15655 17786
18374 17318 15666
19351 16028 14994
19146 16077 15542
14455 19967 14955
14847 18941 17350
14561 19908 15197
14926 19149 16993
16247 15768 19457
16875 16403 18479
17085 18782 15288
19517 15658 15072
19037 16775 15143
14590 15144 20267
14382 14814 20327
15353 17778 18412
15279 16647 19347
16065 17562 18362
15963 18188 17467
15908 18673 16773
17954 18160 15234
17819 15230 18637
18027 18089 15269
19430 15396 15555
15777 16053 19587
16261 15758 19308
14743 14938 20189
16404 19197 15235
18374 16779 16173
19517 15395 15360
16181 16491 18936
16161 16470 18987
16610 18751 15876
17314 15200 19060
18121 15673 18181
19605 15379 14885
14347 14598 20342
15244 18093 18094
16231 17110 18569
16257 18455 16934
19142 15677 16508
17173 15906 18732
19394 15469 15594
17141 18862 15253
17304 18153 15951
17527 18263 15605
18501 17469 15358
18333 16971 16073
19283 15834 15413
19479 15744 14846
15383 17773 18521
14759 19404 16229
18161 17966 15200
16840 17012 18050
18155 15898 17704
17611 18462 15104
18922 15813 16377
18707 16540 16287
18541 17377 15420
18283 16122 16829
14778 19345 16546
15045 18868 17213
14681 19625 15729
15028 14770 20208
14961 18795 17592
14603 19934 14899
15379 17646 18630
15586 18649 17031
16814 18687 15683
18864 15708 16808
18760 17179 15248
15131 18023 18488
15069 18728 17381
18800 16962 15380
15080 18839 17276
15143 18209 18088
17521 16904 17444
17508 18617 15248
17776 15540 18549
18176 15575 18163
14991 19267 16376
14652 19796 15333
14589 15218 20227
16792 17802 16971
18425 16214 16827
18171 15852 17825
17874 18088 15349
14995 18436 18065
17377 18330 15544
16205 19254 15002
16382 17527 17947
14941 19250 16735
18362 16684 16332
15277 18022 18291
16242 18796 16342
15964 14999 19789
18567 16896 15836
16794 16532 18520
16497 16080 19063
17667 17795 16089
17149 17120 17375
17527 18610 15203
15414 19036 16502
16044 18614 16971
16843 16847 18001
16854 15537 19158
15987 18097 17490
17489 18044 15745
16360 17287 18459
17959 15968 17746
17765 15953 18109
17879 18240 15276
18459 16081 17161
19497 15699 14835
14462 20000 14932
14916 18406 18155
14851 19863 14997
15179 16627 19395
15193 19726 15185
18181 15607 18031
17865 18214 15313
15149 17763 18634
16491 16739 18417
16741 17178 17715
16803 17474 17487
17843 18175 15334
18869 16583 15805
17060 16204 18441
18798 17153 15190
14706 15841 19976
14851 19356 16014
15142 18695 17415
14637 19774 15505
15314 18943 17026
16938 18995 15187
16491 17763 17659
16300 19143 15441
15931 18903 16270
16390 16551 18766
16059 17613 18258
17710 15479 18741
18090 16486 17016
17774 16686 17280
18675 17281 15284
14503 19948 14980
15012 19826 14829
16615 18051 16747
17093 16992 17591
16985 18657 15477
18579 16148 16538
17881 18106 15322
17878 18152 15317
18289 17722 15432
19457 15513 15451
14654 19788 15287
14766 19289 16569
15120 19203 16402
15184 18034 18153
15154 19426 15614
17387 15740 18714
16447 19170 15161
17833 15431 18626
18274 17839 15366
18854 15681 17026
19356 15876 15390
15565 18523 17268
15121 17841 18493
14900 16298 19731
15774 17935 17884
15608 19554 14938
17500 17145 17075
15967 18617 16957
17920 16771 16947
18042 16621 17042
17981 16193 17734
15845 19370 15327
16630 15747 19172
15033 18705 17553
14851 19271 16648
15028 18826 17349
16171 15087 19726
16737 19080 15096
18271 17079 16022
18323 17827 15314
18847 16962 15346
14909 19253 16516
17004 17381 17264
15849 14958 19887
18488 16771 16111
17005 17366 17145
16914 16348 18485
17634 18360 15435
17624 18411 15376
15436 18932 16796
14536 15303 20232
14391 14540 20354
15939 15037 19837
16637 16992 18357
17944 16276 17652
17271 15644 18780
18666 15723 17027
15021 18405 17973
15517 15552 19912
14745 14904 20191
14658 18642 17782
14988 15452 20057
15820 17337 18473
16794 15823 18822
17209 17683 16798
17719 17208 16782
18405 16976 15952
18123 17062 16515
18288 17760 15365
18682 15956 16677
18635 15897 16830
19172 16238 15474
15088 17889 18612
14617 15494 20174
15838 16022 19556
16179 15365 19617
18235 16035 17215
15345 19003 16925
16675 18606 16077
15806 15105 19852
17191 15810 18742
18092 17920 15405
18397 16404 16734
16969 15614 19011
18326 15963 17494
18786 16842 15421
18838 17083 15251
14811 16515 19645
15227 17466 18821
15118 18444 17848
17155 16706 17838
15065 18697 17405
15254 17560 18715
15514 18589 17180
15495 18727 16973
16463 16740 18436
17425 17252 16961
18343 16785 16397
17626 18426 15349
18918 15540 16894
19099 15734 16338
19617 15413 14839
15103 16866 19383
14938 18186 18225
15153 19770 14840
15752 16117 19592
17081 15409 19097
16033 17734 17965
17423 17470 16819
17956 15318 18417
17879 18143 15323
14801 16600 19617
14880 18181 18340
14752 15372 20181
14852 19349 16473
15256 18738 17164
16953 18449 16015
18738 16568 16059
16814 16582 18457
17017 18949 15229
17201 18260 15842
17203 15314 19106
18970 16197 15795
18439 17596 15421
18084 18029 15335
14953 18855 17444
14673 19727 15431
16020 16872 18983
17720 17735 15893
15490 18570 17310
17077 18921 15212
15766 19464 14815
17954 17571 16062
19125 16372 15332
14792 19511 15810
15648 18547 17212
15573 16525 19326
16909 18461 16059
16610 15337 19449
17082 18031 16474
17609 17490 16745
16235 18543 16710
15452 18974 16596
17812 17291 16447
14710 19883 15072
17455 15529 18832
18028 16442 17210
18053 15725 18143
19536 15540 14969
19338 15656 15604
14789 19846 15059
14436 14497 20350
17280 16391 18104
16929 15387 19413
17221 18887 14998
17581 15519 18618
19047 16305 15602
16208 18597 16640
14970 18909 17306
16352 15472 19482
16612 15470 19380
16124 18041 17449
17235 18540 15635
15088 19234 16375
16833 18939 15233
17996 15415 18384
16250 15630 19390
18545 16419 16360
19242 15826 15471
19178 15582 16434
17751 17018 17232
16340 18186 16972
17028 16652 18079
17211 17948 16589
17631 18085 15577
19519 15592 14884
17964 17669 15792
18396 16090 16992
15354 15032 20045
15250 18760 17053
16430 19168 15318
15843 19431 14776
15306 15109 20012
17107 18343 16310
16959 15380 19240
18442 17558 15310
19008 16488 15473
14899 18429 18073
14729 19316 16728
17004 17847 16729
15893 18677 17008
16967 18866 15353
17107 15306 19179
16883 17717 16919
18466 17339 15520
18656 16697 16012
17663 18458 15085
16158 18232 17244
17147 18206 16080
16148 16447 19032
16794 15649 19066
16763 17608 17258
17339 17203 17355
17744 16156 18189
17679 18435 14991
19016 15661 16677
18191 17785 15448
17596 18480 15364
14834 19438 15919
14451 14520 20348
16496 19198 15147
17385 16922 17583
17171 18439 15778
17310 15205 19016
18065 17944 15455
18890 15951 16389
15127 16412 19526
16107 16027 19405
15806 17713 18203
15546 15708 19743
16841 17011 18156
16941 15369 19306
17316 15222 18990
18732 16043 16444
14493 19985 14891
14929 19062 17161
15006 17520 19033
16113 17353 18333
15051 18743 17382
16269 19211 15254
15676 19035 16085
16158 19237 15161
15970 16171 19409
16713 15449 19370
18725 15956 16564
18866 17006 15279
19165 15859 15794
17019 17566 16900
16713 16315 18797
16489 18648 16622
18214 15377 18096
14900 16020 19934
14477 19977 14939
16226 15364 19596
18650 15794 16884
19437 15492 15475
15107 18954 17147
14778 15798 19998
15457 17680 18447
15105 18684 17483
17334 17256 17058
17124 17563 16913
16374 18706 16259
17680 17730 16349
19119 15996 15737
19499 15465 15234
19610 15217 14934
14933 18891 17424
14468 19999 14887
16921 15524 19265
15761 15634 19793
14663 19915 14905
16822 15761 19017
16154 17598 17907
17238 18240 15845
16349 16427 18892
17375 16384 18186
18014 15754 18127
17707 17364 16579
17873 16515 17323
14909 18732 17667
14556 19820 15303
14717 19873 15039
15707 15695 19854
17320 15832 18714
18064 15917 17759
16093 18272 17211
17691 16448 17533
17864 18296 15204
18910 15832 16472
19142 16445 14990
14453 19942 15047
18627 16375 16338
15158 18795 17095
14668 15138 20188
14770 15928 19968
14622 15183 20202
15053 18698 17551
16682 15233 19461
15335 16326 19599
17516 18612 15006
17548 16059 18267
16983 15323 19273
18608 15993 16764
18117 17555 15871
15001 15721 19996
17922 16722 16925
15932 18501 17282
15966 18660 16862
17855 15650 18455
17743 17871 15874
18714 15968 16458
15156 17316 19017
14387 19912 15157
15154 18157 18161
15611 17578 18603
15142 15033 20089
17975 18031 15364
17339 18669 15338
17711 18408 15239
17445 15259 18889
16940 15757 18943
17059 15456 19113
14700 15874 20029
14627 19931 14898
17276 18126 16218
17844 18232 15277
17959 18078 15342
18539 15680 17645
19276 15959 15347
14462 14782 20291
15806 18935 16181
14429 19975 14988
16438 17532 17749
14827 17915 18661
16006 17805 17773
17739 17677 16231
17762 17475 16421
17926 17998 15389
15345 17341 18851
18934 15802 16715
14868 18913 17325
14731 19426 16115
16819 15785 19021
17361 15876 18712
17312 18798 15149
18435 17667 15274
19392 15952 15136
19051 16146 15817
19603 15358 14918
15045 16715 19441
14686 19653 15617
15411 19013 16519
17086 16653 17844
15598 16153 19579
16285 17378 18022
18078 15909 17830
18815 15865 16876
19345 16220 15138
15172 17553 18882
15101 16678 19509
15114 16727 19296
16772 19020 15151
17141 15326 19164
16734 17701 17437
18162 16029 17487
16790 19078 15076
14617 15794 20040
14799 19523 15775
14736 15707 20101
15089 18506 17851
16629 17703 17543
14452 19982 14971
15016 17793 18743
14876 14839 20232
15725 18986 16125
15687 17913 17963
16539 18414 16612
16672 17954 17052
17808 15543 18469
16564 18511 16240
17384 18085 15923
18153 17329 16137
17899 18124 15284
19378 15484 15763
14416 19983 14937
15051 14731 20177
15138 14908 20141
14653 19729 15458
15233 17225 18924
16935 16627 18316
15512 19593 15108
18226 16017 17326
17830 18339 15247
17276 17755 16434
14969 16590 19578
16621 15839 19107
15963 18261 17334
16117 18845 16110
16749 19046 15086
16094 18595 16911
17229 16964 17442
18195 15785 17759
19562 15555 14863
18267 15798 17645
17381 16049 18424
16543 16796 18372
14980 18832 17430
16808 15393 19341
16635 15310 19503
16765 15806 19117
16980 15372 19243
17809 16842 16920
18040 18102 15182
18821 15325 17204
19161 16378 15028
14762 19297 16723
15405 15833 19908
15778 17588 18263
14535 19934 14942
15092 19247 16230
15586 19566 15275
15855 15019 19876
16030 18369 17243
16738 17943 17007
17761 18359 15093
18750 15625 17114
14749 16733 19550
14996 18803 17453
14489 19958 15022
15667 15990 19626
17545 16566 17555
17282 18846 15137
17182 15397 19159
16032 17882 17589
17143 18667 15473
15760 19280 15435
15203 19310 16117
15257 18643 17604
17288 15546 19047
17758 17367 16576
18744 16653 15818
19282 15699 15791
14744 16818 19516
14828 17895 18673
14799 19198 16837
15229 16869 19258
15110 19222 16158
15459 17334 18844
15360 16959 19205
16888 16124 18654
17628 17306 16873
16825 17021 17988
17840 18245 15239
18020 17525 16005
18050 17402 16233
15098 18647 17514
18671 15628 17131
19070 15800 16217
14489 15160 20244
17319 17347 17341
16870 15811 18974
15265 17204 18966
15214 14756 20107
15799 18516 17365
17425 17097 17113
17499 18194 15703
18333 17761 15285
19468 15720 15136
19548 15383 15233
19606 15426 14758
14803 16814 19484
17540 16612 17457
15306 19180 16568
15080 15355 20147
16569 15515 19362
15172 17230 18995
16167 15778 19464
16937 15403 19320
16352 18800 15848
17772 17085 16797
19343 15486 15798
14432 20003 14884
17228 15364 19099
16936 16415 18375
18024 16822 16731
17864 16431 17697
16821 17762 16997
17209 18729 15245
16749 14988 19451
19104 16056 15871
19536 15356 15320
19610 15221 14908
19609 15339 14891
14822 16786 19488
14831 18209 18230
16001 18549 16982
15350 19030 16881
16225 16318 19069
17587 17801 16309
14637 16619 19584
15470 17250 18829
17857 17217 16603
17643 17148 16953
15787 18555 17049
15002 18969 17142
15014 18179 18218
14947 18990 17165
14458 19862 15213
15691 16206 19417
16401 18679 16358
16310 17221 18567
17089 18346 15974
18089 17343 16045
19130 15829 15928
15049 17541 18962
15606 16664 19312
14554 19914 15067
16718 17760 17231
16943 15741 18996
18465 16676 16329
19314 15672 15520
16945 15669 19056
18413 15687 17785
16836 15522 19324
15081 14818 20173
15453 16327 19549
15716 17412 18529
15252 18217 17971
16048 19364 15098
16519 17146 18070
18734 16764 15906
19255 16367 15263
14604 19894 15085
15046 14802 20182
14661 19610 15880
15098 15433 20101
15415 17711 18464
15102 18336 18093
16918 15445 19266
15272 17232 18919
17723 18378 14877
16967 15470 19189
17541 16327 18156
16996 16827 17774
16742 19022 15186
16971 15332 19313
19445 15736 15206
19011 16016 16069
18988 16895 15268
18889 15631 16943
19607 15383 14863
14745 18912 17377
15735 17608 18410
14984 18504 17963
16754 15707 19141
15874 15322 19771
15312 17289 18899
17735 15424 18704
16476 17908 17338
17440 15350 18975
16738 16560 18555
17506 18657 15285
15768 15725 19709
17807 15504 18693
18710 15526 17131
18551 17451 15367
17912 17860 15547
19539 15564 14810
14766 14580 20255
15118 15674 19988
15206 17412 18910
14777 19169 16922
15056 19510 15560
15017 19821 14770
15713 17569 18480
17463 15703 18504
17189 15644 18789
18432 15594 17733
18521 16293 16756
18240 15717 17915
17860 18331 15205
19276 16267 15063
18856 15638 17021
18300 15679 17868
14766 19393 16246
14762 15936 19940
15106 16368 19613
16721 19093 15193
17333 16806 17759
18641 15512 17537
16489 18056 17156
17996 16055 17670
14679 19435 16168
16107 18572 16807
15427 15869 19750
16615 16699 18418
16414 18147 16807
16653 15867 19096
17056 15447 19152
16893 17339 17581
16861 18494 15876
17684 18416 14865
18240 16614 16690
18213 15546 18216
15105 15054 20118
18488 15976 17159
14736 19536 16108
14828 16465 19705
15357 18454 17665
15976 19092 15642
19215 15657 16000
14649 19722 15486
14684 19388 16622
14937 19135 17114
17387 16617 17676
15475 17828 18338
18038 15777 17845
16944 18755 15419
17609 18537 15131
18756 17153 15390
14789 18997 17244
15542 18438 17651
17585 18249 15499
17058 15333 19179
17083 15621 18877
16957 15343 19277
17448 15199 18872
16388 18713 16136
18269 15311 18023
17656 16598 17376
18331 17682 15492
17730 18147 15536
14913 16605 19582
16341 17375 18049
14766 19368 16334
17194 17762 16769
16266 16390 18995
15053 18475 17868
18277 17427 15756
17527 15680 18569
18250 16663 16407
18226 15477 18071
18874 16238 16103
18742 16020 16387
15000 18772 17537
14989 18805 17396
14867 16346 19683
14620 19541 15915
14438 15063 20279
15946 15181 19779
17198 15377 19112
17201 17591 16801
14942 18178 18253
15048 16751 19393
16256 17630 17666
15626 18648 17027
16371 18338 16932
17569 17175 16964
18319 16098 16838
18158 15661 18320
19137 16289 15453
18780 17161 15190
14923 18379 18079
14578 19904 15158
15245 14745 20124
14510 19954 14940
15782 16921 18902
15339 19034 16627
17559 17974 16093
17681 17039 16962
18373 15835 17511
17835 18266 15281
18959 15704 16818
19447 15444 15530
15240 16740 19218
14812 16378 19742
15110 17696 18762
15637 16271 19482
16530 18599 16087
17108 18144 16115
16384 15239 19632
16086 19274 15205
17568 18538 15274
18255 17701 15506
17541 15470 18759
17896 15663 18325
18561 15842 17119
18690 15663 17126
19280 16171 15175
19615 15297 14899
14664 15594 20111
14923 16172 19838
14423 14595 20342
15785 17431 18456
15604 19596 14680
16334 15479 19520
17537 16022 18277
17332 18643 15401
16716 19024 15255
17343 15338 18980
17079 15526 19102
17392 15766 18637
16673 17702 17232
17814 16063 18102
18827 17054 15254
19524 15477 15215
15006 18016 18537
14746 19519 15950
15827 15990 19576
17263 16553 18233
16715 17181 18046
16695 17593 17544
16029 18059 17444
16670 17212 18015
18748 16560 16014
15090 15134 20117
14935 16713 19541
16775 17597 17292
16527 16317 18840
14734 19887 14925
16842 16875 17974
16774 17601 17505
16393 15434 19485
18562 15731 17293
18176 17670 15528
18544 15616 17523
18991 15977 16223
14795 19509 16092
19575 15539 15172
14753 19622 15872
15063 16245 19793
15761 17222 18764
17015 15359 19247
17433 15410 18912
17596 15232 18853
16602 15167 19552
16629 17345 18044
17306 17528 16751
19424 15565 15462
14663 16706 19570
14791 17929 18641
14952 16496 19666
14739 16294 19807
15158 15428 20005
14663 19995 14833
16071 16741 18864
15998 18244 17354
16055 19243 15289
18895 16435 15794
17828 15440 18629
17863 16732 17151
14866 17050 19456
15781 16373 19335
15929 19379 15145
15615 14944 19987
15810 17250 18613
15632 18848 16853
16954 17543 17321
16673 17638 17485
16800 19012 15184
16737 17286 17907
18144 17649 15683
18234 16207 17165
16607 17112 18048
17449 16739 17510
18333 17015 15940
19007 16484 15627
14843 15750 20045
15727 16949 19022
17154 18870 15044
17283 18431 15730
16388 18650 16457
18468 16508 16648
17502 15575 18652
18356 16913 16030
19308 15895 15275
18741 17167 15425
19592 15448 15136
14815 19140 17006
14901 19066 17143
18735 16101 16393
14981 18123 18414
16018 17815 17742
17817 15800 18227
17399 15482 18882
18386 15656 17819
16829 17535 17447
17501 16475 17999
19025 15624 16648
19106 15710 16646
19119 15538 16549
19479 15485 15204
19058 16618 15178
19626 15362 14852
15281 18639 17600
14937 19755 15205
14974 14779 20253
15038 17500 19020
15707 16016 19624
15294 18000 18147
16915 16807 17960
16208 15808 19356
18022 16848 16601
16950 15718 18810
17970 16507 17508
19400 15651 15587
18402 17750 15425
17399 17193 17109
16570 15557 19189
15804 19446 14947
14732 19539 16054
14661 15293 20184
14945 19036 17225
14788 19272 16919
15194 17525 18946
14988 19669 15327
15339 15550 20002
16336 15299 19633
16442 19122 15340
15544 16427 19439
17772 15810 18325
16960 15484 19125
17562 18610 15104
17724 18355 15115
19500 15570 15176
19127 16360 15293
18622 16809 15833
14973 18679 17579
15117 18072 18311
16574 19150 15100
14645 19286 16782
15777 16954 18940
15086 19629 15306
16139 15255 19725
15834 17735 17920
18302 17076 16080
17452 16558 17580
17040 18976 15097
18255 15765 17770
18818 15987 16420
18688 17241 15328
18807 15480 17062
18896 16121 16255
18516 15998 17035
19520 15400 15321
14451 15157 20265
15362 19058 16581
15198 17245 18918
16766 18523 16011
15989 15149 19731
18265 16312 17029
17780 18304 15258
18252 17873 15395
16548 15639 19208
18708 15415 17404
19095 15771 16021
19024 15617 16650
19064 16482 15324
17274 18184 16098
16472 16191 19001
16793 17058 18087
18745 17276 15273
19335 15514 15841
14541 19550 15938
16507 17384 17656
16609 17079 18139
17616 17215 16953
17285 15837 18735
18092 16804 16645
15018 17892 18664
14795 19895 14853
16217 18506 17003
17041 17672 16892
17107 16171 18403
18196 17401 15806
18212 15802 17745
18266 15991 17391
17864 18286 15212
18240 15315 18038
18616 15555 17253
18862 15685 16945
14861 16198 19812
15081 17096 19327
14680 19979 14854
15043 18677 17694
16165 18544 17118
15703 14973 19977
15745 16026 19621
15113 17040 19229
16740 17347 17590
17618 18489 14953
18026 16655 17030
18138 17972 15243
17899 18314 15078
17780 17836 15817
18042 18043 15235
18892 15462 17070
19327 15663 15795
18451 15638 17685
18696 15442 17405
18866 15381 17103
14702 18825 17484
15051 17757 18719
15008 17225 19310
14990 17371 19252
17460 17078 17127
15538 15769 19811
15052 19205 16380
15402 17714 18519
16434 16753 18432
16689 15285 19436
17363 18027 16284
18564 15226 17592
17954 18098 15270
18493 16575 16281
18794 16177 16184
19161 15590 16289
18554 17369 15446
18469 15591 17716
19127 15730 16441
14959 17144 19332
15066 15379 20134
15716 18247 17703
15562 19041 16304
16033 14885 19791
16484 18761 15964
16524 17974 17287
16969 17456 17373
17856 18053 15396
14900 17712 18803
14922 19893 14848
15180 17447 18955
15180 16978 19205
16980 16779 17831
15021 17845 18643
16415 14983 19632
15110 14786 20176
16217 17373 18129
17333 16486 17967
15607 17355 18642
15267 18421 17846
15512 18655 17201
18098 17585 15706
18318 17207 15772
18522 16401 16610
18663 15720 17250
18625 17370 15149
19336 15450 15884
19486 15696 15147
14950 17082 19448
14785 14462 20260
15739 18638 17094
15009 18750 17505
14657 19529 16249
15668 18279 17870
16939 15391 19373
16939 16631 18296
17679 17351 16818
15493 17161 19077
16561 15402 19515
17762 15634 18576
17335 15692 18716
17539 15682 18504
17703 15417 18850
17422 17414 16906
17670 18416 15236
17856 18292 15229
18065 15677 18228
18935 15415 17060
15063 17172 19155
14897 18444 18012
15036 16827 19437
16275 15301 19666
17462 18197 15858
15305 19436 15513
16548 18451 16462
17040 18726 15463
18554 15909 17270
18532 16467 16470
18677 15623 17212
14663 15237 20201
17362 18545 15402
17605 18546 15100
14764 15365 20165
17641 15845 18284
15944 18446 17484
18936 15786 16432
15892 16504 19128
17631 15460 18761
17251 16146 18424
18442 15828 17640
19337 15996 15243
19481 15489 15195
14800 16175 19851
15186 15845 19839
14770 14669 20254
16343 15277 19681
17269 17667 16493
17797 17732 15764
18979 15657 16855
14993 18278 18172
15043 16698 19563
14796 19321 16554
14911 18836 17456
17078 15979 18596
15377 19220 15830
15961 18361 17250
15523 19259 15794
17103 18807 15272
15488 18538 17530
16200 18526 16903
17102 17938 16620
17711 18294 15301
14984 17403 19133
14981 18594 17820
14994 19016 17152
15116 17683 18872
14797 18911 17357
15370 17699 18568
15717 17338 18658
15193 18030 18183
17265 16631 17830
16488 15354 19585
18551 17532 15258
19442 15769 14997
19493 15741 14854
14911 17538 19023
14556 14991 20276
16483 17807 17514
17737 15298 18701
16940 16933 17756
18729 15657 17069
18314 16507 16666
18261 17767 15400
18430 15656 17684
18607 15730 17504
19066 16586 15163
14857 15813 19940
15060 18197 18096
14668 19544 15880
14647 19697 15789
14951 17415 19058
16905 15683 19057
14533 19530 16221
15351 15909 19801
15948 14906 19834
16516 15312 19530
16199 15888 19305
16398 18182 17338
17961 15846 18073
18894 16194 15979
19468 15622 15167
14996 19838 14845
14588 19903 15051
15264 19685 14856
16562 17827 17200
15996 15000 19777
16688 15622 19185
16436 18002 17390
16256 18889 15829
16086 15705 19492
15210 17943 18350
17535 15435 18776
17531 16502 17800
18239 16493 16908
15205 19191 16059
18747 17234 15248
15105 17537 18923
14663 19723 15448
14817 16872 19458
16932 15421 19193
17217 17521 17123
17237 18340 15830
17559 18563 15294
17280 15573 18792
18435 16727 16320
14849 16384 19692
14620 19785 15460
15033 17219 19241
15044 18533 17872
15795 19476 14784
15408 19161 16523
17819 17700 16033
17919 15662 18424
16686 17617 17515
18972 15921 16306
18554 15612 17568
19466 15436 15524
14870 18920 17271
14922 16265 19707
16225 15472 19561
15308 19069 16548
15113 19072 17108
17082 15801 18754
15983 17232 18618
17048 17846 16651
15365 18594 17208
16741 17341 17601
17871 17421 16116
17351 17112 17295
17925 15511 18394
17984 15784 18090
17603 18562 15252
18216 15452 18079
19063 16110 15612
19324 15609 16237
14442 19873 15247
15109 17832 18520
14952 17137 19416
14863 19301 16543
16419 15237 19626
17072 17601 16868
17072 18744 15403
18285 17485 15658
18975 15477 16884
18158 17942 15392
17952 15490 18594
19424 15856 15135
14937 15989 19802
15088 17266 19107
14598 19885 15202
14940 19018 17231
15569 16828 19192
15078 19404 15780
16592 18139 17045
17414 15498 18878
17143 15606 18812
17927 17364 16306
18657 17362 15060
18902 16488 15695
19337 15439 15936
18750 17050 15402
15056 17388 19185
15191 15072 20039
14682 15554 20120
15574 16711 19182
15465 15524 19981
15776 17799 17910
14512 19550 16200
17056 17312 17621
16725 18405 16341
18874 15316 17071
18799 15523 17268
15011 18515 17891
14528 19977 14931
17907 15521 18432
15169 18104 18108
15650 19539 14963
16639 16615 18480
16756 17628 17080
15819 19043 15937
14813 19152 16999
17081 17642 16825
17024 15355 19229
17104 15578 18926
17748 17155 16874
17820 15525 18615
18193 17469 15723
18837 15650 17042
18475 15386 17768
19267 16030 15343
15057 17588 18923
15083 18676 17736
14919 18684 17701
14908 18907 17332
15611 18444 17525
15854 15566 19842
17443 15319 18905
16543 17730 17428
18164 17801 15403
18511 15918 17077
17140 17260 17357
17876 15548 18445
18675 15493 17289
15128 18059 18408
19017 15812 16422
19122 16555 15252
19519 15550 15163
16034 18067 17355
17222 18636 15432
14997 18895 17275
15174 18632 17795
14599 19717 15596
14766 17710 18818
15253 17652 18680
15660 18312 17723
15372 19053 16553
16481 17395 17910
16802 19031 15139
17386 18753 15178
16328 17222 18524
18464 17546 15151
18207 16875 16158
18967 16203 15968
18488 17495 15372
15250 19657 15301
15200 19673 15257
18696 16619 15651
14944 19770 15192
16023 19327 15633
15961 19322 15654
18737 16872 15402
15105 19737 15417
15420 19638 15182
15041 19728 15437
16562 18878 15488
18620 15958 16443
15679 19443 15561
16035 19159 15657
16399 18958 15701
18477 16754 15888
19113 16180 15234
18940 16158 15651
15451 19616 15351
14846 19558 15939
16076 19175 15646
16307 19141 15597
15057 19589 15836
15803 19357 15528
15793 19368 15443
18536 15990 16524
17610 17393 16299
15857 19087 15757
14838 19390 16492
16685 18760 15510
15131 19697 15427
18648 16888 15490
15729 19571 15306
15634 19116 15912
16168 19011 15731
18876 16898 15148
19233 16040 15184
14792 19790 15325
16031 19212 15474
15659 19534 15359
19020 16098 15500
19246 16000 15135
16358 18962 15751
19175 16102 15287
15690 19418 15581
15156 19690 15610
16464 19082 15582
15348 19640 15483
15553 19513 15377
18764 16730 15385
14964 19375 16242
16268 19001 15682
15850 19441 15246
15936 19045 15883
15941 19393 15301
17812 17837 15623
16528 18858 15600
18697 16834 15464
15142 19708 15377
16066 19208 15547
16188 18826 16005
15702 19501 15434
16016 18686 16349
17883 18033 15138
14892 19581 15886
18213 16167 16918
15511 19585 15309
16578 18978 15451
19105 15788 15612
18448 17150 15344
16099 19257 15456
16483 18882 15790
18473 17120 15390
19380 15662 15023
19373 15601 15232
14754 19584 16077
19302 15177 15834
16151 18869 16000
16301 18862 15832
15126 19702 15570
16130 19196 15379
16228 18477 16279
19459 15433 15130
14842 19501 16190
15373 19589 15612
15717 19367 15557
16306 19160 15516
16181 18873 15941
18776 17035 15121
14975 19289 16447
16168 19019 15689
15588 19582 15309
15878 19511 15150
16059 18924 15920
14886 19353 16474
16153 19028 15861
16106 19140 15625
15960 19353 15481
19230 15279 16110
17127 17495 17056
17808 16074 17625
18745 16993 15127
17070 17460 17111
15846 19471 15195
16310 18896 15831
18866 15839 16310
16133 19096 15705
18648 17111 15121
18915 15804 16250
16113 19214 15421
15736 19435 15506
18362 17363 15269
16914 17642 17036
18651 15991 16435
18691 16879 15447
19294 15179 15884
16238 19209 15220
18710 16968 15174
17137 17687 16894
15978 18420 17107
18652 16970 15146
15749 19334 15723
15128 19718 15375
19320 15137 15811
15165 18582 17867
16853 18204 16312
15721 19135 15857
14787 19558 16116
15299 19463 15658
15961 19139 15755
15759 19494 15327
18591 17418 14882
15204 18157 18357
15705 18275 17383
15459 19573 15319
15460 19624 15234
15884 18710 16317
14923 19235 16556
15259 18170 18336
14841 19360 16480
16214 18378 16737
17848 17221 16414
16015 18678 16710
15264 18398 18044
18850 15527 16690
14849 19309 16588
15387 18361 18035
15355 18508 17873
15110 19618 15792
14883 19463 16202
16839 17484 17180
19175 15354 15924
16110 17376 18198
16406 18200 16669
14915 19339 16431
15921 18496 16722
14965 19310 16428
16828 15927 18718
17657 17384 16210
15593 19485 15545
18603 17434 14877
16405 18453 16363
15379 18244 18169
16652 17615 17309
16840 17454 17275
15804 19257 15814
15356 19534 15620
15815 19446 15299
15411 18198 18178
14780 18960 17253
15106 19028 16868
17139 17580 16913
15522 17783 18374
14812 19432 16337
16334 16859 18625
15062 17806 18646
15340 19629 15510
16727 17742 17137
17995 17557 15603
18397 17201 15294
18828 15846 16282
17534 15970 18212
15286 18137 18292
16517 18912 15610
18736 15794 16609
18806 15833 16415
16912 17362 17536
15214 18091 18480
16713 17781 16934
15838 18587 16731
19584 15234 15203
15749 15847 19426
18270 17180 15807
19497 15299 15175
19614 14950 15040
15480 19548 15510
15650 17472 18699
15761 17314 18707
17589 18056 15429
14884 18920 17347
15374 19208 16269
15178 18863 17536
15419 19138 16236
14741 19603 15865
14786 19703 15440
15795 19509 15235
16336 19115 15384
17120 18308 15791
15978 15377 19602
17726 17665 15952
17206 17145 17421
15838 17236 18638
15206 18566 17847
17496 17656 16096
18712 15904 16322
19344 15732 15246
17915 17301 16090
16457 18776 15844
15655 17997 17984
16195 18700 16310
15888 19457 15123
16970 17727 16851
14779 19561 16010
15651 15904 19494
15905 19337 15497
18839 15555 16674
18216 17233 15749
15181 18005 18495
18856 16891 15278
16700 17410 17453
15263 18740 17678
15217 18698 17690
17420 15882 18422
19460 15042 15500
14803 19562 15921
15504 15419 19914
15607 17968 18074
17633 15763 18285
15921 19186 15696
17612 17486 16152
16564 17120 18090
18717 17274 14900
19604 15101 15156
16646 17389 17637
15290 18078 18346
18963 15309 16689
15272 19583 15856
15888 17333 18632
17944 17574 15913
17181 17188 17394
15545 19547 15364
16671 18767 15629
15670 19453 15489
16063 17837 17709
19362 15799 15103
19351 15712 15137
15596 17544 18644
15973 18978 15967
17653 17456 16144
18692 17298 14965
18955 15615 16561
16444 17654 17605
15542 19503 15449
19571 15196 15243
15460 15765 19763
15778 19426 15434
15643 17883 18101
15117 19279 16223
17147 15263 19090
18762 17203 14900
18734 17249 14967
15638 19419 15608
17244 17671 16699
17629 17745 15835
15280 19270 16094
17091 18256 15988
19227 15281 16107
18555 17468 14886
19382 15557 15263
15764 15737 19611
16707 16006 18888
16485 19062 15324
15250 18833 17499
16178 17623 17856
16667 15085 19429
17412 17115 17296
18498 16381 16282
18930 15416 16702
18606 17141 15145
15073 18958 17306
16033 16972 18659
16596 18339 16135
15718 17609 18377
17351 15895 18537
15247 18989 16833
15165 18912 17275
15229 19649 15327
16485 15243 19479
16850 17405 17227
16126 19206 15400
16795 17616 17223
17254 17654 16650
16778 18397 16044
16579 16030 19005
14954 15971 19898
15683 14997 19873
15261 18925 17143
15422 18439 17877
15615 15385 19718
16571 16235 18875
15735 19545 15080
17413 15839 18450
15342 18908 16982
14875 19534 16053
15183 15648 19891
16603 17190 17935
15130 18820 17543
15038 15718 19884
15586 18899 16807
17572 16755 17158
17881 16920 16726
16078 14931 19774
17319 16060 18421
17281 18212 15637
18362 16438 16535
19350 15213 15754
14845 19329 16513
15763 18608 17045
16994 15313 19274
18989 15517 16679
15859 17606 18310
15298 18569 17831
17226 17981 16391
17303 16870 17445
15198 19130 16463
17839 15928 17875
17073 15402 19264
17435 17088 17266
15356 18583 17808
15606 17755 18420
15552 18291 17861
16166 17937 17606
15406 18576 17723
15814 15938 19341
17047 17988 16529
15442 18313 18042
18368 17008 15760
15843 19083 16143
16306 18388 16656
16514 17524 17720
19375 15265 15585
16688 17465 17322
17733 15418 18470
18190 17420 15542
17084 17882 16547
14954 19180 16681
14723 15727 20015
15523 19524 15632
14793 19887 14994
17490 16087 18250
16775 18136 16555
16217 18480 16280
18375 17691 14816
19271 15254 15941
14599 19608 16023
16063 17618 18073
14833 19864 15101
15399 18838 17100
18634 17111 15198
19234 16080 15105
16368 18212 16979
16862 16961 17863
15617 18074 18023
17280 15451 19045
15181 19644 15707
15506 18626 17360
18478 16660 16111
14751 19532 16167
15258 15575 19894
17364 15371 18926
16259 17582 17933
16816 17831 16911
16029 16681 18982
17655 17896 15610
17495 15815 18439
17059 17717 16833
19180 15245 16266
15097 18426 18101
15658 18846 16586
17979 18235 14766
19489 15296 15230
19040 15642 16029
16039 16751 18864
14941 19886 14989
15077 18905 17360
14891 15698 20078
17000 15449 19171
16284 17120 18437
15488 18329 17886
15518 18437 17665
18508 17287 15179
19323 15322 15802
14694 19712 15775
15609 16005 19445
15809 15839 19420
14911 19847 15017
16427 18077 16870
15460 18799 17057
15399 18561 17795
16071 15238 19794
18334 17787 14908
18744 15851 16341
15330 19670 15280
16650 15593 19147
15656 18293 17704
16445 17296 18124
15372 15502 19948
14841 19603 15831
17857 16828 16822
19289 16051 15076
18827 15682 16568
15498 17746 18499
15835 17705 18134
16688 19169 15123
18726 16617 15807
18566 17415 14985
19298 15247 15858
18316 16158 16758
15571 15299 19885
15754 19359 15681
16372 17750 17677
16437 17504 18029
16716 17068 17963
17105 17082 17462
17690 15597 18388
17273 17575 16686
17648 15352 18670
18900 15548 16684
14597 19879 15228
16301 17168 18317
15783 17394 18525
17721 15487 18466
17561 17331 16738
19167 15364 15960
14774 15626 20096
17149 15585 18849
15778 14814 19932
17335 17770 16300
17359 17837 15996
17857 17454 15995
15405 18216 18046
17194 15506 18998
17944 15505 18314
19472 15006 15413
15234 15569 19923
15988 16932 18741
17612 18337 15096
17708 15348 18500
18551 17440 15069
18842 17029 14853
15277 19446 15841
16919 17770 17026
15669 18237 17428
17678 17137 16842
19447 15174 15502
19366 15116 15777
15169 18964 17186
15331 17996 18401
17372 16275 18162
15357 19626 15351
16654 18242 16313
16577 18311 16471
18799 17202 15108
19503 15322 15113
16315 16578 18848
17806 15340 18426
19228 15141 16115
15243 18838 17541
15912 19043 15994
15559 17826 18184
16635 17973 16818
18552 17058 15357
18686 15952 16267
19441 15694 14955
15254 18759 17570
16645 17048 18173
15470 19599 15292
16442 19150 15187
18056 18051 15053
18643 16727 15541
18718 16950 15242
15507 19591 15218
15971 19267 15684
18177 16205 16869
15999 18570 16715
15359 17411 19001
16681 18534 16006
16083 17749 17744
16906 17364 17746
19278 15119 15914
15809 17853 17979
17480 17441 16470
17179 17013 17575
19386 15158 15772
14606 19702 15841
18338 16292 16541
15958 14928 19843
17352 15485 18853
17687 15552 18460
17359 16032 18508
17751 17225 16627
15611 14874 19941
18507 16488 16207
17773 15801 18078
17489 15496 18771
17251 17993 16363
17996 18195 14878
17437 15567 18772
15056 19135 16748
18399 17336 15186
19161 15992 15369
19514 15100 15323
14776 19329 16568
15557 14799 19966
18523 17240 15105
19148 15870 15413
15011 18907 17357
17917 16788 16776
18133 17215 15840
17599 17321 16608
17310 15522 18944
18404 17197 15371
19154 15508 16311
16550 16396 18824
15329 18044 18309
16459 15761 19221
16395 17202 18176
16811 16868 18246
14688 19620 15896
16845 17463 17098
17331 17656 16571
16215 18648 16161
18706 16743 15421
18718 15628 17022
16475 18408 16488
17236 17668 16760
17858 15567 18244
18465 15754 17550
17101 15325 19206
18213 15593 18035
18436 16666 16041
15623 16082 19433
19492 15215 15309
14529 19827 15440
14902 19843 15049
16802 15566 19078
16553 17785 17443
16417 18507 16093
16934 15926 18698
19437 15129 15719
19378 15353 15568
15958 18903 16249
16006 15698 19528
15530 17353 18713
16439 17600 17788
14808 19751 15375
14983 16768 19471
15337 17581 18806
19023 15639 16178
15426 17346 19022
16238 16683 18715
16348 16633 18619
18346 15660 17659
15325 17824 18501
15598 17266 18779
15407 17629 18595
15558 17268 18930
16770 15861 18990
17471 15384 18826
18393 17221 15354
18674 16018 16221
18022 17663 15583
19190 15998 15343
14773 19541 16142
17051 18489 15896
16647 19059 15242
17190 17821 16706
19105 15539 16310
17205 18087 15995
17760 15592 18372
16487 17278 18066
16718 19080 15187
19004 15866 15915
18397 17658 14895
16556 17579 17475
15379 19277 15972
16641 15707 19133
16798 16979 18010
17509 17044 17022
16689 18694 15545
17945 15493 18262
18756 16571 15522
18649 17334 14994
19612 15038 15161
15024 19352 16407
17603 17687 15984
16682 17163 17840
16962 17909 16668
18259 15543 17995
19226 16091 15020
16600 18841 15696
17551 15656 18572
15513 18741 17036
16232 17986 17536
17987 17683 15728
18826 16688 15306
14774 19567 15941
16285 17045 18413
16889 18135 16301
17433 16236 18170
17805 18320 14952
18609 17274 15067
18502 16068 16867
15406 19622 15556
16014 16993 18631
17049 15495 19119
16927 16450 18403
16428 15307 19552
17356 15477 18784
15697 15930 19378
18319 15437 17874
18954 15776 16168
19526 15346 14947
14988 19863 15004
15203 16610 19569
16009 18043 17720
18127 17457 15562
18372 17106 15744
18474 15993 16884
18931 15309 16760
19208 15120 16163
16312 15191 19672
16680 16857 18394
16969 16300 18550
18715 15856 16357
17015 18894 15332
19371 15879 14777
15368 17406 18896
18500 15786 17361
15835 16357 19238
15962 17184 18610
18512 17220 15216
17768 17095 16668
18323 17676 15016
17400 17672 16089
15492 19623 15207
16726 15552 19084
16245 15219 19623
15479 15532 19849
17275 15608 18818
17776 18347 14847
17674 15442 18505
15961 17740 17806
16561 15808 19106
17167 15548 18972
15868 15070 19801
16193 16514 18894
15783 17978 17929
15601 18830 16886
16069 16867 18687
18563 16725 15813
19445 15013 15584
19448 15265 15262
15730 16075 19345
15505 18750 16964
15559 18419 17717
17436 15422 18922
16807 17469 17307
16531 16053 18972
17643 15453 18614
18299 17636 15095
18185 17755 15105
18383 16840 16122
18363 15447 17798
18930 16798 15139
17066 15608 18919
14872 19544 16062
15356 18974 16940
14668 19931 15142
16313 17102 18251
16076 19330 15345
16109 15058 19742
17207 16361 18380
16723 16350 18858
15226 15911 19793
15469 14745 20000
15174 19161 16693
16065 19393 15219
17057 18419 15642
16640 17914 16977
16901 16575 18429
15980 17119 18537
14803 19319 16695
16792 18867 15398
15244 18346 18081
16871 15985 18707
16376 16552 18787
18654 17365 14885
19438 15344 15263
15194 16646 19612
15101 16523 19621
16017 15357 19644
16589 18407 16124
17621 15489 18561
18738 15666 16601
18320 17429 15347
18923 15328 16829
14696 15349 20189
15207 18963 16965
17333 17532 16749
17621 16629 17217
19323 15471 15611
16229 15786 19261
17148 15577 18858
17057 18920 15032
18082 18127 14905
16130 15103 19735
15325 14967 19995
15819 19330 15507
16697 17553 17305
17541 15650 18611
15903 18466 16950
19377 15826 14875
15294 17552 18883
14644 19929 15149
14864 19296 16701
17770 17489 15951
18891 15251 16849
14864 19426 16383
14933 19825 15109
16511 19169 15134
15394 17512 18880
16397 19118 15365
18047 17986 15101
17591 15362 18626
18944 15643 16402
17854 17029 16619
17500 15356 18754
17650 17527 16062
15264 18057 18351
14736 15540 20097
15003 19797 15128
15410 16357 19471
15848 16237 19227
17589 15779 18301
15799 17858 18033
19382 15538 15268
18422 15576 17568
14841 19506 16136
16128 15660 19413
18580 16752 15741
17238 16399 18182
16732 18294 16273
17189 15426 19063
17766 16467 17705
19007 15639 16401
15506 18195 18194
15807 19478 15345
17010 16279 18691
16134 18162 17491
16406 15314 19527
17021 16422 18331
17605 17499 16259
16073 14945 19755
17317 17734 16446
18303 17193 15673
17004 18386 15914
15011 19024 17143
18264 15930 17524
16547 19143 15185
16713 15578 19067
15761 19485 15291
16027 15535 19537
16744 16545 18594
18546 17068 15355
19539 15166 15299
14621 15931 19924
15464 14753 20012
16310 16873 18552
17708 16481 17857
16428 18063 17256
18094 18103 14853
19322 15611 15275
14888 15464 20105
15103 18396 18066
16142 15022 19730
17405 18423 15294
15552 18747 16917
17944 18239 14807
18564 17299 15099
19137 15521 16373
18978 16643 15247
19005 15461 16584
19060 15796 15491
15124 19014 16872
17551 17671 16020
15286 15662 19811
15456 19559 15445
14707 19495 16282
15337 18800 17121
17907 15508 18358
16746 17740 17264
17208 17678 16742
18335 17751 14837
18244 17245 15593
15388 18478 17992
15084 17799 18651
16571 15545 19190
17446 17215 17263
17738 15619 18363
15810 17686 18247
16194 15100 19675
16976 15475 19253
16537 16603 18584
17475 15558 18737
14755 15935 19920
18054 16178 17239
16736 17027 17927
17711 17159 16769
18921 15522 16576
19064 16657 15105
16893 17977 16630
17436 15779 18565
17700 15383 18520
17953 18267 14778
18410 15891 17314
17210 18585 15357
18719 15650 16958
17719 15988 18170
14689 15733 20005
15601 18543 17321
15536 19426 15831
17421 18392 15407
16231 17690 17773
16756 18512 16051
15506 18504 17659
15089 18925 17297
14669 19627 15875
17615 17471 16194
19396 15277 15541
14878 19241 16779
15040 19818 14968
16192 18658 16667
17129 15460 19159
19034 16658 15112
14719 19552 16162
17287 15956 18536
18344 15674 17578
19271 15623 15315
18340 15526 17860
19413 15168 15647
15174 18245 18174
15882 17215 18638
17508 15754 18509
16103 19382 15245
16903 16667 18254
17069 16246 18455
18294 15703 17809
19146 15768 15830
15894 14956 19825
16401 19219 15139
16635 17521 17349
18517 16924 15617
18483 17597 14861
19462 15261 15414
16537 18078 16787
15143 16543 19620
15473 19601 15241
17758 16557 17630
15973 18005 17774
17439 15766 18516
17363 18428 15557
16231 16584 18775
16966 18879 15383
15056 19016 17075
14845 19354 16512
14999 15703 19907
15671 15662 19632
14739 19375 16499
16645 15638 19162
16625 16360 18868
17508 17187 17206
17864 17732 15907
17755 17121 16803
18726 17262 14858
15556 18440 17619
19068 16068 15469
15297 18642 17530
15154 18864 17301
14702 19452 16292
15166 19772 15155
16994 18196 16127
17959 15759 18168
18174 17481 15486
17347 16343 18148
18314 17518 15214
18061 18211 14875
19134 16245 15209
15383 18006 18330
15480 14998 19991
15642 15931 19568
17258 18291 15895
18409 15973 17169
15418 19642 15322
15126 15660 19927
17544 15526 18639
18262 16925 16063
18554 17479 14842
17340 15497 18777
16174 16577 18875
15239 18196 18241
15949 16234 19104
15428 19684 15161
16576 15796 19126
18313 17591 15238
17548 15472 18607
18312 17844 14868
19580 15342 14883
15255 18063 18390
15034 19072 16981
15334 19238 16227
16431 15355 19526
16997 16396 18527
16768 16442 18773
17267 17116 17447
17334 16347 18118
18150 17398 15620
18314 16305 16796
15712 18419 17287
15351 18986 16700
16109 18910 15878
16229 19389 14973
15676 18204 17555
16006 19345 15279
17877 17946 15150
17898 17638 15879
14998 19194 16472
15601 18531 17476
16827 16251 18866
17932 18120 15035
17150 17069 17457
18800 17158 14741
19070 15895 15477
19056 16368 15284
15156 19715 15193
17558 17411 16669
15667 18465 17466
17561 17152 16939
18263 15767 17834
18171 16974 16466
17690 15326 18593
15078 18950 17333
15533 17291 18727
15514 18300 18007
17972 16481 17134
17106 15398 19162
17737 18289 15072
18799 15633 16628
18243 17015 15906
15364 17383 19076
15248 15464 20027
15576 15965 19515
16589 18763 15981
18325 17320 15398
19066 15490 16488
17110 16505 18153
17599 16644 17600
17776 15572 18321
15755 18230 17488
15157 15306 20075
17708 17492 16063
16995 18058 16124
17540 17632 16163
15203 16472 19573
15067 17699 18864
15263 16308 19550
16559 17292 17919
17555 17480 16411
17991 18180 14950
14994 19170 16937
15145 16335 19677
15148 16721 19537
17305 15488 18967
16760 18548 15813
16896 18940 15220
17356 17035 17360
18689 15639 16976
19509 15120 15395
15652 19579 15159
18417 17456 15184
15981 17565 18156
15271 18857 17277
15295 19721 15081
15959 18379 17361
15917 17774 17926
17745 15541 18453
15069 19050 17066
14615 14863 20292
16009 14946 19808
16067 18409 16917
17326 15649 18810
18770 15634 16757
18621 15694 17170
19621 15034 14995
15140 18897 17328
16219 15072 19713
15380 15660 19829
16710 18042 16750
16133 19393 14976
17190 16661 17585
17479 15186 18850
18408 16690 16333
19081 16506 15175
14779 19344 16565
15845 18558 16850
14779 19818 15213
16106 16205 19178
17467 15283 18828
18349 17660 14863
18398 17674 14857
18346 17648 14944
15225 19298 15949
15394 18225 18134
16561 16615 18576
15604 18733 16652
15481 17445 18891
16051 19070 15720
19492 15593 15100
18296 16763 16128
16540 16457 18773
16455 18977 15595
17386 16605 17701
16357 18122 17381
18518 17505 15158
15180 18392 18088
15270 14523 20110
16123 15473 19480
15841 17863 17780
15888 14989 19850
15961 16653 18984
16762 19030 15254
17721 15497 18456
17149 15712 18654
18405 17160 15438
19450 15606 15154
14884 19284 16566
16496 18411 16114
16522 17414 17694
17092 16907 17876
17974 17092 16343
17355 17242 17224
18425 17274 15275
14755 19898 15217
15903 17336 18455
15776 19512 15146
16418 17894 17394
16388 15257 19613
17462 16540 17888
18345 17295 15283
16865 16957 17975
19053 15979 15653
18683 17338 14978
18976 16763 15218
14903 19855 15034
16035 17612 18129
16264 18133 17298
16718 18853 15485
18905 16779 15174
15099 17677 18889
15633 16001 19446
15432 15174 19982
15200 19211 16333
16845 16318 18637
17225 15382 19078
18695 15319 17204
14631 14774 20321
15199 17813 18603
18806 17139 14759
18629 17300 15049
19400 15151 15774
14770 19438 16355
14767 19601 15945
18321 16874 15951
16262 17125 18503
16238 18823 15956
16907 18033 16191
17323 15659 18636
16173 18043 17601
17972 15511 18249
18664 16968 15224
15355 18008 18395
15067 19101 16767
15902 17544 18335
15030 19769 15176
17081 15331 19185
17330 17548 16632
18834 15632 16476
18946 15719 16285
15680 15794 19560
19251 15746 15703
19498 15242 15229
19051 16688 15057
15380 17751 18585
15743 16334 19334
16257 17128 18442
16520 17320 17905
18782 15573 17127
19175 15306 16150
18677 17087 15131
19531 15333 14924
14659 14846 20286
15015 19524 16096
16080 15218 19657
16287 19342 14934
17661 17994 15538
17592 18593 15065
15367 18594 17510
15093 16596 19619
15764 16486 19162
16785 18006 16718
19127 16335 15231
14640 19633 15890
15611 17821 18149
17705 17583 16046
17702 15338 18577
19006 16717 15222
18347 17129 15600
16679 18802 15541
16071 18673 16456
17194 17293 17228
17024 18582 15514
17422 15984 18271
18493 16237 16559
17807 15161 18428
18309 15741 17622
16210 16812 18815
15209 19665 15657
16373 17544 17842
16602 19105 15186
17881 17767 15524
19017 16783 15111
14993 19452 16239
15570 19511 15372
15555 14891 19937
16675 18122 16641
16838 17720 17129
18033 17001 16723
17464 17517 16434
18449 15533 17654
18477 15920 17093
19375 15820 14877
19477 14981 15518
15066 19442 16182
16980 18989 15090
17030 18897 15298
17963 16343 17367
17942 18301 14918
15018 19094 16873
18558 17483 14824
16317 15434 19508
18575 16690 15754
19024 16248 15396
18307 17825 14931
14741 19699 15728
14916 15988 19870
17063 18367 15886
16320 18273 16517
15999 19487 14943
15582 19431 15630
17787 17071 16848
18329 16452 16374
17401 17490 16893
18912 15744 16266
18072 17454 15782
15566 16030 19445
15324 16469 19447
18825 16998 15114
14903 19868 14990
15954 17430 18176
15573 18078 18161
17477 15444 18775
16709 19082 15162
19352 15291 15630
17477 18584 15176
17199 15490 19058
17595 18554 14858
16833 18982 15247
18223 15518 18022
18990 16494 15601
18949 16812 15026
18612 17340 15049
19308 15943 15082
14658 14888 20286
18619 15576 17231
15125 17824 18635
15534 18258 17934
15955 14989 19800
15902 14943 19837
15694 16037 19436
16158 18061 17512
15604 18449 17482
17426 18400 15286
15905 19404 15364
18696 16001 16200
17772 17677 15940
17565 18101 15677
18165 17209 16097
15018 17846 18621
15525 15870 19625
16788 15848 18926
15539 17438 18704
15208 18840 17394
18391 16970 15483
15102 18988 17167
14725 19401 16492
15091 15322 20063
16700 18687 15678
16081 15520 19470
15983 19141 15667
17123 18763 15224
17628 15517 18482
15564 15725 19656
18066 15538 18137
18559 17382 15070
18861 17094 14731
17716 15659 18313
17886 16500 17624
17890 16458 17599
17698 18440 15011
15134 18593 17882
15419 14766 20002
17129 17170 17409
17095 17993 16451
18360 17617 14957
18517 15879 16981
18111 15702 17927
18794 16718 15346
15560 18236 17763
17511 16986 17150
17924 16483 17169
16670 17841 17031
18915 17011 14742
14651 19675 15805
16296 15384 19515
16411 19209 15185
18009 17259 16050
18515 15492 17565
17580 17587 16036
14852 15821 20001
15162 18102 18508
17381 17364 17081
18046 18165 15010
17920 15555 18219
19436 15535 15334
15194 19739 15164
14940 16527 19658
15081 17821 18641
16456 16128 19233
15401 16450 19468
16520 17091 18141
16407 16144 19053
16178 16553 18916
15881 18917 16237
16318 18546 16250
16243 18310 16939
17080 18316 15621
14854 15701 20036
14756 14787 20286
16075 18237 17410
16891 18678 15783
16331 19326 15083
18501 16519 16276
18381 16982 15940
14934 19111 17010
16067 15917 19245
16363 19212 15182
16632 18058 16890
17946 15528 18208
18749 15848 16344
18474 15554 17629
19102 15557 16405
19358 14982 15783
14786 19822 15141
15056 19324 16224
15153 18262 18184
16412 17091 18204
19122 16680 14980
16653 17104 17982
15024 19082 17055
15345 18749 17107
16640 18022 16811
15987 19473 15003
16736 15331 19371
16662 18713 15632
18109 15728 17938
18085 18116 14971
19446 15092 15518
19510 15591 15042
15229 18789 17603
15203 17787 18744
16049 19463 14947
15103 18124 18505
15163 19807 14922
15708 19456 15450
17008 16531 18379
17771 15244 18524
14860 19231 16820
15119 18052 18568
14564 19907 15284
16219 19250 15343
18606 15985 16764
19289 15475 15495
19523 15098 15404
18869 16979 15138
15685 15242 19709
14803 15521 20079
15313 18075 18303
15333 16430 19478
15413 18632 17344
16402 18269 16857
17605 18509 15056
17939 15524 18230
17728 17032 16889
17398 17529 16217
18595 15468 17395
18992 15234 16689
16670 18971 15284
17571 15394 18741
15925 15828 19431
18286 16552 16351
17784 17888 15375
18417 16664 16050
17024 18696 15432
19450 15421 15202
19386 15943 14774
15137 16742 19478
15061 18883 17381
16326 17070 18384
15410 15202 19919
17333 16139 18286
15726 15154 19868
15502 17719 18538
16069 17216 18499
16484 19065 15420
18870 16695 15294
17583 18446 15080
18560 15838 16933
17905 18065 15135
15751 19101 15898
15572 14804 19949
17511 15678 18473
17042 16391 18382
18488 17605 14759
18802 16888 15302
14761 19417 16456
15769 19284 15693
16056 15808 19414
15703 16452 19287
16239 16994 18572
15488 14825 19997
18189 16014 17522
15600 18535 17349
14916 19107 17030
14493 19766 15526
15086 18413 18114
17333 15504 18894
16788 18687 15591
17193 15941 18594
17881 17123 16345
17620 16674 17469
18149 17852 15090
18293 17352 15535
14901 15407 20054
15135 18880 17360
17010 15642 19066
15183 19634 15678
15042 19832 14907
17105 18902 15121
17413 15434 18847
17638 17816 15663
18434 17696 14607
19330 15128 15807
19247 15283 15920
15293 19717 15163
14835 19921 14915
17734 17506 16018
18430 15791 17438
18812 15610 16605
18437 15557 17642
19252 15816 15254
19025 16772 15088
14638 19842 15381
15192 18589 17859
15041 19306 16326
16240 16181 18989
17703 16586 17365
17583 18611 15024
17651 18492 15061
15509 17699 18583
18890 17067 14824
14542 14790 20334
15326 18622 17721
15652 18710 16710
16282 16170 19025
16889 18312 16033
16616 17933 16991
17613 17907 15793
16740 18574 15895
16315 18273 16847
16366 18271 17236
17130 18871 15059
18575 16973 15274
18049 18151 14898
15338 17181 19225
16670 15517 19391
15878 16842 18882
17127 16989 17603
15951 19026 15864
16279 18324 16892
15799 19502 15289
19400 15819 14850
14920 19205 16915
14760 15165 20255
15282 18633 17673
16100 17421 18239
14911 19114 17016
15469 17391 18996
15623 19140 15911
15757 18958 16510
15691 18568 17183
15600 15429 19726
18561 16877 15751
18681 15831 16430
15348 17213 19176
14588 19714 15661
14485 14837 20314
15018 19175 16812
16472 15951 19129
15801 18707 16691
16489 19220 15131
17778 17918 15283
15022 18196 18352
16141 18074 17462
15810 15725 19487
15997 15942 19276
16316 15328 19556
17849 15801 18012
18898 15482 16723
19512 15476 14999
15491 18016 18321
16084 18888 15964
15827 16472 19182
15685 18664 16934
17537 15596 18725
18528 16905 15732
18250 17719 15000
19549 15283 15216
19155 16442 15182
15198 18962 17224
14559 19902 15287
15944 14917 19856
15513 17321 18934
15934 16652 18991
14989 19816 15153
16234 16176 19002
15643 17805 18218
16693 19101 15034
16554 16255 18971
17209 17674 16818
18880 15454 16953
18488 15577 17558
19109 15777 15729
14920 16769 19497
14579 14833 20319
16932 15762 18967
16037 18494 16923
16653 15638 19080
17300 15293 18995
17065 17314 17140
15378 19120 16270
15218 18795 17650
15068 19813 14889
16578 18302 16421
16226 15071 19694
15711 15813 19516
17754 15823 18082
17735 15328 18526
18691 16454 15871
18393 17615 14923
15143 18350 18112
15017 19824 14931
17387 15631 18612
17148 18794 15211
18020 15484 18142
15255 16770 19451
14570 14790 20332
15599 19586 14891
16693 19140 14979
16668 15193 19418
18633 15737 16801
18246 17779 14957
19336 15563 15359
16774 17437 17384
16200 18762 16091
15681 16616 19212
16510 19214 15049
16534 16870 18551
18044 17280 15925
17128 17238 17355
16471 18264 16611
17721 17407 16151
18886 17009 14827
19598 15159 14954
19500 15150 15316
15150 17913 18602
15496 18706 17314
17308 18815 15093
16308 15816 19241
16591 17695 17275
16521 15047 19519
16499 17033 18187
17563 18315 15345
18392 16006 17223
18807 16636 15388
19026 16636 15153
19283 15576 15335
15321 16596 19526
14871 15233 20245
15301 18037 18381
15256 16810 19386
14506 19847 15469
16192 15829 19249
15637 19585 15080
15298 16672 19409
16092 17709 17821
18332 17259 15576
17081 16931 17936
17604 15546 18559
18679 15838 16433
18619 15699 16809
14689 19404 16552
14949 19940 14856
14920 19912 14914
16629 17862 17198
16581 17228 17915
17542 15667 18447
17087 18795 15358
18701 15637 17186
14453 19600 16031
17152 15867 18633
15202 15249 20071
15979 15241 19736
15665 16979 18979
17227 18701 15127
17144 16889 17579
18305 17649 15081
17892 15544 18335
17356 17712 15999
18685 16010 16354
14719 15105 20282
14994 16472 19732
18098 16436 16913
18893 15427 16763
15370 17167 19207
15194 17723 18787
15024 14747 20175
15609 18921 16516
18813 15791 16491
18839 17113 14924
18829 17126 14749
16486 15450 19476
14736 19722 15525
15276 19782 14868
16401 15493 19425
16778 16266 18777
16072 18859 16082
15826 18472 17205
16714 18753 15512
17131 15324 19086
17861 18187 15170
14961 19045 17190
15136 16078 19721
15301 15508 19938
14615 19594 15992
14690 19970 15043
15528 17439 18836
16483 17034 18339
16556 18974 15501
17431 16778 17414
16506 19177 15150
17576 16961 16986
17493 18063 15852
17441 16953 17299
18027 18056 15090
18720 16890 15385
18814 17013 14978
15140 18078 18535
14594 14824 20316
14729 19908 15111
15109 19287 16184
15664 16146 19356
15864 15729 19458
17572 17954 15587
17680 15164 18612
17703 17619 15976
17652 15364 18530
16632 17010 18191
18665 17473 14812
19384 15871 14795
19471 15107 15418
15095 18900 17346
14923 19224 16774
14552 19634 15874
16116 15677 19432
17117 15521 18993
16545 18057 17153
18637 16061 16295
18208 16935 16189
18437 17662 14721
15333 17008 19310
15328 17791 18727
14779 15115 20279
15831 14908 19903
15062 17302 19151
17741 17275 16304
15354 19103 16520
15036 17838 18749
14930 14994 20223
16682 17760 17181
17758 17424 16116
16282 17179 18439
15245 15299 20051
19078 15267 16499
19170 15330 16343
19098 16664 15042
19215 15278 16131
14794 19114 17034
15148 18818 17585
15854 16738 19139
14846 19895 14940
15066 19706 15438
16039 19427 15115
15939 19441 15070
16110 18175 17510
18142 18003 15016
18582 15834 16950
19379 15305 15456
19202 16402 15107
16821 18447 15916
19072 16634 15070
16882 17419 17135
15531 19021 16243
14588 14836 20308
17004 17687 17032
17510 16735 17178
18370 17832 14829
16802 16266 18753
19630 14972 14933
14845 19256 16773
15489 17904 18466
15867 17753 17942
15065 19854 14849
15729 15160 19839
15238 19025 16867
17276 17193 17313
17273 17937 15991
18023 16452 17046
17894 15657 18169
18993 16367 15590
14991 18887 17365
16444 15270 19555
14703 19756 15563
16598 15755 19028
17231 17146 17349
18018 16428 17252
14544 19743 15665
16570 15322 19441
15095 18400 18121
14701 19573 16158
16093 19404 14925
15546 16822 19339
17139 16686 17656
17463 18699 15256
17590 18529 15075
18672 17354 14558
15213 18641 17706
15409 18186 18247
14778 19944 15060
17289 17607 16612
17653 18417 15025
17326 18180 15809
18157 16479 16901
18519 17488 15073
18838 16556 15321
15244 18336 18153
18336 17280 15370
14727 19545 16190
14801 15945 19905
17270 15486 19009
14963 19669 15632
15853 19448 15151
17589 15351 18688
18903 15429 16694
18530 17401 15095
19045 15373 16618
18689 15890 16386
15437 17997 18329
14616 14876 20287
15042 16134 19818
15210 17709 18797
14936 19280 16457
15907 18447 17078
15308 17189 19229
15659 18080 17657
18075 17403 15846
19124 16125 15351
17041 17282 17581
14598 14751 20340
16617 16628 18513
15526 19637 15192
17596 16260 17955
16679 17115 17913
16955 17303 17271
15819 18195 17468
14545 19914 15248
15298 17515 19102
15487 17317 18991
16361 19297 15216
16614 18592 15791
15157 17690 18800
17804 16085 17742
17215 16227 18464
15221 19108 16316
16648 15269 19437
18105 17528 15498
18207 16810 16216
18357 16200 16650
18050 16510 16856
15108 16368 19686
15090 18964 17240
15537 16009 19455
15961 15401 19658
16444 18139 16737
17936 18243 14967
18399 16908 15659
18589 16723 15594
18886 15434 16892
14587 14785 20337
15470 18471 17793
15399 18580 17708
15895 17832 17854
15752 16993 18907
16878 17509 17070
17573 15416 18687
17750 18212 15234
18522 17490 15064
17892 18068 15078
18885 15501 16825
14572 19851 15336
16385 18271 16614
16209 19342 15070
15016 14954 20148
18538 15859 16986
18325 17609 15180
18251 17884 14885
18137 18075 14836
18620 15457 17318
14997 15767 19893
15031 16443 19673
16559 17130 18043
15635 18982 16218
16820 18380 16061
15649 15007 19917
17375 15692 18588
18074 18247 14692
18360 17485 15221
14592 19740 15617
16052 16751 18827
15022 18585 17895
15827 18172 17580
17799 16405 17691
18053 15603 18098
18556 16634 15857
17417 18745 14932
18404 17679 14827
18237 17523 15343
19232 15893 15218
14704 19934 15061
15405 14756 20011
14778 15298 20210
15067 19777 15055
17903 15778 18141
15928 17115 18701
18540 17180 15147
18975 16773 15117
18514 17553 14849
18225 18044 14801
18287 15587 17935
15372 17958 18388
15953 16695 18892
18282 17003 16045
16876 17100 17832
16590 18326 16318
15687 14952 19890
17254 17929 16082
14956 19279 16472
18062 16107 17493
18315 16237 16733
19417 15865 14788
19405 15705 14862
15389 19671 15210
14981 15256 20196
14828 19118 17009
15445 18924 16716
16527 18844 15828
18087 16039 17182
18604 16373 16381
18990 17004 14995
19459 15644 15026
14944 15215 20209
15440 18905 17004
15665 19158 15837
15121 18313 18301
14763 14754 20283
15110 18138 18455
15573 15268 19840
16077 14940 19765
15899 15641 19650
15713 18334 17378
18499 17318 15216
19023 16433 15195
19622 14966 14950
14629 19953 15100
17040 15612 19036
15075 15395 20048
16964 15752 18986
17794 15411 18381
14688 19408 16544
16678 15260 19400
15214 19228 16277
15106 14783 20164
15436 16228 19631
17055 16177 18694
15834 16881 19161
18293 17932 14854
19063 15365 16599
18705 17258 14902
15245 18583 17830
14906 16771 19460
14719 19832 15398
15461 18526 17767
17353 16340 18183
16318 18763 16054
18155 15672 18066
17580 18284 15314
17726 15413 18489
18232 16166 16826
19297 15099 15905
15282 18182 18262
15167 16652 19551
16082 18385 16918
15216 16678 19515
17676 17808 15818
16785 19009 15248
17887 15592 18228
18586 16951 15388
18696 16954 15259
18421 15633 17709
14691 14729 20298
14591 19899 15325
15978 18872 16173
16683 15251 19391
15330 15271 19971
17151 15506 19057
18252 16016 17098
18224 15947 17473
18032 18268 14667
17724 18250 15204
18898 15794 16294
18100 17821 15403
14694 19953 14967
14810 16290 19764
15372 16623 19439
14745 19528 16245
16560 15672 19155
16985 17759 16711
15002 15397 20130
17117 16815 17653
16247 17588 17995
15785 19547 14929
15785 16131 19249
17355 17735 16426
18239 17804 14993
18855 16309 16153
18984 16058 15788
15252 17299 19132
15066 17719 18834
16060 18698 16311
15062 19799 14958
16666 19000 15432
15329 19779 14827
16803 15206 19401
17785 16225 18068
16697 18049 16805
15896 19540 15091
17963 18237 14853
18211 17982 14932
15147 15292 20108
15631 15168 19812
16366 19096 15655
17539 15414 18690
17312 17872 16567
17110 18877 14941
17135 18666 15298
18430 15570 17596
18589 16581 15972
17530 18449 15170
18565 15533 17386
15322 18166 18254
14655 14854 20291
15365 18322 18164
16607 19018 15273
14471 19774 15528
15342 14733 20087
16418 18445 16326
16974 18919 15094
17061 17063 17489
16483 15882 19170
17017 15521 19082
16917 18495 15816
17545 18442 15163
18090 17545 15745
15289 17775 18742
15188 17819 18583
14677 19930 15118
14918 19163 16963
15372 17722 18716
15533 19116 16122
17334 15585 18729
17764 15669 18249
18578 17111 15238
17449 18710 14907
17926 17227 16092
14798 14606 20271
14859 15310 20133
15542 19384 15731
15202 19325 16178
16057 17370 18242
17460 15400 18866
18873 16982 15023
19487 15434 15101
15359 18906 16725
15102 18995 17146
15110 16250 19792
15811 14924 19870
15901 16827 18881
15794 18836 16261
16454 19223 15021
16284 16653 18665
16743 18501 16056
18512 15564 17582
19116 15648 15932
19325 16010 15031
15342 17128 19255
14671 19936 15105
15284 18527 17903
14814 19124 16999
15387 19710 15239
16951 15782 18933
14596 14871 20289
17380 18742 14963
19062 16250 15291
14734 19946 15043
15889 18103 17559
14889 19784 15339
17945 18011 15101
18041 17214 16334
18133 16697 16851
17977 17313 16002
16177 19322 15140
17555 18454 15122
18304 15581 17857
17395 18288 15549
15304 17295 19116
14683 14750 20287
15024 17076 19366
15856 15861 19333
15368 18268 18168
14708 19325 16600
15521 19454 15685
16260 17349 18186
15573 19210 15819
15175 19503 15961
16909 16624 18285
17583 15585 18509
17872 17733 15628
18464 16630 16138
18111 18024 14882
18788 16457 15863
15015 16328 19715
15590 19177 16094
16932 15197 19360
15341 19222 16019
14722 19978 14960
15287 18001 18565
15908 18931 16166
15182 15317 20065
15584 15227 19815
16916 17926 16667
18921 15816 16168
17129 18050 16034
17586 15382 18701
17510 18320 15373
18355 15900 17335
18927 16790 15170
15153 17881 18602
14866 19322 16548
17819 16909 16922
14839 15244 20228
14917 15613 20040
15211 17260 19146
15190 18904 17230
15323 15214 20041
15398 16959 19179
15594 15659 19810
16114 16607 19067
17912 16590 17291
17205 18489 15467
17706 15499 18476
17667 18386 15014
18816 15571 17164
18867 16960 15207
14920 15291 20139
15433 17957 18491
15993 18289 17331
15237 16656 19469
16152 17328 18390
16308 18612 16207
16890 18112 16210
16842 18729 15458
18190 17709 15154
17787 17263 16274
17492 17693 16087
17061 16631 18199
19257 15686 15577
19524 15122 15307
19091 15636 15955
15945 16801 18850
16087 17603 18004
15503 16921 19226
17993 16125 17477
18020 16637 17005
17336 18717 14969
17792 15447 18464
15406 17285 19131
14954 18177 18389
15140 14706 20196
15476 19063 16569
16250 17473 18102
15728 18981 16491
16180 18791 16309
15794 17095 18711
17740 15247 18565
15778 17476 18484
14623 14802 20326
15057 16500 19623
15872 16790 18939
16821 15826 18966
16125 18111 17516
17676 15719 18445
16931 15408 19366
17853 15731 18240
17538 18060 15968
18625 15575 17272
18579 17395 14905
18585 15528 17437
19417 15876 14759
14799 15284 20189
15024 18333 18175
14911 19228 16912
14852 14751 20261
15813 18627 16739
15346 14820 20024
14765 19519 16202
17655 15448 18514
16559 18565 16037
18353 16706 16251
17767 18187 15203
15657 17607 18439
14644 14832 20314
15170 19469 16085
16219 15820 19369
16034 18701 16330
16912 16488 18624
15392 18702 17497
16851 17918 16742
18282 17951 14790
18371 15589 17732
18473 17590 15051
14995 15744 19966
14522 19808 15443
14987 19907 14854
15032 15983 19827
14835 19088 17037
15782 19577 14928
14785 19896 15006
15518 15981 19684
16983 15541 19246
17495 15418 18805
17611 18540 15011
17286 15335 18993
19155 15320 16358
14861 15750 19977
14656 14839 20293
15212 19548 15935
15503 19693 15136
18277 15593 17953
16753 17842 16922
17051 18848 15160
17229 15565 18866
18543 16431 16159
18471 15756 17462
19065 15572 16336
18172 16690 16418
15274 16870 19381
18689 16334 16206
16896 15899 18814
16814 16660 18429
17980 16274 17344
18115 18134 14821
18178 15604 18062
18885 16367 16142
18863 15524 17005
19572 15264 14932
15082 17152 19288
14693 19139 17002
15111 18701 17717
17244 17573 16917
14863 19861 15125
16795 17520 17318
17208 18824 15194
18110 18021 14950
18090 15503 18102
18666 16981 15140
17049 18937 15054
15232 18121 18453
15363 14532 20073
15553 18558 17470
15539 19010 16231
17949 18303 14716
16828 18230 16223
17299 16783 17555
17993 18098 15062
15060 17065 19309
15911 18035 17738
14768 19479 16216
15358 14650 20090
16653 17476 17352
17474 15628 18676
15672 17170 18815
17509 15775 18314
17761 17230 16489
17721 16701 16927
18356 17615 14988
18086 18134 14873
19073 16890 14973
18567 17507 14640
16050 17371 18275
14998 15600 19993
14780 16002 19914
14712 19951 14964
15085 19683 15619
15202 18187 18273
16223 15673 19365
16430 19282 15010
16511 17172 18067
18544 15487 17473
18225 15810 17764
18235 17979 14994
19267 15626 15492
19353 15848 14822
19634 14956 14930
14974 15896 19926
15260 15193 20120
16073 17182 18481
16728 15843 19025
18102 17916 15186
16784 17013 17914
18127 17404 15674
19033 16103 15474
18545 17540 14943
18351 16857 16024
14489 19767 15502
15240 16394 19556
15285 17659 19049
16461 18059 16980
17200 18605 15261
14936 19833 15070
15450 18592 17372
17027 15409 19196
18057 17597 15571
17449 18216 15567
17946 17375 15991
16612 18722 15777
19173 16327 15126
16695 17943 16965
15138 19758 15193
15440 17283 19032
16605 18321 16115
16026 18924 16039
18605 15474 17393
18677 15743 16619
18641 17380 14975
18193 18145 14711
19164 16380 15174
19157 16595 15132
17643 16847 16983
19550 15098 15284
14755 15324 20227
15191 17286 19211
15131 19045 16848
15018 15875 19863
15369 18593 17707
15747 19568 14961
17529 16865 17069
16904 15293 19367
17688 15834 18200
17923 18303 15048
18892 15387 16798
19447 15734 14839
14993 17852 18603
14957 19902 14865
15284 15899 19810
16194 17100 18576
16212 17217 18307
17084 17906 16545
16981 18909 15183
16611 19173 15016
17539 16352 17998
17450 15450 18843
18011 15576 18106
18223 16458 16520
15164 18221 18310
15270 18232 18234
14877 15255 20206
16277 19381 15050
17990 16262 17396
18443 17644 14649
19076 15279 16543
19623 14949 14972
15147 18628 17851
15706 16812 19203
17225 18307 15588
15992 15908 19322
17332 16582 18136
18251 17709 15052
18872 16537 15806
18909 16276 15804
19458 15134 15437
19309 15048 15832
19606 15058 14830
19289 15832 15113
14665 14709 20308
15304 15077 20069
15279 18748 17571
16755 18229 16630
17136 15295 19081
17015 16383 18528
18131 16434 16983
19185 15443 15902
19079 16241 15386
15235 19511 15906
15880 19419 15274
16985 15722 18894
18222 16616 16642
18197 18010 14855
18194 17991 14944
18776 17244 14877
14658 14731 20315
17341 17566 16594
19414 15262 15529
16475 15262 19508
16324 17864 17487
18024 16196 17432
16540 18467 16073
17775 18376 15027
17702 16504 17643
18240 16517 16422
16591 19142 15245
18724 17253 15103
18704 16730 15475
19026 16776 15032
19438 15617 15149
18307 17964 14745
14917 18695 17775
18738 15650 16630
14997 16389 19681
16260 15048 19699
15387 17525 18709
15531 17283 18874
15847 17384 18430
18047 16523 16946
18066 18137 14843
19401 15380 15397
19236 15334 15730
17785 18098 15237
14687 19485 16318
14582 19739 15665
15476 16951 19266
15602 16451 19413
14772 19837 15196
16463 15167 19595
16323 17569 17836
17133 18831 15003
17241 15708 18611
17133 18018 16248
17256 17610 16800
17677 15348 18757
19005 15713 15986
18991 16872 14989
14949 19200 16793
15153 16319 19640
14863 19058 17061
16587 15362 19419
16612 15157 19516
17506 15385 18750
17440 17479 16603
17727 18470 14947
18106 17343 15909
18201 18046 14662
18506 17534 15073
18896 15201 16843
19627 14936 14950
14733 15425 20149
14700 19946 15084
15609 15180 19889
15866 17022 18860
15611 16757 19244
15445 16032 19547
17007 18905 15209
16874 18304 16128
18203 16537 16684
18609 15828 17349
17516 18638 14939
18301 17704 15093
18243 17986 14777
19200 15949 15295
17510 18386 15207
19109 16221 15441
15187 18043 18486
14797 15919 19983
15433 18118 18288
14618 19788 15421
15138 15971 19847
15173 19681 15311
15899 17223 18484
16176 17267 18287
18022 15872 17938
18675 15572 17270
18210 18028 14823
18484 17595 14965
14695 19773 15409
14950 19619 15715
15041 15427 20034
14829 19906 14978
14611 14868 20306
15398 17596 18637
16824 19077 15231
18708 16054 16154
18352 17894 14782
18160 17827 14999
18724 17265 14879
19127 16578 15138
16413 18260 16628
14598 14899 20286
14503 19760 15547
14468 19779 15516
15307 17429 19018
14770 19967 14919
15446 19634 15221
17104 16776 17684
17581 18451 15115
18043 18129 15020
16342 15598 19459
16706 18688 15650
14998 16762 19514
15213 15214 20067
15679 18705 17238
17225 16633 18029
17822 15562 18262
17984 15508 18245
18145 15572 18090
18205 17571 15423
18843 16676 15306
18662 15445 17282
15035 19074 16977
14804 19921 14976
16532 15263 19444
15514 15014 19890
16271 16502 18875
16656 15314 19425
17089 15240 19272
15431 17548 18681
16546 19171 15040
17842 17768 15486
18548 15578 17407
18071 18166 14757
18696 16447 16102
19046 15940 15865
18984 16994 15021
14766 19446 16431
18717 16653 15650
14653 14779 20297
15150 16480 19647
15465 16131 19528
15351 18741 17110
16492 15369 19472
17092 16656 17989
17796 18326 14839
18579 16375 16117
18771 16000 16204
19019 16614 15306
19241 15324 16097
18165 17208 16266
15033 17040 19349
16003 14964 19824
16490 15946 19063
14922 19492 16188
17131 15856 18867
17332 17529 16921
17580 18627 14861
17650 15763 18210
17115 18838 15297
18332 17422 15330
18249 17975 14772
18843 17116 14723
19223 16285 14969
19120 15210 16400
14747 15353 20166
16020 18275 17288
16390 19219 15179
15618 15176 19842
16017 18057 17555
17057 17224 17638
17430 18334 15436
17949 17470 15832
17095 16794 17921
17381 18710 15007
18633 16305 16397
17340 15455 18986
18347 15581 17800
18415 17601 14876
17872 18156 15049
18134 18035 14864
18064 17231 15951
17744 18483 14868
19347 15124 15790
14633 14749 20336
15115 18552 17937
15156 15559 19943
15356 18335 18163
15278 15231 19996
14936 19889 14891
18279 15892 17462
16199 16960 18686
16379 19224 15173
16320 15050 19641
16954 15334 19273
15632 17082 19006
18273 17694 15121
18228 16552 16496
14835 19322 16574
14833 16017 19891
16245 19319 15181
17756 18037 15476
16975 18596 15596
16125 19314 15200
17587 16497 17752
18058 17937 15201
15133 19274 16437
18963 15638 16443
15583 18174 17899
16175 18469 16883
16126 19375 15162
17796 17193 16426
15668 17625 18345
18305 15862 17740
15290 18765 17465
14924 18750 17706
15310 17453 19000
14925 14706 20244
15538 14839 19942
14905 19276 16754
17620 17238 16597
16033 18086 17524
15202 19059 16602
16641 17513 17684
17665 17354 16586
17871 16516 17476
18594 16711 15582
17654 15409 18517
15309 17497 18938
14493 19655 15909
14634 19979 15018
14504 19720 15830
14743 19605 15816
15345 19017 16634
15894 17573 18386
14648 19874 15298
15565 19113 16181
15827 17497 18446
17592 15349 18728
16804 17378 17620
18204 15660 17967
15256 18551 18063
14605 19723 15599
15287 17542 18986
18756 15644 16725
15709 17046 18809
16606 18632 15812
17235 17660 16856
18200 16138 17068
18519 17267 15189
18333 17662 14974
18992 16042 15644
14920 16617 19626
15012 14606 20219
15331 18762 17324
15347 14937 19994
14873 15994 19866
16223 19396 14975
15202 19753 14913
17357 15359 18964
16519 16485 18984
17571 15424 18654
19032 16855 14993
18323 17712 14988
14905 15835 19969
14906 15218 20217
15186 17011 19435
14988 17927 18651
14929 16865 19436
14943 16536 19629
16385 15268 19579
16235 18371 17101
18476 16953 15451
17475 18681 14768
16427 17039 18467
17164 15231 19207
16236 17886 17399
16892 18991 15154
18029 18241 14748
18477 15654 17500
17799 15361 18368
18838 15604 17113
15268 16782 19415
15103 18379 18123
14996 16278 19849
14658 14750 20295
15099 15701 19990
15148 15093 20125
15613 17259 19109
15781 14790 19907
15866 15352 19662
16652 17811 17216
18211 15987 17874
16534 17648 17556
17135 16962 17636
17042 16972 17792
17210 16429 18216
16909 18924 15231
17269 17037 17384
17097 15209 19246
17287 17097 17348
18267 16612 16408
18317 17747 14948
18415 15857 17538
19077 16381 15250
19215 16230 14983
15272 17670 18866
16972 19010 15134
15216 16032 19824
16700 15114 19409
16420 19206 15323
18007 17872 15469
17164 15246 19115
17942 17378 15964
17921 16384 17530
18369 15584 17753
15182 16687 19501
16573 18259 16629
17532 17369 16884
17254 16317 18425
16794 19092 14793
15076 19034 16892
17181 18419 15591
14809 19865 15092
19109 15463 16494
15214 19121 16469
14494 19592 16035
15983 16407 19082
16254 17328 18231
16994 16778 18216
16232 18189 17282
16645 15241 19505
17400 18121 15951
17157 18038 16175
16838 16807 18110
17712 17780 15664
18414 17738 14815
18197 17796 15028
14693 19557 16263
15209 18674 17824
15822 19421 15436
15435 15883 19772
16547 15601 19349
16764 16759 18465
18362 16095 16906
17653 18325 15293
17198 15226 19087
17467 15911 18323
18522 17542 14649
14366 19947 15109
15363 16294 19490
14692 19950 15055
15946 15284 19701
16828 18077 16439
17906 16428 17540
17512 16527 17679
17347 17518 16696
17903 18355 14825
15329 17546 18914
18135 17986 15095
18894 16073 16055
18274 17377 15495
14837 19472 16264
14739 19827 15239
15069 18354 18160
16033 17679 18050
15494 15149 19987
16490 17358 17903
17173 18735 15280
16174 15406 19518
17746 16672 17093
17736 16693 17017
17012 15263 19298
17709 17670 15952
18532 15565 17440
15162 18257 18254
14737 19369 16534
14371 19754 15705
14869 19253 16770
15294 15208 20068
16727 15370 19381
15986 16313 19092
16052 17645 18067
16635 18571 15934
16621 16988 18200
16104 19382 14985
16903 17800 16884
17051 18564 15566
16853 18902 15247
17678 15321 18810
15072 17225 19246
17630 18505 14763
18171 16723 16606
17332 16605 18095
18155 17737 15142
17955 18332 14677
19340 16234 14980
18990 15370 16629
18402 17602 15036
18354 17271 15371
18273 15789 17801
15210 19701 15007
16999 18439 15884
17038 18463 15827
17008 18448 15849
16909 18570 15636
16366 18836 15648
16520 18868 15620
17288 18422 15613
17447 18487 15470
16392 18801 15732
16148 19182 15579
16385 18991 15605
15150 19657 15215
16508 18808 15640
16539 18917 15337
17094 18299 16052
16211 19128 15553
17462 18057 15888
17402 15450 18495
16330 19028 15425
17770 18100 15442
15928 18993 16002
16562 18782 15636
17490 18512 15265
17179 15445 18690
17171 18212 15862
17170 18060 16165
15626 19450 15535
17111 15750 18446
15865 19324 15545
15946 18969 16069
17147 15471 18710
15458 19478 15477
15989 19197 15592
17423 15388 18462
15852 19080 15943
17940 16903 16733
17635 15918 18059
17439 18530 15420
16836 18540 15818
17406 17879 16507
17256 15543 18641
15759 18937 16078
17428 15511 18428
16623 19025 15213
17190 15597 18624
15905 17260 18534
17536 18291 15681
16829 18817 15296
16298 18955 15676
18064 16456 17176
14973 19359 15926
17490 18159 15750
17304 15520 18546
17295 15604 18575
16511 16021 18800
17372 18444 15471
17481 18334 15535
16532 19057 15222
14718 19706 15611
18054 16480 17111
16557 18317 16320
18107 16432 17187
14978 19103 16717
17355 15668 18408
18855 15967 16178
15662 19101 15889
17151 15829 18411
18044 17403 16079
15639 18732 16707
15747 18605 17058
16618 17662 17732
18399 17736 15133
17479 18515 15405
16537 16305 18699
17735 16650 17370
17857 16709 17219
16456 16366 18654
16754 18087 16609
16238 17600 17836
17864 16847 17008
17101 16969 17776
17280 18543 15406
17775 16700 17321
16678 17510 17645
18934 16228 15898
14804 19485 15850
16452 15202 19337
14770 19655 15726
18041 17266 16373
18211 17446 15810
17894 16926 16894
15575 18646 17040
17887 17514 16250
15620 19373 15633
16447 17832 17597
17974 17437 16210
16423 16000 18863
17204 17279 17354
18380 17330 15405
15952 19294 15285
17688 16398 17687
16414 15240 19366
16213 17693 17729
15736 18944 16296
16283 18183 17410
17038 17011 17646
18152 16394 17083
18116 17481 15819
19147 16199 15369
18308 15914 17108
18128 17641 15618
17631 17130 17115
18135 17765 15364
16968 15892 18655
17233 17493 17281
16077 16606 18734
18423 16020 16913
19152 16087 15572
17377 17254 17244
17400 15321 18595
14755 19672 15678
16553 17627 17772
15174 19102 16329
15107 19733 14960
17657 17145 17005
17258 15635 18596
15445 18953 16282
17671 15313 18426
15918 18108 17747
16554 17782 17690
16898 17350 17563
17772 18434 15108
14934 19228 16391
16643 17721 17513
17150 15680 18619
17580 16238 17923
16096 18536 16859
16704 18848 15471
15980 19304 15184
16806 18454 16095
16990 17345 17563
16889 17687 17140
15825 14999 19779
15966 15881 19318
17820 18476 14907
16230 15330 19397
17562 18041 15762
17858 18265 15194
16123 18124 17495
17489 15481 18421
16699 17674 17529
16912 18663 15533
14607 19358 16373
14658 19444 16162
15084 19823 14809
16435 19151 14993
18233 17565 15328
17171 17039 17526
17832 17252 16433
18141 17604 15682
17453 15132 18662
16356 18443 16590
19144 15522 16301
17454 15126 18626
15219 19290 15849
18051 16065 17363
18379 16115 16946
17783 17252 16901
17533 17474 16592
17367 18143 15756
16041 19125 15626
17670 17722 16260
14954 19796 15064
17547 15323 18443
15738 18718 16779
17390 16354 18015
17838 17459 16340
14938 18102 18534
15206 16028 19726
16295 17965 17391
17924 17827 15674
19085 15469 16387
19027 15425 16550
17513 15257 18480
18003 17651 15902
15394 18943 16432
15024 19873 14731
17882 17695 15760
18168 17394 15931
14881 19278 16297
16626 18574 16029
18840 16397 15875
18926 16441 15645
14711 19343 16270
17939 16400 17476
18042 16339 17334
15326 18904 16567
18196 17790 15287
19363 15977 15014
18819 15567 16777
19122 15518 16334
18815 15599 16818
14670 14695 20327
15337 19019 16428
17868 18158 15264
18035 15902 17527
18953 16854 15046
19061 15564 16312
14845 15321 20100
16055 16436 18970
17271 16916 17871
17761 16261 17582
16707 18980 15045
17114 18532 15415
17648 15319 18446
19481 15248 15150
16278 19019 15453
19111 16572 14867
15458 17920 18200
17995 16846 16788
15594 19133 15988
15836 18196 17648
17001 17798 16647
18284 16812 16283
14634 14771 20345
15029 19802 14887
15557 19542 15121
18305 15788 17367
15139 14884 20148
17439 15170 18620
17838 17096 16752
17476 15180 18608
14997 19879 14759
14588 19757 15421
18416 17177 15556
19472 15547 14856
17925 17586 15975
18707 15470 17197
14713 19230 16514
14633 19303 16417
15126 15672 19890
17346 18240 15786
19199 15573 15898
14783 15099 20236
16935 15682 18666
17941 17173 16501
17499 17767 16139
19020 15541 16462
16968 17715 17069
14810 19427 15939
15013 19905 14735
16351 15234 19467
16513 17902 17284
16846 16909 18030
17842 16065 17682
18109 17742 15423
17630 17867 16088
18016 16583 17299
18641 15799 16747
18891 15598 16757
17602 15417 18406
14668 19472 16022
19040 15672 16167
16087 16948 18630
15033 19143 16382
15254 15542 19907
17013 17959 16522
19226 16260 14934
16166 18679 16104
17240 17616 16983
17698 18540 15063
14559 19840 15294
15248 16261 19590
19114 16225 15529
18363 17878 14947
16355 15376 19302
18059 17367 16190
14706 14787 20313
15116 14995 20133
16126 18785 16112
16372 16383 18753
15123 18822 17453
19252 15890 15631
14357 19506 16047
15193 16367 19597
17339 18047 16017
17638 15876 18057
17259 17632 16835
17792 18151 15361
17475 15110 18635
17482 15249 18498
18255 16225 17289
19089 15393 16389
14702 14989 20314
15492 15974 19615
17417 17069 17448
18412 17695 15202
14871 15648 20010
16925 15431 18915
18218 17966 15154
18961 16837 15070
19071 15756 15810
14739 19374 16126
17441 15252 18590
18468 15721 17336
14779 15386 20144
16317 15243 19450
17867 17055 16998
15783 15881 19370
16733 16833 18177
17046 15803 18591
17985 15723 17914
17782 15818 17933
17594 18027 15677
19011 16453 15390
19148 15590 16281
14804 15065 20211
17057 18273 16060
18174 17690 15472
14718 15671 20110
19182 15618 16177
16093 16476 18904
17096 18398 15960
17642 17237 16962
14700 19300 16344
15053 19242 16337
17800 17376 16428
17599 18419 15330
18852 16372 15702
18831 15642 16751
15049 19088 16667
15490 18818 16499
17516 18721 15108
16218 15709 19127
16496 19065 15103
16070 15417 19638
15746 15665 19574
18400 17811 14957
17854 15992 17556
18642 15929 16693
14910 19274 16360
18682 15467 17209
14697 15289 20192
16003 18664 16400
18746 16176 16134
18918 15388 16754
15986 15379 19649
15013 19095 16822
15575 17568 18472
16881 18760 15444
17036 15946 18454
16679 19023 15023
18185 17954 15246
19116 15530 16323
14595 15690 20060
16158 19130 15544
14810 19259 16371
16268 19204 15339
15149 19796 14808
16862 19035 14851
15976 15713 19424
17495 15358 18434
17882 18264 15215
18237 15454 17804
19028 15767 16182
19222 16248 15063
15270 19197 16260
16626 19052 15164
17994 16037 17555
18115 16898 16435
19189 16067 15341
18769 15443 17019
19436 15865 14741
19500 15465 14798
15012 15686 20007
15619 19534 15224
16073 15429 19586
17905 18309 15069
18368 16622 16365
18309 16543 16786
19542 15467 14770
17097 15622 18687
16756 16248 18564
16183 19260 15278
16717 15428 19121
16342 18344 16927
19193 16108 15339
15235 18944 17017
16923 16441 18358
17890 16417 17301
17826 17985 15840
18164 17969 15347
17905 18302 15086
16691 18961 15061
16114 18468 16914
15853 17084 18682
15285 18792 17172
16604 19174 14789
16133 15456 19384
18414 15573 17604
17569 18578 14982
17635 15119 18457
17520 16684 17627
18631 15571 17289
14702 19428 16293
17449 18021 15968
15146 19677 15179
16761 17566 17565
14992 16964 19398
16116 19363 15056
15440 19488 15545
14767 14841 20304
16656 16504 18496
15931 18982 15981
15473 18811 16772
18058 15512 18036
14645 19342 16416
17623 16185 18018
16167 15269 19524
18219 15783 17732
18732 15689 17095
14938 19255 16326
17849 17602 15942
15797 17420 18397
15076 19856 14857
15291 18751 17296
15599 19276 15712
16694 15433 19020
17487 15048 18605
18528 15897 16807
18949 16282 15499
19563 15051 15137
14953 19171 16597
14910 19695 15356
16508 16953 18195
17486 17489 16535
14800 15068 20218
14786 15078 20223
15200 19298 16056
16633 16213 18603
17306 17355 17339
18310 15638 17714
18241 15549 17772
18961 15878 16078
14894 19888 14794
17399 16446 17911
19272 16079 15317
14805 14826 20300
18777 16172 16139
16352 15290 19403
16437 18289 16692
17476 15132 18622
18046 16574 17049
14767 16136 19874
15372 17316 18971
14920 15404 20099
17640 17439 16744
18738 15626 16985
17515 17150 17384
17679 18172 15506
16730 17890 17263
18762 15490 17043
15202 19169 16313
14551 19437 16179
16193 17709 17806
15421 18643 17458
16732 18178 16790
16874 15389 19046
18688 16898 15447
19458 15860 14786
16422 18180 17064
15269 19255 16233
18343 15707 17702
18172 17195 16180
19450 15066 15644
15170 14947 20122
16074 19267 15234
17924 15450 18154
19061 15378 16468
18455 15516 17583
14675 14737 20326
17056 17663 16890
17109 17033 17571
18072 15483 18114
18313 16464 16950
19021 15338 16596
16930 17419 17442
15431 19591 15256
16711 15726 18833
18515 17158 15694
15031 16933 19357
17794 18499 15058
18445 15769 17479
18945 16212 15694
14511 19360 16354
14969 17939 18748
15454 17302 18924
18150 15613 17931
18566 15658 17138
15128 19680 15140
15638 19609 14974
16515 18351 16542
16582 17875 17395
17671 18324 15389
14933 19106 16984
14887 19066 17003
15652 19366 15594
18049 16511 17095
18362 15538 17717
18424 15689 17549
14986 14897 20245
17954 15401 18204
19028 15530 16369
17715 18458 15260
18380 16559 16248
17500 18607 15163
14515 19455 16131
15312 19676 14948
15891 16551 19298
16436 18450 16343
17312 17544 16905
14675 19978 15059
14973 19144 16765
16266 15253 19421
14798 19266 16464
18731 15776 16945
18073 17816 15348
18530 15625 17247
19512 15550 14682
19512 15048 15266
17847 18398 14974
14821 19925 15066
15522 15924 19661
17541 18350 15338
17881 18374 15172
17581 17144 17278
15005 18036 18610
14972 19206 16380
14721 15498 20173
19082 15552 16296
14752 19914 15098
16026 15350 19662
16440 15184 19462
14807 19891 15080
19159 15898 15583
14752 19962 15011
16010 18076 17583
14608 19980 14976
15235 19646 15574
15505 19214 15863
16144 15294 19532
17510 15249 18495
16930 16786 17965
17840 15903 17762
19044 15542 16319
15731 15522 19632
15094 19679 15200
16464 17151 18069
19302 16153 14674
15873 15691 19571
14679 14736 20323
15618 15967 19659
15266 17852 18612
14682 19778 15365
18006 15939 17614
17969 18246 15077
19312 15671 15181
19483 15646 14772
16713 17146 18032
15524 18351 17634
17464 15326 18459
18323 17390 15826
17687 18552 14953
16093 19367 14873
16821 18591 15791
15846 15743 19397
16093 15617 19337
17586 16866 17551
17337 18013 16147
17055 17953 16482
18769 15424 17060
19047 15440 16429
16659 16518 18361
16159 17395 18485
17456 17566 16752
17663 18574 15050
18001 16959 16601
18408 15602 17559
18085 17376 16044
16490 15386 19226
18942 15367 16757
18538 15497 17460
15443 17759 18540
16269 17097 18406
16818 18046 16787
19178 15439 16230
17336 17266 17477
16429 15235 19345
18080 17785 15481
17514 17759 16179
15710 19339 15336
14532 19480 16066
16739 18105 16850
17757 18157 15276
17546 16014 18406
17631 16143 17992
17951 18293 15112
17857 17592 15984
14679 19975 14939
14852 19414 16044
17272 16984 17593
17750 16843 17243
17042 15661 18783
18436 17616 15209
16526 14746 19370
16450 18583 16189
17651 18418 15291
18944 15699 16653
19220 16035 15405
19294 16188 14712
15315 18664 17455
16752 18057 16773
15907 19325 15279
16191 17313 18383
17947 17093 16545
17803 16446 17495
17928 18313 14886
18788 15498 16973
17095 16986 17595
14757 19409 16113
14532 19951 15093
15428 17451 18940
15306 19741 14869
14626 19446 16108
15528 19455 15458
17142 17793 16566
15273 16203 19688
14734 19938 15196
15634 19009 16206
16151 19319 15130
15395 19612 15337
16803 15536 18993
15769 19482 15034
17360 17285 17117
16954 16376 18384
19053 15459 16410
19239 16192 14912
18874 15459 16986
14979 17591 18989
15051 16988 19351
14580 15152 20267
14755 19902 15152
15208 19298 15923
18576 15470 17516
19056 16815 14985
14740 19289 16492
14801 18205 18414
15796 15824 19407
18108 16259 17263
17817 17291 16885
19300 15507 15919
14798 19441 16074
16405 16931 18270
16933 17633 17181
16775 19089 14697
18268 15475 17761
17910 15624 17940
17496 17470 16754
17905 16137 17504
14974 15215 20120
15917 19286 15313
16427 16920 18718
15913 17193 18538
17297 17620 16774
16918 17014 17696
18809 16739 15445
14940 19881 14822
15510 17705 18464
17035 18215 16140
14612 19992 14968
15690 19593 15038
16747 18320 16256
19175 16486 14925
17562 17158 17026
17846 17341 16258
18383 15503 17643
14459 20008 14895
15678 17725 18181
16346 18315 16836
15427 19683 14931
17376 16567 17905
14461 19979 15138
15034 15285 20082
15488 19069 16280
16815 18273 16252
18279 17354 15846
16042 17605 18367
15767 15132 19860
16455 15202 19298
16987 18377 16137
19180 16440 15063
19302 15747 15154
16557 17190 18021
16081 17639 18328
18547 15589 17197
16233 18277 17077
16374 18889 15641
17053 17087 17589
17126 16374 18311
17510 17947 15941
17585 18533 15242
16386 19216 15311
17965 16141 17406
16395 18586 16299
14366 19483 16112
14503 19869 15208
15044 19313 15843
17452 17254 17218
17624 16606 17825
17462 17168 17111
18297 16802 16457
14646 14917 20343
14784 19647 15725
15610 19632 15049
15465 17879 18218
16194 17443 18350
18513 15681 17327
19051 15391 16507
18595 15556 17380
18516 15579 17302
14770 19176 17088
16193 18812 15887
15994 15097 19735
17389 15383 18638
15536 17659 18519
18032 18249 14929
15111 17196 19247
15548 19607 15130
15312 16140 19556
15090 14848 20154
16735 16500 18449
17661 17444 16514
19074 16259 15374
18823 17259 15189
18949 16959 15058
16447 18604 16058
15445 17723 18401
16060 18639 16798
16402 18975 15437
17221 16160 18268
15613 15535 19798
17640 18554 15142
17596 15295 18463
18976 16216 15541
18450 15734 17518
15432 17585 18575
18011 17021 16386
18510 15760 17330
18329 17936 14804
15201 16166 19722
16361 15164 19486
16194 17482 18132
17894 15701 18029
19324 15404 15872
19297 16150 14802
14524 19972 15120
14415 19921 15223
14812 19126 17039
16993 16864 17893
18377 15333 17749
18021 16957 16710
18656 15708 17016
18837 16924 15295
19094 15476 16370
15457 19538 15336
16160 19377 14721
15484 19291 15640
16285 18605 16316
16244 15057 19558
17606 17874 15939
15883 16555 18948
14791 19624 15680
15229 19699 15000
17024 15161 19069
17005 18667 15525
17734 18488 15094
18015 18252 14891
19284 16160 14826
14763 19442 15907
17688 17049 17169
18429 15903 17253
17491 17348 16848
18774 15603 17014
15191 19787 14833
17365 18161 15782
19325 16090 14990
19313 16028 15139
16669 17332 17820
15351 19124 16161
16192 15350 19484
16606 17492 17993
16523 18072 17225
18701 16865 15600
17712 16938 17061
19426 15366 15190
15650 16061 19538
16494 18649 16036
17541 15414 18408
16159 18777 16238
15878 18590 16899
15242 16070 19722
15929 18069 17666
18637 15806 16708
17878 15664 18041
17113 15109 18973
18262 15593 17768
18689 17306 15211
19397 15463 15143
17795 15912 17894
14953 19867 15281
16008 17655 18213
16664 16003 18813
17489 17287 17057
17477 17729 16321
18665 15518 17193
18684 15505 17157
15375 16342 19513
14465 19991 14978
18483 15234 17564
17672 16999 17311
17398 18644 15181
17316 18208 16003
18382 15607 17654
14621 15205 20254
14661 15275 20202
16002 16723 18909
18690 16877 15627
16522 16555 18370
16173 17448 18391
17599 17579 16462
19475 15148 15354
15105 19747 14987
17745 18276 15210
17263 17386 17109
18238 18169 14984
19100 15805 15635
18526 16890 16072
15749 17905 18148
15573 17488 18536
17921 18383 15008
17317 16260 18191
18126 18187 14864
15572 16179 19434
17360 17320 17115
18771 17440 15012
19503 15586 14685
15391 19259 15873
14386 19983 14982
16004 15666 19343
15636 18840 16498
15362 17372 19090
15036 18972 17142
16164 15035 19673
18506 15595 17501
19267 15511 15946
19526 15102 15253
14971 17071 19347
15749 19468 15242
16530 15038 19295
16197 17732 17766
18824 15661 16709
18177 18100 15000
16161 17708 17878
16366 18343 16577
16219 17219 18370
19057 15285 16496
18479 15997 16825
14377 19466 16168
16641 17501 17795
15910 18813 16316
14438 19483 16079
15355 17666 18735
16708 17923 16956
16748 17781 17026
16082 17234 18490
16798 17197 17694
17368 17480 16877
15710 18739 16660
16254 15522 19260
18133 16695 16968
17611 15219 18492
15306 18918 16636
16473 19271 14821
16114 15479 19389
16122 15218 19656
17337 15531 18539
17474 15534 18413
18392 17818 15080
19134 15356 16391
15422 15531 19828
16145 15284 19596
16793 18316 16249
18049 15515 18078
17210 17509 17168
18517 15747 17282
19008 16866 14981
16258 19166 15507
17096 16746 17905
18127 17364 16000
16971 18177 16146
18758 15164 17135
19462 15298 15168
16633 15748 18916
16326 17754 17699
18035 16720 17060
17722 18272 15304
17704 18532 15138
15107 17635 18925
15995 18227 17600
15231 19067 16530
15762 16306 19395
17820 17494 16382
16620 19054 15109
17694 15305 18412
18023 18261 14863
17885 17266 16414
14292 19888 15298
16361 16367 18915
17039 18597 15437
16220 15130 19650
17719 16853 17043
19078 15652 16203
17321 17544 16802
18296 17831 15083
18495 15869 17298
14648 14667 20344
16089 15811 19232
16672 16960 18175
17541 17906 16013
17758 15818 18099
16940 17902 16530
17975 17384 16177
15957 15175 19750
16620 17956 16876
16918 18539 16052
16885 15337 18929
17072 17814 16624
18901 15742 16520
17516 18339 15464
19356 15332 15746
15228 17529 19023
15527 18960 16245
15185 18008 18716
15022 19760 15146
17250 17183 17485
17564 18039 15775
17527 18747 15094
17020 18657 15489
17946 18299 14952
18025 18228 15062
18277 17970 15093
19494 15470 14787
15352 17583 18895
15889 17337 18554
16072 16600 18738
16186 19292 15194
16603 15740 19018
18022 15643 17924
18876 15481 16887
17254 17076 17507
16185 18884 15800
15953 19476 15116
17757 17358 16793
17847 16201 17603
18768 16986 15307
16166 15286 19544
18245 18013 14878
19505 15456 15128
18894 15409 16877
15623 17607 18422
14730 15387 20131
14930 19607 15829
16441 19297 14749
16007 16432 19014
16783 18288 16442
16848 16334 18455
18636 15814 17122
19323 15329 15966
15139 18610 18009
15216 17725 18850
15666 16831 19089
16643 15379 19274
14985 18979 17360
14931 19107 16974
17472 15286 18518
17566 18611 15029
18084 15973 17474
18385 17309 15695
18335 15463 17734
19080 16630 14897
15410 17041 19234
14803 19260 16386
15422 16138 19714
15185 18909 17210
17158 17635 16879
16516 19152 14945
18375 17748 15180
18795 15529 16929
19317 15386 16094
19212 16290 14747
17963 15621 18018
14817 15295 20133
15082 17375 19189
16123 15773 19219
16824 15703 18936
16496 17968 17235
16459 15043 19438
17313 15194 18688
16932 18971 14921
17839 18412 15136
18471 15416 17545
18697 16778 15663
19203 16464 14868
14770 19599 15901
15618 18806 16719
16384 19271 14866
15353 17388 18964
17096 17625 16900
15078 19311 16114
16696 17866 17486
15865 18673 16723
19069 15187 16489
18941 16867 15065
14610 19264 16716
15443 15465 19901
16513 16793 18235
17230 17661 16798
16196 18716 16081
17109 16058 18347
18816 16950 15290
19340 16081 14663
16333 19235 15043
16851 15778 18790
17482 18637 15202
14673 19249 16833
14383 19545 15982
16930 18064 16643
17269 15719 18413
16713 16521 18248
16455 18529 16185
18644 15535 17221
14762 19194 16894
16721 17642 17481
14897 19223 16518
16803 19008 14901
17576 15038 18502
19627 15220 14863
14707 19457 16107
18413 16859 16230
18045 17699 15720
17614 15402 18413
17669 18533 15089
17998 15498 18149
17738 18465 15120
18045 15513 18090
18527 17721 14924
19006 15553 16528
14681 14731 20315
14328 19440 16419
15026 14798 20238
16718 15145 19217
17277 15442 18612
18198 15867 17678
18809 15626 16917
18793 17359 15068
18897 15418 16771
18461 15513 17511
19237 16284 14780
19592 15235 14915
14794 15776 20006
16544 16554 18326
17335 15216 18675
17406 15423 18539
16331 15479 19232
18213 15397 18058
18744 17401 15151
16991 18114 16496
16507 18925 15456
17542 18687 15161
16954 16389 18383
16310 17534 17871
18787 15321 16999
19392 15294 15860
19012 16831 14987
14981 16334 19774
14271 19450 16343
15535 17582 18714
14353 19512 16152
15073 14839 20185
16036 16681 18889
16023 18125 17575
16462 17904 17583
16446 18245 16894
17160 18379 15810
15644 19603 15095
17147 18176 16008
18476 16006 17025
19106 16147 15578
18697 15391 17242
19073 16710 14922
16399 17970 17296
15291 15981 19725
16217 18100 17464
14405 19897 15234
17984 15589 18011
16242 15005 19572
17872 17250 16490
17713 17167 16918
18261 15426 17813
17850 18376 15054
19017 16180 15536
18939 15327 16765
18035 17920 15374
14931 19367 15979
14515 19995 14813
14987 17039 19320
15259 18619 17813
15612 16808 19351
17760 15527 18375
19408 16075 14928
17816 15625 18163
17727 15930 17982
18477 15276 17540
18884 16533 15616
18472 17728 15073
19244 15229 16170
17101 15729 18500
14608 19355 16321
17309 15152 18896
16299 15836 19013
17089 15402 18877
14639 15310 20180
15400 17628 18723
15496 18232 17993
17335 17695 16715
19002 16180 15600
15288 17307 19126
15479 17144 19129
15249 18569 17861
16756 16051 18614
18121 16251 17272
17681 15207 18420
18121 15448 18076
17823 15755 18112
18243 17964 15094
18380 15706 17557
14806 19050 17181
16620 15547 19031
15705 19541 15137
16390 17559 17799
16835 17880 16964
17761 15819 18012
15790 18480 17448
14558 19300 16676
14700 19293 16493
14876 19213 16890
14684 19258 16611
16125 19001 15855
16097 19413 14872
16823 18956 15223
17416 15658 18492
16961 15624 18851
18393 16962 16225
18285 17850 15132
17683 18205 15368
14951 16696 19623
15046 18503 18031
14796 16816 19610
17923 15890 17651
16347 19123 15390
17725 18196 15383
18129 18062 15065
17759 18067 15518
18742 16577 16048
17883 18310 15054
19459 15298 15352
14944 15533 20085
14660 14844 20331
15250 19080 16477
16022 16086 19239
15780 17520 18508
16232 15883 19117
16743 15036 19225
15949 15625 19501
17240 15216 18908
16474 15362 19280
18865 17252 15116
18722 15328 17158
15056 16442 19738
15639 18728 16721
15618 16743 19363
17217 18153 16111
17833 16214 17794
19109 16791 14892
17374 15014 18710
19581 15254 14872
15820 16560 19240
16905 18706 15788
17675 17738 16212
18065 18120 15101
19159 15326 16259
19077 16647 15028
14977 14832 20249
18150 15621 17739
16662 17030 18086
17797 15532 18310
18217 15816 17626
18096 16761 16621
18071 18078 15254
14822 16910 19506
15184 17859 18737
15025 16009 19975
16059 18734 16266
15137 19730 15061
15468 16034 19624
17898 17220 16576
18255 18011 14991
19420 15781 14852
15188 14812 20131
14825 15223 20168
16238 15307 19378
17166 17336 17348
16906 15210 19041
15355 18444 17931
16473 15029 19362
16021 15206 19666
16938 15053 19113
17781 18520 15000
16881 18388 16133
17119 15092 18970
18881 16266 15962
18173 18026 15021
18406 15191 17677
15241 17653 18887
15317 16448 19517
14962 19424 15846
15559 15374 19998
16141 15439 19521
16387 18150 17116
16910 18957 14968
16491 14774 19472
16027 15162 19673
17399 17368 16824
18082 18116 15220
17940 18312 15042
15215 17975 18588
15340 17697 18849
15330 17778 18691
14686 19693 15836
15026 15465 20025
16010 17667 18121
16727 18637 15977
16737 16990 18108
16627 14901 19312
18367 15916 17065
15176 16492 19643
14840 19902 14884
14998 18498 18145
14629 19255 16682
16713 15086 19218
17214 17256 17490
16955 18734 15331
17840 17790 15765
17736 18188 15315
16689 17430 17638
17587 18606 14954
17859 15562 18281
16787 17929 16829
17674 15302 18418
18590 17597 15169
19415 15312 15441
19369 15214 15918
15513 15689 19771
14874 19074 17127
15721 19516 15212
16069 17135 18595
15651 18802 16480
18248 17980 15077
14982 19146 16449
16430 19154 15014
18324 16160 17028
18663 17092 15559
19278 16248 14737
19349 15348 15648
15566 16453 19429
15145 18619 17838
15636 17414 18892
15340 18902 16626
16908 18255 16573
15711 17367 18545
18787 16876 15548
18593 15477 17485
18384 16556 16758
18422 15211 17674
18847 17343 15133
16058 19394 15004
15247 17622 18983
15897 19502 15030
15414 17452 18870
17883 18187 15225
17484 18596 15205
19625 15226 14851
15164 17909 18772
16151 15291 19522
18738 15485 17155
16382 14725 19483
15670 16242 19404
17087 16698 18041
17888 16769 16989
19231 16092 15296
18610 15361 17436
19289 16131 14908
19212 16384 14686
19270 16248 14798
14961 16851 19470
15293 17484 19100
16309 15234 19538
18195 17464 15723
16408 19123 15250
17458 15363 18432
17415 17228 17338
18074 17731 15577
15128 16160 19860
16033 18440 17070
17798 15489 18404
17202 17704 16753
16073 18291 17324
17994 17827 15626
18098 15460 18080
17582 18617 14958
19046 16168 15700
19132 16579 14791
19065 16811 15215
19454 15140 15540
19451 15124 15557
14812 19057 17174
14581 19359 16369
14646 16454 19737
15848 18831 16265
15509 15750 19749
16890 15055 19172
17389 15398 18550
18218 15618 17849
18073 15789 17814
19264 15522 15521
15089 16755 19535
16718 18764 16023
16610 17340 17806
15413 19135 16152
14875 15647 20068
14478 19385 16447
15702 19578 14881
14921 19447 15895
15774 15303 19778
15647 17463 18534
16245 17244 18163
19449 15610 14825
16785 15994 18694
16763 17168 17888
16633 19026 15019
17548 18087 15858
19030 16178 15950
18688 16788 15724
16018 15525 19345
16890 15162 19140
15356 18077 18449
17536 15328 18445
16108 15260 19631
17971 17028 16564
17630 18265 15489
17058 15296 18990
17239 17444 17117
16822 17578 17521
16096 16279 19062
18189 18055 15020
18427 17637 15168
17186 15212 18921
18479 16850 16157
19280 15639 15279
19127 16325 15129
19586 15260 14867
18238 15419 17868
14282 19387 16429
16246 19223 15368
16352 15449 19366
17707 15413 18408
16793 18449 16200
17721 18473 15113
17521 18713 15137
18099 15714 17741
18247 15500 17782
19450 15650 14799
17180 17780 16777
15388 18825 17118
16635 16189 18638
17146 15464 18808
15779 19210 15573
17536 15388 18430
18073 16977 16385
18762 16639 15798
18991 16939 15013
15616 16909 19203
15060 16593 19735
15235 15931 19736
19333 15446 15259
17497 17917 16233
18289 17944 15117
15440 15434 20022
14968 18897 17644
14865 16904 19464
14745 19072 17137
15244 19108 16327
16759 18258 16533
16583 19072 15050
15569 18679 16805
15740 19552 15035
17366 15159 18856
18284 17995 15042
18132 15477 17996
18973 16321 15457
19440 15745 14953
15087 16627 19695
15615 18513 17366
15052 18982 17055
16467 19122 15189
15442 16634 19499
17637 16457 17566
17040 18904 15211
17583 18002 15681
19136 15418 16343
14573 19628 15887
16066 19311 15156
15452 18946 16302
16206 15994 19127
16733 15011 19261
17002 18293 16074
17499 18674 15179
15146 18681 17824
16468 15636 19141
16257 17208 18228
16154 18913 15780
15264 15929 19771
17078 18365 15995
18030 16765 16853
18083 15739 17827
19325 15985 15004
14547 19773 15502
16516 18524 16222
14951 16980 19353
16256 15690 19213
16462 18583 16169
15866 19569 14930
16533 14983 19363
15560 17064 19188
17587 17582 16449
18253 17521 15667
17853 16129 17522
16344 15631 19182
15198 17738 18829
15146 17890 18778
15045 14925 20233
15522 15573 19786
16263 15292 19490
16804 15318 19090
15877 17652 18244
16688 19167 14938
15252 18513 18027
14437 19425 16342
19560 15227 14946
15315 16226 19555
14827 19328 16333
15988 19468 15079
16175 16362 18917
16839 17905 16812
16231 17631 17742
18625 16272 16084
18802 16607 15748
14847 15282 20147
14957 19676 15505
17908 15607 18115
15769 18599 17288
16860 15722 18709
17584 15682 18359
16565 19174 14850
17098 15238 19035
17969 15648 17920
15710 17499 18514
16451 19115 15241
18652 17548 15228
18642 15256 17287
15080 18875 17726
18260 17503 15477
14994 16242 19796
14952 16894 19563
16510 15132 19344
17446 18521 15257
17442 15215 18615
19541 15388 14877
14838 18987 17350
15511 15399 19882
15193 16917 19460
15566 19096 16072
17708 17312 16927
16064 18352 17426
16183 18585 16525
16952 18974 14884
15125 15228 20101
16408 17973 17289
18405 15353 17620
14835 16984 19457
14486 19985 14976
18215 15554 17992
15231 17136 19316
14770 18992 17365
16373 15728 19086
18228 16841 16345
14777 15276 20181
15672 16756 19318
16983 16174 18488
16201 17118 18468
17205 15707 18514
17941 15595 18029
16722 17240 17816
15926 16807 18878
18173 15432 18059
15509 19110 16272
18978 15781 16264
19256 16164 15136
15028 15993 19974
15127 15110 20121
14884 16816 19582
14988 19787 14961
15016 15807 20001
16480 15026 19457
15909 17172 18640
16149 17121 18564
16288 15149 19555
16520 16078 18793
18688 16271 16649
18453 17622 15194
18573 16627 16188
19205 16411 14763
19464 15679 14790
14877 19040 17326
16714 17045 18015
16821 17740 17012
17373 15083 18786
16160 16269 19043
15195 18032 18641
15530 19583 15158
15455 18632 17445
15902 19386 15329
16531 18262 16782
17241 17224 17487
16968 17847 17011
17530 18712 15003
19617 15130 14875
15120 16392 19661
14376 19765 15516
15938 18584 17274
15742 19138 15781
16133 16432 18834
16400 15293 19353
16031 15086 19758
16676 17262 17815
16990 17890 16826
18929 16708 15606
15159 18492 18164
15631 16737 19320
14671 19716 15677
15161 15543 19962
15924 16552 19297
15296 19697 15130
16162 15384 19454
16840 15624 18987
15410 19073 16352
17414 16064 18022
18317 17844 14980
18707 16758 15841
15081 18069 18609
14964 19330 16275
15048 16027 19948
15281 17976 18513
15722 16141 19513
16626 15805 18951
16075 19264 15312
16784 19017 14982
17133 16413 18178
17629 17454 16566
16340 18202 17100
15019 16134 19903
15815 19509 14962
17941 16718 17144
17454 18754 15159
17828 17228 16688
18578 15971 16694
15559 16211 19529
15211 17814 18687
16454 19154 14946
15236 17733 18723
15084 15952 19949
15492 18458 17684
14416 19351 16463
15420 19700 14914
15206 16549 19565
15613 17802 18319
16705 19100 14858
17144 16120 18285
15799 18884 16461
18015 18285 14784
16766 16045 18789
15251 16649 19443
16757 15213 19094
14481 19767 15514
17286 17696 16701
16125 15121 19695
16816 16863 18061
17218 18153 16039
18215 17357 16175
18779 15212 17056
18483 17118 15938
18983 16250 15443
15940 16814 18743
19479 15595 14778
15971 17192 18569
15918 16664 18924
16286 14885 19567
16066 17687 18053
15457 17266 18964
16317 17171 18303
17502 15329 18436
19523 15296 14983
19385 15402 15441
19561 15260 14915
15725 15748 19588
18144 16725 16478
15794 15318 19685
16189 18811 15948
17413 17898 16396
17622 18248 15612
18256 17934 15203
18491 17285 15525
19432 15913 14748
19009 16835 15113
19557 15260 14981
15230 16294 19705
16236 17878 17629
14490 19839 15476
16125 18053 17911
16560 14967 19353
17949 17537 15933
17699 18148 15608
16733 18908 15259
14709 15153 20218
14988 16313 19788
14568 19313 16627
14292 19637 16012
16109 15021 19708
17113 15292 18830
16016 18831 16175
16607 19037 15322
18013 15827 17698
16714 19056 14984
17799 17792 16123
18276 15963 17144
18181 16676 17019
19585 15188 15056
14743 17039 19384
14825 19904 14928
17545 17451 16675
15688 16321 19400
15434 19545 15411
16620 15634 19016
17821 15573 18283
16531 14736 19378
15643 17759 18345
16332 17940 17398
18275 17439 15418
17121 18122 16269
17372 17491 16834
18320 17764 15279
14844 15673 20043
15178 16918 19345
15378 15508 19940
15025 19759 15110
15342 15921 19844
15904 19274 15514
15645 16171 19503
16718 15253 19140
18362 17802 15210
18312 17900 14823
15063 16097 19885
14695 19220 16735
15320 17708 18834
15408 17276 19224
15242 19582 15735
15388 18246 18200
15394 17674 18664
18221 15439 17871
18228 17754 15306
18275 15383 17798
18580 15876 16920
14693 19234 16513
16377 15694 19079
14848 19871 14875
14879 19359 16188
16041 16858 18742
16313 15156 19504
16693 16932 18217
19476 15512 14807
17693 16470 17503
17335 17416 17072
17540 17602 16368
14949 19017 17219
15183 17766 18910
15125 16648 19584
15094 18882 17302
15792 19514 14968
15416 18621 17705
15858 16885 18999
17943 16727 17057
18400 15435 17628
15155 18035 18612
15165 16042 19863
15423 17316 18970
16671 14930 19309
15839 16174 19317
16768 15005 19185
15925 18859 16139
18327 15761 17526
18869 16917 15239
19496 15244 15306
19407 15371 15582
15052 18694 17924
15425 18331 17895
16470 15114 19346
15221 14981 20108
16483 17137 18203
15568 18810 17108
17390 15223 18624
18125 15556 18022
18770 16460 15804
19266 15608 15338
18384 17830 15023
19110 16620 14797
19466 15281 15524
14664 14848 20325
15332 18544 17758
14452 19883 15355
15265 19793 14739
17161 15422 18790
17951 16275 17373
18655 15123 17302
15143 16187 19810
15062 18960 17492
15321 17548 18939
15049 15450 20060
14915 19882 14853
14382 19414 16407
16515 19248 14829
16440 17208 18215
18024 15610 17936
16057 18397 17193
18107 18190 14866
18884 17168 15229
19485 15220 15323
14849 15686 20041
14834 16171 19871
15462 17438 18815
15341 15766 19857
17129 15201 18931
17725 16653 17469
17008 15278 18999
15665 18113 18191
19599 15275 14813
15030 18725 17850
14539 19846 15401
14770 14766 20307
15077 16734 19545
15468 16870 19321
16411 17134 18235
16518 17844 17543
17377 16615 17641
18922 17199 15163
14800 19107 17078
18391 16193 16856
15374 17714 18682
15025 16188 19812
15958 15858 19368
15632 18625 17365
17040 18593 15338
16343 18994 15438
16301 19351 15104
17315 18035 16344
17424 15320 18597
18139 15712 17898
19045 15530 16333
17105 17937 16509
18935 15755 16330
14655 15269 20212
15232 17857 18618
15268 17999 18527
15116 16269 19751
15202 16019 19874
17144 18090 16462
17862 15614 18261
18271 16576 16470
17928 16629 17173
19547 15461 14794
14568 19542 16028
14952 16390 19765
15484 19084 16280
15865 18125 17780
15685 15255 19930
15684 17091 19037
16811 15757 18792
16995 17708 17089
16887 18712 15582
17669 18501 15233
18858 15488 16797
19514 15330 14998
19628 15218 14863
15101 18087 18548
14790 15068 20284
15089 17494 19027
17696 15919 17994
17214 18237 15856
17292 18943 15121
18599 17699 14992
19210 16385 14959
14927 15022 20279
16198 19356 14786
15790 18263 17791
15547 18376 17483
16195 15193 19665
16007 18750 16325
16144 17962 17563
16604 15146 19287
18406 17278 15954
19590 15251 14871
19450 15363 15338
15091 18810 17697
14880 19373 15975
18146 15579 17965
15123 17867 18808
16105 18732 16395
18301 17917 14892
18873 17287 15113
18982 17068 15045
14623 19537 15907
15114 18639 17833
15411 18338 18078
14977 18147 18480
15806 18660 16984
14951 15002 20206
15649 15910 19550
16035 19465 15140
15851 18779 16647
15988 18846 16013
16530 19194 14846
16290 16926 18462
18802 17293 15205
18656 17085 16065
14639 19475 16027
15360 15886 19803
17668 17498 16456
15393 19318 15659
15966 18662 16581
15621 18933 16353
15952 19377 15191
16665 14841 19346
17255 15173 18895
17980 15586 18131
17555 15221 18515
17947 17461 16060
18403 17870 14839
18491 16716 16085
19557 15244 15219
19531 15279 15001
15080 16481 19715
14874 17311 19244
15231 17774 18805
15205 17825 18695
14769 19428 16106
14946 19044 17158
16719 16477 18509
18462 17579 15197
18705 17507 15044
18622 15410 17327
14911 19017 17341
17267 18798 15281
15853 18504 17394
15121 16387 19686
15382 19149 15916
16004 15145 19691
16271 17984 17459
17074 17270 17379
16755 17630 17563
18158 18052 15060
18242 15378 17914
19259 15513 16139
18689 15836 16578
18611 15298 17395
18661 15294 17244
15093 18741 17822
15046 15122 20176
15214 14838 20111
15879 18024 17947
16887 17162 17993
18465 16920 16086
18055 17049 16285
19510 15173 15230
14977 15116 20195
15317 18439 18300
17324 15449 18544
15990 15875 19269
18114 17485 16034
16887 18991 15013
17512 15152 18600
17834 18418 15161
19041 15815 15886
18738 16917 15379
19579 15228 14924
16870 15671 18972
16845 15808 18688
15006 16662 19676
14988 17452 19147
16128 17600 18058
14464 19996 14923
15243 17350 19233
15666 17698 18277
16409 18877 15571
17366 15461 18533
17254 16597 18067
17240 16145 18253
17291 16498 18105
15494 18548 17655
18573 17654 15052
19245 16269 14868
19572 15266 14841
15135 16168 19855
15035 17406 19122
16888 16042 18521
15443 17354 18893
14594 19662 15847
15497 16380 19475
16278 19144 15370
16233 15203 19595
15566 16821 19278
16381 15933 19012
16973 17130 17672
18025 15428 18145
16791 17285 17749
17458 15324 18515
18264 17424 15740
18441 17799 15050
18798 16445 15987
19413 15940 15033
15482 17244 19122
15274 16072 19716
15146 19032 17016
15418 18303 18050
16147 17840 17682
17557 15879 18069
15802 18216 18075
17939 16999 16797
18673 15554 17102
19326 16087 14770
16095 18189 17554
15109 16838 19485
15831 16569 19025
15473 15088 20052
15734 15228 19841
16168 16108 19158
17203 16674 17950
17259 16525 18051
17852 16610 17430
18851 15773 16387
19089 16837 14894
14907 16900 19461
17096 18579 15403
14998 18633 17981
17196 18492 15522
19160 16145 15367
14588 19413 16341
16133 18440 16813
17299 15287 18864
15797 17646 18255
15268 18547 17757
16030 19492 14912
15191 18602 17832
18477 15918 16901
19201 16404 15005
16930 15667 18682
14973 16844 19538
15288 18445 17805
15208 17802 18828
18190 15954 17373
15825 16690 19203
17289 15334 18762
16112 18082 17513
16184 15567 19245
17017 17303 17483
18433 15293 17626
18808 16365 16051
19021 15646 16448
19574 15217 15085
19103 16610 15328
17631 15581 18279
15099 18495 18049
18524 17692 15016
15058 18627 17882
14958 19046 16933
15062 19756 15247
15525 15254 20036
16483 19143 15012
17109 15312 18812
16325 19317 14870
15763 19542 15019
17728 17384 16444
17319 18159 15897
18357 15426 17786
15491 16624 19424
15056 19689 15347
16021 17759 18003
15770 17331 18676
15147 18792 17270
15760 18329 17851
16123 18430 16840
15635 18118 18084
17092 16446 18283
18354 17020 16165
18433 15529 17580
19153 15629 15782
19146 15742 15885
19408 15380 15267
19545 15398 14856
15437 15246 20099
16399 15783 19011
16565 18153 17095
16864 15416 19010
14648 19302 16673
16759 19041 14970
17021 15947 18429
18087 17623 15887
18330 17810 15253
18840 16096 16569
14883 19162 16824
15051 16633 19654
14689 19321 16415
14940 15147 20205
15444 18192 18249
16516 16697 18440
16047 18297 17486
16408 18977 15377
16992 18532 16091
16714 16508 18482
15422 17813 18477
16301 15200 19554
16858 16287 18552
16936 15056 19113
17039 16566 18157
15512 19166 15723
18409 16869 16178
18080 15271 18145
18170 17592 15791
18647 15694 17124
14730 15377 20161
14841 19754 15559
14904 15208 20157
14654 19302 16563
16318 17526 17897
15474 18813 16601
16607 19140 14969
16024 18601 16805
17178 18956 15146
18499 17703 15131
16286 17415 18078
18220 15598 17726
15189 18598 17974
15296 19772 14958
15533 15541 19796
18043 15555 18108
15368 18510 17736
15929 15299 19772
17377 15117 18667
16546 15189 19275
18104 17350 16203
18063 18179 15046
15068 16751 19550
15548 18280 17974
15561 16825 19319
16619 18083 16929
17686 18082 15644
18301 15763 17492
14861 17034 19391
15113 18838 17543
15274 18492 18102
15150 18064 18540
15517 18666 17283
15347 17838 18635
15724 15360 19860
16420 18771 15837
15980 15227 19687
16003 15535 19428
17200 17738 16878
16812 15210 19153
16488 19139 15088
18157 17469 15920
15279 18478 17765
17453 18852 15147
18660 17551 14993
19591 15247 14885
17192 18078 16117
15066 18876 17537
14830 19161 16967
18411 16786 16235
14893 18531 18043
15199 16302 19715
16867 15101 19183
17176 16635 18119
15298 17378 18984
15506 19672 15196
16786 17082 18005
15443 18582 17709
17818 17716 16112
18225 18025 15033
18619 17612 15040
17912 15591 18240
18969 15535 16730
18008 16795 16890
15220 17842 18671
15002 17160 19258
15017 18764 17899
14782 15162 20198
15985 15114 19723
15581 17148 18992
15521 18434 17835
16292 17577 17917
16632 19080 15026
16000 15716 19297
17144 16422 18177
18313 15829 17340
17732 17588 16436
18401 15419 17677
18328 17182 16273
17381 17985 16276
18841 16878 15317
19088 16142 15808
15281 18723 17590
15427 18375 17875
15140 19126 16435
16450 19176 14958
16840 15102 19151
15602 15377 19966
17806 17753 15983
15712 19491 15296
17505 15471 18410
18600 17625 14989
18335 17894 14899
19570 15338 14914
19432 15564 14988
18977 15500 16661
19534 15083 15235
16918 16589 18188
18054 17235 16242
18551 17569 15299
18593 16533 16577
18987 15499 16590
15242 17966 18564
15065 16803 19606
14674 19231 16865
16330 18928 15706
17671 17415 16497
17246 15705 18503
15827 18206 17767
16200 16384 18774
17957 15865 17908
18166 16690 16474
18296 17189 16148
17551 15239 18549
19341 15732 15098
15397 17513 18869
16671 16514 18400
15224 16692 19449
14261 19327 16466
15083 16695 19593
16555 19095 15083
16974 15109 19071
15479 17502 18786
16457 15615 19187
15804 16750 19096
16754 16331 18469
18353 16744 16391
18004 15276 18163
16733 17882 16915
18115 17724 15539
17480 18548 15206
18956 15915 16297
18697 16657 16046
18084 15332 18114
14970 19814 14919
19645 15244 14848
14992 16330 19742
15188 17884 18681
14842 17209 19289
16846 17711 17357
15731 19495 15077
14806 19935 14939
16317 19253 15134
17536 17749 16318
15959 18094 17620
16685 19132 15005
15418 18895 17033
18847 16289 15882
17491 18776 15082
18055 18136 15315
18080 18187 14922
19055 16243 15495
16245 15296 19372
19624 15243 14867
15197 18788 17726
16243 19227 15247
15890 18294 17559
15938 18153 17646
15963 19413 15189
19252 15534 15685
15208 18604 17828
16649 16507 18568
17102 15198 19000
16048 19382 15080
14859 19656 15535
15756 16475 19346
16566 14882 19345
17344 17631 16529
17268 18138 16064
17637 18223 15431
17459 18636 15239
17190 18882 15149
18533 17659 15144
17969 18269 14991
18623 15427 17312
19137 16666 14760
19170 16491 14777
15040 18612 17928
18694 16099 16255
14853 15749 20019
15018 16221 19867
15576 18235 17963
14978 18980 17365
16066 15046 19751
15374 18059 18454
15885 18722 16598
15939 19462 15268
15278 16860 19334
17002 17272 17637
16757 18457 16096
17207 18830 15155
18495 15888 16855
18174 17427 15907
18509 15208 17556
19274 16166 15091
19291 15973 15180
19347 15442 15870
17126 18506 15470
14501 19303 16697
15185 18142 18513
14910 17030 19450
15051 18897 17500
16606 15578 19056
16073 19030 15946
16619 15552 19190
16985 15054 19105
15075 15206 20122
15230 15886 19867
16729 15408 19064
16268 18415 16946
16820 15212 19048
18005 17095 16464
17394 15666 18450
18031 17370 16252
18517 17115 15520
18164 17994 15061
18951 16209 15562
19432 15862 14847
18813 15356 16991
19433 15280 15660
19607 15213 14912
15142 17825 18788
15176 16610 19569
15934 18007 17934
17101 18256 16021
18225 15777 17442
17391 18708 15315
18301 15377 17928
19232 16185 15093
19306 16127 14853
19566 15367 14820
15910 17171 18589
15218 18278 18335
15290 18203 18456
14835 16230 19807
14747 15613 20084
16294 17043 18325
15140 17926 18773
15667 15761 19684
16510 14946 19416
17033 18756 15282
15332 16189 19540
16745 15748 18830
16743 15034 19251
16402 19186 14960
17135 15191 18960
18873 15709 16522
18312 15975 17033
19463 15536 15136
18846 16724 15283
18888 15937 16352
15269 18204 18333
14769 19960 14829
15488 16924 19257
15976 19116 15833
15820 17168 18831
16763 15164 19156
17466 17597 16548
15962 15456 19466
17259 18460 15717
16246 18580 16678
17295 16515 18056
17856 17915 15624
18688 17543 15395
18056 16845 16813
19468 15473 14955
15703 19021 15811
15719 18960 15823
15575 19059 15750
15381 19189 15830
15045 15290 19945
16811 17956 16446
18144 15976 17653
14671 19747 15266
15092 15326 19908
17015 17964 16397
16372 18474 16422
14758 19836 15045
14633 19839 15026
17849 15863 17857
17017 18344 15760
16492 18425 16172
17752 17301 16356
17069 18285 15799
14957 14914 20093
17596 17018 16986
18122 15704 17778
18369 16066 16891
17820 15914 17854
16388 18336 16397
19318 15401 15618
18032 15999 17577
14998 15205 19978
17247 16674 17905
18100 15748 17790
17504 17027 16981
16568 19073 15185
19246 15456 15793
18192 16484 16800
19298 15391 15823
14935 19195 16490
18228 16012 17483
14991 14933 20074
16007 18932 15824
16149 18891 15772
18105 15764 17657
15025 14990 20063
16399 18777 15592
17582 17779 16277
16087 18794 15805
16313 18920 15622
17030 18314 15887
14645 19722 15431
18076 16827 16684
16392 18860 15532
19301 15452 15641
16531 18713 15607
17939 15827 17793
15300 19297 15731
14465 19861 15058
18169 16769 16394
16314 18510 16415
14998 15258 19957
16926 18172 16184
16933 18838 15270
15447 15220 19791
18066 15959 17700
15090 19243 16054
19325 15386 15670
17966 16416 17476
15384 19219 15757
16792 18870 15278
14761 14613 20307
16973 16386 18267
16798 17328 17544
16406 18960 15503
16026 18553 16544
19279 15385 15826
17459 18489 15329
17687 17636 16042
16172 18960 15675
19349 15418 15565
16657 18133 16633
15727 17570 18484
19570 15058 14971
16799 17993 16623
17519 15741 18269
17881 16505 17441
15288 18177 18169
14917 19035 16960
15912 18654 16610
15585 18413 17292
16676 19060 15165
16568 18758 15597
18038 15897 17722
15927 17407 18304
16580 17370 17844
15537 18820 16352
14906 19044 16900
15033 19268 16070
16628 19021 15267
16624 19072 15176
18303 17730 15256
19092 15976 15626
14633 14636 20326
17383 15420 18732
17508 15411 18592
14685 14637 20288
16604 18160 16498
15445 18484 17384
17787 15854 17901
15713 17588 18386
19039 15634 16113
17471 15494 18701
17910 17582 15748
17478 15462 18650
14806 19232 16599
16352 19124 15417
15016 16816 19492
16728 18900 15265
19516 15308 15173
19516 15352 14999
14908 19150 16871
15918 18445 16943
16306 15988 19041
16013 15929 19303
16978 18600 15443
14646 19356 16457
18064 16142 17505
15891 17550 18287
19149 15311 16150
15041 16819 19444
14908 14799 20240
14990 15038 20031
16047 18101 17544
17081 16380 18262
16358 15725 19086
17455 18535 15299
15770 17348 18586
15060 14821 20206
16005 18711 16185
15972 18424 16982
16141 19120 15445
17179 16743 17936
16351 19184 15036
15961 18101 17600
15484 19167 15742
15535 18807 16522
15237 14929 20064
15940 19471 15244
16306 15788 19172
16812 17676 17473
16553 17613 17616
17486 15371 18617
16480 17250 18120
15889 18445 16972
14764 19648 15475
17964 16062 17666
18063 17464 15817
15950 17851 18108
16212 15040 19627
15833 18480 17035
14665 14689 20301
14844 18981 17103
15968 19415 15060
17292 15321 18830
14636 14647 20320
14905 19247 16329
16434 18987 15446
15809 18136 17739
15644 16657 19139
17324 15818 18430
15253 15828 19633
14935 19287 16072
17395 18508 15311
17304 15314 18854
16780 18032 16506
16850 18686 15601
19345 15235 15633
14891 18375 18143
14606 14662 20329
15312 15146 19943
16259 15709 19265
19442 15368 15371
17455 17646 16317
16275 19199 15285
16549 17807 17375
18395 15886 17228
19124 15221 16239
19233 15469 15841
14909 19088 16878
14541 19717 15469
15236 16820 19439
18013 16722 17226
16483 17882 17332
17661 18281 15250
16543 18823 15560
16589 19108 15090
17207 15422 18945
16081 19326 15159
15000 18937 16976
17219 15428 18815
14752 14673 20283
15711 18209 17580
17320 18380 15523
15058 18174 18299
17629 15622 18284
19320 15354 15713
14546 15258 20090
14472 19727 15364
17206 18668 15195
15113 18648 17643
15882 18118 17691
17201 18673 15282
17095 18769 15096
19184 16208 15527
19249 15365 15832
15296 17496 18963
17684 15194 18513
18870 16268 15783
16864 18896 15201
16686 18995 15307
17438 18280 15450
17434 18501 15316
17951 16403 17574
18373 15989 16922
15677 17595 18458
15761 17496 18681
18958 15733 16383
14979 18315 18109
14969 19118 16767
15258 14942 20043
17225 18553 15381
18867 15545 16871
15075 18878 17033
15350 16880 19234
18289 16399 17117
16731 19002 15054
16784 15481 18975
16055 18396 16996
16650 18352 16206
17416 15744 18358
19183 15478 16042
18975 16136 15923
19263 15003 15853
19450 15729 15135
16065 19388 15140
16803 18062 16399
16310 15649 19182
14676 14730 20243
16123 19300 15164
15076 19171 16429
16618 18005 16718
16577 18092 16972
16336 15136 19556
18933 16084 16035
15074 18560 17792
15077 19558 15392
15806 17205 18710
16513 17738 17546
17005 15404 19106
17474 18011 15655
15251 17511 18966
15408 18364 17746
16629 18320 16340
17520 15453 18589
19313 15419 15696
16716 15663 18939
15395 17313 18991
15310 18831 17054
15573 15572 19669
16838 15583 18917
16580 18048 16668
19254 15141 15938
15090 18729 17447
17518 15518 18537
18812 15446 16954
14713 19672 15550
17301 18692 15146
16989 17641 17049
17043 18570 15440
18957 16715 15420
17801 17532 16090
16426 15215 19529
16367 18304 16605
17230 15967 18428
16984 18082 16095
16209 18025 17653
16507 16646 18512
19148 16112 15600
15088 18850 17205
15028 19059 16893
19402 15696 15179
14843 16484 19659
19184 15461 16089
16237 19166 15303
15357 15505 19762
15239 15381 19906
15734 19574 14992
17599 18036 15649
18626 15527 17374
14892 19364 16032
16590 19022 15426
17368 16035 18236
17036 15397 19015
16238 17818 18046
17541 15457 18552
19305 15368 15712
14982 18775 17270
17006 16002 18644
16307 19318 15070
19260 15394 15754
18890 16172 15982
14594 15403 20016
16491 19114 15052
17472 15651 18684
17569 16987 17234
16967 16539 18275
14820 14566 20295
15186 19159 16315
16983 18433 15879
17414 18250 15830
15097 18758 17444
16168 19201 15401
16093 19295 15297
16774 16566 18416
17080 17610 16851
18005 15361 18051
14807 19578 15583
16055 19325 15276
17326 18562 15250
15172 17685 18812
17297 17203 17269
15739 16498 19288
15143 19384 15808
15986 18402 17138
15953 18041 17632
16347 16749 18570
16855 18506 15727
17647 16188 18093
18795 15509 16985
19353 15411 15566
17050 15507 18925
16799 15610 18916
17963 16148 17647
15096 19035 16959
15578 18550 17051
15305 16904 19257
15087 15977 19764
19104 16189 15596
14702 19608 15655
15978 19405 15134
15707 17510 18756
19242 15432 15975
15313 18655 17307
16896 18338 16107
16813 18931 15168
16825 15434 19108
18561 16570 16068
15441 15224 19821
15201 17654 18836
16652 17478 17569
16282 18721 15947
16349 17331 18173
16301 19244 15246
18837 16260 15835
17298 18626 15208
18865 16265 15784
15237 18748 17198
16538 18375 16030
15706 16534 19121
15884 18596 16902
17324 18702 15105
17702 16023 18123
15353 18247 17999
15121 18908 16856
17172 17119 17726
15694 17327 18817
15101 18887 17014
17358 16332 18051
18087 15904 17692
16733 18087 16634
17981 18169 15088
15560 17075 19046
14948 14630 20216
15660 19531 15238
14842 18463 17991
17901 18022 15420
15069 18194 18248
15359 17308 19036
15666 15033 19923
19356 15364 15619
15892 18364 17224
17950 17830 15420
16186 18390 16840
17791 16571 17695
18988 15501 16560
14785 14538 20321
19352 15246 15627
19513 15397 15092
18730 16955 15635
18341 15939 17393
14824 14533 20266
15219 18353 18012
16982 18122 16230
16849 16469 18394
16642 17761 17291
19328 15360 15657
15042 18308 18118
14576 19077 17126
16179 17388 18452
16114 19359 15129
18451 16639 16186
16448 18116 17499
15963 17706 18193
17250 18067 15943
18119 16441 17060
16614 18011 16870
16343 18662 15960
17805 16638 17337
18955 16544 15496
14704 14600 20321
15083 15022 20005
16110 16853 19049
15127 19520 15559
15639 15083 19894
16107 17076 18784
14819 14631 20284
14756 18470 17949
15589 15049 19972
16101 17841 17831
16056 16937 18830
16084 16900 18918
15176 17638 18872
16106 19350 15151
16031 17263 18581
15682 18320 17413
18086 16418 17241
15140 17677 18840
15450 18867 16726
17083 17504 17219
19293 15488 15671
14679 15491 20014
16085 15101 19672
19531 15293 15045
14870 16533 19600
14650 19822 15211
15121 16657 19469
15421 18798 16957
16104 19317 15288
18483 16067 16759
18496 15382 17446
17861 17079 16721
15214 17717 18787
15460 17923 18427
16195 19127 15371
17005 15489 18950
19254 16054 15315
16284 18534 16061
14436 19728 15536
15378 18858 16957
15550 18812 16348
19541 15287 14995
14984 18793 17240
17108 18099 16065
15906 17237 18667
17049 17314 17784
17434 17275 16950
17638 15393 18479
17444 18354 15364
18536 16675 15888
17247 15692 18591
16754 18978 15034
17405 15304 18707
19531 15279 15056
15007 16677 19548
16044 16986 18872
16207 19254 15197
17358 17080 17049
15499 15073 19924
16866 16957 18171
16941 18382 15951
15223 14919 20068
15168 19016 16799
15622 14877 20002
16968 15588 18903
16738 15814 18851
19409 15556 15507
14804 14599 20305
15133 19555 15452
15430 18480 17503
15993 15607 19571
16671 17409 17636
17676 16010 18178
17167 18227 15853
17287 15361 18812
18045 16470 17355
15923 19380 15496
15234 16924 19275
17602 15626 18272
17736 16471 17711
17419 15553 18697
17884 16485 17591
19169 16323 15177
19559 15134 14983
16322 16864 18872
19157 15290 16117
14895 16526 19644
15256 19128 16260
16545 17846 17293
16680 17927 16921
18783 15879 16515
16408 19152 15111
17894 15991 17835
19324 15221 15692
15926 17418 18583
16247 18198 17469
15062 19231 16118
15672 19517 15151
15712 18197 17604
18075 15512 17945
18781 17182 15518
18702 17296 15379
18921 16918 15446
14578 15549 19971
15663 16567 19176
17317 17317 17052
17277 18600 15254
18637 17486 15374
18688 15610 17333
19420 15512 15480
15833 18701 16544
15180 17568 18940
15355 14966 20001
16085 19298 15294
17066 16107 18490
15973 19281 15353
17388 17010 17305
15451 14862 20039
16666 17625 17540
17195 16761 17891
18163 17304 16251
18802 15762 16633
19604 15155 14954
17464 17502 16537
16707 17330 17572
16733 17256 17885
18179 17952 15131
19444 15323 15413
14656 14801 20249
15579 14924 20001
16542 16109 18952
19180 16320 15174
19259 15108 15852
15526 17829 18626
15783 15533 19587
17384 18656 15162
17474 17560 16387
18597 17054 15562
18604 17531 15347
19593 15222 14965
19440 15378 15464
15238 17291 19117
16065 18152 17475
16957 16341 18332
16143 18327 17165
16022 19381 15169
17909 17944 15478
18834 16988 15278
19252 15343 16043
14665 14508 20325
15440 18228 17901
16651 18208 16329
17648 18111 15601
17615 16031 18229
16501 17878 17413
15652 16053 19351
16211 17868 17705
17252 16485 18152
18728 15846 16796
15527 19143 15762
15800 16735 19089
17453 18527 15305
16928 16467 18454
16819 18943 14957
16112 18436 16539
16501 16620 18980
16750 18708 15609
17664 15616 18454
17490 18526 15113
18548 16799 15823
18031 18073 15297
16138 18641 16325
16260 18343 16675
16142 15425 19518
16515 16493 18999
17146 16262 18380
16987 16296 18453
17115 18205 16004
14272 19845 15280
18714 16378 16198
16582 15709 19023
16592 16985 18412
16524 18637 15878
17271 18711 15168
15214 16561 19456
19015 15492 16434
14973 19223 16480
15502 15173 19892
16050 17941 17671
17830 16896 17075
18214 17942 15128
18232 17887 15025
17964 16482 17379
16158 18752 16136
17138 18765 14885
18062 17253 16344
16854 17750 17051
17608 15523 18506
17737 18356 15107
15354 14892 20117
15978 17311 18561
16335 16850 18696
16983 16208 18619
18236 17244 16158
18426 17157 15934
18441 16133 16795
19027 15796 16047
15148 17172 19259
16240 15210 19615
15620 18065 17813
16447 17004 18536
17467 16831 17378
17996 15414 18077
18596 15688 17268
15565 15142 19855
15842 17763 18383
15600 14956 19981
17710 18377 15154
15717 16506 19190
15561 18793 16406
15071 14651 20199
17367 16259 18115
17611 15373 18541
19041 16044 15762
16478 18153 16544
17266 18436 15445
16656 17950 16821
15568 18528 17116
18300 17063 16171
19078 15391 16406
16354 18122 17499
17178 16625 18037
15806 15028 19847
17723 16537 17713
16557 16670 18511
15175 17551 18967
15702 17597 18396
15652 16627 19228
15642 14833 19943
16327 15739 19146
15071 14990 20046
18923 16183 15965
18726 15620 17186
14527 19779 15295
15124 14901 20073
16992 18574 15533
17059 18061 16208
14566 15495 20006
15595 19485 15576
16178 18557 16508
15707 17473 18779
16665 18915 15398
14425 19962 14986
14447 19869 15066
16893 18526 15718
14521 19834 15092
16596 17647 17596
15415 18356 17593
15972 14965 19804
17045 18451 15572
16617 16043 18931
15326 17124 19162
15586 19610 15153
16179 15330 19507
18030 16200 17620
16426 18255 16496
17022 15443 19062
18714 17251 15492
18673 17165 15554
14667 15143 20149
15171 17175 19252
14475 19920 15026
15793 16994 18879
17903 18215 15129
18277 17883 15206
17847 16512 17624
19049 15737 16108
19148 15327 16136
14951 18303 18173
15086 17760 18856
16204 19333 15036
16807 15512 18974
17077 18783 15057
17291 17445 16975
18312 17022 16226
18448 15568 17645
15217 14745 20134
14813 15810 19914
15403 16046 19563
16699 17170 18140
16245 18536 16213
16290 18329 17140
16552 18567 15738
14901 18923 17263
16534 15523 19275
18619 17284 15465
15238 16128 19648
14659 18615 17788
14675 19802 15113
16946 18542 15617
17116 18537 15407
17729 16325 17727
18356 17720 15234
14981 17075 19329
14613 19934 14936
15451 18525 17235
16001 19330 15248
16060 15158 19683
15757 17171 18847
15955 18277 17405
16722 15366 19381
16440 15671 19084
17717 18358 15165
19281 15907 15449
14590 19969 14899
15080 17013 19320
14869 18459 17995
17161 17229 17596
17217 15551 18844
17806 16588 17644
17747 16114 18012
18646 16772 15881
18715 15627 17084
18356 15421 17702
19627 15100 14853
17883 18135 15423
17621 16455 17765
16931 15184 19233
17904 17642 15841
15743 16536 19114
15277 17481 19062
15329 17972 18594
15074 15140 20001
16494 15500 19308
14978 19730 15140
14747 19414 16254
15015 16082 19791
16547 17560 17649
16521 19098 15143
15200 17152 19170
17842 15163 18356
16927 15946 18706
17045 16158 18548
16781 17090 18093
18349 17778 15146
14923 16162 19903
15582 19655 15097
14452 19804 15445
15299 15708 19810
16270 17512 18116
17484 16183 18148
15904 18487 16968
17279 15558 18759
16461 15588 19116
17485 15451 18633
14383 19961 15001
14971 17087 19388
15641 16023 19377
14930 14965 20078
17032 18281 15896
15290 18518 17668
16173 19019 15486
15682 18522 17249
17068 18662 15414
18526 17374 15526
16675 15548 19186
16789 17388 17568
18214 17424 15827
16742 17114 18280
17275 17095 17558
18148 17194 16434
15297 17400 19022
15650 15123 19878
19107 16178 15528
17140 15457 18884
14456 19687 15701
15671 19617 15096
16472 18711 15772
15217 19730 14772
16724 16271 18826
16201 15015 19653
17668 18385 15179
17651 18379 15297
14579 19058 17050
15087 16799 19517
16467 19081 15230
16422 15405 19481
17215 17363 17181
17074 17241 17279
16586 17557 17772
16677 16649 18405
17846 16491 17682
18114 17525 15769
16381 18347 16568
17367 16857 17839
16015 16995 18852
18062 16220 17363
18838 16951 15415
15939 18315 17390
14390 19941 15016
15831 15519 19578
14976 18402 17997
16883 18662 15706
16908 15267 19256
17909 17670 15615
15039 19562 15704
15514 14841 20054
16386 19156 15245
16114 15198 19633
17263 17707 16813
16943 17599 17451
17494 18320 15413
18640 17543 15312
15139 17567 18956
15419 18320 17650
14671 14780 20272
15681 18251 17709
15349 18278 17799
16796 15732 18912
17916 16064 17683
18949 15667 16426
17807 17296 16326
15049 16998 19400
18597 15530 17353
15901 15106 19816
17652 16939 16996
16497 15025 19474
16486 16643 18935
16247 16892 18779
18138 15521 17938
18735 15931 16656
14469 19788 15475
17479 15512 18589
19014 15887 15982
16086 15686 19418
16238 17456 18261
17440 16887 17540
16600 15398 19325
17823 16289 17760
18948 16982 15206
15574 15112 19881
16623 17297 18062
16198 15134 19627
16687 17556 17554
15292 19098 16275
16861 17157 17916
18045 17484 16209
19011 16092 15796
18705 17313 15266
18166 18033 15327
19283 15241 15838
18305 17366 15637
14489 19770 15344
16000 16356 19137
15191 19625 15360
15916 19427 15362
15498 16692 19128
15397 18620 17134
15897 18433 17018
19257 16040 15493
14751 18774 17464
15917 15123 19810
16304 15211 19605
15881 19029 15743
15776 19528 15088
14405 19800 15459
18078 17576 15566
15271 16316 19586
15800 19142 15570
15387 16486 19539
16933 16306 18340
15450 18935 16653
16255 14905 19669
16380 18457 15994
19178 16233 15233
14995 18389 18031
16054 18264 17236
17594 16971 17043
16135 18415 16727
15702 19001 16051
16155 19102 15437
17312 16402 18034
19056 16241 15694
15375 19689 15040
15298 17534 18931
15227 18540 17844
15764 19219 15719
15783 14998 19903
15926 19456 15343
16065 19232 15340
15233 18460 17808
18053 17230 16408
17284 17666 16778
15185 17320 19126
17182 17797 16700
16252 17928 17606
18598 17583 15326
18394 17222 15721
15493 18575 17125
19041 16782 15363
19153 15221 16148
19474 15689 15211
14295 19830 15329
15044 16643 19525
15397 18152 18169
15679 15100 19871
15117 19190 16311
16988 18886 15139
15858 18540 16954
15739 18160 17669
17534 18434 15293
19075 16305 15569
19093 15875 15732
15407 17671 18776
15651 16679 19105
16541 17605 17704
16360 18271 16661
17809 18219 15440
18576 16520 16107
17882 18195 15182
18588 17544 15403
15135 17531 19011
14821 15176 20118
16672 17180 18210
17975 15816 17836
18662 16227 16434
19015 16498 15540
19486 15267 15428
15366 17628 18780
17676 16693 17711
15212 17148 19264
16313 15944 19084
15414 17886 18692
17865 18235 15215
16487 15221 19448
17221 17406 16985
18402 15642 17608
17845 17265 16448
16794 17568 17527
19372 15218 15628
19203 15326 16084
14962 16491 19635
16045 18817 16172
15007 19809 14987
16370 17830 17926
17621 18443 15115
17867 17570 15902
18701 17357 15365
15199 18373 18032
15325 18777 17122
14722 19764 15224
16505 16711 18602
15985 19332 15239
18151 16031 17564
16470 18953 15450
18384 15673 17564
18738 17297 14979
14895 16527 19587
14421 19813 15405
15108 17641 18847
15402 19562 15313
15325 17648 18803
15680 17947 18089
16101 16038 19142
18853 16954 15244
18306 15629 17756
15137 19102 16562
18980 15427 16637
19507 15239 15415
15531 17125 19050
14896 18735 17480
15342 16707 19403
15501 17346 18960
16011 18417 16724
17266 16926 17734
17417 17961 16336
15743 15039 19904
17236 18658 15202
18186 15671 17904
17845 16043 17803
18743 17244 15414
15040 18221 18259
15420 17888 18543
17371 17043 17698
14736 15736 19924
15256 18377 17997
15915 18036 17812
16727 17795 17185
14877 14886 20206
17395 18572 15190
17944 17884 15407
16106 18742 16141
18933 16838 15353
17993 15649 17947
14471 19824 15172
14895 17230 19206
15605 18311 17603
17176 15061 18991
16366 18829 15729
18081 16378 17273
18357 17128 16163
18823 17042 15377
14607 19759 15294
15125 16587 19528
15056 16862 19384
16030 16086 19115
16038 14909 19756
17668 16654 17739
15283 16760 19357
17360 18394 15435
15983 18410 16837
17547 15508 18523
18913 16987 15176
18217 15968 17600
16203 19132 15310
15378 18635 17449
17995 17230 16471
19127 16411 15466
16630 18533 15934
15046 18874 17107
14833 19541 15816
15043 19752 15103
14840 19623 15460
15552 14957 20025
16280 19328 15081
16749 17122 18164
17678 17477 16324
17492 17940 16131
17194 16675 17979
16086 15214 19618
14483 19771 15341
15686 17393 18906
14780 18641 17666
15488 17576 18758
16061 19323 15289
16740 18076 16579
15735 15005 19921
16345 19195 14950
17665 18240 15299
18346 17703 15257
17479 15455 18612
14645 14605 20342
15040 17454 19086
15873 19096 15748
16478 19120 15132
16567 19076 15317
17987 15787 18079
19081 16774 15403
18951 15527 16665
19004 15524 16533
14641 14610 20332
17257 16397 18100
16011 19379 15229
15392 19074 16556
15138 19444 15719
16078 17657 18225
17092 17303 17274
14795 15816 19915
15507 17317 18965
15313 19256 15825
16483 15347 19405
16577 16539 18782
15877 17560 18514
15217 18474 17865
18898 15861 16490
17143 18016 16249
17977 15395 18125
17850 16443 17706
17093 18419 15601
18731 16622 15626
14674 14655 20318
14753 19759 15118
15201 19711 15209
15688 19620 15019
17790 17877 15996
18547 16637 16343
15384 17703 18742
14614 19923 14940
16168 15881 19294
14447 19926 14990
15001 18895 17120
15917 17996 17965
15142 16286 19697
16742 18976 15132
16845 15526 18960
17852 16861 16923
17386 18576 15118
18246 15645 17767
17413 15226 18708
18655 17398 15304
18722 17288 15285
14406 19923 15075
14645 19881 15013
14904 14986 20138
16210 17627 18179
16323 19280 14908
16440 15136 19494
17444 18186 15521
17118 16446 18259
17174 18669 15348
16740 15309 19348
18198 17946 15199
18774 17277 15302
19015 16555 15465
14677 14670 20308
14346 19713 15602
15903 19382 15451
14644 19935 14926
15294 19658 15196
18095 17440 16115
18216 15740 17714
18419 16966 15972
18645 17430 15247
15469 18124 17998
15283 16308 19552
15553 17781 18730
17719 17017 16964
17236 18125 15874
17910 18116 15178
18761 16753 15544
18912 15771 16562
16709 16529 18442
17196 15146 18968
17219 18727 15098
17266 15390 18863
17267 16350 18090
18334 17549 15434
18565 15629 17327
19617 15107 14884
19553 15274 15065
15091 16603 19503
14939 18105 18476
16069 18249 17279
16131 18753 16005
18128 15493 17969
18186 15480 17908
17855 15594 18104
18848 15570 16864
14761 18643 17657
14810 18625 17720
14784 19004 17124
15942 17576 18262
16069 14856 19714
15874 17272 18648
15591 16516 19288
17680 16287 18072
18028 16497 17238
18955 16976 15218
19044 15341 16416
14674 15748 19944
16109 19013 15589
15087 19198 16155
16190 19262 15213
17691 16435 17746
18286 17270 16118
18348 17752 15198
18319 17801 15155
14887 16562 19592
14461 19835 15291
15027 18168 18319
14675 14685 20298
15288 18577 17579
14423 19648 15890
16495 15427 19323
16974 17562 17271
15126 19172 16102
15378 16770 19219
16470 15269 19429
17138 18756 15143
18814 16176 16025
14960 15331 20056
14955 14914 20142
15471 16830 19103
15119 18899 17007
15467 15117 19936
16128 16267 19075
16442 15276 19481
15764 17054 18961
17124 15050 19005
18481 15777 17270
18876 16207 15902
16207 17133 18571
14644 19365 16505
15633 19543 15150
15953 19436 15315
15642 17701 18538
18242 16758 16798
15388 15613 19717
17557 18493 15213
17743 17315 16502
18196 17060 16346
15160 19171 16120
19274 16357 15085
14763 14682 20271
14872 16247 19788
15328 15205 19879
19106 16055 15621
14568 19809 15275
16722 16481 18462
15898 16312 19191
15612 16691 19133
17462 16895 17300
17286 18381 15658
18293 17863 15385
17796 15181 18383
18652 15995 16518
18672 17386 15209
18879 17066 15054
14586 19636 15633
15768 17245 18746
15647 16548 19244
16404 17851 17811
18386 17674 15284
19014 15542 16493
18457 17651 15263
15789 19540 14975
18323 17595 15429
15465 17633 18754
18596 16443 16092
15227 17127 19204
16066 17233 18478
18018 18108 15163
14660 19572 16175
15141 18452 17946
15701 15029 19942
16620 17872 17024
15903 18920 15952
17043 17023 17976
18370 16714 16324
18306 15726 17730
19248 16313 15166
19077 16780 15409
19165 15300 16108
15021 15292 19909
15098 17756 18787
16488 17241 18236
15217 17344 19112
17486 15642 18550
16078 17898 18004
18038 15471 17979
16821 15356 19347
18345 16900 16231
18552 15640 17297
18433 17655 15322
19597 15149 14957
15641 17573 18611
14538 14624 20349
14547 19835 15059
15960 19272 15455
17834 15818 17901
18111 18102 15276
18109 15434 18009
17856 15701 18101
18898 15640 16677
18431 17787 15100
15013 16500 19611
17960 17734 15565
14964 16539 19581
16653 17430 17698
17204 17316 17235
15820 18705 16996
16425 19102 15225
18180 15411 17912
18886 16923 15409
14975 18715 17524
15030 16466 19667
15242 17658 18818
16032 18434 16677
15862 14891 19876
16539 15924 19020
15895 18934 15995
18922 16836 15492
17879 17426 16274
15648 16929 19086
14386 19982 14970
14829 18982 17219
15036 18335 18085
16189 17734 18107
15386 15818 19596
16512 18544 15987
16011 15257 19787
15782 15946 19595
16309 15688 19237
17012 15395 19113
17647 18392 15198
18492 15741 17487
15092 17390 19109
15485 17871 18690
17612 15422 18527
17264 18399 15506
17985 16350 17429
17928 17504 16020
18893 15674 16773
18075 15522 17942
15168 16178 19613
19222 16475 15154
18989 15526 16537
15192 18507 17920
15864 16108 19198
17550 16517 17803
17041 17657 16960
16529 17795 17409
17398 15496 18729
17648 15863 18221
17131 17733 16771
18230 17907 15087
18189 17700 15504
18674 15878 17069
16008 18974 15641
18297 16091 17038
18200 15755 17700
17457 17605 16755
14929 17250 19166
14891 15008 20177
14797 19859 15022
15056 19231 16279
15612 19050 15934
15278 17407 19005
18523 15959 16871
17878 16649 17313
17573 17595 16289
14892 15140 20084
15221 17395 19084
15210 17370 19090
14823 19048 17012
14699 19788 15122
15234 14734 20130
15837 18678 16844
16261 16023 19186
15438 16625 19337
17974 16544 17333
17647 18426 15113
17686 15543 18469
18158 15682 17816
19252 15532 15663
19616 15136 14855
16993 18456 15658
15317 19698 14906
16519 15889 19057
16445 19074 15377
18850 16952 15352
17826 17094 16775
18928 16801 15400
14936 15096 20075
14505 15470 20062
16659 18893 15448
17724 16637 17567
18479 17338 15573
18858 16722 15511
18784 16392 15840
18768 16064 16418
19396 15821 15362
15287 18078 18432
14411 19996 14949
15108 14769 20177
14937 16448 19695
15144 17517 19053
15479 18786 16800
16181 19167 15304
18015 17145 16475
15329 14980 19989
15260 19301 15996
14830 19832 14930
16062 18792 16094
17240 18725 15182
15465 15970 19514
15217 14998 20020
17649 15222 18510
17442 18465 15353
18248 17436 15697
14880 19332 16092
16855 15629 18891
17702 17982 15604
14400 19966 14980
14697 14933 20221
15344 18363 17955
17052 18286 15840
16705 18214 16225
17117 16288 18326
17833 15604 18228
18535 15631 17360
17880 17963 15615
18303 15993 17118
18730 17308 15220
19248 15367 16058
14498 19898 15035
14776 19192 16847
14735 19105 17025
14646 19932 14901
14588 14650 20342
15054 14913 20156
15223 15733 19790
17227 17199 17519
16758 18516 15968
16516 19108 15224
16752 15472 19248
18548 15536 17421
15578 17486 18868
15832 16667 19105
18862 16515 15600
15345 16813 19329
16205 15290 19591
17346 16255 18128
17795 17877 15634
17963 16997 16904
18366 15820 17439
14657 19145 16906
18133 16283 17321
17885 16576 17243
18228 17895 15254
19398 15658 15266
19130 15436 16225
14772 15028 20219
15403 17920 18544
17153 15696 18876
16458 15697 19081
16789 18968 15234
16672 15413 19309
18415 16554 16450
19055 15714 16002
14847 19610 15572
16052 15794 19474
16121 19370 15107
16168 15235 19602
17473 17844 16207
16532 18114 16902
17245 18615 15235
14885 18765 17597
18708 17255 15337
19119 16785 15244
15451 18031 18178
14692 19136 16873
17978 17646 15664
14848 19825 15092
16183 15764 19387
18046 17577 15737
18987 15540 16606
14516 14656 20352
15150 17403 19068
15223 17690 18806
14763 19275 16628
14574 19904 15012
17198 16207 18362
17418 16765 17605
16960 18167 16379
16385 18257 16567
17021 18529 15576
16381 19176 15250
19053 15602 16398
19140 16633 15149
16905 16407 18693
14792 19618 15563
15488 16618 19244
14963 18960 17088
15971 18738 16352
15763 19272 15717
18438 16597 16351
18991 16013 16374
18528 17424 15439
19310 16215 15129
14777 18468 17966
14522 14730 20331
14733 19451 16331
14658 19019 17074
17172 18393 15732
15644 18777 16785
16474 17909 17266
15548 18487 17258
16755 17662 17520
17738 18072 15565
17419 17841 16461
17281 16297 18199
17555 15643 18519
18766 16519 16024
18865 16418 15555
15015 17179 19234
19111 15535 16345
14651 14940 20234
15258 17631 18885
14584 14667 20340
14827 15543 19975
14562 14737 20325
14739 19011 17109
15758 18782 16440
19032 15646 16387
19471 15279 15445
14603 14870 20249
14927 16669 19559
15114 19167 16712
15605 15359 19620
16177 19337 15098
15785 19487 15132
17682 17693 16145
15660 18756 16674
17117 18761 15091
16298 18435 16646
15793 18169 17477
17978 17035 16853
17456 18521 15205
17659 17435 16577
18226 15655 17843
18464 15729 17541
19218 16176 15279
16323 16736 18774
15094 17616 18899
17447 15741 18551
15013 15389 19955
15061 19786 15059
15168 17030 19318
15169 15164 19981
16843 18349 16151
18421 16671 15987
17844 15668 18165
18345 17795 15171
18996 15627 16511
18933 16790 15403
19324 15912 15362
15007 16593 19575
15330 17008 19217
14472 15505 19999
14632 18941 17384
18541 15729 17251
17038 18021 16380
18627 17308 15433
18812 16260 16094
19154 16576 15263
14961 16134 19867
15072 16619 19536
15778 15059 19899
16439 15592 19163
15805 18964 15803
16380 19146 15306
17132 15395 18991
16554 19146 14737
17703 15571 18322
18125 16762 16475
17763 18257 15178
19006 15483 16589
18968 16939 15105
18395 17381 15500
14930 15454 19910
14556 14768 20300
16029 18274 17406
15309 15171 19974
16579 17793 17509
16836 16904 18259
17486 16030 18237
16025 18615 16385
17926 17969 15452
17878 17731 15705
17871 15498 18157
19165 15162 16164
19539 15337 14960
14896 19236 16489
16113 18753 16055
15336 18734 17260
14529 19875 15015
15377 16870 19188
18365 15600 17640
17769 16063 17914
18851 16524 15751
18642 17456 15176
18893 15530 16891
14614 14736 20323
14664 15392 20072
15271 18547 17680
14974 15129 20003
15911 14954 19860
15931 17864 18269
15712 19561 15010
16049 17246 18589
17760 17241 16689
16002 17546 18261
17181 17560 16900
17139 15271 18953
17705 18073 15481
16654 16917 18483
18268 17440 15533
19148 15865 15674
16898 17095 17797
15865 16605 19062
17062 18812 15429
16111 18756 16115
15495 18706 17072
17725 17931 16019
16181 19286 15275
14891 19789 15019
18558 15949 16970
19614 15096 14885
14581 15577 19949
15068 18298 18252
15283 18243 18206
15018 16446 19721
14672 19918 14818
16609 16427 18864
16044 18694 16202
16603 15282 19412
18385 16188 16885
17759 18281 15177
18570 15573 17366
19336 15791 15411
18825 16889 15501
15264 18092 18503
15220 18719 17518
15347 17913 18647
14683 14679 20277
16038 15203 19676
16387 19155 15014
17271 15552 18772
17267 17716 16686
18714 16138 16503
14872 19412 16421
15346 17953 18626
15319 17261 19164
16012 15295 19613
16123 17615 18202
15480 16530 19464
18073 17702 15560
17204 18606 15338
18167 16624 17014
18004 17951 15366
15173 17154 19180
14702 19407 16451
16429 18220 16855
15404 17861 18717
17268 17869 16629
15247 19094 16649
16554 19122 14785
16872 16860 17979
17879 18266 15041
18000 15368 18061
17280 17128 17495
17758 15722 18269
16290 16146 19103
15446 15408 19812
14664 14795 20287
15070 16637 19562
14811 19833 15086
15041 19858 14897
15430 18525 17472
16507 15041 19473
18266 15958 17539
18378 17260 15723
18461 17702 15240
19151 16599 15187
18720 17292 15324
18400 16656 16041
14780 15544 19957
16506 17838 17638
15317 18572 17644
15210 19770 14935
15293 18862 16795
17262 16285 18249
18043 18011 15348
19226 16324 15173
18784 15653 16874
18381 17210 15797
14844 19470 16081
14955 17858 18734
15460 15591 19739
15208 16724 19449
16289 17393 18420
19151 15691 16089
16926 15981 18792
17684 17265 16509
16318 19245 15201
16478 19137 14922
18166 15812 17623
16363 18876 15507
16256 18723 15880
18787 16311 16305
18758 15661 16976
19000 15947 16299
19038 16914 15081
18883 15585 16836
17535 17953 15859
14852 16282 19768
15061 18667 17563
15337 16890 19231
15516 19652 15148
15446 19659 15036
15396 18230 17950
15228 19634 15199
16416 19205 14709
15355 15534 19817
17311 15346 18822
18228 18017 15050
17803 18238 15235
15654 19056 15819
15205 16506 19554
15631 15109 19899
15847 15212 19835
16177 16391 19043
17502 15500 18570
18403 15614 17551
15011 16209 19839
15397 18066 18553
14546 19083 17302
16049 18465 16647
18687 15790 17140
16067 15607 19437
16967 17755 16911
18329 15742 17681
17373 18518 15413
15412 18610 17095
17836 17723 16008
18545 15507 17434
19426 15304 15557
15862 16411 19329
15335 18178 18147
14440 19351 16587
14562 14622 20343
14491 19929 14986
15510 15197 19847
15422 18347 17590
17635 17955 15814
17535 16697 17498
16816 19003 15018
17948 16495 17567
18899 15729 16566
18868 15811 16609
19273 16012 15460
14640 18923 17422
14760 19280 16792
14428 19732 15572
15408 17892 18589
16011 15837 19375
16422 16711 18849
17360 17267 17023
18108 16349 17219
18708 15672 17263
19536 15171 15085
18807 16926 15421
15070 16499 19625
15334 17705 18777
15807 19486 15470
15869 18238 17420
18827 16452 15800
14898 19517 15854
16990 15335 19181
17538 17883 16032
17008 16578 18115
16858 18897 15157
18595 15616 17292
19498 15249 15288
14634 19351 16550
14907 18106 18443
14487 15642 19963
15000 16913 19457
14261 19906 15094
15979 19258 15426
15008 19064 16728
15650 17692 18407
16874 17500 17498
16400 17119 18355
15979 18014 17683
16935 15399 19190
17992 18167 15088
17245 18754 15055
16866 18995 14868
17040 15378 19126
17107 15743 18497
17440 18229 15489
18005 15151 18137
15276 17099 19196
14530 19944 14915
14537 14862 20283
15432 14787 20060
15134 17339 19115
14965 18902 17452
15836 15909 19569
15586 18109 17939
15724 19587 14973
17000 15480 19096
18455 15960 16882
19023 16329 15587
14863 18466 17966
14899 17096 19297
14881 15575 19945
15034 17279 19148
16758 18800 15444
16314 15273 19559
16083 15381 19567
16093 17208 18587
16081 18227 17431
14629 19723 15378
17529 18358 15349
17344 15295 18805
18839 15599 16933
18243 16469 16791
18143 15438 17959
14572 19168 16906
15269 17612 18847
14545 19201 16981
15598 15056 19945
15988 17339 18527
16436 19127 14997
15762 15009 19919
16152 18775 15792
16010 15345 19725
17236 15473 18773
18006 15541 17989
18058 16561 17088
19557 15327 14918
14493 18713 17666
15079 16058 19843
15267 17263 19114
14371 19895 15155
17587 18010 15716
15219 18984 16804
16146 19352 15080
14989 19512 15786
15187 16015 19661
15587 18204 17833
17123 15518 18907
17287 15432 18790
16349 17032 18552
17289 18675 15166
17478 17975 16080
16097 15331 19558
19315 15306 15830
18352 16380 16893
19608 15209 14921
14864 15144 20092
15213 16761 19444
14774 18794 17458
15570 16142 19396
14489 19720 15481
16205 18980 15597
17073 15415 19010
17723 16664 17711
17228 18665 15186
18135 17458 15944
18289 16093 17138
19097 16845 15332
14784 18965 17232
16422 15452 19348
17838 16567 17641
16319 19270 15157
18286 15958 17383
17267 17578 16874
17640 18429 15328
18416 17652 15424
19066 15342 16413
18409 15788 17442
14650 19020 17296
15412 17606 18924
14633 19152 17038
15450 17239 19143
15916 18557 16769
17183 16490 18210
17180 18400 15446
16891 18856 15379
17996 15850 17760
18481 17719 15214
17993 18197 14962
18032 16618 17044
16313 17190 18364
18901 15548 16819
19136 16477 15312
19382 15160 15565
19505 15684 15207
19439 15917 15049
14927 16968 19425
14993 18867 17213
16918 15278 19234
17797 18283 15143
18099 15444 17970
18212 15512 17868
18827 15519 16941
18258 17538 15679
14814 15254 20134
14945 16503 19645
15391 16869 19204
15024 18260 18265
14744 19597 15745
15327 15657 19879
15611 17589 18586
15931 19014 15729
15509 16224 19445
16929 17824 16838
16192 17181 18653
18448 15769 17409
18173 15692 17738
18062 15314 18040
14432 19891 15206
18945 15569 16537
18936 15605 16777
14903 16340 19744
14558 19680 15813
17391 17035 16977
15416 15808 19669
15626 16085 19441
18048 17286 16296
15381 18766 17131
14870 16230 19850
15498 19490 15283
15313 18296 18166
16069 18299 17178
17127 16049 18458
16088 15011 19655
18571 15845 17225
15566 18047 18074
18899 16927 15264
18651 17419 15311
19613 15128 14896
15092 17181 19209
15046 17811 18827
15270 18681 17561
15436 19495 15666
16139 19136 15412
15116 19112 16430
17351 15639 18757
19214 16521 15071
19080 15604 16362
18060 16668 16803
14869 18913 17385
14641 14764 20311
14944 16303 19753
14487 15081 20226
14655 15706 19946
14968 18903 17278
14631 15023 20241
14845 15366 20042
14809 19916 14971
15269 18410 17929
17759 17575 16257
16040 17972 17890
17235 15411 18792
17279 15366 18939
16938 18758 15511
17223 18646 15268
17737 16143 17829
17822 18280 15042
18525 17099 15913
15283 19215 16083
15046 19244 16180
15220 17012 19380
15381 17892 18603
17172 16856 18091
17500 15360 18604
17608 18231 15440
17643 15245 18523
18945 16039 15948
18818 17111 15279
15021 15027 20073
18825 15666 16848
14445 19939 15070
15113 18701 17553
15289 18115 18368
15411 17402 18928
14818 19873 14989
15297 17528 18944
15079 19256 16035
16355 17769 17974
17025 15388 19097
17528 18247 15457
17983 15311 18198
19327 15992 15300
19348 16212 15069
15262 18592 17710
14777 19120 17017
18601 15989 16795
14599 19928 14966
15154 18146 18264
15512 19166 16248
15888 18681 16656
15944 16000 19425
16309 17634 18016
16677 18236 16283
17767 17208 16900
18534 16304 16731
18791 15878 16647
14792 19517 16181
17730 16264 18081
18708 17337 15217
19194 16095 15310
19440 15765 15071
15304 17762 18750
14505 14699 20348
14584 18695 17746
14669 19214 16823
14854 18614 17822
14981 17167 19265
15077 14820 20155
15113 14907 20069
15339 16572 19429
16782 16537 18433
15206 18871 16810
15949 18535 16563
17072 17932 16598
15658 19330 15544
16118 15148 19640
16783 17732 17084
17598 15541 18521
17974 15486 18326
18548 17065 15647
18782 15659 17032
14726 18920 17390
14496 14719 20342
14445 19724 15575
14645 19958 14808
15810 14897 19878
15204 18764 17183
17860 15526 18316
15642 19056 15871
16081 15249 19662
15986 18422 16744
16672 15340 19392
16379 18947 15506
17862 17832 15979
18618 16546 16004
18086 17996 15329
17281 15258 18868
18785 15791 16807
19400 15952 15070
14646 19055 17377
14575 19664 15554
14628 19944 14828
14827 16681 19533
15968 19066 15645
15096 19783 15097
16003 18838 16064
16482 18663 15897
16724 15658 19079
17066 18517 15462
17207 18491 15441
17098 16348 18314
15793 18324 17353
18078 18180 14882
17800 15677 18195
18363 15633 17620
19380 15293 15574
14945 18282 18345
14867 19034 17018
15032 18699 17589
15736 14950 19942
15911 18620 16676
15548 18479 17561
15706 17265 19043
15587 19005 16253
16594 18025 16644
17320 18583 15376
18365 16751 16127
14475 19727 15345
14799 16655 19620
15163 17549 18980
15334 16971 19161
15666 15958 19548
15290 18427 17761
14420 19944 14989
16202 18345 16771
16803 16446 18714
16818 16478 18713
18336 16212 17030
16163 19060 15446
18309 15546 17734
18662 16977 15555
18354 17801 15073
18124 15692 17831
18513 15649 17360
14784 15748 19919
14556 14873 20258
15139 18147 18344
15925 18106 17607
15594 16656 19215
15881 17449 18414
15554 17884 18234
15521 15561 19714
15737 18950 16211
17584 15119 18718
17607 17262 16908
16631 17669 17474
17112 15445 18954
17318 15355 18810
18380 17236 15989
17390 17013 17004
19044 16906 15330
14927 19726 15350
15010 18093 18471
14799 18633 17697
14742 15051 20191
16202 14892 19702
17797 16774 17483
15334 19255 15833
17071 18769 15224
17687 18429 14997
17305 15257 18882
17713 18397 15052
18288 15599 17794
14512 15553 19973
14936 18557 17902
15614 19374 15508
15798 19255 15604
16258 19031 15422
17674 17433 16492
15867 18325 17328
17040 18843 15239
17531 15736 18402
18347 17273 15686
15940 18346 17212
17534 15158 18768
17655 16740 17493
16297 17457 18209
16555 17543 17995
14370 19961 15025
14868 18692 17630
15022 16647 19558
14952 19433 15972
15363 18651 17262
17627 17855 16075
16683 18679 15678
18821 15942 16456
18510 15936 17057
17713 15126 18457
18785 16992 15385
17455 17997 15977
16486 18838 15505
15152 19824 14837
16193 19143 15389
17035 15835 18574
16809 16622 18329
16908 18914 15099
18857 15984 16449
18574 16495 16565
18777 15623 17140
18989 16818 15350
15047 17925 18633
14907 16226 19763
15436 17675 18766
17405 18052 16025
16020 15356 19604
16792 19046 14768
17775 18245 15197
18754 15800 16892
17585 18006 15746
15464 17902 18117
19133 16784 15296
14789 15108 20175
14704 16449 19696
14820 19746 15325
16172 15372 19527
15807 17563 18533
16765 18884 15425
17799 16582 17647
18647 16582 15826
16107 19216 15440
17218 15956 18444
18073 17035 16632
18126 17267 16292
17768 15106 18459
19359 16100 15141
14907 18284 18309
14756 18691 17676
14385 19337 16596
16419 17274 18137
15928 15026 19797
17186 17372 17230
17246 18660 15198
18513 15761 17234
17443 18564 15235
17452 18547 15069
16854 17910 17002
17798 15176 18338
18147 18041 14864
18979 16400 15779
18523 15718 17302
18332 17826 15134
14576 14710 20338
14934 14927 20080
16836 17620 17056
15346 17616 18795
16073 17769 18169
16065 15692 19415
15749 18297 17503
15556 15650 19705
16028 18036 17608
17780 17802 16002
18528 16976 15816
19331 16177 15237
18548 15545 17375
18431 17325 15640
15144 16759 19451
14825 19320 16558
15579 17711 18493
15331 15876 19619
14856 19748 15226
16614 18367 16060
17604 15235 18549
17803 16535 17676
18264 16211 17406
19481 15393 15311
14384 19696 15636
14581 14695 20328
15079 19725 15188
14941 16848 19470
15386 14914 20028
15801 15159 19845
16154 15597 19459
15939 18986 15799
16141 18760 15867
16858 18175 16238
16787 15384 19196
17531 15183 18711
17924 17295 16350
18871 15743 16818
16836 15333 19251
16768 16333 18727
19004 15560 16436
16823 16410 18476
17382 18403 15410
15422 15414 19764
15119 18741 17240
15848 17104 18701
17589 18306 15368
14952 19810 14972
17787 15418 18405
16735 18760 15504
18595 17035 15758
17700 15295 18489
18554 17027 15762
18773 15617 17222
15029 17238 19165
18046 16750 17027
14721 15060 20197
14694 19058 17029
15101 18721 17342
15561 19553 15272
15723 15098 19883
17250 17394 17171
16650 18562 15744
18747 16539 15756
17546 16876 17369
15467 16939 19171
16060 17580 18254
15941 17370 18583
15943 19354 15447
16922 16264 18470
17788 16211 17806
18325 15925 17554
18671 17393 15362
19304 16005 15427
17779 18337 15029
17296 17208 17123
14685 19628 15988
14503 19690 15561
14604 19966 14879
17785 15419 18354
16720 17725 17288
14888 19814 14978
16809 16108 18802
17547 16658 18016
16781 18471 15876
14675 19108 17041
18921 16967 15243
17488 17429 16907
18578 15574 17343
19384 15578 15538
17446 15993 18296
14513 14815 20306
15197 15882 19732
17037 16172 18402
17846 17120 16623
16871 18931 14944
17071 15230 19017
18562 17399 15488
17355 17179 17095
19036 15370 16423
14376 19950 15022
15373 14781 20098
15535 16204 19480
14334 19829 15339
14465 20009 14922
17800 15797 18166
16499 18617 15986
16704 19086 14791
18034 18195 14849
18195 18021 15055
19218 15858 15857
19096 16738 15375
19303 15388 15722
16425 16004 19034
14483 19994 14965
14546 19481 16309
14698 19624 15848
18229 16024 17457
15519 19082 15811
14684 18961 17309
15936 15694 19530
15832 18885 16281
16709 19065 14841
16362 18239 16748
17762 15544 18287
18584 16468 16382
18824 17091 15342
18843 16956 15319
14527 19949 14954
15429 19511 15545
15885 15711 19536
18376 16689 16235
15493 16765 19087
17184 15592 18787
17196 18719 15228
17535 15228 18602
18461 15519 17553
17812 15841 17979
18252 16560 16658
18144 17369 16260
17724 18435 14926
18201 15492 17895
18248 15916 17608
17778 18372 14955
15064 19655 15392
14971 18436 18139
17683 18190 15512
14913 18977 16973
14933 18182 18381
14495 19842 15072
14672 19145 16872
15625 14913 19957
16659 18333 16170
17585 17404 16610
15956 18880 16235
17562 15152 18709
17544 17399 16799
15442 16686 19312
17231 18522 15403
18046 15359 18080
17926 17728 15666
17912 17879 15597
14939 18766 17040
14631 19607 15715
19580 15138 15072
14714 19516 15905
19544 15170 15174
14678 19520 15802
14859 19509 15824
14853 19367 16099
19563 15191 15116
15583 19197 15666
19578 15148 15133
17959 17916 15453
14471 19436 16249
15349 17070 19017
19435 15305 15529
14877 19836 15039
14727 19488 15835
19321 15432 15683
19511 15305 15159
15320 17785 18390
14864 19346 16229
14161 19599 15857
19375 15190 15635
17463 18383 15620
17440 18302 15710
15294 17607 18517
17554 18274 15542
14756 19461 16023
14996 18711 17177
14646 19776 15231
14691 19493 15957
19566 15246 15008
15849 19215 15510
15232 17705 18451
15141 18517 17344
17416 18190 15747
19502 15273 15274
17700 18201 15491
17606 18187 15579
17484 18283 15551
17098 18517 15830
17910 18028 15525
17547 18251 15552
15640 18233 17531
18903 15796 16465
14348 19587 15855
15535 15856 19598
14617 19732 15274
19576 15167 15087
15229 15762 19680
19140 15168 16210
18614 15659 17030
19586 15195 15011
14640 19883 14912
15414 17067 19031
19202 15432 15862
19008 16046 15705
17114 17820 17063
16468 17748 17637
15150 17346 19083
19418 15207 15590
17597 18228 15547
19055 15864 15716
19383 15148 15682
16899 18088 16579
17385 15544 18656
17098 16147 18482
15249 17310 19062
19317 15282 15836
18970 15488 16432
15931 19175 15487
17560 18382 15448
19469 15294 15279
15105 19704 15174
14969 18592 17483
17067 17824 16971
15175 17396 19034
15394 19335 15761
15339 16911 19108
15555 17129 18835
14682 19044 16840
15126 19561 15630
17266 18243 15780
19151 15287 16193
19587 15218 14950
14798 19399 16015
16108 17107 18658
19052 15414 16431
15403 17250 18874
14864 18850 17129
16895 18002 16968
17240 18617 15335
19602 15217 14905
15101 17577 18785
15211 17903 18375
15418 16393 19497
15370 18323 17738
15283 16906 19154
19472 15263 15388
17245 18371 15701
15267 17260 18930
15627 18311 17347
16654 17023 18048
17280 18268 15742
15349 17108 18997
15366 17322 18870
14478 19467 16213
15089 18132 18078
19065 15960 15664
16982 18069 16439
15445 17335 18830
15194 18547 17324
16345 15400 19287
14597 19768 15243
15064 19658 15469
16448 17058 18340
17481 15779 18566
14858 15860 19852
15699 16974 18991
16065 19182 15450
14953 18594 17485
14983 18413 17774
17210 15392 18826
18581 15668 17125
15656 16316 19337
16287 19096 15549
16114 17770 17750
17680 18315 15332
19573 15290 14950
17348 15468 18746
19186 15459 15870
15252 17162 19069
15043 18525 17612
14881 19829 15075
15732 19405 15400
15839 15883 19486
19367 15124 15746
15053 18513 17438
15309 17474 18779
15798 16953 19106
19573 15258 14988
19466 15109 15466
18046 17696 15694
15220 19685 15104
15819 18505 16938
17160 18461 15931
19354 15608 15600
15970 16559 19088
19351 15369 15752
15680 15905 19390
14594 19788 15308
18720 15392 17010
15348 18328 17710
19555 15436 14853
14723 18774 17333
14765 19086 16720
15079 18492 17621
15041 19768 15124
17430 17735 16737
15891 17295 18680
15983 15537 19434
17837 16090 18007
17067 18670 15551
19371 15373 15480
15353 17550 18729
19233 15477 15761
19369 15327 15560
17236 18587 15379
18954 15607 16369
14805 15757 19870
15071 17729 18626
17319 16127 18312
15900 19203 15455
14933 17398 19070
14973 19377 15991
17102 18380 15972
18989 15438 16493
17509 15874 18500
15334 17731 18344
15592 16970 19016
17316 17884 16548
16831 15307 19110
17483 17882 16196
15004 18305 18015
17470 18417 15409
17311 18090 16312
19374 15176 15647
14558 19195 16629
16015 16664 18993
16836 18216 16309
15902 15319 19507
15068 19777 15092
14814 19875 14805
15253 19531 15739
17578 16735 17486
15811 15958 19348
16501 16712 18422
15984 17057 18818
14374 19486 16078
15364 16252 19519
15764 19390 15416
16325 16957 18653
15845 19185 15562
15352 19374 15767
14573 19152 16644
15116 18990 16628
17274 16131 18359
16432 16416 18843
18444 16416 16754
15356 16278 19529
17045 18591 15591
19548 15122 15235
15466 19546 15288
19063 16570 15324
19431 15377 15337
15328 16411 19468
15395 18045 17972
16434 16658 18528
16476 16817 18436
17052 17127 17655
19265 15221 15917
19539 15458 14888
17495 18531 15160
19187 16244 15256
17875 16249 17705
14960 18178 18083
15174 18599 17301
15030 19788 14982
17253 18341 15819
17804 17714 16063
14425 19953 14885
15149 17420 18931
15452 16062 19485
16058 15866 19257
15935 19291 15429
16010 17021 18746
15739 19315 15475
18694 16220 16375
19176 16186 15288
15034 17643 18697
14541 19417 16220
18116 15766 18133
15099 18587 17363
16704 17550 17902
16128 19135 15544
15596 19488 15295
15196 19666 15237
17802 15891 18267
17607 17884 16010
18707 16055 16453
15983 15919 19246
19075 16043 15656
16344 15353 19315
16262 18385 16922
17726 16459 17524
14498 19927 15001
14409 19935 14984
14619 19874 15085
16442 18496 16501
17837 16259 17982
14820 15746 19895
15497 19660 15082
15078 18963 16643
18445 15697 17483
17483 18478 15218
19205 15403 15825
16446 16134 18912
14374 19953 14930
16718 19026 15632
17980 15815 18198
18007 15788 18080
18095 17970 15398
18945 15706 16472
14429 19945 14860
14987 18316 17910
19065 15394 16341
14475 19705 15613
15372 17313 18887
15957 19430 15129
15502 15719 19631
19002 16007 15927
19076 15173 16331
17406 17072 17272
18916 16666 15516
17215 15652 18726
17955 17657 16057
19291 15162 15867
19320 15216 15840
19499 15348 15276
15781 17205 18788
15901 19408 15136
15200 17705 18615
14970 18057 18255
16566 15756 19014
19226 15483 15704
19385 15214 15609
14991 18398 17777
14530 19693 15425
17344 18161 16015
17538 18072 15677
18501 17651 15452
18721 17290 15494
16990 18169 16365
15997 17444 18453
17651 15920 18265
18885 16836 15572
14916 18276 18018
15654 19199 15663
17644 15827 18388
18544 17386 15548
14453 19531 15970
14881 15691 19979
14964 18353 17864
19191 15211 16111
15020 18172 18253
16357 16690 18716
15235 19694 14967
18130 17804 15566
15361 15562 19779
15774 16211 19249
17679 17403 16805
15419 16028 19489
14651 14921 20304
15360 19546 15326
14582 19563 15926
15716 19444 15434
18456 17578 15526
14422 19930 14957
15295 15776 19669
16777 18008 16864
16482 18351 16722
16244 15837 19299
16643 17033 18049
17992 15793 18123
19488 15170 15418
18812 16048 16309
18289 16890 16629
15765 16992 18828
19486 15262 15350
17609 16841 17425
19301 15400 15769
19510 15358 15163
15650 19544 15130
16210 15558 19321
18843 15956 16335
15098 16603 19580
15471 17250 18864
15876 19203 15546
18601 16380 16480
14600 14892 20307
15099 17119 19319
14974 19351 16139
16822 16050 18771
16839 17505 17856
18753 16612 16066
19185 15276 16157
18849 16965 15509
15080 18047 18267
14661 15623 19982
15053 18141 18040
17159 18128 16282
18864 16178 16053
14966 17263 19237
17790 16331 17686
14986 19704 15378
15022 19707 15374
15560 18411 17530
18845 16255 16049
19540 15242 15303
15603 19635 15083
15449 18624 17199
16270 15805 19312
17542 18186 15597
17766 15968 18215
17627 17955 16005
17538 15656 18620
19452 15134 15434
19578 15228 14970
14531 14844 20347
17360 15678 18666
17993 15672 18183
18158 15706 17984
18886 15459 16645
15199 17390 18888
17354 17968 16472
18955 15890 16147
19430 15840 15021
19395 15934 14912
19531 15482 14897
14924 18931 16899
16548 19036 15373
16564 17091 18100
15250 19707 14874
16776 18842 15726
18602 15619 17142
18930 17041 15329
18920 15419 16802
15385 17254 18939
15824 19236 15482
16819 15699 18833
17486 15736 18654
17991 17881 15510
16051 19335 15189
14948 19779 15027
19560 15139 15176
15841 16440 19093
16988 16120 18523
16710 15610 19029
18654 17213 15584
17150 15605 18873
18246 16133 17449
17540 17038 17053
18369 16295 17178
14969 17345 19086
14494 15336 20195
16442 16587 18606
16377 17896 17431
18555 16494 16320
18812 17266 15402
14268 19826 15324
15614 18733 16817
14932 18737 17352
18203 16840 16747
19108 15473 16306
19369 15281 15710
14967 18085 18266
15355 18327 17577
18631 17382 15497
14745 18998 16842
16694 17702 17347
17201 17546 17079
17947 18254 15149
18998 15512 16414
19565 15313 14893
18585 17301 15776
18698 17200 15629
15020 17583 18887
15062 18506 17531
16073 17142 18677
16847 15692 18870
17129 18785 15329
18306 17044 16319
14977 19788 15009
18866 15490 16741
17473 17704 16756
17562 17511 16711
17848 16087 17991
15469 16200 19474
14947 18123 18267
15648 16472 19366
19235 15179 15964
14554 15076 20288
16510 16545 18727
16920 17180 17742
19235 15639 15554
15034 17834 18645
17747 16541 17351
17806 17833 15819
14582 19225 16602
15733 17550 18458
16340 15141 19495
17715 18420 15237
15145 17069 19315
16183 19272 15322
15061 17697 18668
14921 17343 19093
15052 17260 19137
15018 18290 17958
17163 18756 15363
18284 15868 17560
19568 15229 15109
17066 18148 16326
18176 16076 17469
18935 17034 15327
19426 15346 15471
17283 18316 15711
17179 15353 18931
14566 19467 16039
15002 19764 15226
15495 15884 19572
16013 15503 19389
17493 18458 15248
18385 17398 15657
14795 17042 19449
15495 19467 15419
17267 15990 18378
17454 17829 16475
18185 15689 17906
19057 15847 16113
14889 19780 15014
18418 17247 16057
14758 18963 16987
17988 15996 17763
15549 15698 19632
16446 19228 15296
17501 17755 16680
17449 15756 18599
17257 16471 18294
15118 18890 16738
15988 19136 15590
16318 17378 18033
16225 19303 15295
18144 15755 18063
19040 16071 15663
14988 17184 19292
14961 17692 18731
15094 19707 15253
14739 19846 14974
15677 18875 16491
15926 16392 19171
16933 16324 18766
17198 18102 16024
18781 17139 15683
18023 16415 17351
15100 15642 19849
18431 16731 16639
19002 16097 15675
14615 17501 19074
16006 17245 18676
17189 18301 16067
17381 17625 16762
16447 18396 16749
19066 16741 15287
14825 18758 17155
17201 15674 18787
16588 16407 18831
16340 15767 19242
18866 15703 16683
19411 15256 15563
19340 15202 15852
15507 17957 18028
15952 17899 17853
16117 19323 15189
17119 15420 18897
16794 18939 15443
18716 16623 16009
18978 16853 15374
15013 17779 18700
14603 18334 18142
15358 16856 19196
18074 15787 18153
17745 17043 16972
17553 15718 18584
17378 18468 15633
18706 17430 15368
15005 17869 18646
15063 17245 19104
15323 18148 17860
17178 15505 18858
14819 17114 19344
17596 18282 15356
17770 18344 15147
16264 16609 18825
19541 15199 15285
19529 15527 14985
16189 16370 19136
16274 16298 19071
19536 15362 15050
14874 17578 19028
16185 18588 16528
15904 19173 15627
16146 17493 18390
15778 19366 15365
16156 18120 17706
15463 16780 19241
17210 17382 17313
16985 18876 15225
18392 15695 17713
14897 18429 17921
14799 18521 17929
14892 19848 14858
15991 19285 15372
18956 16811 15413
15670 16998 19013
14905 19840 14889
17264 16751 18041
16680 16717 18337
15135 17979 18353
17325 15722 18711
17188 16455 18398
17553 17866 16289
19158 16365 15384
19529 15435 14996
19611 15226 14898
15825 16932 18942
18702 16708 16069
18929 16458 15611
15027 17267 19224
15723 16544 19110
14909 17300 19154
15629 19452 15349
15948 15775 19408
15513 17629 18325
16586 19109 15155
17032 16781 17975
18330 15641 17910
18539 17583 15361
15055 18257 18031
18708 16730 15908
16931 18194 16328
17314 16331 18224
17067 18538 15750
17469 16433 17826
14880 18489 17883
15022 18874 16740
16619 17492 17991
15054 18747 17002
17222 17907 16480
17013 18313 16079
18923 17008 15467
14650 17318 19198
17630 17738 16179
16768 18973 15646
18435 17215 16054
17642 18324 15262
18574 16272 16916
18987 16787 15297
14339 19764 15506
14722 19860 15010
15329 16980 19084
16789 17212 18004
15683 18149 17673
17181 15437 18895
18113 15800 18043
18907 16030 16275
14723 17716 18761
14397 19758 15450
17297 15319 18831
17788 18306 15240
17877 15682 18337
18943 15404 16728
14701 18615 17730
14504 19443 16217
14704 19855 15226
14352 19409 16261
19488 15389 15199
15559 16829 19239
15070 18683 17170
16785 16440 18647
17119 18144 16360
17365 15898 18559
18467 15603 17453
16163 15708 19322
16112 17765 17770
16057 15313 19564
15944 15845 19395
18051 16975 16806
18352 17419 16006
18615 16368 16432
18665 16136 16564
14284 19807 15359
19274 15457 15632
14969 18574 17607
14529 19894 14953
15353 18748 16862
16182 19127 15415
17200 15895 18577
16678 17010 18052
16816 18829 15623
17526 18459 15224
18663 17449 15361
18541 15757 17247
19167 15292 16154
19278 15716 15497
14775 15922 19855
14381 19906 15121
14984 19812 14919
16261 15507 19368
17310 15462 18815
18401 17303 16006
17205 18667 15481
18575 15634 17360
19024 16720 15497
15417 17157 18872
16001 17107 18740
18412 17661 15342
18987 16364 15719
18975 15564 16393
19242 15456 15792
14801 18448 17926
15580 19635 15101
16485 16866 18398
18731 17406 15331
18242 15718 17858
15537 18086 17949
17924 16067 17893
14362 19500 16065
14894 17613 18955
14477 19361 16538
15221 18076 18198
17675 16445 17658
18091 15802 18072
19073 16379 15406
15096 17241 19133
15459 16762 19306
16063 18025 17711
16212 16670 18859
15235 16850 19333
16023 18148 17730
14563 19092 16877
15196 17352 19022
16059 19374 14941
17914 16086 17816
17734 18278 15261
19587 15124 15090
15037 17837 18627
16163 17129 18599
15660 17292 18732
17597 18248 15472
16774 17988 17261
17814 18092 15522
14215 19424 16258
15933 19461 15041
17178 16788 17670
17480 18415 15337
15805 19406 15357
16914 15839 18791
18364 17760 15455
19040 16463 15478
14926 18930 16892
16040 16857 18896
15121 17722 18665
14808 18305 18127
15324 19672 15120
18778 16937 15698
18247 15854 17823
19116 16281 15429
19123 16546 15323
14755 18128 18426
15709 19459 15179
16094 18245 17417
17032 17067 17868
17878 18256 15141
18415 15688 17669
16903 17349 17778
19593 15255 14904
14552 19625 15724
14783 15437 20080
16068 17057 18741
15435 19481 15503
16908 17493 17548
17485 17170 17068
18414 17659 15363
18497 16673 16523
18835 17122 15337
15010 18264 17993
14885 18322 18098
14403 19936 14929
14914 17455 19023
15636 15903 19453
17899 16475 17370
18453 16113 17049
18918 16796 15469
15101 18285 17971
16540 19053 15490
16267 17707 17836
15148 19112 16488
17611 17527 16619
18253 15636 17956
18812 17048 15458
14783 19036 16702
18399 16732 16743
16906 18918 15300
15895 15060 19669
14972 18494 17619
19550 15264 15166
14763 16318 19734
18279 15920 17658
15029 19700 15287
19280 15766 15484
19484 15666 15177
15468 16700 19339
17085 16630 18087
16549 15679 19176
17655 18055 15932
15813 19364 15314
17991 15691 18172
18969 15906 16014
15386 17071 18972
17378 18198 15830
17696 16351 17753
16272 16477 19073
15760 16998 18858
17031 18681 15768
19356 15410 15635
15154 15797 19682
15880 19516 15086
15323 17246 18975
15196 17784 18442
17459 18175 15945
17220 18732 15202
18525 17687 15265
18230 15776 17904
19168 15299 16000
14910 19792 14930
15815 16181 19251
17294 18550 15404
17350 18238 15918
18980 15537 16391
18682 16818 16116
19446 15345 15384
14772 18039 18558
15997 15460 19398
15861 15492 19523
18545 15691 17369
15044 18697 17465
17877 15653 18363
18149 15866 17907
18553 16419 16550
14841 17755 18736
15415 15032 19980
15373 15586 19698
16866 17276 17782
17376 16351 17971
18357 17426 15881
19410 15402 15405
14621 16131 19850
15680 19584 14995
16189 16518 18941
19295 15648 15488
19609 15203 14928
19574 15184 15140
16976 16501 18312
14482 19160 16972
14783 18241 18188
14637 19409 16031
15506 17487 18482
15571 16074 19473
16541 17252 18099
17872 15726 18343
19592 15307 14899
17757 16356 17469
14403 19607 15839
15195 19308 15828
14466 19389 16476
14562 15736 20056
14979 17603 18923
17445 17081 17209
17842 18276 15151
18089 15923 17728
17591 16985 17357
17500 18474 15193
15495 17275 18863
18117 15782 17967
17213 15363 18872
18761 17274 15476
19113 16459 15340
18617 15626 17088
14868 18021 18587
14443 19943 14923
14602 19901 14862
16290 17361 18119
16007 19434 15066
17242 18683 15304
18235 15774 17886
19037 15451 16391
14397 19943 15004
14802 17880 18606
18576 15627 17181
16181 17538 18265
16950 16224 18506
18072 16884 16959
15591 17921 18215
18502 15791 17105
19136 15843 15986
15771 17698 18155
16856 16888 18005
16326 19280 15241
17221 18577 15512
16286 17158 18230
19058 16310 15458
18974 16980 15387
15162 17213 19188
16030 19357 14959
16891 16686 18402
17687 18494 15096
17164 15329 18942
18631 17440 15447
14756 15396 20133
19003 15476 16400
18208 17714 15548
15100 17920 18513
15978 19371 15085
17304 18650 15288
14739 17878 18622
15001 17973 18413
15088 19621 15698
16992 18293 16206
14616 14815 20332
17923 16061 17923
16864 18174 16382
14474 19931 14898
17597 17190 17035
17409 18510 15483
14750 17920 18618
15711 19468 15156
15706 14950 19838
18361 15700 17826
19222 15340 15928
14680 17461 19066
17514 17345 16976
15124 19688 15272
18672 16320 16457
14424 19914 15027
18427 16554 16696
14657 16219 19821
14985 17333 19094
14905 17924 18540
15065 15767 19868
15814 19148 15741
15726 19380 15539
16583 19131 15021
17207 15993 18410
18679 17498 15292
18794 15706 16686
18954 16805 15426
15676 14964 19828
15177 17266 19085
15415 17072 18966
16467 19070 15389
18596 17132 15891
19463 15715 14876
18929 16992 15447
16151 16269 19197
14705 18714 17547
17167 18176 16260
14448 19807 15289
15771 19517 15019
18011 15993 17805
19055 15535 16343
19581 15276 14927
14473 19272 16612
15038 17533 18966
17947 17290 16751
16783 18964 15179
17033 17903 16913
17155 18001 16334
18074 15932 17763
19534 15150 15327
14517 19161 16943
15576 16614 19208
14836 18045 18519
15291 18357 17732
15716 19218 15588
18768 17090 15736
14368 19187 16871
15561 19528 15333
15947 18024 17794
16712 17519 17833
16395 17151 18291
18095 18210 15080
19242 15345 15896
18846 17210 15180
17649 16093 18158
14946 17579 19017
14809 18593 17748
15687 14931 19863
17064 17716 17089
16745 15550 19115
17865 16303 17473
17541 18381 15476
17949 15708 18234
18984 15353 16569
16053 17568 18295
15573 19364 15585
15092 19760 14807
17171 17616 17135
17093 15194 18961
17561 17424 16883
17803 17478 16603
18511 17689 15325
18623 17106 15839
18936 15885 16233
19249 15396 15833
14553 16213 19848
14552 15666 20080
15365 19551 15264
16271 17078 18561
18449 15834 17155
16387 19233 15299
17208 16765 17811
17252 15371 18849
17963 16054 18108
19303 15336 15846
14924 15621 20031
14998 17359 19075
15223 17603 18770
16642 17015 18305
16778 16522 18660
16450 19215 15404
17365 15992 18346
18438 17428 15594
19504 15446 15168
15457 16026 19641
15402 15000 20023
17183 15824 18598
15624 19610 15212
17690 18313 15254
16674 18906 15797
17812 17840 15794
17799 18355 14975
16401 15942 19088
18584 17643 15242
18733 17390 15106
16096 15682 19352
14632 18203 18335
18870 15587 16711
15856 17954 17948
16561 18926 16007
17769 16291 17898
18048 17318 16448
16787 15034 19253
17934 15778 18229
19387 15765 15193
14882 17419 19059
17629 16464 17543
17433 17904 16290
17460 18593 14919
18642 15992 16793
18953 16841 15461
19608 15196 15000
19582 15245 14945
14473 19801 15232
18062 15864 17973
17315 17811 16877
16940 15019 19199
17847 17070 16944
18065 15651 18177
19539 15391 15042
14813 18934 16971
15718 17316 18606
16222 16001 19134
15008 18929 16655
16646 17049 18006
17373 17580 16837
18365 17229 16150
17110 18620 15589
18716 16806 15906
18119 15947 17681
18514 15997 17054
19458 15765 14905
15001 17057 19441
15361 17468 18884
14972 17646 18753
14555 19126 16918
15684 17918 17971
15205 17355 18986
16276 18346 17287
15236 17220 19098
18036 18028 15406
14683 15766 19973
17344 15659 18672
15719 19392 15437
15045 19722 15170
16122 15445 19489
16089 17822 18012
18592 17136 15690
16594 16956 18317
17373 18635 15283
18175 16002 17563
18418 15776 17450
14701 16212 19848
15254 17296 18990
16793 15387 19106
14672 19390 16321
14916 18041 18390
17212 18256 15947
19148 15386 16209
19125 16615 15133
14918 18839 17121
14505 19307 16539
15767 17538 18407
17948 18240 15126
18396 17335 15818
18623 15605 17253
14511 15471 20167
14820 16288 19705
15105 17445 19053
15000 19718 15359
14855 17745 18748
16201 18408 16944
16234 17167 18216
16721 18234 16922
16413 16425 18780
14756 16357 19765
14442 15008 20330
14978 18438 17760
17412 15750 18619
17195 16364 18473
15508 19429 15520
16086 16554 18927
16276 16914 18721
18167 15669 17993
18991 16816 15196
14891 18352 17963
15280 18514 17345
15493 15500 19683
16012 18709 16587
16636 15007 19424
19188 15528 15691
17361 17973 16223
19305 15395 15721
15899 18808 16448
14934 17660 18775
16659 16189 18789
17938 16596 17326
17264 17884 16574
16888 18567 16156
18113 15744 18165
18812 15318 16868
19139 15333 16243
16324 16788 18721
16403 18483 16917
15654 18614 17139
14495 19177 16749
15174 16971 19336
14777 19867 14835
15748 16351 19241
16583 18244 17014
17298 17015 17643
16915 18816 15675
18085 17452 16015
18818 17138 15228
19453 15806 15013
15055 18689 17319
15921 19343 15283
14538 19398 16316
15729 14997 19827
14774 18265 18176
15321 19268 16149
15178 18125 18194
18158 15693 17989
19190 15396 15926
14497 15743 20026
14715 17839 18708
14770 18190 18398
15651 19424 15469
15140 16284 19615
16633 16410 18757
16985 18659 15934
17270 15814 18617
15212 17162 19151
14592 15593 20081
15011 17109 19405
14472 19188 16665
14649 19075 16755
15072 14901 20089
16583 18330 16686
16421 18569 16523
17305 15426 18818
14650 18248 18295
14205 19400 16269
16385 18871 16245
16239 16936 18835
15800 18494 17279
17182 15655 18809
17419 18584 15085
18749 17382 15387
17758 18270 15416
14930 18870 16958
14777 16169 19841
18488 15657 17380
15379 19573 15256
17553 16258 18046
17524 16993 17165
18300 15665 17827
18595 17486 15476
19326 15398 15687
15055 17312 19100
14944 17638 18844
15026 15034 20170
16088 19166 15557
17966 15682 18203
17587 17968 15989
18239 17329 16262
19370 15807 15305
19593 15222 14942
14603 19044 16963
16413 15085 19491
18024 16392 17307
16808 18865 15630
18657 16401 16319
19129 16319 15389
14410 18305 18160
16873 15000 19217
16147 19124 15529
17524 18096 16038
18619 16405 16379
14672 18732 17565
18478 16986 16536
18733 16846 15786
18369 15656 17830
19525 15358 15135
15781 17798 18151
14897 19028 16744
15915 19372 15301
15778 16308 19197
16321 18107 17485
17790 17485 16611
16311 17610 18068
14908 19310 16417
16787 16538 18539
16395 15302 19413
17490 17033 17177
17115 17525 17163
16792 18231 16249
15835 17526 18432
17185 14968 18943
17365 16742 17982
18146 16025 17665
18980 16864 15366
18540 17630 15270
15438 18688 17064
15330 19671 14982
17056 17391 17426
17606 18497 15094
14678 16488 19698
14585 18977 17065
16606 18447 16481
16135 16759 18903
16857 18932 15612
19501 15495 15137
15220 18726 16876
15262 19686 15001
16804 17008 17925
18145 16849 17007
15558 15893 19492
17776 16676 17134
18988 16392 15524
18059 16865 17030
14529 17716 18829
14906 17861 18694
14853 18365 17951
15909 15071 19664
17715 15740 18524
18329 17288 16114
18639 15472 17198
17883 15647 18327
19348 16181 15169
14750 18525 17923
15846 15989 19293
17112 16683 18079
17619 17663 16304
17791 17521 16381
19197 16079 15311
14699 19149 16713
14300 19233 16825
14822 18222 18187
14608 18953 17194
16459 18367 16938
15590 19519 15362
15277 19648 15150
17298 17696 16906
16710 18572 16328
18504 16772 16503
14649 16066 19868
14469 19232 16613
15757 18192 17550
15138 16076 19619
16094 17263 18592
16738 15524 19128
16700 18408 16684
17658 16561 17529
17579 18527 15034
15231 19729 15006
17519 18215 15677
19140 16209 15491
15032 17271 19147
14721 18274 18148
15034 17679 18674
15228 17230 19129
16216 15418 19469
16258 19216 15333
14771 18392 18067
18511 17848 15169
19040 16734 15474
19517 15494 15074
16831 18324 16212
14715 18704 17583
14760 18434 17988
15116 19141 16476
16261 19009 16007
16018 19388 14992
15155 19670 15301
16942 17790 17187
17125 18863 15206
18231 15641 18012
19556 15429 15004
14552 18867 17379
14705 15529 20039
14891 18276 18051
14795 15345 20139
15220 18478 17711
17339 17550 17061
17748 17751 15960
18039 16301 17626
18443 15675 17688
17983 18291 15092
19175 15277 16007
15737 19311 15563
14720 16330 19776
15438 17008 18981
14913 18121 18370
14983 19724 15401
16743 16586 18510
16918 18548 16165
17980 18011 15407
18422 17936 15247
17433 15455 18655
14755 19880 14914
14967 19193 16390
15150 19703 15110
15576 16844 19181
16064 17690 18055
16217 17351 18506
16501 18832 16120
17613 17578 16462
18425 16120 17336
18191 17894 15405
16929 18774 15568
18964 15458 16510
19113 15461 16252
17860 18321 14976
14363 19538 16061
14961 16407 19624
15826 17492 18449
16180 18521 16729
16109 16399 19078
17079 15196 18965
15930 16781 19087
15758 17798 18310
16531 15517 19260
17662 18329 15239
17777 18367 15027
17240 15402 18820
17114 15046 18943
17524 18159 15738
18156 15742 17939
18715 15881 17000
14563 19798 15265
19093 16069 15531
16673 18302 16931
16727 18012 17130
16007 15587 19355
14562 15238 20238
15603 18266 17352
16716 19010 15793
16157 17165 18515
17921 17679 15873
15667 15931 19407
17371 18619 15290
18823 15853 16349
19313 16267 15199
19001 16198 15724
16736 18176 17036
16878 18044 16742
18390 17019 16367
18442 16050 17283
17872 17249 16901
18697 16032 16690
18443 17733 15318
14504 19181 16719
14519 19299 16521
14793 17683 18818
15350 17261 18901
16653 18311 16821
19080 15998 15571
17936 17932 15479
17366 16238 18309
18169 17530 15903
19252 16214 15244
15041 16888 19586
14769 18776 17228
16199 16788 18876
17157 17514 17258
17886 17683 15892
18562 17647 15264
18894 15502 16632
18505 15553 17523
14819 16209 19802
15405 19331 15771
15150 16885 19419
15537 19001 16561
17881 16176 17793
17427 18564 15144
17626 18246 15535
17509 15522 18622
18463 17822 15173
14824 18975 16778
19259 15472 15709
14585 19114 16725
18883 17077 15370
15875 15699 19443
17553 17862 16349
17188 14921 18917
16895 16767 18029
17016 18834 15300
18928 16059 16178
19583 15255 14939
14752 18410 18140
14627 18848 17430
16240 19306 15185
16116 15090 19590
17416 17558 16824
16821 15660 18937
17788 17605 16197
16747 19053 15017
18714 15974 16879
18600 16321 16557
15992 19239 15381
18537 17672 15339
18773 16207 16448
16757 18270 16471
14815 18800 17151
17402 18619 15126
17367 15563 18730
16576 18198 17210
18066 16178 17693
19220 16437 15188
14500 19913 14939
14648 18478 17984
14969 18992 16668
15897 19104 15718
16140 16541 18921
14518 19707 15493
19322 15962 15340
16071 18518 16840
15185 18867 16871
16067 19325 15181
17395 17016 17415
17675 17866 15770
18621 16660 16277
18909 17049 15403
18932 16263 15797
18963 15433 16713
14657 18918 17131
16431 15594 19232
16557 19067 15331
17953 18310 15081
18047 17849 15582
19329 15362 15805
14833 18055 18499
14445 19849 15321
17354 16397 18108
18067 16017 17678
16299 15681 19284
18932 15923 16117
17246 18673 15325
17278 18669 15151
17850 17995 15728
18223 17330 16210
18470 17732 15292
14537 14672 20360
14423 19880 15273
19103 15352 16311
17271 17241 17474
16948 15178 19157
17440 17978 16158
17327 18579 15306
14748 18253 18234
14592 14815 20357
16715 18330 16624
15012 17283 19196
15018 15394 20123
16919 15287 19080
17109 18048 16513
18000 17555 15998
17826 18314 15114
18411 17219 16165
18954 16848 15400
14505 15001 20313
14620 15693 20073
14460 19855 15271
16228 16565 18866
17198 16554 18153
17164 17814 16739
17902 18118 15468
17661 17096 17039
18273 17855 15459
18698 17410 15377
18511 15501 17428
15174 16980 19327
14585 19658 15545
14929 18275 18146
14722 19919 14844
14782 16282 19810
15303 18093 18043
15653 16038 19401
15865 15811 19432
16801 18123 16506
18265 17299 16088
17724 18189 15437
17539 18428 15254
18862 17020 15477
18518 17731 15235
15705 16538 19149
17469 16131 18085
17159 16622 18245
17739 17617 16417
17371 18105 15996
16828 18946 15218
15973 15151 19663
18723 15294 17002
16855 18701 16002
17850 15858 18241
14763 18694 17705
14765 18550 17865
18221 17086 16529
14589 19110 16777
16518 19130 15288
16841 15240 19211
17091 16334 18474
15973 19366 15281
18240 17306 16247
18154 15591 18073
18685 16130 16650
18467 16143 16970
18424 15643 17731
19438 15234 15425
14630 18491 18014
16098 17889 17841
14524 19897 15105
17720 16400 17674
17731 15797 18405
16846 17595 17241
17932 15653 18283
19157 15211 16177
14532 19341 16460
15539 19544 15326
14530 15250 20221
15254 17644 18512
15715 17842 18123
18180 15663 18010
18920 16277 15963
18582 16385 16555
19362 15494 15443
18031 16932 16866
14642 18640 17772
15766 19061 15865
16434 18297 17092
17526 17950 16126
16777 18277 16438
16635 18046 17381
17131 18843 15190
17766 16426 17430
18567 15949 16998
19055 16677 15368
15300 18774 16863
14946 18473 17856
14650 18679 17729
16724 18305 16322
16630 17781 17459
18514 17774 15140
18656 16154 16487
17908 15658 18262
17761 16045 18116
18985 15604 16334
14825 18587 17657
15647 16017 19410
16690 16741 18285
16271 17879 17557
16360 17321 18211
15756 19268 15490
18706 17380 15547
17905 17988 15608
15047 16842 19472
15156 17105 19236
14725 18719 17492
16477 17241 18166
16421 17691 17991
15512 14970 19960
16238 18515 16698
16907 15195 19176
15190 16449 19511
17082 17826 16943
18170 16096 17524
18313 17619 15774
18821 16047 16671
19384 15753 15282
14837 15402 20116
14899 18862 17124
14581 19066 17029
15538 14964 19967
15823 15376 19581
16636 18038 17157
14878 18690 17549
16234 17761 17780
16763 15963 18953
18574 15666 17289
18260 17282 16177
17951 17507 16199
18520 16710 16280
18050 17268 16594
18122 17606 15860
19374 15508 15330
14843 16738 19618
14435 19208 16761
14644 19045 16762
15874 15226 19728
16363 14978 19565
17691 15797 18438
18633 16067 16675
17000 18256 16246
17122 18335 16008
17376 18636 15157
18021 15655 18198
19008 16227 15582
14613 16077 19854
17553 16786 17703
18024 16061 17747
14690 15891 19957
16477 19165 15158
14893 19856 14794
15573 16855 19126
16096 15792 19345
17259 18674 15062
16072 19312 15268
15654 19563 15099
18607 17621 15299
19498 15254 15345
19303 15968 15247
14762 18235 18260
14534 17614 18851
14596 19058 16906
14861 18115 18473
15340 15614 19690
16178 16243 19190
16774 19006 14990
17180 17764 16982
17194 18831 14964
15193 16413 19505
14766 18609 17818
16321 15370 19336
15716 19181 16456
16157 19228 15430
16796 17800 17165
17387 18627 14988
18065 15776 18162
18205 17437 15962
17458 18452 15386
18015 15364 18202
16451 18390 16788
15846 17597 18102
15783 15694 19574
15364 17611 18487
14945 18971 16849
15741 16326 19329
15454 19485 15381
14540 19266 16547
17169 18403 15898
17741 15714 18476
18943 16110 15970
15297 16061 19552
15022 17595 18811
19181 15662 15899
14619 15360 20178
14494 15108 20311
18100 17335 16186
14946 15279 20200
14746 18698 17725
15703 16639 19128
15318 18305 17949
16284 18525 16585
17367 18231 15795
17779 15654 18430
17908 15769 18236
19416 15919 15128
19527 15438 15040
15186 15733 19720
15226 18459 17661
15560 14996 19897
16389 18238 17317
15320 17988 18095
15447 17348 18591
17259 18767 15014
17351 15384 18825
15395 17181 18930
17502 16108 18313
18198 17888 15391
18797 17189 15438
16295 18324 17224
14581 18711 17711
15571 17610 18451
15195 19697 15057
16784 18592 16217
19227 16103 15296
17394 18167 15980
19203 15333 15990
15508 18864 16758
14334 19789 15479
15111 19687 15450
15004 18363 17838
18185 18103 15228
15213 18846 16995
16578 19062 15349
18100 17209 16537
18474 17708 15330
18902 16680 15545
19194 16175 15292
18113 15886 17966
16423 14956 19535
15816 15474 19525
17873 17450 16315
16552 15143 19375
17152 16636 18045
18289 18072 15266
18410 17713 15640
18242 15644 17866
18552 17779 15068
19224 16490 15187
14839 17304 19191
17042 18548 15888
18548 15669 17082
18949 15828 16388
19162 15384 16001
19031 15423 16503
14689 16013 19921
14640 15867 20025
14941 17997 18446
16356 17781 17601
16922 18159 16414
17060 15516 19012
17498 15663 18620
18644 17428 15421
18623 16780 16241
19601 15227 14901
14708 18710 17517
15775 15045 19780
15368 17531 18526
15831 19145 15672
16372 17152 18556
18626 16130 16801
17674 17723 16119
17996 18263 14972
19582 15231 14964
15008 16061 19814
16894 18074 16611
14620 19917 14856
14679 18846 17213
15649 16478 19341
17865 17725 15801
17046 18432 16064
17301 15234 18832
19387 15330 15522
16459 19166 15300
14620 17191 19297
16250 14927 19617
14797 16361 19714
16234 19294 15243
15280 17894 18400
16021 15043 19801
16307 18572 16397
15001 19802 14813
15867 19408 15263
17131 16096 18762
15577 16543 19304
18217 15981 17591
18098 17671 15697
18360 17927 15334
18579 17220 15974
18553 17688 15238
15124 17514 18914
14510 17691 18857
15931 19369 15186
16124 19112 15676
18282 15843 17837
16917 16546 18476
18109 18172 15226
17727 16358 17546
14726 15937 19870
14534 19220 16662
17379 17335 17057
17646 15651 18593
19244 15612 15683
19264 16356 15014
14811 16120 19831
14861 17746 18706
17758 18371 15165
15123 15896 19708
15076 19754 15142
16389 18612 16343
16182 19034 16051
17241 17606 16967
14541 19633 15571
16680 15080 19402
17623 15834 18519
17936 15565 18260
17188 15097 18899
18258 16612 16897
18893 16719 15819
18939 15958 16088
18070 17742 15583
19571 15303 14978
14452 17723 18812
14627 19865 14940
14984 19725 15279
15418 19015 16582
15307 18881 16724
16358 15083 19569
15527 16161 19452
15729 19453 15222
17479 18134 15758
18333 15735 17780
14924 17820 18683
14880 18707 17475
17491 17421 16993
15819 15229 19731
14775 15388 20144
15340 19597 15487
16525 17651 17690
15703 15180 19737
15271 17115 19086
17990 17750 15651
18144 17332 16137
14678 15857 19965
14597 18531 17958
14416 19481 16074
15423 17935 18303
15098 17217 19240
15937 15044 19744
17949 18230 15334
17005 18754 15910
17258 18610 15334
18783 15792 16842
19444 15812 15050
14671 16018 19959
15310 17079 19127
14660 18947 17128
16022 17338 18526
16103 17316 18551
16798 16005 18809
17759 15783 18421
16805 18057 16802
18399 17889 15252
18203 16832 17073
18409 17881 15290
18404 15775 17466
19048 15406 16558
14917 17676 18809
16259 18751 16365
14878 17141 19325
15023 15982 19765
15593 14978 19839
15194 18359 17785
15430 17080 18911
16658 16413 18749
16658 19066 15234
16583 16415 18841
17964 17398 16440
17527 18235 15615
18312 18035 15185
19274 16322 15230
18257 17931 15272
14800 18863 17187
18928 15612 16534
19365 15385 15706
19096 16431 15348
19481 15270 15368
14469 19941 14928
14557 14890 20342
14611 16041 19907
16164 16538 19062
15834 19512 15143
15085 19506 15792
16614 18109 17126
15089 19690 15319
15613 14946 19897
18079 17348 16366
17973 17518 16103
15241 18692 17004
17989 18229 15182
16822 18279 16229
18348 17257 16045
18725 16347 16251
19049 15593 16386
18800 17263 15428
14951 15422 20022
17762 16773 17145
15169 19646 15299
17393 15362 18721
16213 17444 18148
18000 18029 15270
18782 16807 15650
18896 15437 16708
19070 15497 16263
15527 17849 18228
14634 15580 20060
14854 18557 17763
17281 18435 15694
14519 19565 15952
15631 19460 15287
18078 16337 17429
16763 15017 19350
17945 15691 18235
18110 18176 14949
18051 17092 16560
18507 17545 15376
18246 15877 17706
17878 15789 18323
18456 15617 17639
14631 15591 20093
14590 15365 20167
16073 17140 18722
18032 16380 17433
15299 17092 19009
17074 18855 15230
16477 15265 19481
16868 15155 19243
16964 16377 18451
19540 15417 15010
14651 15527 20087
14570 19771 15415
14514 19668 15775
16400 19231 15165
15208 15516 19931
18513 16516 16586
19099 16709 15151
16257 17926 17512
14875 18534 17609
14592 19623 15821
14578 16636 19641
14706 17814 18738
14783 19037 16657
14698 18826 17228
16433 15823 19186
16249 19258 15327
17458 17284 17096
18466 15796 17243
14092 19404 16331
14945 16902 19492
15034 16952 19462
16098 17332 18568
14523 18900 17357
15472 18169 17624
15371 17570 18492
17314 18332 15678
16182 15064 19636
17738 17401 16880
17884 15815 18292
17769 15708 18484
18333 16045 17482
18760 16957 15785
19438 15406 15273
15194 17730 18453
15465 15669 19633
15411 17438 18509
16512 17931 17383
17850 16080 17947
18381 15667 17791
14880 17979 18501
14567 15304 20207
14329 19294 16700
15131 17988 18349
14841 19212 16540
14402 19269 16655
17279 17761 16915
16879 18663 15988
17474 18532 15308
17872 15520 18373
17753 18118 15560
18724 17386 15395
14698 18886 17110
14934 16621 19640
14934 18187 18189
14529 19798 15385
16667 15644 19069
15097 17024 19347
16106 14992 19819
17263 18098 16071
16445 18565 16344
18705 16854 15968
15259 19663 15184
17772 15729 18358
18154 17423 16078
18972 15373 16586
18571 17719 15191
14692 15955 19878
14805 15189 20282
14864 19047 16498
16725 15541 19203
17938 18123 15444
16013 19356 15010
17248 17280 17652
18573 15732 17050
18738 17160 15636
14721 19472 15968
14583 19077 16976
14577 14950 20328
15816 17517 18440
15564 18529 17261
18159 16655 17240
15814 19255 15457
16584 15356 19241
17110 15499 18957
17684 15881 18320
16345 16458 18885
18145 17278 16348
16768 17798 17340
16539 18654 16247
17180 15685 18817
18471 17137 16251
18513 16722 16298
18151 17231 16279
18171 18116 15158
19282 16051 15477
17635 16955 17414
19602 15233 14882
18050 17840 15546
14797 15237 20287
14590 18274 18200
15106 14856 20119
15221 18300 17954
16002 19030 16125
15479 19257 16126
15280 18675 17206
16858 18327 16193
16988 15542 19062
17655 16599 17520
15392 17476 18677
18388 15824 17658
16971 17953 16907
18543 17728 15182
18990 15281 16647
18763 16272 16330
14549 14967 20340
15882 15279 19589
15790 17393 18582
16478 19163 15248
17613 15675 18548
17742 16306 17815
17061 17682 17139
17983 15656 18223
16859 16357 18507
14480 19360 16330
14692 18793 17230
16724 15552 19082
15257 17289 18936
16717 16120 18985
16349 18814 16251
15652 15167 19782
15813 16986 18882
17140 17682 17128
16263 15197 19561
15674 16993 18902
15282 18452 17536
17564 18515 15187
18966 15298 16588
19478 15614 15185
14776 18178 18326
14377 19282 16708
14528 15534 20127
15286 15706 19804
14966 15156 20203
14646 15920 19975
15884 18602 16903
14786 16040 19853
15332 18835 16832
17557 17484 16857
18873 15623 16670
18646 15597 17017
18644 15607 17079
15048 17766 18650
14638 18773 17616
14781 19851 14939
15668 19517 15021
14624 14843 20321
16036 17159 18679
14972 19827 14852
14605 19001 17035
16262 19058 15828
15353 18258 17857
16740 18083 17080
16098 15135 19595
18423 15860 17416
18778 17387 15181
15546 16431 19415
16511 15044 19425
15254 18476 17392
15524 17858 18221
19057 16247 15464
17795 15609 18461
18486 16908 16481
14911 18196 18224
15168 18732 17139
18643 17532 15347
15656 15209 19755
15759 15143 19816
18721 17315 15487
15267 17092 19290
15147 17211 19231
14708 15937 19949
14709 15508 20121
14954 17123 19312
14584 15598 20124
16143 16099 19225
14878 16333 19683
15805 18762 16814
15717 19196 15943
15014 18268 17984
16373 18699 16392
16525 15034 19435
16490 15971 19086
17128 18300 16078
17457 16335 18170
17887 18231 15419
18529 17434 15581
18343 16426 17165
18028 18227 14918
14387 19787 15459
15073 18197 17972
14689 17693 18795
15421 15847 19642
17053 15634 19024
15888 15604 19476
16511 17048 18353
17090 18364 16040
18298 15746 17733
17477 17179 17039
17555 17811 16014
16528 14931 19458
19465 15506 15191
19238 16356 15212
19387 15444 15371
14572 19929 14938
14489 19554 15964
15384 17044 19065
16959 18318 16143
16801 18408 16178
15637 19504 15196
16479 15218 19353
18862 15843 16632
14847 16276 19705
14515 19766 15424
15045 18566 17480
15336 16888 19214
15057 17801 18594
15991 18958 16258
16738 15129 19246
16426 16916 18619
16690 17603 17504
18197 16389 17296
16673 15100 19372
17089 16459 18329
18718 17454 15224
19391 15915 15140
14846 16581 19697
14646 18801 17525
14581 19245 16556
16068 15158 19597
15312 18080 18161
16129 18680 16553
16756 15120 19249
17039 15703 18782
16462 15287 19321
16920 16390 18503
16710 15286 19342
18006 15648 18217
18588 17196 15693
14426 19950 14879
14625 15050 20297
14968 16758 19611
15843 14907 19936
15298 18139 18018
16723 18766 16063
15548 15720 19591
17545 18052 15944
17557 15451 18707
18236 17919 15365
19311 15233 15859
14704 17417 19163
15933 18986 16348
15066 15973 19840
16102 19340 15096
17571 15988 18474
15720 18829 16574
16318 15485 19396
17221 17983 16406
15329 19684 15027
16492 15809 18998
17880 15952 18234
17409 17533 16863
18474 15871 17114
19210 15989 15609
18871 15458 16778
19230 15243 15963
19089 16815 15283
14913 17676 18844
14930 18753 17194
14838 19178 16625
16223 16504 18992
16057 15189 19641
15734 18916 16435
14501 19746 15506
17739 16002 18234
16114 18765 16384
17075 18059 16400
16105 19274 15376
16723 18310 16457
17082 15087 18969
15232 16267 19537
16552 16951 18378
19574 15281 14950
15193 15510 19982
14761 18358 18112
15849 18194 17488
14893 18895 17108
16829 15217 19230
18028 17148 16939
16926 15483 19065
17344 15487 18750
17823 15673 18394
19090 16240 15508
18129 15827 17935
19093 16709 15178
14592 19565 15871
14899 17397 19143
14538 19626 15689
14807 17758 18727
15662 15975 19412
14502 19474 16131
14543 19509 16038
15048 15382 20062
16156 18833 16323
16276 16671 18778
16784 17921 17097
18556 17322 15828
19174 15768 15642
14812 19828 15092
15008 19710 15210
14651 18941 17289
14771 18986 16911
15182 16533 19487
15331 15315 20087
16303 15956 19226
14690 19020 16904
17339 17195 17597
16840 16976 18271
17032 15186 19028
17191 18497 15891
17758 18462 15124
17726 15802 18351
17878 15565 18333
18390 16394 16964
17420 16987 17389
15251 16987 19316
18444 17751 15227
19268 15345 15827
19097 15677 16212
15460 15456 19907
15396 18139 17801
16376 15068 19517
16321 16294 19029
15950 18459 17056
17211 15815 18753
18091 16065 17649
16036 15002 19803
18338 16213 17315
18947 15466 16573
18294 15834 17636
19093 16638 15216
19397 15756 15136
15269 17590 18562
15349 19279 15922
16819 15644 18979
17057 15083 19028
17393 17320 17365
17163 17996 16904
16497 18794 16191
18727 15368 16992
18464 15465 17636
19522 15602 15071
14826 16628 19674
15048 16766 19482
15749 15153 19779
14824 18507 17789
17183 17887 16505
15862 17841 17918
16190 14946 19661
17188 17599 16988
15549 15388 19942
17502 16434 17719
16979 18897 15493
15686 19339 15580
17548 16961 17377
17600 17680 16698
18794 16579 15881
18136 17073 16687
18503 16858 16164
19220 15131 16015
15276 16056 19619
16345 19124 15444
14472 19167 16806
19428 15689 15288
14635 14761 20309
15050 15358 20010
15247 17684 18603
15828 19047 16291
16241 18016 17688
15680 16577 19221
15922 19316 15412
16422 16169 18929
16834 17139 17919
16733 17600 17513
16723 18354 16281
16703 15395 19228
19300 15241 15863
18527 16373 16829
18808 15534 16989
19159 16643 15092
15136 16398 19667
14984 18751 17182
15788 14929 19831
15912 17535 18303
17240 18727 15171
17629 18478 15104
18069 17446 16210
17812 16319 17640
15169 16480 19548
18712 15543 17120
16994 18603 16086
18439 17884 15249
19024 15777 16283
15625 15400 19819
18727 17478 15108
19376 15159 15630
18588 17521 15494
14796 17955 18610
14523 19570 15902
16160 18883 16275
14563 19075 17302
15675 18904 16669
15156 19545 15508
14976 19855 14843
15731 18510 17228
16328 15859 19261
16298 16378 18914
17192 18801 15139
17254 15203 18897
16808 15955 18868
17820 16620 17307
14662 18829 17497
14457 19929 14972
14653 18917 17187
14795 15846 19892
14593 14893 20340
14725 17607 19029
14426 19237 16770
14150 19393 16357
14890 19838 14964
15055 17252 19268
16158 18606 16586
15016 15550 19943
16122 15264 19544
16005 18001 17824
15994 15272 19646
15484 19458 15703
16752 18289 16280
16513 15216 19409
18076 16931 16802
14791 18881 17122
17432 18549 15388
18188 15614 18067
18836 16528 16236
19175 16557 15262
19007 16239 15559
14670 16400 19779
15009 16661 19613
14771 19075 16640
14694 17574 19033
16635 17626 17425
15767 15117 19798
14889 19338 16430
17022 16564 18258
15191 17899 18574
15989 19402 15072
16489 19078 15338
17180 18578 15678
18530 15425 17452
19188 15696 15641
17368 15485 18675
19082 16597 15290
19401 15718 15140
16115 15586 19387
14826 18369 18034
14750 18450 18066
15701 15648 19649
15797 16023 19370
16266 15382 19475
17155 18925 15118
17614 17796 16286
17860 17035 17127
17759 16988 17251
17215 15228 18876
17566 18468 15183
18856 17107 15339
14947 16557 19668
14449 19352 16645
14734 15878 19856
15145 19472 15935
14603 14630 20334
17899 17013 17059
15719 14920 19913
15747 15890 19511
15389 16794 19461
16182 15051 19720
17079 16647 18119
17601 18508 15103
17473 16318 18082
18496 15764 17337
17353 18655 15073
18463 15663 17485
18710 16686 16031
18870 17217 15170
16652 17686 17382
18736 17311 15421
14532 18824 17500
14316 19356 16599
14886 19778 15106
18851 15596 16809
15568 15141 19861
16066 18681 16775
16052 15003 19729
16534 18516 16378
16908 18068 16503
17381 15382 18789
16928 17305 17607
17602 18547 14915
18408 15628 17824
18279 17373 16040
17907 18273 15115
14481 18822 17502
14410 19246 16770
14880 18013 18485
14462 18835 17439
15122 14553 20139
15607 15438 19716
16286 18869 16299
16701 15566 19143
16000 16916 18968
16516 17717 17680
16438 17749 17807
16531 17823 17522
17136 18788 15176
18503 15766 17080
15576 14959 19851
14570 19112 16814
15375 14829 20067
14770 19914 14859
16971 18982 15078
16502 15019 19478
16816 15676 18898
16598 16722 18346
17031 15250 19138
17081 16816 17969
18629 16993 16091
19119 16212 15406
18302 16712 16842
15189 15541 19779
16960 16008 18655
14743 15331 20086
18745 16926 15525
18396 17431 15502
17779 16763 17064
18742 16875 15569
15891 17042 18703
17018 16098 18535
15617 16052 19502
17705 17007 16834
18109 16284 17108
18752 16692 15674
16392 16226 18921
15461 18486 17506
15191 19536 15706
15358 19083 16386
15472 19514 15586
17505 16977 16971
15317 19408 15972
15166 19639 15730
15282 19507 15887
18028 17881 15325
15172 19525 15903
15585 18750 16836
17678 15580 18353
15116 19688 15664
15316 19417 15967
17621 17119 16965
15342 18817 16830
15323 19561 15627
15236 16159 19676
15086 19719 15579
17424 15579 18580
18100 16569 16958
15220 16166 19645
17437 17745 16460
15675 19359 15741
17459 17033 17062
17799 16470 17403
15486 19061 16253
18047 17509 15575
15320 19647 15615
15584 19491 15592
18614 17008 15570
15407 19141 16325
18000 16472 17242
18327 17603 15321
16767 18227 16415
15424 19434 15673
16048 18757 16480
15848 18905 16292
15198 19604 15625
15240 19070 16511
17739 15668 18326
15404 19099 16354
18218 17220 15927
17636 16507 17474
18285 17652 15480
15026 15538 19951
15463 18951 16453
15163 19672 15500
16248 16146 19014
17696 16498 17577
18280 17400 15683
17854 16788 17023
17930 17278 16437
17217 16795 17630
15321 19377 16052
18256 16070 16875
19001 16507 15390
15350 18668 17393
15318 19129 16461
18173 16091 17078
15649 18805 16587
17722 15763 18140
15122 19660 15698
15292 18835 16997
15104 19691 15655
16028 18671 16621
19342 15985 15313
17560 17663 16268
18224 17826 15173
18197 17471 15571
17631 17197 16883
19476 15576 15302
17091 16096 18422
18047 17499 15599
18099 17360 15858
18091 17921 15312
15162 19487 15924
16099 19178 15691
18034 16402 17153
17719 15654 18334
15422 19032 16421
15191 19518 15848
15085 19216 16466
15071 15717 19882
18129 17941 15267
16248 19131 15749
18198 17162 16061
17360 15650 18621
19537 15494 15116
17612 15540 18465
18314 17117 15829
18251 17722 15376
18186 16501 16805
15090 15984 19788
16042 19225 15621
18375 15711 17111
15408 18297 17916
16107 19052 15955
15598 19259 15800
17768 15799 17980
17662 16632 17230
17450 16008 18191
17930 15795 17875
15073 15712 19880
15281 16286 19531
17478 16160 18053
17760 15625 18170
14757 19683 15679
15563 18767 16868
18404 17545 15357
19519 15726 15061
15629 18925 16506
17875 15645 18071
18174 17150 16094
19552 15540 15063
16439 18870 15838
18686 15715 16741
15700 18589 17127
16193 19022 15764
17919 16650 17064
19415 15871 15284
17518 16954 17041
19442 15640 15382
19536 15523 15100
15132 15878 19824
18117 17927 15284
15118 19578 15997
18764 16118 16086
16414 19005 15452
17040 15308 19270
18754 15865 16340
15040 19624 15869
14939 19845 14949
15854 19082 15995
15185 15961 19727
14893 19191 16569
17640 16815 17097
17303 15444 18935
14980 15319 20010
15363 18349 17983
17063 15452 19196
17421 15620 18505
15926 18965 16096
17833 16776 17058
16912 18740 15564
16145 17724 18084
16299 19004 15655
18201 17289 15688
16305 18945 15693
17659 17651 16161
15709 15564 19679
17753 17028 16788
17892 15494 18219
15121 19665 15598
15366 15914 19656
16933 18788 15293
15464 19640 15605
16450 17745 17611
18372 16785 16434
16534 18907 15402
18108 16060 17345
19596 15422 15061
17151 15718 18862
17841 16034 17621
16974 17817 16872
16712 18904 15391
18484 15329 17519
15117 19584 15849
15378 15166 19924
16394 19076 15613
16320 16179 18978
18397 16059 16954
19539 15495 15104
15633 17148 18997
14904 19263 16492
14844 19887 14796
17040 16526 18287
18244 17038 16174
16905 18024 16441
17741 15630 18179
16437 18126 17022
17858 17510 16173
19211 16058 15442
16469 17605 17746
15114 15927 19799
17431 17748 16180
19586 15509 15074
15787 18130 17623
16117 17215 18531
18827 16881 15420
16194 15433 19589
16256 15892 19239
19542 15571 15046
16607 17384 17767
18264 17764 15258
17161 15545 19010
17576 17643 16595
18518 15472 17450
17588 15543 18550
19552 15489 15101
15022 18998 17173
15614 17118 19086
18752 15752 16497
15280 18973 16853
15457 18448 17754
18193 16538 16738
18804 16457 15867
15452 19402 15634
16406 18866 15891
17450 15400 18901
16578 18904 15544
18945 15477 16734
14821 18922 17328
15192 16640 19472
15567 16452 19281
15479 18707 16917
15436 19025 16733
16467 17648 17571
17717 17689 16035
15220 18925 17171
15488 16938 19193
15619 14924 19931
15633 18852 16364
18611 15542 17177
17134 17073 17353
17263 15874 18502
17424 15686 18456
17880 17763 16008
18318 15548 17543
14833 19433 16253
16184 17276 18403
18003 16806 16868
18806 15756 16354
15647 17923 18286
16192 17224 18412
17709 16547 17401
16244 18181 17326
17744 16472 17428
17453 17537 16728
16511 18896 15749
15016 19013 17114
15482 19028 16328
17856 17662 16061
17340 17589 16651
18087 16107 17250
17334 15704 18555
17826 16940 16777
17636 15222 18703
18235 17772 15157
15411 18268 18066
15766 18732 16571
16229 18947 15832
18158 16668 16830
16195 17734 18068
17565 17286 16672
15558 15534 19739
15451 19692 15178
16341 19092 15347
15171 19480 15954
15479 19621 15478
16294 17206 18408
17389 15634 18706
16500 18355 16648
17675 16584 17366
15311 16243 19557
14575 19261 16553
19610 15389 15177
16217 18503 16513
15725 18987 16337
14633 19295 16549
15561 18581 17281
14865 19778 15303
15783 17165 18902
17029 17089 17733
19467 15581 15351
15153 19256 16309
15679 19126 15987
17428 15531 18742
18412 16132 16724
17553 16492 17665
18111 15608 17900
18379 16266 16702
18266 15425 17843
19536 15457 15324
15914 17065 18700
17704 15969 18249
18554 15462 17278
15743 17851 18227
16504 17012 18356
16149 15148 19755
18971 15479 16666
15427 16706 19238
18503 17428 15371
16614 18945 15369
18061 16186 17283
15435 18056 18270
16662 16226 18837
15581 18602 17239
17637 17822 16042
17389 16921 17406
18616 15267 17364
15243 16129 19613
15490 18363 17760
15596 17171 18999
15924 17182 18612
19359 15853 15312
19594 15440 15125
18576 16615 16201
18802 15709 16686
15051 19039 16994
15762 16676 19030
15778 17069 19018
18108 16659 16889
16067 18750 16274
18359 17671 15181
16995 15627 19026
18114 17862 15312
15663 17734 18604
15208 19583 15702
15368 16010 19645
14856 19443 16213
15482 19007 16437
15124 15252 19987
15742 18780 16598
18194 15411 17922
18255 16001 17179
18746 16375 15903
15345 19055 16556
18870 15468 16895
15205 16358 19560
15112 18980 17007
18436 15997 16760
18516 16279 16591
16624 17874 17079
19374 15889 15274
15385 18317 17979
15679 18122 18080
18647 15317 17301
18072 16556 17044
15254 15478 19786
16091 17691 18099
15679 17785 18432
17484 16127 17970
18646 15415 17334
18581 15535 17226
15653 17640 18661
15702 19093 16048
16945 18564 16154
16871 18854 15365
19462 15473 15635
17195 16922 17533
18263 15438 17826
15425 17745 18562
16866 15581 19197
17652 16212 17794
17120 16918 17782
15089 18950 17028
18057 16398 17094
14942 19469 16167
16558 18800 15986
18499 17465 15341
15386 19296 16139
15438 16274 19347
17779 16095 17823
19475 15444 15666
14964 19531 16067
15165 15459 19908
17354 17602 16611
16305 16740 18620
16614 17589 17756
18098 17350 16213
17391 15544 18905
18252 17668 15324
14868 19847 15091
15112 15803 19859
15819 16790 18912
17800 17385 16522
17629 17407 16568
18287 15487 17738
15826 15900 19401
16898 15374 19446
19599 15410 15189
15022 19242 16563
16916 15376 19326
16621 16977 18327
19487 15457 15332
19316 15943 15334
16819 18686 15706
17144 16101 18305
19276 16029 15277
19601 15414 15153
15757 16746 19110
16374 17968 17437
17789 15603 18249
17882 17172 16563
19494 15671 15141
19529 15627 15137
17704 15695 18267
15710 14853 19906
15141 19160 16387
16802 18844 15441
14279 14365 20322
18085 16954 16591
18174 17347 15864
17695 16485 17599
15854 17146 18719
16191 16932 18559
15163 15486 19929
17104 18678 15439
19035 15648 16531
15393 19147 16367
15363 18305 18004
15539 17554 18710
16598 18628 16098
16544 16981 18242
15240 15492 19828
15516 19171 16232
17150 15449 19035
16879 17055 17875
17801 17679 16025
14591 19246 16559
16227 14997 19851
16770 18659 15915
18027 16714 16782
18157 16172 16942
18152 17249 16066
19459 15766 15145
17195 18057 16395
16906 18789 15402
17144 15949 18696
15028 19862 14865
15422 17980 18381
16630 18303 16738
16762 15704 19149
16652 18245 16577
17523 15721 18413
17981 16686 17034
19529 15480 15312
16988 16859 17945
16974 17540 17394
16761 15268 19479
17233 15825 18822
18651 16889 15714
16752 16019 18761
18041 15883 17690
19262 16160 15310
15926 16814 18874
15774 18690 16857
17977 15848 17818
19113 15659 16399
15127 16351 19634
17640 17604 16278
17013 18773 15419
16575 17440 17861
16695 15798 19140
17646 17605 16166
16941 18725 15452
18070 15744 17809
17252 18371 15826
17302 17634 17005
18389 15514 17634
18720 16786 15864
15129 16480 19556
15429 17136 19099
17387 16195 17853
18249 15539 17745
16884 18457 16263
18848 15494 16793
15064 19610 15965
17619 15287 18660
17206 18037 16419
16447 16980 18540
18901 15624 16744
14632 19307 16472
15413 14893 20076
16289 18831 16079
16169 15412 19647
16375 17162 18406
17027 18652 15550
19073 15654 16511
17113 18012 16666
19329 15487 15792
18304 15411 17719
15416 18272 17979
15587 16948 19173
15106 19225 16335
15066 19681 15807
18414 15672 17368
18387 17573 15306
15953 15170 19854
17905 17616 15881
19164 16022 15598
16619 18488 16393
16242 18877 16036
18321 15682 17137
16569 19002 15399
17011 18462 15864
16293 18096 17305
17227 15692 18911
15354 18308 18040
15385 18815 16965
17503 18439 15237
16200 16357 19054
16511 17429 17908
15915 17573 18436
16082 18704 16448
15405 17438 18951
14984 19740 15530
15576 19205 16103
16342 17190 18177
16738 18930 15336
15528 17421 18822
15184 15429 19871
16987 17550 17194
16824 15706 19146
15759 17509 18554
17878 15541 18313
17242 18642 15206
16549 15959 19107
17968 15951 17864
14604 14692 20314
16078 15532 19693
16493 18929 15544
17153 15556 18941
17763 16106 17904
17701 17679 16147
14919 19772 15400
14852 19046 17037
17918 15813 17933
17590 16173 17845
17088 17386 17179
18218 17468 15636
17319 15512 18906
17225 17970 16390
19123 16256 15576
18383 15396 17736
15453 17863 18508
16607 18358 16443
16325 18895 15815
17398 15460 18885
19518 15701 15123
17276 18618 15276
18922 16374 15737
15853 15828 19486
16165 19304 15277
15550 15246 19921
17413 15840 18441
16601 19017 15323
17267 15284 19147
18063 16228 17118
17522 18232 15467
17924 15704 17903
16638 18280 16701
16508 17377 18120
16371 18561 16408
17710 17920 15914
17479 18444 15275
17652 18330 15286
15924 17799 18262
18498 15237 17519
19057 15785 16328
18966 16888 15239
19505 15485 15322
19344 15705 15655
19604 15334 15253
15189 19069 16841
15146 19679 15482
16702 17801 17343
18210 15519 17842
18759 15562 16820
15717 17639 18657
17781 15669 18122
17773 16904 16957
17467 15739 18297
16675 18218 16779
17859 16715 17176
18912 16006 16164
15738 16219 19375
16275 17429 18305
16513 16493 18762
17803 16509 17362
19229 15620 16172
16288 15161 19746
17345 15598 18783
17729 16773 17059
15215 15507 19849
18356 17737 15067
19566 15329 15277
15365 18282 18075
15451 18018 18368
15372 17865 18628
16366 19172 15332
15170 16665 19425
15380 18744 17374
16000 18953 16020
17529 15616 18482
15481 18198 18196
14631 19887 15006
18049 15702 17848
18952 15647 16541
19020 15458 16625
19543 15615 14991
15451 17950 18449
15523 17373 18899
16169 17679 18093
15684 17665 18341
16672 15422 19508
17111 15654 19000
14666 19904 14962
15084 19601 15867
16692 15430 19450
16134 18256 17280
17527 17669 16316
16180 18892 16104
18458 16700 16200
19241 16183 15347
19194 15562 16173
16982 18530 15744
19253 15807 15860
16149 17024 18800
15641 14859 19944
16211 18447 16827
16965 17738 16924
17646 15274 18614
16931 18746 15492
18238 16116 16946
19274 15596 16072
19249 15666 16083
15676 17615 18693
16050 14992 19901
15725 17444 18686
15518 18238 18151
16889 17793 17091
17942 17858 15585
14959 19769 15438
15641 18412 17489
16010 18336 17393
18121 17135 16277
19326 16001 15308
16097 18699 16373
15567 18167 18097
15854 15358 19713
18071 15614 18156
16509 17637 17643
17928 15357 18374
15851 16874 18876
14801 15006 20240
16314 16116 19101
19610 15382 15194
19092 16288 15583
14911 19799 15289
16133 16320 19234
16379 16506 18895
16234 17643 18034
17291 15544 18912
18035 15672 18029
19273 16050 15282
19303 15988 15540
19039 16864 15177
15827 17655 18470
15686 18095 17807
17773 17863 15863
17263 18100 16112
18136 15628 17884
15236 16353 19477
18293 15476 17811
15471 17800 18515
15611 17749 18534
16480 18120 17066
16562 15236 19595
17166 18585 15301
17522 15502 18616
15471 17975 18344
17965 17254 16267
15616 15075 19935
15453 17496 18861
15584 15308 19918
16873 16172 18709
16945 15359 19310
15486 17434 18828
15065 15827 19941
14946 19891 14719
16962 18783 15360
17352 15695 18560
17581 15451 18576
17641 15422 18505
18415 17080 16050
18747 16061 16335
19196 15878 15760
19534 15475 15255
15085 15108 20126
16086 17981 18013
16153 18933 16233
18780 15622 16810
16287 17453 18134
16945 17606 17351
17789 16518 17342
15649 18487 17192
19230 15921 15708
15334 18666 17767
15514 18680 17164
15299 19753 15209
16782 15620 19181
15598 18155 17968
17312 15403 19006
18344 15330 17738
17198 18579 15569
15612 17945 18475
16559 15768 19200
17359 15228 19033
17551 15476 18598
18193 17965 14977
18923 15553 16662
14953 15875 19959
15019 19742 15475
14709 19946 14906
16149 18079 17577
17295 15414 18966
18555 17520 15214
19135 15513 16340
19174 15513 16207
19058 15725 16243
16016 16395 19113
15061 15987 19772
15639 15848 19580
15600 15099 20037
16812 16823 18150
17548 16468 17729
18308 16507 16776
16870 19048 14979
19428 15741 15162
16202 18686 16366
17358 15257 19083
15804 17120 18726
16441 18437 16576
14761 19933 14799
15351 15450 19816
17737 16622 17244
17973 17033 16755
17709 18430 15196
17452 18159 16018
19159 15501 16306
19051 15503 16616
19245 15449 16121
15399 18347 17928
15792 17432 18685
17386 15862 18328
16645 18507 16211
18484 15328 17574
15381 17882 18513
14805 15459 20079
15588 17379 18895
15475 19366 15826
15014 19695 15643
15404 16671 19292
15896 17502 18490
18805 16560 15693
16537 18305 16472
18847 15503 17073
16526 16836 18456
16439 18644 16172
16829 17836 16947
18701 16182 16279
19105 16194 15592
19606 15396 15226
15378 18361 17900
15401 18779 16945
15143 19717 15408
17710 16338 17756
16124 17615 18217
16110 14999 19845
15327 17652 18705
16399 17656 17737
16754 17912 16963
15744 19053 16083
17265 15249 19171
17655 18415 15274
17148 18398 15803
18381 15425 17688
18798 15828 16280
14936 18778 17578
16797 18768 15644
15149 19858 14923
17323 16304 17876
17068 18282 16099
17698 17134 16865
19484 15489 15397
17892 16407 17336
15864 15328 19824
15641 18516 17388
16015 15313 19791
17501 18446 15221
18688 15539 17091
18945 15626 16637
16443 18342 16683
15444 19092 16244
17625 17509 16567
17541 17446 16697
17760 18144 15671
17458 15563 18730
17876 16249 17342
18243 17883 14978
18855 15370 16924
17281 15774 18615
15289 16349 19529
16168 18086 17538
16801 19054 15054
16277 18219 17012
16382 19006 15647
17382 18181 16055
17204 15503 18959
17618 15493 18572
18112 17358 15761
17245 18484 15477
19293 15561 15771
15160 16175 19662
15508 16078 19554
16806 15535 19260
15295 18675 17375
16044 18194 17450
18140 17996 14980
18968 16870 15304
15306 17034 19136
15415 17703 18704
15613 17322 18993
18200 17299 15784
17766 18320 15079
19197 16530 15059
14779 19274 16487
15563 17777 18560
18308 17297 15681
14911 15934 19936
15454 18456 17598
15420 16191 19427
16876 18099 16677
19460 15588 15514
14878 15334 20083
15465 19037 16373
15822 15756 19502
17475 15642 18415
17421 16834 17628
16547 16219 18917
16770 17665 17551
16590 17926 17318
19334 16043 15253
16594 15380 19542
17315 15676 18597
17849 16008 17728
18043 15653 17937
19115 15778 16222
16368 17391 18026
15520 17590 18774
18399 16182 16715
15637 14746 19968
15533 18315 17650
16745 17624 17674
17315 15877 18456
17722 17409 16561
16920 18120 16364
16077 19239 15527
15991 18766 16371
17005 15971 18835
18345 17753 15027
19070 16172 15764
19475 15834 15091
14957 19693 15673
14547 15362 20129
15291 19648 15382
15738 18227 17585
18228 15551 17674
17947 15384 18307
18674 16292 16142
15188 15852 19852
15337 18387 17916
16544 16717 18434
15527 17948 18420
17232 15336 19202
17697 16895 17025
17628 18325 15386
18741 15609 17057
19076 16639 15242
19528 15656 15100
16804 17878 16995
15132 19182 16668
18847 15530 16820
18921 15750 16386
15636 14876 19930
15643 18138 17954
16689 18847 15705
16238 17203 18426
17235 15419 19117
14926 15709 20005
15270 16278 19609
17355 18504 15426
16510 18570 16169
18289 17692 15213
18823 15534 16938
15028 18987 17013
16062 16573 19100
15276 18123 18321
16928 17188 17839
15985 15085 19817
17852 17913 15827
18108 17228 16441
18819 17143 15357
19158 16406 15448
15280 17900 18485
15887 14914 19902
16088 17263 18477
17381 15490 18927
17297 15863 18611
16758 18568 15970
17656 17221 16688
19089 15695 16401
15109 16503 19603
15426 17796 18557
15369 15158 20022
16119 18406 17110
16313 16364 18954
18261 15593 17643
15957 17754 18225
18640 17326 15280
19222 15527 16181
14727 19892 14951
15695 15485 19769
17247 18474 15545
15330 18815 17196
15105 15514 19986
17671 16380 17649
17341 17432 16734
18209 17752 15329
18536 15331 17490
19174 15980 15666
18983 16845 15333
15107 16555 19566
16780 16148 18754
17749 15817 18077
17560 18427 15218
18315 17746 15158
15325 17488 18890
14611 19906 14946
17851 16430 17343
18850 16080 16277
18300 15353 17780
18826 15511 16886
14729 15267 20096
16501 16686 18505
15589 19525 15526
17200 17269 17182
16967 18502 15843
18169 16613 16934
18011 17437 15836
15755 17916 18136
18955 15448 16720
15527 17588 18782
15152 18969 17005
15915 15037 19860
15383 18156 18316
18194 17962 15058
18883 17004 15330
19318 16313 15273
19375 15551 15606
15386 15059 20115
15146 16205 19657
18097 16686 16892
17411 15926 18298
19308 15853 15679
18034 17869 15561
15282 16486 19439
15690 14954 19925
16923 15306 19330
17366 16174 17959
17381 18005 16063
19005 15723 16527
14845 15442 20047
14996 16192 19797
15610 15009 19996
15264 14934 20129
15405 18630 17544
17135 17728 17070
19366 15944 15257
16465 16887 18604
19248 15349 16086
15046 16117 19814
15466 17784 18528
15420 18737 16991
16822 17978 16866
17747 16430 17437
16031 19428 15244
15786 18479 17469
15364 17210 19091
14897 16024 19919
14481 19940 14985
15386 16731 19245
16857 17995 16781
17599 17281 16604
18473 15533 17533
19117 16137 15588
19419 15913 15235
15254 16884 19350
15499 17468 18812
15591 15967 19534
15878 16235 19288
17429 18501 15454
16335 17778 17979
17709 15466 18419
17666 15666 18401
19534 15489 15133
16256 15052 19778
15263 19756 15231
17629 15412 18533
18954 16336 15741
19456 15860 15149
19599 15381 15227
15095 15893 19879
17034 17954 16786
18465 16796 16187
18007 16581 17109
15109 16204 19667
16525 18826 15788
15376 16323 19376
15296 16888 19225
18232 16523 16707
17000 18419 16222
17448 18257 15943
17367 18027 16128
18558 16931 15901
19118 15714 16117
18941 15369 16776
19223 16318 15324
15076 16241 19709
15056 16280 19765
15206 18702 17530
15112 19857 14938
17867 18253 15325
17505 17545 16698
18201 16400 16874
18919 17034 15201
15381 17835 18636
15465 18230 18202
16765 18226 16558
17003 18108 16301
17046 15758 18960
16924 16265 18561
18387 17724 15038
18735 15961 16544
19178 16544 15227
15429 17475 18904
14647 19900 14967
17152 15431 19127
17125 17126 17490
16533 15527 19499
18931 15759 16336
19321 15825 15376
15093 19139 16915
16064 15246 19778
17173 17989 16589
17727 15820 18006
16637 17676 17511
17889 17795 15982
18853 15340 17064
16203 18491 17084
15351 19301 16287
18173 17939 15165
18832 17025 15314
18792 17023 15420
19425 15440 15668
15261 19323 16171
14456 14574 20318
15646 16785 19165
16639 18035 16961
16550 17549 17783
16713 17140 17857
17400 15559 18877
17330 17856 16772
18515 16292 16549
18479 15362 17494
18902 15658 16682
19525 15617 15248
16485 17991 17139
15532 17432 18819
17749 16351 17556
15237 15161 20074
16043 17996 17586
17167 16878 17572
17971 18014 15378
16639 18213 16833
15553 17788 18481
18710 16289 15988
19241 15557 16172
15289 16718 19397
15119 19381 16188
14687 19953 14863
15159 19520 15977
17558 16093 18078
16777 15396 19423
16198 18055 17497
17095 15257 19250
17279 17906 16600
16817 18179 16840
19481 15545 15434
18806 17105 15385
14553 19279 16592
17330 18609 15238
18306 17654 15234
15597 19431 15433
17741 15572 18331
17041 17404 17322
17847 18066 15434
15716 18998 16156
19566 15384 15258
14727 15685 20014
14982 19707 15638
16532 15865 19224
16772 16672 18397
17685 15137 18666
17815 18026 15489
19121 16347 15540
19463 15553 15442
14900 15804 19976
15439 18748 16964
14566 15331 20105
15372 15459 19806
15774 18991 16151
17492 18422 15512
18976 16518 15595
19410 15947 15154
15229 16356 19538
15160 18563 17770
15398 15154 19941
15908 17265 18677
17617 16558 17379
17585 18478 15116
18441 17621 15271
17664 18410 15257
18020 17967 15395
18236 15325 17941
18686 15366 17242
18977 15375 16711
19091 15517 16467
19584 15483 15241
14890 19825 15221
14736 19210 16609
14541 14657 20316
15784 19428 15441
15789 15167 19872
16805 15258 19451
16908 17858 16840
17657 17961 15882
17647 18049 15961
18297 17681 15232
18869 15518 16784
15166 16258 19656
15916 18274 17431
16118 17433 18274
17603 16536 17549
16090 18114 17536
17624 15241 18754
17800 15458 18378
18695 15696 16894
16501 18318 16867
16055 15885 19409
17241 17101 17237
17395 17044 17177
17636 18184 15423
18306 16610 16705
16053 18642 16990
16310 19188 15580
16587 17051 18111
17433 17403 16865
17961 16231 17365
18807 16492 15773
17063 18442 15814
17970 15344 18278
18420 17479 15307
15297 18398 17994
15476 17650 18775
16099 17869 18022
16602 18517 16170
17727 15379 18515
17480 18447 15222
19447 15885 15095
19203 16110 15452
15937 16148 19389
15212 16521 19474
16392 18278 16942
17092 18460 15685
17704 17480 16312
17039 15465 19296
17710 16545 17354
18097 16943 16515
18973 16261 15679
18575 15353 17461
15084 15545 19934
15459 15115 19958
16139 15724 19483
16818 15964 18943
15029 15948 19920
17164 16761 17788
19588 15317 15290
15037 16494 19624
17757 18290 15230
16835 17409 17758
17193 17570 17065
17857 16310 17603
17397 15683 18546
17245 17388 17036
18248 15333 17847
18957 15876 16222
17488 16628 17470
19442 16007 15125
16300 15161 19711
15419 18205 18242
16320 16665 18875
17417 15278 18944
15608 15924 19540
17042 15479 19143
17930 18184 15333
16761 18742 15841
16667 15439 19458
17535 16580 17536
17595 18364 15360
19173 16335 15257
14941 19877 14872
14650 15487 20030
15034 19141 16765
14923 19887 14784
16686 19059 15075
17280 15920 18426
17356 16005 18375
17499 18436 15257
18738 15806 16573
18619 15523 17190
18394 17705 15051
18131 16806 16531
19342 16021 15231
17524 18411 15349
15262 18791 17408
14999 15857 19946
15372 18262 18168
15108 19599 15878
15701 15216 19877
15241 15493 19825
15595 18870 16712
16118 18102 17472
17449 17379 17116
18331 17569 15397
17890 16105 17614
18137 15391 18003
18741 17043 15564
15221 17544 18939
15600 15447 19777
17081 18437 15742
15606 19154 16208
18772 15394 17146
15368 16598 19409
15053 16053 19821
14593 15247 20115
14820 15077 20195
15876 18144 17459
17360 18093 16272
15415 19253 15891
15629 17967 18186
15686 19587 15217
17870 16246 17467
18457 16757 16274
16782 19084 14898
16317 18411 16920
18098 15596 18047
18000 17536 15993
19111 16433 15312
18906 17108 15015
15396 17466 18930
14599 15180 20170
15024 19499 16122
15063 15254 20031
15908 18671 16789
17801 17133 16770
16645 15164 19569
17446 15342 18929
17472 15664 18463
18368 17697 15171
19454 15399 15681
15493 17421 18853
16905 15701 19132
19579 15354 15258
15281 17464 18933
15888 16740 19018
16381 18169 17272
17244 16619 18045
16895 18437 16229
18547 15631 17083
18871 16256 15890
19095 16649 15114
19102 15399 16543
19535 15699 15083
17417 16995 17278
15158 18274 18217
18264 17677 15285
16625 19175 14969
17877 17340 16358
18742 16140 16180
19108 16490 15324
14795 19266 16481
15255 17569 18909
15423 18576 17588
15574 15945 19582
16651 15504 19395
16335 15160 19729
17293 16402 17736
17136 15466 19062
17645 18459 15192
16642 17842 17068
19064 16742 15381
18101 16120 17135
16945 18287 16322
15762 15331 19831
15337 19522 15683
16866 15998 18767
16911 15201 19349
16881 16553 18610
17876 15372 18450
14947 15957 19844
18159 15368 17933
18737 15891 16624
19316 15839 15364
16249 15391 19608
16624 16566 18639
18099 15668 17799
15827 19580 15302
15427 16183 19429
17606 17203 16727
16793 16635 18492
18600 15552 17114
15297 17133 19141
17534 16520 17586
17459 18516 15357
17088 18310 16017
16083 19414 15294
16641 19026 15242
18774 16032 16298
18923 15841 16256
19343 16241 15079
16211 15307 19634
16067 18293 17143
16768 18636 15933
16352 17731 17892
17939 15509 18186
16036 18123 17633
18708 15567 17062
19193 16276 15380
19443 15714 15175
15603 15403 19892
15301 17067 19170
16134 15691 19666
15390 16652 19295
16424 17444 17842
16417 18635 16300
17605 15417 18587
17240 18215 16174
17639 15204 18766
18806 16948 15399
14834 19114 16970
14819 19832 15207
15272 18693 17489
15996 19406 15296
15433 18473 17894
16618 18854 15652
16728 19110 14891
17593 17519 16617
17039 15485 19243
18172 15753 17778
15473 17435 18822
17156 16754 17936
18950 15383 16759
19497 15502 15261
15309 17884 18541
15699 14798 19937
17093 16439 18286
18042 16817 16706
17872 15402 18451
18946 16967 15189
14587 14718 20287
15405 17307 19013
16043 15049 19787
17039 18525 15698
16000 18531 16996
17284 18234 16087
18392 17624 15186
17358 15659 18691
15316 18423 17928
15834 18796 16365
16439 15075 19765
16801 16713 18337
16255 18104 17381
16734 17110 17900
16214 17689 18003
17424 15261 18989
18541 16646 16318
18509 17438 15359
14708 19779 15599
15270 18432 18040
15412 18557 17791
15312 16435 19417
16370 18907 15707
16663 19116 14952
17598 17338 16644
16148 19411 15206
17579 17309 16656
17895 15443 18350
19557 15421 15256
17190 18461 15639
14726 19925 14894
17705 18198 15400
15038 18690 17561
15091 16696 19544
14523 19174 16886
17534 16620 17460
15516 19071 16238
15369 16821 19230
15328 16174 19587
14717 19164 16734
15794 15915 19520
17447 16113 18205
17783 15687 18095
17116 16985 17913
17327 16839 17628
17763 15659 18148
18163 16069 17226
18584 17318 15671
15381 16093 19439
19391 15549 15563
15389 18075 18381
15662 14782 19950
17040 17889 16773
17247 15358 19081
19404 16058 15106
15062 19465 16154
17820 16313 17690
17924 15450 18338
18999 16178 15602
18207 17918 15222
14331 14359 20320
14670 19897 14927
15657 19637 15285
16679 15177 19491
17663 16107 17941
15951 17898 18107
17641 18372 15319
15740 17614 18635
15124 19886 14849
16109 19493 15234
15541 18633 17101
15993 17356 18387
17597 16919 17018
16657 18349 16468
17594 15738 18360
16651 19131 15061
17807 17366 16266
18283 17711 15243
14957 16741 19432
15701 14796 19924
16848 15386 19385
18433 15566 17338
19182 16501 15160
19459 15677 15300
15128 15908 19808
15189 19126 16509
16412 15806 19395
15388 19444 15797
16247 16487 18972
17091 17290 17270
18237 16088 17091
18553 15505 17330
17316 16263 18138
19012 16797 15230
14918 18727 17631
16625 17932 17015
16263 18480 16736
16670 16856 18256
17148 18719 15314
17274 15447 19042
18270 16693 16658
18203 17954 15159
18507 17603 15208
16011 16677 18858
19615 15320 15146
15133 18911 17473
15181 16167 19747
15675 18635 17047
16516 19080 15320
15205 16568 19468
15876 15097 19860
16744 17759 17497
16387 18822 16074
17672 17457 16403
16787 18782 15532
16785 18196 16707
19057 15961 15891
18698 16987 15614
18917 15472 16741
15138 18420 18048
14675 19865 15474
15530 15724 19680
16654 15874 19141
17810 15591 18174
17803 17300 16539
17336 15373 19033
18640 17477 15226
18339 17740 15203
19131 16588 15016
19590 15458 15170
15449 17029 19109
16056 18131 17420
15250 15125 20033
15999 16598 18990
16405 18476 16786
16258 16468 18901
17166 17201 17244
17644 15148 18664
16909 16019 18636
18755 15354 17148
18311 17842 15131
19371 15424 15875
19556 15396 15278
15108 18530 17984
16742 16474 18658
15849 19421 15550
16989 17859 16803
18245 15303 17927
18463 16147 16703
17903 15380 18391
18031 15476 18229
19384 16162 15207
18338 17805 15129
15400 16535 19352
14882 18671 17636
14963 15668 20020
15146 19531 16064
14981 19403 16397
15493 18711 16880
15833 16969 18826
15971 15304 19799
18194 17841 15500
15802 19526 15314
18464 16485 16420
18764 17271 15348
17136 15902 18779
15224 18830 17299
15719 14886 19905
15745 18132 17771
18578 16905 16022
18558 15416 17448
16784 17839 17292
19264 15992 15321
16062 17686 18249
15286 18914 17045
16520 15232 19610
16490 15637 19419
17471 16778 17331
18229 16697 16671
17947 18000 15410
18101 15333 18126
18350 16725 16575
15458 15954 19595
18804 15710 16573
15349 17545 18886
17137 16244 18385
15247 18402 18071
14971 15882 19941
15255 18501 17913
14754 19877 15334
15096 16211 19684
17121 18887 15025
18702 17442 15253
19351 15554 15602
15990 19164 15907
15043 19228 16521
15133 15869 19803
15501 17420 18844
16329 16003 19158
15613 15828 19612
18303 17047 16143
18244 17859 15113
18966 16946 15098
19275 16508 15140
15781 18170 17716
15523 15740 19725
16043 18307 17202
16080 18474 17121
16735 18096 16860
17013 18781 15351
17384 18660 15187
18239 15545 17796
17696 15677 18285
18337 16456 16819
18728 17192 15371
18210 15333 17996
18672 15521 17205
15471 17444 18845
16183 19502 15105
15608 15253 19910
16271 18481 16611
15490 16044 19588
16962 15501 19232
17985 17034 16554
17406 17690 16602
15304 17134 19124
15196 18746 17524
15014 16135 19782
15548 19686 15181
16242 18787 16131
14946 16711 19447
16507 18004 17063
15760 16151 19385
16121 15121 19775
18589 15922 16700
16735 18242 16468
19385 15387 15722
19221 15473 16204
19609 15265 15222
15097 16955 19321
15238 18263 18100
16013 15016 19873
16298 17218 18163
16711 18096 16873
15276 18866 17234
16167 17191 18487
18246 16048 17058
17830 15434 18503
17418 15655 18520
17868 18178 15374
18444 15281 17708
16952 16771 18028
18784 15397 17120
15288 18351 18009
15230 17195 19301
14980 19433 16197
16648 15376 19544
15362 15307 19947
16809 18567 15865
16743 15664 19374
17070 15993 18579
15642 17742 18524
17148 17754 16854
17655 16391 17772
17999 16108 17467
17757 18385 15229
17388 18591 15196
18963 15439 16690
18440 17627 15108
18686 17234 15448
15765 17184 18876
16618 15884 19192
17733 15445 18483
17759 15267 18567
17227 16870 17537
16704 19206 14881
17376 17282 17174
18097 18002 15075
18714 15486 17145
19188 16513 15073
15108 18926 17060
15000 18974 17286
14695 19910 14920
17788 17672 16101
16008 17231 18499
15962 17473 18366
17294 15729 18750
16257 18359 17091
17095 18933 15065
18156 17118 16230
17832 18287 15320
17745 16942 16928
17480 16812 17272
18636 17374 15318
19165 16047 15509
19105 15383 16445
16159 19068 15905
15901 17281 18601
14675 19241 16723
15203 17320 19257
15572 17004 19188
16268 18270 17107
16339 19352 14998
17181 17638 16907
18590 17514 15109
18780 16515 15888
18589 17402 15437
15710 19598 15198
14476 15105 20202
15612 15882 19527
16884 15438 19382
17062 15348 19245
17817 15368 18528
17720 18096 15802
17076 18961 14863
18518 17548 15147
18016 17639 15684
15412 17017 19131
16223 16125 19035
16901 15983 18677
16409 15695 19427
18448 17662 15098
18400 15948 16926
18153 15806 17565
18493 17608 14980
18268 15291 17883
18940 16924 15417
14756 18950 17331
15315 17359 19091
15435 17601 18846
16354 15076 19762
14404 14681 20316
15756 17532 18618
17572 15320 18703
17705 17928 15853
17368 17697 16572
18318 15284 17883
17305 18742 15202
18885 15789 16325
18337 15175 17832
14474 15058 20220
15229 18444 18001
15323 17795 18660
17585 17988 16142
18680 15717 16851
16346 15876 19417
16722 18438 16367
15865 17472 18619
15909 18462 17294
17900 16652 17168
16095 18517 16547
17338 17568 16838
17379 17749 16267
18501 15809 17091
18558 15271 17472
18819 16106 16035
14549 19963 14960
15099 17322 19175
17474 18155 15725
15718 17536 18720
16442 17745 17682
16418 18156 17154
15448 19343 15889
16282 18015 17324
16807 16449 18611
16982 16085 18614
17140 18910 14856
16965 17326 17504
18198 16220 16918
18655 16847 16167
19112 16616 15128
14636 19722 15619
14972 15694 19959
19214 16320 15326
15944 16706 18875
15583 18667 17076
16572 18244 16936
16487 15345 19585
18107 16794 16743
17087 16505 18368
18582 17499 15230
19113 16614 15048
19001 16473 15509
19514 15816 15065
14822 19864 15041
14482 14718 20310
14652 15306 20098
17091 15452 19188
17022 17328 17372
18040 18106 15271
14675 15854 19985
15179 16214 19653
16719 17102 18047
17402 16851 17406
18252 16988 16174
19067 16590 15253
19464 15695 15126
19403 15282 15746
18966 16242 16007
15437 18162 18223
15110 19602 15863
15102 18105 18325
15266 18204 18274
18205 15679 17545
17456 15684 18427
18750 16580 15857
18753 15385 17154
15264 17182 19131
16707 17181 17843
15610 16065 19530
15929 17803 18191
16265 19366 14977
17045 18577 15595
15916 17254 18638
17057 16171 18476
17195 16873 17536
17286 15318 19074
18206 15505 17892
19080 16592 15233
18596 15323 17352
19141 15615 16304
14460 19236 16750
15075 19371 16446
16065 17704 18103
16561 16890 18407
17336 18125 16109
18145 17979 14970
18069 18076 15255
19609 15219 15223
18232 15687 17466
15373 18000 18439
14903 15403 20081
16295 15010 19779
15036 15655 19947
15212 17263 19117
17406 18265 16023
16990 17439 17199
17069 18941 14895
18790 17161 15313
17705 18460 15090
15131 17328 19112
15643 17722 18644
18857 15742 16492
16687 17580 17690
14963 15122 20137
17168 17891 16772
17262 17678 16850
18517 15345 17493
18749 16096 16169
18978 15868 16181
16071 17993 17831
15350 16907 19212
16110 17689 18184
15962 17215 18555
15616 18141 18104
18406 16326 16651
19143 16276 15551
19251 16510 15017
14979 19890 14755
15264 18050 18487
14733 19888 14985
16217 15913 19315
17210 17128 17239
18297 17119 16018
18209 15639 17725
16722 19170 14791
18516 17080 15802
18033 18127 15315
18509 17567 14945
14620 19189 16745
18718 15848 16636
15418 17639 18818
15278 19828 15157
17220 18774 14979
17564 16117 17887
17036 17841 16825
17044 15191 19294
18344 15571 17499
18813 17159 15264
17424 17672 16565
15131 18864 17551
14729 15411 20087
15178 16264 19628
16787 17621 17487
15676 19576 15319
17356 15862 18547
18388 16932 16327
18490 16584 16389
18937 16359 15830
18319 15966 17347
18854 17113 15032
18230 17788 15137
18877 15578 16773
15306 17654 18716
15171 19146 16725
15509 17348 18981
14980 19500 16107
16809 19009 15307
16187 18062 17546
16136 15742 19574
17076 15969 18871
16134 19500 15141
16823 18612 15849
16670 15486 19379
16932 17442 17719
17228 16646 18017
16025 19512 15290
17494 18438 15245
18420 17640 15158
18916 15514 16689
19134 16489 15282
15245 19016 16925
14621 19316 16507
15165 18483 17963
14870 19507 16193
15113 18564 17852
15416 17428 18963
15444 15760 19739
16615 17027 18154
16028 19524 15101
17003 16620 18502
17765 18119 15468
17724 18395 15273
17995 17682 15878
18978 16853 15538
16807 16301 18752
15251 17656 18801
15263 18083 18467
15194 18798 17356
19345 15633 15422
14924 14995 20284
16055 17238 18497
15434 19688 15188
17428 16658 17344
16871 17101 18076
16696 18124 16894
17064 15367 19238
17430 17939 16174
18510 16948 15970
17720 18173 15403
18882 16975 15349
15150 16630 19517
15449 17445 18932
15209 18265 18104
14669 19964 14896
15573 19549 15334
15067 15253 20105
15644 15833 19569
16908 15351 19430
16915 15972 18800
16498 19109 15317
17005 15543 19174
17831 18222 15387
18050 18087 15250
14497 19262 16632
14822 16100 19875
14745 19694 15732
15250 17530 18937
15224 17658 18790
15184 19055 16973
15138 19374 16204
15388 16774 19244
15379 15156 20003
16338 17915 17588
16566 19171 15155
16988 15796 18959
15384 19476 15909
18930 17015 15320
19090 15866 16130
19117 15936 16112
18896 16968 15358
19523 15405 15346
19423 15890 15250
15938 17489 18264
14865 18788 17560
15382 17215 19068
16202 16181 19244
15055 15950 19806
15368 19727 15251
16783 15324 19465
15762 17679 18267
17411 18568 15071
16612 19077 15158
17304 17551 16863
18995 16842 15394
15212 15177 20045
15605 15073 19989
15836 18295 17527
16543 18884 15648
18736 16268 16158
17584 15286 18710
18013 17399 16107
17477 18497 15222
18506 17154 15706
19538 15549 15073
19102 16418 15547
14531 15123 20195
15118 19458 16095
16099 19343 15301
15234 18723 17511
14662 19111 17036
15985 15066 19839
15642 17077 18977
15773 18190 17528
15903 14995 19883
15723 15120 19875
17548 17149 16932
17868 17847 15926
17358 15408 19000
17892 18289 15186
18104 16827 16620
19380 15401 15806
18972 15407 16733
15536 17251 19034
15282 18433 18034
15203 19097 16692
15594 18356 17504
15637 18073 18181
15968 18061 17858
17134 18427 15977
16632 17654 17562
18813 16362 15928
18635 17498 15278
15505 17647 18703
16219 18960 15838
15018 15406 19990
16127 18292 17172
15013 16518 19664
16458 19242 15310
17088 18912 15277
16483 17148 18199
17350 18221 16069
16735 19102 15062
17806 17168 16606
17311 17965 16528
17179 18341 15878
17625 15336 18647
18895 15448 16843
19154 16291 15546
18797 17212 15265
19483 15706 15120
18591 15321 17377
15113 18318 18149
15207 18209 18246
16754 18782 16007
17488 16557 17603
17523 18057 15832
18122 15484 17968
16425 16114 19130
18646 15755 16716
18645 15446 17254
19171 15668 16262
18977 15827 16238
19197 15394 16233
15289 17371 19088
15289 18315 18085
15043 16374 19627
15106 18578 17780
16169 18289 17174
17166 18778 15115
16619 19277 15054
16210 15083 19772
18537 15675 17266
17199 18783 15042
18394 15437 17685
17931 18044 15318
18627 15913 17060
18760 16094 16204
18827 17076 15338
16057 17321 18443
18597 17457 15334
15570 18112 18238
19412 15858 15307
15311 15623 19749
15285 18297 18087
15141 18831 17410
15076 18997 16998
15120 19537 15856
16481 15858 19312
15701 17409 18859
16477 19323 14938
17514 15547 18485
16432 18770 16257
17246 16732 17657
18007 17648 15648
17288 15229 19099
18312 15397 17703
18280 17854 15000
18572 15927 16996
18201 15185 18010
16638 16911 18212
19290 16381 15123
15229 18089 18439
15171 18866 17300
16164 16752 18838
15256 17250 19148
16430 18149 17246
17573 16410 17699
17028 18339 15984
17719 17180 16795
17903 18233 15175
17946 18168 15299
18904 16965 15333
19487 15678 15145
19295 15490 15928
14652 19977 14867
14630 19960 14911
15560 17353 18955
14834 19919 14835
15462 19745 15119
15658 18291 17886
16430 15658 19586
17945 17959 15516
18190 15871 17467
15526 18318 17579
18074 15833 17676
17756 18413 15056
19266 16150 15305
15863 19409 15487
15333 18402 17912
15200 18391 18079
15269 18211 18206
19047 15714 16446
16547 16018 19043
17559 15451 18892
17305 18430 15713
17653 18434 15094
17942 16198 17532
17869 18268 15224
18487 15548 17288
19130 15689 16049
18734 17399 15210
15301 17715 18715
16181 16046 19289
16985 15714 18986
15264 15223 19973
16686 15171 19525
17625 18215 15605
17614 15399 18687
19342 15718 15353
18200 15352 17961
19211 15673 15992
19469 15811 15092
14817 19510 16081
15638 19677 15262
16015 16520 19254
15509 16504 19319
17042 18725 15303
16826 16020 18740
17363 16247 18260
15330 16243 19441
18557 16514 16341
18134 15281 18273
18795 16606 15679
19093 16595 15153
14997 15014 20210
14591 19967 14935
14565 19148 16840
15149 18778 17463
15620 19603 15322
17463 16983 17010
16634 18060 16975
16145 16670 18876
15913 19523 15341
15734 17290 18961
16285 17549 18110
18294 15424 17712
18272 15745 17443
18728 17162 15494
17186 18810 15034
18849 17133 15145
18721 17185 15445
15203 16735 19409
18093 16048 17620
15572 18869 16786
15268 19851 14896
17103 15779 18823
16817 17995 16924
17492 18086 16031
17767 18300 15172
15087 17004 19305
15549 18683 16888
16770 16580 18612
15448 18873 16675
16437 19401 14901
15862 19605 15174
17392 16570 17710
16898 17734 17047
17612 18538 15079
15578 19724 15123
16690 18791 15584
17840 15726 18085
18043 16665 16964
18864 16145 16010
18907 15534 16714
19543 15441 15266
16447 19328 15039
16846 15507 19219
16179 16898 18773
16750 19048 15073
16828 17875 16992
18607 17385 15542
17896 18315 15139
15719 18480 17169
19090 16692 15146
16274 18783 16128
14925 15055 20217
15921 16582 19008
15322 18048 18483
15772 15400 19745
16643 19060 15136
17745 18481 15049
15373 18534 17819
15310 15873 19699
19056 15477 16578
14813 15239 20160
15294 17001 19287
16251 15960 19235
17043 18955 15009
16592 16269 18911
18526 16578 16416
17040 19019 15164
17118 18824 15208
17623 15529 18489
18368 16442 16758
19351 15826 15325
14957 16408 19683
15048 16361 19716
15383 17643 18809
16514 18522 16403
15547 17408 18891
15924 17620 18282
16649 19161 14945
16129 19427 15153
17085 15742 18937
19569 15283 15292
16981 15853 18957
14778 16144 19821
15880 16045 19392
16262 15195 19750
16450 19123 15346
14665 19959 14922
16714 16519 18682
16939 15776 19074
16743 16598 18584
17119 18815 15274
16503 17963 17259
17956 15341 18376
17959 18196 15175
17562 16947 17248
14538 19973 14960
15004 18446 18084
15699 15292 19855
15075 19534 16044
15610 19438 15415
15428 19385 15843
14545 19932 15034
14593 15635 20046
14705 19030 17248
15049 19562 16001
14734 19057 17147
14776 19513 16109
18030 16079 17582
15655 17890 18285
15719 16057 19484
17144 17112 17308
16850 15871 19116
16380 17148 18214
15905 17444 18447
15496 19335 15864
17242 17484 17175
18228 15332 17948
19320 16025 15320
17573 18566 15205
17857 15401 18499
18708 15653 16766
18449 16883 16296
16578 15171 19679
16895 17641 17144
14923 19494 16130
14538 14727 20290
15343 19761 14870
17550 17653 16473
17066 16458 18386
16769 16697 18374
18790 15994 16320
18770 15414 17109
19162 16333 15464
19511 15298 15466
19488 15378 15539
15153 18587 17777
14834 18958 17314
15396 17717 18694
15249 15179 20017
15410 15896 19657
16161 15351 19693
16147 16386 19116
16286 19319 15195
16979 16658 18057
15863 15855 19468
17283 16509 18120
16381 19148 15312
17294 18468 15597
15424 18599 17380
18172 15324 18164
15093 18988 16979
15099 15220 20091
17063 15318 19243
16675 16371 18787
16800 16635 18403
15883 18358 17415
16407 17852 17357
16514 17218 18109
16896 18059 16759
16111 19398 15229
17429 18567 15385
17131 15303 19204
18427 15315 17713
18460 15450 17676
19328 15623 15671
19379 15425 15777
15127 19652 15846
15754 15210 19871
15500 17997 18303
16531 18619 16130
16928 16975 18113
16800 15480 19374
16991 18948 15203
17413 17751 16180
18247 16800 16532
17268 16353 18134
17967 15266 18426
18231 15155 18014
18675 16199 16613
16308 18229 17003
15156 18689 17554
14825 19776 15606
14494 15156 20198
14946 16146 19803
14750 19888 14953
17220 18765 15117
15670 19639 15093
17782 17592 16266
16374 19142 15331
16933 16766 18205
16618 18653 16084
17318 15314 19042
17824 18346 15061
17091 15285 19208
18334 17629 15220
19257 16381 15250
14787 19858 15473
14781 19836 15511
16991 15366 19300
16590 15297 19558
16783 15588 19172
16049 16650 18944
15953 19541 15282
15525 17541 18791
17955 17605 16070
16534 19098 15188
18129 15452 18063
17604 16073 18116
18165 17954 15254
18405 17718 14897
18697 16309 16072
18661 16385 16437
19074 16444 15490
15129 16908 19413
14519 19322 16451
14735 19867 15403
14698 19903 14913
15519 19214 15844
15347 18769 17185
16420 19383 14912
16488 15628 19436
17707 15988 17948
16185 17179 18673
18625 17357 15456
17732 15339 18542
17799 15183 18580
19219 15512 16210
18589 17012 15775
14799 19786 15578
17662 16841 17039
14664 19117 17024
15414 17834 18603
15105 16655 19491
14805 19909 14851
14809 19881 15071
14986 15286 20077
16235 16637 18989
15404 17871 18539
15023 15014 20171
15870 18935 16114
16213 17984 17868
16427 19254 15097
17051 17130 17304
18929 15522 16640
18395 15382 17687
19407 15421 15674
19444 15292 15722
14975 18765 17629
14990 16896 19416
14722 19055 17164
16038 18315 17151
16763 16833 18382
16298 15266 19731
16705 15414 19475
16312 19296 15422
17728 18473 15079
18443 16779 16534
15695 17883 18152
19207 16293 15331
19383 15522 15757
15323 17734 18679
15458 19759 15027
16438 16564 18776
16013 19595 15146
16066 19401 15349
17121 16450 18150
16913 18595 15595
17737 15175 18648
17554 16544 17509
15578 19018 16355
17714 15233 18603
17697 16454 17433
18158 17630 15557
18798 17259 15191
19313 15776 15578
19523 15663 15147
15016 18685 17598
14970 18536 18023
15891 19330 15686
15755 16658 19248
15250 17193 19163
18371 15997 16992
16643 17166 17972
15147 19270 16326
16053 19293 15502
17998 15240 18343
17120 15352 19179
18871 16584 15645
18984 15263 16816
19016 15412 16633
19106 15628 16405
19394 15993 15219
15333 17345 19059
14550 19959 14942
16440 15247 19697
15858 17635 18399
15156 18732 17551
15124 17512 18972
15889 17411 18642
15556 19023 16433
15941 19548 15239
15807 15744 19632
15626 18728 16777
15953 19511 15408
18086 15334 18291
18768 16603 15769
19436 15440 15057
19448 15442 15014
19300 15727 15066
19523 15359 14902
19256 15701 15147
19422 15539 15064
16271 17522 17733
19301 15605 15173
19556 15185 14959
19359 15586 15180
15326 18720 17093
19238 15812 15246
18545 16225 16593
19413 15426 15367
19538 15212 14949
16411 17257 17804
16311 17462 17889
18639 16052 16901
19397 15437 15334
19382 15310 15495
19552 15215 14926
15117 19025 17043
19322 15512 15434
18749 16014 16701
15094 18838 17144
18405 15934 17058
19292 15735 15138
15995 17440 18112
19373 15723 15084
15376 18521 17518
19350 15700 15172
14898 19706 15395
16482 15713 19317
15650 18376 17361
15138 19032 16815
14543 19795 15433
18433 17108 15324
15193 18697 17294
16601 16968 18093
17216 16532 18171
19346 15749 14825
19563 15229 14888
17655 16123 17901
15464 15083 19883
16786 15681 19121
16774 16674 18129
19056 15874 16163
19045 15975 16248
17175 16533 18045
16597 15943 19277
18950 16091 16059
15155 19295 16258
14742 19745 15122
17744 16618 17100
19566 15146 14874
15875 17280 18274
15185 18629 17530
15282 18557 17497
15330 18884 16843
19244 15668 15580
19474 15420 14916
19537 15217 14900
18732 15960 16709
15257 18814 17193
17141 16789 17896
18340 16093 17044
15330 18951 16601
15668 18579 17152
18743 16036 16521
16813 15580 19126
15167 18658 17470
16803 15520 19135
16506 16074 19112
16636 16715 18220
18713 16351 16168
15267 18816 17181
16703 15973 19172
16674 15766 19175
16921 15610 19067
16932 15604 19017
17360 16381 18098
17480 16341 18011
15068 18846 17282
17533 16547 17624
16550 16876 18127
15474 17052 19083
15025 19639 15494
16516 16049 19149
19391 15457 15081
14934 19396 16194
14465 19805 15434
15199 19001 16779
19100 15817 16255
14766 19362 16435
17433 16010 18476
19108 15824 16178
19314 16030 14749
16743 16000 19101
16580 15928 19280
16722 16094 19053
16372 15850 19368
17305 16646 17923
19572 15136 14821
14703 19825 15069
15188 18628 17543
15012 19531 15654
15814 19315 15250
18389 17140 15515
19053 15834 16231
15790 17304 18490
16577 15890 19282
16161 15426 19494
15786 15558 19629
14972 19534 15569
19370 15503 15129
18933 15863 16447
17327 16387 18050
16879 15758 18944
16062 18018 17652
16355 16297 19269
19021 15963 16412
15182 18552 17646
19065 15833 16254
15098 19110 16503
16533 17192 17887
18494 16479 16346
18921 16052 16479
19267 16118 14863
19578 15096 14860
15116 18833 17127
14853 19740 15091
15278 19524 15519
15086 19156 16674
15157 19600 15373
19384 15575 14954
14706 19401 16389
15969 17186 18544
14981 18910 17209
16752 15722 19143
15400 18995 16385
17973 16560 17374
14954 19144 16695
14622 19743 15329
16625 15976 19133
15214 18695 17390
14598 19811 15420
15269 19527 15420
16249 18026 17396
19568 15108 14862
17914 17472 15974
15322 18725 17196
15936 17273 18438
18041 17597 15620
19011 16213 15681
16519 15955 19196
17025 15819 18784
15895 19382 15130
15407 16363 19421
14938 19302 16512
18667 17139 14948
15244 18702 17291
14816 19337 16425
15019 17201 19217
17164 17187 17456
19089 16159 15764
15109 18835 17346
16890 16104 18848
17143 16589 18045
17475 16578 17646
18922 16137 15854
18784 15913 16790
18659 16604 16072
18022 15725 17865
16063 17083 18585
16433 17405 17802
19468 15421 15004
19308 15602 15208
15805 18119 17538
16812 15654 18986
15659 18660 17101
16382 16190 19192
15779 17096 18865
16524 16408 18871
18764 16259 16245
16806 15768 19073
18701 17111 14981
18463 15832 17265
19185 15669 15776
15036 19601 15454
15392 18841 16848
18328 15803 17380
18779 15742 16834
18634 16510 16165
18827 15772 16776
15736 19396 15136
15490 15274 19816
15049 19526 15538
18928 16006 16656
18723 15661 16976
19273 15605 16061
15704 16834 19126
15959 15484 19551
16076 18027 17409
16760 15961 19094
18669 16895 15306
19124 15722 16296
19270 16047 14951
16641 15899 19177
15406 19082 16131
17940 15749 17989
18640 16459 16148
19391 15894 14811
14838 19400 16249
15445 19051 16363
17119 17369 17392
19209 16007 15598
15212 19255 15990
15093 19514 15609
16872 16806 18124
18942 16028 16358
15832 16579 19120
19357 15437 15581
14503 14788 20304
15077 19091 17009
15669 15469 19694
16460 15828 19362
16751 15885 19157
17970 15804 17862
15587 15021 19886
15358 19600 15206
15569 18417 17399
16385 17446 17970
16868 15275 19173
16951 15446 19142
19278 15523 15758
17311 16260 18116
18912 15723 16675
19368 15384 15408
18581 15970 17053
14599 19571 15900
15097 18944 17078
19328 15981 14931
18502 16782 15935
15111 18761 17348
14958 19471 16183
19293 16021 14931
14623 19805 15162
15317 16720 19335
14587 19691 15520
16399 17793 17594
18612 16689 15973
19439 15519 15000
14546 14889 20283
16843 17316 17662
14957 16775 19436
14971 19477 15859
15082 17069 19333
15384 17526 18715
15149 18701 17448
15726 15214 19807
15199 18553 17557
17365 16974 17311
14757 19335 16438
15922 17418 18259
18683 15798 17037
16485 16703 18548
15530 18693 17253
18463 17507 14889
15398 19499 15472
15773 15896 19376
17945 16461 17385
19056 16130 15869
18728 16013 16911
15078 19090 16928
15210 16573 19393
17791 16781 17021
18129 16517 16879
17001 16374 18629
17314 16230 18143
19246 15732 15287
18539 17417 15133
14582 14755 20287
16088 15441 19506
16420 17152 18050
15536 17256 18929
19563 15122 14899
14691 19522 16040
15111 19065 16888
17426 16356 18056
17564 17503 16520
18880 16342 15648
18795 15681 16808
17068 16373 18308
17829 16811 16848
18933 15995 16376
14686 19702 15469
17086 15682 18874
14577 14934 20255
16502 16926 18225
15198 15072 19974
17097 17339 17421
15715 19314 15306
17282 16097 18413
19358 15737 14991
14496 19843 15282
15813 17017 18876
14727 19788 15127
19128 15733 16250
14541 19908 15184
17247 16412 17985
18998 15994 16249
14694 19660 15575
15147 18641 17474
15743 19490 15114
16571 17368 17769
19042 16011 16104
18833 16099 16494
18513 15765 17287
19019 16388 15461
18297 17133 15696
17929 16703 17024
17960 17332 16159
15559 17144 18969
17431 16339 18032
18502 17413 15286
18604 16730 15907
18748 16346 16293
18615 15692 17169
19221 15868 15555
18341 17302 15391
18530 16701 15918
16567 17190 17778
17321 16629 17840
14831 19839 14965
15999 16346 19150
16834 16218 18631
16776 16519 18525
14451 19844 15375
18965 16439 15576
14474 19736 15582
15236 14875 20003
15044 18912 17112
16053 17143 18493
15072 18887 17226
16431 15784 19421
17655 16019 18111
18408 15675 17339
18628 17287 15239
18776 16595 15969
16532 16754 18329
15738 16053 19464
15877 19282 15353
15406 17134 19021
15036 14998 20088
19579 15065 14808
17381 16460 17904
14958 19106 16774
15699 15548 19631
15160 19575 15507
15449 19262 15913
18193 16084 17220
18346 16578 16374
18945 15872 16433
18383 17119 15678
15376 18619 17350
14940 18946 17137
14984 19106 16754
15177 19550 15358
14899 19813 14859
18577 17329 15097
18936 15604 16606
18591 15752 17216
15079 19518 15548
16467 19037 15063
16042 19421 14876
15413 18881 16746
16859 15396 19180
18553 16190 16637
14869 19318 16365
18469 15882 17264
16124 18026 17537
18529 15687 17265
14972 16832 19391
14846 15083 20145
15970 19355 15060
18610 15674 17254
15161 17164 19201
14912 19541 15843
15880 16783 18952
18023 17742 15611
18374 15719 17469
18528 16949 15393
14670 19524 16126
14708 19548 15926
19275 15758 15060
14767 19500 16059
16522 15517 19456
16846 15802 18950
16924 15584 19095
15607 19468 15171
17310 16505 17979
18519 17506 15027
19210 15814 15621
19172 16009 15770
18598 15831 17005
16029 17742 17770
14938 19392 16265
15796 15285 19624
15671 19354 15548
14941 19003 17045
15951 16858 18733
14565 14822 20288
14583 14857 20263
16070 16862 18667
18384 16201 16995
14942 19114 16696
17972 16298 17401
14727 19453 16252
15991 19206 15519
15259 19222 16376
17082 15798 18813
18128 16490 16961
19411 15606 14944
15816 16385 19224
18086 16500 17017
16479 16845 18412
15850 17092 18664
15675 17338 18839
14600 19512 16203
15671 16378 19408
18541 17319 15177
18826 15674 16902
19297 16110 14865
14919 19798 14781
15004 18931 17138
15784 16230 19337
16606 17356 17692
15150 19126 16496
15182 19105 16752
15143 19351 16267
14505 19853 15234
15287 17717 18551
15898 15245 19652
18899 16142 16415
16123 17498 17971
18738 17061 14923
19453 15725 14696
15323 19172 16381
16502 17455 17599
18794 15713 16878
15494 19386 15649
15513 19492 15295
16053 15872 19359
14776 16093 19778
15397 17190 19093
15745 15318 19737
15423 19390 15583
18200 15729 17559
14583 19709 15514
14540 14909 20273
16461 16801 18667
14711 19645 15640
14796 19570 15901
18752 15853 16800
16621 16254 18896
18926 15486 16780
19487 15400 14897
15059 15643 19920
19385 15131 15566
14920 19005 17160
15423 18235 17901
14793 19167 17107
14995 19469 15941
14798 19489 16179
15644 18102 17956
17996 17452 15848
17591 17159 17037
16419 15521 19473
18008 16798 16784
14703 19831 15062
16318 19246 15019
17416 16675 17640
17854 17844 15526
18597 15718 17198
17727 17445 16578
17350 18677 14617
18400 16540 16381
18597 15963 16916
16665 15569 19251
18814 16784 15318
14701 19483 16261
16441 17390 17797
14889 14958 20156
15335 14881 19977
15691 15216 19778
15779 17222 18556
16430 19172 14967
17393 18649 14675
14563 19727 15493
14975 19791 14833
15612 16907 19116
17073 17190 17557
18700 15699 16941
18409 16906 15842
19152 16366 14838
14536 14829 20289
15838 17015 18773
16648 19030 15064
16809 16604 18270
17765 17197 16722
19110 16291 15010
15612 16726 19244
14546 15041 20214
15854 19396 15121
16587 15394 19395
19213 15523 16128
14941 19068 17038
14515 19689 15681
16965 17420 17406
18530 16157 16723
18562 16008 16998
17425 18604 14656
15511 14936 19962
16629 18341 16709
15255 18511 17731
15161 18980 17030
16343 15339 19498
18759 16736 15438
17845 17503 16226
14938 16785 19401
15291 16728 19361
16216 16587 18852
15563 18331 17664
17677 17613 16510
18910 16640 15095
19382 15257 15571
19394 15238 15476
15597 17848 18281
17715 17613 16169
14913 14832 20202
15451 19099 16020
15964 15171 19630
16114 19081 15471
16379 16628 18788
18577 15982 16916
18734 16063 16564
18195 16123 17025
18996 16666 14735
18698 15689 16952
19306 16015 14867
14842 19157 17038
16591 15374 19385
16051 19289 15121
18723 15429 17220
18879 15617 16808
14860 14931 20161
17002 18802 15115
18740 15346 17088
14568 19818 15266
16674 17040 18020
18565 16974 15357
19286 15832 15057
19070 16508 14806
15747 14857 19898
16370 18017 17052
16539 15494 19407
17152 15602 18932
17122 17062 17624
16633 18225 16728
17258 15397 18979
18761 15729 16926
15420 15038 19959
15175 19476 15833
16309 15377 19519
15492 19157 16013
16900 15518 19128
15011 19783 14891
15877 15574 19511
16549 17671 17572
18878 15657 16766
19532 15277 14989
17529 17881 16251
16553 17212 17837
18473 16570 16202
18646 17239 14947
14658 19245 17001
15501 15047 19896
15262 19220 16200
15213 19249 16009
16271 19104 15098
17546 17716 16540
16117 19298 15107
17038 16163 18442
18269 16284 16988
18804 15914 16680
19234 16296 14928
19244 15528 16101
15479 17663 18462
15880 18842 16552
17725 17522 16417
17369 18628 14785
19585 14981 14875
14833 19475 16060
17242 18828 14680
14623 19868 15006
14926 17332 19182
16592 16675 18446
18044 18096 15033
19404 15637 14835
15150 18581 17919
18485 17202 15303
15948 19310 15088
15927 19277 15184
17593 17718 16446
18424 17550 14983
14710 19465 16244
16376 17317 18166
16729 18195 16592
17013 16493 18266
17756 17705 16041
14590 19355 16814
15472 17809 18450
14613 19648 15759
15465 18712 17062
18511 16821 15601
18821 16943 14821
18757 15337 17089
19457 15655 14619
14932 15880 19937
15315 18872 17078
16060 15283 19621
16090 15205 19594
18590 15585 17261
16664 17287 17703
19227 16285 15364
15127 18758 17267
15450 17194 18966
18042 17845 15162
14593 19582 15891
15255 17321 19061
14714 19631 15645
16491 17956 17244
18746 16747 15360
14772 19448 16263
15300 19239 16120
15178 19294 16204
16178 17963 17448
17817 17181 16389
18665 17179 14983
15102 17168 19268
15220 19264 15895
16416 17935 17459
18322 16902 15966
18677 16620 15696
14620 14961 20229
14756 19312 16602
16249 15398 19517
17336 18604 14816
18145 16670 16825
18833 15669 16812
18782 15750 16827
14837 19396 16414
14669 19500 16338
14596 19917 15040
16916 15382 19165
16235 17102 18171
15940 17628 18115
17256 17141 17364
18340 15643 17572
16249 19267 14957
17852 17183 16318
17395 17387 16765
17739 16873 16915
17665 17614 16257
18905 15508 16911
18813 15511 16951
19482 15546 14819
18654 17228 14805
15656 14954 19900
15889 16234 19289
15420 16172 19557
17656 17708 16187
18955 16634 14928
14763 19502 16085
15247 16478 19529
16397 17791 17629
18525 15543 17354
19123 15768 16474
18830 16166 16163
17167 16288 18246
16493 17701 17700
19021 16309 15258
19524 15310 15095
14818 19405 16272
14613 19770 15398
19049 15758 16502
14847 19806 15029
15859 16951 18877
17527 16524 17721
17801 16913 16896
16021 16682 18905
18998 16304 15778
15944 17237 18515
19109 16033 15740
19102 16096 15884
14569 19358 16577
18702 16747 15418
15088 16784 19431
15267 17722 18556
16901 15225 19171
18786 16230 15895
16307 19157 15027
17348 18639 14778
14521 19785 15538
15346 16509 19402
17287 17758 16767
18843 16281 15870
15042 18726 17488
16389 16098 18973
17207 15631 18861
19065 16229 15379
16803 15616 19087
19046 16437 14975
14805 19097 17042
16691 15456 19357
18732 16419 16120
18903 15522 16795
15216 17132 19279
15701 16983 19067
18146 17623 15291
18259 15699 17576
18821 16216 16005
18524 16295 16853
14609 14898 20248
16996 16511 18191
18813 16918 14965
14570 19792 15463
17400 18619 14651
17044 17206 17472
17746 17477 16389
18834 16334 15757
15361 18517 17692
16137 19318 14943
17957 16802 17005
18668 15638 17135
18612 16366 16205
19473 15581 14600
16535 15482 19420
16672 17137 17842
15487 17251 18930
15268 17266 19138
15479 15556 19785
16097 17956 17763
16552 16791 18250
15393 16390 19481
17968 16708 16808
18932 15538 16716
18926 16178 15817
18904 16551 15413
16763 16702 18184
17150 17975 16744
16021 19332 15032
18868 15455 16954
18241 17285 15540
14552 19393 16662
14444 19825 15455
14839 19384 16294
15927 15395 19582
14873 19310 16386
18889 15438 16921
14804 19109 17049
14825 19586 15668
16174 17148 18291
16135 17086 18455
16323 17815 17594
15177 18541 17960
15263 18915 17002
15176 16068 19787
17100 16857 18031
17484 16503 17775
17253 17187 17374
15259 19243 16020
14939 19797 14862
15038 15501 20040
14767 19250 16966
15002 16599 19513
19054 15313 16661
18752 16883 15272
17311 15453 18915
15720 19400 15177
17711 15231 18523
15162 18613 17791
15883 15566 19496
17949 18289 15020
14629 19319 16854
16148 17999 17407
15725 15050 19885
17125 16899 17723
14715 19510 15968
15197 18504 17971
14646 19252 16947
14984 16449 19625
15090 17144 19300
14626 19824 15141
17578 16382 17962
18437 17547 14958
18913 15710 16710
19250 15968 15229
15878 16318 19201
14904 19564 15592
18347 16740 16340
14926 16208 19720
17000 16963 17833
16224 17391 18187
15693 18257 17628
15839 16566 19063
18138 16329 17253
19442 15758 14800
14873 16930 19398
14929 15800 19942
17653 17957 15574
17542 15743 18641
15884 18122 17493
18055 17876 15147
18326 17503 15250
17817 17653 16015
15307 18380 18112
18378 17144 15624
16661 16161 18773
14572 19709 15584
14788 19185 16845
15089 19285 16346
14995 16817 19397
16367 17006 18450
16181 19269 14909
15825 16661 19142
18298 17738 15155
15672 15248 19758
15940 19363 14974
16627 16264 18819
17063 15458 19041
17016 15382 19158
18520 16799 15653
18723 16876 15407
18628 15539 17214
15323 17708 18583
17122 16705 18031
19578 15042 14966
14843 16277 19734
16112 15867 19419
17176 15524 19016
15956 15210 19755
18358 16686 16124
16193 15227 19572
19044 16607 14697
18198 16082 17384
18786 15443 17076
14648 19258 16807
15206 17454 19046
15265 18929 16863
15414 19332 15802
17149 17168 17488
19104 16288 15025
14626 19864 15064
15294 17162 19244
17881 17524 16053
19416 15161 15428
15275 15936 19675
15346 18839 17049
15965 18737 16736
15173 19577 15427
18459 16711 16080
18721 17135 14934
18935 15528 16735
14835 14745 20207
15658 18124 17774
14608 19782 15187
17314 18593 14988
14564 19888 15204
15996 15479 19524
17873 17818 15647
15404 17586 18713
15969 19457 14770
16877 15460 19133
16839 16561 18443
17183 16701 17805
18116 17119 16482
17779 17754 15971
15635 16749 19198
15140 16230 19654
15711 16151 19454
16532 15364 19435
18347 17626 15050
18450 16573 16222
15686 18740 16785
15001 16203 19683
16407 17241 17901
17168 15832 18707
18613 15582 17317
18944 16818 14779
19381 15604 14988
14681 19723 15512
15956 17210 18376
17204 16252 18390
15646 19011 16193
17128 15919 18778
18728 16095 16615
18052 15448 18185
15080 17589 18950
14625 19540 16080
15173 16666 19416
15789 15256 19674
18411 17573 14867
15054 15416 19944
15295 17150 19102
14499 19829 15276
16443 16048 19330
15478 19212 15660
16924 16676 18046
19454 15670 14726
14640 19615 15855
18728 17066 14954
19109 16387 14972
15324 19682 15025
15250 19727 15077
14795 16740 19476
14883 15226 20141
16420 19176 14878
14738 19601 15522
19064 16604 14799
16834 17210 17717
16409 19214 14924
17412 16432 17975
16690 18114 16990
17200 15909 18688
18315 15623 17874
18930 16704 14958
18945 15469 16848
15094 17105 19303
15327 17538 19020
14735 19182 16972
15350 17384 18996
16610 17092 18090
17009 15829 18867
18322 16618 16811
18840 15565 16930
18750 16949 15190
19543 15144 15195
15285 17182 19123
14570 19926 15075
15463 17483 18714
15257 15112 19925
16224 15003 19604
19060 15406 16647
18475 16802 15956
18425 17552 14826
14742 18971 17324
17959 17527 15936
18174 16322 17239
18468 15792 17332
18421 15399 17593
18637 15478 17227
18629 17373 14922
19526 15300 14962
14992 15632 20027
15782 16711 19113
14603 19833 15116
14782 19838 15056
15925 19386 15016
16063 15747 19481
15765 16606 19231
15361 15806 19861
16820 17946 17027
18460 16878 15914
18494 17490 15164
18655 15417 17258
15496 16996 19007
19240 15539 16065
19557 15327 14623
16680 16391 18754
16948 15592 19047
18293 15693 17637
19113 16412 14664
14718 19389 16442
15503 16446 19362
17909 15439 18346
18391 17034 15833
15988 19357 14917
19384 15738 14887
15281 16150 19665
16196 16307 19112
17538 17050 17184
15531 18399 17443
17636 16010 18369
15979 17538 18156
16501 19265 14682
18905 15397 17002
15234 17675 18828
16102 16614 18819
17724 17034 16967
18009 17440 16019
18228 15640 17871
15679 16475 19339
15462 17468 18882
16794 16604 18386
15745 16718 19280
15302 17143 19153
17898 15312 18359
15364 18469 17578
15261 19776 14953
17174 16975 17522
18610 16057 16897
14389 19737 15548
15329 18097 18295
17745 18446 14937
18123 17963 14953
18784 16140 16450
15980 16491 18995
15074 17282 19181
14807 19870 14971
14845 19684 15485
16601 15433 19374
17256 16794 17537
18410 15423 17548
18916 16836 14916
18824 16998 14806
15319 19600 15272
14616 19770 15242
15682 18029 18098
16048 18057 17590
17747 17265 16430
17670 15635 18582
18248 17114 15725
15301 17140 19244
15241 15331 19866
16594 19183 14630
14543 19917 15100
17514 15810 18628
18188 15776 17604
19486 15406 14652
15120 18274 18414
15724 16094 19437
16154 16835 18695
16039 18364 17248
15136 18685 17600
17543 18569 14970
16803 16453 18494
17551 16151 18366
19070 16329 15039
18826 16929 14747
18946 16672 14993
19392 15896 14719
17960 18098 15201
14673 19840 15054
18259 16627 16853
18984 16785 14803
18840 16806 15060
18953 16698 14879
19151 16348 14907
19595 15059 14789
15335 15035 19976
17464 16461 17882
17930 15445 18329
18549 17403 15113
14598 19849 15181
18071 17334 16156
15212 18211 18446
14497 19801 15432
18233 15854 17557
14539 14752 20307
16105 17111 18542
18725 16841 15273
18319 15569 17716
14605 19839 15109
16337 18930 16286
15145 17392 19064
16758 19127 14813
17707 15778 18457
17854 17827 15684
18735 15342 17156
18976 16769 14877
19383 15208 15558
14837 18725 17906
15063 18070 18579
17825 16315 17882
14997 17147 19312
14564 19722 15523
15017 15555 19980
16556 15534 19351
19601 15055 14813
15737 16407 19381
17053 15528 19127
18344 17580 15136
14625 14945 20233
14977 19757 14955
16604 17845 17295
16640 19103 14879
17581 18235 15467
15545 19475 15116
15435 18216 18227
18364 16876 16003
18182 17393 15656
17105 16298 18193
14655 19826 15140
14915 16057 19816
15146 17016 19301
14761 19864 15040
15777 19165 15941
15958 15037 19735
15984 16960 18616
15798 18291 17251
15715 19454 15127
16599 16540 18473
17709 15617 18528
14889 18687 17921
15078 18351 18335
16236 19259 15329
17057 18921 14576
17379 18619 14796
18285 15960 17472
17245 16753 17566
14571 19651 15752
16598 16178 18942
14608 19754 15462
18252 17006 16577
14468 14721 20359
15673 16577 19356
15958 18696 16769
14704 19784 15182
15764 16246 19339
18061 15407 18180
18723 17035 15025
18743 15325 17102
15635 17210 18950
18573 15496 17399
19467 15615 14625
14948 16713 19460
15968 15389 19559
15678 17124 18932
16648 15520 19343
18333 17668 15096
15128 15607 19930
15192 16548 19508
16741 16700 18422
17158 15983 18621
18496 16506 16287
17991 15516 18224
14576 19860 15135
15172 16747 19425
15027 18037 18622
15407 19063 16334
14990 18809 17588
17081 15362 19054
17209 17987 16532
15346 19407 15478
18131 16401 17280
19324 15999 15029
19538 15184 15186
14546 19556 15996
14607 19937 15013
15525 16136 19618
18302 15682 17835
18002 17645 15659
17651 16366 17823
18333 17600 15141
19083 16427 15012
15326 15104 19953
14544 14965 20248
17737 17739 16138
14577 19758 15438
14536 19945 14935
15171 17694 18885
14581 19884 15120
16519 19049 15028
18145 16705 16793
17992 18212 15011
16815 16219 18691
16003 17174 18288
16216 19271 14839
17694 17015 17002
18288 17758 15105
15448 17550 18642
14887 16738 19472
14994 18789 17471
15435 19686 14945
16591 16875 18236
14593 19353 16714
16711 16509 18752
15219 17726 18799
17291 17642 16862
16800 18858 15249
17653 15753 18482
18535 15310 17412
14535 14718 20341
15144 19176 16437
15331 18536 17621
17320 18616 14886
14884 19071 17128
16764 17651 17436
16754 17162 17756
18646 15520 17145
18696 17160 14880
17001 15205 19224
16767 17412 17606
17825 15486 18436
19115 16199 15409
18015 15536 18219
15141 15184 20017
18960 15392 16833
19275 16078 14940
15890 15101 19762
17145 18672 15460
15470 19514 15117
17368 17899 16364
18471 15392 17466
19545 15340 14854
14532 19948 14932
17481 17653 16566
18644 17182 14951
14985 16635 19441
14520 19951 14966
15125 18316 18396
15413 17823 18486
17963 15420 18289
17826 17926 15684
18735 15510 17087
18012 15646 18187
14809 15401 20184
14795 18789 17687
15271 17371 19031
16381 16916 18381
14517 14780 20308
14995 19680 15167
17297 17944 16753
16881 15914 18903
15379 19738 14963
15908 16919 18852
17799 18353 15046
15568 15984 19472
18476 15312 17524
15471 16213 19432
16099 15725 19475
17546 15719 18582
16609 18678 16172
17981 15779 17906
19194 15629 15984
14527 19941 14936
15581 15221 19776
15708 19382 15225
15804 19388 15148
17693 15628 18524
18370 16246 17011
18160 17962 15056
19014 16435 15248
14614 19900 15108
14947 17798 18775
14926 18664 17891
15876 15132 19781
15464 18057 18306
15148 17032 19296
16691 15598 19222
17417 16065 18456
17619 16334 17887
18659 16771 15482
19468 15414 15073
19588 15277 14675
14441 19963 14920
15713 19364 15338
14642 19527 16008
14855 15551 20063
14971 19109 16678
15141 19734 15107
15597 18914 16586
16252 19138 15084
15439 17681 18565
17739 18058 15390
18895 16852 14864
14956 16397 19717
16079 17422 18237
16120 17014 18536
14720 19127 17165
16350 16327 19095
16113 18688 16889
15310 15218 19882
17485 15785 18635
17065 17056 17627
17641 15938 18123
17324 16840 17484
17954 17908 15202
18370 15336 17689
19231 15657 15591
14891 16885 19423
15040 15874 19898
17318 15445 18939
18402 15637 17640
18932 15253 16942
15148 18483 18214
14925 17598 18939
14672 19341 16719
15323 18319 18009
14390 19957 14940
17204 17147 17427
16085 15291 19614
18350 16698 16197
18398 17587 14889
18828 16701 15513
18682 16362 16220
15330 18291 18250
16915 16401 18433
18495 15471 17408
16558 17888 17170
14969 17211 19227
14352 19872 15285
15805 17034 18828
15049 17186 19213
15163 16569 19497
15802 19340 15171
18326 15975 17463
19285 15672 15437
18069 15576 18165
18944 15411 16894
15295 18896 16986
19523 15432 14648
15732 19622 15034
16399 18659 16768
16408 18708 16285
17738 18434 15065
18333 17743 14870
18775 16231 16459
18799 16440 15668
14838 18866 17611
14949 17810 18716
16421 17840 17402
16248 18643 16819
16293 19020 15204
17564 18217 15722
17731 16043 18038
14712 18958 17490
14650 19612 15820
18418 16683 16218
17869 18137 15336
16149 19289 14964
17297 18475 16288
17396 15547 18900
18448 16593 16192
18503 16390 16715
14833 19199 16832
15016 18589 18099
15656 18334 17511
16892 16566 18254
16936 17694 17329
18434 16471 16620
18480 17092 15364
18315 17712 15083
14931 19159 16937
17691 17773 15879
19451 15657 14730
17350 17718 16780
14934 16429 19642
14990 16133 19751
14637 19749 15295
15080 19079 16832
17037 15301 19159
17121 15430 19052
18121 15983 17636
16353 19177 14941
18294 15732 17497
18907 16609 15373
15143 18897 17044
16029 16862 18716
15787 15314 19744
15337 17593 18901
16918 16398 18384
14602 14714 20320
15665 18919 16450
15445 14975 19945
15328 19623 15103
16923 15223 19207
16174 17450 18071
16832 15830 18976
15914 16477 19145
16589 19158 14782
17686 15603 18542
17344 18447 16106
18580 16949 15294
17189 18807 14890
18917 16729 15081
18066 15688 17865
19120 15794 16480
14556 19726 15532
15407 16048 19619
15558 19131 16013
15980 18543 17247
18321 17082 16003
18053 18066 14875
18052 18137 14856
18640 17258 14889
18076 16065 17413
19533 15118 15201
14831 16841 19452
16810 16597 18302
15891 18858 16522
14918 19016 17095
19006 16613 14939
18395 17534 15167
16413 17787 17503
15277 18088 18414
15175 17743 18825
17004 18340 16490
15217 14759 20082
15930 15239 19696
16189 18572 17021
17168 17860 16845
16323 19304 14834
16086 16467 19031
17318 15449 18906
17857 15449 18418
18021 17114 16678
17879 15781 18020
15289 18803 17237
14909 16258 19772
14789 16059 19812
15125 14908 20169
16500 16466 18860
17224 17372 17247
14686 19865 14977
16208 18867 16291
16379 19109 14977
16261 17080 18175
16432 18825 16129
17875 16307 17789
18005 15658 17966
19193 15650 16402
14468 14797 20344
16211 17067 18527
18382 17339 15310
15253 18162 18464
15116 15065 20085
15212 17771 18757
17523 17995 16199
18717 15661 17113
18399 15550 17641
18606 15823 17139
14762 18840 17707
15005 19752 15077
15361 18837 17049
16081 17028 18578
15531 19366 15466
14666 19823 15130
16804 15502 19182
17166 16755 18008
17291 18684 15017
17541 15756 18593
18456 16907 15519
14534 14700 20342
15220 18962 16870
14957 19286 16628
16760 15559 19305
15704 18333 17497
17081 17730 17314
18388 17580 15036
17594 15807 18545
18361 15704 17499
19364 15215 15669
14560 14810 20297
18551 16281 16538
15729 15333 19631
14831 18737 17822
15428 19501 15215
16438 18583 16518
17234 15142 19010
15720 18009 17887
17380 17271 17138
17513 17137 17224
16633 19138 14869
14856 18965 17312
14711 19424 16282
15160 18295 18360
14935 15492 20096
15217 18220 18362
15568 16965 19070
14888 15018 20132
16614 15690 19263
18234 17325 16229
19085 16309 15122
15074 18827 17422
16163 18425 17081
15712 17784 18262
14983 16290 19714
15872 15789 19543
15987 16723 18857
17697 15714 18470
17649 15611 18780
17667 17353 17034
17547 18521 14859
17530 17033 17207
18411 15668 17500
18799 15509 17074
16275 17927 17642
15709 17115 18730
15090 18672 17785
15774 15213 19823
16767 17535 17528
15938 19103 15871
16852 15483 19225
16626 17703 17416
16610 17124 17875
17125 18565 16164
17022 18940 14793
15940 19359 15155
17792 15855 18103
16271 16925 18552
14764 18794 17757
15032 16388 19630
16435 17130 17957
16419 16831 18458
17263 15579 18801
17343 17628 16912
16353 17823 17551
18394 17678 15005
18849 16644 15275
18328 15492 17697
16709 15048 19322
16506 19181 14803
17131 18772 15192
17141 16996 17533
17207 18713 14998
17951 15481 18248
17367 16532 17737
17095 17680 17024
15619 17573 18518
14554 19478 16390
14816 15271 20135
14846 18760 17812
15138 16038 19884
15629 19443 15196
15436 15771 19734
15915 19369 15029
16380 19226 14899
16106 15199 19617
17680 15556 18545
17012 18924 14906
17052 15589 19047
15228 18726 17272
15140 17591 18922
14997 18908 17289
15538 16828 19225
15698 19653 15027
15201 16089 19710
16070 18790 16496
17767 15931 18294
15608 18904 16700
16273 19077 15073
16194 19408 14736
17196 18625 15285
17920 18338 15232
15593 17939 18312
18010 17605 15826
18457 15343 17517
17771 17954 15576
18192 15474 18088
19210 15555 16146
14688 18987 17463
14527 14738 20340
14811 14801 20215
15754 18246 17721
17202 18013 16519
16682 15412 19361
18179 17156 16312
14498 19397 16459
15050 17590 18999
15400 17513 18836
14672 19736 15211
15887 19389 15064
14790 19779 15120
15342 17070 19156
15966 19480 14897
16997 18635 16308
15598 19459 15205
17287 18723 14991
17682 18237 15285
18180 17421 16150
17650 18502 14903
19488 15642 14597
14695 14942 20209
14707 19328 16727
15018 17072 19330
15247 19228 16250
17633 16050 17930
17281 18476 15988
17555 18020 16187
16766 18826 15803
18672 17161 14913
18935 15736 16537
19550 15144 15082
15113 18299 18407
15524 15252 19793
16315 18182 17220
15627 18721 17030
15536 17296 18852
17062 18022 16479
14751 19811 15087
17554 16453 17810
18065 18053 14873
18448 16930 15694
14488 14765 20355
15005 18976 17127
14850 15529 20076
14619 19887 14953
14743 19419 16285
14877 15317 20126
16378 16799 18696
18621 16294 16469
18603 16700 15986
19187 16005 15689
15656 17549 18620
14470 19821 15320
15307 18711 17215
16443 15192 19468
15217 16200 19600
17213 17777 16929
17701 18100 15405
16711 18758 16065
16064 19321 14946
17722 16152 17896
16166 19276 14997
17449 15650 18750
17398 17282 17109
18549 15922 17186
18847 15464 16979
18161 17745 15250
15921 16592 19049
14472 19965 14903
15683 19643 15099
15727 18375 17456
15639 15611 19702
15865 19474 15103
16662 18649 16471
18191 17794 15167
16399 18835 16367
19424 15878 14703
15176 16532 19608
15493 16169 19498
14853 18730 17766
15888 15504 19499
15669 17047 18969
15814 18862 16374
16062 19345 15018
16811 15498 19271
18454 16407 16373
17021 17795 16964
18247 15728 17806
18848 16626 15382
18436 17550 14905
14879 19021 17157
14465 19596 15918
15014 15595 20020
15002 14979 20131
16036 17158 18508
15686 19612 15102
16685 17540 17485
15382 17652 18733
16588 18221 16768
17813 17678 15940
18031 16261 17702
18984 16673 14816
15137 16765 19434
15924 19560 14940
17837 18274 15279
17124 15429 19022
17176 15583 18977
18380 16092 17077
16949 17017 18012
17937 18067 15315
15339 18083 18280
19144 15509 16436
19260 15619 15974
15131 18220 18473
18299 16854 16321
15080 17446 19090
15867 15032 19867
16413 19269 14795
16288 16837 18630
17597 18116 15553
17175 15201 19017
17573 17361 16698
18561 16157 16589
17640 16781 17525
17625 17860 16294
18938 15371 16920
18753 16735 15457
18212 17931 15125
19009 15468 16832
15202 16387 19564
14415 19885 15281
14656 19293 16779
14666 19606 15754
16023 16489 18958
15591 19077 16144
16076 15143 19697
17266 16129 18372
16679 18932 15648
15410 19516 15204
17198 15417 18987
17988 15367 18248
15729 17101 18676
18340 17363 15390
18270 15709 17561
18466 16550 16297
18853 15528 16911
18625 16735 15565
14823 19668 15505
15000 18675 17857
16122 18953 16212
16813 18161 16969
16173 15065 19686
17282 17984 16316
15146 19392 15985
16187 19345 14901
18055 16697 17037
18366 15372 17694
18228 16365 16957
15798 18240 17502
18255 17881 14795
17754 16590 17273
14629 19666 15706
14973 18701 17838
16792 16255 18755
16906 17166 17650
16893 15995 18708
15307 19666 15189
16795 16932 18098
15951 17220 18634
17340 17474 16980
17132 15330 19041
18523 15384 17411
18338 17748 14835
19056 15733 16555
19089 16478 14967
19007 16592 14887
19547 15155 15083
14538 14743 20332
15163 18354 18169
14556 14724 20299
15868 15475 19616
14997 16613 19540
15231 18475 18151
15394 18440 17933
17085 15753 18832
16488 16975 18300
16768 15675 19194
17671 18470 14794
18551 16946 15397
18148 17425 15787
18886 16939 14585
14631 14830 20280
15071 18056 18554
14642 19224 17037
14530 14735 20339
15223 17707 18798
18111 16891 16607
15597 19050 16293
16102 16447 19136
17981 15718 18096
15605 16756 19307
15528 16136 19543
18783 15658 17059
18517 15655 17403
18953 16672 14913
18760 17005 14920
19099 15625 16493
19513 15480 14545
14749 16291 19731
15102 18526 18015
15294 18927 16780
16514 17688 17547
16405 16502 18915
15385 17439 18967
16161 19046 15974
15718 19077 16096
14740 14848 20235
16868 18406 16516
17503 18447 15392
17371 15569 18850
18403 17265 15461
18471 16618 16030
19043 15643 16590
18813 17003 14885
19389 15274 15466
16024 19048 15680
14750 19451 16260
15234 17216 19167
17393 15814 18592
15431 15187 19898
16410 17471 17878
16047 18093 17511
17018 17928 17080
17947 17904 15208
18130 18034 14843
19520 15381 15427
14552 14698 20346
14501 14788 20333
15121 15789 19912
15866 16964 18667
16390 18894 16062
15160 15107 19998
15352 18244 18099
15375 16858 19255
16908 18679 16094
16934 18661 15786
16189 17717 17941
18061 15594 18151
18811 17050 14825
14788 18978 17295
15353 17550 18891
15080 15205 20005
15426 16303 19470
14880 19301 16743
16076 17162 18428
17639 17690 16450
18034 17767 15398
16960 17938 16856
17772 18393 14889
17612 17465 16518
17353 15577 18874
15187 17706 18806
17927 17379 16151
18648 15417 17355
18969 15488 16665
17866 15792 18028
14419 19984 14823
15263 15955 19713
16771 19031 14912
16644 18395 16544
16330 15095 19600
17511 18591 15238
17164 18904 14839
18133 15855 17642
19373 15374 15559
14513 14769 20323
15839 17071 18668
16495 17952 17313
15752 15943 19600
17546 17359 16990
17514 18599 14971
17873 17926 15430
18566 16328 16458
18624 16133 16711
16515 18091 17026
17735 18414 15171
14579 14722 20301
14811 19600 15510
15456 18608 17340
15382 19099 16585
14995 19157 16614
15377 18844 16888
18112 18031 15088
17031 18396 16388
18122 15366 18104
19391 15258 15506
14945 15733 19993
16302 17832 17668
15090 17443 19068
15055 18360 18341
14575 14779 20288
15318 15988 19661
15846 15135 19784
19123 16408 14571
15765 19651 14912
16499 19214 14858
18324 17106 15912
17543 18419 15336
18735 17226 14813
15622 18021 18160
18539 16737 15667
18382 15548 17652
19041 16580 15090
15061 17680 18905
14767 19048 17241
15824 18003 17845
15268 18594 17549
15980 18957 16177
16803 19036 14722
16150 15155 19679
16414 19185 14886
16799 16535 18464
17423 17762 16751
16601 18695 16387
17908 15935 17991
18012 15719 17869
19346 15382 15858
19231 15907 15524
19189 16106 15428
14696 19202 16985
14831 18890 17658
14989 15831 19941
15366 14867 20022
14888 19221 16757
17001 15421 19145
17321 18600 14880
16867 15582 19110
17415 15763 18775
17902 17491 16247
18666 15498 17178
18337 17699 14986
14669 14838 20242
15182 16630 19464
14889 19817 15025
15461 18646 17263
15414 18006 18415
15754 18326 17625
16293 18459 16981
17289 18668 15022
15568 19681 14944
17593 15574 18837
16866 15250 19266
16954 18029 16999
18849 16536 15571
19088 16331 14975
18639 16197 16503
14897 16650 19465
15070 18632 18048
15757 15296 19755
15004 16412 19668
15002 15271 20130
15496 15813 19624
14358 14683 20377
15266 19355 15881
16025 17663 18083
18221 17733 15191
17065 18916 14828
18252 17113 16010
18095 16572 16962
19126 15581 16453
15106 18762 17415
15170 17004 19385
15233 19752 15022
17128 16621 18176
15767 19625 14869
18200 15649 18028
18411 17568 15060
19303 15390 15682
14758 19329 16440
19585 15070 14776
15949 16781 18855
14608 19643 15870
16926 15713 18964
17032 17775 17190
17657 18460 14988
17855 17575 15900
18396 17656 15025
19317 15600 15320
14442 14660 20364
16217 18354 17127
14572 19698 15637
15082 18721 17606
15057 15343 19992
17840 17707 15775
16891 15477 19132
19194 15831 15662
14467 19572 15942
17171 18640 15152
16152 16645 18787
17369 15754 18799
18265 17757 15167
14615 19911 14766
15020 17548 19087
15135 18819 17156
15929 15078 19762
18024 17264 16269
15741 18877 16365
17618 15662 18517
18378 15575 17651
17567 18339 15269
18123 17652 15445
18281 17856 15112
19374 15358 15581
14977 17226 19184
15471 18304 17881
15571 19669 14846
15019 15728 19954
15981 15106 19702
16067 18250 17370
16795 18823 16000
17561 18347 15796
17319 17541 17183
18611 17376 14909
14612 15036 20242
15187 19362 15720
14872 15431 20127
15992 17806 17932
16282 18680 16563
15680 17703 18409
17112 15636 19012
17544 15726 18593
16874 16155 18799
17511 17638 16747
18269 16993 16117
18485 15440 17445
15230 15174 19943
18363 15627 17674
14820 19713 15353
15183 14873 20010
16148 19054 15402
15794 16644 19212
17337 17109 17386
17173 18485 15783
17288 15478 18953
17214 15197 18994
17659 15643 18559
18634 16892 15518
17660 15642 18708
18632 15420 17262
19311 15463 15625
18879 16896 15012
18467 15526 17514
19135 15534 16410
19119 15480 16532
19556 15303 14763
14585 15138 20203
15447 16209 19440
14489 19954 14762
16180 19008 16132
17361 18374 16104
18397 16618 16281
17072 16342 18315
18537 16363 16499
14233 19923 15203
15473 15058 19882
16739 15604 19209
16883 18186 16942
18749 16436 16000
14654 14933 20237
14649 15147 20194
14895 15451 20110
15220 19497 15526
16286 15182 19592
16478 19263 14716
17417 16968 17467
17065 18437 16367
17957 17616 15824
17802 15617 18488
14599 19550 15963
14474 19589 15931
14614 19667 15593
14784 14915 20234
15280 18463 18159
14996 19676 15204
14741 19412 16288
16786 15524 19288
16936 19083 14718
17207 18534 15402
17493 17931 16203
16645 16936 18114
17633 18441 15144
17795 17206 16615
17620 17428 16683
14577 19360 16454
14335 19851 15346
15415 16680 19387
14672 19457 16388
16428 16992 18333
15376 17921 18535
17565 17254 17053
16459 19242 14721
14783 19206 16789
18228 17052 16373
16920 18102 16969
16124 19320 15049
17325 18765 14854
17911 15688 18289
18911 16544 15110
18498 15383 17431
16977 17254 17605
14361 19826 15405
16578 16616 18596
15234 15598 19930
15627 19403 15205
15554 19662 14990
15643 16805 19189
16270 19343 14574
19281 15643 15515
18098 16030 17841
17825 17641 16115
18124 15847 17667
17982 15635 18227
18107 16541 16880
18554 15508 17328
16757 19102 15002
14640 19316 16751
14606 15421 20133
18058 16674 17069
16221 19310 14794
17517 18558 15148
17734 18346 15180
17871 15787 18387
19313 16107 14830
19567 15313 14665
14749 19049 17298
14862 18833 17623
15258 16137 19674
15244 18020 18667
16606 18516 16678
16124 16593 18944
15753 16278 19289
17028 18928 14728
17701 17945 15688
18352 17681 14972
17835 15811 18195
15177 17569 18964
18896 16781 15257
19259 16237 15133
16841 17077 17757
15630 18010 18233
14946 15485 20076
15106 17421 19147
15161 18375 18189
15254 18092 18386
16222 15113 19612
16036 18062 17678
15118 18409 18261
14899 18985 17224
14806 19033 17242
14891 14819 20206
15794 15113 19808
17346 18252 16251
15891 19285 15189
17357 16125 18408
16983 18356 16532
16558 19139 14974
18321 15477 17707
17281 18764 14963
18907 15666 16722
15036 16121 19773
15259 17914 18612
15124 17389 19134
15233 18120 18546
14879 16702 19496
14501 14745 20340
15011 18154 18496
16425 18958 15631
15521 18450 17732
16664 19000 15327
17668 15471 18601
16146 17070 18531
17795 17249 16322
17206 15490 18931
17680 18308 15256
17198 18838 14752
17310 18662 14978
18170 16200 17410
19161 15700 16363
19631 15020 14828
15763 15107 19840
15554 14923 19906
15025 15575 19971
15084 17192 19204
14849 19713 15116
15651 15775 19684
15607 18181 18150
16567 19197 14702
18109 17810 15133
17473 18188 16246
17626 18486 15093
16511 16796 18264
18430 16960 15833
17898 18124 15382
14964 16686 19455
16398 15308 19558
14932 18772 17731
15321 18326 18306
15088 18957 17100
15790 18192 17773
15625 15154 19848
16930 18028 17016
15413 16445 19406
16243 16717 18752
17737 18357 15120
17887 16483 17628
18722 17085 15216
19561 15150 14941
19525 15028 15227
19573 15283 14809
19507 15511 14533
14730 14834 20251
15115 18410 18325
14789 18764 17770
15256 19709 15043
15224 17745 18723
15254 18054 18530
15546 14871 19907
15064 18433 18224
18322 17595 15291
17029 18417 16431
18055 17525 15779
17489 16417 17895
18091 17705 15276
18036 18021 15200
15096 18152 18513
15467 15230 19817
14771 19896 14718
16665 15078 19371
17167 18876 14768
16873 15640 19012
17359 18445 15688
18074 15536 18114
18593 17484 15093
18852 16505 15618
19565 14837 14970
15202 18204 18482
15099 18640 17610
16205 19378 14594
15929 17980 18253
16429 18498 16864
16093 15269 19571
18171 16161 17331
15018 18327 18370
15074 17473 19105
14430 19969 14780
17405 16738 17581
14489 14808 20302
17085 16071 18643
15982 19443 14875
15800 19583 15112
16861 17841 17368
16730 19172 14756
17595 15684 18518
17182 15420 18975
17542 18586 14972
18711 16731 15646
19402 15281 15456
19547 15210 14997
16182 17655 17950
14886 18641 17962
15563 18436 17330
16038 18425 17090
16638 18842 15738
15939 18841 16750
16055 15467 19548
15459 15899 19724
15120 14937 20037
17644 18108 16126
15738 17443 18476
18786 17086 14895
19465 15644 14542
19469 15413 15346
19500 15530 14606
18619 15850 16945
16403 15271 19476
17386 17842 16658
17735 16882 17441
18396 17542 15158
18031 18127 15154
19044 16289 15124
14568 19823 15264
15307 19700 15065
15799 17489 18427
15321 18951 16620
16813 16665 18172
15260 18017 18444
17719 15738 18460
17269 17658 16878
15960 18257 17285
18803 16996 14982
19586 14951 14880
14864 18999 17229
15071 17477 19079
15177 18347 18232
18949 15834 16448
15066 16106 19746
15809 17372 18478
16605 18531 16501
15588 17651 18504
17153 18909 14975
16899 16559 18284
17891 16589 17587
16521 15910 19287
18369 16677 16345
17273 15095 18996
14972 18936 17569
18175 17937 15127
19131 15709 16372
18885 15402 16935
16979 15848 18920
14714 18937 17330
15209 18286 18350
15440 19649 15100
15317 19660 15286
15133 15270 20001
15148 14847 20080
15221 15872 19849
16024 18252 17463
15460 19060 16331
17421 15246 18939
16515 16099 18948
17138 16973 17608
15667 18330 17501
16977 19025 15193
17617 15646 18752
17240 18823 14778
19232 15937 15270
18407 15493 17568
15669 17771 18271
15030 16199 19724
15597 19466 15331
16591 19179 14660
17583 15818 18498
17286 18801 14922
18577 16567 16167
17443 15717 18663
14631 15552 20032
15301 17922 18473
15146 17742 18831
14579 19439 16417
16028 16685 18802
14634 19900 14704
16549 17184 17859
16945 18499 16357
16446 19337 14685
16857 15304 19218
17251 17685 16897
15557 17511 18701
19363 15558 15380
18629 17199 14999
15186 16372 19584
15032 15828 19918
14846 18865 17635
14431 14700 20375
15113 17907 18710
16806 18945 15245
16904 15651 18988
16212 19340 14612
17494 15674 18745
14365 14738 20376
15093 17782 18720
15021 15967 19889
14799 19048 17218
16203 18192 17253
15620 17484 18678
17335 18638 14789
17078 17489 17347
17328 17966 16396
17938 17682 15868
18664 17174 15085
19608 15050 14868
14723 19087 17328
15071 17729 18887
15017 18895 17419
15210 17679 18883
16260 19133 15075
15366 15161 19918
16503 19146 14926
18167 15835 17787
16517 18838 16077
17004 18797 15046
16638 17598 17464
18097 18106 14794
17293 17082 17435
15115 17530 19051
15139 17297 19107
14993 18634 17952
15605 15334 19764
14859 16822 19456
16206 15115 19614
15385 19153 16243
17985 15673 18054
16161 19348 14754
16055 16765 18711
17691 16516 17688
15872 19290 15239
16484 17927 17400
19343 15499 15514
17031 18941 14675
18713 16127 16860
18301 15998 17101
19293 15505 15914
18767 17196 14810
14841 15105 20201
17874 18213 15304
16641 18279 16582
16643 18987 15334
17664 16689 17535
15874 19495 14973
18827 15566 16879
17326 15953 18176
15280 18880 16882
14938 15560 19975
14974 15364 20047
17864 17404 16084
16264 15366 19426
15103 18765 17184
17642 15621 18371
15012 15488 19987
17094 18084 16231
14761 19726 15531
14723 19923 15065
17242 18517 15620
15144 19744 15050
14945 15248 20113
14798 19902 15074
14892 15299 20109
17622 15946 18124
16751 16099 18506
15188 18715 17221
14870 15428 20037
15147 19606 15445
15124 19711 15248
15371 19404 15738
14925 15570 19986
14695 19918 15102
17263 17265 16803
14697 19929 15081
16622 15719 18995
15069 15343 20082
14779 15665 20031
17677 15683 18313
14839 15428 20053
15966 15519 19465
14759 19730 15479
14827 15162 20219
14976 19584 15882
14810 19933 14993
15787 18946 16129
15026 19032 16835
17635 15679 18328
16083 18773 16373
14870 19894 15083
15315 19723 15174
16340 19097 15518
16564 18768 16079
16173 15320 19544
16688 18551 16228
18126 17555 15748
15863 15630 19552
16013 18294 17106
17654 15648 18353
15032 19106 16749
14825 15173 20197
15176 19010 16705
14866 15162 20205
17488 16628 17455
17288 15996 18554
14914 19886 15306
15162 19714 15210
16238 15196 19507
17730 15997 17845
14919 19587 15693
15421 15452 19884
15215 19399 16127
16718 19042 15245
15160 18879 16978
16273 18371 16805
16488 18905 15559
16010 18754 16693
16614 19018 15328
17888 15648 18141
15812 18485 16916
18791 16747 15741
17725 15792 18180
15244 15464 20009
14746 19893 15139
15771 15402 19754
15423 19288 15833
15483 18355 17404
18593 17162 15542
15980 18221 17123
16793 17946 16832
15085 15172 20132
16009 18472 16914
15138 18984 16888
17609 15674 18336
14910 19773 15451
15769 18775 16967
16227 15439 19428
15470 15581 19881
17162 17386 16952
15516 15390 19849
14949 19770 15410
14834 19655 15767
15197 15492 19940
18510 17127 15751
15027 19661 15559
15040 19386 16316
17628 18066 15589
18904 15706 16938
14968 19799 15258
15479 15339 19922
15979 18085 17335
17405 15728 18549
15705 15628 19652
18590 16163 17299
17560 18039 15741
15001 19586 15677
16306 19188 15348
14897 19437 16189
15385 18878 16901
16739 18345 16554
15620 17743 17973
15022 19193 16697
15157 19088 16431
15043 19727 15334
18835 15732 16998
15828 15366 19712
17450 15712 18749
15039 15499 19918
14950 19825 15368
14868 19703 15521
15143 19124 16589
15276 19311 16008
18245 15675 17750
15070 19337 16382
14570 19745 15683
18705 15526 17213
14998 19775 15372
14902 19684 15562
14786 15558 20042
18009 16760 17159
18648 16239 17093
18827 15822 16832
14934 15241 20154
14773 19940 15063
15046 19645 15551
18789 15824 16889
14851 19844 15384
18236 15573 17841
18492 16456 16915
15284 18887 16785
17168 18027 16124
14755 19654 15795
18766 16822 15742
15656 18488 17196
15283 15186 20018
15491 18522 17361
15502 17928 18077
17394 17728 16364
18587 17028 15663
14852 15765 19962
15109 19089 16813
15352 18885 16856
18526 15853 17448
14995 15593 19913
14830 19558 16022
18086 17846 15364
15162 19375 16266
15761 19145 15830
15481 15397 19921
18413 16351 17231
15090 19714 15341
15131 19612 15667
15776 15535 19590
15000 18435 17740
15640 18424 17286
14926 19762 15464
15731 19601 15225
14567 19755 15511
15356 18637 17301
14961 18943 17056
19197 15716 15689
16073 19152 15791
17442 17663 16177
15915 18043 17506
18030 15695 18120
18769 16350 16285
16027 15525 19443
18012 15680 18128
18844 15620 16969
15963 18214 17262
17762 15953 17915
18245 15851 17727
14896 15855 19916
18146 17244 15950
15076 19256 16326
17650 16262 17746
14982 19191 16786
17222 15640 18815
18103 15851 17856
17933 15921 17899
18131 15505 17989
14926 19621 15639
16921 18978 15136
16686 18327 16794
18353 15861 17570
15348 19692 15242
17248 17790 16606
16071 19387 15272
15069 18791 17181
18474 17568 15302
14823 19890 15101
17543 16538 17514
18813 15900 16883
14952 18424 17830
15086 18861 17074
17801 15704 18132
17822 16187 17670
16464 17542 17849
15029 18965 16989
17814 15701 18137
16064 19229 15448
17766 15894 18032
16412 18502 16526
16632 18231 16922
15008 19244 16671
15781 19223 15588
16900 16875 17866
17680 16201 17814
16835 17916 16886
14951 19482 15931
17170 16614 17993
15921 18338 17102
16025 18272 17056
16742 16996 18012
17116 16759 17721
17334 15786 18624
15844 19240 15532
15733 19492 15310
15304 19598 15423
16870 18435 16451
18559 16234 17247
18622 15823 17237
18494 16186 17353
16672 19141 15053
16790 17738 17005
17352 17245 17006
14958 19808 15251
16731 16573 18325
14826 15203 20191
15705 15229 19814
16643 15479 19217
16544 19157 15314
16573 17346 17735
15529 19109 15978
16945 16723 18016
17225 17184 17079
15049 19231 16507
14994 19408 16060
18454 16265 17278
15043 19026 16847
15985 15492 19456
18173 15833 17843
15032 19263 16414
16217 18213 17192
17878 15529 18249
17182 16592 17971
17510 15657 18612
17184 16831 17525
15755 19370 15462
14574 19747 15555
18242 17430 15914
18213 16904 16291
19357 15531 15540
15587 15353 19857
16897 15494 19151
15422 15421 19917
18520 17494 15454
16627 18803 15689
16173 17858 17580
17902 16996 16551
15177 19793 14855
16604 19178 15088
18321 15881 17550
15968 16800 18930
17190 15652 18842
17442 16797 17529
17874 16330 17562
15299 19020 16691
17155 16994 17405
14957 19427 16201
16380 17559 17828
14870 19923 14699
17081 16026 18654
14927 16572 19597
16592 19211 15091
18717 16180 16935
14778 19955 14890
16617 17322 17708
17378 16129 17994
17466 17591 16308
17310 17768 16492
14954 19276 16433
15023 18999 16863
16704 18429 16638
16820 18817 15556
17731 18060 15606
18468 16304 17273
14736 19521 16105
15087 18842 17016
16539 17906 17121
17137 18022 16481
17379 16757 17698
17778 15475 18381
18666 15949 17001
16731 15676 19041
15106 16587 19496
15902 18325 17608
16178 18128 17292
14861 18996 17087
16922 18202 16353
15256 15319 19981
14953 19086 16918
18645 16733 16031
14618 14996 20291
14681 14870 20328
15055 19156 16708
16233 18924 15785
15731 19570 15256
16542 18329 16784
17880 15395 18388
18469 16911 16243
19017 16576 15757
18504 15993 17419
15029 16482 19656
15190 15175 20066
15203 19225 16405
17037 18591 15684
16455 15369 19295
18614 15978 17225
15919 15580 19576
14769 18880 17353
14821 15167 20205
17853 17409 16030
18797 16702 15777
14693 14976 20326
15293 15397 19971
15645 17089 18776
16809 15302 19205
17810 17481 16158
18293 15458 17764
15122 16526 19563
15123 16121 19841
16773 17809 17386
18838 16709 15744
15028 19172 16603
14790 19521 16049
15963 18053 17409
17464 18315 15686
17256 16979 17280
14999 19036 17037
15047 15691 19878
15130 16487 19510
16304 17789 17708
17618 16343 17786
17917 15433 18321
15451 19678 15019
14717 14901 20308
15068 18847 17202
15385 19615 15356
16929 17440 17383
19113 15638 16061
14962 19156 16825
14669 19121 17036
17262 17576 16659
18373 15834 17628
18607 16811 16259
15708 19015 15891
15163 19035 16828
15219 18799 17165
16628 18646 15956
16990 18137 16268
17003 15656 19112
17832 17913 15555
15112 19720 15195
15763 19402 15420
15635 15340 19807
17696 16505 17488
16559 18240 16917
17029 15525 18964
17387 17876 16467
18832 16504 15832
19417 15409 15482
15432 18357 17623
15985 15284 19746
15814 19401 15414
19370 15473 15618
14985 15147 20210
16121 18400 16807
17010 17343 17399
15505 19695 14970
17311 16164 18194
15551 16514 19479
14759 18706 17483
15285 15263 20011
15893 16120 19328
14983 19779 15353
16457 18914 15569
15583 15385 19813
17938 15483 18286
15651 15426 19735
15305 16081 19718
15917 16820 18774
15908 18206 17406
16975 18918 15151
15213 19650 15411
15467 17166 19023
16417 18356 16774
15077 16087 19850
16320 15339 19398
15178 16115 19753
16612 15630 19172
17315 15805 18578
15188 16123 19736
15891 15641 19489
16390 15335 19401
17567 17911 16011
15107 18998 16941
14817 19903 15073
16900 15440 19153
15768 15910 19502
16127 16334 19077
16007 15461 19564
18191 15790 17737
14925 19143 16905
15656 15471 19699
16650 15295 19279
15456 16540 19438
17120 18421 15772
16171 19214 15343
16280 18086 16964
14875 19691 15583
16279 17891 17460
16482 19085 15452
17544 18639 15204
17765 15487 18521
18221 16643 16771
17633 16196 17839
18746 15863 17151
18167 15463 18082
18151 16033 17640
16821 17483 17287
18346 15669 17754
19232 16057 15494
17121 15849 18706
15020 19822 15103
15955 18782 16434
17896 15899 17935
18904 16088 16537
14547 19946 15113
14833 19512 16112
18094 17325 15942
14623 19128 16975
17145 15690 18907
17006 16612 18068
16474 19241 15111
18678 16496 16145
18150 15505 17976
15356 19245 15952
16599 15277 19282
17021 15705 18988
17755 15748 18296
18648 16536 16057
16063 15316 19633
16560 17832 17407
17110 18820 15212
17373 18687 15345
17792 16216 17601
17810 15427 18411
16377 18266 16817
18452 17112 15806
16899 19045 15172
16048 15325 19633
16894 16437 18256
17935 16231 17530
17982 17746 15662
18759 16054 16944
18353 17259 15946
18533 16449 16389
15001 19008 16868
15677 18208 17633
15939 18031 17502
17013 15691 19039
18328 15820 17691
14810 14897 20314
16433 15501 19360
16538 15533 19246
15856 17876 17863
16595 17550 17397
18787 16677 15905
14945 15835 19950
14919 15259 20148
15020 15345 20073
15600 16555 19165
18049 15890 18033
18374 15832 17566
17623 18591 15265
18759 15785 17140
18783 15869 16908
15406 15041 20011
16818 16345 18379
17012 15623 19081
19607 15052 14773
19041 16129 15784
15703 19618 15259
17844 15613 18320
16839 18686 15757
18464 15928 17464
18568 17288 15523
17947 17397 16160
14714 18934 17241
15103 16517 19578
15766 19168 15691
16802 15399 19197
16548 17464 17722
17226 18330 15852
17856 15647 18316
18130 15478 18091
15776 19281 15665
14869 19925 14927
15817 19473 15304
16075 17457 18280
17147 17130 17325
18970 15830 16473
18924 15700 16796
15523 15188 19936
16975 16081 18847
15845 17676 17910
16201 15405 19471
15286 15164 20027
16812 16964 17779
18615 16043 17217
15936 16847 18739
17356 16671 17757
16596 18691 16035
17487 15104 18905
14718 19949 15027
18588 17191 15470
18136 16449 17487
17661 16846 17126
18109 15513 18057
14790 19954 14745
15219 15544 19882
15436 19485 15506
15774 17458 18398
16376 17196 18216
16301 17000 18401
18478 16149 17459
17965 15327 18286
14672 19756 15473
15605 15153 19888
16821 18915 15388
18516 16875 16182
18223 15685 17812
15217 17006 19283
15041 15251 20108
16175 15529 19433
15003 19715 15402
15785 17925 17681
14933 19841 15378
16835 15297 19199
17537 15961 18056
15491 17187 18835
15924 15569 19446
16818 15437 19191
17040 17972 16588
17984 15295 18288
18091 17160 16017
16027 19317 15429
16127 19212 15370
16046 15441 19683
17147 17299 17129
19386 15449 15566
19233 16523 15332
15272 19132 16328
16403 17718 17615
18526 17488 15285
17838 15369 18420
18817 16076 16590
14966 19342 16382
15239 18046 18276
15800 15385 19785
15912 19438 15225
18243 16024 17569
17444 15325 18876
18151 15990 17675
15044 18665 17546
17673 15783 18284
17465 16060 18144
16708 16496 18600
18297 16593 16722
18202 17125 16352
14742 18702 17505
14873 14874 20256
17013 15736 18840
14623 19931 15109
16467 16417 18940
16295 18995 15735
19210 15795 15506
14553 19929 15196
16556 15289 19295
17141 17794 16660
18931 15588 16840
15473 16129 19482
15301 15627 19830
16542 18878 15840
17894 15574 18150
17904 18104 15387
15032 16498 19600
15059 16023 19872
16483 19055 15405
15175 18971 16803
16290 19056 15628
17502 18609 15228
17695 15566 18529
16930 18885 15477
19259 16485 15242
14775 15344 20204
15115 16662 19486
16279 15459 19421
17617 17985 15817
14712 14994 20301
14847 19516 15960
16485 17201 18011
15848 15328 19747
15998 18140 17297
17726 15980 17992
17024 18239 16194
16541 15293 19296
18111 15638 17948
17337 17540 16757
18570 15199 17524
19217 15707 15613
18281 15732 17728
15148 18698 17377
16174 17153 18452
17211 16597 17927
17705 17057 16771
16049 19396 15270
17098 18879 15286
17725 16117 17871
19286 16375 15134
15402 19689 15122
16987 15844 18971
15443 18995 16410
14829 14924 20271
14823 18857 17318
16467 18594 16277
15321 19298 15758
15390 19175 16291
18815 16609 15820
17750 16996 16827
14801 15505 20059
14835 14876 20281
15120 16710 19448
15505 17570 18636
17507 18587 15332
18088 15781 18029
17722 16384 17623
14802 19564 15899
17509 16089 18000
16213 19288 15266
17306 15469 18862
17206 18237 15971
17883 18402 15366
19120 15619 16525
14661 19733 15478
16601 17236 17985
17773 16310 17590
17963 15382 18293
18973 15731 16412
17847 15447 18407
16086 18057 17309
16387 15269 19422
17499 15183 18883
17623 15422 18721
18979 16958 15398
15781 15970 19458
16174 15996 19286
17399 15101 18978
17646 15595 18613
18173 15546 17948
19553 15227 15192
16365 16477 18955
16125 17896 17513
14753 19814 15391
15189 19834 14851
14903 19398 16383
16421 15897 19123
17708 15659 18349
17578 18600 15090
17028 17048 17437
18789 16538 15986
18650 16002 17014
19011 16735 15431
15180 19777 14927
16688 18259 16652
16402 18649 16401
17957 16110 17748
16460 16428 18808
17353 16700 17715
15301 19084 16456
15764 17656 17986
17206 17505 16944
17901 15407 18347
17852 17938 15539
15005 19671 15415
17257 16984 17168
17291 15935 18404
18232 16992 16245
16778 15268 19217
16028 17201 18308
16568 15662 19081
16239 18038 17388
15993 17981 17643
15802 15184 19791
17735 15517 18536
18964 15700 16475
17951 18145 15325
16148 16578 18982
17173 18868 15204
18655 15391 17349
18600 15168 17392
18907 16393 15840
14769 19452 16324
15176 18656 17302
15752 16098 19357
17027 15438 19101
19261 16373 15166
15294 17995 18344
16408 18608 16307
15021 16513 19626
15423 15173 19960
14735 18995 17215
17382 16059 18161
16881 16159 18502
17079 18130 16293
18281 15478 17791
18622 16730 16056
15399 18292 17799
15164 15324 20079
16181 16358 19021
15913 18061 17513
17787 15332 18553
18379 17768 15308
19121 15561 16398
15462 16220 19497
15356 19771 14957
15676 19052 16192
17482 15526 18800
17675 18534 15152
16139 17809 17644
17858 15504 18279
14750 14951 20255
15279 18157 18094
16145 19228 15309
16391 16211 18990
17285 18394 15813
17714 16585 17429
19172 16171 15620
19112 15636 16270
14868 19437 16223
14643 19733 15728
14692 19977 14967
17412 15547 18851
16656 19133 15148
17960 15460 18302
14678 18487 17847
15102 19562 15834
16277 17745 17770
16801 17154 17603
16779 16360 18497
18670 15799 17210
15637 15706 19615
16412 15265 19410
16081 18215 17054
15056 18842 17334
15078 15129 20181
15845 16391 19122
16788 16357 18427
18475 15556 17611
18484 16872 16337
15333 19569 15517
18305 17823 15317
18993 16922 15345
15048 15328 20103
15216 18860 16924
15209 19791 14862
15796 19527 14997
14969 19229 16694
14695 14903 20310
15339 16685 19334
14598 15188 20215
15160 18890 16891
15830 15807 19487
16640 18886 15570
16888 18264 16307
16731 16258 18599
17757 17312 16468
19228 16508 15481
14626 15156 20253
15137 16763 19417
15334 18361 17633
17491 16024 18131
17143 18293 15992
16598 18947 15455
18395 16926 16171
19521 15455 14760
14802 15442 20055
18207 15657 17897
15675 19402 15457
15488 18288 17620
19164 16205 15703
19597 15190 14902
14811 19037 17075
15527 18542 17160
16008 17865 17662
16295 16577 18874
17752 15492 18392
17262 18160 16008
17874 17358 16265
18625 16401 16312
16077 16053 19193
15701 19198 15853
15243 15159 20058
17892 15440 18319
18111 17180 15997
18477 15210 17681
16731 18314 16618
19144 16103 15722
15138 19587 15577
16652 17537 17632
16518 18607 16162
18297 15964 17716
14588 19745 15502
14804 19623 15850
15289 15154 20107
14898 18658 17671
15990 19408 15276
17368 16958 17442
16431 17586 17478
18033 17258 15964
16961 18221 16301
15832 16631 19154
17165 18210 16065
16010 15963 19358
15511 16716 19209
16339 19117 15538
17871 15283 18505
18111 15235 18222
18767 15677 17069
14891 19361 16584
16340 16518 18803
17610 18081 15698
15815 17006 18729
17099 16683 17876
17373 16656 17827
18511 16468 16570
18947 16383 16053
19602 15157 14844
18509 16830 16212
18820 17116 15410
18204 17988 15099
18341 15411 17806
19306 16139 14759
14809 14888 20316
15172 16263 19755
14702 14872 20327
15434 16882 19265
15085 16593 19521
17550 17757 16026
18319 17466 15522
17741 18157 15463
17614 15457 18832
17796 15777 18177
15836 19491 15278
18937 16955 15402
19387 15902 15272
16644 16373 18627
15950 18072 17450
16028 19200 15594
17822 18082 15465
17262 15101 19013
15305 15125 20029
16117 15690 19414
16571 16360 18844
19070 15571 16614
14633 18736 17672
15147 16712 19398
15209 19337 16184
16055 16757 19010
15499 17180 18813
17724 15561 18446
17304 18606 15385
16438 18119 16936
17829 18146 15450
14794 19468 16207
16712 16510 18459
17666 15423 18703
17501 17153 16893
15066 15228 20166
16160 15994 19313
15885 18572 16880
15479 19706 14953
15447 17412 18754
16607 19114 15209
15425 19175 16255
18048 15167 18247
17972 15266 18295
18492 15157 17579
19482 15404 15381
16393 17549 17923
16271 18286 16829
16143 15573 19431
15320 19738 15091
17466 16634 17468
15912 15299 19698
18659 16542 15942
18382 15411 17757
15862 19482 15216
15418 17273 18851
16525 16647 18729
17794 16423 17548
17808 16257 17600
18584 17242 15501
15765 19153 15810
14703 19954 14977
15088 16051 19858
14912 19922 14805
18545 16432 16375
14964 19909 14660
17954 17693 15685
14742 19949 14982
15294 15648 19866
17451 18104 16013
14853 19411 16407
15646 16194 19463
15443 17766 18138
17113 18896 15168
18268 15381 17866
17801 18136 15519
18512 17674 15285
15937 17861 17756
14920 19851 15359
14820 15707 20000
14648 19028 17205
16608 16112 18904
15495 17376 18721
15651 17016 18902
15522 16775 19201
15572 19622 15139
17479 18765 15328
18345 16895 16258
18083 15255 18171
18742 17057 15626
18365 15661 17699
16335 18044 17104
16288 15187 19549
15248 16115 19691
15652 16969 18836
16792 17366 17497
16628 16917 18716
16615 18721 15897
15379 17975 18121
17017 18937 15148
15992 16388 19061
15150 17079 19166
16413 19231 15277
16239 19317 15220
16917 16904 17631
17203 17280 17080
16684 19125 15120
17373 16388 17856
16044 17914 17485
15085 19769 15310
18487 16249 17315
17964 16195 17512
17450 17418 16770
19083 16481 15735
19286 16266 15317
19189 15604 15978
16260 15860 19311
15663 17479 18253
16373 17291 18107
19351 15509 15691
14925 16318 19718
14651 15140 20235
15970 16133 19296
15173 19782 14932
17510 15171 18854
17412 18131 15988
17552 18482 15440
18905 16166 16149
14750 18561 17748
16082 17155 18409
14907 14901 20253
15834 15638 19513
17272 15736 18731
16030 19382 15276
18414 16981 16056
17704 16443 17540
17885 15727 18085
14846 19628 15778
14941 19909 14697
15406 19763 14745
16155 17435 18044
16928 19012 14990
17336 16411 17909
17787 18446 15259
18231 17690 15414
18962 16026 16038
15052 16487 19619
14743 19970 14908
14845 14871 20299
15292 16825 19376
17367 15137 18956
18412 15548 17690
18735 16079 16964
14801 18472 17835
15331 15976 19764
16518 15206 19470
16902 18905 15245
15496 16873 19231
15214 15257 20048
17227 17598 16641
17481 18397 15592
18665 16532 16013
17873 18414 15431
18373 15171 17788
19289 15561 15868
14748 19944 14916
17963 16137 17588
15842 18465 17201
16589 15770 19049
18270 15548 17863
16770 16927 17804
18931 16998 15282
17886 15424 18385
18486 15206 17573
18981 15613 16702
16753 15990 18958
16265 17686 17860
16548 16070 18989
15961 17248 18569
16374 15580 19394
16515 17408 17879
16571 17855 17149
17145 15119 19122
18499 16716 16261
18192 15531 17920
18257 15244 17969
17357 18026 16300
17588 17457 16330
16669 19110 15239
17103 15749 18829
17633 17863 15732
14936 19900 14702
15628 19298 15593
17187 18846 15040
16622 15588 19165
16650 16807 18085
18582 16816 16144
18091 18181 15205
18950 16978 15344
19248 16009 15409
18767 15979 16760
14918 19491 16103
17609 16141 17975
15865 16379 19350
16029 19160 15795
15452 19678 14988
19090 16088 15866
14745 15110 20290
15724 15700 19629
16599 17471 17635
17845 15975 17811
17737 16746 17391
15661 19510 15374
18192 17458 15813
18502 17576 15289
18804 15979 16660
15000 16626 19535
14917 15269 20110
14957 19465 16163
15310 18205 17870
17453 18504 15440
15557 15164 19916
16452 17169 18033
16777 19061 15217
17121 17670 16681
18459 16425 17158
18073 15498 18216
18237 17168 15987
18667 15193 17285
18569 15862 17333
18057 17239 16150
14849 15548 20042
15948 19468 15195
15575 19644 15063
16242 15115 19654
16524 15700 19283
15327 19189 16032
16257 17078 18484
16688 15199 19299
18097 17607 15633
17707 17123 16739
19128 15757 16015
14668 18700 17559
16224 17323 18195
15607 15983 19595
17427 15717 18616
17270 15914 18693
16900 18783 15645
17802 18189 15436
17757 15361 18556
18677 16907 15701
18906 16048 16406
18994 16780 15556
16630 16203 18768
18113 18178 15120
18938 17038 15268
19411 15539 15395
14603 18780 17526
14626 18546 17787
16830 16630 18071
15725 17881 17806
18049 17155 16241
14698 18706 17487
17059 16879 17846
17396 17788 16107
18785 16222 16349
19552 15423 15250
16858 18810 15491
15421 19444 15595
16094 16686 18742
16248 16144 19170
15481 18011 18049
16375 19338 15128
16812 18867 15556
16640 18037 17061
18820 16391 16259
18134 18113 15143
16067 16074 19260
15774 15178 19862
15565 16943 19064
18624 16863 15991
16814 15154 19417
19068 16022 16116
18473 17690 15326
14817 18451 17877
14740 14844 20323
17083 17151 17434
15244 19784 14827
16362 15610 19347
15467 15219 19947
17250 17359 16851
18453 15733 17492
18123 15565 17959
14897 15742 19973
17798 17296 16556
16031 16304 19114
16765 16410 18472
16166 17647 17911
16993 18997 15115
17050 15696 18895
16809 18166 16758
16758 18670 15759
17642 18547 15315
14663 19458 16282
16648 15772 18989
15353 18064 18196
15700 15271 19846
16421 17303 17929
14920 19364 16351
14994 19489 15865
16395 18599 16468
16949 18833 15324
17530 15722 18464
16704 19053 15262
18417 15825 17646
17397 16773 17617
17002 17807 16911
18213 15350 17974
16581 18584 16201
19196 15953 15540
14736 19950 14937
18210 17553 15512
14693 19975 14991
14614 19923 15120
17622 18027 15724
17194 16031 18617
17917 15300 18380
17412 16105 18066
17696 18391 15446
16644 18919 15554
16381 19289 15125
15165 19831 14899
14651 18580 17738
15261 17057 19165
15494 17462 18739
16563 19142 15318
15033 19536 15836
16253 15054 19641
18902 16400 15964
18879 15814 16866
15554 16332 19454
18479 17531 15358
15065 14995 20209
19021 16798 15372
15105 15025 20157
15081 16334 19659
14968 19867 14750
18528 15717 17334
15835 17106 18709
17493 15975 18115
17345 16343 18089
18466 16369 17059
17953 15564 18246
18862 16809 15610
14603 19050 17079
15519 19246 15871
15233 16094 19702
18195 15404 17915
17682 18469 15440
16541 18585 16132
19277 16262 15346
14692 18772 17460
16120 15124 19670
15978 19515 15141
16262 19354 15018
17314 18716 15343
18300 15397 17827
18586 15578 17408
15171 15154 20154
14893 19505 16032
18067 15282 18219
18323 16577 16676
15887 19219 15468
15030 18725 17441
18151 16928 16386
16397 16008 19039
17993 18172 15209
19461 15683 15360
19027 16840 15362
17730 17356 16300
16398 18952 15633
15199 15753 19818
15584 16894 18993
15080 18921 17152
16413 15189 19476
14965 19266 16494
18608 16425 16219
18985 16830 15599
18543 16359 16442
18283 15439 17786
18991 16367 15872
15118 16798 19388
14939 18796 17459
15054 19893 14742
15962 18574 16775
15559 18374 17333
14770 19958 14900
14738 19822 15431
15401 18546 17254
16727 17510 17456
14896 15184 20182
14959 19261 16804
15749 17899 17778
16571 18762 16065
18488 17401 15513
18289 16640 16931
18935 16973 15380
14703 14796 20342
15687 18122 17706
14750 19941 14932
16317 15178 19569
16200 15482 19486
17234 16346 18254
16135 19272 15320
17569 18625 15194
18187 15364 17934
18995 16889 15552
15411 15244 19937
14980 16359 19666
17280 18758 15456
15559 19676 15315
15436 15127 19967
16239 16368 19016
15523 17731 18282
14964 19894 14682
18102 16907 16546
18701 16493 16083
18986 15314 16693
19013 15664 16484
15984 19158 15802
16095 17883 17514
16474 19210 15289
17073 18910 15151
15266 18205 18080
14834 15661 20004
15446 19718 15020
17127 15121 19143
16219 15306 19658
16592 16221 18904
18296 15221 17930
16541 15831 19169
14510 19747 15585
14762 19922 15068
18723 16255 16530
16020 16493 19054
15877 19480 15235
15312 19461 15941
16587 15285 19406
16511 17843 17280
18489 15444 17499
15839 19462 15321
16234 15350 19529
18277 15371 17842
16039 19209 15460
17402 15459 18928
16614 16340 18829
18916 16341 16096
19425 15825 14996
15012 15506 19976
15677 17922 17890
15870 17648 18011
15561 15080 19940
14944 19336 16565
15944 15037 19752
17412 18580 15416
16804 16215 18486
16927 16735 17974
17703 15535 18558
18985 16084 15902
14874 14809 20321
14776 19508 16129
14523 19986 15073
14991 18545 17787
15552 15902 19757
14668 18878 17359
17066 17032 17618
15821 18328 17349
15791 19549 15192
16366 15258 19464
17549 18232 15671
18217 17823 15324
18577 17460 15281
19304 16271 15099
18675 15848 17180
15326 17492 18936
14848 14878 20276
14562 19944 15097
14738 19943 14995
17064 17983 16501
14691 19892 15147
16077 16267 19172
18738 16871 15935
18436 17368 15863
18743 16646 15941
19123 16527 15530
18779 17277 15197
15202 15390 20045
14894 14817 20273
17083 18804 15301
16099 17167 18347
17132 15383 19029
18647 16318 16717
19170 16657 15420
15405 17505 18802
16962 18559 16218
14600 19948 15088
15904 18229 17237
16035 19292 15395
16191 18659 16405
16102 19369 15095
18175 17832 15595
18595 15311 17373
14682 19919 15179
15891 19364 15406
16675 18449 16485
16516 17954 17189
17301 18520 15526
15923 15668 19445
16042 19379 15282
15616 19264 15738
17120 16706 17781
15830 19477 15288
16344 18740 16330
17109 18726 15463
18216 16670 17034
19164 16666 15285
19022 16887 15258
15313 17558 18827
16450 16053 18998
16313 19154 15477
17879 15652 18134
15326 17494 18808
15021 16198 19803
14777 19449 16380
15346 18537 17416
15623 15151 19923
16033 17893 17645
17027 16338 18312
17680 18519 15249
18663 16511 16178
19107 16028 15794
18367 15440 17709
15554 17764 18075
14673 14982 20319
14516 19940 15154
15628 15959 19603
15532 17798 18001
16296 14821 19666
17063 15364 19101
17643 15464 18622
18016 15186 18257
17126 15334 19065
14683 19777 15470
14974 17669 18781
15004 15557 20007
16076 18401 16934
15073 19405 16012
17251 18808 15234
16403 14971 19592
16370 15817 19300
17451 18613 15338
19256 15626 15886
18616 17561 15277
19568 15251 15010
14861 19593 15798
16267 18633 16688
14835 16625 19616
16342 16567 18789
14808 18492 17825
16726 15162 19385
15391 15990 19674
18138 16252 17302
16018 17814 17815
16001 17631 17996
16493 14964 19576
15383 15282 20000
15033 19785 15156
16332 15754 19377
17100 15407 19090
17469 18084 16063
18251 15372 17908
17202 15156 19088
14788 18673 17539
15567 17333 18706
18370 16557 16652
16016 19394 15350
17452 16796 17414
16909 18956 15153
17462 17518 16516
16391 18283 16809
18007 15471 18248
16260 16669 18738
14507 20014 15015
15778 17892 17795
16186 17130 18348
16737 18594 16104
16756 18059 16768
17288 16302 18185
16836 19017 15359
17403 15805 18501
17851 15923 17856
18804 17132 15312
16252 18930 15751
15094 16681 19488
17532 17557 16501
16270 17223 18229
14941 19872 14878
17837 15453 18397
17166 15180 19077
18936 15528 16767
19093 15657 16337
14731 18698 17623
17571 15748 18305
15569 17309 18561
15625 19534 15387
16680 16670 18281
15662 18128 17642
16262 18295 16909
16638 19167 15085
16572 19154 15250
17351 17157 17042
17378 18789 15156
17579 16355 17990
18226 17461 15708
17370 18262 15874
14873 19700 15715
14908 16853 19530
14574 19974 15039
15295 16573 19465
16416 16156 18963
15591 18512 17096
16078 19367 15221
18436 16174 17525
16888 19016 15243
18863 16670 15772
17483 18107 15985
15617 15446 19779
16974 15896 18968
14879 15413 20126
15061 16736 19454
15643 17684 18335
17579 15473 18803
15809 19501 15224
18694 16513 16086
18299 17593 15486
18403 15252 17783
15258 18212 18115
19295 16303 15154
15180 16049 19859
16228 18992 15813
14513 19998 14961
15413 18432 17463
16385 16198 19010
16960 15249 19175
17573 15485 18843
18898 17083 15555
18029 17476 15885
18654 15544 17252
19473 15603 15319
15075 18397 17764
15497 17312 18713
17513 17963 15931
19038 15610 16626
19580 15237 14975
14506 19997 15058
14920 18516 17813
15293 16158 19641
16673 19112 15221
15381 15055 20061
16099 17262 18303
16111 17288 18264
16120 17305 18242
15904 18814 16353
15699 19088 16037
17598 15654 18518
18277 16238 17333
16683 18930 15412
15160 15167 20086
17397 15780 18642
17183 18863 15020
16496 19226 15170
17369 16251 18148
18507 16408 16871
17674 15315 18769
18149 17590 15602
18280 15256 17905
16299 14923 19607
14970 15740 19915
15035 16397 19642
15311 19246 16299
15119 15474 19967
15740 15198 19855
16451 15257 19449
15911 17687 17842
15617 19641 14910
17046 18884 15196
17784 15292 18593
16834 16935 17729
18207 17779 15424
18263 16997 16232
18945 15970 16638
14785 19746 15472
18839 16876 15604
17184 16552 18206
16118 14808 19761
16707 15186 19461
14755 19604 16075
17137 17921 16677
17518 18568 15337
17808 15736 18079
18656 17455 15397
14798 19717 15781
14694 19866 15348
16965 18581 16209
17275 16791 17611
17365 15372 18949
17326 16409 17941
14925 16603 19603
14536 19764 15542
16387 15503 19291
15036 16726 19459
15018 15878 19904
15029 19743 15331
16783 19099 15045
16028 19412 15143
17586 15830 18297
18182 17997 15316
18500 16626 16382
18948 15895 16165
18163 18011 15157
15597 19474 15585
17712 17976 15658
18783 17273 15155
18911 15237 16866
19390 15946 15072
14519 19974 15098
14928 18995 17084
14755 19408 16455
15430 16620 19358
15472 17236 18800
16667 18622 16014
16349 17384 18031
18077 16849 16845
16801 18629 15943
17875 17051 16609
18226 15336 18024
18939 15570 16730
18986 15691 16215
18658 16986 15729
16696 16634 18278
14569 19043 17117
16155 19355 15182
17039 15239 19139
15644 17271 18691
16752 18693 15918
17263 18833 15012
18858 16836 15602
18300 17934 15180
19502 15462 14737
15486 15950 19720
14759 19041 17125
15286 15468 19970
16307 16022 19196
16448 17549 17545
15147 19065 16741
15871 15188 19782
15587 17926 17888
18354 17890 15283
18353 17757 15410
17699 17073 16926
18013 18123 15348
15729 19582 15345
16296 14883 19621
17133 15223 19068
15858 15215 19769
15100 18760 17344
17956 16563 17396
18404 16225 17491
18449 16864 16490
17967 15291 18309
18075 15523 18118
14834 18424 17859
15875 16080 19413
15889 15734 19441
15774 15904 19563
15703 15500 19672
17797 15858 18125
16525 15061 19567
15873 16904 18889
17180 18225 15989
16568 18968 15388
17164 17840 16495
18911 16948 15407
16409 14932 19585
14714 19632 15830
14915 16883 19417
14773 19517 16243
16465 18475 16513
15512 19391 15617
15610 19663 15014
17763 17555 16215
16623 15271 19366
18902 16104 16191
19486 15476 14705
15049 17160 19347
14533 19991 14972
15487 15913 19739
16123 14811 19699
16965 15082 19271
17007 15075 19236
18330 17798 15339
16471 19188 15336
18029 17300 15983
16719 17155 18013
19406 15496 15488
15105 16814 19417
14725 19730 15729
14549 19971 15067
18873 16626 15781
18791 17159 15505
14892 16904 19425
17252 16038 18220
15327 15402 19941
15909 16310 19204
16106 18048 17412
16848 15257 19296
14927 16152 19822
14809 19308 16674
16233 14834 19665
15109 18882 16923
17079 15426 19074
17571 18114 15713
18214 16727 17129
18516 17691 15116
18857 16149 16488
18081 18139 15284
15257 18128 18161
14669 19666 15799
14866 15633 20034
18619 15421 17301
14826 19442 16330
14700 19348 16659
17882 17884 15665
15591 16369 19404
14735 19416 16427
17888 16058 17763
17041 17937 16710
17228 18814 15039
18042 16923 16933
18734 17253 15437
14710 14824 20331
16552 17111 18357
16157 18933 16171
15934 19496 15142
15923 15961 19400
17294 18324 15928
18139 17836 15344
18745 15492 17206
18835 17232 15266
18979 15691 16406
19198 15571 16252
14544 19988 15029
16289 14924 19650
16448 19260 14939
18613 17154 15509
18645 15757 17290
18195 17153 16374
18530 17681 15139
18601 16583 16311
19271 15713 15510
14990 17246 19302
14883 14798 20286
16245 16014 19219
15106 17221 19204
15665 16858 19006
16145 19077 15694
16183 19344 15272
18551 17107 16023
18824 15566 17099
19198 15552 16355
14533 19976 15038
15004 16873 19455
15351 14837 20104
15553 15992 19505
15283 18290 18031
15647 19237 15974
15458 17580 18625
15880 15100 19859
16972 16257 18319
17712 16415 17593
16310 15280 19506
17120 16873 17539
14820 19489 16199
15785 19374 15441
15714 16040 19492
18616 17118 15529
18954 15694 16632
19097 16767 15368
15248 19467 15635
15111 16958 19394
14650 19954 14995
14925 19406 16317
15118 19858 15093
16985 15287 19143
17036 17938 16652
15180 16855 19303
18160 18049 15278
17778 18502 15421
18547 15653 17479
18184 15697 17740
19233 15549 16194
14967 16739 19571
14930 16933 19399
18173 15288 18028
16328 19325 15196
15910 15512 19661
16594 19178 15151
17587 15631 18752
16976 18075 16631
16638 19064 15245
16636 16428 18624
19086 16718 15475
19428 15743 14912
19507 15460 15370
14629 19642 15960
15014 17276 19208
14980 16824 19472
17361 15398 18994
16750 19038 15231
17122 15229 19097
17800 15208 18548
17933 16367 17495
17869 17751 16004
17197 17694 16663
17966 17977 15477
18817 16477 16165
14641 19968 14997
15116 16330 19716
14579 19737 15811
15655 16887 19089
16389 15742 19209
17003 18126 16572
17549 18543 15369
19013 16768 15399
19560 15169 15096
14759 19421 16397
14906 14937 20252
17592 17480 16296
14985 16759 19486
16475 18896 16230
15382 19071 16668
17424 15930 18422
15679 15639 19651
18627 16690 16087
17950 17689 15976
18118 15379 18150
14658 15739 20006
14932 15122 20248
17354 18299 15769
16004 14931 19752
15855 17798 17868
17335 18830 15004
15833 17759 17970
17158 17030 17324
18219 17981 15209
17916 18071 15470
17719 15371 18568
15010 16763 19470
15422 19712 15058
16520 14853 19615
15876 17492 18073
16430 17861 17421
16919 15425 19153
18678 15929 16967
19100 16691 15308
19378 16137 15380
19370 15474 15508
14970 16475 19662
16170 18770 16523
14683 14798 20336
14759 18769 17478
15096 19247 16476
17169 15772 18767
16172 16476 18979
17178 16739 17720
17926 18372 15108
18454 16518 17121
18968 17006 15208
14811 19926 14901
16789 18533 16269
14593 18513 17814
15096 18285 18254
14787 19456 16228
15319 17665 18792
15528 16558 19281
18111 17589 15834
17567 18527 15369
18309 16521 16755
19039 15740 16180
18284 17163 15955
19525 15424 15005
14778 16566 19618
14919 17042 19406
16234 18383 17038
15575 16706 19165
16244 14783 19680
17435 17196 16847
16803 18654 15892
17231 15279 19057
17238 15102 19137
17104 17542 16946
17659 17168 16829
17173 18266 15946
14934 16806 19488
17695 18299 15562
17929 18283 15058
18977 16297 16008
14818 15771 19971
14753 19520 16114
14995 19844 15111
14983 17458 19111
15128 15593 19893
16065 15007 19699
16014 18995 16053
17618 18562 15359
18561 15329 17506
18080 17227 15973
15454 16015 19544
15372 17464 18962
15385 15606 19798
15195 19540 15566
15102 19718 15324
14804 19125 17032
15471 17311 18775
15436 17483 18842
17708 15689 18308
15979 16974 18589
16840 19093 15198
17456 15175 18898
17641 15405 18781
17531 16446 17830
17768 17578 16049
17675 18442 15477
18970 16653 15684
18778 15975 16856
19001 16862 15340
19430 15245 15510
17900 17262 16534
15050 19785 15106
14963 15505 20036
14962 19133 16887
14522 19990 15001
15386 17234 19037
14893 19906 14950
14880 14856 20262
16050 19439 15061
17838 17050 16787
16754 18089 16760
16480 18703 16199
17161 18672 15671
18207 15342 17983
19073 15680 16371
19145 15940 15732
19256 15567 16060
15523 18044 17928
14987 16346 19685
14963 18772 17336
18934 16402 15788
15202 14901 20109
17128 17100 17401
16059 18112 17309
17153 18719 15593
17129 15220 19108
17937 17750 15979
17226 17032 17270
17671 15461 18686
18428 17455 15456
16358 17747 17572
19243 15639 15857
19313 15809 15393
14479 19981 15077
14809 16533 19712
15371 15699 19820
16765 18465 16480
15281 17598 18815
16123 17827 17627
17044 17641 17232
15994 16814 18830
16292 17562 17945
18172 16518 17214
16080 19390 15083
17406 17590 16565
18504 16173 17276
14652 19842 15390
15833 16715 19036
15015 16539 19580
15625 18165 17773
15370 16974 19191
17042 17741 16981
17411 15402 18944
16543 18475 16409
17788 18444 15246
17195 16801 17685
17701 15206 18681
18432 17838 15276
16258 16293 19139
14609 19721 15800
17759 17858 15841
15140 17123 19203
15001 18913 17284
15530 15152 19919
15981 19436 15389
17510 15680 18549
16518 17318 17927
17408 17891 16100
16476 19185 15435
17695 18283 15581
17421 15730 18474
18728 16945 15666
16242 17949 17330
18520 17581 15151
19330 15522 15825
14901 16888 19414
14676 18699 17639
14852 18937 17188
17519 18463 15544
14809 19298 16691
19403 15408 15582
15632 15583 19717
15546 16684 19260
15186 18812 17174
16078 18523 16901
16325 16664 18792
16589 16994 18075
16588 17241 17775
16897 15200 19278
18219 17530 15695
18250 15394 17882
18351 15307 17771
14921 17530 18975
14796 18845 17445
14804 19363 16603
14961 15419 20098
14858 16937 19441
16226 18966 15867
15746 18883 16424
16241 18915 15787
16332 18912 15803
15859 16561 19068
14938 19861 15019
17676 16506 17678
17549 18354 15572
17670 17322 16518
18657 15345 17290
18431 17818 15300
15498 17157 18942
15466 19110 16376
15721 19180 15667
15031 18375 18019
15461 14863 19953
17202 15073 19157
16011 18546 16861
16061 15403 19598
16126 15475 19495
17412 17573 16682
17495 18701 15160
17283 16660 17796
17886 15724 18048
17985 17323 16466
19004 16117 15814
18666 15918 17091
18746 15905 17054
17079 18582 16180
19576 15147 15096
15181 18205 18312
15676 17691 18049
15689 19371 15492
16186 17261 18258
16075 15801 19435
16139 15229 19664
15617 16402 19394
17530 15810 18353
17208 17651 16789
18086 15254 18207
18676 15734 17206
18019 18022 15416
14980 18358 18110
14901 15958 19913
15161 18318 18234
16170 16621 18942
18494 15654 17497
15635 17131 18938
17121 18355 16049
16866 17040 17645
17484 16899 17191
16765 16884 17908
17918 18369 15317
14637 19606 16007
14652 19790 15480
15211 17959 18583
14991 17518 18942
16160 19359 15067
16401 14992 19591
15725 16691 19085
15385 18022 18046
16851 17402 17445
17969 17563 15931
17681 17263 16659
18924 17001 15284
19172 16560 15220
15175 18221 18248
14789 19184 16904
16762 17331 17603
14789 17628 18801
15341 18452 17497
17468 18538 15413
16485 15182 19490
17340 15735 18662
17173 17893 16475
17617 16684 17410
18788 17233 15315
18146 16038 17620
16074 16443 19015
14647 14781 20345
16131 17121 18514
18082 17181 16015
15522 17155 19145
16965 17288 17546
16381 17877 17203
15729 15429 19714
16917 16286 18372
16877 18276 16301
17055 18662 15681
17626 16582 17480
16996 17928 16773
18012 17604 15760
17602 17178 16750
18655 17391 15464
14589 19981 14892
15369 18041 18082
17344 15950 18224
15952 16966 18707
17692 15872 18084
16362 15328 19403
17543 17076 16850
16093 19374 15150
18179 16638 17197
17380 18191 15765
15126 17210 19187
18687 17269 15394
18685 15669 17240
19154 15631 16244
18694 16448 16180
14650 19389 16521
14612 19691 15871
14590 14811 20340
14572 19911 15273
15189 14812 20137
15820 19368 15504
16442 19268 14902
16962 16197 18456
16843 15068 19359
17088 18250 16191
17697 16420 17670
18734 17353 15324
18684 17436 15259
18457 17760 15343
15203 17517 18947
14813 19109 17006
14711 19556 16192
16402 19012 15557
15655 19502 15442
16147 16643 18931
16749 15157 19366
16746 16725 18221
16073 15098 19673
18263 16314 17237
18383 17357 15940
18569 17269 15469
16563 18989 15514
15048 17094 19350
15035 14974 20249
14645 19807 15478
16456 15836 19136
15149 19798 15040
15946 15020 19850
16802 18593 16019
17431 15451 18861
17120 16240 18375
17576 17335 16727
17784 16205 17655
17182 16923 17461
16673 15242 19393
17023 15612 19104
17934 15406 18365
17467 15460 18845
18759 17316 15334
15228 16680 19431
19333 15519 15891
16511 16493 18732
15094 17021 19346
15398 17944 18680
16603 15170 19552
16469 15309 19402
16753 17340 17650
17937 15423 18306
17188 17893 16443
18012 15130 18287
17533 18353 15668
16932 18776 15455
17863 15348 18509
17851 15605 18379
19430 15698 15339
14947 16817 19479
15124 17115 19269
15047 17218 19224
16483 15954 19094
15309 18652 17729
16400 17183 18036
17394 15596 18847
16549 18071 16965
17191 18791 15258
16489 18772 16181
17037 18892 15323
17299 15499 19008
15149 19453 15953
18601 16196 17214
18685 17304 15413
17432 15225 18950
18199 15152 18038
18966 15654 16597
19232 15704 15567
19402 15563 15467
17375 18538 15439
14823 16041 19899
15561 15978 19628
15450 18835 17132
15693 15117 19892
14978 18926 17285
15923 17418 18499
16848 16900 17692
17196 16347 18232
17600 17061 17017
17072 18867 15316
17075 15194 19224
18234 15247 17938
18616 17026 15822
19015 15630 16605
18372 16645 16579
18533 17390 15675
17872 17824 15856
18919 16991 15320
18472 17666 15350
19321 15557 15566
19018 16845 15393
14778 15830 19954
17354 18399 15624
16353 17655 17618
15647 16449 19267
15428 15074 19993
16093 17653 17910
17647 17260 16725
18331 16520 17108
15542 17951 17987
19265 15597 16051
15749 16969 18775
14622 14729 20367
15248 18365 18027
15515 17339 18667
15982 19451 15013
16347 18602 16402
17151 18869 14985
17268 18286 15936
18024 17375 16066
18434 15402 17653
19180 15647 16056
18228 15376 17908
14837 15984 19933
14789 19607 15992
15403 17845 18618
15124 18368 18103
15259 16975 19177
14997 16708 19522
15379 19680 15157
15437 19695 15071
15420 17760 18665
16495 18569 16510
16269 16501 18951
17468 17405 16593
18113 15446 18129
18330 17058 16027
18611 17141 15521
14905 16296 19831
14705 16168 19849
14788 16067 19893
15203 14808 20121
15738 18816 16511
15482 14966 19946
15685 18989 16746
19299 16233 15359
19456 15418 15476
15242 18163 18255
15016 17280 19174
15373 17726 18776
15325 18148 17895
15292 18125 18087
16748 15418 19240
16399 14865 19627
15161 18248 18237
16071 19404 15236
16664 17090 18037
17977 18247 15288
17304 17395 16772
17005 15024 19283
18239 17616 15452
18618 15141 17385
14736 18678 17538
14770 19188 16912
15385 17947 18571
14591 19771 15496
15296 17412 19160
14747 19609 15934
15432 19696 15046
15742 17961 17688
16355 18435 16755
16929 18939 15228
17292 15551 18874
17834 16114 17737
18215 15401 17884
18813 16980 15617
18923 15771 16737
19253 16197 15368
18107 18244 15180
14994 18423 17969
15219 17471 18969
14917 18994 17176
15292 17440 19109
15786 18745 17071
14935 19877 14872
15348 15931 19806
14957 18917 17302
15333 19502 15632
16757 16569 18079
15869 15173 19834
17989 17850 15479
15707 15915 19599
17054 15513 19069
17938 16843 17238
16240 19214 15310
18776 17319 15150
18398 17898 15269
19105 16492 15532
18853 17099 15058
19301 15665 15815
19100 15638 16112
19145 15586 16346
14711 15568 20131
14913 19253 16892
14982 17666 18777
15382 17812 18691
14590 14738 20349
15230 18156 18546
15041 17786 18732
16207 18392 16967
15006 18924 17227
16130 18525 16728
15773 19484 15393
16330 16022 19084
18616 16065 17188
19312 15560 15677
14747 15666 20092
15123 17619 18821
14827 16136 19873
15422 16479 19632
14656 18523 17800
15626 18806 16773
15361 17957 18454
15556 16557 19185
15351 18115 18067
16379 15127 19603
17568 17287 16766
17764 17719 16166
17390 18398 15605
16881 18950 15292
18183 17777 15491
17697 15355 18618
18689 17442 15252
15307 18220 17764
18723 17188 15365
16466 15620 19268
15316 19449 15830
18678 17121 15524
19097 15982 15539
15048 19393 15955
16359 15507 19293
19250 15807 15489
18304 17357 15812
18552 17429 15520
19070 16398 15407
18661 17158 15590
18719 17008 15466
18447 17103 15771
18652 17301 15535
15875 19241 15702
15259 19065 16825
18567 17273 15645
19280 15970 15245
19395 15750 15134
19019 16552 15516
19086 16451 15358
18781 17055 15453
18866 16833 15397
18687 17084 15560
16596 17846 17180
17893 17552 16259
17339 18042 16210
15669 15205 19804
15987 19289 15492
14896 19443 16151
15401 19538 15351
18433 17596 15330
16502 15614 19222
18198 17696 15538
18710 17093 15479
18486 17595 15399
18461 17628 15325
15064 18919 17154
14932 19447 16139
14959 19392 16310
18063 17906 15557
19279 15940 15274
18492 17363 15550
18046 17957 15545
18739 15698 16923
18413 16160 16928
16506 15356 19394
15931 19113 15605
16982 16488 18329
15221 17929 18415
15479 19505 15412
15580 18421 17437
16610 17826 17185
15732 19400 15368
18625 17315 15486
16500 15574 19253
18444 17489 15520
14976 19439 16241
17359 18661 15331
18068 17966 15521
15232 19643 15337
15281 19514 15684
16129 19126 15574
17367 18589 15448
18449 17495 15497
15796 19356 15434
15105 19699 15348
17881 18162 15551
18116 17694 15703
17486 16374 17990
15030 19743 15272
15789 19399 15481
16797 16008 18824
17883 18006 15649
15081 19694 15361
15204 19733 15291
15279 19625 15436
18614 15669 16942
15304 19628 15408
15422 19454 15640
16823 18749 15507
17177 18618 15432
17540 18461 15540
18365 16194 16686
15675 19382 15492
17344 18584 15478
15076 19351 16303
15059 19707 15298
14887 19378 16464
15961 16944 18615
15694 19377 15721
14882 19424 16414
15873 17936 17952
18942 15638 16619
18741 15698 16741
17136 17435 16956
15748 19349 15568
19192 15531 16153
15207 16297 19518
15538 18164 17791
19109 16005 15532
15427 18803 17167
14990 19422 16083
16383 15735 19258
16097 16594 18658
18451 17177 15727
17455 16543 17776
17778 18268 15493
18757 15832 16637
16462 15965 19008
16729 16371 18476
17704 17951 15747
19138 15588 16192
16847 15841 18912
15435 15855 19647
17744 17793 16407
18304 17641 15609
18723 17229 15297
17764 17442 16599
15206 19164 16775
15158 19519 15577
16816 15661 19070
18641 17247 15592
17841 18343 15279
15595 17855 18195
15378 19480 15601
15462 19571 15322
18633 15815 16818
15012 15112 20136
15166 19365 15990
14993 19373 16394
18075 16387 17270
19449 15244 15546
15291 18893 16965
15124 19640 15563
14961 19033 17020
15298 18174 18083
19095 15923 15901
19058 15925 16053
15538 19410 15459
18938 15960 16046
15064 19695 15412
18055 17681 15768
14876 18366 17999
15246 17778 18419
15055 19682 15455
15125 17940 18294
15358 15780 19758
17456 17560 16645
15901 17938 17879
16845 18888 15456
15381 19592 15450
16656 18155 16682
18699 17100 15448
15489 18641 17212
15535 19087 16524
16686 15778 19190
14883 19169 16781
15225 15561 19806
15769 19454 15342
15185 17547 18584
15282 18927 16989
16932 18712 15541
16646 19169 15285
19139 16169 15337
15256 15671 19796
16647 17051 18046
15512 19119 16418
17091 16474 18232
14974 19765 15071
16504 16252 18704
17229 17669 16768
17626 16462 17880
17834 18419 15237
16542 16781 18246
15204 19209 16579
16327 19124 15406
16827 16792 18083
17915 16632 17367
14824 19458 16214
15412 19093 16461
15620 19476 15419
17321 18135 16084
18102 17903 15557
19000 16024 15850
16836 18738 15477
15356 15178 19911
16497 19032 15540
18662 16442 16145
19325 15377 15833
15444 17748 18311
15621 17862 18084
19143 15964 15554
18743 17191 15354
15844 15500 19620
15448 19627 15156
17978 17579 15876
16594 18898 15589
19019 15483 16481
14892 17443 18886
15535 15853 19602
17659 18100 15670
17514 17227 16853
15989 18937 16149
16688 19132 15316
17012 17156 17545
17231 16576 17987
16873 18598 15720
18061 17538 15861
19502 15489 15087
14901 19141 16831
14919 19238 16642
16309 18470 16549
17521 16476 17829
16591 19286 15172
16194 15145 19692
17249 18619 15415
19162 15504 16281
14978 15021 20150
15549 14986 19951
16399 18493 16402
16587 15476 19319
18629 15885 16740
18695 17195 15499
16481 18939 15825
17543 17346 16796
18085 17863 15560
15219 15127 20031
14996 14872 20180
17065 16861 17842
17583 17515 16544
15323 17546 18670
15024 19079 16859
16543 18752 15927
18841 17016 15432
19120 15603 16401
16223 14910 19655
16197 19088 15620
16247 16683 18531
17505 18475 15439
14976 17572 18675
15159 17742 18570
17783 17834 16190
18478 16713 16020
19023 16530 15347
16898 18922 15384
18377 17049 16006
15341 15470 19848
15905 18515 17078
19079 16463 15347
19045 16448 15414
15150 17839 18499
15079 18360 17920
15444 15857 19621
15887 14929 19845
15728 19456 15264
18458 17547 15419
15706 19508 15244
16683 16529 18415
16665 17500 17708
17245 18644 15349
16491 16648 18535
15818 15206 19793
16009 16892 18608
15055 15172 20096
15646 17427 18442
16850 18064 16586
15950 18906 16315
16767 16958 18243
19365 15835 15145
16581 16401 18669
18574 16958 15690
15605 17902 18070
15643 18576 17215
19288 15533 15857
18815 15678 16724
15109 19284 16392
19569 15284 15014
18984 16647 15302
15100 17565 18613
15652 17992 17864
15041 19757 15118
15226 19585 15548
18827 15755 16655
19190 16135 15291
19414 15735 15175
15345 17807 18409
17676 16887 16898
15004 17677 18669
15063 19063 17001
15698 19408 15371
16359 15207 19582
16481 15313 19399
17584 16013 18248
18172 18124 15177
15496 14966 19978
15242 19669 15195
15658 19529 15218
17531 16984 17364
19354 15845 15238
16742 17075 18014
17554 16453 17955
18239 15765 17782
15513 17894 18218
15299 18143 18130
16809 18123 16617
18840 16002 16158
15824 16865 18804
15184 16291 19551
15551 19046 16559
15254 19643 15224
16749 19100 15212
17200 16415 18407
16552 18566 16137
18248 17657 15640
15011 15114 20138
16136 16254 18976
15093 17935 18347
17729 16221 17686
19207 16453 15139
14993 19499 15975
15254 16710 19416
15617 19118 16259
17664 18194 15568
19464 15236 15522
15132 17939 18284
16560 15955 18984
15358 18190 17916
15976 19053 16098
15438 16256 19382
16615 19045 15437
16692 17803 17230
16968 17847 16659
18405 16623 16365
19298 16040 15229
16553 15371 19360
16209 15032 19657
17050 15603 18986
18570 15381 17469
15173 17683 18608
15764 17896 17998
16368 16464 18645
16828 15640 19177
16538 17089 18217
16954 15764 18952
15231 16745 19350
15363 17524 18610
16055 18513 16962
15424 15628 19651
17222 18728 15350
19131 16524 15172
18955 15672 16546
18245 17688 15629
18426 17253 15684
18156 17810 15635
15095 16288 19571
17496 16977 17384
15045 19397 15930
15790 17818 18084
15396 19213 16380
18092 15921 17648
15258 17017 19184
15326 16956 19181
15635 19479 15258
15550 19635 15116
15631 18990 16505
18462 17321 15564
17476 18066 16165
15476 17358 18717
15132 18872 17338
15624 18064 17776
16635 16968 18233
16798 16390 18456
19146 15574 16356
19321 16217 15008
16881 16562 18358
16401 19242 15235
16066 16361 18948
18682 15891 16553
18928 15392 16744
19597 15191 14881
14852 18393 17990
16844 17130 17769
16688 17429 17538
15655 19058 16365
18511 16912 15843
19033 15492 16472
19148 15742 15860
15759 14954 19910
14704 19822 15386
15184 17740 18447
15171 17486 18737
16124 18514 16923
17943 17247 16499
19034 16758 15204
14981 17648 18674
14590 19896 15194
16288 18693 16515
16816 16610 18280
16810 18953 15300
15707 14829 19963
17495 17702 16585
19039 15482 16492
14869 19445 16394
15331 17746 18437
15492 17086 18869
16425 17320 17908
18380 15666 17646
14975 19443 16014
15674 17979 18010
17353 16546 18016
18560 15567 17550
18959 16978 15249
19024 15901 16081
15876 18749 16698
15723 15439 19705
17706 16838 17397
19013 15493 16522
18306 15475 17919
15247 16754 19340
17190 17726 16630
15125 17538 18823
16283 17378 18071
15542 19667 15154
17999 15602 18306
15262 16167 19629
14741 19789 15068
15431 18136 17907
15850 19417 15240
16411 19229 15402
16073 18451 17092
16809 15900 18912
17341 17174 17257
14827 15362 20093
15430 19229 15955
16017 17956 17647
15207 19689 15252
16255 18490 16778
18159 16264 17215
18585 15535 17423
18611 15626 16974
19009 15977 15983
15490 17513 18500
15628 14929 19937
18438 16528 16339
18339 17576 15750
18654 15327 17261
19574 15271 15066
19313 16271 14928
16402 17018 18265
15633 19536 15206
18551 15866 16965
18065 15879 17785
17889 17405 16504
19215 15904 15544
14917 17911 18536
16094 16879 18570
15814 17942 17678
16535 17527 17758
15581 17992 17952
18646 15493 17146
19577 15192 15100
15018 18044 18332
15570 19007 16480
18919 15840 16452
18969 15642 16598
19159 16481 15125
15247 16752 19342
14948 17397 18931
15141 19376 16226
15536 18647 17206
17325 17185 17200
14972 19769 15091
15680 18087 17728
15963 16164 19076
16636 18833 15674
17936 17899 15903
14994 18218 18214
14520 19915 15187
15085 16091 19670
15795 17955 17838
18650 16731 15986
18858 15955 16439
18476 17752 15256
19212 15425 15988
15091 16974 19215
15360 17203 18914
16843 19028 15245
17080 15642 18959
16137 16329 18879
15259 19255 16355
16676 15358 19300
14954 19756 15124
15267 18307 17934
15499 18564 17352
16085 16065 19093
15740 19022 16466
19025 16717 15266
18233 17351 15930
16552 16530 18490
15668 19157 15757
16778 19082 15414
15351 17276 18815
15266 16074 19636
16450 15847 19085
17572 17862 16415
16705 15289 19352
17411 17057 17115
19317 16247 14975
15166 16548 19445
15294 16780 19295
18603 15597 17283
15585 16087 19447
16735 16206 18700
17999 16151 17609
18667 17083 15562
19352 16178 14889
15206 16425 19487
16281 14960 19638
14954 14728 20208
16460 15502 19334
15484 16996 19021
16454 15427 19490
15890 15019 19808
19249 15847 15474
14923 19353 16447
19543 15490 14969
19546 15188 15186
17033 18802 15390
17957 15630 18364
17582 16529 17679
19032 15962 15699
15026 18855 17376
14872 14721 20270
15075 17844 18535
15884 19390 15280
19441 15919 14946
19619 15192 14773
14944 14793 20209
16709 15540 19230
18220 16291 16908
16522 15222 19464
19099 15818 15889
19292 15580 15807
19152 16519 15109
19350 16233 14921
19137 16379 15265
16365 16276 18829
15090 18320 18124
15569 19046 16413
19443 15754 14965
15637 15381 19727
17778 16175 17687
19358 16058 15060
15085 18322 18017
17440 16408 18027
18084 17252 16253
17915 17803 16023
19148 15603 16044
18444 16931 15991
19121 16667 15123
15632 18458 17381
15565 19549 15193
16349 15288 19589
18843 16073 16062
16602 17699 17361
19429 15942 14994
15105 17875 18495
16193 18815 16124
14972 19013 17087
18269 17404 15915
15259 16791 19297
16035 15197 19730
17388 17286 16956
16392 15990 19066
18804 15439 16947
18316 16124 16941
16526 16554 18492
15158 15991 19642
15484 14993 19977
16854 15805 18928
18941 15443 16678
19154 15520 16257
15500 19199 16139
15187 15059 20052
18753 15513 16896
16075 15747 19406
19175 15540 16215
19415 15840 15064
19438 15539 15232
15097 18006 18330
16906 18839 15355
16851 15405 19228
15963 19396 15274
19004 15454 16560
19433 15391 15575
15829 17180 18476
15461 15068 19891
16486 17708 17504
16428 15895 19128
16317 18271 16957
19235 16279 15207
18906 16051 16061
15059 16294 19615
16560 17430 17817
16231 19324 15292
16963 16704 18106
15071 18322 18029
16524 17729 17413
15609 16385 19334
15732 16513 19075
16692 15111 19396
15864 17117 18478
18116 15749 18143
17020 15646 19008
15121 18343 17968
15079 17314 18907
14806 18446 17994
15489 18538 17444
15726 17458 18319
16503 17279 17892
15100 18863 17342
15386 16527 19389
16157 19089 15730
18952 16720 15359
14862 19160 16853
16210 15024 19644
17364 16697 17885
18254 17506 15781
19014 16826 15105
14950 18386 17984
15563 19520 15231
15266 19058 16753
18574 15709 17077
14796 15305 20095
15275 16337 19467
18019 17931 15562
17029 18713 15450
19136 16215 15451
15609 14964 19933
14696 15491 20080
15612 14912 19946
15135 19237 16484
15843 15519 19564
18909 15601 16810
18189 18070 15314
18088 18245 15445
19301 16327 15084
14584 14791 20257
14851 18367 18086
16974 17264 17567
17525 17109 16895
17456 16944 17424
15946 19076 15734
18178 17736 15638
18344 17160 16103
14750 15306 20119
14902 15286 20093
15524 19489 15494
16117 18864 16010
17431 15719 18746
17342 16918 17439
17589 16522 17764
18879 16714 15427
19029 15707 16270
19054 15237 16579
19017 16262 15599
14986 16818 19314
14686 17699 18906
14945 18279 18238
15467 19522 15530
16786 16707 18221
16222 18263 17230
17910 18250 15427
15864 15048 19842
18006 18076 15492
19013 16777 15242
15075 15014 20139
14992 18566 17736
14857 14792 20225
17250 18469 16111
16398 19302 15304
19059 16659 15239
14696 15346 20102
14925 18054 18336
15013 17897 18481
17465 16852 17404
14966 17861 18499
15167 18415 17799
14827 19498 16193
15601 19299 15780
16315 18213 17188
15607 19547 15208
16464 15632 19262
16208 16703 18531
19055 15672 16421
14959 18997 17135
16663 17271 18018
15079 16445 19458
14880 19781 15131
16774 15930 18946
16082 18743 16337
16930 15578 19097
18114 18082 15336
14673 17490 19136
15075 18025 18471
14891 18073 18355
15777 19614 14989
17738 18493 15256
18072 16210 17510
19132 15785 16209
18998 16782 15208
15330 19300 16198
17341 18665 15344
16772 16843 18002
18733 15256 17118
16368 18535 16217
17294 17406 16810
18792 15458 16955
15102 17935 18315
15188 17731 18490
18876 17021 15342
18649 15384 17194
18980 15783 16248
16892 17667 17169
17459 16005 18486
14804 19522 16091
16202 16521 18809
14831 19449 16310
14953 17744 18649
14615 18143 18577
15956 15221 19726
16049 15183 19746
15997 17514 18294
19279 16330 15080
15076 18457 17913
14630 19865 15398
16769 15209 19371
18710 16906 15768
15621 15194 19881
15530 19052 16531
15123 19479 15864
18816 15513 16853
19288 15462 15913
15281 17072 19020
16523 19275 15183
19408 15620 15197
16788 15167 19370
14739 17824 18735
16789 17105 17822
19214 15771 15677
17007 17902 16653
18435 17215 15746
15294 18527 17579
18967 15930 16349
18546 17517 15222
17166 17806 16675
16412 18388 16823
14459 14737 20265
16747 15866 18987
17123 17600 16998
16684 18814 15723
18816 16032 16177
18719 15449 17106
19421 15582 15615
19502 15506 15003
19538 15259 15415
14932 17762 18756
14760 18457 18036
15906 19167 15577
15185 16212 19600
15347 19017 16712
17863 16954 16777
15820 17258 18676
15015 18818 17467
14597 14526 20319
14666 15997 19832
15336 15879 19606
16605 15297 19377
18712 15384 17119
18429 15540 17690
19094 15411 16463
19205 16416 15236
16059 17688 18191
15538 19532 15222
15846 15178 19881
14973 14793 20200
15913 15179 19763
19332 16227 14987
14779 15247 20159
14876 17658 18801
14889 19465 16008
16515 17305 17819
16694 18607 16120
18179 16603 17052
18446 15746 17325
14986 19334 16460
15029 18697 17720
16576 15948 18897
15820 18807 16610
16139 19348 15289
16777 17186 17704
18117 17469 15968
18738 16873 15617
19398 15345 15736
14808 18994 17457
16639 15792 19055
16882 16990 17886
16634 15383 19350
14695 18265 18369
15435 16736 19294
14913 19574 15797
16279 17219 18170
16320 15939 19096
16259 18806 16217
18891 15375 16950
15055 19501 15927
14917 19229 16643
15265 14957 20054
14846 15245 20187
16914 15717 18998
17161 18477 16022
14962 14709 20255
15294 18784 17256
15035 17324 19016
16307 18885 15896
15732 18766 16933
15002 16838 19238
17168 18997 15205
19165 16026 15503
18635 15499 17218
15533 16717 19265
15634 16811 18947
16297 17464 18021
17606 18594 15282
14946 19657 15783
15332 16597 19431
15982 17859 17961
15195 17485 18766
15708 19133 15884
15765 19088 16153
16387 18946 15781
16987 16167 18666
17364 17830 16569
18185 17948 15368
18685 15311 17166
16413 19083 15707
16031 15154 19787
15417 19207 16414
17266 16825 17707
16293 18898 15948
18671 15232 17233
14967 19726 15614
15842 17663 18194
17162 17951 16490
18978 16847 15140
16439 17791 17433
19479 15191 15474
15289 16702 19381
14803 19321 16710
14850 18157 18461
15426 19277 16248
16193 19377 15225
18575 15722 16982
18112 16868 16643
15113 15812 19806
15770 17423 18651
16576 15947 18950
17760 18441 15410
17335 18698 15332
18072 15960 17780
15960 16805 18931
16002 15396 19626
16777 17836 17134
14876 17588 18857
18435 16607 16272
18784 15459 16903
19406 15407 15713
16636 17005 18103
15392 19359 15885
17150 15027 19081
15042 18173 18311
14554 19808 15418
14547 19770 15604
16461 15685 19287
15075 19382 15971
15254 16251 19495
15935 19082 16241
15727 17277 18662
16393 17757 17576
18599 15198 17286
14639 19420 16601
14755 17737 18874
18988 16072 15897
15609 14965 19930
17648 18245 15789
18797 15417 17078
18857 15913 16489
15440 14802 20111
15926 14904 19804
15098 19428 15916
17818 18324 15369
18152 16270 17058
17560 18536 15346
18865 15492 16876
14726 17159 19303
14976 17784 18595
15723 17669 18371
17342 15765 18782
17676 17174 16856
17120 18901 15248
16819 19066 15166
16212 17315 18137
18332 16388 16702
14973 19071 16905
14886 19752 15507
14876 19453 16234
15368 14966 19995
15841 16700 19000
17367 18720 15311
16821 17647 17401
19640 15122 14996
14710 17355 19119
15258 18566 17551
15494 16964 18885
16773 17375 17618
16215 19450 15075
17857 17849 16145
18587 15452 17319
18798 17302 15168
19377 15417 15678
14818 19044 17336
16556 18318 16893
16778 18675 15999
19311 16181 15065
14789 15761 19941
14600 17357 19168
14959 19052 17020
15745 19506 15237
17025 17649 17307
17952 17485 16435
18477 16766 16118
19170 15267 16300
14535 19523 16346
15301 18160 18073
17038 17739 17041
17032 16838 17933
17392 18444 15894
18243 16186 17236
16306 15580 19366
17823 15681 18408
18567 16099 16816
19444 15703 14855
19593 15196 14893
14687 18009 18623
14828 19216 16906
17053 18254 16371
16299 16104 18946
16360 16381 18675
17601 17164 16881
18356 17887 15073
18941 15413 16730
18616 15447 17231
14596 19935 15036
15132 15771 19887
15617 15251 19816
17222 18906 15041
18200 17265 16172
19322 16138 15065
14759 17844 18727
15015 18475 17874
15199 15582 19902
15301 17306 18828
15571 17022 18866
16431 16721 18524
16637 17428 17771
17150 18859 15220
18315 17195 16238
14753 17922 18640
14801 19319 16859
17580 18599 15120
17133 18850 15284
18287 17265 15888
18588 17499 15228
19388 15732 15464
14980 17686 18596
16412 15271 19498
16550 15428 19369
15441 19715 15024
17520 18658 15291
19246 15609 15647
19029 16793 15170
19326 15561 15684
17034 18166 16523
15079 14784 20194
14921 19728 15641
15286 15006 20035
14989 14921 20173
15533 19223 16104
15131 18333 17892
16437 19333 15049
18070 17859 15733
17649 15586 18734
19211 16070 15344
15189 19551 15558
15880 18635 16951
15694 17890 18054
16479 16107 18869
17267 17573 16866
16372 15187 19540
18833 15566 16819
17991 15984 17907
14894 15195 20210
17419 17455 16760
15851 15112 19819
14958 19103 17073
15593 19143 16287
16147 18772 16254
19063 15664 16470
19198 16570 15001
19618 15115 15104
15043 17390 18850
16539 15903 19063
17033 18940 15283
17750 18448 15324
14940 18856 17415
14819 15734 19983
15050 19294 16480
17643 17302 16674
17616 15813 18509
18610 17387 15472
15862 19581 15120
18246 16883 16624
14798 19453 16331
14568 19742 15606
15010 15179 20076
15793 15785 19514
16523 16086 18809
17179 15896 18674
17313 17272 17363
17495 16482 17781
15182 15946 19770
15267 15370 20008
17734 18254 15502
17797 15770 18427
15251 19312 15955
18616 16265 16499
19222 15447 15954
18472 15500 17585
19373 15473 15698
19426 15279 15663
14837 18164 18370
14733 19337 16684
15432 16738 19207
17011 18946 15286
15980 16828 18609
16132 19384 15125
19162 15275 16386
14847 18536 17923
14960 18982 17175
15316 17591 18489
16283 18787 16038
18393 16841 16053
17318 18331 16267
14825 19076 17105
16401 15203 19529
18606 16893 15935
17126 16626 18002
18127 16393 17217
19059 16341 15470
16866 17074 17738
19415 15406 15653
14759 17273 19240
18375 16836 16110
18312 16172 17028
18691 17441 15304
18344 15461 17870
14652 18088 18497
14695 15993 19803
17430 17031 17249
17994 15653 18324
18064 15619 18261
17560 18607 15206
18960 15410 16633
16670 16332 18654
15782 14960 19884
14834 17631 18850
15300 18893 16947
17224 18174 16379
17343 18846 15249
17539 17475 16601
17740 17900 16051
14546 19950 15019
15484 17287 18782
15542 17628 18380
15388 15829 19694
16207 18098 17460
17702 18604 14937
16790 17149 17672
14869 18946 17449
16509 19328 15194
18627 15888 16556
17642 16870 16971
18982 15488 16538
14892 18761 17612
16118 19027 15945
17843 18363 15235
18842 17196 15263
19250 15270 16129
19591 15140 15244
14778 18364 18185
17702 18372 15511
14584 17979 18639
17806 17134 16778
16944 18244 16517
17121 18199 16370
17058 17980 16465
15286 17295 18950
18924 15424 16768
19099 16615 15146
19175 16397 15251
14771 19328 16634
16726 15683 19105
16914 18579 15954
17579 16656 17543
19022 15978 15712
16145 17046 18404
15375 15607 19703
16259 19356 15028
15685 18049 17669
15725 19643 15007
16916 15946 18841
17965 15598 18378
18769 16168 16133
18617 16142 16499
19163 16098 15407
19050 15341 16515
19430 15878 14957
15770 16955 18872
17565 18527 15287
16873 18639 15678
16858 15403 19189
17297 18286 16272
17597 18608 15040
19132 16652 15125
19337 15355 16040
14806 19410 16530
16302 18544 16709
16495 19332 14971
17645 18505 15312
18774 17203 15281
15804 19327 15366
19293 16115 15111
15291 17304 18935
16346 16573 18555
17197 17033 17462
17825 18106 15626
17837 17755 16169
18520 16380 16381
19332 15901 15107
14700 17975 18692
17367 15596 18879
16094 18842 16165
16226 18916 15971
18570 17530 15220
18661 15804 16905
19096 16636 15128
19550 15217 15074
17086 18239 16429
15727 14850 19959
15905 14832 19805
16729 15490 19236
18235 16472 16732
19471 15250 15492
14874 17828 18647
15961 15023 19795
15025 18912 17393
15920 16157 19102
16347 18964 15835
15455 18446 17486
17592 15590 18729
17396 18148 15799
17197 18852 15265
18101 17740 15661
19026 15401 16573
14960 18517 17967
14885 18349 18001
14924 18553 17788
18606 16919 15773
14948 15302 20040
17374 16800 17767
16181 18730 16324
19425 15930 15002
15722 16576 19282
14931 19790 15026
16929 15716 18961
16061 19461 15220
18993 15409 16675
19436 15372 15254
19577 15480 14941
14770 17306 19097
14646 18046 18535
17434 15596 18823
16713 15786 19118
16994 17799 16693
17807 18341 15352
17493 18699 15239
18612 15413 17263
19095 16585 15324
18905 15416 16914
14577 19561 16293
14938 16298 19616
16692 15446 19298
16350 16302 18814
15352 15157 19945
15702 15752 19592
18655 15811 16643
16428 15827 19145
16882 17065 17832
17917 15671 18307
14917 18538 17814
14429 18510 18037
17258 17623 16808
17348 18772 15221
19272 15518 15935
14788 17449 19075
15008 18538 17806
14636 19673 16012
15062 17766 18587
17600 18515 15296
15032 17027 19197
16164 15378 19631
17387 18597 15355
16501 17929 17246
15243 17850 18365
16894 17186 17668
18430 15560 17684
19598 15326 14783
14917 19356 16545
14647 17687 18908
16085 17205 18258
15670 18583 17204
17370 18774 15088
15911 19478 15140
18488 16987 15753
15035 18808 17420
14919 18740 17541
16622 15943 19049
17032 15272 19206
17653 18654 15030
18413 17677 15577
18847 17189 15153
19379 15119 15754
14688 18247 18433
14824 18059 18488
16619 19134 15400
16640 15925 18961
16756 17407 17513
17203 18059 16427
19452 15317 15544
14723 15248 20130
14829 19226 16775
14996 19654 15693
15529 15360 19885
18260 16247 16970
18820 15625 16795
14777 15502 20072
16938 18779 15462
14813 19362 16471
14850 17436 19058
14981 17325 18908
16516 18264 17076
17383 15638 18849
15070 19210 16710
17995 18258 15405
18901 17159 15181
19154 16341 15329
18986 15405 16706
19242 16205 15277
19549 15451 14988
14895 15577 20064
18645 17150 15639
18665 15358 17232
17406 18821 15066
19458 15340 15393
15882 15073 19822
16318 17378 17852
15881 15872 19513
16356 15457 19484
17376 18637 15336
18630 16183 16405
19199 15893 15796
19260 16369 15170
17198 17297 16965
19517 15290 15074
14783 17671 18936
16991 18440 16325
16354 18466 16502
16489 16217 18760
16923 19060 15218
17924 18067 15508
19313 16101 15122
19103 16536 15132
16231 15087 19601
16119 17080 18547
19264 16115 15318
19134 16490 15163
18443 15501 17666
19202 15551 15823
16823 18711 15570
19599 15183 15028
14709 17829 18734
14897 16821 19487
16207 16160 18859
17127 17624 16925
18380 17857 15256
18640 15375 17225
17947 15893 17975
19627 15088 15045
19478 15349 15344
15039 19723 15517
14909 16765 19404
14912 19687 15723
15218 15554 19868
15009 17599 18621
16238 18674 16777
16002 16396 18821
15826 16246 19104
15484 18360 17695
17061 18549 15884
18007 15819 18053
18662 16106 16299
17780 16394 17552
18462 16338 16676
15094 15782 19815
14729 19867 15100
15583 15207 19820
16011 19496 15069
15494 19558 15211
17996 15535 18307
16697 19089 15319
19392 15802 15080
18626 16059 16714
18826 17263 15272
19370 16051 15085
14811 16705 19526
15200 17420 18805
15002 19406 16069
18425 17353 15651
14624 18112 18557
18429 16454 16367
15608 19089 16290
14548 14543 20347
17161 18302 16290
16014 18764 16391
15006 19341 16362
16963 16456 18380
18702 17530 15135
19158 15678 16024
19566 15337 15015
14560 17511 19125
14659 14448 20326
15519 16175 19488
15634 19176 15979
18107 15362 18170
19064 15330 16474
19013 16814 15183
18777 15489 17006
14597 19638 16095
14974 17610 18775
15317 17300 18894
15514 19541 15323
16619 18531 16325
15737 18804 16826
19432 15475 15643
18810 17188 15283
14908 18747 17553
14724 19337 16728
15062 15231 20045
16397 15480 19454
15534 17587 18494
15846 16987 18715
17369 18130 16041
17420 17168 17089
17559 18597 15238
16922 17130 17582
18918 15462 16812
17821 18458 14972
19230 16225 15274
16196 17073 18391
16517 19233 15330
15117 19560 15885
16723 18695 16034
16357 18722 16149
15292 17720 18560
15446 17621 18412
17829 16770 17084
18320 16388 16886
18848 17046 15252
14985 19656 15655
14818 16624 19526
15008 15619 19964
15441 18781 17535
15150 19813 14754
15056 19668 15469
16829 18612 15749
15067 15446 19994
14624 14687 20279
15101 18547 17743
16653 15230 19358
16312 15070 19633
17174 15942 18749
18488 17543 15339
16413 18371 16869
18537 17591 15264
19300 15824 15254
16810 16388 18441
19473 15260 15486
19582 15241 15063
14573 14606 20335
17208 15636 18944
18060 16080 17739
16995 17329 17442
18513 16811 15938
17326 17683 16742
18133 18211 15181
18998 16571 15382
18152 17281 16249
19454 15364 15403
15720 15046 19914
15695 14979 19920
16950 18420 16375
16928 19018 15168
16970 15283 19266
15487 19620 15215
17370 18032 16329
19091 16092 15607
17449 15935 18522
19631 15168 14984
19596 15181 15038
14749 16658 19543
14867 16558 19523
14857 19219 16849
15738 15251 19751
14871 18732 17616
16078 16317 18974
16030 17215 18409
15914 16149 19353
17403 15181 18894
16757 17245 17877
14996 15512 20000
15055 19288 16331
14687 19883 15221
14762 16418 19670
16702 17657 17447
17104 18854 15340
16139 16306 18819
16263 16915 18514
18389 15562 17675
17458 15639 18666
18816 16007 16489
15015 15373 20023
14968 18652 17749
15094 17570 18771
15961 17298 18441
15486 16646 19355
16594 17613 17592
14917 18943 17379
16363 17231 18036
18226 16123 17467
14803 17962 18570
16975 19011 15216
17921 16166 17685
18758 16008 16442
17535 18055 15861
17797 16980 16816
19179 15307 16291
19355 15977 15092
14515 19930 15044
14869 16445 19603
18432 17662 15416
15394 16328 19459
16420 15165 19566
16872 17827 16742
18815 15385 17116
18410 17843 15524
14899 18575 17835
15698 19608 15086
15568 17260 18667
18329 17275 15855
17213 18404 16207
18021 15797 18097
14824 19307 16701
15139 15278 20031
14958 15256 20065
16620 17550 17639
16619 15204 19404
16941 15577 19074
16656 15348 19356
18625 15872 16849
18119 16486 17073
18853 15422 16882
18785 17171 15325
15827 19310 15469
15411 16279 19468
14742 19776 15358
17888 15639 18348
18730 16551 16140
18706 15271 17180
18856 15313 16954
19509 15495 15074
14897 18725 17686
15980 18905 16270
16431 18626 16215
15156 15940 19799
18304 16675 16397
17861 18378 15147
14722 19568 16280
14655 14703 20273
14916 18964 17406
14894 18833 17570
17282 18044 16322
17181 18595 15631
17366 17033 17377
18095 17406 16021
19340 16155 15003
19559 15199 15078
14884 15199 20145
14694 18205 18484
14999 15991 19841
16505 19277 15211
17815 17194 16601
17275 17712 16716
18845 17163 15420
19348 15337 15850
14911 18824 17487
14700 18174 18467
17982 16551 17346
18147 16159 17597
18941 15384 16911
14563 19643 16037
16123 16024 19177
17702 17093 16863
16810 17915 16953
18749 17216 15303
14969 19674 15651
14971 17363 18873
17789 18416 15367
17307 18828 15346
17648 15729 18618
18834 15438 16939
17026 16759 18013
19580 15319 15004
17930 17498 16337
14947 19108 16949
17638 17086 16897
17691 15618 18684
17353 17501 16726
14726 19532 16207
15152 15693 19807
15882 17919 17936
16785 19044 15257
17335 15577 18895
18947 17000 15257
19345 15341 15767
14709 17963 18615
14681 16644 19588
15035 19561 15757
16221 15158 19610
17930 18317 15387
16335 15290 19549
16593 18630 16086
17577 15730 18620
18224 16269 17028
19525 15241 15463
14774 19213 17071
14839 16363 19631
14719 18462 18225
14986 15652 20022
15966 16126 19087
15741 18552 17240
19513 15457 15179
14497 17827 18756
14706 17824 18793
14843 17529 19049
14702 17471 19053
14588 14589 20336
14821 17996 18532
15637 18873 17086
16092 15041 19719
15287 18907 17187
15854 19576 15171
17552 18543 15349
18956 16817 15324
19328 15407 15769
19460 15266 15486
18386 16530 16471
14652 16443 19627
15329 15293 19965
16218 17712 17755
16655 15364 19351
16190 18454 16880
18870 17092 15193
14736 18259 18378
15580 18748 17166
14707 16434 19677
15376 17635 18392
17288 15576 18985
17685 16937 16865
18669 15451 17147
18918 17042 15215
14619 16686 19561
14524 18490 18097
14433 18694 17841
14772 17834 18647
15898 19157 15695
16172 18140 17613
17249 16556 17985
19261 15267 16223
15709 18589 17111
14632 19636 16060
14878 18054 18514
16181 16531 18600
18354 16268 16913
18765 15465 17063
18764 17320 15189
18990 15330 16706
14727 19486 16275
15429 15595 19686
17861 15652 18399
17907 16824 17036
17445 18781 14957
19179 15536 16011
19334 15356 15758
19405 15626 15426
14843 17897 18556
14741 16281 19686
16902 17689 17072
14907 19058 17080
17503 16994 17068
16043 19159 15587
17024 16506 18313
19503 15414 15248
19465 15337 15484
14595 19610 16117
14773 19504 16106
14700 19365 16900
15218 17532 18736
15162 17785 18551
17281 15872 18749
16585 19323 15152
17596 18000 16299
17658 16442 17758
14730 19972 14888
15944 18937 16169
14737 19921 14995
17617 18591 15148
18775 17310 15210
14496 19760 15634
14839 19875 15015
14717 19956 14912
14867 17395 19044
17378 15570 18903
16926 17766 16765
16082 18531 16895
17703 17869 16121
16677 17991 17027
17485 16007 18360
18092 18140 15338
19139 16119 15416
19077 15135 16464
14589 14998 20254
14824 19103 17122
14954 19876 14889
14899 19055 17113
14706 18316 18236
15278 15073 20026
15042 18805 17370
15069 17018 19195
16277 18773 16093
16404 18766 16071
18648 16675 16269
17557 17531 16502
17955 16456 17524
17308 18046 16307
18667 17576 15129
19610 15165 15024
14470 19929 15214
14743 16660 19555
15410 19752 14939
16715 15695 19148
15394 18865 17088
17366 18210 15907
15223 19697 15029
15940 16464 19022
17448 17488 16714
17954 18366 15186
16924 18797 15467
18978 15720 16498
18738 17498 15099
19221 15629 15765
19644 15032 14880
16350 18146 17358
14736 18334 18233
15220 19677 15211
16596 15293 19438
16073 18997 16096
17415 18739 15257
18936 15965 15985
14762 16593 19571
14655 19000 17375
15832 15612 19648
16867 15347 19340
15582 18002 17875
17471 17577 16621
17070 18536 15886
17182 15789 18941
18970 15436 16568
19384 15409 15644
19299 15225 16086
18705 15470 17044
14900 16413 19606
14603 18317 18242
14896 18921 17529
16307 15965 19188
15195 15857 19766
14937 16595 19482
14669 18843 17677
16658 15137 19438
15500 17702 18251
16090 19526 15062
16433 17002 18248
16810 17675 17201
18409 16437 16565
18105 18181 15201
18611 17554 15159
19040 15333 16666
14699 17294 19265
18076 16729 16865
14688 19824 15138
16757 18393 16488
15628 15330 19813
15667 19627 15079
16253 19406 15117
16479 18069 17134
16782 18617 15987
17095 18286 16363
18681 15564 17112
19351 15449 15748
18823 15361 16951
14734 17672 18977
16116 18220 17621
15030 19324 16632
16844 18563 16019
18721 15868 16621
19353 15318 15811
19114 15687 16239
18538 15745 17207
14734 18430 18188
14428 18561 17918
15014 19658 15626
15848 19473 15178
14704 18466 18056
16254 18830 16116
17225 18863 15052
17918 17696 15991
14897 15274 20126
14691 18736 17725
15022 18493 17751
15238 19333 16220
15576 16160 19600
16471 19098 15530
16874 15362 19240
17690 15664 18435
16873 18450 16148
19153 15420 16318
19399 16001 15036
19443 15031 15648
14720 16315 19750
14737 19476 16317
15900 18515 17207
19180 15577 16007
14767 17577 18994
15414 16781 19156
15981 18368 17386
14826 18262 18360
17601 17417 16618
18548 17641 15078
14591 19726 15735
18768 17238 15279
19223 15623 15549
14821 15148 20216
14852 16685 19524
14917 17313 19066
14887 18702 17783
16676 19026 15524
15490 18889 16909
18747 16841 15802
14887 19031 17334
16047 15423 19587
15001 17568 18851
17406 17113 17311
15824 17077 18606
16229 17204 18344
18144 18166 15134
17807 15600 18680
15704 18768 17123
18113 17675 15793
19004 16760 15271
18745 17382 15282
19580 15180 15086
15875 19107 15787
16131 17071 18397
15544 18234 17738
18198 17304 16018
19230 16370 15147
16804 16290 18611
16033 16068 19140
15376 17432 18779
14966 14906 20188
15338 17296 18821
15653 14904 20010
16747 17209 17927
15994 17948 17672
16064 17111 18500
16474 15738 19192
17878 15785 18264
17593 17300 16811
18793 16187 16089
14716 18133 18471
14756 19763 15220
14988 16422 19521
15158 14776 20150
16748 18918 15433
15529 19415 15491
15149 19809 14896
16892 16418 18425
16380 17980 17599
16982 15951 18835
17495 15880 18390
18451 16529 16297
17280 15176 19029
17036 15264 19186
18016 18102 15483
18854 15359 17043
18846 17280 15194
14608 14523 20341
15173 17722 18513
15258 17419 18813
16418 16330 18781
16289 16215 18833
17023 17877 16580
19295 16069 15192
14774 16649 19569
14407 18715 17826
14733 19496 16218
15222 15512 19825
15642 15912 19589
16310 18446 16626
16904 15776 19014
17943 15479 18421
18294 17863 15394
14915 17422 18959
19499 15640 14796
14848 17147 19316
14513 19813 15510
15199 18794 17188
15181 15502 19903
17814 16536 17493
16792 19180 15179
17078 15561 19178
17963 18300 15384
17967 16266 17495
18558 15749 17123
19134 16266 15371
14407 18533 17981
15236 16220 19589
16303 19371 14994
15090 16091 19632
16283 15673 19517
17087 17626 16896
15672 18084 17738
17411 15477 18891
18571 17407 15538
14733 19481 16450
14471 18504 17997
14755 17913 18612
14809 19366 16510
16538 15217 19490
16296 19305 15378
17283 15810 18925
17019 15262 19218
17968 16265 17635
18506 17817 15087
18965 16703 15980
18852 16944 15356
14667 19557 16318
14455 19959 15007
15266 15821 19760
15612 14864 20046
17230 16228 18591
15004 17466 18828
17814 16417 17542
16051 16050 19096
17134 18407 16121
16797 18863 15588
17563 15598 18786
17035 18983 15225
17486 18751 15125
18091 15778 18223
18327 17875 15260
18893 16848 15392
17309 16146 18618
14937 15964 19908
16602 19220 15379
16206 16228 18997
15799 19582 14986
17673 16064 18247
17951 17522 16003
16378 19344 15180
14935 16419 19580
18124 16306 17391
17318 16922 17627
18517 17784 15087
19049 15399 16656
18483 17168 15687
14752 14596 20316
18051 17473 16146
14703 17891 18681
14649 19848 15331
15999 16014 19219
17662 15631 18580
17199 18589 15641
17646 15537 18748
18269 16280 16941
18891 15560 16832
19379 15819 15193
14800 17297 19146
15008 14910 20174
15418 16868 19152
15702 14861 19925
14893 17886 18607
16584 17876 17286
17358 17292 17076
18136 17066 16479
18699 17446 15186
19328 15998 15196
17459 15543 18831
16857 17077 17795
16901 16649 18151
17439 18732 15188
18078 16585 17167
17894 16306 17548
19421 15600 15368
18945 16966 15343
14746 19271 17021
14669 19885 14997
14571 19694 15773
14737 17615 18985
14455 18557 17944
15413 16917 19189
16860 18036 16788
17819 15482 18540
17670 15487 18749
18288 15675 18077
18642 15422 17207
18821 15434 17005
14901 19305 16721
15189 15594 19855
14541 19459 16505
15909 16598 18954
16558 15106 19526
16791 17815 17005
16444 16710 18407
16380 17012 18429
17340 16466 18364
16327 15310 19505
18708 15613 17036
19141 15259 16414
19565 15087 15311
15080 19855 14852
15542 14928 20029
17054 19039 15145
17353 15475 18963
16652 17308 17727
17476 16483 17842
17162 17888 16556
16165 17888 17663
17078 18979 15207
18265 15686 18017
18596 17442 15459
17996 17063 16752
18780 15859 16513
15773 19130 16011
14310 18779 17774
14806 15109 20244
15043 14834 20155
15566 15539 19747
14895 19159 17064
17348 18786 15067
15698 16292 19323
15635 16735 19103
16843 17956 16875
17999 18037 15634
18480 17654 15203
14929 19130 16936
14648 19971 14942
15584 18633 17199
14826 19318 16695
14647 19980 14881
15386 14841 20053
16543 15565 19230
16942 15359 19215
18079 16605 16987
19331 16156 15046
18807 16347 16076
19052 16823 15130
14689 16459 19580
14931 17655 18843
14821 19183 17060
16557 15562 19207
14793 19445 16478
15118 14730 20159
16312 18870 15841
18103 18349 15226
14940 17754 18658
14569 19871 15309
15271 18981 17126
15560 19642 15018
14727 17282 19199
16145 17885 17854
16491 16060 18962
15565 18434 17584
16587 17222 18117
16161 18856 16108
18890 15927 16465
14637 18097 18505
14899 17189 19226
15713 16752 18936
15163 16175 19622
15079 19842 14991
15863 17409 18322
16625 15293 19376
18093 15556 18196
18112 17506 15856
17416 15784 18607
17658 15550 18733
18272 16033 17357
17764 17902 15749
18049 18357 15171
18950 15454 16604
17086 17143 17511
14589 14552 20324
14879 17090 19419
18687 17075 15681
15195 19060 16913
16155 19369 15272
16237 16364 18764
17447 16770 17788
16986 18024 16637
18189 15738 18068
17853 15642 18405
18639 17505 15172
18795 17275 15211
19318 16059 15132
14819 17590 18951
16126 16281 19001
14748 17031 19443
15007 18077 18326
17238 16360 18368
17927 16299 17677
18130 15526 18157
18598 16101 16685
18232 15783 17907
18986 15301 16775
14645 18272 18379
14896 18797 17591
14704 19760 15420
14676 19974 14831
14988 18041 18385
14728 17951 18576
15998 18798 16275
17245 16539 18069
17465 16157 18255
17234 16510 18152
18514 17650 15153
19281 15338 16105
14793 18055 18508
14415 19827 15412
14649 19981 14868
14805 19210 16997
16443 17902 17295
16931 17004 17619
16408 15442 19423
16347 18717 16181
17819 18473 15126
18099 18132 15316
14649 19058 17260
14730 19438 16576
14610 19721 15739
19244 15983 15415
16493 15254 19515
16296 16011 19348
16825 17490 17446
17474 18464 15652
18257 18081 15268
18256 17942 15417
18441 15618 17602
19106 16315 15405
18305 15685 17958
15109 18989 17132
15828 16188 19113
14966 19559 15955
15560 16882 19126
17660 18038 15904
18169 17565 15764
15881 15490 19686
17546 16856 17070
17492 15619 18720
19285 16293 15157
14797 15227 20189
14882 14716 20229
15076 16813 19361
16204 15708 19558
16665 16684 18415
17822 16078 18168
16539 18799 15910
17525 15695 18635
14877 17186 19247
19251 15518 15944
18421 15520 17734
17304 16673 17958
14754 19511 16140
15010 16017 19783
14667 19952 14930
14671 16457 19613
18143 18103 15305
15182 16353 19531
15933 18545 16886
16228 19264 15570
14783 19364 16562
15985 18348 17332
16063 18585 16880
17579 18692 15195
18135 18141 15167
18695 17262 15299
19542 15458 15013
14565 18464 18115
14735 18444 18130
14610 14679 20306
14861 19482 16134
17287 16622 17977
17184 17382 17165
18335 16533 16482
18542 15572 17584
14462 19937 15036
15733 15230 19754
15146 18903 17212
16177 17801 17825
17558 15453 18788
18562 15688 17491
18866 15674 16652
18365 15824 17608
14649 19951 14946
15148 16077 19781
14765 19145 17119
15005 14737 20202
15884 18352 17587
16590 16007 18865
16152 18467 16872
14803 19930 14890
15210 18358 17830
17591 15633 18697
17319 17403 16862
15872 15313 19749
17498 18739 15164
18168 15648 18142
18283 16799 16331
19100 16224 15531
14712 19292 16867
14895 17091 19239
15939 15747 19423
15038 19021 17021
14797 19914 14948
16250 18750 16263
16064 18843 16239
14869 19829 15062
14749 19580 15799
16834 17085 17917
18226 17127 16395
18820 16764 15653
18748 17428 15241
18775 17354 15163
14778 17811 18806
14720 18005 18604
15065 15554 19961
15547 19675 15082
15391 18897 16894
16912 19065 15158
16349 17684 17814
18221 17600 15689
14491 14588 20347
14756 17803 18858
15231 15089 20022
15467 15064 19940
14952 19784 15073
16065 17350 18315
15391 18783 17302
15986 16084 19138
16255 18699 16346
17349 15405 18999
18013 16395 17457
18097 15854 17945
14879 17295 19183
19535 15559 14884
19049 16789 15189
19493 15302 15379
16368 15911 19178
14725 17442 19076
17732 17452 16437
15032 18813 17424
15984 18529 16897
15403 19316 15813
16018 17914 17736
16549 19029 15624
18118 17874 15427
17415 18756 15173
17921 15604 18448
18083 17448 16334
18092 15604 18151
19143 15940 15607
19310 15406 15959
14654 19400 16615
16246 19202 15461
16620 16541 18426
16020 15785 19374
16788 18072 16997
16193 18049 17632
17431 15847 18568
18226 15626 18083
18780 16655 15984
19520 15537 14929
14711 19590 16048
18532 17085 15660
14835 16449 19540
16557 18794 15859
15302 18139 18115
18346 15710 17770
16855 18469 16206
17932 16096 17741
18075 16698 16971
18100 16539 17092
18506 16119 17238
17807 17330 16563
18726 15174 17160
18618 16460 16308
18444 15844 17328
15948 16849 18657
15221 18707 17693
14851 19105 17082
17483 16814 17501
16824 18800 15502
16522 15182 19509
17463 16404 18116
17537 18701 14977
17266 18460 16040
17808 18525 15185
16981 18952 15324
15020 17401 18828
18332 16005 17577
17434 16129 18323
14830 17915 18565
14650 19974 14908
15832 18194 17668
15560 15200 19833
15389 16376 19366
14622 19789 15450
15387 19779 14943
17239 16356 18548
15387 18488 17748
14989 16871 19227
16854 15404 19200
18543 16107 16926
18078 18252 15259
17507 18119 15906
17823 17880 16105
18117 18236 15171
18763 16279 16214
14734 16678 19547
15602 19626 15097
14646 19937 14953
14689 16807 19521
14838 19899 14901
16447 18705 15965
17393 18080 16150
16052 16635 18747
18204 15862 17932
18323 17904 15245
18039 15782 18099
18596 15176 17313
18187 15531 18132
18569 15548 17407
14639 19082 17239
14918 16119 19798
17723 15901 18333
14854 17924 18532
16248 15696 19441
17755 18593 15103
18544 15843 17128
18344 17871 15307
15395 19109 16657
15058 19371 16279
15903 15433 19591
15507 18059 17805
16086 16782 18730
14663 16879 19456
19241 15411 16281
17711 16586 17602
17422 15983 18522
18163 18054 15399
14643 17998 18626
18612 17457 15348
18563 17493 15411
15359 14822 20063
16604 18220 17120
17061 18700 15537
17022 18540 16067
16639 16769 18328
17884 18399 15031
17207 15360 19037
18365 15607 17851
18384 15628 17715
14887 17657 18816
14735 18702 17799
15279 18206 18226
15395 16035 19604
15384 16770 19232
16399 16138 18912
17044 15191 19208
16709 16043 18820
16294 18357 17217
16683 19204 15032
17470 15581 18824
19310 16250 15091
19078 16739 15102
14959 16280 19766
14556 19511 16346
14717 19356 16765
15985 15267 19710
15678 18394 17354
15819 18975 16812
15931 18551 16894
17978 18361 15261
17984 15899 17931
18328 16425 16658
18285 16598 16686
18976 16736 15355
18268 18042 15307
14567 19887 15386
14827 15731 19950
15056 16740 19437
14691 18503 17991
14780 18074 18476
16944 15339 19309
15867 18956 16521
18631 17552 15150
14443 18532 17971
14674 19938 14940
14661 19583 16185
14695 18092 18496
14561 18474 18064
14747 18744 17687
16073 15115 19717
14906 17072 19287
17101 18671 15436
17471 15210 18818
17856 18435 15140
19332 15792 15500
14479 18503 17998
15107 15099 20066
15795 16251 19035
14869 19845 14942
17237 15877 18656
18341 16816 16135
18612 16234 16618
19127 16454 15194
14661 19108 17191
14918 16935 19381
16226 18437 17155
15430 16526 19363
16759 15306 19346
15005 15195 20144
16063 16441 18811
16200 19339 15224
16419 18364 16574
16422 16004 19028
17710 15947 18185
16592 15161 19497
18502 17721 15171
18607 15703 16994
14554 19793 15467
14698 18526 17944
14742 18011 18526
18900 15935 16351
14769 19101 17224
14979 19874 14924
14646 19922 15094
18989 16254 15613
15565 16164 19586
15166 18901 17318
16302 15503 19384
16170 17773 18147
16160 15183 19676
16913 15341 19226
16399 18027 17194
18178 15918 17669
17580 18658 15012
17485 16060 18257
17962 17186 16685
17615 15535 18756
14896 18628 17904
16194 16238 19075
15775 16334 19189
15117 17331 18866
17086 16643 18269
17162 15578 19072
18276 15686 17978
18301 17976 15286
18394 16793 16396
18871 17004 15353
14696 17162 19294
15062 16507 19493
15757 18606 17091
15476 19687 14894
15225 17264 19192
15613 16211 19360
15089 19816 14824
16806 18094 16827
15029 19663 15621
15739 18543 17293
16440 17728 17684
16229 18432 16872
18005 15866 17953
18475 17803 15190
19191 16008 15345
19542 15434 15071
14751 18074 18483
14689 17887 18739
15691 19610 15137
15234 17055 19175
17198 16984 17817
16664 15489 19265
17326 16606 17905
18036 18285 15290
17933 18371 15107
17717 16351 17633
18589 17475 15365
17906 17818 16091
18422 15496 17747
14838 17807 18830
14692 17651 19048
14567 19576 16221
15025 16258 19725
14647 19927 15006
14721 19926 14994
15682 15182 19852
17372 18484 15551
18158 15748 18140
16767 17796 17284
17524 16301 18251
18314 17946 15378
18492 17854 15090
18369 16500 16655
19583 15197 14805
14845 17333 19063
14535 19798 15454
14728 17338 19171
15733 18620 17028
15481 18119 18270
15921 16996 18641
17202 15860 18861
17873 18184 15556
18381 17882 14999
19012 16113 15780
18125 18108 15309
19498 15682 15177
14991 15842 19890
14856 16764 19518
15081 15666 19929
14929 15486 20084
15164 17563 18787
16157 18963 15940
16901 15623 19022
14863 18730 17620
15471 18565 17257
18130 15767 18003
17102 17770 16734
18071 16846 16986
18039 16402 17173
17690 15480 18735
18759 17368 15232
14810 18423 18083
15207 15143 20041
14873 15661 20004
14840 17257 19272
15941 17172 18448
16550 18666 16148
15235 15983 19646
16198 15324 19673
15793 16199 19440
17692 15850 18429
17833 15672 18278
18882 16333 15582
18964 16381 15511
18924 16285 15593
18940 16389 15499
16070 19030 15577
16007 18914 15654
19402 15570 15411
16017 19001 15578
16718 16656 18253
16115 18884 15612
17253 18262 15598
18852 16015 16092
17925 17900 15417
17502 17995 15630
15966 16529 19104
17471 18007 15741
17908 15841 17851
15269 19531 15225
16091 17570 18046
16039 16335 19222
15005 19153 16452
19308 15796 15372
16358 17796 17434
15211 16834 19194
16215 19091 15466
16112 16274 19165
16013 17032 18586
15091 19685 15176
17781 17512 16420
16832 18684 15371
16110 16487 19153
15448 17266 18769
19138 15686 16021
17809 17965 15466
14763 15065 20147
16426 17259 18112
16593 17838 17033
16028 17360 18270
15756 18073 17495
15562 19131 15668
15807 16761 19013
15519 17181 18916
16685 18322 16154
15221 18260 17819
16895 18649 15402
17871 17425 16218
18210 17111 16126
15712 18695 16624
19058 16168 15549
15644 18975 16063
15605 18921 16135
16029 18345 16732
17061 18573 15338
16235 17016 18628
16928 18189 16385
16228 17024 18537
16087 18488 16276
15841 16075 19456
17919 17328 16347
15564 17027 18956
15599 17199 18859
15480 18709 16670
14972 18786 17068
16730 17218 17712
16381 16949 18361
18293 17117 16010
15565 16712 19186
15263 18296 17790
16482 18589 15956
16090 18679 15976
16914 18812 15210
15710 19002 15717
19306 16070 15308
15698 18130 17509
16382 18531 16099
17227 17365 17280
14991 19149 16464
15533 18249 17774
16677 16485 18513
15856 18720 16432
15305 16337 19569
16647 17111 18156
16817 18782 15466
16615 16725 18299
15496 18971 16190
18905 15975 15975
15188 18257 17951
17163 17900 16320
15572 17244 18879
16614 16639 18389
15173 18710 17331
16579 17864 16990
16445 17257 18105
16842 17943 16386
16718 16822 18201
17082 18608 15300
15096 18836 17001
15597 17149 18945
19263 16090 15311
15613 17733 18172
16396 16858 18513
17146 17182 17403
16377 18443 16225
18827 16252 15972
15104 18779 17159
15619 17749 18123
17163 18600 15270
16152 15954 19375
18931 16113 15935
15560 19404 15379
16176 17050 18528
16613 16361 18721
16822 17737 17027
15138 19295 16010
16340 16289 19026
15144 18755 17223
16342 18143 16713
14809 15025 20153
15417 17388 18661
16257 16099 19195
16718 16325 18567
18877 16516 15496
15067 19395 15559
15955 17296 18417
15855 19279 15313
16737 17949 16860
18225 17099 16097
15718 17029 18798
16467 16318 18959
16313 16861 18539
15199 16806 19217
16935 18580 15438
19306 16185 15227
16472 16292 19005
15590 17996 17650
16467 19017 15235
17046 16138 18446
18405 16875 16043
16560 18528 15687
15304 18366 17648
15197 18209 17824
16535 18185 16485
15755 17914 17930
16153 17326 18138
16088 17554 18087
15967 17805 17931
16310 17147 18283
15978 18342 16849
16440 18747 15585
17131 17251 17347
16567 18078 16744
15696 15121 19861
15289 18135 17986
18412 16237 16559
19509 15204 15430
17918 17698 15685
15133 18763 17057
15819 19277 15460
15624 17424 18512
16301 16516 18890
17606 18121 15336
17432 18248 15335
15468 17798 18371
14934 18968 16919
16407 16561 18616
15973 17631 18030
16693 16396 18508
15281 16398 19574
15134 18616 17335
16723 16932 18158
15597 19123 15608
15709 18547 16758
16758 18509 15701
15859 18651 16724
16346 16619 18783
15387 17229 18990
17297 16839 17552
16545 16740 18458
16128 18683 15958
18633 15937 16730
15854 19039 15630
15091 18647 17399
15704 17338 18569
17240 16722 17863
16860 16293 18533
18793 15934 16421
19334 15981 15220
15277 19427 15348
18265 17213 15959
16126 17553 18014
16201 17151 18398
16940 18769 15201
18711 16193 16242
16121 17114 18483
16939 18778 15266
16981 18798 15099
17415 17274 16910
15971 16689 18926
17275 17252 17138
14964 19102 16625
15140 19607 15268
15596 19393 15329
16349 18028 17166
16856 16618 18263
16963 16322 18452
15199 18277 17805
18110 17897 15336
16918 18325 15801
17940 15521 18209
16470 16776 18523
16639 18234 16378
16323 17259 18269
15894 18263 17321
19491 15576 15263
15869 19246 15321
14745 19616 15456
15558 19193 15668
15129 19608 15242
16588 16087 18972
15025 19614 15257
15625 19410 15296
16298 18863 15527
17448 16572 17761
19246 15674 15612
19319 15986 15179
15264 18462 17382
16245 18177 16699
19546 15343 15293
19464 15397 15319
15197 17327 18959
16436 17090 18305
16210 16881 18636
16157 19124 15404
18080 15586 18053
14853 19459 15836
16990 16818 17791
19523 15129 15452
15248 18538 17372
15428 18410 17365
17955 15566 18172
18324 17023 16055
19557 15293 15201
19555 15180 15337
14660 14834 20293
14912 19278 16255
14733 15077 20177
15634 17841 17997
15776 16031 19581
15473 18338 17341
17330 16738 17862
17059 15729 18826
18141 17466 16067
16838 17831 16864
14809 19073 16821
14983 19350 16138
16052 18601 16092
16552 18423 16061
16832 16880 17906
15241 18435 17494
15986 17063 18765
16282 18525 16125
15675 18854 16046
14580 19810 15248
15332 18697 17219
17099 18643 15278
14831 19650 15391
16049 18528 16489
15799 19424 15086
18130 17247 16080
16247 19078 15341
14808 19145 16633
17114 15538 19201
18705 16217 16198
19366 15948 15286
14730 19500 15772
15220 16484 19526
16744 17123 17704
14856 15697 19971
15418 19569 15163
16520 15827 19286
15265 18647 17254
15859 17542 18339
15610 18548 16972
17403 15611 18676
14536 14921 20238
14928 19282 16156
15750 19489 15030
16343 16427 18880
16263 17578 17885
19557 15236 15260
15579 18710 16646
16116 17593 18034
18199 16985 16138
18394 16554 16461
16857 16408 18481
14636 18967 17040
15818 17313 18349
14828 14823 20213
15605 17833 18068
15673 19221 15558
15278 19649 15165
17000 18734 15329
17495 15813 18384
16647 16890 18245
16061 19199 15430
15795 16595 19229
15961 16096 19417
15236 19667 15139
14848 19830 15021
16056 19035 15577
14915 19798 14985
16492 17129 18080
16016 19259 15222
16774 17959 16825
15259 19501 15281
16786 18764 15492
15256 17766 18572
16901 17339 17431
17390 16853 17517
15199 19703 15086
16987 18084 16336
17134 17987 16248
14562 14787 20326
17362 17754 16520
16462 18729 15824
17847 17313 16449
19142 16523 15141
16816 16425 18284
17249 15604 18975
17547 17201 16871
17720 18173 15227
17135 18199 15962
17170 15466 19094
15157 17282 18980
15801 18419 17127
15191 18565 17367
16539 15998 19134
17117 15427 19184
19378 15880 15195
14557 14853 20292
15275 19594 15188
19242 16343 15278
15839 18438 16811
17965 17869 15646
19616 15195 15149
14504 19799 15364
16555 18257 16251
17698 17135 16824
17388 15481 18754
19182 15804 15789
16661 17632 17358
16713 18333 16085
15315 18205 17983
16487 16232 19124
17354 15501 18896
15198 18410 17632
15125 19674 15146
16022 17104 18512
16622 18011 16880
16274 18123 16911
17470 16788 17596
14622 14836 20287
16217 18082 17239
18910 16420 15555
14423 19654 15806
15661 19458 15092
18845 16411 15871
15836 16172 19443
15913 18427 16808
17441 15643 18639
16799 18627 15499
17208 16324 18186
19002 16616 15266
19123 15253 16476
14599 14847 20306
16030 17925 17541
17056 16238 18427
16607 17385 17574
17273 15448 18930
15977 18664 16358
14914 19796 15015
14641 18970 16998
16163 16247 19153
16393 16803 18551
15431 17280 18757
17090 15623 18948
14822 19792 15029
16729 15541 19223
16652 17123 17979
17330 16085 18454
19147 15905 15813
18047 15678 18084
14953 18666 17439
17019 15811 18761
16688 18246 16152
16471 17982 17153
17158 15754 18820
16688 16133 18896
16928 18267 15965
17957 17554 16036
17735 16278 17668
15209 19723 15027
16104 17347 18100
15361 19576 15136
16565 18957 15298
18001 15711 17994
16321 17800 17657
18439 17009 15931
15232 17503 18902
16498 18511 15857
17845 15861 17886
16694 16327 18768
17231 16387 18103
17316 15363 18980
15141 18571 17355
14608 14808 20295
14728 19307 16439
16238 15753 19359
17571 16313 17873
18084 15916 17734
14927 19232 16284
16561 16625 18522
17929 17587 16111
17139 17271 17307
17120 15430 19170
14885 18955 17094
14593 14708 20338
15424 18555 17282
19005 16586 15363
16036 17933 17415
15373 18730 17019
17767 16242 17677
16174 16972 18686
15322 17234 18986
15698 19441 15273
15382 17438 18694
16533 16556 18695
17209 17062 17444
15859 16842 18889
17027 17804 16682
19352 16023 15175
14757 16357 19689
15181 18748 17057
15718 18683 16663
17303 17720 16575
16689 17229 17872
16462 17319 17995
16299 16930 18494
18429 16146 16790
15851 17713 17994
15926 18026 17342
18482 17104 15654
17917 15754 18251
15267 18749 16925
15044 19042 16434
16152 17382 18062
17238 17027 17674
15599 18604 16741
16111 18453 16725
15855 15971 19589
16239 17687 17952
17280 15588 18743
18699 15753 16627
17929 17254 16386
15370 18637 17088
15433 19006 16180
15462 18012 18052
16929 18791 15204
17374 15472 18913
18566 17185 15417
17019 16600 18032
15698 18505 17024
15236 18559 17314
15674 18900 15985
15715 18984 15741
17384 15584 18723
17047 16807 17965
18537 16472 16317
15733 15520 19739
15096 16136 19705
17801 15958 17977
17227 16553 18072
16591 15545 19294
17465 17487 16500
17590 17239 16774
15855 18773 16183
16692 17480 17534
18797 15954 16360
15213 18931 16570
16405 16577 18834
17252 16207 18268
17926 15830 18234
18452 15926 16872
15655 16974 19050
16431 18366 16194
16993 16086 18535
16837 17264 17645
15858 19243 15357
15054 18537 17733
14988 15939 19819
16780 18609 15670
16584 17713 17373
17092 16204 18327
15829 18772 16396
16613 18396 16085
17614 16255 18168
15481 19598 14911
17318 17963 16264
17469 17231 16958
15889 15245 19819
17492 16403 17859
16107 18019 17301
15024 19695 15129
17309 15899 18701
18302 16135 17129
14957 19716 15201
15331 15182 19966
15991 16992 18794
16004 17191 18425
16083 15341 19778
15818 18515 16828
15655 18196 17493
17721 18082 15408
17552 15632 18665
19210 16359 15327
17040 17956 16330
15197 17248 19017
15697 15810 19733
16561 17819 17050
16866 15871 18953
17753 18195 15199
17934 16991 16666
19403 15841 15288
17594 18086 15444
16548 16689 18411
15197 17767 18554
16438 18961 15366
17317 16359 18085
16489 17186 17937
17374 15552 18839
15191 19749 14995
14850 15563 19987
14860 19590 15419
16023 15296 19801
17032 18196 16138
17728 16275 17679
15124 16953 19298
15996 16521 19089
15421 17387 18801
15987 17034 18728
15046 18453 17771
16196 17776 17801
17102 16216 18289
17949 15735 17987
14699 14750 20293
14634 14731 20302
15625 19288 15533
15488 19648 14877
17770 16192 18005
17520 16954 17210
18048 16296 17378
14851 18730 17335
18236 17072 16025
17849 15844 17990
17175 17129 17403
15905 18562 16586
15300 14860 20096
18997 15974 15940
14561 14812 20334
14518 19296 16546
16734 16282 18664
15617 18888 16212
15312 19378 15563
18145 16897 16661
16057 17557 18075
17552 16678 17565
18612 16071 16528
18867 16761 15482
18095 16192 17281
16588 16421 18597
16142 16451 19127
16978 18060 16379
16053 16060 19355
16901 17399 17322
18120 15763 17848
19498 15356 15447
14994 18513 17742
14857 15634 19954
15892 16431 19273
15041 19711 15063
16583 17034 18280
16963 15900 18830
19047 15954 15952
19415 15310 15662
18975 15936 16157
16273 17685 17751
15591 18931 16206
17660 18244 15165
15007 18602 17537
15038 19093 16799
14817 19858 14963
15218 19736 14932
16062 17377 18161
14844 15508 20000
15861 19369 15278
18527 15469 17510
16198 17327 18131
16820 17242 17648
16498 16910 18378
17382 16486 17950
17440 16088 18216
15585 18902 16347
17303 17513 16727
17777 16781 17076
18462 15531 17599
19525 15229 15418
14538 19839 15205
16787 18609 15629
17294 17354 16863
18256 15486 17971
17287 17246 17098
15549 19594 14823
14912 17388 19020
15520 15524 19900
16161 17152 18482
16665 18353 16080
16588 17717 17153
16448 17377 17941
16618 18265 16214
14514 14748 20337
14750 14849 20263
17968 15787 17955
15873 19315 15308
18884 16859 15302
15051 19002 16854
17493 16352 18029
17982 16350 17176
15876 17410 18342
14940 17788 18616
15010 18574 17666
15959 19343 15114
16222 15775 19393
18138 15913 17720
18719 16443 15986
15136 18936 16961
14902 17262 19066
15298 18773 16858
18578 15565 17370
15744 18436 16851
16043 18232 17173
16022 17597 18157
15604 18944 16082
17475 15879 18302
18014 17553 15952
18144 16446 17086
17016 15502 19215
18005 17648 15721
17548 15787 18552
15219 17256 18992
16182 17847 17718
17574 16784 17374
18292 15649 17847
15001 16737 19440
14907 19810 15002
17694 15824 18280
16916 16842 18155
17774 16629 17122
18292 15882 17465
18272 15416 17963
18458 15659 17475
15206 18336 17754
14977 17102 19313
16613 15305 19428
16190 15854 19459
15173 16903 19243
16658 18909 15329
17310 17872 16283
17365 17813 16297
15064 18506 17575
15388 16552 19477
15621 16608 19311
16891 17902 16528
17229 17036 17706
17365 17360 16862
17933 15608 18176
19302 15827 15318
15376 17007 19017
14796 19866 14945
15139 19496 15405
16279 16399 18993
15390 17684 18566
15927 18720 15987
19359 15867 15312
15061 16879 19396
14613 19727 15526
14561 19780 15404
14703 19761 15521
15260 14779 20155
14787 15872 19970
16590 15983 19031
15540 17754 18244
16720 18510 15810
17782 16214 17815
18353 17777 15382
15567 19585 15022
16109 15364 19635
18049 15636 18006
15026 19071 16869
17475 15518 18735
15685 16666 19145
17482 15963 18194
18495 15520 17514
18368 15720 17719
19391 15893 15121
19311 15527 16019
18258 16972 16143
19059 16329 15487
15467 16415 19414
17584 16282 17810
18777 15319 16983
15083 17245 19059
14989 17148 19203
14627 14729 20315
14878 19468 15565
17068 16272 18277
17030 18264 16106
15459 14925 20053
18699 16192 16366
14896 19417 15691
16365 15725 19437
16137 18430 16728
14731 18729 17495
15960 17311 18347
16742 16997 17997
18276 16864 16165
18177 16727 17024
18484 16951 15916
16637 15819 19230
15074 16282 19749
14625 14718 20317
15824 16500 19210
14704 19655 15565
16079 17877 17608
16542 19098 14918
17382 15485 18788
16611 17923 16903
14753 19159 16640
14893 14999 20174
15158 19516 15233
15176 19003 16405
15385 16087 19716
15550 18192 17751
16475 17855 17158
17074 16063 18651
17906 15473 18280
14713 18932 17097
16481 15943 19220
15639 15002 19876
16051 17435 18171
15704 16097 19635
16520 17804 17357
18114 15473 18150
19012 15962 15911
18538 17482 15287
16325 18048 17010
15737 16999 18920
16424 16892 18445
18219 16798 16258
15289 16672 19329
15835 16711 19024
14428 18965 17195
14532 19104 16899
15269 15998 19758
16000 17281 18661
18074 16827 16802
18291 17723 15506
15096 16395 19620
15197 14767 20175
15401 18601 17055
15702 19433 15292
16661 18911 15254
17666 15475 18583
16953 16810 17825
18170 17325 15977
18197 17160 16043
18228 16766 16352
19591 15387 15199
15681 16447 19377
17129 17585 16986
15575 16709 19207
17351 16242 18216
17684 16819 17324
18785 15613 16982
19126 14986 16427
18483 15538 17536
15685 19372 15460
15306 19486 15262
15101 16461 19541
14972 14962 20194
16500 16484 18730
15588 19556 14978
17379 17509 16822
18101 16735 16880
14847 15537 19999
14991 19438 15630
17442 15702 18586
14786 19146 16634
15050 19004 16888
14744 19147 16666
15207 18995 16617
17545 16913 17465
15768 17012 18825
18138 15465 18057
15768 19374 15320
15189 18435 17789
17017 17655 16999
17526 15497 18679
18165 17172 16228
15490 17880 18272
16857 17903 16421
16106 15402 19680
16414 18762 15711
14975 16996 19317
17090 15761 18815
17372 15694 18699
15307 17003 19101
14801 15037 20156
16237 16459 19078
16038 15820 19608
18628 17302 15357
14490 19583 15938
17428 18195 15468
15129 16692 19461
14596 19127 16868
14777 19498 15815
18052 17038 16525
16819 18334 15840
19155 16442 15255
18015 16895 16829
14762 19362 16273
14993 16975 19291
15799 16045 19514
18909 16724 15461
18774 15599 17075
17079 17929 16305
16383 14996 19585
18165 17160 16236
18459 17559 15270
15001 17350 19037
14765 19490 15986
17367 15536 18846
17281 15976 18654
17229 15467 19013
18986 16167 15753
19122 16593 15151
14973 18782 17207
16855 17807 17026
16010 16666 18929
16038 19103 15442
18702 15591 17146
18734 15634 17035
15579 16312 19485
17134 16489 18147
17413 17236 17073
18127 16145 17614
19384 15933 15131
15108 15996 19760
14537 19926 14986
15362 17270 18984
15626 16545 19350
17403 17539 16480
19420 15598 15311
15511 19555 15032
15539 16544 19353
15640 18887 16169
16861 18869 15139
18505 15726 17384
18507 17388 15502
15539 15951 19808
15355 19706 15048
16030 17483 18244
16196 17090 18418
16893 15886 18883
16706 17444 17566
17152 16039 18474
14388 19027 17032
18599 16223 16453
15954 16905 18809
17727 16993 17184
17067 17526 17151
14809 15733 19959
19296 15328 16046
19493 15698 14931
15711 16919 19013
14891 19328 16182
16807 16276 18554
17240 17826 16540
18237 15488 17967
18436 15742 17407
17635 18261 15278
14511 19922 15039
14942 19205 16462
16346 16814 18574
18403 15762 17583
17737 15440 18488
14527 19933 15017
15720 16831 19066
15984 15913 19480
15863 18611 16597
17349 17900 16177
16992 15595 19101
18679 16023 16499
18466 15800 17332
17564 15566 18626
17769 17990 15607
15543 15734 19816
15586 18267 17232
14792 19788 15084
19324 15542 15888
14839 15599 20005
14755 19044 16928
17492 15734 18584
17021 16272 18458
16836 17690 17032
17651 17011 16992
17655 18309 15217
14882 17297 19086
14716 19498 16025
16126 18636 15962
19369 15992 15166
19415 15837 15097
14589 19898 15036
15528 15024 19991
16387 15865 19352
16115 15378 19611
15454 18191 17956
18094 17386 16171
18065 17956 15375
18100 16490 17117
17302 17994 15992
19589 15291 15248
14507 19940 15026
14603 14692 20344
15294 18038 18193
15350 18465 17303
14698 19803 15321
14691 18293 18106
15600 17571 18543
16798 18833 15141
18389 17038 15734
18133 17874 15334
19549 15436 15219
19255 16113 15301
15355 14973 20085
16306 16985 18312
18226 15745 17907
18335 16004 17417
17970 18007 15415
14723 19481 16049
14671 19859 15103
15906 18389 16954
15282 19206 16153
15632 17107 18792
19175 16382 15448
14470 14893 20296
14988 18042 18487
15038 17200 19098
16917 15687 18919
18870 16168 16057
14645 18821 17434
14593 19372 16435
15631 17866 18057
14630 14730 20303
15476 16583 19391
17371 17134 17168
19510 15253 15423
19243 16116 15709
19049 16338 15543
15140 19088 16387
19353 16115 15143
19288 15473 16042
15743 16262 19537
19192 16148 15413
15465 18665 16696
15876 17855 17638
17234 15211 19010
17606 18194 15330
18043 15386 18221
15051 17860 18568
14866 19865 14922
15324 17271 18970
15820 19464 14917
16823 18333 15780
16850 18910 14918
14955 17160 19181
14807 19329 16183
17030 16302 18286
15518 18507 17076
17383 17479 16573
17749 17553 16198
17208 15370 19056
17957 16327 17541
14938 16084 19781
14250 19246 16826
14775 14748 20300
16478 19126 14900
17168 16190 18416
16128 15280 19713
17965 18066 15246
17737 15412 18567
15025 17828 18594
16322 15501 19608
17912 15588 18278
19374 15477 15719
17619 17165 16863
15136 15261 20038
15312 17611 18776
17257 15678 18843
16866 18878 14921
17049 16669 17928
18546 17435 15268
19327 15200 15878
15282 19094 16299
16440 18262 16304
16106 15252 19739
16906 17223 17484
18266 15867 17487
18059 15392 18171
17233 15359 18986
15114 19453 15462
16002 18261 17098
16001 17936 17448
15489 18536 17000
16972 17118 17683
16769 16431 18487
16941 15556 19172
15810 19095 15577
15275 17431 18874
15797 15495 19741
14906 18299 18066
16522 18119 16703
17411 18253 15420
14563 19404 16421
15375 17574 18814
14843 19908 14893
18032 16970 16653
17821 18118 15255
15102 19202 16415
15568 19586 14941
16281 19261 15022
17379 16125 18173
18041 18022 15239
18878 16392 15574
18672 15913 16915
19118 15885 16152
16635 16942 18184
14978 18196 18266
15116 18832 17021
16200 15816 19431
16479 17180 18082
15430 18072 18005
16751 16595 18404
17880 15383 18366
18282 16889 16128
17278 17997 15952
18458 15644 17544
16447 18745 15589
14794 19906 14937
17272 16858 17769
15205 18152 18134
16323 19179 14825
17538 18375 15058
16997 16451 18246
17427 18240 15464
17740 16955 17100
17863 18145 15217
14836 18826 17315
14822 15944 19922
18879 16376 15907
15152 17626 18839
15127 18430 17920
16943 18568 15374
16760 16308 18576
16129 15890 19590
15712 17793 17986
15192 17807 18608
14361 19074 17036
16497 17963 16955
16960 15663 19127
15265 18094 18110
14618 19911 15011
16109 15237 19754
16668 17688 17163
15661 17822 17997
16084 16787 18841
16682 17643 17113
18356 17705 15566
18474 17502 15676
14697 15399 20120
15345 19262 15822
15459 19101 16069
15918 19301 15252
16676 18856 15225
16760 17459 17508
17640 18354 15141
18253 15663 17809
17883 15950 17864
18303 15591 17926
17613 18186 15318
19504 15420 15283
15069 16804 19373
15513 14970 20052
14689 19620 15751
17411 16602 17795
14987 16953 19305
15807 15031 19832
14511 19938 14951
15726 16775 19038
16259 17031 18395
15751 17560 18408
17052 18071 16286
16899 15948 18864
16145 17407 18084
16749 15385 19388
17913 16323 17624
18221 15515 18046
18554 17403 15268
19385 15439 15839
14487 15096 20196
15141 15673 19912
14890 19681 15230
15432 14988 20059
15307 19345 15688
18442 16305 16529
18422 16412 16485
15353 16976 19028
15066 17949 18561
16715 15515 19254
15867 17524 18163
16401 16411 18875
17723 17274 16771
18212 16364 16954
18183 17896 15198
19479 15242 15612
15599 16195 19682
14528 19918 15045
15442 16400 19429
15515 18606 16751
15686 15525 19837
18401 16406 16587
19527 15491 15207
14578 19911 15193
15564 15129 19933
15188 17874 18456
15655 16343 19436
16288 16313 19041
16895 17612 17329
15998 18489 16727
17996 15458 18221
19459 15458 15601
19536 15365 15241
15823 14778 19837
17506 15910 18285
17259 15698 18764
17293 17384 16857
18273 15849 17753
16740 15788 18983
17677 15469 18502
17987 16239 17510
17539 18289 15311
19259 15400 16206
15081 17142 19278
16012 18734 15952
17185 15615 18907
17591 16824 17301
19064 15406 16630
17286 15367 18978
18548 15993 16776
19230 15631 16141
19389 15418 15871
15283 18380 17534
15046 16579 19518
14916 15907 19884
15951 18641 16448
15348 18983 16504
15254 17722 18632
15372 18888 16504
14165 19117 17002
15164 19017 16312
18083 17125 16399
17970 15331 18246
15063 16160 19765
15126 18262 17971
14994 18728 17355
16797 18413 16012
17224 18147 16012
17868 17278 16454
19465 15763 14996
15080 16065 19748
14536 18774 17446
16394 17408 17855
16762 18945 14906
17009 18291 15757
17335 16387 18007
18047 15593 18115
15199 17801 18543
14711 18923 17234
16301 18777 15938
14861 19871 14904
16281 17900 17459
15797 17702 18245
17080 15948 18702
15784 19169 15511
16872 18833 15082
18104 17204 16202
14792 18679 17685
16826 15784 18959
16178 16633 18883
17660 18227 15285
18121 17229 16090
18190 16603 16872
18159 17910 15250
18071 17736 15645
14596 14920 20268
15458 19275 15778
16844 18910 15119
15140 19783 15011
17967 16000 17833
17861 16971 16787
17042 15546 19187
17814 16576 17347
16843 17911 16759
17118 17259 17394
17884 15644 18314
19327 15592 15835
15204 17696 18680
16001 18632 16148
17148 18707 14902
18839 15723 16728
18038 17633 15937
19520 15519 15230
19319 15283 15915
19401 15607 15696
14906 18270 18135
16425 16392 18998
16587 18305 16175
16664 19004 15218
16618 18475 16043
16853 18897 14892
16877 17282 17475
16640 17379 17907
19013 16455 15454
17610 16718 17505
15230 18103 18235
15289 17822 18492
16169 16527 18945
17208 17368 17006
17430 18470 15267
17687 17796 15896
15232 17459 18946
14963 16070 19797
14668 19883 15078
15338 18638 17035
14660 19554 16173
16652 18402 16070
14605 14618 20340
14686 19549 15941
14909 19258 16290
15731 16340 19279
17314 15572 18799
16720 16413 18501
18200 17525 15588
18103 17771 15538
17740 18076 15527
19101 16523 15228
15911 16727 18940
14671 19434 16243
15359 18133 17962
16215 18141 17115
17892 15644 18287
17582 18100 15518
18377 16686 16444
14447 19791 15373
15758 16173 19584
16056 17650 18003
17715 18290 15149
16854 17352 17446
18625 16333 16207
19000 15367 16667
16449 18614 16037
15564 16504 19402
15023 18395 17930
15162 18368 17880
15171 14959 20178
15164 18817 16930
16434 18928 15517
17549 18303 15237
14554 19918 15018
15999 18281 16806
15616 18831 16574
16027 15360 19729
16815 15365 19387
15536 15036 19957
17544 17194 16882
16679 15171 19439
17960 18058 15257
15374 17772 18523
19029 15653 16440
17036 18223 16040
17702 18149 15270
15192 19581 15199
18026 15403 18180
14520 18808 17435
18084 15799 17783
14444 19942 15095
15698 16341 19293
17736 17506 16469
16229 16785 18674
17337 16253 18169
17958 16461 17418
19132 16582 15181
15521 19444 15271
14947 15659 19937
16651 16367 18549
15253 19745 14915
15812 18524 16751
16583 15348 19519
17720 17532 16331
17320 18563 15330
15751 19018 15699
14896 16714 19525
15471 18357 17662
17551 15718 18519
17344 15724 18681
17751 17171 16811
15563 15029 19947
16382 16955 18345
18394 17548 15283
15262 17761 18559
19128 15667 16246
18131 15446 18141
14469 19077 16959
15125 16229 19688
15291 14781 20134
14791 16484 19653
15843 18821 16051
15853 19080 15658
16432 15555 19423
17581 18124 15603
18047 18063 15186
18010 17328 16251
16687 15717 19080
15444 18491 17237
14849 16204 19787
15422 17266 18902
14746 15362 20143
14724 16448 19665
15574 19563 14954
16172 16524 18939
17247 18037 15973
16089 15308 19687
17822 15903 17956
17662 17674 16153
17449 16282 18105
17324 18534 15292
19493 15575 15290
15117 16586 19490
19522 15345 15364
19519 15115 15453
19526 15398 15254
14667 19309 16473
17586 17100 16912
17876 16241 17673
17251 17589 16792
17187 16114 18401
18078 15828 17821
18213 17301 15989
15912 15455 19684
14691 19559 15633
17591 15890 18286
17792 15703 18345
17020 17722 16841
18034 16734 17031
14646 19158 16725
14934 19870 14883
16405 15308 19550
16098 16052 19428
16374 17315 18065
16566 18314 16165
16481 19108 15178
17951 18131 14994
18284 17334 15798
17498 18267 15314
14372 19928 15143
15837 18672 16526
15442 15954 19770
17168 18257 15742
17615 18280 15229
17479 18543 15186
18249 16334 16870
17885 17770 16105
16042 19047 15533
19160 15465 16334
14567 19484 16286
14191 19113 16944
15643 16908 19132
14790 19106 16843
15639 16667 19306
15526 19620 14899
15771 15680 19687
15624 15688 19834
15337 17999 18327
18003 18038 15245
16638 15483 19411
18376 17527 15567
16608 18826 15566
17859 16447 17582
16827 17939 16619
18857 15614 16880
19194 15963 15732
16523 18972 15258
17188 16190 18290
17101 15560 19093
17352 16549 17847
18489 17467 15325
15961 18677 16027
14865 18764 17236
15269 17652 18706
17636 17891 16122
17211 17049 17482
16639 15342 19410
17366 17569 16543
19107 15544 16287
18953 16135 15830
14714 19555 15747
14717 16349 19700
15599 14918 19973
15766 16570 19254
16118 18549 16128
17217 16347 18172
17735 16593 17644
17772 18064 15432
19255 16018 15399
18995 16564 15482
14567 19051 17027
14972 19504 15489
14652 14845 20272
14880 19628 15280
15390 15035 20081
15475 15044 19977
16143 18454 16386
15713 18521 16969
19095 16592 15165
14402 19830 15359
14723 19423 16160
16606 16654 18335
15639 15220 19857
14720 19711 15248
17919 17920 15546
16541 16949 18357
16307 16862 18506
18264 16266 16979
14673 19522 16200
15120 17102 19133
15149 17472 18940
14959 19803 14950
15202 14840 20129
16347 15163 19684
15739 18475 17220
18268 17889 15300
17146 16655 17966
18414 17506 15437
15462 18136 17838
15498 16792 19176
15299 17747 18574
15055 19857 14929
15069 18480 17565
14971 18087 18444
18157 16743 16538
18959 16134 15794
19090 16509 15368
15153 17771 18687
14481 19936 15079
17720 15504 18446
16142 17229 18364
17199 17122 17324
18129 18040 15214
18896 17232 15147
16141 18220 16863
14916 18713 17387
14984 15922 19826
14944 19414 15863
15773 14872 19898
14771 19895 14996
15041 17979 18463
16586 15491 19375
16175 18770 15948
18690 16469 16190
16771 18892 15137
18939 15182 16817
19068 16657 15265
15793 16849 18915
18024 15689 18166
14593 18972 17026
15134 19126 16224
15254 18703 17050
15407 17748 18542
18010 18123 15213
17474 17519 16491
18318 17754 15429
19395 15387 15717
19625 15180 15109
14995 19766 15123
16109 17944 17287
16942 17380 17181
17123 17182 17616
17266 17524 16980
17903 15979 17855
18370 17769 15418
19013 16540 15274
19434 15813 15233
14722 19227 16706
14430 19914 15125
18568 16704 16074
16687 17777 17086
14453 19923 15106
15948 18897 15969
15441 19102 16095
15648 19504 15022
16674 18229 16340
17657 15420 18611
17655 18333 15169
19209 15491 16205
17987 15673 18168
14568 14793 20320
14584 19610 15883
14440 19837 15290
15823 17126 18713
15128 19385 15546
15345 18443 17363
16442 15230 19557
16048 19307 14667
16298 17520 17902
17701 17630 16308
18823 16428 15657
19503 15317 15398
15244 14844 20114
15470 14776 20135
15233 17881 18397
15724 16996 18926
17105 16953 17784
18689 17446 15190
15829 14770 19868
18757 17255 15302
14725 19345 16422
15099 18958 16847
15783 19403 15121
15877 15192 19826
15476 19606 15030
14727 18450 17954
15227 19597 15177
14428 19854 15199
15258 18515 17483
15662 18040 17600
18519 15845 17194
17847 15425 18411
18785 17328 15159
14627 15114 20167
15116 17889 18531
15471 19614 14989
15050 19705 15125
17812 15487 18418
17163 18621 15265
17252 15464 18920
17605 17037 17173
16008 19338 14958
18958 15432 16694
18587 17107 15511
14698 14774 20297
14680 19599 15882
15388 19687 14961
15572 19055 15800
17965 16618 17284
17205 17055 17603
18137 15569 18128
19129 16233 15494
15019 16543 19567
14820 19801 15034
16105 18274 16981
16178 18288 16720
19243 15640 15801
18404 16351 16612
14414 19911 15198
14954 15481 20087
17337 17609 16675
15998 18343 16773
16789 16425 18460
18000 16766 17076
16743 16883 17901
14455 19189 16746
15059 18111 18343
17505 17679 16440
15644 17408 18456
18542 15547 17380
18398 16017 17015
14952 16766 19463
15335 15059 20094
16760 18831 15334
18747 15650 16920
17939 16568 17376
18405 17080 15723
18391 17618 15463
18824 17287 15279
19299 15611 15642
14622 14989 20234
14570 19579 15930
14587 19744 15624
14942 19829 14973
16081 17344 18190
18622 16276 16266
18457 15507 17694
18879 17155 15363
17549 18190 15415
19569 15430 15153
14661 15062 20221
16406 18475 16074
16470 15224 19579
15662 16713 19180
18228 16142 17176
18936 16611 15382
16681 18022 16803
17339 15877 18628
18188 16644 17015
18120 16167 17556
15420 19206 16049
14436 19103 16914
14574 19808 15263
14623 19420 16306
15248 18775 16915
15655 16001 19653
15772 18031 17619
17167 17857 16424
16253 19255 15298
15999 16550 19083
16818 16848 17984
17401 18209 15687
18110 17327 16137
18584 16057 16685
19326 16198 15165
17071 15708 18879
14464 19912 15100
15691 16639 19176
15664 19026 15845
17555 17464 16848
16609 19044 14826
18023 17369 16229
18332 17447 15716
18790 16406 15903
14618 15072 20207
15020 17257 19159
14658 19430 16276
15128 16365 19680
15329 16827 19211
15095 18579 17412
18156 16015 17379
15503 18996 15994
16422 19074 15522
16734 17846 17021
16569 15433 19522
18737 17369 15247
18800 17220 15394
14835 15329 20090
15029 15911 19869
17391 15690 18619
18769 17073 15453
18011 16750 16962
15127 15944 19812
18712 16096 16498
18174 15558 18029
19441 15813 15149
15284 15506 19929
15181 18258 18228
17355 15567 18788
16701 18977 15219
15995 19352 14998
16777 16198 18844
17070 16581 18143
19010 16164 15652
19037 15502 16613
14416 19841 15217
14511 19064 16902
15746 16783 18949
14714 19283 16625
16658 15267 19424
17001 17349 17315
18459 17625 15161
17757 18154 15213
17451 18508 15195
19015 16896 15169
15019 16596 19488
14441 19275 16661
14833 15780 19950
14671 19649 15875
14793 19602 15499
15953 16779 18907
18544 17554 15211
15314 15182 19999
15416 18779 16579
15656 14914 19908
16236 15630 19494
15898 14703 19881
15165 19600 15166
16692 17019 18046
17812 15605 18392
16417 17780 17494
17285 17119 17373
14846 18319 18103
15093 18311 18036
16113 19287 14863
15850 16338 19432
17149 17830 16442
17813 18297 14934
17211 18522 15462
18196 16993 16525
18606 16552 16185
17895 18044 15391
18931 15248 16872
19295 16439 15255
14580 18925 17201
15017 19674 15276
15656 17104 18866
16149 17818 17912
15231 19366 15634
18722 16632 15641
19497 15596 15243
15089 17008 19284
14744 14598 20313
14707 19496 16104
14754 18837 17200
15108 17405 18986
18918 16307 15732
16530 19096 15151
18091 15800 17774
18219 17865 15454
17404 18363 15449
19460 15334 15466
19235 16479 15158
18537 15513 17493
19614 15269 15218
15088 17923 18461
14633 19672 15732
15743 15394 19743
16256 16955 18510
17209 18310 15652
16205 15159 19721
16921 16885 17825
16610 15472 19419
18745 17411 15168
18943 15396 16732
14823 15717 19997
14921 15964 19834
16980 15980 18681
18091 17168 16354
19182 16235 15384
18885 16204 15982
15733 15320 19838
14422 19758 15552
14374 19879 15207
14655 19255 16657
14429 19815 15491
14809 18977 16900
16266 17013 18475
14733 18800 17355
16694 15063 19438
17894 17934 15812
18117 17468 15832
18027 18080 15058
19066 16712 15170
18842 15661 16847
18530 17415 15336
14544 19650 15906
14976 14693 20255
18095 17470 15791
15482 17490 18626
14444 19925 15110
15878 19444 15051
15188 15188 20145
15170 17010 19197
15442 15034 19991
16587 15567 19268
16914 17217 17423
17447 18549 15262
16943 18379 15608
18356 16711 16316
16007 16513 19161
14877 19436 16009
16110 17332 18228
16727 18876 15206
18754 17347 15184
14676 15026 20194
15473 18536 17006
16543 18359 16242
17266 17558 16769
18026 17399 16194
18706 17322 15344
16879 18428 15651
17437 18120 15653
15045 14785 20217
14782 19833 15149
15221 19354 15677
15179 17572 18849
15074 19417 15540
14495 19918 15082
17034 18512 15527
17748 15812 18418
18214 17075 16129
17667 15490 18548
17946 15366 18326
19352 15949 15184
15033 18137 18290
14382 19058 17024
15229 18120 18186
14627 14695 20322
15510 14727 20066
15032 18452 17795
16632 18422 15828
16610 18647 15560
16595 18912 15323
17435 15354 18787
18886 16773 15454
14957 17327 19062
16455 19029 15225
17446 17524 16509
16316 19218 14974
14385 19190 16819
17863 16422 17598
17047 17625 16890
18106 17738 15540
17311 15475 18913
18703 16715 15809
18362 15907 17229
19084 16772 15148
14643 19529 16222
14795 15621 20015
15733 17374 18446
15993 18868 15721
15979 16054 19492
14960 19409 15703
17239 16497 17914
19049 15539 16462
19153 15829 15814
14519 14660 20353
18803 16470 15783
14544 18765 17516
16043 16072 19297
17688 15998 18068
15291 18076 18176
18527 16795 16284
19401 15861 14986
19489 15282 15530
14733 18759 17470
14840 15625 20003
14470 18969 17186
17507 18176 15448
15085 18379 17977
17012 17205 17670
16673 17571 17520
16051 18462 16440
16388 17486 18044
17416 15427 18820
17987 15778 17887
18366 16933 16045
18253 17834 15456
18697 17412 15146
16411 15459 19465
15010 19690 15149
14451 19934 15101
15199 17766 18605
15932 15765 19643
16048 19306 14877
18506 17585 15138
14634 14712 20307
15229 16588 19477
17039 17626 16716
17245 15426 18981
19088 15657 16403
16587 17548 17649
17902 15418 18332
18519 15512 17648
16205 18449 16259
19444 15811 15041
19623 15189 15130
14565 14867 20274
16399 18415 16386
15852 15767 19666
14957 16673 19545
18171 16060 17351
18519 15780 17212
18316 15824 17492
15742 19100 15662
14882 17282 19120
14708 18460 17947
15143 19370 15619
14754 14847 20197
14907 16013 19863
14848 19482 15580
17445 15239 18801
19090 15361 16560
19069 16870 15117
18983 17015 15161
14822 18650 17745
14660 19288 16606
16184 16023 19311
15244 14818 20170
14630 19267 16652
17685 15456 18511
15757 18690 16440
14813 19178 16607
16002 19339 14888
15549 14960 20010
15988 19353 14929
15121 19347 16150
14725 14703 20312
17230 15371 19027
15405 15062 19977
17878 18258 14996
17701 18466 14995
18180 17891 15250
17740 18417 15011
19209 16513 15231
14765 15276 20112
14811 18664 17477
14524 19765 15536
14976 15874 19936
14498 19933 15050
14563 14651 20350
14883 19136 16686
17772 17108 16809
18650 16002 16533
19001 15322 16702
19139 16565 15148
16019 16269 19285
14455 19922 15116
14584 19377 16424
15259 17862 18363
14771 19841 15121
15044 17063 19279
14434 18998 17102
16973 15607 19084
15353 18744 16933
18053 17638 15717
17295 15403 18939
19058 16365 15471
18579 17555 15204
19055 16799 15122
18784 16627 15823
14729 19865 15084
15790 16095 19472
14542 19668 15795
15365 18911 16748
15250 17685 18745
15192 15367 19993
16749 17054 17806
16301 16918 18504
18882 15557 16953
18493 17033 15811
16558 15660 19359
18869 16100 16060
14578 18880 17313
15487 17794 18459
14811 19695 15369
14919 19850 14983
15627 15025 19952
15662 18956 15925
18314 15539 17831
18133 16084 17384
18240 15457 18021
18445 15844 17290
18948 15143 16730
18586 17235 15390
18953 15546 16702
14837 19917 14853
15611 19071 15796
15718 16020 19590
17627 16665 17460
18401 17614 15239
18010 16043 17697
18365 16661 16864
18821 17085 15413
15036 16944 19325
14745 19884 15046
16095 18633 16054
17389 17509 16533
17758 15420 18535
17949 18096 15247
17748 18137 15334
17703 15429 18503
14825 14840 20212
14605 19608 15927
14430 19773 15516
17159 17128 17610
16930 16233 18763
15673 17317 18709
16141 15147 19745
17823 17423 16734
15912 19268 15319
17892 17056 16684
19038 16011 15766
14556 19724 15627
14673 18466 17898
14661 19554 15962
14245 19085 16932
14914 18478 17750
16503 18065 16903
15500 17357 18739
16275 17612 17801
18264 15931 17673
17839 17008 16768
14565 19780 15356
14269 19154 16883
14768 19615 15594
14998 18217 18249
14951 15250 20098
15502 18896 16385
17307 16997 17252
16443 17472 17782
17032 17854 16585
17388 17075 17173
17387 15462 18837
17842 18278 15023
18938 16632 15290
19492 15709 15214
15117 14837 20205
14871 18694 17414
14440 19849 15205
14791 18789 17427
15057 19349 15884
14846 19838 15020
16263 18093 16921
17045 15408 19365
16937 17219 17419
16821 15490 19318
18701 15628 17281
16911 15781 19031
15011 17449 18965
14814 19880 14897
15312 14853 20097
14501 19302 16537
16582 19063 15090
17287 17667 16609
18557 17468 15233
18463 15574 17592
18418 16350 16498
17813 17627 16109
18581 15533 17352
18360 15563 17819
19113 16598 15098
14708 19422 16291
18482 17484 15253
18480 16815 16152
18745 15899 16444
18811 16297 16188
18829 17034 15541
14604 18753 17563
14399 19913 15140
14504 18724 17576
16089 15438 19668
16931 16482 18196
16670 19003 15168
17630 18370 15012
18336 17815 15372
18540 15550 17401
18724 17249 15318
19404 15364 15765
14264 19202 16766
14971 16469 19633
18577 17089 15527
15659 15060 19864
16264 19185 15247
16493 16909 18387
17481 17902 16021
18444 15523 17606
19088 16574 15225
18931 17190 15299
14528 14653 20354
15116 15226 20076
15090 17422 19008
16101 17287 18368
16670 16600 18454
17214 15382 19039
17565 18328 15225
17856 15435 18341
18621 15531 17424
14426 19053 16996
14478 19834 15287
14616 14782 20332
15836 14944 19827
17165 18739 14886
16798 15440 19355
17577 15407 18783
18284 15621 17919
17185 17107 17440
17877 18231 15196
18532 15911 17135
18965 16603 15317
18622 15471 17379
19209 15394 16381
19333 16155 15122
14430 19197 16772
14541 19023 17072
15741 15059 19836
15663 14963 19901
17475 17880 16191
15889 19409 14938
18425 15614 17734
19096 16664 15017
14941 14742 20278
16085 17030 18560
16218 15289 19710
15416 18591 16953
17508 15361 18784
16256 18381 16505
16702 16077 18960
17101 18323 15531
18302 15444 17956
18025 15656 18146
19017 16840 15192
19524 15410 15278
15775 15778 19642
14722 19495 16232
15667 16515 19275
15304 17664 18585
15378 17742 18582
14884 18763 17225
16827 15919 18888
15485 19351 15586
15797 15044 19841
15679 16381 19434
16474 19105 15201
16303 16423 18961
17373 18097 15928
18247 17872 15308
18178 15495 18051
18538 16962 15852
18486 17478 15466
17900 18211 14963
15110 16733 19484
14584 19852 15196
14629 19574 15941
16024 16904 18828
14870 19284 16487
17157 17798 16682
15032 18626 17458
16356 15389 19573
15990 19206 15373
17130 15398 19105
16765 17325 17670
18522 17316 15431
18379 16567 16425
18444 16062 16908
15043 16435 19557
15700 15589 19824
15280 19728 14989
15919 16799 18937
15157 17899 18404
16437 18659 15848
17336 18156 15851
16359 15190 19597
17745 15903 18209
17722 18291 15131
17781 17493 16464
18285 15721 17792
18160 17911 15192
14607 19361 16400
15717 17098 18766
16070 19293 14903
15917 19376 15185
17583 16267 17926
17866 18262 15159
19005 16458 15407
16579 18945 15434
18891 15527 16814
19241 15416 16215
14886 19450 15751
14641 18758 17519
15868 14935 19831
16626 15236 19451
16580 16263 18910
17173 16305 18240
17801 18178 15197
17472 15743 18577
19162 15819 15929
18694 16292 16215
14406 18936 17284
14692 19534 15883
14867 19553 15499
17793 17781 15855
15776 17945 17497
15213 15246 20046
15598 19590 14921
15598 14970 19978
17947 15788 18143
18064 17766 15637
18548 16762 16050
17579 18236 15333
18910 16673 15439
18757 16523 15893
14660 18841 17375
14873 16378 19664
15053 19390 16018
15958 15433 19715
14823 15903 19913
16682 18161 16662
17469 17224 17097
17108 18746 15215
17753 17899 15881
18266 15722 17776
17213 18495 15483
17439 15903 18487
17351 18533 15452
17106 15571 19083
16426 15922 19338
18710 16864 15638
18430 17666 15099
18843 15479 16975
19313 16253 15092
14987 18660 17687
15417 19107 16179
14912 17495 18950
15270 16662 19341
15856 19276 15339
16502 15238 19539
18256 15643 17882
18138 16276 17194
17832 18283 15147
17226 15763 18730
18012 16851 16885
17842 16572 17368
18528 15705 17464
18133 16058 17387
17926 18197 15178
19255 15431 16174
15686 18158 17439
15008 16455 19646
14669 19921 14951
14704 18738 17506
15743 15941 19651
15461 19671 15106
15822 18842 16179
16805 17019 17841
16512 18245 16617
18159 16077 17221
18370 15943 17102
18637 16203 16434
17057 18213 15852
18844 15628 16701
14773 19461 16129
15189 16872 19268
15289 14811 20141
15883 19295 15279
17557 17914 15866
17389 18590 14972
18973 15891 16329
18563 15621 17331
18228 15625 18012
19452 15673 15239
16222 16514 19117
14648 18597 17771
15251 17574 18842
17538 18223 15402
18662 15755 17268
18814 15679 16914
19365 16058 15078
15373 17317 18837
14512 19334 16523
15460 16216 19538
17650 15594 18490
17032 18371 15659
17423 17636 16462
17821 15486 18463
18468 17547 15257
18275 15844 17652
18155 17989 15326
19117 15478 16473
19195 16426 15357
18898 15508 16754
14716 14899 20271
14694 19504 16234
14859 16431 19673
17648 17622 16473
16035 16571 18927
17361 15216 18928
18497 16090 16532
18607 16279 16441
18697 16523 15985
18951 16773 15255
15044 18177 18247
14295 19115 16927
14529 19143 16809
16110 18623 15999
18580 17380 15206
18887 15273 16831
18546 15501 17455
19425 15159 15765
19252 15837 15419
17769 18097 15329
19029 16886 15176
14542 19183 16745
14202 19111 17065
14988 18263 18063
14961 14783 20269
15626 15701 19742
15943 16737 18937
16602 18508 16012
17403 16930 17471
18735 17123 15445
15005 16085 19777
15078 16532 19499
15176 17373 18965
15789 14974 19851
15640 19547 15185
15370 16782 19327
15969 19382 15007
16039 19333 15109
15087 19405 15501
16891 17815 16590
17312 16466 18094
17375 18253 15625
18420 15649 17573
15792 16944 18849
18690 15742 16754
14371 19003 17140
14240 19187 16868
15012 18098 18433
16656 18647 15523
16322 16685 18879
16656 15534 19273
16619 17687 17218
15685 16629 19177
18252 16720 16492
18604 16942 15973
17616 17059 16926
19241 15390 16334
14632 19568 16029
19041 16673 15206
15935 18356 16740
15089 19768 15040
16923 15814 18854
14924 15596 19959
15561 15356 19950
14709 19397 16397
15743 18733 16586
18677 15725 17159
17408 15601 18684
16318 15268 19649
15412 18708 16879
15506 19072 15839
16246 15311 19683
16870 18821 15113
17809 17670 16124
18892 15544 16780
14852 15936 19890
14683 19934 14912
15012 16451 19576
15013 18025 18438
14976 18576 17728
15956 16328 19367
16745 15617 19174
14962 19778 15195
18976 16254 15668
18365 17287 15701
18751 16378 16011
14475 18984 17127
18536 15970 16795
14278 19064 17037
14241 19181 16940
14424 19263 16710
14827 19294 16543
16658 15242 19429
17173 15617 19080
17728 15999 18066
16562 15512 19329
18431 16727 16307
18296 16896 16122
19088 16159 15553
15153 17550 18888
15393 18776 16835
14326 18948 17202
15667 19562 14970
17178 17478 17048
16598 15304 19487
16621 18963 15263
19092 15441 16516
18651 16663 16048
15077 16015 19800
14698 14946 20222
15589 15505 19863
14729 18567 17766
14492 18862 17350
16250 15742 19419
15469 19632 15108
16273 15191 19670
16502 15301 19535
17627 17028 16861
17548 17765 16372
18104 15682 17911
14918 18247 18242
14315 19377 16456
15023 15632 19955
15047 16880 19373
14369 19169 16866
15504 15036 19972
15175 19650 15142
17407 18348 15425
16598 16017 18974
18415 15593 17788
18944 16282 15617
19000 16929 15213
14690 18553 17783
14376 19858 15199
15133 15668 19932
15131 19593 15403
17438 18551 15109
17119 17989 16216
18223 15788 17777
17881 15816 18325
17613 15465 18651
19290 15753 15548
18717 15451 17193
18629 17024 15837
15727 19303 15355
15465 15361 19934
16735 18988 14810
18398 17667 15057
15397 17538 18598
18638 15673 17319
14669 14673 20319
18516 16162 16493
15849 14768 19843
16113 15154 19774
16526 15226 19559
17952 15515 18260
17981 15801 17824
17844 15586 18385
17567 17113 16961
17108 18794 15139
17975 18017 15369
19471 15595 15308
14900 19873 14860
14982 18431 18041
15265 17829 18517
16332 19120 15277
16934 18842 15042
19095 15530 16396
16063 16146 19213
14952 18107 18361
15086 19721 15061
16418 19178 15160
17391 15949 18426
17083 18772 15179
15990 19285 15128
16227 15336 19609
16559 17631 17479
18038 15645 18105
17985 17896 15407
14375 18862 17415
15006 18476 17888
15106 17187 19107
15042 18123 18359
15441 18954 16262
14800 14790 20219
16290 16064 19273
17390 18050 15884
17506 18493 14999
18381 16272 16613
18418 17602 15280
16849 18942 15084
17483 15448 18758
17816 18111 15264
18996 16766 15249
18680 17379 15270
19248 15451 16126
14852 18499 17803
15086 17259 19054
15279 17275 18919
14841 18545 17839
15771 17002 18915
15988 19318 15166
15895 18805 16142
16781 18439 15806
16708 15150 19409
17901 15212 18339
17601 17216 16815
17282 18569 15244
17724 18079 15488
19175 15552 16281
18315 15606 17750
17423 15802 18496
14389 19844 15221
16117 17071 18527
14741 18709 17695
16871 15472 19336
17123 17991 16133
16549 19066 15127
16981 15430 19226
17344 15888 18528
16731 19013 15083
18441 17591 15204
15016 16324 19710
15540 16819 19148
14216 19012 17119
14707 15509 20036
14489 18890 17313
15914 17976 17489
14332 19854 15241
15622 19509 15191
15264 16786 19339
17738 16965 16940
16865 18856 15029
15264 18112 18099
19165 15566 16203
14617 14741 20305
14594 18758 17543
15005 17996 18494
14507 18853 17360
15245 15004 20099
15436 15780 19881
15377 18895 16386
15575 16742 19146
16842 15339 19408
17396 15456 18892
17401 18029 15851
18037 15926 17744
17399 16038 18247
17537 18425 15310
17412 17920 15816
18936 15793 16614
19450 15726 15180
14482 18806 17453
17841 15334 18520
15197 18108 18196
14558 19358 16481
15063 16867 19307
15188 19250 15838
15791 16616 19162
16026 16801 18848
17664 18209 15313
16759 15696 19108
16938 16670 17988
17114 18836 15057
18075 16941 16686
17142 15346 19239
17637 15628 18496
17506 15408 18722
18526 17068 15534
19038 15735 16211
18547 16385 16205
19091 16660 15076
14223 19242 16887
14561 19473 16435
14366 19963 15061
14584 19342 16498
15115 18461 17622
16371 15237 19583
15281 19284 15713
16507 17649 17708
16445 19100 15204
15699 19547 14991
18119 15771 17873
17555 15862 18334
19283 15293 16115
15130 17989 18386
16140 15590 19552
15748 14907 20033
16869 17265 17588
16311 18167 16898
18207 15668 17939
17329 15293 18920
18084 17601 15949
19257 15658 15762
19367 15661 15311
18733 15542 17089
14552 14843 20327
14944 18178 18345
15445 16307 19558
17270 17091 17410
17075 15539 19102
17253 15632 18880
16560 19055 15189
15769 18958 15707
18488 15558 17528
14786 16518 19609
14481 19318 16572
14446 19808 15340
15686 19120 15677
14798 19379 16188
16530 15091 19533
16577 18306 16240
16650 18920 15295
16923 15414 19338
14899 19838 15008
18413 15717 17626
17519 17477 16697
19150 15483 16424
14779 19327 16429
15009 16188 19762
14842 18794 17278
15108 17071 19220
15866 17898 17669
15574 15071 19877
16648 16967 18085
15884 19412 15026
16059 16646 18891
17754 15856 18218
16338 16653 18736
18439 16170 16742
16148 17401 18070
15309 17141 19058
19379 15662 15303
16090 16083 19199
16761 15436 19374
15950 18814 15927
15925 18710 16103
16771 18182 16593
17411 15351 18842
17559 15409 18691
16516 18720 15738
14876 18439 17909
14432 19954 15082
14442 18913 17404
16224 19272 15081
14886 16063 19815
16757 18627 15661
15012 19732 15086
15948 18950 15927
17429 18523 15354
15958 19333 15187
15125 17098 19152
18996 15570 16504
15207 16214 19686
15146 17724 18785
14316 19168 16874
15249 16600 19377
17001 15676 19028
16528 15219 19539
17343 18693 15223
15069 18043 18357
17202 15245 19160
17583 17444 16633
18051 18049 15026
18759 15460 17171
15633 17464 18407
15845 16219 19102
18045 17038 16374
15159 18740 17156
16366 18345 16605
15198 18664 17346
15814 17997 17578
15209 18631 17352
17822 17970 15662
17796 17422 16209
17701 16651 17287
18549 16315 16426
17747 17783 15696
18167 17438 15575
17668 18152 15395
17794 17246 16341
16276 17239 17956
18782 15488 16680
15243 18879 16746
17701 18090 15330
17556 17833 15836
17651 15925 17866
18669 15593 16775
16763 15392 19201
16970 15452 19032
15079 19197 16572
15233 18488 17582
18885 15576 16253
15321 18194 17780
15026 18916 17100
16167 15459 19547
15855 18670 16419
19117 15309 16104
14882 19305 16417
16996 18502 15526
14784 19476 15980
16201 18373 16718
15592 16268 19087
16221 17886 17246
14874 19439 15865
16173 18328 16965
18830 15491 16665
19411 15210 15583
15780 17457 18242
16670 15429 19145
16426 17568 17764
19310 15295 15701
14910 19286 16217
15197 18886 17095
16941 18376 15933
15920 17588 18056
15299 18754 16983
18924 15436 16445
15208 18644 17273
15347 16739 18988
18249 16374 16739
18815 16015 16503
19326 15255 15763
18558 16007 16733
16347 15753 19192
16444 17934 17149
16419 15435 19319
17660 18307 15265
18747 16047 16386
15124 19034 16886
15791 19393 15310
17631 18309 15228
15095 18853 17120
15035 18811 17183
17252 15556 18848
19427 15337 15529
16621 15912 18683
17672 18256 15268
15763 19286 15330
17231 15680 18683
16812 17052 17707
16314 17889 17245
16219 17118 18099
17574 15703 18320
15287 18458 17558
18013 15644 17764
17818 18029 15318
16674 18551 15939
19132 15691 15844
16404 15608 19145
15738 19311 15366
16681 16631 18148
18912 15394 16456
15151 18770 17098
15664 19177 15712
17814 16534 17185
18907 15429 16580
17353 17597 16771
16963 18037 16354
19342 15607 15450
17376 17474 16746
18703 15912 16537
15067 18846 17121
16209 15594 19324
16163 17295 18135
15693 19137 15614
16691 17253 17653
16794 17313 17477
18863 15463 16642
19307 15332 15828
15393 17509 18546
17273 17473 16960
16907 17532 17177
16365 17849 17426
16919 15584 18892
15745 17843 17950
17810 18099 15295
18740 15556 16708
16642 17300 17594
17449 15631 18497
17729 17193 16854
16814 15244 19183
16488 15404 19323
18401 16303 16736
19155 16183 15725
17636 18168 15338
19276 15766 15201
18552 15526 17039
14827 19428 15871
18592 15964 16840
15110 19735 15085
16718 16751 18127
19055 16558 15533
19001 16503 15567
15684 19365 15453
17611 15688 18328
15658 17511 18256
18290 17487 15447
16272 17249 17964
17263 18145 16025
15758 17003 18590
16787 15350 19177
18997 16149 15948
15734 19498 15130
17962 16602 16973
18971 16104 15989
19156 16279 15585
15006 19746 14965
16270 18050 17038
15305 18753 16967
15655 16283 19072
16735 15992 18670
16836 15726 18804
18735 16370 15852
19091 15599 15849
18968 16535 15594
18972 16540 15554
15629 19333 15458
17448 17509 16679
15790 19326 15324
17601 16109 17986
15992 15717 19269
18530 16127 16649
18902 16568 15525
15452 18752 17060
15603 18748 16617
17392 17473 16800
16472 15491 19303
17235 17617 16823
16982 17720 16724
18850 16488 15747
18578 16468 16271
18880 16211 16081
16842 15468 19007
17338 18040 15876
18764 15382 16799
15188 18994 16505
18754 16447 15813
17447 18467 15365
18571 16607 16111
18900 16618 15444
18852 16389 15789
16982 17862 16586
18274 17465 15563
18843 15890 16157
15599 16317 19082
15658 17135 18548
17516 17655 16619
17566 17382 16563
16792 17832 16830
15245 18618 17308
15831 19377 15184
16130 19180 15235
18839 15431 16647
18981 16978 15065
15763 19468 15168
18884 15457 16566
15741 15187 19905
16541 17403 17748
17324 18129 16057
16020 17555 17880
17989 16719 16802
18120 15953 17294
14668 19871 14666
18036 15417 17993
18616 16178 16430
19003 16922 15211
15861 16195 19105
17157 18210 15877
17776 16994 16761
17003 16037 18438
18959 16267 15964
19370 15646 15424
15048 18854 17110
15467 19299 15510
15969 19335 15177
18385 15530 17230
18643 16328 16145
19133 16228 15625
15087 19689 15106
16530 18600 15797
15527 17078 18850
15517 19346 15478
16166 15968 19038
16364 17961 17196
19083 16430 15434
16040 19233 15385
15821 19292 15309
18602 17299 15404
14933 19796 14796
15468 18323 17532
18091 16529 17091
19120 16333 15591
16934 17761 16666
18901 16511 15639
19032 16576 15476
18792 15833 16629
14637 15753 19956
16865 18060 16453
16415 15526 19294
15483 17199 18676
16949 15708 18783
18018 16365 17152
15381 19304 15774
19329 15648 15135
15341 18415 17771
15751 15198 19874
16825 16896 17881
16949 16016 18513
16649 17661 17209
16734 15532 19124
17517 16864 17290
18000 16641 16849
17845 16409 17266
16242 15881 19113
17718 15875 17873
17886 15494 18058
14483 19306 16600
16691 15652 18908
17645 15658 18328
18884 15450 16602
19217 15800 15612
18917 15357 16500
17450 17968 15901
15618 15903 19564
18027 15525 18002
18282 15442 17732
18104 16152 17237
19122 15261 16140
14968 19763 14886
17303 16102 18099
18170 15848 17254
18191 17048 16257
17557 16006 18008
18822 17103 15181
19541 15276 15190
15947 17727 17994
16231 19190 15194
18065 16877 16394
16761 18439 16046
15827 19369 15267
16697 17667 17194
19107 16748 15181
18886 16970 15195
14902 19807 14779
16765 16937 18008
18132 17138 16273
17340 18027 15960
15788 15301 19808
16794 15397 19145
15721 16779 18805
18810 17162 15197
15014 17336 19032
18960 16317 15617
15573 19520 15073
16693 17060 17928
16909 17714 17004
18152 16612 16604
16098 15606 19392
15469 15733 19701
16246 15535 19386
18432 17688 15106
18201 15105 17931
17915 15468 18020
15611 19462 15311
18681 16151 16287
18646 15431 17016
17267 17352 17153
18312 16549 16564
17790 16933 16659
18792 15355 16729
15201 17287 19080
14808 19530 15776
19449 15519 15110
15600 15986 19418
14802 19723 15204
17668 16977 17147
14786 15055 20203
17071 18381 15876
16720 16988 17918
17981 16835 16614
19160 15776 15816
18289 17771 15376
17180 17976 16382
15262 17243 19004
15304 17690 18593
16345 15944 18861
16117 19179 15300
16736 17610 17470
16815 16631 18015
17439 17059 17053
18425 15526 17372
18989 15508 16310
18805 16887 15502
16289 15988 19012
15876 16996 18740
17195 17318 17228
18307 16875 16148
14766 19387 16370
15650 19288 15529
17388 18619 15351
19020 15211 16402
18965 15453 16414
15225 15629 19766
16689 18607 15762
16191 16649 18575
15496 17340 18596
19287 15526 15611
15094 17292 19052
17771 17017 16703
15866 19392 15168
16204 18570 16193
18751 15600 16659
16227 17778 17662
15423 18050 18037
17254 16906 17750
19079 16752 15268
15244 19627 15244
15974 15225 19724
18220 16385 16914
16750 17573 17295
15390 19512 15334
15424 15582 19807
15974 15470 19468
16601 15182 19434
15924 15349 19694
16167 17229 18168
17983 15750 17818
17955 17419 16124
19529 15317 15300
19288 15806 15102
15174 18685 17479
16430 17158 17996
14887 19624 15540
19580 15044 15016
14789 19519 15919
15395 17289 18801
17484 17145 16999
16656 15539 19214
16479 15772 18912
15917 16164 19136
14940 19208 16547
14767 19716 15250
16110 19358 15164
16250 18072 17007
18678 16469 16029
19170 15350 16002
14869 19214 16420
17752 16170 17679
18138 18082 15269
19061 15293 16294
18527 17235 15474
15168 19642 15246
16578 15313 19306
17277 17649 16726
17556 17372 16619
16070 18078 17487
17538 17408 16706
18039 17348 15919
19254 15495 15685
14813 19778 15121
16516 17512 17730
17753 16650 17209
18542 15831 17034
15259 16705 19130
15560 17260 18574
16711 17166 17607
17512 17856 15945
15034 15002 20092
17996 15833 17615
17494 17871 15931
19005 16212 15626
16362 15915 18999
15728 18149 17697
16225 17298 18051
17657 16641 17360
18544 16634 16463
18824 16974 15457
15335 19585 15207
18579 15622 16942
18953 16291 15659
16581 18453 16175
17703 17984 15698
18532 15864 17013
18774 17314 15056
16309 16520 18617
17562 17775 15984
18119 18018 15309
14432 19272 16745
17207 17545 16889
14859 14705 20218
15405 17986 18079
15255 14885 20090
15607 15446 19876
15299 18759 16955
16822 17727 17069
16647 15239 19343
18551 15757 16897
17588 16389 17714
16614 17555 17620
15819 18833 16416
17991 17362 16199
18931 16055 16121
15302 17954 18371
15304 18191 18023
16656 17670 17184
17745 15573 18212
18306 15877 17205
18436 17770 15019
14935 17907 18595
16316 16470 18579
19579 15129 15042
15045 18777 17191
14945 16893 19281
16808 18026 16748
17656 17030 16946
16094 18036 17382
15878 16928 18725
16227 17932 17202
16957 15575 18896
16881 17821 16931
18663 15912 16810
18140 17078 16258
17183 17748 16681
16863 17788 17012
17540 17386 16329
18345 15756 17376
14714 15887 19902
16391 17864 17320
16444 18747 15655
18804 17295 15115
15284 17730 18382
18985 15854 16161
14860 19667 15167
16717 15581 19009
15125 17685 18613
17053 18714 15284
16722 18349 16331
14740 19629 15544
15032 19669 15122
15257 19602 15164
15062 17694 18606
16904 16042 18555
15593 17208 18579
17161 16971 17615
17908 16701 17002
16756 17517 17387
18010 16829 16724
14859 19365 15997
16792 18400 16171
16915 16892 17790
19141 15380 16004
14863 17977 18513
16326 18346 16374
16884 15249 19145
15119 19271 15824
16284 18563 16200
15968 16922 18725
16535 15345 19502
14681 19630 15554
14805 15058 20182
15458 19439 15419
19171 15420 15914
18662 17450 15135
18015 18001 15356
15420 16053 19406
17562 18015 15719
19168 15975 15287
17742 17192 16840
15089 18183 18151
15204 19707 14907
17237 16454 18113
17127 17214 17400
15994 19293 15303
18756 17216 15248
16828 18004 16684
18859 15499 16591
16056 17374 18035
15319 17325 18990
16779 15273 19225
17959 17382 16126
17611 17942 15791
17015 16329 18321
16952 16744 17823
15596 15912 19507
14798 14707 20228
17485 18509 15333
17879 16925 16702
17453 16335 17784
18117 17819 15326
18452 16677 16387
17996 18096 15219
18244 15112 17898
19219 16167 14687
15007 17975 18568
16752 17734 17044
17295 18113 16242
15925 17495 18205
18217 17918 15301
17789 18180 15263
15345 17138 18981
17622 17050 16904
18639 15351 17043
18939 16566 15525
18066 18090 15293
19346 15860 14987
18029 17706 15605
14954 16327 19721
16545 15331 19348
17604 17823 15910
18605 16571 16202
18605 17481 15176
15179 18622 17608
17662 15813 18008
17738 18198 15271
18343 15262 17767
18262 17802 15135
14898 19764 14842
15485 17970 18090
15849 19399 15095
18112 16443 16898
18464 16072 16737
18127 18149 14952
19006 16950 14940
14638 19853 14777
15516 15732 19678
15323 17431 18823
15521 15697 19661
17163 17445 17211
15690 18041 17845
16451 19211 15051
17595 16639 17428
18762 15388 16781
19210 15686 15702
14558 14905 20258
17057 15956 18631
17180 17446 17074
15506 17876 18063
17310 17778 16244
16881 18436 15985
18004 17892 15560
14897 19609 15606
16135 17523 17974
17565 17470 16314
17623 18345 15257
18846 17258 14981
14876 19752 15117
14819 15333 20175
14824 19063 16988
15164 17904 18380
18092 16667 16562
19324 15624 15585
14959 19808 14743
16705 17039 17830
16370 17653 17579
18537 15980 16749
16111 17949 17619
18683 15189 17139
14950 19088 16885
15934 17754 17849
14878 19857 14600
15980 19379 15087
16686 15184 19354
17957 17503 15910
15074 19352 15725
18743 16112 16341
15566 16681 19101
15970 17358 18258
18072 15280 18043
18860 15688 16491
16367 15328 19503
16794 15315 19182
15284 16853 19070
17683 17628 16189
19091 15412 16104
19113 15368 16046
16855 15538 18944
17457 15727 18423
18169 15979 17268
19049 15272 16310
18705 16588 15784
14814 16892 19336
18740 16876 15610
15395 16936 18901
17841 17194 16224
17377 15720 18459
15113 16434 19512
18452 17661 14952
19486 15339 15389
19522 15337 15109
15084 15746 19942
17363 17689 16270
15305 17712 18461
17498 16857 17584
16216 18022 17121
17252 17253 17234
17147 17500 16991
17593 18521 15179
19371 15890 14846
15835 19349 15174
16948 16815 17916
15213 18713 17084
17641 16992 16955
17898 17403 16173
18734 17347 15106
18395 17364 15502
18790 15451 16733
18464 17653 15113
14483 19936 14612
15714 19394 15288
16604 15440 19304
16870 16977 17869
15587 19525 15010
17265 17440 17066
18499 15997 16997
18439 16180 17060
15577 17531 18399
15159 19220 16211
15919 15874 19356
16279 18099 16859
18664 17050 15648
18142 17443 15667
15611 16264 19362
15693 19139 15578
14840 19586 15651
18005 15416 18086
18523 16023 16849
18953 14992 16638
14753 15769 19919
14803 19853 14690
15743 17686 18055
15420 19331 15639
15442 17104 18900
18422 15793 17077
18251 17990 15200
18674 17448 15001
15321 16895 19028
15421 18210 17700
17759 16954 17124
18391 17340 15528
19226 15654 15488
18757 15134 17039
15203 15132 20024
15575 17258 18641
16269 15360 19618
16369 17901 17191
17169 16211 18273
17925 18087 15307
15095 18890 17001
16275 19202 15161
14663 15121 20224
15427 18985 16408
15607 15065 19973
17538 17286 16849
19030 15435 16362
15062 16624 19404
15664 15698 19655
16987 16602 17964
16322 15401 19483
18396 17775 15008
17326 18034 15918
18738 16055 16508
18692 17442 14951
18178 17654 15462
18939 16450 15667
17142 17805 16623
18609 15204 17276
16249 15730 19227
17062 16417 18269
17660 17252 16845
17794 17744 15835
18403 17704 15263
18083 15782 17612
19087 15513 16213
14981 19500 15405
15441 17722 18252
17290 18466 15472
16077 17663 17796
17616 18044 15572
18693 17312 15122
19236 15337 15855
17618 17137 17051
17339 16130 18033
18508 17176 15573
19292 15380 15759
18671 17404 15045
18258 16327 16924
18462 16594 16515
17238 18783 15115
16664 15424 19171
18233 16371 16814
18920 16924 15349
16114 17930 17569
15827 17658 18171
14718 19862 14666
14672 19266 16569
15984 17958 17693
18434 16827 16497
15477 17784 18216
14918 14990 20117
16516 15768 19008
17534 18077 15693
18307 16312 16894
18512 15980 16940
18283 15830 17469
18596 15173 17321
19439 15740 14920
16306 15989 18924
17028 15372 19014
16905 18098 16339
15678 17823 18056
16263 17453 17778
16931 18784 15372
16418 18031 16865
19318 15794 15104
15772 17747 17907
17865 17176 16615
18410 17773 14775
14616 19724 15668
14939 15358 19998
15283 18223 18142
14942 19783 14808
15794 15714 19542
17690 17680 16023
18862 16823 15718
18867 15341 16697
14667 19268 16654
15187 19180 16265
16121 18546 16375
17629 16726 17196
18457 16718 15956
18687 16862 15611
19308 15699 15157
14861 19198 16550
18450 16100 16804
17952 16855 16705
19089 15477 16060
18912 15545 16162
19098 15373 16276
16963 16395 18343
17632 16715 17319
17594 17527 16284
18559 15650 16937
18872 16639 15524
18417 17607 15377
17224 17163 17513
19242 15417 15734
14977 16606 19524
15013 17348 19126
15138 17720 18531
16473 18326 16364
17100 18673 15514
16810 15294 19156
18981 15521 16231
18524 15405 17183
18934 15908 16024
18448 15226 17571
15395 16497 19155
16303 19291 15036
17702 15504 18240
17872 18236 15248
15902 18180 17454
18903 15668 16212
15861 19227 15498
15891 18645 16611
15153 19605 15361
15660 16715 18976
16742 16083 18520
19096 15406 16080
14859 15528 20009
15432 19296 15701
15677 15306 19848
15558 18165 17660
16836 15254 19150
17431 18650 15075
15356 15769 19655
18602 17528 15022
15332 19193 16088
15655 15452 19673
16091 19294 15223
18028 17047 16304
18236 16185 17151
18534 17411 15469
19394 15602 15314
19570 15240 15029
15157 15027 20034
14799 14633 20237
15468 17249 18697
15346 17356 18804
18651 16725 15914
19399 15841 14976
18463 17647 15239
15539 17052 18825
15742 19536 14850
16184 18980 15834
18867 15872 16269
16403 19187 15188
18020 17380 15881
17773 16613 17082
17271 18803 15093
17976 18206 14931
18287 17906 15075
19122 16730 15208
14845 15958 19852
16485 17303 17827
15916 15420 19678
16804 15252 19271
18394 16844 16250
18082 17621 15589
16284 17975 17097
15216 16293 19443
14881 15808 19882
15046 19481 15825
15741 19414 15283
15505 17900 18029
18211 17935 15295
15174 18271 18008
16669 17477 17564
15122 19699 15010
15271 18293 17918
17540 17680 16275
18510 16067 16947
18649 17164 15342
18897 17016 15111
19108 16471 15267
19401 15836 15066
14791 16818 19394
18846 15658 16618
15173 18631 17556
15585 19573 14900
16396 15483 19443
15447 17180 18837
16166 16932 18410
17406 16155 18029
18548 16389 16397
15341 19516 15402
14966 14796 20213
14958 15311 20098
16881 18499 15912
16139 15273 19619
19021 15812 16105
19007 15372 16434
15676 19267 15487
14995 17385 18957
16282 19275 15109
15239 18140 18191
15191 19024 16388
15756 17838 17872
16790 17451 17509
14408 19290 16746
16287 15244 19534
18427 16876 16001
17181 17120 17550
16332 17399 17912
17391 16511 17721
17874 18267 15102
18453 16083 17008
14649 19640 15718
15230 18859 16993
14794 19896 14596
17760 16621 17080
15224 19007 16379
16586 17171 17963
16597 19094 15213
16838 18510 15978
17169 16714 17861
17598 17035 17147
14589 19656 15795
15008 16755 19463
14907 16352 19700
14997 17089 19177
15664 16730 18901
16265 19045 15476
15752 16838 18758
16756 17956 16842
16508 18608 15829
14723 15787 19942
15237 18335 17978
15382 16259 19462
14736 15372 20149
18013 16128 17255
18190 16473 16759
19037 16850 15065
19360 15995 14718
15047 19493 15597
17036 18867 15311
16743 15275 19266
16450 17801 17473
18713 15151 17045
16851 16842 17973
19403 15756 14841
16895 17645 17091
15469 17156 18699
17420 18745 15116
15810 18627 16839
16188 15774 19189
16285 19166 15260
16520 15105 19519
17664 17822 15825
16784 18233 16418
17430 15550 18608
16425 17866 17202
16454 15201 19531
18892 15446 16613
15580 18219 17656
17455 16032 18256
17085 14861 19175
18692 17381 15036
18530 15854 17028
14722 15083 20231
16438 17297 17896
16643 15257 19404
18319 16397 16717
17410 16397 17940
18251 15327 17776
15024 16855 19255
15037 17641 18811
15200 19684 15059
16515 16718 18512
17723 16254 17682
17469 15916 18217
16877 17949 16758
16991 18869 15304
18530 16703 16267
18397 15505 17598
16297 17853 17651
18359 17729 15166
18753 16207 16258
17357 17185 17092
15159 16912 19254
14796 18622 17909
15292 18639 17231
17201 18758 15151
16158 16320 19037
17654 16860 17190
16371 19157 15361
16121 17131 18369
18260 16894 16088
19165 16368 14855
19260 15997 15005
16617 15272 19313
17476 18701 15012
18341 15517 17486
14765 14711 20232
17044 16713 17871
16841 18292 16310
14648 19314 16532
16538 15320 19510
19083 16334 15507
14973 17436 18951
14802 18780 17619
16738 17553 17342
17416 18658 15171
16825 18006 16694
17751 18247 15221
17982 16218 17252
18629 15862 16876
18614 16134 16551
15916 15291 19724
19250 15987 15151
17886 16930 16604
14946 17353 18988
14782 15182 20215
15564 16471 19298
17708 17251 16378
17105 17891 16566
17161 18470 15526
18771 16061 16083
18123 16439 16844
18347 15526 17417
19272 15963 15012
15671 18316 17544
15810 18185 17522
14853 19392 16085
15529 16562 19111
16975 18674 15315
15193 18247 18125
17334 18671 15352
18234 15770 17476
17733 18289 15247
18001 17048 16557
18949 16985 15038
19410 15408 15621
17009 16983 17660
18371 15218 17759
14974 15057 20062
15326 18196 17779
15407 17664 18534
17178 16864 17771
17212 16480 17933
17509 15570 18474
19027 15492 16328
18799 16422 15779
17842 17589 15923
19045 16035 15921
15027 16837 19353
14735 19144 16854
15509 15808 19570
17182 15286 18988
17321 18750 14942
19218 16009 15123
18490 15597 17213
17253 18846 15106
17692 18181 15315
18076 15154 18048
19120 15393 16040
15925 18726 16182
15640 19235 15995
15756 19499 14933
16762 18148 16462
17746 18127 15284
17859 17541 15985
19377 15417 15507
15459 19570 14988
15135 19374 15695
16054 19320 15180
17219 16658 17800
15924 18161 17278
18413 17668 15133
18843 15404 16704
14496 19403 16383
16111 15173 19767
15032 18371 18045
15285 19663 14883
16509 15067 19581
17011 14879 19321
17014 15443 19135
15830 17128 18574
16927 18822 15411
19160 15532 15990
19433 15751 15092
16016 17558 17909
18909 15054 16684
15127 16547 19405
16165 18133 17124
16511 19067 15417
16009 17562 17815
16869 18353 16002
16924 15505 18977
15268 15739 19721
17830 17337 16237
19202 16066 15170
14732 15708 20057
14796 15412 20142
15493 16570 19145
18288 15596 17698
14993 18974 17076
18913 15338 16629
15663 15256 19961
15565 15566 19795
16147 15941 19118
16489 15388 19431
15384 17641 18595
16235 16799 18552
15920 19411 14998
17289 16181 18047
17004 17316 17235
17508 18362 15355
18321 16806 16550
18651 17134 15788
18523 17612 15163
17482 18647 15143
18752 16255 16010
15554 15734 19574
15079 18322 18045
15879 15236 19872
16428 16322 18577
18716 16453 16135
17032 14935 19211
17367 18431 15491
19136 16368 15209
15191 19350 15805
15141 15476 19911
14628 19865 14857
16951 18955 15359
16189 15240 19692
17266 18271 15643
17297 17197 17014
18396 15799 17075
19023 15101 16415
15561 18705 17033
16539 16888 18207
17076 16478 17992
14598 14884 20275
14926 16788 19468
16692 17634 17501
18273 15520 17734
17447 16141 17992
18094 16477 16751
15318 16984 19054
19629 15345 14893
15014 17351 19030
15000 17480 18919
17149 16381 18140
15233 19747 14524
16990 18519 15597
17389 17988 15909
16951 18309 16069
16923 17760 16714
17934 18290 15009
19201 16208 14888
19430 15855 14700
15446 15471 19822
18092 18146 15150
19592 15356 14931
14995 18935 17415
15019 18916 17125
15332 17435 18734
15966 19313 15270
16176 15141 19713
16893 17866 16582
16579 19037 15294
18029 16727 16665
18638 15417 17092
18611 17511 15151
18788 15063 16823
15575 16914 18904
14716 18913 17497
15168 15454 19875
16289 14985 19682
17817 17010 16636
18156 15714 17657
17865 15769 17945
17146 18755 15220
18348 15278 17720
19607 15354 14950
14943 16598 19593
14961 16809 19423
14654 15052 20254
14921 19171 16576
17352 18540 15383
14920 19513 15452
17239 18681 15310
18818 15714 16375
15713 16803 18841
15047 18642 17586
16125 15371 19625
18193 16438 17016
19107 16718 15257
14693 16840 19377
14582 19184 16932
15600 19514 15098
17401 17949 15933
17249 18851 15099
16959 17718 16832
18117 16958 16287
18465 17602 15217
15357 18172 17817
19588 15357 14873
14704 18414 18189
14807 19816 14677
14852 17283 19157
15264 18614 17356
17114 17700 16871
17902 18302 14914
19353 15401 15642
17562 16681 17551
16639 16801 18082
16195 15573 19424
14714 15737 20028
16087 15391 19613
15969 18517 16847
19136 15359 16030
19507 15447 15062
14896 19038 17147
16489 17720 17205
16251 19171 15212
17853 18319 14996
19269 15443 15624
14872 19040 17334
15148 18320 18108
16376 16235 18816
17402 15660 18661
16692 16207 18457
18513 17536 15172
14999 18866 17272
18012 17323 15937
16416 15503 19256
15751 15247 19815
17801 18056 15401
16620 16585 18283
18069 16552 16804
18281 16180 17216
17555 17322 16659
18824 17271 15155
19356 15419 15629
14689 15774 19947
18292 15934 17133
17416 18612 15285
15839 15268 19739
17030 14941 19236
18838 16927 15476
18046 16632 16622
17497 18111 15618
14762 15710 19978
14767 16845 19366
15215 14964 20055
15854 18880 16226
16473 15398 19461
15688 15414 19784
16959 16821 17818
17352 15880 18436
17397 17042 17416
18134 15762 17697
17313 18689 15173
18914 15486 16438
18998 15156 16448
19510 15733 14812
16824 17090 17647
15006 17382 18950
15090 19312 16195
16203 15247 19630
16985 18608 15715
16182 17923 17601
16618 16723 18361
17479 17487 16714
17178 16944 17643
18685 16068 16689
14953 16966 19268
18919 15220 16615
19642 15182 14953
15159 18350 18037
15102 15479 19864
14894 16813 19488
16051 18477 16909
15626 18728 16821
16093 19203 15189
19208 15482 15812
14899 16839 19368
14806 19831 14708
16966 15690 18883
16001 17426 18197
17188 17791 16620
16950 18280 16230
18302 16337 16892
18082 15796 17730
18550 15231 17408
15065 18987 17071
15213 18162 18152
14480 19956 14565
16624 17346 17819
16971 17439 17437
17182 15561 18923
16302 16169 18874
17784 16531 17607
19210 15399 15873
19623 15215 15014
15334 18122 18005
17078 15912 18385
16148 16621 18606
15247 16643 19225
16630 18304 16663
17118 14835 19110
17074 15424 18989
18926 16588 15345
18061 15342 18097
16508 18281 16804
16657 17743 17110
17329 16871 17563
17937 15147 18294
15489 17572 18489
17210 15087 19085
14488 19234 16997
14894 19840 14585
16538 16280 18533
17839 17660 16076
18114 18154 15036
17358 15143 18939
17774 18360 15015
17967 18224 15050
19560 15055 15075
19553 15192 15144
15462 17975 18025
19564 15136 15047
14941 18872 17527
14775 18083 18511
14863 17204 19216
15267 18322 17984
17026 15119 19171
17431 18149 15696
17916 17909 15513
17928 15319 18300
18167 15584 17726
18118 17785 15453
19257 15319 15932
19214 15354 15864
15291 14862 20076
15098 16611 19418
17352 15809 18501
15507 19283 15551
16962 16733 18010
17360 16257 17975
17285 17346 16879
17558 17889 15828
18953 16943 15215
16632 17100 17848
17698 16593 17586
14513 19598 15956
14479 19225 17009
15276 16571 19241
14843 15325 20126
17551 17285 16929
16281 15035 19686
18124 18157 14980
14728 15025 20235
19556 15216 15037
16930 15030 19216
14801 19858 14593
14782 19841 14751
16045 18107 17458
15201 18958 16928
15759 15124 19890
16755 18307 16186
17759 17380 16353
18602 17522 15295
18081 15522 17917
14555 19333 16538
14830 15546 20069
14852 17622 18990
16051 18054 17529
15393 15313 20007
17402 17115 17162
16905 18433 15914
16679 17256 17536
17818 15693 18004
18083 17518 15786
18002 17483 16013
19550 15205 15178
14730 15819 19899
14944 19028 17304
15791 17708 18008
15193 19014 16447
16362 19183 15206
16001 17654 17872
17886 16252 17561
19009 15268 16430
18342 16888 16110
18516 17474 15438
19360 15968 14855
14777 19209 16585
14675 19257 16711
14916 19224 16389
15193 15409 19936
15565 19521 15068
15234 19679 14847
15072 17614 18692
15037 16372 19561
16670 15015 19430
17652 18300 15295
19643 15171 14892
15136 18767 17228
14801 15927 19888
14896 17600 18912
14463 19213 17031
16503 15151 19625
14926 17421 19006
15327 14925 20015
14932 15342 20077
17317 17341 16992
15805 19468 14904
18034 15938 17474
17672 18600 15026
18201 17048 16090
18669 15207 17059
18742 16374 15848
14520 14684 20345
15107 16537 19466
16151 18703 16368
16959 16158 18425
16779 16465 18423
17789 18323 15090
17504 15460 18747
16819 15053 19417
18458 17565 15250
14851 18232 18431
14910 19555 15414
16173 19161 15319
15394 17325 18954
17091 16008 18328
18057 16595 16740
18585 17583 15152
18878 16913 15410
17418 16982 17274
16469 17256 17840
14741 14783 20251
14995 18915 17417
17629 18318 15507
16864 16520 18397
19410 15775 14830
15133 17767 18600
17475 16943 17546
16598 16387 18527
15028 16669 19523
15938 18208 17262
14684 19630 15520
14485 19932 14527
16059 15206 19715
15613 16120 19277
16890 18676 15496
18602 17425 15398
14842 15489 20070
14535 19120 17024
16744 17680 17158
16655 17022 18013
17537 18639 15170
17737 17669 16101
18708 16080 16391
19173 16338 14749
15007 16589 19619
14963 18973 17288
14654 17987 18598
15220 17202 19093
17064 15813 18755
16176 18367 16795
16111 19323 15139
17758 18203 15251
17683 17665 16113
18971 16265 15645
19051 15207 16320
19178 15385 15907
14704 18448 18078
14951 17221 19186
15102 18406 18036
18043 15823 17758
17180 17230 17313
19647 15219 14867
14735 19401 16399
15023 18756 17241
16251 16500 18759
14576 19894 14703
16792 17993 16806
18548 15302 17539
17877 16335 17297
18748 17269 15202
15197 19456 15438
14534 19892 14759
14987 17086 19244
16466 19239 15016
17098 14881 19166
18381 15768 17122
18738 17379 15066
14754 18782 17652
14924 18602 18033
14904 16375 19708
18690 17290 15271
15035 15203 20055
15160 19124 16743
16757 16406 18454
17623 18397 15201
18861 15351 16725
18044 15999 17377
15935 17459 18162
18176 17992 15021
18345 15318 17599
18269 17964 14916
14844 16412 19676
17339 15579 18827
17007 16388 18281
17622 16663 17330
16887 17866 16808
17848 16067 17750
18542 15681 17072
19154 16543 14962
19285 16152 14863
14999 18957 17233
19478 15668 15031
14592 19627 15917
14709 19848 14824
15629 15721 19602
15298 18221 18110
16439 15201 19555
15027 18582 17867
16275 15538 19217
17720 18474 15183
18095 18166 15088
18370 15292 17719
19644 15195 14886
14963 18699 17842
14625 19125 16984
15161 18301 18096
16082 18394 16800
15964 18650 16499
17272 15107 18961
17369 18232 15765
17464 18707 15073
17544 18314 15538
18343 15835 17067
17790 18415 14895
19391 15881 14841
19451 15815 14752
14588 14904 20265
15048 17316 19116
14788 16809 19511
14829 17355 19075
15193 18735 17432
16214 15704 19318
16909 17701 17080
19018 16945 15189
15970 15841 19532
16184 15483 19462
14718 14550 20298
18531 16635 16095
15100 17465 18948
16721 18039 16779
18049 18195 15011
18789 15365 16734
19241 16029 15015
14488 19924 14671
15193 16617 19400
14803 18445 18164
18089 15558 17863
14553 19290 16676
16219 15157 19657
16738 15890 18874
16060 17864 17695
17029 18566 15517
15695 15369 19731
16634 16889 18095
18254 17923 15101
18000 15268 18270
18671 17376 15308
19384 15398 15673
14780 18869 17570
14929 18477 17967
15879 15302 19725
18198 15324 17895
18323 17698 15419
19612 15306 14923
19221 15371 15840
15796 17603 18233
15154 17828 18462
15008 14816 20194
16615 15598 19170
15729 19136 15532
18090 15871 17605
16996 17569 17072
17913 15310 18440
18628 17494 14842
18574 15262 17359
14920 18270 18424
14842 16856 19332
15100 14974 20088
16707 18128 16575
16173 16201 18976
15189 19763 14688
17096 15425 18982
18134 17621 15488
17285 16889 17566
18443 17697 14903
14860 19207 16793
15003 16693 19491
19251 15776 15437
15260 17757 18518
16640 16794 18176
17472 15749 18285
17272 15034 18985
17453 17887 16054
18791 16977 15412
14876 18910 17564
14513 19922 14693
14954 18878 17446
16315 14928 19752
15015 18453 17985
17922 17571 15890
15983 17220 18498
15608 18101 18018
16153 18345 16926
18567 15447 17171
18868 17088 15327
18766 15883 16539
18186 15406 18022
18905 14969 16738
17608 18394 15286
14795 17422 19054
14942 17732 18872
15591 16463 19260
15565 18587 17527
16850 14973 19329
17418 18164 15627
16357 15155 19619
18616 15255 17273
14972 17642 18867
14822 16816 19381
18421 15468 17434
14985 18397 18058
17172 15779 18656
16932 18683 15492
18002 16149 17324
18429 15254 17585
18268 15313 17897
15453 17580 18531
18953 15323 16548
14681 14552 20323
14709 19866 14651
15043 15002 20057
17226 18625 15366
17225 15244 19021
16535 15079 19578
18151 15431 17900
16508 16803 18475
16316 18309 16856
17262 18696 15127
18503 17637 15058
18231 15350 17845
19607 15438 14840
14907 19260 16416
15329 16424 19410
16778 15725 18877
17144 16504 17907
15610 18547 17108
16703 18028 17004
17501 18411 15240
17313 17111 17552
17140 15159 19066
18921 16878 15376
17863 17362 16215
18888 15106 16761
16560 18586 16192
15078 16266 19845
14802 17395 19137
14916 15271 20122
14892 17083 19265
15812 15431 19689
15922 16704 18862
15752 16598 18987
17847 16131 17837
17990 15695 17776
17694 15378 18424
19034 16815 15285
18788 15188 16742
19421 15498 15490
19509 15585 14881
15727 16247 19212
15591 19548 15004
18798 17194 15305
15881 18604 16933
16058 18344 17228
17419 16256 18027
17460 17195 16985
19039 16383 15565
18774 15306 16756
18583 15272 17321
15539 15270 19896
14694 19877 14658
15942 15594 19585
16515 18137 16854
14618 19163 16929
15813 15327 19778
15896 18255 17250
16659 16667 18265
16089 18528 16539
16767 14968 19491
15689 15924 19461
17594 15485 18512
16087 19249 15268
17419 15996 18328
19094 16765 15068
19067 15381 16218
17143 18476 15719
14793 14885 20206
17977 16072 17615
15259 17585 18909
15463 19580 14929
16626 17896 17121
16128 17171 18308
17035 16564 17948
16931 19002 15309
17430 16202 17972
17644 18627 15031
17003 16270 18355
18495 15928 17050
19049 16778 15159
18710 17120 15321
19138 16546 15153
15956 17786 17785
14702 18063 18561
14945 19519 15449
15263 18487 17635
16526 19167 15199
15814 17243 18382
15969 17249 18286
15052 14973 20101
17351 17734 16413
17896 18369 14974
17808 17535 16081
19194 16292 14869
19611 15261 14932
14865 14988 20174
14468 14889 20288
14920 16294 19765
15719 15435 19698
14585 19643 15851
15593 16442 19069
16515 16249 18756
14681 18991 17393
16610 16714 18389
17626 18588 15161
18683 16846 15881
17228 17808 16514
17191 18745 15273
18452 15216 17659
19367 15980 14761
15184 16289 19569
14949 18954 17379
15196 16566 19373
15517 19549 15204
17714 15450 18370
17348 17065 17387
17377 18139 15737
16755 15003 19462
15913 18236 17312
19342 16093 14827
15062 16304 19589
14748 16963 19315
14736 16376 19734
15193 16688 19313
14866 17095 19264
15766 18506 17229
16879 15890 18747
16648 17681 17557
18080 17319 16202
19571 15526 14850
15122 18581 17870
14727 18933 17477
14741 19910 14565
17053 15046 19164
15190 19757 14664
14981 16595 19620
14661 19890 14734
16083 15269 19696
15584 15071 20007
16224 15071 19749
15112 17853 18398
16673 19104 15196
18372 16329 16692
17458 16017 18024
17334 17304 16894
18173 18126 15081
14974 14880 20153
15441 18702 17171
15217 15471 19825
14515 19127 16959
16354 15233 19636
17720 16414 17669
16706 15265 19320
17489 15724 18174
19219 15994 15156
18810 16232 15973
19284 16156 14996
19494 15397 15086
16515 18695 15718
14324 19986 14641
16190 17410 17938
16043 15202 19808
16303 18506 16534
17759 18421 15134
17512 15346 18657
17469 15170 18901
17738 18469 15127
19216 15880 15508
15346 16642 19217
15393 18286 17758
15463 18771 16776
17678 15405 18620
18139 15544 17916
17795 18313 15056
17922 15359 18355
16579 17095 18046
14858 17606 18966
14943 17600 18896
14374 19980 14675
14846 17712 18880
14848 18440 18124
14423 19895 14931
14686 14553 20319
15153 15197 20022
15761 15338 19777
17008 15999 18432
16570 15293 19482
15731 16882 18770
16110 17324 18267
17239 15103 19054
17877 15606 18058
14656 19189 16867
18311 15179 17827
19404 15752 14862
14858 17461 19024
14911 17565 18920
14995 17880 18819
14733 14858 20281
14614 18451 18068
14608 14661 20336
15065 14987 20090
15106 15354 20036
14564 19446 16366
15203 18524 17845
15409 19573 15029
17183 18255 15839
15416 19585 14975
19353 15990 14934
15260 18646 17204
14877 19181 16786
14798 14937 20202
15550 16093 19379
16657 15020 19430
15725 15866 19558
15091 16310 19586
17768 18409 15136
17672 18322 15200
18939 16698 15289
18582 16432 16204
18913 15415 16455
14520 19376 16527
14987 18115 18457
14816 15459 20139
15159 18585 17721
15590 18980 16741
14578 19222 16923
16726 15415 19294
17240 15207 19021
16815 15014 19450
17765 16766 16943
17079 17143 17627
17829 17481 16171
17796 18061 15470
18004 15351 18252
18392 17288 15918
18117 17575 15575
18021 18113 15177
18237 16913 16348
18554 16412 16291
18802 17091 15244
19429 15855 14791
14895 18704 17816
14798 19113 17286
14778 18052 18552
15009 19759 14703
14860 14669 20214
15537 15585 19733
15543 19175 16343
16617 14895 19537
16485 18595 16026
18364 17624 15290
17210 18682 15250
18247 17555 15495
18355 17788 15266
18436 15238 17645
19404 15777 14840
19544 15267 15024
19441 15564 15460
14746 17225 19182
14939 18362 18284
14751 17465 19065
14562 19333 16400
15023 19155 16641
16140 16755 18559
19575 15518 15003
18418 15296 17571
16384 18172 16827
14792 14702 20251
17943 16147 17409
14954 16931 19276
14704 14873 20281
15557 16034 19456
16310 14952 19752
15672 19514 14941
17217 18821 15133
17092 15303 19018
17809 15235 18471
18420 15390 17564
18607 15308 17294
14993 17893 18749
14822 17354 19094
14946 19058 16894
15298 17583 18760
15438 19619 14969
14886 19768 14844
15763 16004 19398
14910 18381 18344
16554 18090 16852
15691 18138 17742
16883 14917 19359
15956 18447 17112
16824 18541 16045
17526 16390 17749
17929 17179 16305
18238 15337 17820
17961 17607 15827
19172 16342 14814
19258 15758 15384
19207 16246 14884
19564 15295 15014
16045 19012 16133
14674 19848 15427
14858 15236 20154
14637 19213 16857
14633 14713 20314
14994 19032 16949
16455 17448 17840
19001 15577 16146
15803 15899 19410
17350 16655 17700
16227 18222 17028
16565 14969 19551
17012 17289 17373
14708 19634 15377
17962 15330 18291
17007 18165 16099
18656 15333 17264
18923 15199 16639
15044 16293 19604
16069 17175 18299
14971 14874 20166
15049 17898 18722
16108 16486 18896
16113 16994 18660
16329 14939 19707
17420 15236 18839
18044 15763 17731
16456 17083 18391
17365 17168 17005
18658 17063 15498
18587 15244 17342
19190 15125 16122
14835 18415 18181
14863 16673 19575
17543 16730 17487
14763 16930 19363
15065 15735 19971
14595 14601 20340
14448 19247 16990
14977 19803 14766
16836 17306 17470
17037 15105 19206
15509 16731 19064
16692 19001 15565
16047 18355 16930
15718 17887 17743
18693 17274 15141
19106 15096 16345
18782 17043 15601
16914 16975 17806
16146 17135 18234
17074 15513 18954
17266 15189 18985
16708 17182 17603
17408 18522 15372
17782 15275 18571
17982 15447 18224
18100 16459 17096
19584 15499 14961
14864 19354 15937
14835 19860 14577
14925 17934 18690
15826 15378 19725
14622 15110 20245
14927 18752 17746
14992 18101 18390
16626 15024 19434
15143 18178 18186
15139 16233 19740
17240 17187 17424
17733 15598 18187
18256 17321 16037
19223 15581 15722
14877 19665 15363
14865 17097 19261
15019 16516 19666
14937 18750 17812
14463 19956 14847
14762 19832 15371
14825 19049 16972
15330 16254 19697
16653 18415 16267
15782 15516 19667
16132 16087 19241
15302 19628 14948
16735 17212 17519
17090 18896 15098
17297 15516 18894
17955 18235 15018
17413 16301 17972
18604 15451 17167
17669 17708 16081
18776 15104 16775
19269 15407 15757
19135 16673 15070
19320 16024 14845
14902 16937 19326
14727 19285 16507
16681 17925 17069
15228 16273 19576
15148 15190 20025
16207 15871 19123
15984 17757 17713
16900 16617 18236
17262 16807 17751
16294 16388 18669
16636 17506 17565
17155 18819 15216
18042 16803 16629
17386 16962 17557
19143 15355 16099
19286 15721 15473
19305 15262 15992
19123 16699 15055
19504 15352 15079
17781 16912 16759
14653 14876 20292
14974 18300 18375
14923 18227 18378
15215 15997 19812
14447 19877 14979
17425 16472 17895
14815 17627 18905
15831 19457 15052
15355 15441 19921
16014 17674 17814
18112 15415 17942
14820 14626 20222
16793 17647 17134
17802 18013 15441
17339 17676 16445
17341 17959 15954
16882 18884 15402
18012 17568 15632
18867 17081 15370
17773 15710 17998
14650 19686 15689
15049 18301 18201
14857 17203 19228
14762 18655 17845
15422 19308 15730
17050 19032 15265
15508 19003 16345
17866 15607 18124
17443 18352 15587
17818 15690 18157
17665 18356 15215
17606 15445 18547
15308 18228 17962
19287 15355 15828
15162 18328 18004
16475 17065 18169
14852 19078 16909
15182 19552 15261
14823 19809 14646
16711 19079 15234
14824 14564 20229
15819 17444 18359
16995 19003 15273
18477 17257 15531
18221 15356 17873
17155 16552 17893
17327 17557 16831
15113 16640 19395
14816 18851 17597
16156 19131 15397
14891 18173 18444
14872 19854 14611
16033 19130 15421
14976 18321 18258
16379 18405 16371
16610 17423 17661
15955 18604 16692
17527 17346 16714
16780 17629 17222
18114 16462 16808
17598 16240 17924
16872 15223 19171
18368 17880 15124
17884 18294 14976
18485 17687 14903
19027 15534 16148
19353 15378 15694
15028 18060 18500
14729 19694 15372
14514 19860 15010
16756 18923 15482
14940 16990 19262
14652 19762 15582
14801 18637 17893
17887 15598 17926
15257 14874 20133
16350 17804 17459
16795 18134 16366
16929 15168 19313
17004 16023 18335
16194 17088 18332
15606 17874 18209
17155 18749 15255
17003 14923 19336
16998 17671 16975
17726 18413 15138
17611 15256 18647
19235 15593 15674
17762 18423 14968
15464 16438 19381
19451 15770 14808
14437 19309 16574
14742 18110 18537
14948 19770 14798
15469 15311 19943
15672 18687 16912
15392 16250 19485
16133 18974 16156
16824 16430 18443
15709 15268 19826
17337 15733 18670
16297 18974 16020
17870 15377 18286
18629 16372 16375
18521 16538 16646
17897 15335 18416
19292 16071 14828
14865 16671 19551
18623 17281 15397
14948 18413 18078
15014 18311 18324
15973 17561 17919
15089 19390 15629
16192 15578 19461
16677 17916 17103
16670 18104 16830
17500 18567 15199
17938 15404 18270
18582 15359 17297
18736 17048 15405
18570 17584 15161
18587 17524 15253
14824 17379 19080
14955 18148 18472
14440 19928 14906
14946 17910 18593
14581 14603 20346
15674 18329 17389
14638 19694 15715
15888 15979 19301
14851 17654 18898
16382 18914 15715
15148 16473 19430
17860 15960 17623
15747 19112 16296
17089 15250 19076
17023 16548 18271
16637 17115 17764
16419 18734 15949
15241 14906 20135
17910 16853 16759
17723 15258 18625
18494 15364 17359
14477 19968 14764
14623 19702 15605
14807 19873 14569
15283 19547 15354
14826 19446 16271
16639 15659 18953
15560 19257 16034
16387 18027 17060
15204 17018 19233
16665 17108 17721
17410 15663 18467
16480 15079 19670
14576 19331 16433
18339 15411 17750
18320 15248 17780
18723 16372 15941
17443 15507 18734
18709 17131 15383
18801 16573 15736
18848 15328 16729
19372 15562 15537
14624 14648 20316
14776 15752 19925
14493 19165 17044
14948 14877 20171
14660 14569 20338
14661 14582 20327
14896 16636 19579
14989 18128 18449
14855 19059 16904
15524 16016 19525
17911 15482 18153
15227 17414 18935
14531 19397 16470
15574 15117 20011
15430 15145 20002
15182 15146 20018
16831 17450 17440
15777 15844 19461
17360 16058 18179
17667 17719 16259
17823 15664 18157
17614 16823 17426
17931 16835 16862
14438 19515 16259
18623 17426 15361
19219 15430 15837
18423 15366 17432
18611 15352 17261
19254 15229 16060
15078 18487 17961
14938 16668 19562
16476 15844 19101
15545 17624 18416
14830 19129 16799
17311 16096 18292
17661 15858 18144
17100 18859 15049
17249 18772 15130
18341 16370 16876
18178 18124 15006
19467 15658 15070
19258 15346 15850
18758 15552 17014
14627 14596 20370
15158 16371 19564
15699 16577 19042
17190 18300 15601
17238 15679 18874
15621 16003 19403
15849 17091 18500
15939 17874 17781
15861 19280 15431
16939 17726 16987
17459 15704 18423
18350 17660 15372
17831 16969 16623
17919 18278 15019
19433 15808 14758
19443 15710 14859
14586 14835 20318
14945 18523 17891
15610 16772 18959
14597 19632 15734
15488 14898 20045
15244 14830 20148
15879 19134 15882
14487 19920 14780
16571 18258 16797
15990 19359 15130
17691 15600 18456
17753 18174 15278
17362 15344 18936
18104 17470 15627
17330 17000 17540
17542 17885 15894
18446 17317 15515
18664 17477 15089
18548 15404 17322
14888 17929 18751
16032 18656 16444
16024 15332 19703
14903 18882 17550
15814 18625 17017
16391 19260 15091
15714 17058 18677
16706 15123 19424
19041 15099 16347
18686 15863 16608
19035 15634 16043
18447 15226 17618
15075 16271 19690
14794 19044 17367
14718 18119 18493
16129 16597 18794
15644 17766 18173
16433 15208 19602
17455 17362 16867
16214 19104 15725
16708 19184 15081
15307 18634 17273
17676 16439 17678
17214 18183 15782
17901 17737 15810
16062 17978 17530
16132 18430 16676
15779 15614 19593
15004 18821 17494
15484 18982 16695
15664 19446 15191
16676 16637 18192
16459 15172 19585
17080 17643 16907
18642 17453 15273
17101 15118 19156
14861 19121 16824
18484 15324 17557
18018 15233 18177
15388 18119 18338
18614 17435 15329
19483 15430 15475
14772 19597 16163
15054 17344 19012
14891 17060 19288
14684 19471 16169
17327 15866 18583
16116 16649 18728
16651 15636 18926
16242 19276 15185
17465 15502 18680
17073 18875 15135
18734 15561 16827
17962 15728 17903
17766 15793 18152
18169 17771 15440
18428 15386 17336
18010 15268 18112
18044 16645 16717
17495 18612 15176
18529 15322 17413
19216 15300 16049
19637 15252 14973
14578 14627 20354
15454 15982 19631
14834 17990 18560
15082 16735 19273
15203 16539 19271
17074 15139 19146
16608 18381 16301
16341 15508 19383
17181 18439 15725
17540 18693 15030
17763 17151 16895
17826 18318 15016
17591 15337 18722
18073 15515 17945
17845 18273 15051
18298 17800 15136
17376 15276 18781
18047 15353 18033
18260 17924 15058
18709 15159 17062
19288 16165 14748
14642 14637 20333
17835 15346 18458
15912 19083 15905
17865 16902 16721
14798 19562 15900
17779 15442 18375
17082 15265 19088
17635 17194 16884
17177 17663 16818
16685 18689 15749
17946 18215 15066
17805 17584 16116
16664 15576 19289
17116 15707 18873
16680 18577 15764
16507 16009 19100
16996 16285 18769
14942 16253 19670
14970 16093 19716
17043 15671 19045
16785 15990 18909
17056 15755 18819
17056 15562 19083
17138 15759 18718
15399 17341 18907
15202 15631 19899
15307 15158 19990
16298 17108 18400
16712 15570 19236
17787 15829 18243
17481 16221 17999
17553 17159 16811
17942 15695 18007
16971 15584 19108
16999 16333 18521
17142 15734 18741
15588 18403 17583
17581 15885 18176
14727 18649 17552
15109 15689 19914
15058 15524 19988
14267 19779 15499
15113 15609 19945
17534 16040 18229
15077 15630 19956
14797 18760 17445
17804 16018 17885
15119 15787 19811
16778 15867 18910
17432 15693 18633
16623 16048 18926
15162 16207 19593
16796 16433 18553
15510 17698 18557
17019 15787 18946
14993 16274 19616
17594 16782 17174
15020 15587 19982
15562 15295 19903
15651 18055 18154
14356 19524 16215
16099 17410 18296
14919 15450 20009
15060 16279 19583
15090 15896 19774
15426 16140 19584
15669 17675 18371
15564 15222 19954
17675 16036 18008
18770 15708 16418
15576 15606 19879
15209 15025 20148
18336 16083 16730
14955 16157 19734
15783 18004 18168
18093 15648 17926
15030 15964 19717
14360 19603 15863
16279 18563 16229
15246 15417 19963
15003 16132 19702
14515 19470 16304
14714 15784 19966
17641 17279 16566
19423 15087 15491
17840 15404 18405
17818 16246 17633
15641 17759 18346
15037 15403 20013
15853 17208 18636
14642 15500 20054
14903 16346 19599
15731 18117 17963
18146 16247 16782
15043 15542 19957
16828 15593 19166
16404 18585 16059
14586 15455 20077
16352 17614 17824
15500 15321 19882
17744 17344 16391
14988 16148 19642
16121 17188 18580
16443 16437 18879
15590 18112 17965
17151 16058 18681
15613 17892 18197
17035 15566 19051
16688 17107 18010
15773 18790 16355
17698 15925 18166
14787 18669 17549
16635 16725 18463
16631 16437 18780
16919 16397 18441
17047 15510 19094
15154 15780 19878
17019 16824 18017
15501 17841 18480
17431 16181 18148
16531 17002 18474
16824 16435 18539
15146 19711 15046
14831 18728 17487
17310 18189 15464
16858 17019 17864
17404 16783 17425
14573 15414 20094
19413 15147 15557
18260 15713 17421
18011 15806 17761
15083 15953 19812
16192 17246 18447
15381 17762 18556
17099 15523 19083
19132 15534 16051
18900 15868 16103
19399 15328 15357
17253 15642 18736
17267 15564 18932
17172 15586 18968
16238 15986 19206
16204 17165 18353
15829 17503 18404
16566 17327 17967
17627 15634 18548
15831 16974 18852
17859 15674 18043
17610 16254 17957
16944 16009 18776
17002 16636 18209
17908 16354 17604
14619 15485 20061
14983 16287 19581
17728 15580 18443
19433 15340 15227
17834 15435 18369
19136 15427 16037
17418 15609 18766
16687 15821 19159
19304 15286 15946
17178 15538 18970
15664 15210 19938
18302 15991 16942
17605 15533 18617
17852 16314 17609
14374 19773 15531
17774 15967 18151
19009 15955 15474
14760 15825 19952
15660 17394 18696
16964 16975 17708
14806 15427 20038
18353 15549 17449
16718 16485 18641
14427 19916 14982
16272 16623 18882
15140 15866 19707
16726 15352 19539
18801 16031 16071
17292 18256 15545
19521 14983 15225
17244 15979 18506
17616 16917 16911
14551 18705 17601
16073 15384 19788
15189 19171 16361
17788 15956 18046
15344 15134 20046
17123 16741 17875
14851 19140 16840
18435 16204 16493
16567 16848 18307
15943 18197 17652
14531 15389 20098
15080 17273 19135
16684 16691 18445
15109 15867 19771
16988 15754 19016
16726 15712 19177
15513 15293 19913
17245 16587 18098
16848 17514 17725
17232 15670 18863
18377 15457 17400
16747 15923 18975
16491 16838 18875
16754 16914 18299
19123 15407 16089
19351 15377 15687
16046 17338 18339
19370 15345 15734
16805 17332 17784
16435 15444 19608
16718 15956 19004
17542 15465 18712
18728 15889 16596
16868 16690 18208
16417 15497 19524
17267 15550 18942
16628 18513 16086
19299 15428 15828
15375 14853 20043
15260 19751 14978
18406 16899 15679
14788 19372 16581
18293 17122 15709
16529 15612 19397
17193 18485 15278
18855 15509 16891
18105 17388 15642
19488 15262 15085
15149 15232 20097
15735 16982 18911
17275 16302 18395
14861 19546 15922
15903 18428 17120
16177 18544 16262
16652 17588 17525
15113 19172 16502
15693 18615 16912
19065 16230 14971
19287 15590 15383
17854 15735 18055
17368 16558 17899
18946 15921 15695
17345 16284 18083
17426 18187 15883
14909 19268 16624
17533 16001 18332
19141 15421 16032
15878 18752 16671
19306 15407 15811
18221 16018 17007
16272 18113 17133
16824 16509 18538
16965 15400 19394
14782 19880 14990
14376 19907 15036
16007 15550 19656
17558 15274 18698
14581 15380 20097
16823 15528 19315
16662 17582 17535
14475 14836 20331
16063 18503 16767
16808 18953 14970
15945 18523 16901
16311 18045 17464
18804 16238 15480
16064 15612 19561
17166 17692 16652
16783 15234 19473
18144 16032 17059
15229 16181 19612
16417 15428 19611
16846 15454 19328
15264 19668 15111
16191 18330 16892
17610 16061 18145
17793 15464 18472
18664 15217 17299
15130 18325 18061
14439 19824 15448
14482 19799 15404
15522 18178 17953
16961 15565 19243
15490 18296 17599
16664 17627 17426
16157 17258 18407
16069 15608 19557
16200 17830 17702
16277 15500 19541
17320 15374 19035
19344 15389 15875
15825 15841 19573
17377 15706 18635
16967 15356 19360
17188 17992 16297
15451 17340 18772
17694 15642 18431
15965 18078 17591
17536 15444 18721
17004 15880 18762
16881 15444 19321
16801 16399 18799
18951 15355 16897
15247 19234 16206
16477 18824 15507
17036 17765 16807
16779 15667 19209
18204 15600 17964
18271 15556 17816
18847 15243 17030
14941 19795 15075
17002 15993 18790
16746 18598 15695
15162 19598 15386
17618 18212 15202
15373 18618 17266
15480 18003 18247
15208 19675 15092
16791 16843 18317
17492 15450 18730
16068 18062 17621
19504 15209 14890
15898 16296 19383
15772 16936 18936
17544 15841 18325
16919 17078 17692
15997 19472 15135
16904 15381 19395
16781 16429 18711
16673 17070 18042
18354 15548 17552
18777 15410 17098
17034 15854 18892
17081 17330 17205
15317 19676 15074
16250 17011 18544
15374 15129 20015
16011 17401 18305
19289 15487 15692
14398 19501 16150
15725 15519 19824
14805 19232 16730
17421 15416 18911
17373 15417 18892
14893 19481 16151
15363 16906 19359
14517 19862 15321
15885 15520 19812
15101 19703 15282
17617 15379 18675
19340 15404 15774
14470 19901 15085
14793 19298 16544
14977 19610 15660
18027 15475 18265
17007 17885 16401
19532 14966 15198
14894 18311 18122
17241 17615 16856
18350 15769 17041
19468 15414 15093
17582 16962 16924
16701 15497 19373
15145 19741 15051
17009 16909 18038
16398 15581 19450
18018 15593 18167
14787 17315 19060
15130 15044 20120
15289 14909 20064
16949 18468 15912
16536 18698 15672
16478 16159 18954
16248 16352 18995
15430 18712 16993
15677 15983 19531
17323 17450 17195
14804 19334 16472
17021 15394 19304
15670 15183 19931
14714 19715 15556
16960 18830 15042
18741 15040 17177
18869 15395 16816
17569 15662 18647
19254 15490 16005
16978 17020 17688
17571 16986 17079
19430 15268 15465
15357 15834 19764
17468 15541 18815
17117 15690 18799
17607 15747 18436
14649 15935 19905
14687 18700 17551
16765 15369 19531
16200 17559 18252
16871 18724 15367
19390 15306 15558
19444 15367 15206
15257 18127 18344
15309 19625 15382
16518 18853 15476
18896 15318 16942
14773 15602 20009
14509 14965 20323
15847 15280 19924
18397 15294 17646
14555 19781 15386
15608 15139 20006
15086 15724 19906
16033 18066 17683
16186 18296 17066
17267 18135 16033
18400 15746 17118
19146 15422 16007
16456 19092 15382
15032 14756 20183
18802 16270 15451
18775 15341 17129
16358 17457 18259
18760 15033 17189
19300 15443 15753
14863 16398 19593
14725 18695 17551
14828 16212 19712
15847 17790 18108
17536 18275 15310
18577 15013 17477
19333 15553 15649
17652 17259 16478
15421 19046 16232
15140 15283 20081
16833 18700 15437
17483 15681 18609
19171 15532 15998
14769 18987 17181
18559 15308 17369
17206 18154 16075
15141 17926 18541
16004 18297 17129
14999 19294 16340
15900 19378 15411
17232 18364 15710
18272 15854 17079
18869 15737 16350
17690 16765 17096
18690 16915 15087
14440 19567 16044
16892 18484 15838
19394 15378 15501
19492 15412 14938
14699 19515 16108
15415 17554 18738
14797 19576 15933
14460 19499 16131
15929 18065 17702
18250 16000 17062
16003 18392 16984
15515 17973 18306
18157 16162 16977
14771 19861 15006
18480 15424 17467
18620 15237 17321
19180 16067 14699
15208 19351 15953
14753 19290 16762
15559 15129 20012
17192 17655 16828
17106 18128 16083
16192 19351 15331
16647 18402 16168
18364 15330 17637
15301 18106 18422
15394 19032 16274
15676 15903 19699
18698 16301 15900
15037 18903 17012
14736 16724 19557
16945 15530 19268
16117 16917 18870
17769 17746 16022
17393 17023 17127
18650 15773 16714
16044 18491 16892
17335 16452 18066
16702 18486 15838
16226 17473 18187
19323 15128 16045
14613 19930 14899
14797 16397 19641
14680 19796 15212
15039 16578 19512
15852 18502 16993
18384 15324 17694
14803 19424 16375
16457 17936 17196
16834 17049 17750
15892 18275 17135
16866 15517 19269
15255 19046 16686
16007 19396 15220
17054 17490 17128
14488 15009 20269
16595 18567 16131
17968 15520 18288
15354 16285 19543
15161 19070 16676
14577 19876 15184
15737 19522 15084
17548 17623 16410
16768 17040 17997
18101 15836 17473
17157 15424 19207
15323 18055 18296
15819 19249 15516
15346 17136 19071
14893 16340 19706
16992 15595 19075
15996 15438 19783
16506 17761 17430
14916 14901 20174
15156 16108 19684
15147 19773 15025
16636 18682 15813
18998 15843 15819
19056 16210 15252
15782 18946 16214
15421 19648 14967
17307 16894 17464
16740 18745 15347
18891 15255 16972
14823 19098 17018
14988 19182 16748
15990 18341 17026
17885 16444 17591
18041 15965 17427
19357 15312 15750
19172 15298 16380
14549 19847 15242
14911 14753 20219
14574 15385 20098
16602 16813 18470
16177 19050 15640
16907 15429 19384
16597 18556 15885
17776 15550 18533
19178 16060 14732
17827 17224 16459
15229 18322 18080
15552 19624 15204
17430 17562 16416
17904 17493 16176
17554 15355 18708
17550 15409 18679
18389 15143 17702
14605 19811 15352
15987 15391 19787
17242 17555 16739
15999 15394 19776
17658 16735 17257
17972 18036 15084
18392 15449 17627
15253 14965 20068
16138 17771 18128
16850 18424 16008
16271 15490 19583
16267 19202 15299
18314 15809 17103
18527 15740 17014
17881 17722 15743
15276 15649 19812
15919 19424 15150
17379 16101 18187
18213 15337 18101
15486 17985 18228
19255 15571 15818
15250 16999 19190
14760 19663 15800
15371 19723 14950
16766 18941 14980
17139 17819 16402
17217 18529 15187
18635 15913 16552
17929 15293 18452
19339 15503 15373
16025 16400 19296
14820 19812 15084
16024 15600 19621
16033 19391 15256
14991 15809 19857
15742 19422 15464
16641 18061 17000
17131 17304 17310
17972 15332 18329
17609 18389 14996
16937 16941 17763
15739 17729 18255
14606 19820 15350
17816 16358 17725
15973 19187 15781
14631 19920 14868
14765 16274 19742
14882 19331 16409
15009 19732 15458
16728 18188 16446
16199 17826 17920
15497 16816 19293
14891 15865 19892
14806 19381 16287
14793 19415 16475
15838 17446 18413
16404 17821 17407
17491 17411 16520
18779 15225 17110
15876 18285 17418
16384 17635 17819
16332 15920 19340
17055 17280 17318
16478 17435 18014
16080 19193 15593
18593 15549 17054
18710 15057 17278
16339 16197 19022
16115 17848 17799
14858 18455 17887
14692 19602 15857
16831 17119 17891
15373 18170 18179
15554 18659 17068
16697 18127 16566
18675 16111 16213
19387 15386 15665
15303 18338 18048
15740 19152 16135
15405 18694 17032
15468 15436 19895
15362 18170 18291
15813 18919 16249
17166 18043 16300
18586 15543 17125
16520 17904 17054
16003 15686 19582
15546 17628 18522
15967 18427 16972
16719 18994 15183
15373 19476 15545
17404 18632 14966
18157 15674 17619
17037 15851 18726
16823 16923 18077
16142 17650 18076
17960 18042 15110
18064 18021 15160
19168 15077 16470
14855 15460 20025
14565 18728 17555
14688 19890 14915
16022 18960 15995
16202 17198 18496
16228 19284 15348
17966 18003 15168
17252 15365 19038
15688 14904 19948
17885 18226 15161
17708 15974 17986
18805 15920 16396
19459 15554 15166
19436 15195 15212
15092 15836 19802
14817 16411 19584
16289 16125 19084
15380 18207 17870
16416 15482 19533
17828 16139 17853
17348 15382 18999
17968 16657 17006
19167 15674 15726
18654 15316 17277
17164 18655 15055
19372 15401 15478
16211 18803 16092
15565 19248 15998
17095 16701 17982
17833 15296 18429
17831 17951 15399
19575 15103 14733
14574 19760 15671
14781 18462 17937
14833 19816 15040
15473 19589 15235
15406 19664 15035
16121 17576 18168
17359 17673 16479
15975 17683 18134
16450 17599 17769
17901 15596 18192
14656 19907 14966
14890 18378 17918
15422 19592 15275
15780 18999 16064
16476 18835 15536
16917 17947 16874
18436 15674 17354
18656 16794 15255
14742 18913 17242
16275 17055 18444
17295 17243 17397
14709 19622 15825
15711 19408 15526
17413 17351 16811
16751 19035 14823
18545 15312 17504
18417 15450 17474
18285 16155 16929
14486 19799 15389
15216 19512 15903
16471 18079 16948
16517 15860 19372
15298 18936 16818
16102 17137 18784
17792 17576 15775
17572 17006 16912
17782 18241 15189
14797 19234 16898
14814 19151 16969
17100 15500 19228
16229 15412 19735
18818 15038 17126
18361 17731 14907
19525 15160 15115
14612 19909 14970
15365 19078 16281
16150 15376 19833
16347 17811 17592
17164 15532 19023
19361 15461 15667
14735 19449 16172
14545 19861 15187
14627 19773 15236
16136 19028 15676
15745 17540 18449
16767 17983 16836
16231 19195 15344
14926 19189 16747
15390 19232 16045
17709 18320 15109
17706 18125 15400
18025 18078 14998
15897 15454 19745
14680 19824 15163
15121 17008 19351
15113 15172 20163
15445 19552 15377
17105 15462 19179
16487 18035 17125
17923 15482 18301
18630 15548 16926
15464 18021 18462
14722 19888 15025
14876 16812 19425
15146 19357 15971
15222 19553 15643
16743 17037 18188
17125 18300 16040
17877 15329 18383
18316 17787 14768
17901 15831 17833
15042 17292 19154
14746 16626 19590
14747 18624 17681
14962 19615 15683
15529 18540 17532
15895 17742 18215
16283 17141 18312
15065 16905 19380
16318 18420 16840
14793 19246 16846
16490 18108 16638
15158 15249 20053
15957 17800 18048
16931 15772 19041
16328 17751 17875
16275 18695 16126
14687 16951 19425
16030 18069 17591
17337 17137 17125
15285 19665 15075
14686 19784 15171
17739 16556 17282
17130 17507 17108
16128 18800 16104
17590 16147 18040
19495 15321 14956
17611 18127 15377
15335 18037 18379
14641 19906 14986
15619 17875 18374
14477 14971 20281
18684 16697 15307
18010 16426 17292
14998 19850 14958
15647 18165 17810
14882 19504 16015
15934 17786 18131
16126 19319 15426
17261 15994 18485
15930 16921 18972
16636 16629 18684
17922 16483 17288
18887 16069 15552
17180 18638 15098
14831 17303 19058
15130 17501 18926
17048 16725 18004
18149 15478 18038
17514 18443 15178
14971 17160 19223
15374 18332 17796
14673 14765 20288
15405 16804 19470
15663 16586 19422
16839 19018 14844
17610 17274 16768
17469 16847 17269
17735 18428 14888
17519 15382 18723
16257 18066 17270
16673 17059 18214
16287 19191 15305
17244 15934 18529
18190 15639 17978
18050 15623 18043
17222 15436 18987
18492 17476 14707
19191 15164 16446
19250 15086 16336
14625 19585 15923
18059 15669 17923
16223 17554 17992
15312 16039 19682
16294 16621 18989
17341 16370 18005
17559 17951 15996
16568 16647 18654
16950 18866 15200
19114 15480 16244
17880 15298 18409
15090 17192 19104
15049 18077 18514
14325 19539 16078
16897 18681 15391
16179 19242 15449
15432 19562 15314
14752 19825 15022
15676 17320 18681
15855 19189 15751
16211 17506 18026
14735 19880 15095
15136 18353 17924
15605 14945 20012
16001 19209 15614
16726 17984 16708
16798 18522 15624
17829 16058 17800
17051 18669 15469
15348 18233 17972
15901 18568 16934
14791 15060 20261
16696 18837 15396
14895 16393 19605
14816 16751 19537
17711 16649 17690
16482 18447 16730
17791 18155 15247
17172 18087 16160
17786 16889 16758
18098 16280 17020
19120 15551 15893
18781 15361 17006
14798 19273 16791
14824 15893 19938
14933 16344 19605
16644 17409 17729
16173 18737 16147
17510 15445 18725
18769 15825 16615
17512 18098 16001
19414 15605 15256
19166 15272 16515
15918 19441 15238
14417 19570 16063
16514 16886 18538
16569 15577 19360
15336 16497 19557
14631 19521 16095
15786 16886 19140
16709 18566 15699
17051 17236 17668
15393 17788 18537
18445 15292 17676
17083 18752 15281
18509 15369 17443
14932 19865 15005
14778 19100 16983
15281 18913 16917
16779 16418 18892
16619 16843 18340
17919 15974 17781
18931 15934 15564
15632 15078 19955
15620 16722 19452
17351 17962 16302
15546 17600 18606
16057 18483 16878
17577 15433 18672
17109 17606 17046
18984 15499 16510
14731 16507 19747
15128 15953 19699
17481 17554 16801
16652 18300 16218
17401 16784 17359
18474 17510 14784
15196 15694 19844
15193 19696 15070
16993 16718 18124
17633 18005 15694
14910 19772 15421
14841 15789 19939
15615 19553 15239
16077 17947 17638
15436 18596 17517
16537 19147 15375
15958 19089 15788
16690 18976 15260
18326 15803 17143
17740 18330 14924
17654 18385 15016
16819 17296 17774
19527 15124 14717
15709 17245 18990
16760 18430 16138
16966 18829 15049
16607 18866 15404
17639 17987 15861
18767 16342 15598
18537 15108 17548
18450 17594 15006
17918 18129 14967
14832 15659 19985
14838 19353 16302
14659 15445 20068
15124 19690 15154
15915 15372 19844
17412 15884 18421
17200 18756 14928
18840 15603 16909
19549 15001 15038
19484 15119 15167
15008 16083 19796
14598 19768 15448
16547 16141 18998
15413 19648 15127
15601 19186 16191
15887 19271 15465
17726 18202 15223
17823 15415 18400
18725 15029 17266
18133 18023 15071
18816 16934 14805
14905 19245 16725
15162 18481 17682
15097 17051 19274
15270 15195 20045
17326 16961 17426
17316 15473 18971
15858 18874 16201
18040 15774 17862
17829 18199 15196
14570 19831 15358
16031 18899 15849
14899 15111 20228
15055 18391 17893
15192 15741 19780
15741 17224 18905
15332 19526 15744
16774 15312 19470
17015 17486 17394
16605 19120 15282
17348 18056 16255
16909 18906 14989
17365 17335 17031
18593 15450 17291
16502 17521 17719
18596 15232 17357
18414 17058 15357
14772 19819 15141
15230 17060 19199
15267 18263 18082
15168 18255 18107
16043 19262 15450
16274 15977 19361
15854 15302 19890
16496 15491 19527
17364 18557 14981
18010 18106 15060
16748 17950 16863
15327 19109 16286
15796 17911 18194
17365 18317 15358
14856 19065 16901
14682 19910 14961
15347 18255 18102
16614 15450 19574
16749 18672 15671
17622 16146 18060
18031 15820 17685
19280 15912 15304
18628 17209 15136
18161 17954 15126
15137 15870 19718
16542 15856 19276
16530 19155 15367
16538 19064 15306
16776 18209 16120
16623 18997 15248
18731 15275 17200
15201 17002 19226
15360 18490 17619
14658 18558 17757
15504 18099 18182
15682 19375 15688
15976 17617 18336
16773 18730 15376
16688 19126 14954
16806 18907 15096
18554 15989 16760
14690 19746 15724
15264 18216 18286
15606 17323 18708
14839 18996 17102
16916 18408 16036
15534 18105 18122
18252 15491 17911
18715 17177 14924
18969 15292 16737
19373 15448 15375
19298 15874 14752
15365 17614 18806
15986 16195 19322
16518 15942 19324
16193 18765 16106
15206 19009 16783
14938 19592 15867
17030 16238 18532
18577 15499 17226
18945 15748 16290
19247 15140 16332
15385 18111 18121
18285 15368 17963
15330 17347 18956
15889 18830 16094
14954 16564 19548
15321 14898 20063
17690 15945 18159
17207 17605 16929
15126 17928 18572
15059 18084 18452
15432 17740 18620
14904 15006 20182
15486 17335 18952
16670 17706 17364
17688 18351 15024
17193 18621 15113
18405 16291 16713
18198 15349 18062
15569 17116 19175
15262 18134 18317
16699 19100 14970
16321 15943 19328
17348 16384 17989
15966 18983 15879
17551 15136 18712
17900 18099 15071
18629 16672 15892
19063 15351 16670
19460 15198 15194
15869 18820 16136
14648 15507 20053
15320 17689 18714
14979 19243 16651
15388 19641 15260
15685 17372 18668
15237 18478 17692
15670 19583 15089
15992 17262 18580
16992 16130 18773
17499 17330 16617
17647 18209 15330
17976 15369 18283
15313 18278 17985
17396 15890 18344
16249 17459 18205
16977 17823 17155
14842 15749 19906
14647 16568 19711
15057 17098 19191
15034 19417 16237
15259 19014 16544
16683 16518 18586
17302 17738 16349
16092 19334 15362
15528 19027 16374
16656 18992 15294
17882 17374 16224
18082 17957 15090
17028 18847 14938
17220 15407 19016
18539 15566 17005
18696 15455 17190
14696 16847 19464
17100 18446 15599
15998 18496 16882
15364 19053 16383
16964 17912 16516
15583 19389 15847
17404 16215 18012
18660 15534 16952
19402 15459 15280
14554 19912 14929
14825 18926 17228
18575 15913 16791
18017 16643 17145
18683 17196 14838
15209 17884 18633
18098 15764 17756
14626 15307 20149
14729 16703 19572
15877 16472 19383
17209 16725 17918
17195 17077 17575
17964 16377 17478
17861 17194 16322
18837 16494 15147
19540 14960 15171
15023 15284 20062
15261 17562 18908
14798 17171 19192
14904 16547 19555
17896 16801 16961
16443 19210 15203
17194 16912 17594
17211 18698 15029
18163 17284 16195
18229 17940 15143
15998 16935 18850
15229 18230 18141
14665 19917 14928
15103 15942 19720
14747 19666 15788
15404 17688 18743
15808 19171 15868
17377 17499 16868
17916 15546 18269
17016 17466 17252
18250 17285 15744
15689 17619 18432
18996 16265 15066
14934 19533 15947
15050 19557 15749
16907 18141 16450
17022 18642 15579
16912 16915 18191
18258 17166 15554
18117 16198 16893
19524 15173 15141
14690 16736 19565
16697 15527 19460
16659 17539 17668
16867 17537 17452
18131 15681 17829
17674 18380 15083
17839 18301 14824
15061 18838 17316
14828 19364 16346
15721 17507 18550
16363 17489 18153
16798 17565 17397
18139 15545 18225
17996 17182 16385
19424 15032 15629
19290 15476 15853
19545 15055 14991
15141 18055 18442
15662 16049 19570
16218 16653 18925
16386 16509 18955
15831 19145 15814
16994 15510 19195
17215 18401 15744
19198 15388 16342
19462 15158 15210
15367 19061 16338
14856 19593 15788
17673 16657 17713
16641 18128 16488
18249 15310 18042
17813 16808 17082
18755 17063 14836
14807 16349 19608
15327 18757 17373
14793 16879 19448
15661 16746 19356
14617 19811 15181
15857 15201 19928
15212 19166 16318
15184 19756 15022
15674 17564 18461
15099 15870 19746
17526 16492 17849
16443 18115 16978
18802 17000 14881
14859 16979 19374
14689 19640 15848
15282 18048 18437
16818 18710 15526
16778 17227 17793
16473 17171 18081
17895 16722 17007
18312 17787 15079
18469 17572 14840
18245 15362 18021
18624 14955 17352
19470 15312 14981
15634 19182 16132
14890 19343 16369
14338 19593 15974
16415 15489 19592
16672 18688 15678
16650 18588 15720
16772 15472 19334
18136 15618 18036
18356 17753 14882
17573 17869 15938
18278 17530 15394
15818 18386 17390
14751 19694 15649
15557 16002 19672
17292 17968 16263
18197 17684 15560
18879 16220 15389
14847 19165 16886
15190 17017 19271
15089 17190 19168
15521 18252 17811
16534 16873 18332
16206 16151 19509
17369 18064 16099
17183 18691 15051
16796 16983 18030
17777 17629 15952
14844 19333 16492
19059 15306 16713
18107 16243 17211
15002 15271 20107
14682 19904 14964
15746 19254 15613
15469 15108 20023
15139 19216 16445
16085 16161 19248
16223 19131 15583
17253 17068 17515
18023 18035 15013
18634 15320 17307
18095 16403 17096
18938 16025 15541
19578 15059 14743
14732 19495 16226
15277 17002 19184
15135 19785 15064
16297 17534 17891
16539 15509 19518
14857 16391 19606
17039 17446 17580
16518 18793 15585
18823 15335 17023
15361 18673 17384
18981 15641 16702
19349 15142 16003
15576 16815 19209
15645 18339 17584
16224 17678 17927
14867 18622 17639
16912 19010 14896
17546 17754 16030
17843 18146 15194
18191 15375 18049
18360 15455 17460
17496 18573 14947
14701 19123 16973
15138 18496 17705
16350 16996 18543
16871 16382 18627
17318 16702 17709
17403 15317 18925
18021 15215 18294
18699 17192 14863
18813 15139 17113
19009 16107 15308
14628 16846 19496
15738 15476 19836
15427 18114 18033
16614 19061 15076
17743 18377 14876
18465 15723 17075
18137 17257 16240
16229 19240 15283
17397 15696 18724
15829 19356 15475
17239 18340 15515
17607 18407 15054
19421 15091 15537
14836 15751 19962
15048 18557 17542
15773 19201 16051
16155 19390 15242
16192 16898 18723
17953 17553 16073
18853 15954 16283
19333 15757 15159
14772 19609 15802
15664 19432 15654
15921 19374 15266
15078 19747 15100
16537 16486 18822
15886 19419 15264
17371 15776 18529
16641 18352 16225
16878 18894 15266
17710 18467 14850
18689 15831 16640
18646 16372 16207
18215 15499 17933
17942 18080 15358
18730 15170 17260
14536 14788 20326
15365 18202 17970
14824 19055 17004
14810 16865 19390
15000 18180 18315
15070 17431 19041
15897 17930 17766
17171 17692 16459
16246 19233 15240
18243 17852 15179
17613 16696 17827
19577 15125 14714
18216 15855 17187
19465 15106 15450
17724 16635 17333
17407 17172 17088
17362 15827 18600
16737 18854 15362
17944 18048 15107
18535 17426 15139
18428 17533 15007
19436 15117 15422
15005 18277 18152
17339 18518 15140
16370 16617 18980
14757 18589 17692
15537 18547 17144
16725 19090 14910
18653 16500 15837
18905 15373 16838
19589 15018 14751
15093 16903 19363
15542 18160 17825
16694 15537 19511
15746 18755 16550
16956 18355 16027
18904 16023 16028
18298 17334 15332
18752 17110 15077
16321 18745 16098
14813 18382 17907
14600 16770 19515
15308 17746 18685
15521 17684 18415
18657 15522 17008
19240 15745 15725
15814 17542 18389
15296 17773 18564
14905 15087 20170
19465 15148 15344
15766 17626 18341
14967 16330 19576
16299 19287 15190
16698 15683 19236
16679 18118 16608
18640 16954 15384
17639 17155 16690
18656 16313 15996
18947 15682 16429
19350 15126 15870
15801 16878 19031
14788 18477 17927
16036 18256 17294
17851 15752 17902
17119 17758 16442
17436 16770 17636
18858 16585 15018
18913 15814 16182
19123 15689 15813
18914 15269 16966
19577 15041 14763
14959 19330 16536
15214 18340 18014
16149 17159 18778
17287 16796 17775
18741 17146 14923
19280 15999 14643
14655 18675 17609
14858 18646 17552
15219 16920 19292
15261 17317 18989
14571 19922 14927
15888 19506 15211
16767 17601 17263
17230 16047 18530
17664 17627 16268
18611 15141 17415
18964 15800 16255
19509 15408 14843
15112 17722 18781
14787 16527 19685
15754 17191 18909
15895 18497 17134
15930 18618 16752
18420 17626 14771
15376 17113 19181
14567 18853 17388
15331 18029 18489
14524 19875 15194
15882 18136 17662
16501 18068 16863
17851 18244 14779
18402 17163 15374
17602 18016 15857
19077 15691 16274
18074 17971 15082
18598 15191 17361
14631 19096 17055
17438 18546 14966
17390 17045 17094
16771 18464 16080
15356 19566 15312
17564 17316 16676
17382 18696 14940
15510 17633 18599
15072 16220 19615
14629 15284 20193
14596 15294 20174
14969 14779 20212
18480 17174 15207
15977 19363 15283
16032 19393 15244
15807 19484 15312
17087 16531 18357
17528 17763 16026
17623 15825 18302
17877 17122 16451
19405 14992 15666
19343 15166 15936
14790 19312 16746
17920 17870 15399
15653 16910 19188
15668 16801 19234
15433 17485 18705
17320 18296 15400
16076 18319 17001
17302 18695 14994
18431 16774 16254
17957 16670 16983
18556 15203 17481
15370 18262 17898
15211 18232 18192
14700 16102 19887
15851 17631 18241
16761 18254 16401
16278 19287 15227
17490 15774 18525
17076 17870 16718
15900 18787 16169
16833 15525 19323
17437 17954 16347
17599 18490 15044
18386 16883 15909
18392 15302 17644
18591 17343 15025
19560 15105 14787
19289 15398 15898
14763 16583 19605
15744 15611 19802
15127 18019 18524
16427 16014 19000
15638 18864 16644
15040 19133 16897
16214 19297 15194
16786 18766 15346
15773 19245 15840
16661 15870 19016
18383 17032 15596
18358 15727 17347
19314 15107 16272
14794 16492 19571
15086 18510 17748
15366 16944 19228
15268 18498 17639
15092 19771 15094
15036 17152 19179
16539 17518 17925
16430 17101 18340
17062 16749 17903
18471 16647 16095
19584 14995 14788
16437 18317 16745
16148 18768 16506
15735 19227 16070
16647 17705 17680
16543 17087 18228
17593 16841 17218
17925 17555 15747
17907 15323 18398
18498 15411 17390
19396 15109 15785
19410 15087 15566
16478 17610 17728
14723 19550 16046
15094 17158 19169
15694 17799 18261
15410 17453 18814
16155 18595 16714
15807 18855 16314
16732 15848 19046
18136 15551 18098
16683 15806 19279
18559 16570 16491
19016 15199 16730
19472 14930 15295
19584 14963 14817
17373 17125 17363
14689 15400 20055
15224 19117 16240
16482 17177 17971
15825 19239 15657
16014 15454 19733
16606 18416 16551
17237 18299 15670
16881 18930 15092
16689 15352 19592
17335 18110 16008
16759 18051 16499
17770 17737 16087
17475 15722 18576
14656 18661 17646
17336 15754 18711
15698 19328 15665
15770 19350 15503
17542 18433 15105
16460 15301 19666
18242 16495 16752
18055 16430 16944
18216 15880 17140
18760 15884 16458
15081 17596 18860
18295 17216 15358
17392 18301 15320
16224 16577 19061
15864 18992 15973
15363 15237 19985
17199 18836 14942
17067 16216 18584
17361 18614 15053
17820 18235 14931
18503 16826 15955
19254 15216 16330
16659 16496 18775
14577 18680 17666
15206 15448 19994
17035 17927 16384
15629 17647 18427
16434 19178 15391
16834 15454 19369
16662 15859 19038
16971 18393 15943
18614 16049 16467
18859 16292 15403
18005 18090 15082
18406 14977 17686
15483 19078 16227
15698 18607 17033
17478 18227 15376
17324 16474 18101
18007 18032 15124
18735 15079 17154
17471 18533 15049
19576 14984 14800
15037 18603 17564
15082 15375 20025
15636 19535 15392
15805 16614 19307
16260 15902 19432
15866 19134 15899
15848 16757 19119
16389 18494 16568
18305 16737 16281
18368 17643 14839
19350 15153 15868
18349 16783 16195
14870 18454 17798
14828 18990 17146
14550 19472 16235
17037 18193 16241
15828 16976 18804
15845 18361 17149
17087 18913 14917
18207 17431 15616
17832 17176 16647
18230 17763 15420
18067 15532 18248
19191 16162 14669
15040 17297 19082
14889 15273 20188
15216 18822 17349
15846 19384 15268
19302 15339 16226
19060 15371 16614
17931 18133 14920
16020 16955 18792
16969 15343 19319
16415 16187 18963
15707 18282 17643
17774 16815 17013
14789 15353 20146
15016 19699 15324
16206 15304 19757
16630 15421 19617
17339 18492 15199
16725 18990 15140
16622 17150 18168
18687 15643 16739
17579 18535 14767
15346 19543 15497
15465 17965 18455
16098 17931 17764
15718 19471 15512
15070 16848 19390
16403 19002 15713
15910 19201 15698
16496 19056 15490
15772 19422 15331
18133 15811 17312
16417 17449 17926
18566 16694 15680
18466 17516 14897
19391 15212 15761
14746 19394 16496
14702 19599 15917
15546 16733 19368
16197 15537 19614
14702 18774 17522
15850 15742 19565
16615 18972 15296
16459 15546 19471
18349 15415 17772
18383 16480 16609
18455 15573 17208
14812 19193 16887
14770 19613 15768
16403 15557 19525
16784 17957 16678
16007 19451 15107
17835 16975 16624
18398 16948 15589
17457 18617 14961
14924 14962 20166
15703 15865 19593
18310 15622 17488
18362 17774 14819
17861 15371 18420
19160 15330 16622
14696 16354 19758
15128 18199 18309
14761 19436 16257
14631 19689 15745
16727 18742 15510
18998 16112 15509
17559 17691 16382
16507 17709 17513
15367 18920 16667
16395 16945 18573
17264 18350 15448
17229 18779 14787
17908 17349 16265
16674 18836 15404
17616 18327 15115
18545 17329 15081
18143 17383 15642
18277 17883 15153
14738 16247 19815
14581 15450 20082
14853 19351 16266
15070 18853 16987
16285 15441 19619
16438 19117 15543
14762 19616 15795
16550 15545 19416
15240 15320 20014
17501 17196 16907
16872 16337 18561
17334 18642 15077
17832 15502 18371
18663 15866 16708
18501 15382 17572
15713 16810 19222
15190 17609 18847
14617 19610 15860
15290 16758 19500
16761 17593 17505
14815 19203 16824
17261 17523 17093
17490 15478 18836
16291 16947 18579
18053 15577 18259
14757 19555 16032
14824 15900 19892
15693 18423 17408
17336 16275 18392
18249 17189 16125
17802 15426 18427
18145 16426 16847
19132 16161 14962
19376 15735 15255
17630 15765 18306
14677 19673 15836
15161 18035 18481
15538 17951 18359
15608 17295 18993
17101 18478 15523
16945 18947 14953
16694 17020 18206
18102 16546 16769
16848 18773 15337
18964 16475 15334
18362 15486 17424
18758 17032 14839
14788 18374 17975
14637 19895 14991
14644 18831 17529
18328 17784 14741
15322 17765 18649
16102 17925 17938
16804 16956 18013
17327 18697 14875
16830 15395 19426
18420 16627 16353
18414 17459 15261
17828 17954 15582
15094 17165 19094
15284 18717 17524
15103 18369 18063
15015 18985 16963
15385 17692 18626
16787 18500 15749
17092 15528 19069
15659 17475 18639
17965 17578 15667
18279 16939 16400
18338 17603 15220
18759 16761 15129
19405 15606 14919
17958 15879 17797
14831 15270 20204
15106 19793 15023
15883 18103 17881
14663 19619 15859
16900 15909 18843
15582 17452 18717
16544 19157 14928
16700 15462 19486
17578 17753 16045
17469 17209 16955
15301 18756 17418
17364 17484 16955
16891 18421 16118
17086 18322 16048
18014 16083 17676
17235 18718 14885
17607 16915 16973
14763 18498 17910
15148 16915 19331
16535 16553 18822
16311 15368 19737
17625 15540 18561
17666 17061 16842
15110 19226 16422
17898 17601 15568
17684 18349 15078
17984 18161 14829
17307 18596 15146
14888 19028 17010
15119 18300 18111
14877 19062 16987
15757 19526 15063
16316 15732 19538
15272 18466 17727
18272 17674 15270
18064 18147 14902
18340 17708 15121
18384 16912 16082
19519 15366 14856
14772 16539 19692
15097 17812 18697
14529 14634 20356
14760 19448 16350
14977 16171 19672
16181 17569 18106
17280 18380 15363
16996 17772 16835
18677 16901 15149
19498 15106 15269
14641 15380 20080
15114 18115 18376
14986 17961 18557
14528 18829 17577
15313 17772 18643
16673 17145 17947
16411 16028 19184
16240 15424 19663
17942 17298 16217
17807 15474 18373
16719 15391 19534
16982 15864 18826
17361 18636 15050
17904 15549 18281
18743 15967 16379
18915 14994 16952
18821 15087 17122
18674 17251 15106
15813 17822 18241
16211 15512 19687
15701 17493 18618
15566 17572 18626
16924 16979 17689
17677 16460 17875
18558 15221 17427
18132 17339 15694
15057 19083 16744
16379 15432 19639
16986 18883 14984
17030 17990 16303
18244 17120 16206
14597 14626 20336
19102 16103 15181
15107 17048 19234
16652 17968 16894
15521 19401 15949
16051 18508 16846
16669 17621 17377
16726 19004 15115
15900 16610 19328
15778 19047 15976
17004 17003 17671
18350 17146 15539
16576 18993 15377
18315 17006 16243
19172 16081 15229
16248 17144 18623
14669 16796 19497
15472 19469 15709
15968 18383 17074
15360 16950 19235
15360 18693 17275
16242 18219 17146
16749 18961 15244
17437 18707 14858
18223 16825 16767
19224 15228 16346
19577 15016 14794
14881 18891 17330
18653 16862 15592
14768 19518 15968
16114 19412 15170
16210 15580 19564
15741 19517 15119
15553 18291 17592
17361 17635 16721
17954 15470 18358
17745 16496 17644
16982 18358 15858
18988 15654 16436
19170 16061 15375
14515 18886 17373
17624 15691 18396
15146 18428 17736
17438 18347 15228
15553 17592 18687
15141 19460 16000
15977 16770 19070
17158 18668 15484
15973 19408 15258
15400 15047 20036
16137 15533 19694
18063 16549 16843
18361 17602 14992
19073 15636 16387
19337 15038 16024
14562 15630 20049
14835 16200 19878
16157 19360 15338
16820 15653 19048
15458 19635 14966
17654 15602 18487
17499 18496 15121
18309 15765 17390
17736 17820 15773
17762 18334 14867
18597 15340 17211
19111 15613 15844
17592 18551 14742
19145 15370 16392
18675 15334 17234
17839 18241 14877
14745 16645 19605
15003 17705 18867
17130 18844 14779
17742 18160 15329
18500 17239 15198
18919 16798 14873
19185 15943 15355
15346 19249 16117
17853 15714 18069
18002 15807 17698
17961 15686 18010
15315 17665 18763
14976 18151 18330
15674 15519 19850
16191 17599 17937
17370 15477 18945
15616 17456 18702
18041 17772 15315
17855 15486 18341
19358 15037 15855
17959 17087 16615
14936 15674 19936
18076 15860 17257
18626 16202 16417
14633 14917 20295
14894 18217 18230
15933 15698 19643
15699 16733 19290
16452 15421 19705
16403 17269 18272
17447 17140 16993
19017 16264 15209
15286 18511 17576
18465 15780 16946
19551 15122 14937
14501 19793 15480
14843 15584 19993
14932 18437 17749
16399 16383 18987
16236 19263 15257
16285 18093 17026
17164 18557 15211
17747 15752 18337
17260 16100 18494
17096 18824 15052
16259 19320 15102
18273 15615 17665
19172 15550 15915
17550 18608 14878
14882 19020 17065
14833 15109 20242
15613 17596 18441
15450 17387 18791
15575 17950 18225
15095 19821 14979
16382 18160 16888
16778 18610 15597
16854 16827 18399
18113 15631 18042
18595 17313 15040
18455 15510 17215
18447 17496 15054
14805 16615 19555
16982 15455 19264
17304 16569 18324
15625 18988 16645
16062 19434 15101
18616 15849 16880
17898 18202 14894
16450 17216 18268
18722 15781 16705
18986 16158 15413
18698 15287 17209
15171 18110 18440
14870 14829 20242
14581 16866 19472
14941 18617 17529
15332 17636 18823
15428 19638 15021
16646 17119 18004
17771 17842 15662
18811 16527 15170
18703 15486 16989
18866 16892 14881
19500 15235 14954
14750 18613 17741
14953 15316 20047
16031 15733 19558
17068 17617 16984
16746 19036 15108
18688 16488 15525
18521 17397 15180
18496 17052 15432
18850 16784 15058
19314 15153 16153
14510 19601 15865
15409 17119 19091
15208 17498 18983
14932 14840 20182
15745 19510 15083
16283 15933 19383
16592 17844 17377
17844 15842 18166
14979 15920 19820
18450 15344 17634
19574 15044 14795
19566 15094 14864
19569 15039 14830
14635 15484 20063
14590 16570 19617
14717 19571 15987
16010 18216 17503
15032 14804 20171
17719 18059 15648
16286 16252 19110
17951 17386 16119
14994 19147 16746
17725 18402 14984
19336 15779 15142
14853 15579 20034
15703 19550 15196
16721 16649 18429
17218 15775 18697
14524 14717 20364
14547 14855 20309
14957 19667 15740
15438 18418 17750
14564 14795 20307
15974 17313 18614
14960 16050 19862
16647 16695 18590
16523 15655 19290
16668 18849 15502
15713 19541 15290
17543 17350 16547
17440 18673 14845
17666 17807 15816
15268 19649 15089
18295 16653 16445
17888 18097 15095
18039 17429 16060
18329 15436 17853
19086 15813 15839
18375 17663 14806
19261 15149 16274
14727 19685 15823
14689 19915 14895
15242 17867 18680
15059 18428 17872
17407 15588 18886
15837 17401 18623
15613 17083 19090
16032 18841 16084
16575 16716 18564
17171 15516 19002
17066 17799 16778
18279 17617 15131
17348 18750 14821
16951 18835 15074
17813 18304 15181
18140 15796 17729
17324 18379 15215
18023 15650 17938
18202 15344 18133
18662 15917 16414
19051 15927 15598
19331 15000 16030
14636 18656 17731
15003 18262 18183
14944 17742 18732
15140 17154 19085
14497 18742 17630
17236 18410 15527
18119 18102 14900
17017 17481 17174
19149 15840 15699
18830 16201 16051
19083 16456 14912
19522 15030 15188
14567 14973 20262
14534 18796 17568
14791 16899 19385
14596 16847 19491
15363 17918 18553
14992 19736 15362
18298 17113 15548
16896 15503 19274
17661 17702 16170
17502 17111 16910
16977 18788 15158
15166 19665 15130
16979 18435 15878
16848 16918 17942
18288 17253 15395
18642 17329 15039
18527 17287 15146
19246 16040 14891
14638 17198 19235
14620 19421 16412
15244 18421 17867
15264 17899 18584
14953 19769 15374
14760 15166 20231
15998 19405 15213
16110 16597 19191
15851 18912 16293
17776 17535 16389
18117 18149 14886
17613 18335 15215
18365 17671 14860
18201 17916 15155
18401 17148 15491
16760 15921 18920
15336 17760 18613
15877 15404 19866
15957 16279 19528
16295 19301 15130
15429 18677 17136
17846 15607 18223
17188 16592 18063
17926 15595 18125
16933 16638 18315
17030 15362 19273
18404 16704 16263
18168 17139 16153
14612 19748 15550
14566 14774 20341
14912 17315 19045
15110 17117 19136
15010 18592 17688
17213 18729 14954
16668 16607 18514
16936 17477 17440
16436 17809 17604
17986 15671 17925
17281 16911 17676
18393 15949 16802
17641 18429 14871
18167 16075 17051
17262 18228 15841
16743 19053 15003
18309 15916 16807
18758 16459 15564
15522 17450 18766
16409 15776 19442
17196 16590 17960
15364 18557 17530
16134 19395 14984
16926 18134 16315
17165 15687 19011
17376 18002 16047
18720 16052 16286
18779 16242 15636
18723 16274 15840
18808 16900 14932
18900 16663 14922
19596 15075 14690
19578 15105 14626
14805 16268 19791
14848 16108 19886
14588 16960 19417
15283 19010 16510
16010 17430 18384
15241 16101 19695
15396 19666 15016
17427 18165 15760
15458 15659 19739
17808 16837 16903
19206 15925 15336
18884 15497 16802
18980 15756 16101
19501 15402 14899
14646 15375 20072
14590 14690 20335
14981 19530 15836
17401 18515 15173
18260 17020 16480
18428 16441 16518
17576 18539 14744
19355 15813 14704
15443 17251 19061
14568 19907 14975
15239 18988 16699
15827 16726 19298
15570 17226 19015
15397 19218 16184
17232 16444 18437
18958 15890 15920
19299 15731 15264
14633 18649 17764
15410 18623 17222
16291 17834 17695
17145 17185 17568
17650 15514 18651
17839 15750 18323
17137 16662 18169
16791 17099 17932
19282 15819 14851
18757 16798 15009
15019 17583 18893
15376 17489 18952
14644 15775 19978
15339 19745 15030
15524 18854 16816
17286 18199 15668
14808 18551 17842
15673 15064 19947
15983 16654 19050
16126 17778 18086
15724 18630 16717
16316 17358 18290
17394 17006 17148
18057 16167 17366
18560 16246 16251
17033 15314 19249
19079 16017 15413
18870 16815 14950
18656 15290 17291
19394 15597 15285
14569 15123 20261
14778 19090 17085
16884 15787 19039
15844 17874 18023
17473 17129 17014
18588 17338 15028
18860 15898 16372
18867 15293 17023
19377 15212 15832
14859 19133 16898
14521 14784 20334
16239 15783 19524
17458 18532 15099
17419 17293 16984
18326 15545 17887
18484 17472 15201
18617 17149 15236
16675 15461 19550
14963 17502 18915
15182 17185 19072
15297 17663 18807
15583 19074 16218
15722 16800 19284
17003 15489 19232
16821 15611 19128
16117 17856 17480
17931 17661 15562
17718 15523 18594
18010 15596 18048
18143 15808 17682
17638 18502 14759
18820 15401 16963
19076 16003 15466
16472 18705 15691
19201 15264 16418
14520 14775 20338
14995 18940 17215
14482 15548 20089
15373 17503 18746
15648 19256 15912
14714 16701 19613
16010 16652 19004
17824 15694 18344
17726 15473 18581
19092 15354 16538
18777 15083 17152
15196 19756 15000
15633 19281 15690
15383 17446 18921
14817 19889 14972
15727 18869 16305
15964 19465 15149
17979 16371 17573
16974 15304 19315
17499 15656 18711
18751 15795 16664
17662 17072 16866
17722 17128 16809
19121 15356 16514
19174 16143 14896
16680 16743 18429
15008 18875 17382
15834 17871 18084
15209 19326 16061
15992 16884 18986
16466 19068 15414
15549 17642 18443
17142 18794 15011
17675 18211 15304
18878 15963 16156
18443 17502 15152
19097 15343 16618
15227 17339 18988
14682 19889 15013
15143 18158 18305
14928 19046 16966
15881 15317 19864
15834 17724 18333
15825 17267 18769
16561 16532 18747
18054 16479 16848
15166 17308 19057
18760 16896 14956
18181 17971 14887
19119 15325 16696
14603 14725 20306
15279 17884 18580
14627 18998 17178
15018 19231 16351
14913 18486 17787
14544 14672 20353
16469 18972 15840
17084 15503 19129
16025 19458 15105
16791 15411 19447
16805 16304 18715
16782 17028 18067
16878 15466 19318
17379 17254 17036
15571 18539 17448
17977 15751 17951
18141 17859 15187
18148 15509 18136
19201 16022 15183
18941 15383 16779
18987 15263 16859
18349 17294 15291
18675 16730 15428
19028 16597 15017
19552 15118 14780
14972 16146 19686
14663 18699 17587
14888 19783 15134
15495 17767 18537
14608 19795 15216
16143 18181 17417
16514 18969 15404
17365 17629 16692
16742 17826 16968
16498 18597 15883
17207 15486 19145
17645 16070 17973
16789 18447 16034
18831 15292 17075
18743 15249 17135
18520 16602 15899
18564 15181 17375
19132 16291 14751
19405 15622 14604
14602 19449 16370
14784 19075 17120
16610 15468 19548
16693 18539 15871
17667 17241 16621
17375 16906 17175
17899 15418 18370
18773 15961 16352
18879 16115 15494
16957 17332 17426
18246 16224 17163
17348 15987 18564
17422 16033 18408
17212 16019 18581
17410 16077 18509
18170 16021 17486
18371 16403 16994
17816 17114 16628
18298 16116 17416
17705 15925 18152
17640 16590 17693
17274 18098 16016
17062 17365 17177
17023 17386 17326
17469 17166 17067
17303 16007 18558
17546 15722 18480
17066 17297 17333
17261 17434 16985
16902 16839 17896
17418 15800 18585
17260 18140 15865
17234 17528 16885
18164 16030 17484
17426 15807 18562
17355 15866 18600
18131 16151 17400
16286 17999 17242
17141 15646 18886
17423 15920 18333
17778 16058 17978
17338 15678 18694
16513 17441 17728
17478 17342 16818
18945 16192 15786
15258 15686 19875
18895 16781 15002
17193 17333 17246
16884 15998 18850
16623 16127 18818
16945 16841 17795
19586 14965 15124
16863 18072 16576
17506 15762 18563
16583 16357 18783
17175 18190 15856
16695 17166 17778
17126 17517 17052
16546 15371 19490
18727 16269 16303
16588 17906 17228
17225 18039 16039
15337 19667 15315
17353 17767 16307
17206 15822 18882
17072 15942 18862
17258 15821 18880
14859 19411 16300
16847 17955 16698
16795 16708 18227
17127 15852 18842
16404 15416 19622
16494 16869 18169
15176 19623 15463
19455 15208 15423
17071 17300 17254
16270 15404 19653
15137 19271 16477
16604 15191 19532
16398 18261 16768
17207 15633 18895
17030 15695 19000
14970 19696 15569
19277 16035 15039
16672 18034 16973
16472 17065 18146
17279 17335 17123
15264 19576 15486
15638 15472 19783
17079 15666 19002
19007 16570 15188
16493 15433 19447
16369 19217 15345
17411 16210 18274
19319 15697 15268
19583 15149 15155
16502 18759 16046
19519 15400 15080
15258 19678 15321
19522 15341 15131
19544 15151 15208
16034 19335 15388
16135 19184 15680
17913 16687 17020
15372 19591 15447
16398 19180 15271
14780 19469 16299
16121 17872 17474
16787 17761 17120
14861 19491 16239
16973 16604 18329
15363 19118 16483
15207 19177 16549
14587 19988 14828
17549 16782 17563
16383 19179 15402
16094 18562 16746
15737 16184 19421
19140 16268 15253
16328 18411 16573
14932 19308 16483
17384 18169 15833
14878 19531 16104
16611 17152 17951
17306 16185 18487
16954 17685 16965
15889 15331 19828
17333 16324 18152
14797 19542 16042
16648 17050 17969
17143 18000 16319
14975 19776 15167
15481 18918 16715
15317 19111 16508
19064 16495 15279
19439 14992 15549
19071 16255 15370
15438 19113 16489
17828 16761 17132
15819 16966 18665
16654 17302 17828
19149 15672 15732
17220 17292 17436
14899 19460 16131
15657 19511 15235
17301 17758 16320
19531 15219 15255
19558 15380 14771
15252 19687 15248
19337 16030 15054
15024 19839 14957
17114 17037 17602
18466 16053 17145
15221 18868 17169
15820 16802 18946
17872 17536 15951
15867 19225 15675
19313 15680 15378
14847 19724 15585
16682 17127 17779
16291 16151 19369
15059 19819 14982
16361 19252 15354
17278 17555 16697
19486 15465 15020
16009 18265 17324
16711 17112 17833
17345 16638 17945
17100 18525 15762
17167 17247 17456
17877 17379 16243
18978 16604 15077
15477 19431 15560
15169 15616 19985
16215 19251 15417
15875 17559 18015
15971 17457 18057
17538 17957 15762
18721 15985 16978
17468 16648 17820
18774 15912 16732
16489 17050 18055
16288 17383 17839
16299 16916 18246
15143 19787 15095
17312 15724 18800
15433 19472 15527
17075 17344 17202
17164 17288 17476
15898 16568 19250
14618 19973 14799
17224 18166 16001
16965 17561 17303
15905 19337 15438
17263 17562 16781
17963 16305 17348
17001 17289 17516
14941 18993 17193
19092 16454 15168
14886 19863 14956
16055 15363 19790
19277 15284 15863
14580 19980 14968
15975 16999 18546
17295 17693 16420
16281 15334 19630
17327 17870 16267
17197 17514 17143
17184 16826 17927
17451 17100 17291
14875 19688 15620
15887 16397 19351
18656 16763 16143
14881 19549 15876
16504 16128 19055
14808 18607 17720
15958 15257 19866
15327 19472 15782
16620 16953 18034
18117 17060 16559
16511 16122 19067
15749 19443 15250
19544 15402 15067
14642 19934 15003
14867 19850 15265
15963 15305 19811
14906 19737 15524
15329 16440 19456
15357 17216 18867
14998 19843 14936
16323 15699 19564
16346 16049 19412
16673 17388 17764
19427 15138 15589
19445 15454 15346
18367 17194 15772
14628 19946 14981
15620 15283 19957
18062 17163 16301
18603 15953 17203
19496 15391 15275
14832 19779 15487
19021 16150 15745
19534 15309 15210
15595 16355 19429
14850 19723 15529
16589 17165 17883
16145 15336 19708
19216 15567 15794
14916 15074 20203
14654 14523 20351
15979 15797 19570
16153 16928 18430
19541 15130 15222
15719 15371 19921
16752 16530 18433
18207 15958 17801
16250 16867 18511
16996 15851 18949
17232 17582 16672
19235 15218 16026
15111 15217 20088
16074 15388 19746
17283 17312 17114
18597 16396 16620
18688 15990 16901
16373 19214 15343
16874 16527 18484
17059 16096 18713
16947 16213 18590
16224 15648 19578
17082 15995 18685
17519 17082 17116
18003 17238 16253
15379 17127 18913
19436 15371 15358
16047 18256 17350
17560 17682 16219
17793 16829 17077
17903 17222 16454
16948 16048 18748
16088 19397 15171
19217 15511 15736
18754 16417 15977
15069 19079 17119
16083 15393 19735
17016 17551 17185
16502 15356 19533
16393 17285 17928
17960 16059 17882
16375 19203 15393
19204 15745 15728
16453 17406 17775
16939 18160 16454
17314 15591 18908
16922 17292 17726
18365 17241 15672
19266 16046 15120
19496 15485 14724
16986 17440 17391
16350 15518 19456
16328 19137 15539
14629 14598 20342
15029 17605 18799
16663 17089 17869
17038 15629 19135
17691 15577 18507
16911 15913 19068
15491 15142 20029
16820 15476 19332
17155 15545 18980
19165 16055 15562
19274 15449 15864
15855 17462 18124
15620 19513 15359
18508 16207 17103
16670 17666 17559
15780 19415 15414
16705 17735 17475
14792 19466 16265
15161 19772 15252
16642 16662 18519
16934 16036 18769
17427 16334 18044
16384 15497 19478
17072 17889 16644
18386 16459 16920
17717 16487 17983
14853 19822 15402
16505 18302 16492
16597 16271 18799
17383 17391 17012
18706 16084 16822
15060 14823 20266
15053 19542 15819
16066 19408 15107
14621 19956 15122
15121 14858 20210
16332 15491 19594
17462 16657 17692
15877 19342 15549
14939 18529 17875
15232 16180 19681
16034 19217 15875
17168 16682 17962
17590 17569 16287
19343 15612 15111
14695 19904 15137
15444 19072 16513
15198 19249 16187
18424 15828 17535
14929 16264 19715
16021 15420 19807
17128 15977 18582
19262 15420 16007
16402 19177 15421
17987 17083 16524
15760 18139 17645
14748 19853 15179
17319 17095 17357
17365 16693 17824
17375 17068 17453
18546 16237 16915
19417 15346 15359
14847 18066 18347
15079 19183 16772
17327 15618 18781
14801 19828 15330
14842 19383 16337
14709 19857 15127
16459 16594 18864
18210 17140 16201
14983 19566 15796
14556 19995 14858
14621 14544 20358
15114 19543 15673
15486 19396 15687
15160 18131 18328
15141 19106 16986
14606 19979 14902
18504 16946 15834
18897 15715 16857
14526 19985 14874
14946 19819 15368
16065 15595 19594
18964 15696 16727
18331 16010 17617
15196 16056 19771
15916 19367 15332
16669 15913 19295
17958 16385 17821
19155 16350 15103
15046 15411 20087
15755 15445 19877
15129 19168 16776
15894 16974 18650
15826 17445 18441
17475 16539 17886
17770 16862 17375
15481 19152 16239
16143 17438 18028
19174 16376 15076
15743 15196 19942
16409 16378 19108
16149 17710 17810
16515 17381 17777
17914 16489 17623
18265 16215 17197
15230 19495 15741
16225 15813 19449
18126 16547 17088
15240 15716 19889
14951 19825 15002
15353 17858 18358
16749 18793 15660
17865 17106 16505
17826 17324 16447
18076 16465 17278
18060 16611 16988
18163 17303 16065
18663 16129 16874
14696 19879 15035
16794 17033 17767
16798 18121 16567
18839 15783 17033
18887 16785 15152
18784 16077 16539
14620 19967 14897
15192 19082 17018
14952 19267 16740
15262 18913 17128
14983 19805 15026
16813 18419 16271
14956 19158 16823
15259 19401 15998
16096 16274 19310
15210 17945 18347
15308 14897 20117
14747 19880 15029
17355 16255 18347
16552 19187 15247
17980 16304 17472
19365 15380 15634
15658 19565 15181
18044 16620 17040
19108 16078 15540
15927 15274 19824
16208 17788 17546
17900 15736 18071
15271 16488 19509
15003 18995 17129
14923 19387 16311
16075 15836 19476
15144 19111 16796
17373 16882 17627
14625 19968 14840
15613 19229 15850
16360 17893 17311
18066 16695 16960
17661 17077 17123
15352 14959 20116
15546 16152 19507
17193 17874 16255
17569 15837 18449
16336 18965 16246
15482 16837 19195
15193 19297 16221
15653 15781 19684
15934 18047 17491
17427 15919 18308
17619 18071 15736
15176 19777 15096
16059 18750 16717
15257 16226 19639
15335 19333 15961
18113 16606 17103
17991 16168 17644
18208 17195 16010
18965 15825 16628
15769 19439 15347
16516 17141 17971
18297 16828 16654
15533 16749 19175
19586 15185 15110
14589 19985 14859
15660 15688 19682
18036 17238 16247
16983 17976 16580
14609 19982 14816
15867 19084 16140
16355 19134 15912
19206 15549 16044
14474 19995 14872
15753 16834 18684
15321 17063 18985
16724 18734 15981
14993 19039 17150
15287 14792 20139
15778 18963 16517
15221 17488 18900
14986 19278 16693
18621 16017 16999
18464 17519 15327
19379 15346 15615
15626 19598 15322
17809 16938 16911
15126 15707 19981
15330 19070 16881
14699 19876 15211
15928 19396 15276
16868 18601 15910
17321 15778 18685
18218 17099 16478
17055 17909 16427
16152 18584 16542
15643 16135 19470
16219 18731 16416
15343 19670 15223
16175 17677 17884
17601 17563 16238
16636 18625 16178
18126 16963 16733
16908 17535 17511
14548 19994 14868
15185 18944 17135
15844 15864 19575
16804 17006 17994
15183 19500 15996
14961 19788 15031
15575 18845 16804
16490 16554 18810
16152 19305 15266
17892 16909 16825
15251 17264 18951
15280 19488 15517
18550 16164 17028
18493 16012 17206
15001 19546 15785
15978 19486 14978
16780 15677 19257
18070 15984 17758
17700 16969 17083
14491 19998 14847
15119 18527 17872
15238 19530 15584
15478 19643 15367
16433 18685 16098
14826 18949 17313
14640 14588 20344
15366 19456 15593
14846 19766 15596
15722 17285 18804
16681 15717 19183
17871 15759 18118
15623 19524 15353
18751 15865 17180
18590 16713 16385
15208 16223 19717
14677 19965 14789
17815 16464 17683
18871 15994 16464
15798 19438 15408
16437 15502 19454
15985 18491 17096
17694 17163 16872
17911 17097 16601
18808 15928 16611
14867 19445 16214
16123 19311 15208
17252 15580 18936
16716 16541 18659
15744 16342 19379
18859 15868 16766
15064 15956 19858
15502 17085 18827
17774 18268 15277
17134 17775 16558
15207 16285 19689
14800 15129 20191
14952 19470 16101
18266 15890 17792
17839 15624 18369
19270 15263 15930
15637 19480 15370
15107 17989 18398
17299 17205 17241
16678 15921 19275
14852 19825 15323
14803 19957 14942
15125 19202 16711
15423 18899 17087
16139 18880 16351
17864 16467 17651
16715 18606 16134
17498 15321 18812
16872 17887 16736
18388 15851 17600
14989 19251 16565
14886 18873 17381
17244 17171 17338
18584 15926 17212
17261 15526 18961
19337 15864 15178
16503 17716 17501
17680 17169 16769
15394 15107 20104
16912 18225 16307
19399 15322 15614
14821 19433 16314
17322 18020 15955
17618 17226 16861
15596 19507 15366
15764 19210 16037
14805 19444 16294
16196 15123 19718
17434 15868 18493
16369 15186 19623
17112 17901 16639
17847 15865 18019
15898 16750 18753
16791 16079 18947
18079 15980 17937
18184 16455 17134
15303 19161 16359
15245 17223 18981
15506 19610 15409
15654 19526 15330
16567 18307 16354
19262 15337 16013
15376 19297 16140
15908 19349 15400
14954 19897 14946
17226 16216 18350
17501 17595 16409
18668 16572 16455
18908 16108 16398
15026 17942 18558
17176 15900 18803
16811 16976 17852
14927 19828 14977
15100 15728 19907
17273 16708 17861
17672 17553 16244
17999 16171 17518
19408 15676 14957
15283 17578 18740
15677 16882 18919
15974 19497 15097
16463 15476 19539
18810 16385 15944
18757 16688 15872
18482 17084 15538
14976 18557 17872
16389 18065 17177
18196 15604 18039
19556 15360 14965
15184 15018 20175
16092 17011 18543
16008 17423 18029
17170 16981 17485
16969 18433 15929
18613 16970 15561
18580 15969 17232
18575 16639 16388
19428 15128 15552
15275 17471 18859
15514 19137 16125
16001 17146 18528
19202 15404 16129
19470 15600 14826
16342 15512 19588
16908 15372 19308
17084 16514 18207
18104 15944 17813
19404 15769 14900
14992 18054 18351
15068 19117 16953
15130 14967 20188
17645 15966 18186
18052 16220 17336
17505 17014 17433
19397 15316 15730
19424 15177 15604
16802 17673 17207
18764 15902 17178
15155 18992 17127
15053 15308 20092
16798 15635 19304
18314 16020 17690
18896 15743 16903
16797 17570 17334
15810 19223 15856
18458 16109 17273
18850 15980 16494
19108 15645 16154
16147 16933 18567
15413 17756 18422
15604 19492 15408
15599 19443 15487
17677 16026 18093
17342 15830 18646
17495 15878 18426
17351 17609 16559
19477 15291 15315
15163 18830 17283
15694 15187 19962
15661 19136 16114
17465 15913 18459
17642 17112 16946
14668 19497 16198
14935 19323 16396
16762 18789 15820
18482 16406 16823
16811 17894 16797
15206 16526 19512
16640 16632 18666
16289 16712 18658
16126 15330 19735
16844 15445 19317
17556 16992 17248
18115 17253 16098
18184 16737 16890
16174 19176 15464
16410 15168 19643
17360 15931 18569
17581 16228 18015
18721 15913 17195
15282 19127 16687
15240 15647 19967
15375 19674 15208
18039 16613 17105
14876 19842 14986
18336 17043 16056
18955 15773 16658
15120 15950 19872
17337 16538 18031
17392 15777 18603
17017 16687 18102
18173 17459 15856
19045 15748 16486
15145 18261 18235
15434 15388 19914
15694 19478 15434
16778 18134 16672
18411 16958 16440
18633 16958 15727
19076 16460 15069
15239 18948 17094
14861 18969 17211
15974 15255 19831
18521 16740 16373
18671 16194 16616
16920 18423 16019
19411 15129 15795
16430 15992 19247
15671 19598 15125
17260 15287 19114
17096 17153 17703
18127 17706 15405
18601 15575 17510
16777 16947 18099
15030 18052 18334
16195 15509 19611
16875 15383 19452
18402 16538 16823
15527 19111 16217
17544 17174 16903
15998 17354 18104
18062 15792 18068
16174 18489 16686
16291 18699 16370
16858 15321 19454
17200 15300 19095
18313 16685 16676
19135 15550 16336
14938 19481 16059
16177 16379 19053
16945 15440 19276
16710 16416 18683
15055 19775 15231
15459 15806 19840
15791 16620 19110
16398 15829 19365
15495 17482 18530
19081 15651 16317
15279 17200 19064
14623 14571 20348
16312 18666 16467
16405 18991 15670
16673 18796 15750
16455 18434 16447
18110 17735 15371
16181 19298 15414
16657 16546 18559
16634 18322 16344
19432 15263 15540
19479 15508 15106
15072 19200 16812
15434 19469 15449
15019 15764 19974
15075 19174 16797
16800 18104 16830
16723 17566 17646
18156 17375 15957
17650 15769 18384
18146 16437 17212
19299 15231 15856
14676 17956 18513
15572 14943 19995
15630 19560 15273
15926 15657 19723
16690 18020 16948
15102 17278 19099
15190 19169 16740
15042 19827 14860
15662 17704 18309
18632 17307 15262
15162 18797 17354
16176 16412 18960
16088 19101 16036
17434 15477 18904
15937 19187 16083
16710 16406 18745
18857 15809 16945
16244 18533 16541
19481 15581 14931
19617 15231 15053
14929 18873 17316
14499 19997 14767
14827 19297 16588
15147 15308 20065
16686 17314 17726
17506 17869 16100
18271 17002 16182
14607 14603 20355
16875 15476 19240
15059 19669 15597
17319 18028 15925
18767 15982 16904
15150 19148 16777
16567 15113 19593
15255 17082 19143
18928 15900 16279
18773 15848 17034
16889 15418 19319
17311 15882 18807
19456 15561 15238
14807 17812 18702
14916 18702 17579
15854 19330 15825
16329 17163 18062
14990 17619 18779
14940 19943 14914
15403 15432 19978
16047 15370 19760
17244 16034 18539
17381 16813 17653
19459 15392 15326
16639 18198 16695
17638 17170 16746
16815 16630 18396
17227 17340 17098
15585 17692 18420
14649 14557 20357
15303 18489 18012
14814 19402 16395
18157 16298 17333
18245 17032 16278
19389 15782 14974
15407 19137 16396
19611 15367 14872
14978 19924 14800
18311 17471 15466
18492 15821 17575
18063 15717 18006
15313 16279 19575
14947 15608 19999
14805 18988 17271
16276 16080 19427
17484 17289 17017
16766 17939 16854
15966 16786 18732
17707 16952 17040
15159 17534 18882
15126 19573 15628
15207 18268 18179
17767 16523 17400
17186 18057 16077
19233 15489 15881
18750 15988 16972
15249 16617 19491
16059 19052 16215
17766 17100 16855
15109 17114 19355
16228 16781 18641
16132 19415 15056
16665 17049 17860
15473 18818 17086
17701 16985 17015
15132 17483 18966
15288 17284 18926
16298 16139 19323
16025 19421 15062
16107 17066 18458
15020 19881 14852
16887 18532 16029
15082 19143 16828
14857 19432 16295
15332 17074 18975
15418 19187 16139
15728 19595 15137
14502 19981 14903
16772 16178 18762
18067 16391 17284
18318 17291 15923
15146 15595 20016
15222 16076 19749
15052 18354 18104
15134 16823 19335
15133 17327 19022
18688 16267 16580
15377 18790 17506
16808 18608 15915
18621 17421 15058
17464 17786 16222
19511 15285 15351
15202 17357 19007
16378 16092 19340
15741 19458 15336
16920 15348 19351
17863 16703 17272
17538 16163 18127
18475 16852 16169
17582 15873 18239
18983 15647 16728
19362 15391 15698
16503 18603 16267
15120 19840 14671
16271 19275 15248
17052 18564 15896
18257 16465 16996
17801 15391 18601
18519 16770 16352
16168 17618 17901
19066 15579 16467
19453 15335 15364
19510 15422 15088
15035 14934 20290
14800 19705 15673
16763 18587 15940
16139 17162 18437
17624 15418 18773
18010 16787 16770
17764 17164 16701
18358 16572 16835
18480 15700 17621
18718 16689 16051
19012 15853 16094
18844 16225 15822
18961 16744 15216
15114 14976 20217
16150 15115 19745
16514 19177 15262
16375 17582 17648
18129 17254 16066
17474 15321 18818
18461 15855 17531
16446 18379 16539
17875 15646 18313
19478 15500 15132
19520 15284 15329
15144 17803 18693
15055 15048 20235
16609 17010 17983
16614 17000 18053
17084 17726 16952
18184 15941 17859
18436 15751 17859
19418 15308 15469
15197 18525 17880
14963 19856 14879
15632 19216 16009
15508 19133 16162
17625 16608 17577
18205 15934 17804
17821 17402 16157
14425 19997 14895
15082 15355 20065
15050 17973 18410
14583 19890 15232
16101 15285 19774
16497 17201 17880
16287 16701 18752
18101 17534 15680
18695 16584 16075
18649 15896 17389
18507 15521 17634
19339 15750 15184
19031 15642 16593
19417 15215 15561
15115 17249 19044
15165 17218 19090
14759 19708 15599
15088 15417 20024
16121 15424 19713
15115 17812 18661
15222 17753 18728
15574 19667 15128
18001 16678 17217
18163 16788 16730
17643 15819 18266
17922 15711 18131
14968 18523 17937
14983 15637 19987
15292 18538 17691
15410 17594 18504
18551 15987 17256
16541 15485 19432
15662 19413 15627
18174 15670 18006
19248 15477 15742
19147 15892 15858
19384 15790 14987
15085 17939 18440
15098 17489 18956
16241 17253 18124
16093 15476 19709
17270 18338 15702
17749 15597 18452
18576 17391 15170
19266 15881 15542
18481 16560 16731
15681 15193 19979
17790 16510 17620
16522 18376 16437
18354 15989 17454
15495 19302 15965
18852 16650 15432
18195 17370 15881
18038 17533 15714
15447 18723 17531
16076 15127 19789
15920 16729 18734
17133 18381 16050
19421 15610 15263
19607 15271 15071
19449 15320 15443
15124 19131 16885
15052 16454 19586
15118 17104 19248
15165 17584 18757
15054 17117 19273
15594 18684 17282
19219 15545 15711
16395 17950 17136
15641 19650 15155
18510 17236 15461
17988 16895 16937
18569 16992 15467
19426 15663 15019
16347 18209 16835
16305 17309 18018
15720 17811 18033
16982 15177 19322
16890 17870 17003
18165 17574 15455
16447 15984 19146
16604 15628 19418
16500 18322 16557
15163 17180 19115
15001 16789 19486
15875 17453 18137
15193 18109 18244
17718 17305 16606
17874 15712 18132
18520 15550 17622
19071 16181 15685
19325 15679 15525
19503 15291 15233
19529 15330 15167
14962 17700 18760
15434 18651 17662
15227 15293 20039
15219 18616 17713
14962 19426 16234
16048 15172 19813
15307 17603 18703
16272 16907 18376
15896 18000 17751
18360 15793 17916
18226 16613 16842
16504 18131 16988
15476 18631 17686
16298 17909 17276
15876 18538 16856
16977 18417 16090
17940 17595 15810
17377 18787 15212
18520 15701 17548
15547 18518 17524
14598 19312 16485
15238 19326 16070
15143 17231 19011
16055 17168 18369
17051 15323 19224
18208 15910 17774
17434 15789 18511
18431 16262 17138
18076 17467 15789
15083 15381 20057
15254 17454 18928
14909 19517 15880
16843 16062 18847
16263 17113 18187
16176 19220 15455
15203 15016 20183
17113 18145 16167
16703 19227 15134
17660 17125 16941
18728 16236 16446
14869 19130 16996
16024 15459 19766
14930 19454 16105
15845 17681 18436
15946 19500 15008
16370 16673 18722
14980 19294 16569
15028 19843 14881
17172 18236 15795
16475 18821 16019
17706 16095 17992
18251 15849 17816
18850 15820 16971
18356 15801 17773
19066 16334 15661
19111 16106 15525
19609 15255 15013
14835 19133 16869
15157 17228 19167
15014 16440 19619
15544 14995 20034
15810 15128 19914
17267 16945 17516
15988 19218 15536
16223 16592 18938
16412 17395 17800
16271 16957 18240
17695 15501 18735
17647 15369 18779
17961 16455 17435
18882 16171 16351
19529 15270 15344
14538 19987 14870
15031 17965 18425
18986 15944 16084
14752 17851 18676
15310 18680 17660
14878 19741 15429
15475 17089 18809
16284 17424 17788
17583 18663 15184
18481 16040 17108
18188 15524 18044
19076 15715 16351
16793 16115 18684
18938 15803 16797
19057 15650 16406
19602 15185 15100
14836 19672 15725
15072 15740 19960
15126 19094 17012
17393 18724 15237
17186 16779 17788
17493 18570 15272
14639 14566 20356
15290 16553 19485
15655 18821 17072
16231 16265 19320
15682 19619 14924
15222 16044 19834
15538 15013 19985
15299 17254 18968
15775 15170 19885
17697 16583 17559
16438 17129 18029
19611 15267 14992
14964 17577 18925
15173 17497 18927
15537 15033 20001
16726 15476 19433
16776 18124 16707
15402 16607 19378
17296 17615 16588
16340 18815 16216
16447 18652 16168
18623 16203 16786
15476 18318 17985
15189 15053 20143
15362 16987 19200
14889 15737 20014
15274 18965 17017
15218 18176 18180
16428 15328 19608
16506 16368 18776
15892 18495 16974
17343 18700 15259
18418 16609 16626
18847 17026 15215
15499 18380 17848
14946 16467 19652
16332 17925 17203
15185 16929 19329
16243 15224 19711
17050 15608 19213
15935 18227 17463
17537 15137 18898
16076 18477 17238
16537 17106 17958
17887 15705 18135
17893 17362 16307
19078 16303 15174
18770 15813 17082
18797 17033 15239
15331 18809 17128
15028 17993 18407
16559 15873 19352
15105 15108 20190
16552 16985 18158
17410 15346 18970
17872 17011 16882
16930 19003 15341
18787 16040 16521
18669 16011 17091
18925 15929 16422
19515 15467 14854
15066 18766 17567
15130 17379 18993
15172 18898 17183
15086 19235 16724
16156 17332 18086
16796 15297 19463
16605 16646 18722
16519 17960 17047
15689 18877 16730
17271 18401 15631
17247 18026 16233
19094 16219 15421
19100 16463 14796
14885 18898 17410
15361 18496 17905
14856 15475 20020
16364 18928 16169
15836 19346 15619
16291 17970 17460
17814 16509 17585
16981 17884 16750
18584 16401 16817
18845 16129 16353
18499 15690 17598
19471 15376 15352
15214 17686 18756
17607 18219 15698
15375 16702 19277
17473 18670 15120
17199 15353 19197
17579 16927 17271
17023 17353 17411
16475 17120 17989
18778 17031 15351
17530 17517 16689
18881 16014 16409
18878 16935 15131
15072 15901 19926
16063 17990 17618
16170 17600 17947
17344 18792 15069
15092 19823 14724
18976 16651 15065
19082 15605 16269
18166 15505 18061
15110 19720 15531
17028 17188 17745
15706 17410 18483
15741 19494 15284
16088 18987 16118
17166 17887 16265
17851 17544 15815
18484 16723 16581
19102 16278 15132
19152 15668 15893
14519 19844 15288
15622 16862 19014
15590 19619 15165
16176 15224 19714
17231 15298 19134
16313 19161 15521
18532 15892 17525
18353 16161 17373
19587 15263 15091
14980 17507 18926
15487 18227 18178
15272 17066 19083
15350 18099 18258
15880 18188 17508
15810 19537 15014
17319 16593 18173
18045 18114 15023
17944 16510 17332
18720 15923 17106
18208 18020 15253
19397 15844 14879
16530 19251 15257
15092 19663 15780
15965 17137 18564
15300 17187 18946
16172 19192 15576
15576 17854 18170
14900 19759 15381
16244 15298 19670
17399 16386 18028
17134 18880 15224
16873 18893 15575
18404 17542 15337
18150 16461 17211
18387 15760 17872
19249 15465 15856
18722 17254 15360
19214 15916 15465
19576 15160 15171
15360 18699 17613
14928 15680 20005
15866 15389 19831
16386 18559 16474
16106 18428 17156
17208 15278 19231
17735 16945 16889
17944 17464 15989
17773 17077 16750
18338 17822 15157
15574 18604 17483
19267 15282 15911
15031 16901 19372
16224 15442 19595
15235 17941 18371
15750 15153 19933
15134 18811 17462
16132 16954 18666
15688 18507 17610
16292 18485 16925
16596 18246 16717
17018 18980 15526
18603 15769 17481
19389 15309 15753
18784 15802 17102
15201 17173 19109
15158 18947 17283
14879 19312 16469
15681 16003 19618
15709 18656 17093
16059 18531 16939
15753 18607 17214
15799 19031 16285
17370 17476 16718
16440 19256 14966
16312 18155 17188
18627 17020 15419
18773 16358 16246
18375 17584 15305
14979 17765 18755
15105 19443 16180
14919 17817 18677
15126 15834 19902
16579 17789 17404
16570 17093 18027
16627 15111 19573
18512 15564 17591
19009 15906 16001
19378 15739 15068
15150 18206 18210
16961 15904 19173
15224 17228 19041
15760 18459 17528
16648 19187 15136
17326 18080 15875
17200 18609 15661
17839 17803 15999
17062 18742 15596
17770 15513 18507
14982 16862 19392
18626 15932 17176
19275 15336 15876
19387 15784 14928
15150 17015 19291
15331 19163 16261
16005 16455 19044
16005 17122 18468
18526 17454 15390
17648 18540 15215
18952 15832 16698
18888 16861 15129
19484 15537 14876
15208 16947 19202
15906 18232 17460
15020 18365 18026
15701 18120 17939
15536 19669 14980
16582 15189 19583
16369 17375 18005
16635 16564 18764
17062 19000 15213
17719 16941 16988
18118 15900 17885
15463 17101 18814
18959 16674 15247
15076 16842 19453
15823 18355 17344
16709 17918 16912
17481 15789 18468
17382 15514 18820
18654 15835 17307
18267 16186 17197
15010 17768 18700
15442 17571 18802
16307 15424 19601
16915 16752 18223
17197 17738 16807
18158 15972 17713
17081 16020 18801
17901 16951 16761
18785 17141 15130
18938 16520 15812
18396 17707 15227
18811 15792 17067
18662 17316 15199
15194 16103 19806
17088 15594 18973
15211 17541 18845
15658 16025 19639
17243 17749 16585
16422 19259 15257
16759 18561 16191
17466 18671 15156
16577 18980 15868
17347 15528 18877
17554 17037 17284
18683 16705 16332
18932 16775 15130
18199 15864 17959
14975 15918 19883
15121 19815 15010
14608 14576 20348
14995 17875 18637
15923 19502 15215
15831 18511 17219
17590 15493 18765
16113 17847 17942
16755 17491 17543
17391 17893 15984
17619 18646 15217
16326 17859 17453
18071 17425 15955
17606 17032 17236
18181 17809 15340
19159 15640 16267
17934 16559 17246
18285 15903 17790
15309 18353 18151
15169 17029 19182
15853 17340 18384
15548 19266 15900
15888 19387 15453
18563 17281 15328
17369 15496 19083
18853 16024 16474
18237 17782 15307
18347 15807 17826
19037 16562 15455
19480 15260 15382
19250 16163 15142
15146 18754 17529
17750 16657 17422
15656 18792 16881
18234 17130 16446
19049 16436 15505
15034 15191 20161
14980 17656 18773
15599 17061 18814
15537 18099 18205
16919 18759 15664
17063 18986 15284
16187 17583 17759
17269 15958 18639
18664 16190 16635
18460 15766 17804
16694 16574 18423
19546 15417 14870
15174 17852 18653
16572 16080 19113
16450 15116 19608
16086 18231 17351
16406 16898 18216
17469 15448 18936
17794 15668 18444
17296 17931 16138
17765 17541 16425
17710 17140 16808
18149 17951 15307
18325 17874 15187
18514 15942 17285
19457 15171 15470
18324 17760 15212
19583 15266 15084
15354 17598 18662
14434 20001 14868
15108 14999 20258
15995 17364 18242
15410 15997 19819
15334 19745 15213
16977 15291 19377
15915 19405 15256
16926 16400 18671
15921 18406 17267
19403 15284 15635
14911 17504 18960
15329 18794 17285
17845 15815 18332
16087 18746 16723
17237 16607 18155
15324 17924 18537
17428 17392 16888
16308 15565 19583
17599 17366 16761
18954 15865 16635
19321 15506 15637
18698 16363 16329
15552 17053 18985
15434 16941 19268
14937 19313 16427
15277 15922 19855
17527 16922 17312
17191 15370 19109
17746 15467 18569
16924 17737 16946
18739 17172 15129
15218 14966 20158
15077 17492 18988
15992 17928 17649
15407 19057 16779
15470 18308 18063
16832 16045 18860
18349 17083 15847
17363 16240 18175
16952 17913 16666
18040 18193 15208
19242 16017 15232
15026 16978 19388
15658 18546 17266
15343 18367 17983
14774 19856 14997
16189 19440 15049
15484 19039 16579
17075 16616 18235
16453 16219 19023
17548 17723 16311
17754 15409 18607
17765 16550 17637
17390 16372 18146
19185 16330 15025
14955 17596 18889
14811 19670 15931
15973 16998 18578
15430 19038 16784
16642 15588 19405
15493 18733 17252
17426 15540 18742
16230 18155 17406
19347 15933 15103
17141 18831 15228
18562 17037 15545
18781 16949 15411
18869 16026 16438
18920 15993 15950
15060 16798 19456
14853 15282 20161
15028 19145 16846
14768 15085 20231
16836 15995 18980
14724 19411 16347
15229 14716 20141
16463 16519 18905
17715 15519 18553
17052 16487 18299
16439 17285 17848
16926 19102 15491
17127 17788 16549
18825 15910 16989
14624 19925 15094
16872 16895 18051
14916 19563 15850
15261 17960 18339
16767 16859 18264
17925 17420 16133
18653 16888 15760
17414 18719 15204
18094 18056 15186
18701 15821 17252
19213 16050 15658
14470 19988 14898
14682 19357 16405
15653 17953 18069
15652 15841 19761
15144 17098 19201
15576 19378 15716
17739 15618 18467
17726 18535 15155
16858 18555 15982
17084 18710 15596
19223 16188 14815
18779 17032 15252
19350 15632 15093
19297 15267 15827
19485 15332 15282
15049 17382 19064
15150 19379 16390
14876 19952 14817
15873 19509 15079
17195 18036 16223
16393 16044 19448
16725 17744 17250
15186 19208 16313
17751 15676 18358
17447 18720 15200
16357 17577 17786
17237 15930 18650
17292 18732 15295
18102 17976 15489
17494 15233 18828
17860 18233 15244
19329 15578 15552
18499 15962 17503
14660 14508 20346
15539 16870 19015
15402 17781 18595
16739 19169 15499
16426 16364 19236
16789 17573 17419
17497 18312 15592
19516 15352 15092
17592 17085 16948
17809 17489 16329
18345 17197 15705
18029 17872 15785
15645 18014 18111
19271 16131 15117
19357 15397 15776
15087 17579 18919
15152 16316 19568
16409 17224 18061
17032 15426 19247
15849 19106 16223
15084 19220 16759
15517 16662 19295
15273 19134 16434
15946 18078 17467
18366 15908 17725
17137 15575 19128
17701 15682 18448
18636 17207 15376
16757 17693 17444
17502 16770 17689
17929 18173 15367
18286 15740 18004
18333 16413 17088
18539 15614 17523
19580 15321 15048
14933 15428 20019
15069 18233 18278
15155 16722 19387
15032 17157 19220
15086 15233 20081
15396 16608 19445
17689 16517 17767
17735 17321 16456
17168 16937 17633
16926 18004 16544
17415 17906 15958
18874 16590 15525
19575 15317 15201
15956 18668 16832
17437 18749 15131
19410 15530 15611
16033 19467 14853
15865 18606 16926
15450 19160 16208
15259 19094 17002
15671 17419 18733
14942 17183 19227
14455 19999 14884
15099 15943 19873
14989 17652 18849
15537 16740 19213
16067 15072 19814
16695 15693 19238
17421 18480 15384
18364 15881 17733
19206 16212 15320
16862 18885 15627
15030 19920 14837
15707 16825 19130
15980 15175 19854
15770 19595 14893
16125 15081 19794
17213 17653 16788
17047 15346 19318
17746 17696 16111
17517 15488 18791
18021 16214 17401
18461 17679 15300
17472 18659 15269
18725 17198 15113
18954 16714 15418
19449 15196 15481
14612 19963 14995
15123 15133 20108
15432 16446 19346
16514 18082 16932
16248 19140 15779
15989 19450 15210
16437 16391 18977
17298 18793 14915
15982 16724 18740
17125 17873 16838
16973 18646 15678
17774 18338 15225
18141 15688 18156
18974 15987 15893
18610 15907 17377
18424 15827 17684
19210 15266 16024
19446 15298 15463
14818 15145 20185
15133 17724 18748
16882 15380 19331
17022 15444 19251
17406 18720 15215
15561 17523 18444
17797 15971 18037
16732 16547 18513
17428 18552 15325
18751 17170 15331
15490 18269 17965
19304 15836 15336
18829 16865 15625
19352 15467 15745
19434 15502 15269
17689 15600 18597
18912 16112 15953
16411 16225 19308
15606 19525 15352
17601 15863 18314
17446 16323 18005
17803 15469 18527
17813 17511 16030
17717 18499 15277
19128 16416 15095
15009 17684 18762
15080 17333 19042
15392 15240 20075
15491 19642 15311
16578 15312 19568
16656 15160 19522
17332 16600 18144
16482 16212 19046
15966 17745 18005
17217 18758 15438
16820 19066 15631
18053 18025 15199
18454 17052 15878
18970 16649 15420
18882 16012 16431
17654 16591 17530
15376 17854 18342
14889 19108 16985
15282 17296 18881
17752 18056 15412
16300 15288 19710
17171 15594 18905
16830 17722 17074
17090 18630 15608
17130 18927 15322
17838 17305 16332
17406 18613 15362
18793 15922 16702
14842 19401 16320
15131 16827 19430
15040 15840 19929
15043 16400 19695
14924 17899 18664
15384 17791 18567
15271 19802 14897
15977 15773 19576
15543 18417 17829
16238 19009 16038
17481 18724 15110
17074 15300 19265
16782 18290 16428
17288 18801 15373
18367 15774 17846
17598 18344 15402
18229 17486 15624
17835 18239 15380
19371 15674 15092
18716 16035 16658
15518 15498 19868
16687 18218 16676
17332 15588 18891
16246 16720 18910
16887 17304 17696
17399 15510 18774
16924 19034 15502
18481 16966 15564
18787 16372 16192
18046 18095 15065
19156 16252 15209
15225 15828 19869
15071 16421 19596
15454 19125 16260
18400 17526 15374
17519 18078 15909
15260 19169 16195
16788 15427 19420
15981 19355 15337
17211 17645 16818
17317 18743 15247
17430 17039 17316
18179 17143 16403
17583 18641 15225
18485 17192 15500
19454 15315 15389
19614 15243 14991
14823 17733 18833
15145 18183 18314
15846 19464 15247
16121 19393 15239
15951 16238 19331
15647 16060 19632
16701 15556 19318
17822 17385 16178
18370 15759 17884
19133 15923 15759
18780 17014 15329
15054 19083 17057
15479 18580 17622
18297 15814 17881
16906 18344 16097
17045 15885 18899
17508 16888 17413
17991 18265 15129
15850 17320 18552
17942 15686 18251
15220 17350 18986
19037 15847 16549
19493 15462 14999
19254 15493 15677
15146 18306 18213
14895 15460 20059
15075 16686 19556
15132 19701 15336
16395 18550 16488
17737 17333 16428
17672 15954 18178
17173 18191 16105
18256 17644 15326
18185 17852 15327
15082 15827 19957
17951 15682 18248
19279 15977 15274
15123 17563 18858
15394 17433 18807
14962 18395 18065
14856 19340 16417
15756 19370 15465
15327 17021 19016
16534 15423 19503
17486 15273 18814
17214 16468 18474
15995 17310 18456
16934 17403 17430
17274 15125 19084
17732 18127 15539
18500 16454 16556
17935 15472 18443
18954 16512 15507
15777 15103 19928
15242 19501 15511
15431 18864 17025
15641 17421 18558
15362 18096 18232
17908 16088 17971
16323 19215 15457
16742 16563 18435
18085 16164 17567
17475 15393 18792
18049 17422 16079
17588 18521 15224
18022 15667 18271
16905 18639 15778
18905 16779 15125
18550 17334 15409
18720 16884 15426
18729 15912 17072
15171 17854 18607
16822 15406 19436
15099 18531 17744
16361 17464 17690
18914 16525 15526
16253 18901 16334
15181 15422 19981
17617 15377 18805
17557 16094 18267
17746 17703 16036
17297 18797 15224
17064 16204 18628
19216 16216 15087
19067 15444 16421
19499 15433 14896
19410 15678 14819
14691 18779 17557
15124 19197 16755
14938 16502 19581
15374 18929 16948
15263 17626 18640
16365 19394 15200
16626 15703 19342
17721 18476 15398
18780 16121 16629
18507 17403 15465
19468 15613 14896
15195 16311 19522
14809 19493 16190
15235 17208 18995
15020 17410 19101
15509 18695 17557
15934 16519 19154
15367 19306 15895
14844 19876 14955
16817 15984 19008
15839 18922 16535
16911 18998 15534
16116 19400 15124
17166 15457 19186
17613 17592 16221
17957 15620 18405
18104 18180 14833
17736 15399 18653
18561 17410 15086
17866 15668 18361
19576 15224 15108
14580 15109 20221
15132 17132 19178
15778 17682 18031
15780 19221 15889
16951 15945 19020
17512 17151 16942
16203 15740 19463
18843 16292 16247
15364 17144 18955
18260 16609 16956
18530 17589 15296
18798 15829 17017
18927 16646 15439
19054 16423 15418
14834 15557 20041
15388 16696 19431
14891 17549 19058
14634 19624 16064
14828 19538 15909
14438 20002 14814
14808 15229 20189
16189 18849 16431
16089 19441 15051
17017 15764 19102
17551 16816 17542
16691 18015 16938
15726 19604 14794
16781 15247 19507
15665 16115 19541
17496 17612 16489
17227 18717 15394
17618 18509 15277
17139 18533 15663
18215 16274 17190
17696 17794 16179
19450 15140 15524
17921 17539 15833
14593 14607 20358
16225 19273 15249
16714 19024 15660
17308 17426 16959
17125 17624 17097
17723 17280 16708
16462 18305 16681
18088 16079 17622
17852 17040 16642
17939 15492 18414
18480 16901 15877
19185 15583 16193
19422 15577 15130
19278 16044 14978
19042 16593 15174
15144 16099 19841
15207 18528 17849
15524 17712 18479
16115 16362 19268
15326 16806 19299
14857 19799 15436
16088 16407 18985
16376 19274 15122
15977 17230 18474
16085 19308 15297
16247 18338 17176
16710 15800 19178
17858 15811 18311
17471 18578 15312
17557 18158 15717
17907 18459 15184
17779 15837 18253
18558 17465 15158
18504 17641 15286
15007 17412 19076
14848 19193 16848
15040 15415 20157
16152 19395 15116
17831 18484 15133
15860 19409 15254
16249 15702 19483
16745 16470 18608
15673 18251 17928
17867 15474 18491
17561 17402 16503
18590 16451 16489
16862 17336 17631
17507 18298 15754
17411 18767 15148
17991 17288 16239
16602 16239 18952
18467 17466 15648
18427 17045 16048
18892 15795 16923
18742 16449 16194
16353 17812 17336
14980 17921 18626
15060 16763 19498
14913 17494 18985
16530 18081 17007
15612 19068 16374
15376 15610 19914
15749 16863 18733
16088 17326 18204
15869 18032 18024
16217 16734 18656
17225 17025 17465
17209 18445 15765
18231 15828 17820
18110 17220 16137
17617 17925 15808
17130 18918 15443
17335 18661 15566
18271 17682 15259
17648 15654 18737
18068 17526 15933
18240 17929 15239
17075 18785 15448
18586 17360 15253
19215 16092 15183
18681 16728 16322
18652 17274 15241
19141 16277 15187
15096 16395 19650
15188 16248 19746
15322 18803 17180
15120 16540 19541
16816 16445 18561
17059 15386 19189
15635 16954 18805
17562 16280 18118
16885 15294 19393
17993 18199 14958
18422 15793 17830
18602 17341 15127
18569 17480 15046
18749 15910 17130
14658 15420 20075
15038 17392 19096
17295 16677 18136
16608 16822 18622
15719 19056 16314
15849 17590 18076
15371 16705 19396
15410 19746 15124
15889 16741 18975
17090 15277 19245
16651 15323 19531
16803 18722 15884
18013 17321 16228
17771 15405 18586
17536 15526 18743
18964 15964 16272
15205 18037 18396
15090 17300 19032
14583 14532 20364
15463 15850 19780
16358 17727 17643
17160 18869 15223
16254 17450 17930
17652 17948 15677
18087 18153 14937
18039 18197 14950
18699 15954 17166
18959 16701 15220
18267 17381 15794
14996 18872 17521
15255 19808 14896
14992 14893 20341
15322 18027 18301
15768 15882 19656
15817 19411 15430
17442 17238 17207
16649 15971 19120
16795 18653 15908
18639 16163 16928
18708 16027 16680
18945 15887 16594
19326 16017 15213
15048 17130 19226
18240 17575 15428
15462 15162 20057
15561 14999 20006
16980 15244 19376
16153 18180 17367
15520 18998 16687
16070 15217 19796
17665 16585 17476
16497 15359 19514
17640 15943 18209
17487 16994 17458
16759 19124 14897
17111 15843 18945
18074 16690 16954
17914 17978 15379
17951 18373 15212
18174 17879 15257
17547 18552 15258
19059 15556 16477
15145 17096 19170
15263 19025 16918
17365 15802 18629
15530 16070 19725
15477 19651 15174
16294 18005 17223
17576 15663 18588
16257 17219 18239
17174 18724 15481
18115 18023 15175
18234 15826 17933
18631 16900 16058
18461 15736 17583
17551 17589 16252
19300 15335 15792
16164 18172 17281
15483 18501 17851
15111 16440 19549
15588 16501 19274
16555 18510 16416
15451 17989 18260
15483 17819 18409
16990 15412 19290
18034 18190 15266
18268 17761 15311
18477 17467 15345
14856 17643 18919
16205 18783 16437
14581 19959 15041
15357 19779 14971
17210 18453 15751
17183 18776 15394
17791 17867 15849
17357 15526 18834
18695 15489 17342
18633 17288 15260
16482 18781 15928
16132 18603 16376
19302 15918 15300
16614 17870 17007
15733 18639 16641
16529 18882 15694
19225 15997 15203
19312 15838 15265
16127 17827 17309
16233 17184 18050
19299 15740 15346
17462 16950 17043
19323 15850 15053
16342 17752 17353
19346 15730 15235
16386 18822 15772
15282 19224 16235
16923 18523 15808
16137 18027 17116
16133 18141 16905
19507 15386 15069
15973 18065 17327
16561 16841 18034
16405 19088 15374
15442 19222 16194
15340 19718 14895
16230 18803 15898
15462 19358 15722
15249 19725 14960
16309 18735 16208
16606 18443 16078
14845 18860 17253
14841 19836 15055
15079 19797 14938
15406 19725 14871
14659 19929 14857
15662 19116 15928
15600 18521 16795
14595 19940 14815
16522 15922 18941
15909 18945 16404
16428 19018 15365
16184 18797 16017
16159 19124 15414
14753 19837 15073
16053 19332 15246
19485 15431 15097
15821 19489 15144
16211 18819 15893
17319 16918 17392
15446 15279 19882
17129 18321 15750
14755 19813 15087
14430 19957 14801
17273 17419 16794
16300 18535 16237
17158 17580 16832
15498 15735 19579
14952 19502 16034
18967 15532 16544
15207 16048 19620
17866 16547 17338
14711 19866 15078
15273 19706 14951
19428 15474 15088
17427 18552 15178
17976 17197 16331
18012 16352 17134
19088 16364 15303
14619 19590 15891
15446 19205 16105
18968 15605 16423
16503 18584 16046
15178 19583 15442
15577 19166 16110
18867 16545 15659
18965 15577 16465
14739 19798 15221
17951 15901 17779
16930 18547 15599
15070 16013 19696
18607 16507 16169
15060 16160 19561
18982 15663 16219
17132 15968 18627
15785 15461 19624
17341 18420 15469
18315 15984 17345
17706 17782 16312
18954 15562 16593
15437 15864 19595
15180 19684 15098
17703 17606 16351
17939 16661 16922
17616 16830 17117
15067 19023 16963
15348 15843 19636
16183 19147 15389
19154 16224 15292
16157 19251 15385
15943 19520 15077
16383 17263 17883
15143 19752 14984
14985 19780 15035
16095 16017 19135
14943 19825 14878
15651 19598 15188
17468 15828 18437
16832 18382 16035
16157 19275 15262
17772 16816 17055
15586 18592 16675
15509 18465 17086
19321 15542 15327
15338 19221 16255
18953 16907 15182
16341 18332 16607
17120 18402 15788
15043 18974 16976
15943 19383 15194
17936 17369 16126
17346 15954 18467
14979 19603 15572
16291 15355 19498
14866 19543 15840
15313 19072 16517
14851 19829 15086
15811 19473 15318
14993 15522 19982
15012 19383 16225
15684 19479 15506
15902 19303 15546
16400 19253 14949
16545 18577 16175
15564 19511 15458
15404 15216 19905
15168 19342 16301
18073 15862 17557
18745 15989 16536
14593 19844 15096
17231 16484 18028
18722 16506 15954
17112 17602 16898
18503 17731 15264
15190 19202 16279
17531 18225 15638
18365 16166 16976
17774 17654 16011
16723 18481 15945
18034 16927 16536
16103 15531 19478
17208 18421 15612
16748 18467 15947
14669 19834 15162
18422 16736 16328
14600 19905 14996
18907 15902 16245
14781 19870 14891
17651 17721 16445
17225 18337 15626
19044 16136 15684
14958 19527 16019
15158 19157 16581
15725 18658 16668
17425 17302 16813
18063 17085 16351
14893 19778 15050
15829 18601 16537
16228 15996 19041
17440 18086 16015
18839 16367 15973
17038 18307 15866
15598 19525 15308
19091 16355 15569
18905 15585 16526
18041 15902 17559
17934 17606 16088
14784 19875 14753
15163 19224 16487
15650 18886 16492
18385 17410 15555
14964 18794 17368
15674 18748 16475
18260 15686 17708
14517 19975 14753
15529 19612 15115
15478 15831 19585
15413 19686 14805
15869 19133 15816
15268 15269 19911
15192 15709 19913
15357 18192 17591
18346 16666 16357
15990 19338 15544
14820 19000 17170
15446 19341 15811
14979 19817 14874
17282 16123 18256
16032 18413 16891
18777 16711 15735
14535 19949 14851
15389 18490 17146
15078 15035 20112
16828 17952 16843
15182 15676 19972
16133 18893 15955
18180 16809 16369
17742 17649 16171
18647 16652 16110
15426 16156 19497
16108 18660 16239
17205 16714 18072
18230 15594 17803
18355 17811 15326
15848 18721 16458
16001 18469 16888
15258 15329 19914
15677 19488 15306
16260 16119 18846
15734 18961 16147
15055 18403 17700
18939 16472 15589
14756 19666 15671
15378 19234 16135
15822 15506 19596
16223 18164 16894
15990 15603 19582
18049 16952 16410
15102 19785 14975
18793 16443 16046
18958 15664 16331
14744 19904 14954
14785 19024 17106
17638 15748 18408
18953 16394 15549
15193 15748 19907
14630 19888 14993
16582 16029 18693
17122 16574 18082
15177 15876 19766
17213 16337 18289
15150 17155 18936
16218 15307 19596
17042 17645 16781
14552 19941 14979
15002 19050 16904
15212 19089 16541
15234 17770 18559
15371 18531 17076
17117 18080 16537
15055 16008 19726
15328 17788 18490
14939 18971 17057
16086 18202 17014
18121 16950 16346
15229 17100 18948
15740 19547 15264
15935 19060 15808
15358 18510 17335
17142 18215 15935
19302 16065 15011
15451 16038 19504
15217 15629 19959
15711 18735 16411
15986 18681 16489
18989 16182 15806
16148 19117 15526
14894 19883 14550
18163 15827 17723
18017 17272 16208
15640 18556 16674
18815 16138 16477
14483 19900 15036
15803 17830 17725
16093 19306 15236
16623 15910 18774
17899 17371 16121
15462 19313 15868
15386 19231 16164
17574 17645 16511
15683 15278 19856
14907 19805 14899
15418 17324 18609
18605 16008 16741
16659 18122 16689
15220 15993 19641
18116 18189 14921
18214 17401 15804
15095 17441 18778
16290 17442 17835
17799 15847 18122
18173 18172 14872
15172 19832 14747
15577 15466 19737
17737 17345 16586
17702 17827 16283
19100 16131 15597
14503 19916 15019
14737 19720 15589
15603 18818 16624
15959 16547 19092
18255 17651 15583
18074 15414 18075
18340 15855 17376
16453 18252 16732
15673 18499 16856
17654 15434 18585
19257 16191 14988
15228 15731 19898
15357 18038 18006
15184 19243 16156
18131 16327 17149
14940 19288 16568
15079 19358 16207
15907 18525 16623
17429 15257 18809
19351 15891 14808
15364 19730 14791
16314 18334 16620
17208 16437 18047
15846 18147 17450
14862 19922 14587
16254 16335 18905
15544 16885 18858
15080 15975 19669
15126 16760 19186
15203 17869 18188
18375 17382 15842
14641 19839 15085
15231 15384 19930
15319 19161 16410
17912 17326 16186
14979 19425 16059
15314 18657 17090
18970 16310 15741
15098 17335 18848
18071 18209 15077
14468 19975 14791
14849 19660 15331
18293 16884 16329
18368 17616 15359
15160 15361 20014
17450 16195 18015
18851 16264 15897
19097 16644 15128
17166 17443 16910
19271 16067 15024
16080 19066 15658
14447 19947 14994
15123 17884 18263
18851 15609 16692
14850 19216 16832
17954 18006 15499
17639 17895 16077
17960 16235 17197
15916 18585 16583
18995 16899 15186
14811 18038 18453
15701 18390 17066
15030 18932 17098
16808 16610 18237
16405 17424 17822
15009 19306 16306
17469 18167 15786
16355 18217 16864
17111 18271 15992
16007 18278 17059
16177 18955 15913
17745 17814 16046
16897 18260 16067
19096 15395 16327
15249 18726 17093
15174 19233 16238
15094 18532 17604
14939 17851 18390
15621 15875 19497
15560 19062 16380
15656 19088 15992
17845 17765 15823
17243 15338 18986
18807 17228 15471
15382 19433 15688
15524 18038 17864
16570 15332 19356
16361 18605 16079
19239 16092 15124
15189 15817 19806
15418 19353 15843
14848 19451 16248
14544 19952 14834
15526 18315 17397
18036 16985 16450
15540 17204 18536
15266 18238 17681
16115 18045 17014
18318 18009 15135
14940 19866 14635
14787 19163 16917
16674 17650 17498
18747 17430 15355
15091 16752 19356
15318 16718 19207
14885 19426 16284
14787 19512 16264
14833 19424 16381
15149 15911 19713
14898 19394 16313
14838 19860 14899
14691 19911 14740
16008 18627 16355
14884 17906 18404
18856 15934 16212
14604 19864 15081
15068 18075 18054
16872 18419 16017
15358 15531 19870
15137 17752 18565
18475 16287 16863
15940 18496 16941
15676 15485 19709
15297 16891 19044
14999 16789 19349
16621 15897 18808
17318 17484 16762
18537 17672 15285
17933 16779 16803
15675 19026 16007
18355 17904 15193
14698 19619 15820
15410 17770 18014
17322 17682 16600
18987 15541 16437
14561 17194 19213
15010 17882 18293
17951 17473 16084
18907 16642 15369
14669 19910 14774
17291 17199 17113
16221 18737 15987
18683 17300 15554
19375 15616 15181
15156 15875 19809
17977 17113 16642
14975 19790 15014
18222 16504 16654
18251 16473 16666
17884 16067 17914
14909 17702 18749
14766 19784 15341
15579 19268 15794
15687 19582 15126
16915 17862 16815
17660 17928 15892
17807 17914 15844
18704 17008 15911
15299 19368 15864
14692 19733 15530
15457 15782 19679
17625 17243 16904
14608 17480 18989
14982 19349 16380
15256 15892 19688
14702 17184 19314
15356 17228 18709
16695 17710 17404
15582 17829 17997
15658 18358 17290
15218 19710 14971
15804 19155 15635
16703 17770 17324
16188 18610 16356
15171 16886 19142
19055 16689 15109
17287 18224 15700
15342 17248 18743
17261 15971 18472
18510 17565 15436
19024 16628 15350
14874 17876 18618
14898 18102 18185
15067 17705 18601
16188 18845 15961
15852 19521 15019
14800 16332 19695
15041 19848 14646
14776 19903 14752
16102 16486 18794
15744 18273 17587
16126 18381 16771
18101 18191 14974
15080 15499 19988
15242 15836 19795
14870 17954 18413
16320 18636 15987
18085 18169 15021
14844 18867 17364
18346 16358 16787
18954 16770 15317
19014 15645 16332
18449 17830 15112
14867 17357 19042
15443 19643 15054
16002 18840 16262
16188 18947 15835
17820 17384 16229
17621 18077 15517
18294 17813 15367
15042 19368 16289
15877 18522 16731
15433 19453 15594
16662 18322 16220
17693 17848 15979
17917 17811 15783
18651 15444 17322
14944 17754 18584
18025 17002 16541
18589 16747 16123
19043 16767 15295
14729 19581 15897
14884 19498 16101
15312 16001 19628
16604 18801 15572
18156 16109 17372
14948 16633 19468
15262 17831 18207
16971 17792 17097
16270 17915 17236
16272 18987 15728
18865 17215 15322
14904 19065 17026
14762 19551 16197
17258 17772 16511
18803 16287 16146
19173 16472 15162
14873 17740 18745
14976 18918 17119
14861 17032 19322
16319 17558 17670
14833 19033 17043
15274 19497 15857
14970 18168 17998
15179 17622 18708
17793 15890 17944
18463 17757 15132
18314 16116 17152
16205 15412 19507
15234 18823 17074
15704 18284 17308
17484 17439 16670
18403 17470 15486
18338 17505 15716
18763 17327 15492
14917 18890 17204
15365 17844 17907
16750 15521 19234
15071 19373 16202
17966 16763 16772
16518 15951 18963
14570 19948 14874
14963 17462 18941
17981 16174 17464
19045 15924 16102
17419 16382 18063
15956 18566 16619
14987 17413 18799
18183 17181 16074
18590 16047 16899
18995 16603 15389
19533 15274 15111
17356 17173 16987
15061 17480 18795
14763 16887 19439
14911 17377 18978
15011 19619 15341
15280 17320 18819
14792 18871 17380
14598 19938 14802
14787 17126 19275
16288 17271 17959
18884 17185 15463
14938 16330 19631
15306 16881 19051
17763 16621 17077
18357 17894 15188
18664 15434 17390
14607 18441 18002
15271 16648 19255
18000 16094 17512
18707 16454 16265
19387 15653 15087
15127 15179 20039
18752 16463 15951
15370 17362 18663
15008 17867 18354
14619 17220 19181
15809 16390 19154
15777 17441 18485
16735 17580 17507
16750 18631 15913
17880 17737 15858
18084 16811 16527
14827 17554 18940
15082 15606 19981
16289 18810 15806
18054 17297 16182
14986 19512 15815
16657 17380 17807
18885 17146 15335
19336 15475 15736
16658 15244 19423
16141 16390 18939
17808 17874 15967
19198 16190 15126
16339 18513 16331
14977 18404 17833
16875 18222 16438
15005 17667 18794
14805 19634 15817
14836 19733 15355
14756 17476 18964
15124 15391 19989
15363 17226 18715
16950 18454 15722
14975 16353 19605
18460 17590 15340
16471 15322 19500
15749 19519 15150
14984 16993 19371
14849 16901 19427
14767 16480 19602
14939 19131 16944
15145 19583 15473
14843 16465 19611
17566 16941 17197
16162 18859 16081
14896 19770 15230
15928 18924 15931
16638 15340 19351
16603 15684 19271
15028 15399 20018
14375 19957 14977
18953 15778 16163
17450 15618 18633
15583 19203 16017
15582 17631 18124
18515 17658 15339
18704 16052 16670
19213 16316 15082
19329 15890 15034
14943 18881 17233
14984 19313 16359
14882 19889 14633
15070 17832 18504
17493 16987 17042
18899 16533 15733
18711 15994 16580
14954 15825 19868
15107 16910 19246
14876 19845 14876
15490 15752 19705
18270 18002 15283
14731 19597 15876
15170 18038 18071
14922 19557 15627
16239 15910 19197
14700 17999 18457
16680 15621 19347
15669 19049 15957
15040 18301 17845
14855 19381 16356
15010 16121 19734
15007 19837 14803
15509 19384 15691
16129 15767 19459
16733 15343 19286
18955 16631 15352
15775 19292 15735
18752 17379 15400
18840 16070 16307
15064 16979 19196
14985 17834 18493
15079 19006 16914
17956 17145 16445
17645 17392 16493
18054 15756 17948
14893 18746 17540
16658 17447 17552
18151 16842 16504
18418 15769 17292
18599 16540 16258
18756 17188 15590
18899 15427 17023
14915 18822 17434
14848 19397 16326
15279 19648 15323
17243 18233 15815
19161 15350 16460
18392 15762 17411
14809 18967 17188
14631 18954 17197
14989 17001 19171
16132 15290 19668
14715 19683 15742
15688 19374 15598
17560 18200 15441
19087 16529 15153
15009 17272 19020
15784 17989 17575
15020 16088 19631
17671 18619 14913
18734 15872 16643
18848 17217 15314
14876 17848 18681
14734 14661 20316
14855 17755 18703
14552 19836 15099
15159 17792 18523
15418 15826 19745
19377 15339 15720
14776 17094 19321
15260 14750 20089
17519 15448 18730
17240 16402 18017
15823 18367 16994
14825 19379 16436
18414 17206 15882
17853 17510 16157
15623 18948 16249
16874 18510 15927
16794 15184 19311
16747 17907 16922
16443 17614 17575
16168 18025 17304
18767 16140 16309
18871 17188 15225
14598 17246 19203
17621 15673 18459
15297 18322 17507
16520 16819 18345
15567 15951 19511
16030 16587 18844
18024 16441 16904
15038 16856 19342
18596 17546 15265
18015 16776 16688
14818 19672 15586
15301 15022 20004
16000 18650 16366
19508 15321 15202
14971 17308 19113
15161 15846 19805
15392 16090 19609
17688 18554 15002
19250 15938 15457
16418 17907 17260
15336 16919 18993
18970 15767 16244
14930 17314 19042
15373 16199 19513
15029 17847 18361
16052 16502 18885
15761 16955 18773
16154 18865 16008
14983 19372 16333
15499 18483 17175
17229 17607 16829
19254 16262 14944
15072 16847 19336
14805 16367 19692
15228 19390 16036
15891 15199 19791
18025 15918 17632
17231 15463 18967
19070 15624 16302
19564 15216 14897
15309 16636 19314
15000 17162 19162
15340 19228 16213
15682 15207 19909
15164 17961 18176
18633 17421 15452
19401 15868 14749
14863 16528 19553
15621 15844 19563
17507 16941 17299
17686 18580 14971
18096 18240 14951
18398 17845 15150
18737 17478 15151
19018 15976 15936
19283 16141 14950
19329 15355 15771
17027 15309 19117
16376 17029 18064
16921 17310 17607
18051 16587 16843
19010 16383 15592
19159 15322 16465
18007 15826 17773
14691 16577 19653
15612 19325 15738
15702 19221 15864
15105 15791 19887
16652 15270 19492
16227 17391 17905
18010 15644 18228
15874 15878 19358
14948 17735 18589
15443 18806 16637
14886 16098 19741
16345 18720 15959
15224 17831 18424
15674 19035 16111
18094 16016 17536
15626 19273 15745
17333 17998 16269
16090 18190 16876
19066 16007 15828
15834 17754 17833
14952 18157 18043
18498 16934 16253
15747 18231 17364
15084 18771 17494
14702 17209 19176
15848 18108 17472
15171 18761 17308
15135 14995 20020
15101 19769 14978
16638 17831 17079
18172 17942 15317
18812 15598 16793
19031 16840 14891
16986 18450 15978
14942 17503 18955
17241 17700 16748
14653 17075 19330
15515 15211 19943
18697 15922 16831
18808 15429 17180
17680 15432 18617
16420 16045 18916
18345 16385 17024
15383 17555 18324
17848 17630 16006
17723 17091 16797
19054 16221 15604
14752 18852 17417
14957 17111 19299
15413 19207 16249
14977 15467 20007
16387 18176 16854
18513 17774 15012
14866 18852 17302
14932 17769 18597
15636 18012 17712
16085 17707 17706
17652 17136 16954
14624 19930 14810
15075 19845 14743
15186 16862 19121
15517 17749 18321
15755 18986 16038
18199 15764 17704
19137 15947 16024
19388 15338 15738
14678 17224 19143
16511 15981 18723
15200 18630 17535
15309 16492 19356
19096 15376 16377
15726 17820 17778
16548 16871 17979
15541 17702 18113
14965 19034 16930
18939 15666 16338
18375 17999 15053
18392 17591 15450
18865 15591 16541
15132 17268 19107
15245 16116 19577
17904 17235 16291
18137 17609 16026
15122 19764 14874
17576 15447 18570
17305 18408 15554
18181 17523 15861
18543 17620 15190
15222 19236 16138
16605 18485 15983
18078 15847 17652
15117 18164 17981
14820 19500 16157
14571 18015 18496
14935 18437 17821
16975 15591 19185
15860 18096 17512
17346 15623 18867
18972 15366 16838
14649 17326 19146
15056 18366 17727
15508 18632 16970
18025 15620 18184
18256 15490 17933
15203 15080 20013
14714 18424 18084
19018 16299 15619
15048 19136 16902
18028 16895 16542
18860 16222 15961
18988 15548 16367
18110 15534 17999
19414 15772 15019
18358 17956 15095
19099 15309 16475
15152 15860 19834
15156 18074 17969
15075 17627 18645
16693 15242 19454
18564 15492 17458
19025 16551 15307
18819 15454 16997
14688 19913 14722
14933 19088 16956
14763 17334 19094
16561 15799 18944
17117 15685 18822
15297 17530 18619
15436 16072 19489
16058 16205 19348
16671 18076 16879
17419 17130 17100
18365 17020 16146
19054 16698 15079
19482 15555 15076
14797 15105 20270
15246 17260 18917
14771 18927 17343
16547 15474 19369
16495 15387 19410
15803 16706 18912
15431 17202 18731
18768 16379 16178
18945 17048 15273
14681 17361 19011
15087 15324 20086
15126 15778 19848
17601 18626 14952
18089 17893 15414
17840 17691 15998
19072 15445 16518
18911 17114 15304
19291 15969 15238
14669 15145 20207
15793 18426 17059
16718 15270 19333
18505 16754 16239
19414 15569 15104
15354 16318 19371
14664 14735 20341
15771 16281 19250
15436 17157 18714
17629 15716 18412
16476 16409 18659
15254 17455 18731
18142 15816 17742
17493 17661 16656
17939 18424 15091
18366 16472 16649
18662 15816 17012
18911 17089 15344
14919 19379 16300
15206 16041 19640
14710 17208 19199
15333 19353 16117
16746 17793 17219
15041 16274 19596
14840 19579 15839
17031 15605 19057
16545 15862 19311
18718 17199 15511
17231 15477 18952
18923 17041 15351
18644 17483 15207
18951 16926 15194
14726 16545 19643
14718 16713 19539
14663 17186 19213
15605 19604 15094
16044 18321 16824
16038 18001 17404
18116 15904 17537
18882 15565 16919
18771 17335 15213
15167 14784 20163
15045 17321 19012
14945 18905 17198
15112 16304 19559
16448 18145 16782
15775 19176 15901
18198 15472 17963
19316 15934 14922
14813 19567 16109
16743 16576 18363
17553 15823 18548
18296 16779 16399
19540 15325 15081
14679 14778 20330
14887 15562 20036
14805 18951 17243
15368 19697 14934
16613 15980 18861
18530 17477 15323
19123 15258 16527
16114 15452 19595
16016 19351 15304
16462 15166 19549
15671 19400 15570
15491 19525 15524
17999 18301 14852
18426 16192 16966
18616 15892 16998
18430 15627 17451
19331 15903 14845
14915 15144 20224
15196 19831 14781
15107 19768 15288
16672 15831 18889
15938 16678 18840
15338 18563 17453
15523 16524 19184
16228 19410 14880
17673 18171 15432
16705 17824 17088
14445 19985 14736
16114 16414 18942
15530 14948 20026
16285 17986 17170
18553 15511 17531
18000 17937 15402
17040 15517 19052
18491 16968 16118
18552 16445 16286
19147 15667 15904
15079 18494 17615
15226 15860 19695
18900 15695 16394
15882 15388 19713
15573 16815 19115
17961 15747 18226
16890 18456 15872
17805 18560 14950
18165 15585 17956
14652 14622 20345
15006 19311 16443
14808 19480 16229
18843 16310 16040
16197 18316 16839
16523 17036 18000
17059 15505 19018
16421 18797 15936
17395 15621 18878
17625 16846 17061
17420 18587 15213
19075 16785 15060
17566 16953 16969
14914 16670 19551
15345 16368 19354
16433 15757 19326
16041 18285 16998
17497 16157 18227
17671 18566 15000
18838 17173 15522
14785 16025 19892
15794 19172 15648
15089 15191 20067
16338 16038 18932
15310 19187 16426
15200 18742 17101
17783 15934 17981
18248 18051 15303
18646 15487 17362
18916 17116 15262
19223 15259 16267
14926 15115 20199
14934 19326 16426
16527 18171 16581
16906 17092 17792
15131 17794 18550
17942 17064 16695
15137 18494 17552
15005 18128 18044
17974 15691 17988
18696 15450 17255
19413 15528 15265
14680 14646 20326
17476 15465 18756
17443 15621 18793
17888 18083 15416
18823 16206 16156
19119 16350 15573
19451 15310 15582
19311 15928 15157
19306 15490 15773
15086 17611 18775
14967 19071 16918
15190 16082 19632
14948 18431 18014
16350 17170 17961
17717 17124 16887
17957 17644 15895
18306 15656 17788
18771 15458 17039
19356 15287 15769
14941 15066 20188
14677 17250 19128
15551 16353 19316
16299 17974 17166
18942 16282 15768
18319 17911 15116
19326 16023 14911
14841 16040 19815
15533 16825 18989
16935 18331 16024
14603 18344 18140
14999 19196 16891
15438 15550 19845
16021 17969 17410
18254 17207 15951
18364 16461 16762
18466 17141 15852
18800 16158 16271
19322 15510 15620
18822 15451 17028
19089 16803 14994
14839 15434 20177
18680 17469 15284
15186 17023 18972
14627 14628 20356
15513 18780 16775
15796 19604 15002
16705 15549 19284
16730 17666 17346
15010 18392 17775
14564 14593 20358
16492 15658 19423
15619 14947 19922
15634 17854 17717
15460 18898 16558
16750 15245 19368
17141 17558 16907
18503 17744 15242
18655 15637 17303
18942 15508 16786
19233 16181 15087
14957 18948 17089
14889 18336 18018
14741 16034 19918
15439 16949 18942
15173 17838 18327
15068 18337 17679
14999 18639 17533
16661 18772 15947
18437 17569 15363
18589 15347 17399
17107 15472 19012
15018 18787 17406
15238 19802 14807
15850 17971 17646
16705 15571 19259
18390 15763 17445
18656 15791 17099
15202 18993 16797
14719 19472 16325
14825 16113 19843
16388 19302 14913
15898 15321 19752
15375 18385 17315
17907 18429 15033
18548 17464 15516
18768 16740 15689
19276 15284 16048
15975 15380 19658
15108 16878 19190
17999 15843 17858
16151 15412 19579
16692 16489 18496
17148 15561 18985
17925 15784 18037
15023 18644 17508
19034 15519 16508
18412 17881 15104
18540 15581 17457
19239 15317 16258
19501 15368 15113
15593 18546 16896
17296 18784 15160
15041 18889 17192
17507 15826 18331
16695 15293 19382
17244 17205 17445
16755 18097 16827
18891 17084 15360
19087 15376 16389
15452 18307 17471
15995 17689 17925
17355 16804 17713
17979 16003 17673
17912 17694 15864
18826 16344 15996
19509 15432 15035
19392 15363 15716
14805 16389 19667
15029 18122 18138
14691 17985 18488
16898 17878 16962
18256 15851 17650
17248 16393 18019
19206 15601 15869
18771 17295 15363
15573 16233 19368
14734 18301 18154
15161 15759 19814
14742 17136 19260
14881 19874 14695
14579 14636 20347
14933 18507 17671
18344 16847 16299
18483 15530 17521
19230 16309 15106
18848 16250 15971
19191 16324 14914
19372 15394 15761
14877 15278 20144
15041 16074 19725
15594 17959 17791
16595 17973 17209
18098 16556 16897
14794 16853 19483
14811 19121 17025
15223 19398 15899
15361 18339 17346
14908 19360 16361
16066 17826 17463
17411 16966 17139
18221 16577 16621
18906 15484 16790
18343 15301 17784
19280 15245 16155
15018 19486 15949
14691 19056 17039
15255 16654 19318
15339 14871 20075
17130 18178 16207
15691 18734 16543
15311 15739 19866
16070 15930 19324
17719 18073 15835
18303 18108 15103
18574 15358 17469
14694 16003 19960
14839 16881 19459
15706 15679 19608
15390 19690 15067
14870 19427 16168
16380 16976 18166
18376 15833 17629
18608 16164 16707
18416 17913 14968
19464 15767 15058
14791 16815 19494
14676 18514 17961
15594 17961 17755
15681 15726 19638
18109 16516 16841
15970 17174 18267
14967 19201 16857
16168 16226 18944
18283 17068 16089
17030 17620 16880
17632 18649 14892
19075 15388 16477
19378 15875 15042
19284 15276 16154
14944 14727 20244
14917 19414 16238
15237 19547 15362
17027 17690 17008
16236 18063 16952
17529 16733 17401
17480 18300 15674
17608 18658 14935
18612 15526 17392
17842 18504 14962
18289 15328 17813
15588 19399 15644
19272 15485 16005
15862 15448 19661
15694 19450 15470
14671 17055 19326
16633 16130 18671
17703 16433 18003
17722 17197 16603
16853 17983 16798
17428 15494 18803
17384 18147 16205
18245 15667 17734
19249 15992 15298
18128 17918 15411
14781 16429 19623
15303 18955 16670
17330 15915 18519
16162 16462 18855
16215 17744 17420
16281 15333 19527
17878 16805 16942
19034 15775 16141
18847 17289 15206
14715 16297 19717
17864 17460 16123
18291 17599 15406
14942 17767 18674
14710 16628 19600
14575 17795 18702
14926 18573 17670
14655 19393 16444
14791 18888 17350
15511 17115 18894
15647 16758 19060
15961 17943 17509
17193 18726 15273
15526 15016 19944
17943 18413 15023
18508 17777 14960
18397 15555 17754
18425 15602 17503
19360 15696 15187
14635 17246 19153
15039 17878 18304
14976 19405 16291
15737 15458 19631
14698 19910 14729
16674 15272 19386
18045 15597 18127
17517 15468 18658
15491 16364 19319
14930 17188 19196
17065 16424 18257
15198 19415 16075
16349 15269 19560
15670 17551 18214
15178 17295 18884
15310 15574 19870
15267 18809 17070
15531 14917 19942
15298 17306 18778
17585 16081 18256
18330 15599 17777
14881 15451 20051
15047 17706 18736
18257 17176 16029
19346 15331 15907
15249 16395 19465
15030 16780 19442
14930 15056 20207
14833 19204 16849
14708 18464 17946
15756 18350 17102
15416 16602 19187
15900 18249 17362
17848 15761 18204
17457 17215 16938
18477 16094 17092
17729 16796 17373
18284 15543 17808
17513 15481 18627
17833 15520 18465
18607 17628 15038
19531 15314 15272
19428 15688 15084
17646 18606 14956
15014 18350 17911
17652 15750 18403
17196 16504 18114
18353 17897 15289
19303 15413 15863
16290 17004 18645
15992 18658 16409
14759 17347 19092
16007 15866 19552
17149 15880 18618
16378 19136 15340
16722 18077 16863
15888 19178 15574
16997 17383 17491
17524 18659 15071
16811 18430 16209
18492 16182 16795
17623 18588 15011
17636 15346 18632
18251 18099 15119
18793 15808 16644
17526 15436 18622
16905 16559 18098
15059 16948 19297
15850 15454 19745
17822 15676 18307
17316 17033 17187
18400 16028 17233
18593 17635 14835
18267 16737 16537
18330 17054 16158
18086 15443 18040
15500 18080 17660
15009 17935 18347
16623 16236 18673
14972 18690 17637
15183 17625 18590
15247 18644 17242
15935 16602 18901
15895 19128 15675
16718 16812 18209
17617 18576 15076
17186 18486 15696
17722 18294 15299
18296 15716 17635
18150 15787 17760
17481 17927 16286
14616 14633 20347
15105 18929 17066
15827 19530 15054
16819 19042 15138
17070 17467 17026
17754 17661 16077
18072 17619 15850
18712 16891 15644
18900 15375 16869
14980 16487 19581
14424 19979 14963
15508 15626 19753
14990 18194 17947
16840 15321 19262
16801 19056 15186
18386 17746 15301
18275 15562 17867
15846 16488 19151
17850 17199 16505
15353 16869 19101
16020 19143 15393
15570 18369 17173
15686 16484 19234
17709 15605 18392
16790 15372 19231
17541 18650 15043
17804 15753 18361
19198 16056 15575
15379 18065 17748
18757 15707 17253
15135 14847 20139
14768 19171 16977
15305 19750 14917
15541 15592 19799
15969 18851 16184
18138 15730 17971
16719 16614 18347
17450 18675 15072
18402 15948 17138
18224 16077 17224
18672 15932 16869
15218 18265 17908
17944 17926 15711
18978 16287 15628
18108 15636 17999
14754 18880 17383
16578 17521 17608
15930 16598 19064
16405 18399 16459
16487 15225 19543
17012 15386 19151
17387 16177 18245
17105 17448 17080
18920 17136 15163
19222 15600 15668
14588 16018 19920
15276 15842 19704
16162 16141 19084
15060 19775 15109
15307 15387 19904
15089 16136 19625
17999 16574 16960
17486 15587 18713
17932 16433 17201
19316 15799 15117
19204 15305 16310
15963 18919 16400
16482 17544 17794
16850 17648 17173
18195 18136 15116
18511 16847 16208
14853 18805 17608
14836 16083 19767
14766 16069 19883
15479 19641 15018
16017 15494 19536
16099 18094 17207
17829 15620 18243
18665 15756 17130
19283 16175 14891
17925 15955 17776
17565 16460 17973
16629 16538 18402
17018 17127 17774
17816 17825 15996
18018 16167 17222
18221 15678 17733
19187 16322 15255
19106 16520 15206
15382 18527 17045
16790 15180 19338
18219 17877 15777
17929 16262 17773
18374 17933 15058
18942 16839 15285
17243 17905 16339
15251 17676 18502
15051 18024 18238
16067 17897 17439
16786 15420 19248
15383 17147 18850
17005 17549 17243
17865 17071 16898
16161 19007 15927
17662 15802 18353
17391 17547 16712
18462 16439 16613
17501 18028 16123
19275 15326 16093
14829 19548 15929
15352 18805 17089
15035 17340 18924
15225 19734 14934
16621 18592 15975
15753 17118 18697
17153 18699 15448
16962 15043 19221
17782 15863 18221
18279 15923 17490
18427 16136 17012
18635 15676 17275
14761 15490 20057
14931 18475 17938
14778 19794 15338
14896 14834 20298
14908 14841 20263
17821 18495 15061
19523 15388 14807
14743 17479 18972
15077 17303 18883
15124 17300 18953
15106 18982 16878
16450 15285 19511
17658 17935 16062
15036 19504 15825
16682 17232 17772
17535 16985 17037
17962 17051 16800
19596 15150 14900
15308 16613 19431
14618 19615 15827
14930 16557 19494
16415 16063 18857
15486 15797 19579
15964 16223 19107
16596 16812 18294
15647 17031 18704
17028 17382 17355
18178 16221 17196
18642 17105 15978
14776 14738 20315
15409 19536 15618
15526 18397 17109
16476 16950 18018
17269 18099 16308
16085 19049 15757
16499 15262 19526
19057 15240 16612
18829 17149 15547
19302 15566 15498
18591 15774 17121
14738 18836 17459
15317 16457 19411
15097 19654 15317
16879 16757 18106
16085 18789 16160
16265 19335 14928
17989 18051 15418
19293 15371 15931
19467 15422 15579
15412 14980 20071
14565 18350 18142
17399 16778 17751
17681 16673 17807
17449 18362 15330
19174 16073 15510
19157 16170 15397
14529 19953 14945
15035 16953 19309
16835 19109 15010
17213 17046 17855
15870 18947 16337
18124 15798 17808
16737 17609 17352
17559 17333 16808
18528 15711 17282
15161 19059 16746
14570 16265 19730
14818 16264 19789
14483 19938 14987
15277 16782 19184
15958 15172 19831
16791 19129 15083
16060 18120 17258
17569 18685 15011
16617 16370 18689
16199 17294 18261
17740 15953 18250
16111 18493 16736
17586 15670 18477
17099 17188 17769
19015 16359 15533
18685 17403 15401
19080 15423 16375
19079 15234 16567
14525 17988 18521
14643 18334 18124
14687 18869 17539
15898 17013 18666
17756 18134 15376
17358 15610 18940
17571 15503 18605
17875 15829 18145
16579 15784 19178
17379 15663 18855
18497 15625 17498
18135 15298 18020
15373 16277 19497
14856 19621 15722
15288 18858 17033
15974 15710 19593
17144 15414 19116
14776 17888 18594
15551 19169 16114
17999 16170 17299
17763 17241 16449
18328 17979 15077
16468 16943 18024
18258 16769 16439
15704 19097 15912
18970 17114 15109
19554 15199 14973
16132 15480 19534
16946 15560 19211
15107 16830 19316
15413 18380 17298
15408 19544 15292
17572 16516 17812
16303 17255 17998
18387 17085 15989
17200 15512 18948
17682 16489 17771
18580 17680 14993
17136 17089 17741
17153 17154 17448
14728 15198 20185
15214 18678 17107
14798 18708 17779
18860 16682 15878
16810 18577 15923
16290 19347 14877
16492 16168 18711
17693 15958 18210
17683 18345 15379
18573 15409 17505
18758 15741 16833
18889 15476 16854
19590 15192 15008
15392 19025 16479
14778 16761 19533
14840 19498 16222
15360 15596 19855
16355 15982 19177
15838 16232 19473
16492 16906 18441
15707 15380 19827
15169 16426 19499
15386 18990 16553
15296 17957 18160
18320 18014 14934
17595 15652 18489
18428 17669 15322
18401 15518 17687
18662 17620 15186
14812 16017 19944
14765 19666 15614
14855 19907 14705
17254 16284 18408
15403 18142 17589
18176 15672 17752
18238 17110 16263
17563 18425 15284
16600 19165 14992
14868 18786 17566
16259 17186 18001
14784 19651 15760
15618 19299 15734
17390 18878 14973
17651 15637 18523
18133 16579 16635
16044 15111 19742
17824 18343 15145
17440 17877 16369
18400 15708 17629
19483 15465 15408
19245 16080 15023
14880 14913 20228
14772 18903 17376
14613 15881 19970
15018 15046 20192
16618 15872 18932
17445 15505 18740
17226 15445 18989
19107 15977 15772
17915 15580 18315
18119 15833 17726
15200 18655 17187
18775 17232 15312
14865 18612 17770
16500 15994 18714
17264 15666 18829
16157 15970 19268
14830 18167 18346
16094 16428 19020
15414 16641 19300
16453 19273 14882
17076 17746 16779
15864 19487 15095
17561 18587 15039
18130 16773 16677
17392 18787 14991
19259 15702 15606
14615 18325 18142
15787 15647 19611
16198 15080 19614
16579 19111 15134
17296 17327 16998
18169 17328 16176
17844 16455 17574
14779 15476 20083
14893 17953 18387
14771 19758 15362
14793 17223 19115
15194 14974 20127
15470 16307 19408
17320 15846 18769
16474 18228 16721
18211 16393 16853
18399 17788 15289
18923 17125 15205
14641 19942 14490
14703 19405 16398
15289 18806 17042
16154 15508 19472
17216 18274 15929
17038 19028 15006
18351 15843 17320
18424 17277 15792
18465 16490 16268
19186 15983 15620
18975 16402 15522
19086 16385 15329
14897 18119 18270
14971 17013 19304
14676 19655 15777
14800 17322 19062
14736 19822 15317
14867 19390 16345
15694 16695 18933
17301 18200 16100
17957 15605 18266
18888 15891 16519
14882 19012 17165
17210 17985 16335
18260 17121 15985
18904 16309 15801
19269 15995 15075
19546 15250 15022
14492 18230 18259
15380 15038 19985
15091 15894 19807
15656 15404 19854
17729 17129 16725
19286 15905 15561
18853 15569 16759
19378 15740 15093
14864 16216 19737
15356 18322 17406
16383 15477 19491
15633 18938 16455
17556 15714 18595
15905 16709 18750
17752 17640 16108
18367 15264 17776
19380 15472 15647
19374 15767 15149
14863 19044 17037
14839 19114 17002
15058 15768 19932
15096 19529 15784
15382 19376 15760
15828 15106 19853
15114 15175 20087
16838 17321 17746
15471 14994 20017
17084 17072 17916
17819 16622 17052
15114 16860 19251
18343 17251 15914
16701 15275 19355
18002 16003 17550
18506 15462 17650
18799 15650 16725
19257 15915 15558
14996 16511 19466
15052 18880 17117
17714 15559 18545
17599 18629 14955
17165 18300 15835
18175 15543 17899
19510 15359 15110
15219 17357 18835
15748 14974 19864
17029 15840 18886
16099 17414 18247
15875 19119 15734
15678 19428 15530
17741 18343 15252
17234 15382 18962
18537 17727 15015
18250 17944 15289
17983 18403 15118
17370 18751 15061
17908 15501 18330
18114 16416 16939
19573 15187 15057
19319 16141 14897
18167 15725 17855
19562 15201 14960
15860 16769 18814
14791 19909 14609
14936 18274 18081
17210 15444 18990
16641 15276 19446
17774 15525 18428
16835 15965 18764
17275 17240 17047
18395 15817 17235
18735 16442 16468
18783 16283 16207
19318 15810 15064
15942 15435 19690
14780 17878 18574
14802 16047 19854
14714 18511 17898
15275 18482 17607
16453 16164 18730
15050 17732 18618
15855 17580 18128
17447 18645 15094
18087 15684 18039
18373 16539 16484
16354 15209 19571
18938 15527 16722
17514 17865 16142
17194 18706 15298
18539 15563 17496
19202 15922 15602
14866 16411 19634
14405 19911 15034
14583 14686 20344
15242 16462 19473
15534 15941 19553
15057 17699 18617
16970 15477 19204
17329 16669 17982
17994 17936 15418
18248 15952 17465
17839 15433 18390
18559 15440 17481
18760 15812 16712
18980 16837 15248
19138 15246 16495
15154 16495 19436
19564 15193 14943
14413 19872 15053
19136 15370 16318
14664 18224 18294
15167 17090 18998
15054 14911 20211
16174 15270 19711
14928 17805 18612
14740 18233 18245
14595 17413 19042
15593 17333 18504
15432 16276 19445
14697 18081 18457
15939 19528 15017
16225 17161 18582
17691 18571 14956
17150 17505 16918
18649 15682 17258
18715 15852 16873
14948 18160 18096
15052 18081 18220
15369 16158 19566
17555 15353 18683
16039 19066 15702
14848 19718 15517
18503 15736 17350
19245 16201 15005
14679 18211 18283
15267 19510 15622
14756 18401 18090
15594 19663 15010
16783 16421 18378
15993 16550 19073
17002 18969 15316
17806 17286 16371
16928 17402 17445
15949 18085 17564
17743 18540 15163
17945 16386 17104
15588 19050 16290
14803 18219 18245
16268 16075 18928
16249 16343 18927
15473 14959 20050
16615 19137 15030
17059 15517 19012
15081 14937 20167
15553 19190 16045
16076 17768 17770
15526 19629 15052
18416 16977 16114
17887 18433 15134
18332 15578 17738
16753 17141 17903
14990 16024 19790
15373 17415 18572
16532 19285 14702
17017 18219 16351
15556 18776 16927
18704 15730 17140
18007 15950 17667
16607 16572 18465
17362 18737 15078
18559 16771 16077
17259 17406 17346
19474 15266 15440
14634 19842 15092
19473 15686 15029
14981 16378 19590
16525 16977 17975
15280 16994 19026
15685 16660 19061
16371 16683 18780
16388 19285 15167
17583 18077 15994
15089 18795 17229
18623 17223 15674
18203 15625 17884
14528 17996 18509
15303 14862 20082
15744 15064 19906
15144 16741 19206
16247 18536 16527
17349 18797 14975
16189 16012 19002
16967 18540 15508
17279 18750 15253
17682 16683 17585
18024 15871 17738
18038 15543 18226
18012 18083 15390
16010 17673 18082
19155 16682 15095
17412 16714 17729
15161 17570 18729
15164 18996 16675
18617 15695 17325
15439 18921 17003
17306 17057 17286
17983 16652 17035
17582 15424 18666
19306 15469 15782
19313 15557 15364
18894 17299 15161
19471 15367 15466
14866 15335 20117
15586 14720 19995
15137 18810 17155
17675 15774 18309
16874 15669 19140
16445 15198 19551
17706 15598 18428
18040 15663 18078
16501 16867 18645
15923 19444 15381
17448 15529 18724
14796 18623 17846
14973 18960 16997
14836 16270 19695
15299 15182 19995
15736 17735 18007
18045 17931 15499
17180 16725 18036
16539 17686 17525
18536 15612 17446
17476 15605 18638
16749 17341 17669
15194 18414 17676
16294 16060 18879
18562 15803 17062
19211 16102 15301
14665 17734 18802
18574 15793 17278
14867 19449 16241
14762 19736 15453
14712 17572 18913
14786 19574 16126
14847 15359 20116
15489 16452 19349
14958 18026 18378
17026 18862 15483
16859 15273 19232
15361 17535 18545
16128 17677 17982
16687 15448 19297
16204 19138 15270
17287 16970 17583
18097 16567 16901
18450 16593 16395
18473 15569 17527
19276 15923 15358
19274 15172 16173
14409 19873 15072
19100 15699 16205
15057 19297 16412
14578 14743 20354
14878 19897 14626
16976 18975 15045
17434 17169 17093
17224 15442 18991
17600 15482 18553
18152 16471 16790
17845 18340 15143
19190 16356 14860
19254 15483 16061
18548 15526 17614
18864 16645 15504
19506 15131 15354
14904 18718 17701
15166 16736 19314
15085 18977 16968
14988 16885 19374
15585 14816 19988
15422 17505 18398
16173 18368 16716
15090 18024 18137
16679 16560 18372
14980 17529 18875
17588 18548 15083
18132 15483 18039
17437 18642 15122
18613 16922 16019
15576 17300 18517
16614 17443 17626
14635 19796 15424
14750 17559 18931
15476 15040 19950
14951 16562 19470
15825 15331 19800
15176 17975 18163
15476 17771 18003
16348 17147 18522
16056 14976 19725
16964 19033 15109
16937 15612 19117
17591 18611 14986
16572 19116 15261
19312 15333 15948
18780 17412 15068
14912 17345 19011
14613 18004 18476
14405 19995 14719
18059 15655 18066
14688 18741 17706
15543 15599 19673
15363 16214 19544
17740 17432 16355
16481 15366 19464
17828 18438 15087
17480 18766 15046
17765 17757 16043
18381 15807 17385
19579 15215 14908
14929 14838 20246
14763 15584 20008
14895 19356 16659
14831 18838 17384
15057 19105 16773
16283 15399 19505
16011 15298 19689
17051 15551 19020
16695 19223 14964
15356 15172 19974
18284 17695 15574
17995 16793 16604
18706 16746 16057
19053 15515 16714
17723 17361 16380
19253 15409 16140
14863 16320 19671
14606 17027 19385
16636 16466 18541
16261 16087 18976
16273 15306 19607
15908 18168 17429
15994 17923 17437
16237 19332 15061
15439 18317 17547
17617 18114 15456
19199 15949 15485
18097 15361 18042
18347 15333 17760
18256 18055 15257
18979 15654 16249
14631 19436 16365
18079 17931 15321
14869 19917 14591
14922 15336 20077
15361 17930 17970
15720 16446 19173
17739 17817 16001
16302 19090 15530
16952 17851 16655
17779 18528 15136
18016 16617 16734
17029 17945 16648
19296 15326 15992
19068 15536 16395
19202 15609 15771
15156 18785 17320
14888 18262 18216
14787 18779 17647
15070 14910 20195
15874 17896 17650
14657 18181 18298
16999 18921 15375
15996 15241 19778
16917 17505 17528
16685 18526 15945
17393 18821 14825
17276 16808 17793
17967 18002 15604
14845 19473 16153
19545 15180 15085
14592 17774 18718
14616 18147 18364
14712 19480 16311
14491 19936 15014
16741 17570 17483
15740 18706 16591
15661 18308 17287
15324 19744 14809
16092 16469 18886
16316 19017 15686
15450 18120 17632
17133 19001 14910
16921 18782 15815
16021 15276 19701
19025 17036 15175
15051 15255 20184
15496 18879 16550
14488 17589 18902
14734 19729 15486
14772 17850 18634
16497 15278 19497
17476 15881 18320
16708 16513 18404
17036 18763 15348
17386 18699 15424
18494 17818 15122
18915 15469 16836
19561 15256 14960
16637 17116 17940
14935 18978 17023
14711 19787 15447
15598 19140 16278
15455 19319 15775
14438 19978 14742
15454 16061 19499
15583 14784 19998
16935 17276 17664
17168 15448 19073
17100 16490 18200
16585 18467 16103
16167 19456 15189
17887 16431 17218
16657 19106 15325
16957 15250 19309
16857 17317 17613
18266 17805 15412
17801 18499 15067
19376 15505 15594
19441 15436 15714
19559 14966 15075
19543 15252 15030
15903 17536 18097
15732 19604 15068
15218 19828 14867
15459 19661 15019
14968 18472 17727
16906 15894 18828
16577 19149 14996
17914 17155 16634
17674 18533 15165
18293 15790 17702
18419 17853 14970
18091 17550 16030
14939 16451 19587
14949 18816 17292
14580 17031 19335
14992 16252 19703
14812 18329 18092
15635 19446 15633
16387 16991 18026
18805 15608 16950
15614 16341 19302
16326 15282 19609
17198 15642 18955
15529 16757 19130
15296 18644 17167
17016 15797 19055
15921 18307 17018
18048 16395 16982
17697 18436 15220
16168 15343 19639
18488 16214 16896
19497 15582 15048
14946 19279 16816
14572 19788 15491
19004 15744 16175
15164 14990 20056
16322 15322 19529
17074 15199 19197
16895 16604 18327
18187 18148 15019
17484 18694 15060
18545 15978 17119
19369 15452 15759
19177 16358 14995
15533 17007 18938
14688 14866 20282
14602 14682 20343
17963 17203 16444
14852 17387 19000
15192 19112 16484
15077 18066 18154
15120 19612 15367
15314 18298 17563
15838 17543 18366
18049 17161 16187
14952 16820 19458
16317 17709 17511
16501 15887 19077
16334 15244 19596
17035 15775 19030
16477 16917 18143
16712 18963 15503
14915 19622 15511
17661 18052 15860
16089 19316 15342
17186 16273 18422
17857 18086 15394
17342 18864 15108
17892 17654 15874
18441 16652 16346
15881 17575 18132
14953 17699 18894
14544 17265 19164
14759 17817 18696
14920 19281 16632
14757 17971 18701
15477 19680 14969
17128 17746 16654
17094 16025 18692
15587 16974 18772
14807 19450 16260
17028 16199 18630
17749 18281 15242
16785 19148 15029
16772 18994 15226
17733 15652 18386
16210 17577 18037
16330 19306 15228
17036 15685 18970
17427 15970 18345
18052 18293 15238
18817 17310 15128
16134 17676 17927
14966 17016 19247
14830 18637 17754
14605 19963 14789
17066 16843 17942
16731 18902 15391
17404 18811 14974
16635 15325 19411
16932 19045 15137
16581 16615 18614
17541 15446 18620
18935 15406 16849
14865 18799 17565
15084 19262 16766
15106 14983 20121
16078 18876 16139
15543 19298 16066
15248 18116 17868
15870 17738 17899
16843 15419 19215
17424 15836 18821
16408 19219 15171
16550 19240 15075
18384 16962 16157
18048 15580 18071
17744 17220 16519
17381 18737 15062
17239 15048 19020
17993 16794 16589
18083 18202 14999
19557 15250 14961
17482 17010 17029
14932 16029 19783
15244 18488 17650
15107 19152 16628
14787 18097 18385
15250 17069 18933
16743 15712 19216
16277 16171 18798
17319 18963 15054
16307 16112 18853
17045 17499 16936
17407 18497 15402
16703 18988 15513
17701 17370 16758
17609 15647 18529
16769 17396 17556
18219 15573 17809
18053 18146 15251
18893 16113 16029
18599 17552 15216
14872 17911 18563
14559 16401 19655
14715 18756 17673
14819 18930 17233
15795 16875 18919
16273 15383 19574
17009 15481 19065
16508 18894 15664
17268 18895 15171
17226 18903 15081
18814 15575 16919
18480 17388 15599
18333 15938 17329
18599 17634 15182
14475 19964 14755
17868 15497 18361
18461 15595 17633
19217 15440 16284
18586 15348 17441
19069 16697 15063
19421 15451 15611
14893 15465 20017
14548 14786 20299
14855 18876 17236
14803 19340 16760
15493 15669 19662
15266 16720 19273
14918 17838 18530
14908 17800 18647
16479 19156 15141
17343 16506 17908
16635 18389 16575
17732 18588 14912
17090 15749 18932
15246 18223 17740
17406 15619 18832
18883 16321 15869
18551 17446 15346
18108 16710 16607
17900 17710 15733
17494 18237 15566
16773 17869 16973
18128 16888 16254
16836 17156 17679
17726 17584 16257
18093 17758 15474
18779 16525 15844
17425 18267 15597
18578 17270 15350
15369 16240 19410
17019 18572 15752
18299 17103 16042
18451 16972 15655
15132 19549 15695
19049 15912 15953
18584 15681 17238
17314 18498 15596
15487 16179 19467
15293 19614 15388
15585 16158 19386
18760 16778 15415
15740 15334 19799
19530 15291 14988
14626 19609 16059
18504 17402 15209
15578 17536 18597
18297 16914 16118
18553 17369 15215
17159 18651 15602
16936 16240 18498
15547 15232 19873
15540 18973 16410
18459 17376 15379
18806 15492 17253
15574 15120 19905
17037 18908 15458
15936 16276 19221
18113 17079 16417
18478 17355 15345
18219 17631 15576
14807 19862 15217
15506 15668 19641
17033 18866 15480
16518 18745 16116
17041 18687 15722
18504 16962 15637
14976 19400 16186
15975 16359 19102
18043 17562 15949
16979 18908 15550
15246 16208 19567
17479 18260 15624
15601 19040 16248
18402 17465 15348
18523 16408 16325
15367 18471 17853
17300 18426 15653
15163 19700 15324
16876 18976 15374
18438 17323 15499
18876 16570 15603
14878 19900 15002
14999 19890 15112
18351 17702 15315
18426 17430 15375
16436 17701 17446
18487 16598 16152
18651 16937 15323
15060 19805 15438
14973 19360 16507
15259 18041 18225
17488 18064 15960
15507 15019 19931
18471 17320 15540
14978 19373 16460
15416 19180 16222
19523 15303 15032
14793 19917 14921
17762 17754 16051
19447 15340 15356
17715 17752 16069
15078 19700 15563
18327 17890 15102
19418 15201 15451
18523 15951 17261
19460 15250 15172
15492 15247 19953
15032 19407 16086
18538 15632 17473
18429 17622 15302
14610 19979 14941
19365 15419 15573
19414 15227 15437
18606 17463 15069
16647 18993 15694
15295 18468 17974
17827 17729 16047
18704 16143 16375
15070 15083 20152
14815 19829 15420
16813 19039 15408
15388 15336 19969
15200 15218 20024
15430 18375 17872
18286 15904 17504
16460 19170 15533
15446 15259 19815
17760 18400 15360
18837 16640 15379
14522 19988 14897
18504 15721 17333
15511 18201 18014
15070 15065 20159
15313 15350 19869
15482 14982 19974
15516 15449 19702
18569 16851 15922
17503 18342 15565
17927 18019 15358
17939 18114 15291
15050 19113 16725
18095 16159 17343
17561 17815 16103
15477 17769 18244
18580 17428 15160
18703 17345 15046
18716 16824 15426
17391 18583 15439
15073 18993 17113
15416 19109 16252
18194 17207 15995
19418 15292 15387
18591 17421 15125
18798 17048 15183
19323 15494 15712
18861 16238 16156
18326 16929 16032
15370 15358 19778
15134 15015 20072
17186 18641 15597
18815 15559 17202
19534 15273 14954
18395 16728 16205
16758 19137 15277
18454 17644 15165
18869 17059 15096
19305 15777 15353
15343 15109 19984
15847 18678 16806
17467 16960 17130
18059 16506 17213
18470 17568 15287
18323 17635 15527
17785 17710 16053
18745 17256 14967
19517 15332 15039
19533 15281 14973
17682 15304 18547
17962 15809 17805
14961 15582 19985
18779 15461 17297
15052 15061 20162
15892 15219 19706
15902 15232 19673
18539 16610 16030
18940 16022 16151
18587 17424 15108
17086 18389 16273
18160 16861 16346
17970 15525 18142
18731 17232 15090
19097 15621 16236
16670 18957 15549
15912 17161 18562
16390 19215 15555
15403 18420 17817
14942 19909 14998
14549 14765 20315
15592 17387 18582
16165 18963 16142
15109 15154 20065
18250 15523 18007
19113 15548 16461
14760 19830 15513
17491 18673 15353
18375 17452 15593
18152 17737 15395
14899 19683 15745
19274 15670 15621
14833 14818 20234
15738 17804 17860
18289 16681 16284
18279 17798 15300
19430 15718 14995
19346 15880 15179
19269 15480 15867
15136 19751 15342
15320 19042 16862
18648 17451 15037
18655 17396 15021
14741 19944 15074
17823 17798 16012
17505 17219 16803
18981 15330 16741
16193 15325 19549
18873 16110 16184
18891 15582 17081
14864 19813 15499
15203 16587 19390
17967 17144 16410
18377 17259 15785
19392 15820 15098
14690 15151 20173
17281 18657 15397
18106 17212 16007
18687 16493 15954
17522 17627 16254
16024 15213 19605
15162 15129 20046
16845 18309 16418
17129 18802 15371
19320 15478 15729
15862 18198 17437
15394 15430 19729
15097 14811 20129
17522 15952 18157
17247 17094 17471
15001 19185 16764
15221 19015 16866
17067 18394 16297
17739 17146 16710
17254 16818 17782
17254 18220 16348
14914 14951 20175
15662 15564 19645
15986 17407 18493
15805 15283 19674
15526 17310 18725
15650 15201 19852
19018 15327 16677
16547 16423 18718
18691 15603 17321
14782 15811 19975
16816 18920 15499
17220 18696 15518
17058 16477 18260
14821 15082 20223
16020 15314 19602
17637 15857 18038
17942 17642 15928
15912 17486 18458
15394 19436 15663
18526 15986 17222
18682 17295 15163
15901 15544 19480
16087 15004 19641
16149 16201 19076
17559 16375 17767
15846 17533 18358
15159 18744 17531
16114 18754 16476
18715 17316 15007
17899 15646 18140
17740 15883 17817
15391 15671 19742
17311 16970 17437
17311 18635 15454
17694 17893 16004
16575 18871 15836
14748 15620 20017
16395 16943 18386
18550 16514 16265
14686 14826 20309
15826 15258 19715
15998 16885 18700
16074 15326 19593
17448 17414 16765
15885 17770 17826
17396 17458 16854
15184 17745 18656
17580 16829 17501
15593 16031 19439
15691 17256 18546
17537 17776 16132
17488 18551 15494
18911 15867 16499
14958 19693 15713
15012 19865 15059
16176 15372 19525
16462 18979 15826
17655 17054 16827
16702 19158 15286
16699 19088 15390
17631 17058 16765
15262 15028 19996
18558 16940 15823
18433 16665 16247
14693 14740 20308
17201 17910 16839
17084 16117 18356
18383 15511 17852
15603 17602 18486
18150 16498 17200
17343 17859 16371
17418 16679 17582
14792 16758 19481
15529 14969 19950
15124 15162 20052
16532 18429 16683
15962 19190 15820
17097 15890 18503
17782 18267 15399
18491 15804 17264
18013 16448 17298
17507 18579 15329
19532 15192 14981
19047 16170 15993
14832 16925 19432
15606 16269 19326
16462 18338 16869
17268 18666 15561
18364 17266 15693
18935 16965 14993
15714 17746 18124
15156 18201 18282
17506 16871 17349
15712 16463 19126
15375 18444 17570
17689 17028 16813
18312 17825 15275
18556 15605 17530
19051 15272 16658
18837 17182 14928
15559 15145 19886
15450 19684 15267
17230 17032 17542
17332 16270 18200
17522 16845 17503
15857 16932 18770
16680 19101 15340
18451 16016 17061
17934 16891 16967
17878 17584 16208
17613 18521 15513
19033 15365 16608
19203 16180 15751
16431 19236 15393
14806 16791 19458
14550 15164 20171
14982 19198 16751
18127 16852 16405
17852 18158 15381
15398 19708 15054
17454 18227 15674
17653 16474 17577
18280 15744 17765
18132 15587 17997
18394 17499 15401
19274 15844 15362
15962 15328 19590
17176 18340 16145
17947 15539 18233
18689 17358 14983
19085 15521 16533
19430 15420 15379
16525 18403 16699
15861 15240 19716
17334 18627 15425
16760 15910 18766
16738 18272 16587
16100 18974 16145
17573 16591 17650
17440 16973 17407
17359 17243 17315
17943 18184 15273
17975 18107 15290
17879 18357 15220
19557 15241 14913
14724 14620 20278
16617 19142 15344
14881 19838 15332
15479 19665 15039
17956 16549 17058
15986 15191 19674
17707 17859 16064
17650 15909 17866
19178 15616 16053
16056 18033 17406
16527 16161 18799
17562 16397 17751
17625 17910 16060
19040 16678 15087
18809 15582 17125
18989 16811 15094
18866 17002 15134
18947 16848 14982
16363 17081 18316
15155 19699 15405
17070 17000 17722
17456 18620 15389
17993 17576 16008
18777 15574 17328
18827 16989 15164
19133 16348 15476
17914 18105 15497
14654 19979 14940
17439 18718 15390
18002 15584 18063
18902 16894 15113
19433 15707 14982
16615 18853 15697
14646 14919 20288
15477 14987 19970
16493 16549 18525
16519 17410 17742
16931 18734 15845
19339 15755 15517
14658 14951 20265
16196 15172 19582
16793 17503 17486
16499 19253 15246
14828 14923 20188
18217 16170 17290
18192 15750 17641
17820 18045 15512
14954 19490 16319
15264 16417 19383
15210 15135 19987
16047 15058 19652
16148 17787 17569
16933 18061 16719
17498 18004 16051
18001 15620 18025
16889 17965 16737
15779 16852 18907
17991 16541 17064
17975 17818 15471
18079 16242 17325
19285 15416 15821
17781 18310 15498
19139 16023 15870
14839 16153 19825
15209 17852 18455
16597 16537 18597
17414 18627 15417
18633 15506 17446
17928 15609 18205
19238 15635 15774
15154 19595 15419
16540 18637 16131
17296 15740 18469
17293 18721 15318
18510 15681 17334
14706 19976 15151
15124 14814 20100
17508 15793 18250
16724 19110 15285
17706 16564 17571
17971 17870 15584
18794 15534 17210
15811 17774 17853
16073 15195 19616
16129 19440 15246
18696 16981 15288
17606 18674 15150
18360 17776 15242
18983 15962 16078
19277 15556 15785
15298 16252 19549
17638 15962 17871
14900 19888 15155
15922 19193 15753
16978 16898 17906
16826 16806 18171
16542 19072 15592
18307 17318 15604
18867 16581 15532
19162 15535 16380
18939 16868 14974
15412 18418 17684
17714 18140 15641
18240 16797 16307
18193 17845 15374
14510 14815 20323
17002 17182 17482
17532 17793 16154
17808 18209 15357
17902 18270 15261
18949 16839 14939
19372 15467 15517
16328 18945 16052
17238 17985 16426
17741 16586 17352
18579 17506 14994
15216 15590 19928
15032 19133 16761
16087 17363 18317
18183 17665 15890
16541 19161 15404
17081 16883 17785
15399 19700 14879
17362 18306 15583
17876 15771 17924
18275 15554 17923
18601 17384 15190
19380 15863 15250
14692 15546 20052
16123 18378 17007
15949 17675 18094
17774 17744 16073
17152 17471 17281
17041 17109 17621
17903 18160 15353
15930 15262 19624
15910 15293 19610
15608 19626 15052
16268 19144 15745
14966 19446 16196
14940 19156 16839
17015 18173 16556
18781 17185 15189
15003 17380 19075
14791 19165 16898
16006 15255 19641
17356 17546 16553
17837 17899 15541
15525 19669 14844
16329 17449 17825
18570 16060 17003
19095 16365 15470
19291 15580 15708
18077 15725 17830
14571 14895 20309
14856 16859 19444
18428 16244 16690
15161 15772 19795
16445 16719 18444
17267 18742 15471
14943 19718 15602
17940 15574 18266
16119 15480 19571
15797 17706 18161
18331 17839 15173
14762 15091 20206
17041 17950 16706
17410 16516 17812
17933 16816 16978
18279 15551 17932
14865 15795 19973
14982 16272 19743
18379 16378 16529
15551 18818 16847
16686 19094 15302
17198 17960 16531
19302 15872 15280
15042 15134 20099
15649 18126 17774
16034 18972 16168
19056 16597 15040
15242 18156 18218
19158 15939 15862
15148 17397 18937
14713 19867 15430
16785 19114 15272
17183 18265 16177
16638 17097 18036
18285 16647 16789
18843 15670 17010
18454 17641 15257
15441 15350 19735
15449 19013 16694
16595 15898 18942
19147 16291 15518
15305 17687 18481
17951 15757 17837
17436 17517 16799
18836 16947 15138
19547 15226 14977
17452 16054 18062
15571 16152 19438
17654 17952 15869
16829 17368 17695
17875 17800 15715
18608 16919 15645
15331 19133 16329
15949 17503 18283
15849 15367 19584
17785 18329 15339
18475 15363 17678
15900 15546 19557
15774 15345 19689
16420 19296 15316
19551 15271 14839
14747 15018 20225
15570 18941 16706
15816 15632 19440
15232 17982 18335
14860 15349 20078
15498 15299 19802
15145 19442 15868
16550 17019 18163
17422 17936 16230
18696 16730 15774
17840 17725 15919
14796 15702 20014
17053 15854 18703
17734 15694 18264
16887 16504 18275
14526 15151 20215
17918 17050 16573
19084 15552 16585
14883 15343 20170
18077 15777 17611
16582 16127 18760
15123 18429 18051
15204 17943 18456
15649 17966 17791
15590 19618 15082
16606 19109 15472
15364 15874 19794
16662 16500 18441
18816 15510 17219
16221 17716 17558
15191 15359 19957
19235 15951 15706
19398 15408 15483
14672 15132 20211
14783 16166 19790
16033 19093 16034
18511 16880 16114
16231 18289 16927
16053 18016 17533
17493 16267 17817
18751 16620 15749
14929 19113 17050
15132 16584 19559
18524 17520 15138
15003 15568 19962
15971 16995 18711
15115 19543 15988
15088 15407 19963
17833 17927 15636
15462 18380 17606
18547 17379 15219
18415 15386 17757
15987 17261 18472
16432 18133 17299
18418 16371 16354
19553 15258 14895
18741 17155 15222
19249 15969 15261
18753 17198 15019
18136 18081 15333
15173 14968 20080
15269 19319 16431
14980 15392 19985
17389 16407 17934
16108 18182 17281
18797 16869 15217
15267 15494 19864
17485 17832 16101
16909 16819 18028
17419 18814 15216
17379 17528 16911
18737 16732 15537
15861 17776 17829
17780 17175 16708
18400 16709 16270
18224 17908 15188
15090 17774 18695
14822 15623 19986
15706 17905 17902
15643 18139 17818
16602 18394 16619
17807 18393 15189
18426 15653 17594
17551 15423 18700
19542 15308 14873
14454 14818 20330
15216 18046 18391
14638 19233 16821
17677 17935 15870
18502 17608 14957
15197 17759 18571
15228 16890 19158
15255 18098 18237
19125 16191 15672
15327 14923 20035
15632 15123 19856
16181 16062 19154
15497 17388 18745
15203 19814 14714
16135 15473 19513
16992 16087 18401
17654 17811 16093
17254 15657 18605
18402 17043 15927
14853 15466 20115
15115 14987 20083
17567 18553 15216
17969 16011 17601
18735 15435 17358
19369 15534 15527
17945 16140 17622
14724 16770 19468
15972 16128 19126
16200 16977 18441
16632 17733 17223
18844 15598 17124
18766 17215 14988
17563 15809 18078
15158 14971 20061
14962 19740 15511
17653 18598 15191
17889 16520 17210
18797 16072 16537
15666 17370 18602
16538 18195 16861
17399 17795 16263
17791 18140 15562
14872 15650 19942
14948 15996 19868
19035 15572 16589
14973 16376 19716
15082 16262 19724
15683 16461 19134
18072 17947 15443
16936 18058 16725
17135 17092 17530
17208 16868 17599
18720 17300 15089
15944 16215 19215
14661 19950 15191
17615 17932 15980
17463 16387 17820
16644 18770 15925
17303 18353 16134
19319 15270 15786
14872 19810 15665
14491 14796 20339
16422 16475 18749
17213 17735 17013
16150 17462 18223
16285 18268 17044
16614 18114 17149
16487 19255 15173
14586 15561 20079
15561 17925 17857
17955 17262 16536
16609 17772 17219
16123 19446 15275
16642 18193 16852
18353 16202 16862
18233 16281 17067
18026 16723 16839
19084 15821 16081
19307 15505 15708
19365 15568 15556
15290 17753 18495
17071 17628 17075
17732 17106 16738
16318 19373 15306
17388 18839 15141
18350 15598 17896
15041 18451 18019
14881 19772 15653
15804 18701 17120
15884 15296 19647
15372 17771 18467
17225 16462 18085
17857 16730 17165
16457 19261 15365
18067 17762 15518
18017 15489 18194
17839 15313 18390
18102 17152 16208
17734 15539 18529
18545 17360 15224
18041 16667 16788
17081 16172 18375
17811 18360 15247
16426 17532 17683
17880 18357 15158
18660 16773 15950
17429 15996 18069
17966 15725 17869
14743 19845 15303
16429 17524 17558
15907 16368 19071
16750 16317 18503
17641 17523 16516
18712 17157 15202
18809 15941 16863
17161 18525 15659
18905 15613 16857
19409 15547 15454
15106 17898 18606
16244 18734 16520
17158 18274 16226
15952 18982 16298
15485 17610 18469
18186 15546 17996
18084 16579 16805
18321 15655 17787
18944 16744 15166
16052 15649 19411
16026 17148 18635
16535 17072 18087
17716 16574 17454
18204 17703 15607
15303 17561 18751
16100 17157 18447
18654 16031 16734
16249 19159 15775
16096 19504 15338
16274 16017 19176
15937 19018 16208
16524 18179 16896
18009 17382 16185
18545 17525 15126
19332 15485 15682
15208 18152 18283
16280 18958 16336
17076 17058 17560
15355 18876 16866
17517 17357 16752
18593 15680 17357
18556 17504 15181
15472 18842 16929
19479 15597 15097
15101 19626 15840
15886 16777 18895
16234 16322 18910
17961 15630 18057
18078 17318 16290
18241 17028 16173
18880 17149 15078
19348 15254 15705
17342 17563 16418
15145 16353 19693
15367 15343 19825
15753 15021 19773
16281 16579 18900
18537 17308 15434
17433 16638 17534
17913 18329 15109
17854 17145 16702
18799 15437 17323
15393 19232 16069
15510 15018 19915
15835 16658 18982
17760 15877 17916
18459 15464 17713
19315 15336 15816
19249 16426 15180
16287 19317 15433
16834 17731 17057
15657 14881 19875
17818 18025 15654
18135 15985 17477
17596 16871 17293
19060 15666 16326
19345 15308 15749
14797 19931 14900
15109 15381 19979
16364 18925 16324
18766 15697 17157
16428 18226 17233
15330 14885 19991
16974 15284 19143
16386 16707 18464
15597 18293 17728
18210 15677 17941
17210 15679 18710
16569 19196 15290
18628 16009 16958
17673 15613 18515
15637 18525 17385
16875 18083 16943
16651 19240 15159
18715 15438 17436
19440 15600 15011
15919 17561 18143
15983 17149 18518
15559 18967 16460
16390 19246 15383
16672 17349 17931
17850 15701 17993
18283 16159 17029
15773 15162 19750
15030 15317 20149
19301 15811 15520
15634 18649 17515
16169 19299 15619
17325 16109 18213
17842 16545 17549
17732 17505 16467
18690 16267 16632
17939 18197 15280
18550 16567 15957
14855 16024 19829
16104 19360 15582
15394 15304 19832
17188 15910 18369
16900 17145 18028
16134 19358 15363
16970 16508 18271
18353 17657 15435
14959 19499 16110
17115 16967 17564
16216 15711 19287
17429 15672 18441
18497 16297 16649
16826 16285 18425
18716 16124 16575
14876 15401 20059
16466 18924 15747
16651 18586 16252
16064 17986 17489
17677 18578 15129
17113 16298 18279
18831 16716 15364
19124 16384 15340
14839 15987 19888
15020 15330 20030
15414 15844 19710
15319 14902 20047
16838 16048 18534
15179 18013 18396
16110 17515 17938
15568 19646 15025
16361 15493 19452
16110 15504 19552
15415 17890 18414
16288 18252 17169
19340 15392 15658
16042 15140 19652
14641 19909 15269
15435 15272 19894
16524 19210 15400
16850 19010 15412
19382 15404 15509
17339 18537 15565
14841 15489 20089
17060 18861 15416
17771 15618 18210
14976 19769 15498
15428 15272 19896
16661 19035 15472
17583 16563 17616
18269 17677 15318
19042 16644 15045
19114 16232 15948
14980 16837 19455
16330 15540 19409
16355 18413 16787
17077 18322 16302
15050 18758 17590
17481 17367 16771
18893 16633 15331
16830 18683 16061
18513 15591 17532
18470 17684 14923
15127 19862 15111
15593 18856 16816
15187 19806 15184
15591 19627 15055
17694 16599 17477
17736 17398 16308
15840 17228 18539
19525 15223 14994
14987 19611 15912
15041 19553 15841
15221 17743 18604
15242 19601 15392
16267 15260 19564
16492 16293 18851
18707 16700 15595
17722 15793 18102
18747 15743 16864
15130 18112 18322
15344 19743 15122
15554 15649 19645
17528 18627 15318
17832 18359 15109
18281 16549 16986
18189 17194 16117
15294 17410 18873
15353 15420 19853
16686 19183 15211
16486 18447 16760
15740 15611 19525
15065 17461 19017
16046 16969 18678
18187 17524 15738
17261 17058 17523
18392 16594 16310
17177 17104 17486
17170 18210 16475
16253 16623 18629
17932 15441 18343
17854 16749 17253
17384 18142 16246
18198 15340 18041
18917 16792 15241
18727 15559 17427
14771 16131 19827
15176 18894 17168
18473 15532 17654
14730 19226 16805
14558 14925 20312
15892 19277 15681
17548 18682 15093
17436 17330 16880
17552 18688 15058
18527 17582 14959
18671 17383 14943
18539 17557 15063
14899 15947 19903
16273 19223 15607
15102 17220 19207
16713 17173 17768
15873 16242 19286
16551 16334 18760
17277 17244 17397
18901 16992 14966
18694 17231 15091
18621 16034 16883
15403 19743 14809
16057 17129 18463
17960 16790 16840
19099 16360 15734
19252 15778 15702
14697 14719 20275
14749 14963 20255
17232 18251 16250
14949 15436 20001
16279 16008 19046
15047 17870 18620
18649 17422 15031
18578 17502 15085
14944 16406 19741
18096 16008 17457
16925 17690 17393
16474 19230 15343
19038 16549 15504
15176 17770 18630
15153 19837 15054
15118 15873 19825
16598 17620 17538
15156 17630 18889
14970 17368 19083
15045 16764 19453
14412 15178 20191
15037 16512 19701
15456 19664 15041
15450 19091 16400
16501 18564 16645
15716 18510 17265
16556 19225 15352
18418 15235 17743
15307 17315 19052
15544 15538 19695
15238 14925 19997
14883 19759 15668
16570 15839 18950
17157 18501 15692
15872 18055 17751
16693 17746 17209
18173 15502 18109
15079 18279 18273
15507 14958 19961
15945 16527 18998
16077 15070 19637
17693 18331 15400
18650 15584 17377
19156 16454 15159
16201 17006 18386
14898 16515 19656
16589 15963 18826
16521 17036 18106
17329 18233 16170
16856 18258 16839
17908 16350 17433
17393 17485 16972
18864 15599 17106
18896 16630 15488
19544 15284 14952
15188 17315 19065
14787 19829 15453
15405 15989 19578
16067 17945 17447
16366 19310 15352
16347 19049 15597
17168 15459 19068
17584 15353 18675
17926 17682 15749
17702 15625 18290
17785 17928 15873
18489 15994 17029
15084 17553 18907
15382 17147 18991
16159 17353 18030
15140 17418 18960
15821 19546 15555
16051 19447 15372
16560 16474 18646
16213 18539 17004
17369 18826 15188
17447 18763 15048
18467 16536 16193
17902 18279 15231
19171 15917 15898
18717 16601 15885
15068 15325 20017
14903 18959 17323
14977 16337 19730
15090 19311 16641
15116 17927 18553
17662 16746 17347
18204 17944 15275
17550 17937 16037
15142 17643 18824
14769 19184 16935
14646 15555 20042
15622 19366 15781
15148 19072 16993
15323 16364 19528
15405 18265 18001
15351 18176 18111
16702 16412 18663
17484 15468 18719
18633 15679 17415
18665 16819 15484
19015 15531 16612
15694 16124 19347
14789 15085 20203
15529 19570 15427
15454 16092 19564
16966 17248 17622
16974 19090 15225
15292 19772 15282
16208 19181 15999
16494 16837 18409
17276 17743 16982
18681 17280 15179
17787 15613 18348
15084 16667 19580
16200 18568 16739
17324 15723 18417
15281 17427 18882
15554 19622 15062
15298 15470 19807
17285 18897 15205
18192 15531 18067
17946 16472 17230
14966 15964 19846
14885 15877 19937
15332 17480 18721
15499 14858 19996
17117 18295 16245
16761 19162 15249
16398 16516 18789
15394 17360 18958
17022 16523 18112
18001 17376 16235
17531 15577 18668
18692 16492 15982
14685 15116 20213
16101 18390 17125
16681 19195 15267
17360 15542 18762
18452 17329 15406
17570 15785 18399
17820 15579 18356
18434 15455 17723
18931 15610 16962
18999 16373 15636
18989 16294 15833
15619 18181 17746
16204 19355 15378
15981 19113 16165
15593 19511 15641
15270 18127 18189
19136 16432 15280
18181 15570 18020
19114 16573 15278
15044 16322 19713
14527 15049 20262
15192 18003 18413
16043 17096 18562
17931 16567 17067
18179 17307 15954
19039 16697 15196
14904 19136 16931
14955 14865 20203
16539 18740 16047
17901 17686 15811
15321 19492 15811
16795 19044 15361
16971 18966 15406
17656 15438 18659
15191 18487 17934
15092 16488 19661
15284 16287 19548
15162 17823 18623
15793 16522 19100
16529 19119 15483
17880 17871 15540
16530 15496 19443
14934 16103 19821
14947 19138 16766
15010 19820 15152
16502 15511 19424
15322 19206 16255
18935 15802 16800
14894 16896 19436
15273 18809 17467
15092 19858 15150
14960 16588 19650
16731 19171 15042
17263 18486 16037
16653 16349 18707
17184 16949 17622
17262 18114 16316
18166 18014 15311
18226 17655 15531
18184 15558 18046
19003 16752 14997
15167 17238 19205
14999 17769 18827
14877 19121 17097
15182 17767 18596
15422 16597 19354
16940 15789 18961
15227 18055 18356
16027 18037 17321
16803 16138 18630
17863 17099 16554
18162 18017 15151
17338 18325 16145
18418 15392 17730
18887 16008 16405
15311 17632 18635
16606 18837 15911
17731 17831 15998
15494 19585 15319
19360 15565 15639
15101 17011 19387
14990 17755 18853
19323 15870 15254
16265 16923 18442
15116 15480 19943
15083 18137 18396
16878 16043 18605
16879 16375 18382
16637 19102 15312
19120 15647 16198
19190 16434 15165
15101 17083 19335
14491 19990 14962
16073 15295 19597
15488 17038 19111
17480 16761 17525
16536 18888 15833
16619 16531 18571
17533 18601 15271
17635 15892 17941
18346 16580 16380
16970 16762 17980
15124 18197 18295
15927 19516 15370
16907 15504 19123
17654 16043 17800
16277 16623 18581
18171 16754 16551
18410 15468 17747
15540 18069 17997
18375 17648 15483
15787 18348 17387
19261 15912 15194
17991 18153 15282
19523 15481 14971
19195 15606 16056
14917 17939 18571
14418 14604 20363
14877 19534 16273
15596 16725 19236
18398 15981 17229
16424 16418 18792
17836 18340 15241
18414 16635 16290
18208 16927 16191
17625 15543 18553
19205 15645 15887
18448 17031 15683
18257 17270 15854
18938 15558 17026
19359 15631 15400
18638 15717 17061
15194 17634 18763
14923 18676 17746
15518 16841 19029
15268 18584 17903
16191 16994 18400
15849 18616 16873
15822 19191 16011
17410 15871 18202
17070 19017 15152
14814 19213 16892
14850 19896 15181
15194 16777 19401
15608 18883 16670
15400 18872 17107
15928 15300 19608
18328 16491 16930
15302 18022 18332
17497 15627 18538
19150 16558 15102
16396 17329 18051
14965 19636 15771
15049 16307 19737
15043 19330 16371
16598 17042 18061
16218 19246 15552
16614 15568 19336
18732 15945 16863
18943 15996 16036
19293 15677 15576
15968 18897 16665
16081 19270 15746
16872 17263 17521
16173 17047 18421
15340 17291 19077
18397 17313 15608
18277 17211 15965
19442 15598 14978
15093 17461 18910
14747 19935 15132
15044 19006 17062
18488 15966 17362
15878 16325 19109
14925 14911 20210
15872 16045 19371
14577 14680 20343
15789 19603 15244
17308 18764 15307
16623 19240 15286
17163 15997 18345
17131 19005 15258
17177 15631 18911
15164 16081 19732
15363 18715 17500
15464 16602 19266
15095 17106 19273
16258 18940 16379
18413 16010 17206
16192 19388 15246
15482 19598 15410
16058 15105 19636
18680 16712 15795
14725 19209 16949
15463 15684 19640
15796 18961 16335
15192 17300 19068
14969 14916 20169
15376 17637 18567
16319 18227 17020
18151 16553 17023
18423 15827 17581
17430 18756 15178
18770 16230 16305
18139 17029 16198
18618 15601 17463
18877 16147 16070
19439 15648 15129
18892 16570 15527
15111 16996 19380
15576 15252 19862
15293 17769 18487
15238 17924 18339
16229 16338 19075
15980 17979 17720
18405 15554 17793
19437 15204 15384
14726 19878 15314
15284 17461 18759
15961 17736 18006
15790 18344 17318
15711 19428 15754
16032 19368 15420
15736 15533 19696
16499 18722 16147
17796 16980 16818
16726 16930 18258
17866 18407 15105
18972 16721 15107
18181 17975 15150
15138 18713 17584
14996 15926 19858
15215 18378 18187
15171 18592 17902
15502 16368 19345
16636 19081 15423
17763 15800 17900
16569 19157 15310
19429 15759 14987
15033 19066 17205
14864 15631 19978
15137 19665 15441
17246 15461 18905
16939 17481 17096
17231 17554 17086
18805 16860 15258
18824 15480 17293
17523 17751 16244
19539 15249 14974
15161 18093 18513
16532 19189 15464
17047 19045 15169
16378 17883 17547
17268 18905 15313
15634 19035 16280
17432 16985 17433
17836 15473 18402
18308 16600 16293
19129 16459 15200
14706 15105 20224
14627 14990 20262
14981 15971 19764
16331 15476 19497
15095 17393 19037
15485 19057 16542
16039 17377 18455
16070 17966 17369
15530 18039 18077
15339 18880 17410
17526 15879 18049
17318 17571 16885
17800 17461 16280
18558 17462 15194
14778 14861 20270
15224 19810 14771
15211 17319 19037
18225 17868 15328
14513 15414 20116
15258 18807 17500
15137 18983 17271
15147 17917 18520
15395 18105 18196
17408 18291 16113
15260 15651 19810
15262 17798 18430
15740 16686 19005
16509 15465 19496
16229 16383 18913
17059 15873 18668
16474 19228 15347
19203 15548 16252
15111 17525 18905
17018 18265 16350
14923 19654 15719
18656 15719 17026
18818 16412 16282
19229 16001 15583
18893 17072 15088
18884 16714 15362
14878 16326 19777
17399 18055 16247
14453 15183 20173
18801 15741 17019
14993 19572 16017
16212 15286 19525
16598 15508 19369
17176 15985 18240
18557 15807 17066
17035 15585 19047
17904 16496 17366
18457 15635 17645
18832 16632 15489
15142 19230 16665
19387 15829 15087
19428 15174 15390
15216 16567 19463
15213 17136 19089
17230 18099 16415
16741 15710 19119
16612 17530 17477
18079 16889 16707
18389 16915 15980
18201 16363 17029
18553 15889 17096
14415 15356 20138
17442 15870 18375
15169 18518 18004
18737 16448 15955
17126 19033 15150
16831 18918 15600
16723 16188 18510
19537 15140 15038
15332 18944 16957
14884 18104 18579
14783 19659 16052
15297 19748 15302
15932 19549 15235
15737 17745 18306
17216 17746 16961
16431 17791 17431
16999 19004 15355
17871 16271 17454
18246 17999 15130
18798 15602 17110
19106 16576 15260
19185 16445 15210
16707 18569 16326
16022 18159 17578
18707 16010 16584
17396 15437 18894
16080 15526 19488
15711 14838 19831
16812 15613 19267
17050 15445 19084
17564 15418 18663
17164 16326 18237
18283 17299 15739
18997 16716 15179
15193 16722 19457
15232 18263 18220
15246 15660 19922
15951 19578 14986
15101 14953 20096
16348 16271 19023
16530 17516 17583
16945 15462 19146
16825 19029 15293
15557 18210 17749
19246 16410 15258
19531 15398 14869
15251 17809 18566
15020 16842 19437
16371 15290 19516
15869 19529 15490
16708 16148 18752
15592 18994 16327
17329 18892 15217
17571 16598 17591
15075 16966 19425
15152 18520 17922
15431 18551 17520
17765 15952 17693
17440 15397 18762
17347 17542 16907
17622 16873 16991
18490 17632 15209
19259 16289 15192
19411 15765 14969
15208 17579 18862
15224 18268 18221
15464 14967 19980
16724 15754 19105
15520 19584 15331
15889 19459 15508
15144 17090 19212
19407 15126 15489
15051 17109 19265
14776 15539 20108
15619 16813 19197
15337 16244 19452
15324 19245 16074
16214 16890 18537
15552 18327 17805
17564 17273 16609
16971 16642 18031
17856 17190 16639
17141 18979 15322
18426 17372 15551
18834 17174 14976
19121 16484 15305
15033 18707 17672
14896 19706 15907
15404 18825 17300
15297 14731 20074
15460 18686 17323
16911 15280 19201
16348 17936 17327
17595 17209 16798
18528 16174 16713
18019 17130 16307
19266 16271 15054
15297 17388 18902
17496 17743 16362
14950 18900 17372
15525 16465 19321
16986 15756 18788
16150 19383 15323
16044 17557 18099
17453 16857 17533
17341 15620 18827
17921 16461 17368
18270 17322 15643
15076 19368 16270
18290 17878 15198
15142 19814 15145
15282 17730 18519
15422 18385 17703
15628 18933 16512
15335 18571 17709
16004 19020 16125
16982 18423 16289
16531 18575 16419
15802 18071 17653
17147 18754 15345
15944 19534 15243
18627 15340 17473
18382 17771 15145
15192 18417 18054
18803 15572 17167
15184 16568 19647
17014 19018 15226
16532 19243 15135
15129 19704 15440
15639 19564 15380
15303 18271 17953
16879 15449 19157
17029 18995 15347
17814 18285 15354
18303 15660 17612
17755 17922 15984
19197 15907 15842
15072 17712 18834
18677 16353 16639
15030 18784 17578
15941 15614 19457
15944 17944 17731
16916 19095 15292
15487 19287 16057
16968 19047 15230
17582 15561 18590
17742 15702 18194
16294 16885 18412
18577 17546 15118
17760 15546 18439
17974 18173 15233
17520 15579 18517
19023 15597 16398
14782 14808 20239
14977 19642 15755
14821 18605 17896
14891 19271 16703
16308 16572 18645
16940 18972 15482
15517 16848 19011
16342 19120 15582
17414 17414 17083
17678 15519 18539
17367 15696 18490
16873 18985 15374
18221 16829 16444
18827 16726 15538
15373 18795 17399
17512 18695 15241
17948 17322 16279
15028 17840 18721
16043 17276 18374
15700 16856 18914
15152 17295 19075
15627 16372 19304
17470 15593 18563
16526 17507 17608
17690 16676 17291
18736 15700 17085
19075 15646 16288
18934 16852 15181
14930 16237 19760
15185 19020 17056
16817 16850 18283
17277 16812 17906
15761 19476 15580
16098 19418 15400
17387 15456 18925
16082 16632 18920
17045 15505 19057
15197 19389 15965
16393 19323 15323
18126 17327 15902
18545 17322 15423
18742 16652 15562
15685 15098 19846
14924 15534 20036
14874 15543 20000
16095 16794 18577
15475 17087 19152
17556 18580 15201
18966 16827 15136
15100 16096 19744
14946 15536 19993
16177 18734 16705
17506 17671 16397
15944 15089 19682
17998 16839 16769
18069 15824 17783
18962 16484 15813
18597 15740 17039
15258 18846 17497
15431 14839 20033
16707 18008 17007
17147 18978 15107
16290 15301 19498
17208 15400 18953
16742 18551 16432
18528 15937 17024
18704 16900 15483
19054 15579 16358
19030 16322 15780
15223 18507 17912
15338 18710 17664
16466 17486 17618
15861 19610 15028
15584 16835 19125
15344 16863 19199
16190 18259 17070
17110 18967 15363
19316 15811 15261
14603 15814 19970
14734 15110 20192
15155 17824 18579
15849 16542 19059
15350 16828 19203
16522 15757 19171
16369 19289 15413
17794 16839 17077
16854 15534 19201
18034 17039 16458
18362 17170 15863
18890 15620 17060
18155 15581 18029
19121 15568 16439
18919 16352 16051
17253 15733 18570
15327 16864 19276
15241 17850 18447
16532 17896 17416
15316 18632 17848
16386 17298 18286
16501 16220 19007
18040 17359 16222
18540 17344 15258
19052 16548 15621
17912 18108 15412
14792 15713 20004
14578 15039 20286
15254 19211 16668
15778 15916 19500
15354 16195 19474
15923 18581 16951
15208 19791 14792
17165 16527 17988
15895 17745 17995
16755 15844 18884
16327 18748 16513
16607 17109 18034
17479 15447 18727
17959 17188 16320
17114 17110 17521
18985 16433 15686
19505 15382 15062
15086 17506 18972
14891 19802 15579
15040 15866 19934
15788 17255 18553
15821 18510 17182
15341 17323 19014
15516 19654 15277
18115 15567 18111
18540 16116 16754
18955 16033 16022
19447 15580 15287
14547 19985 15099
14945 19419 16461
15971 18183 17531
16304 15239 19530
16047 17149 18459
16502 15586 19321
16875 16034 18736
17497 17717 16339
17652 16961 16988
18066 17331 16106
18208 15504 18025
16941 18295 16456
19017 15492 16738
17958 17152 16415
15341 18936 16858
15009 19364 16426
15489 17111 18863
15884 16607 18934
16237 15303 19511
16353 18641 16470
17363 18217 16287
16431 16464 18712
18790 16931 15368
19521 15309 15171
14716 16527 19658
14918 18227 18345
15426 18710 17390
16004 15067 19696
15267 15448 19879
16084 16801 18785
15333 18525 17776
15363 18331 17900
17290 17894 16915
18004 18338 15077
17383 15456 18941
18055 18086 15303
18875 15632 16934
18496 15284 17678
18565 17568 15043
19552 15157 14979
18701 15632 17279
15191 19008 17043
17164 15842 18672
16873 16929 18168
17194 17998 16545
16997 15360 19136
17177 18945 15282
17668 16757 17295
18300 16864 16121
17146 18774 15595
19481 15385 15151
14965 17901 18615
15087 18202 18347
15812 15627 19487
16111 17943 17521
15912 19202 15985
16636 16590 18301
16142 17125 18429
18037 15968 17657
18503 17555 15299
18594 15582 17597
14495 19991 14908
14912 18929 17478
18603 17380 15185
15179 19337 16045
15901 17679 18348
15390 19725 15044
15211 15505 19942
18446 16707 16215
17909 17693 15775
19522 15518 15038
14944 17561 18926
18492 17030 15638
15101 18985 17172
14809 19803 15719
15926 14913 19828
15629 16577 19144
15413 15348 19758
15689 18251 17647
16966 15383 19101
17793 15426 18482
18464 15560 17628
18644 17220 15565
17986 15769 17791
19262 15526 15891
14394 14708 20361
14900 19141 16957
14925 18264 18305
18642 16426 16052
15616 16153 19426
16315 18460 16854
16103 14934 19682
15618 18328 17540
16465 19344 15297
18146 15549 18141
18188 18133 15040
18816 16782 15370
18030 17746 15591
18630 16887 15700
17487 18700 15149
14925 19137 16874
14924 17960 18535
14520 19990 14824
15858 19631 14877
16780 15796 18817
16484 15637 19177
16974 17385 17376
16742 15946 18921
16209 18571 16671
18137 16957 16202
18553 15778 17198
19252 15548 16034
15771 19333 15929
15122 17288 19144
15418 17307 18840
16410 19200 15419
14987 19376 16384
15569 17366 18607
16978 19069 15197
17047 15794 18760
16859 18193 16551
18052 16053 17382
18653 16802 15714
15003 19222 16706
15158 16856 19412
16935 18974 15381
16079 17915 17693
17130 15689 18981
17296 15642 18601
17431 15306 18830
17137 15572 18929
17539 16555 17808
17147 17635 17034
16966 16300 18361
17067 16640 18066
17480 17494 16675
16737 19128 15284
16211 16681 18816
15985 17806 17768
14814 19841 15435
15013 16174 19738
14823 19710 15744
15641 15606 19674
15918 16573 19039
15346 17429 18777
15192 19841 14945
18323 17777 15267
18864 15431 17261
14860 16184 19782
15163 16728 19404
15781 16797 18868
16279 15282 19524
16129 18613 16925
18490 15850 17391
16434 18370 16783
16089 17023 18529
17079 18287 16300
17526 18670 15279
18120 17179 16195
17694 18193 15851
18977 16599 15335
19046 16629 15258
18453 15369 17721
14932 19540 16269
18756 15448 17351
16585 17062 18052
15073 17296 19154
15226 16957 19372
15435 19108 16278
14977 14909 20189
15726 18377 17463
15903 19379 15511
17878 16571 17253
17683 15274 18569
18323 17858 15171
15218 19097 16814
15053 19302 16673
15085 19536 16036
15495 15979 19521
15553 18701 17157
15383 19107 16477
16388 17375 17832
16708 16110 18805
17107 16630 17947
17178 17413 17343
19034 15866 16295
16132 14941 19654
18588 17124 15591
15480 15827 19566
14913 17850 18712
16664 19012 15673
16447 15684 19377
16157 16898 18568
15736 16830 19111
16775 18157 16903
15996 17573 17970
16470 18914 16362
17840 15482 18380
18161 18024 15262
16946 16457 18346
19076 15576 16288
18346 17728 15245
15144 18169 18285
14496 19935 15195
15144 16156 19741
17055 18732 15623
15819 16028 19393
15672 17889 17923
16448 19249 15373
16575 15507 19438
16358 15807 19282
16706 17775 17187
17764 18386 15312
17934 17772 15676
17460 15472 18742
18464 15666 17538
17275 18468 15754
17656 15476 18562
19141 15562 16361
15072 19250 16697
14896 16000 19834
15964 18424 17271
18355 16785 16255
15149 17072 19288
15365 18187 18107
15999 15079 19693
17415 15475 18851
18305 16940 15968
17962 17673 15684
17895 18293 15246
18830 16092 16513
19076 16485 15380
17700 15738 18382
14997 19131 17028
15068 17160 19242
14942 19229 16726
15536 16262 19379
16348 15847 19112
17020 15878 18504
15809 16454 19277
15539 18032 18190
19117 16028 15876
15946 18553 17010
16706 16312 18545
17516 17560 16322
18454 17758 15068
18393 17541 15377
14914 16320 19771
15244 17106 19151
14947 18043 18526
15772 18137 17714
14832 19900 15146
16927 17608 17093
15886 19157 16156
17561 16405 17658
16353 19313 15398
17184 18111 16399
17484 16312 17954
17457 17902 16221
17817 18353 15236
14584 15018 20242
14897 19168 16896
16200 15145 19613
15641 17108 18910
17874 17749 15868
15272 14897 20098
16307 19064 15707
18071 16589 16982
17464 15539 18733
18467 17728 15121
19091 15513 16513
18841 15654 17089
19467 15497 15146
14967 19014 17296
15205 17872 18564
15603 16161 19345
16607 16982 18102
15449 16803 19212
17909 18210 15306
17999 15505 18237
18454 16548 16341
17905 15458 18331
18989 15520 16616
18594 17251 15230
15091 17363 19149
14635 19495 16282
17540 17413 16641
15047 19112 16992
15171 17019 19284
15040 17879 18658
14996 15901 19936
16518 16060 18833
14948 17533 18923
15625 17762 18165
17406 15678 18573
18052 15433 18165
18675 15348 17455
18831 16764 15321
16283 15930 19027
16626 18134 17025
17314 16570 17934
15033 18326 18229
15304 18743 17576
15301 16628 19321
15177 17398 18904
15800 15466 19669
15140 19817 15146
15280 18653 17849
16162 17050 18486
15267 16793 19309
16799 15621 19147
17582 17094 16835
18305 16521 16460
16276 19304 15528
16015 17963 17646
17768 18552 15292
17597 18680 15070
19034 15949 16026
19016 15507 16658
14987 18720 17600
15102 19103 16807
14760 18182 18375
15066 19107 17002
14735 15125 20176
14941 16263 19746
14903 15918 19878
15864 19318 15757
15356 18486 17672
15911 15719 19418
17033 16714 18006
15645 17108 18773
18471 16032 17044
16546 15285 19445
17731 16344 17667
15988 17600 18010
18670 16935 15317
17390 18061 16303
17508 15416 18760
18120 15721 17885
17801 18333 15322
19018 15425 16597
19532 15186 15027
14914 19435 16368
15067 19082 16949
16740 16984 18047
16235 19350 15409
15635 19667 15019
15906 15067 19755
15274 19699 15319
16947 18929 15437
18130 15773 17732
17778 18043 15595
15032 17740 18808
15040 19058 17015
15117 16648 19588
15192 16882 19402
15830 19034 16291
15708 17842 18150
17172 17461 17243
16189 15928 19401
17519 15314 18738
17475 18729 15220
18466 15375 17703
18103 16514 17135
18840 15888 16773
18797 16967 15195
18757 17190 15199
18923 16674 15255
15078 19362 16359
15034 19058 17108
14573 19980 14829
16847 15605 19213
15659 16015 19461
15015 19115 16783
15189 19233 16621
16572 15572 19284
16152 16035 19186
15407 17418 18839
15340 18999 16797
17958 17196 16320
18085 18256 15214
18174 15480 18077
18960 16605 15321
18680 15645 17297
19454 15542 15319
15334 15933 19631
15469 19388 15850
15517 19004 16580
17192 16503 18175
17630 16149 17985
18362 15889 17373
18543 16838 15990
18334 15373 17948
19333 15639 15630
15117 16752 19474
14957 18795 17507
15209 16403 19611
15195 19809 14999
15233 18389 18061
15712 18483 17329
15706 17878 17964
16002 14940 19715
15732 15933 19558
16274 15842 19265
18862 17076 15085
19481 15502 15040
14575 15047 20230
14977 17885 18681
14871 18719 17675
15684 16310 19324
15202 16964 19309
15197 17581 18877
15627 15798 19632
15852 16308 19163
15195 17743 18704
16896 16708 18249
15503 18440 17593
16605 19082 15519
18992 16684 15251
15378 19538 15809
17255 18963 15171
17812 15378 18538
17768 17231 16638
17883 18357 15046
18446 16628 16266
18335 16498 16692
18976 15603 17000
18293 16052 17123
14918 19415 16491
15106 17135 19246
14998 19124 16777
15993 15013 19715
15324 19736 15310
16691 15467 19407
17260 18948 15180
18754 15664 17274
17800 18490 15311
17426 15464 18789
18837 15927 16493
19546 15292 14937
15203 17255 19138
19241 15841 15471
17199 16222 18220
16172 18748 16604
16110 19452 15134
17660 18477 15529
15305 18532 17908
17994 18273 15148
18324 16809 16120
19261 15562 15989
14831 19726 15679
14781 16325 19802
15176 18400 18100
14964 16231 19767
15641 19635 15023
16980 18805 15583
16145 14838 19630
17091 19044 15073
18514 17517 15142
14995 16576 19592
18431 15755 17487
15345 19727 14863
16294 15280 19523
17237 15595 18890
17193 15406 19047
17283 18520 15603
17848 15332 18365
17697 15591 18436
16973 17074 17858
18427 16011 17104
18521 15528 17664
15018 18671 17743
17536 17148 16956
15484 19699 14980
16136 15150 19609
16053 17760 17964
16073 16989 18567
15559 18434 17591
17928 17986 15512
17774 18540 15077
18366 15567 17919
18745 15922 17001
18167 18167 15116
18430 17674 15253
18871 16823 15258
17813 17674 16158
19563 15244 14852
14910 16342 19776
14904 19599 16031
15334 19736 15124
17340 15641 18694
15468 17788 18310
18267 17895 15150
19224 16166 15400
15280 17710 18754
15598 17294 18679
16532 19215 15364
16695 16488 18507
17528 15387 18706
18808 16591 15677
15049 18223 18278
15306 17588 18739
14918 19910 14755
15555 17624 18423
15979 16643 18923
16086 18400 17142
15798 19107 16175
16295 18471 16885
15566 14888 19933
18446 16144 16802
17876 15696 18206
18271 15709 17849
17980 15900 17765
18349 16404 16685
18417 15502 17698
18263 17950 15186
15856 15581 19519
15046 17648 18836
15025 19357 16676
16185 16525 18992
16395 17671 17768
16107 18116 17319
17935 15611 18104
16706 17600 17400
17300 18843 15278
16657 15499 19289
18575 16943 15684
17884 15500 18361
18320 15850 17417
19255 15821 15681
15066 19395 16227
14845 15528 20046
15109 17340 19004
15008 19208 16718
16121 16017 19206
16471 18684 16358
15266 18176 18173
17719 16920 16922
16204 15231 19577
17012 16352 18294
17456 17044 17328
19070 15736 16318
14870 18126 18463
15036 17737 18769
16480 16939 18222
15432 16479 19372
15135 19426 16051
15752 18810 17142
15559 17857 18218
16963 15738 19112
16606 15480 19406
18411 17627 15269
18708 17079 15281
14975 18876 17430
14915 18852 17489
17873 18328 15351
14511 14728 20354
15368 18501 17590
16153 19440 15171
15518 15384 19715
18396 17707 15155
19383 16039 15117
19586 15166 14940
15158 19041 16888
15178 17103 19187
15107 14592 20113
15686 15005 19841
16847 16684 18266
14868 19849 15235
17084 15263 19122
16964 16029 18653
17404 18794 15300
17528 17189 17098
16962 17764 16996
17627 18631 15090
17049 18999 15299
15273 18242 18120
17948 18291 15225
14812 19948 14896
15719 19347 15862
17014 18558 16143
15046 17118 19309
16841 18821 15828
15236 19332 16170
16198 16759 18880
16615 19109 15439
16647 19237 15199
16188 16361 18934
18567 15671 17450
18406 17874 15112
17800 18220 15436
18111 18010 15427
19033 16680 15250
18751 17235 14973
19006 15815 16593
14672 19903 15254
15469 19585 15643
18583 15767 17019
15971 16214 19168
16499 15488 19455
17311 17077 17329
17946 17495 16192
17370 18610 15484
19176 15509 16272
17837 15379 18411
15236 18331 18005
14562 15075 20252
15283 18329 18010
17138 18988 15107
15505 16880 19130
16071 17143 18449
16246 16567 18901
17015 18536 16118
17473 16079 17999
17227 16325 17967
18438 17693 15230
19397 15686 15026
19358 15656 15525
15125 16731 19575
14977 19265 16705
14897 19608 16177
14880 19198 16853
14938 19065 17300
15429 16801 19299
15420 19689 15311
17990 18324 15181
18068 15569 18102
17675 16623 17552
17946 15273 18248
17634 15493 18623
18657 17326 15210
18125 17965 15372
18772 16422 15951
19550 15202 14937
14891 18702 17800
15559 19567 15364
15580 14730 19902
16278 15187 19532
15803 17230 18754
15389 18106 18088
17118 18932 15334
16635 19145 15338
15935 15135 19744
16008 16837 18703
16299 18867 16453
16765 15589 19277
17806 18442 15201
18403 16392 16447
19308 16174 15178
14953 18730 17591
15837 14983 19761
16334 19385 15268
17009 16684 18026
17348 16485 17962
17699 15986 17737
17383 15534 18904
17310 17194 17320
16973 17184 17484
17715 18526 15394
17829 18387 15204
18953 16025 15774
19286 15931 15099
18759 16099 16076
17110 15821 18625
18995 15974 15972
19302 16038 14898
17403 15562 18727
15402 17656 18165
18890 16441 15491
19094 16164 15403
15074 17978 18218
18894 15895 16114
15482 17306 18697
15501 16948 18834
14505 19763 15519
18361 17096 15514
16961 16330 18416
17692 18134 15277
15932 19413 15216
15467 16364 19338
14548 19776 15515
16891 15839 18867
16566 16160 18704
16768 17166 17341
19409 15630 15238
19460 15668 15131
19372 15692 15274
15481 18566 17021
17568 16174 17844
16776 16032 18732
18258 17394 15177
17061 16369 18244
15932 19385 15223
16375 16477 18613
16219 17248 17919
18847 16240 15670
17876 17512 15674
15167 18820 16999
14472 19704 15698
14942 19267 16384
17664 16629 17237
15970 19337 15389
15678 19001 16173
18024 17453 15318
15594 17718 17947
16142 17271 17958
16909 16319 18433
17198 16651 17670
15178 18707 17178
15732 16156 19325
18630 15876 16927
15373 18279 17772
16939 16871 17816
15575 18030 17783
18929 15710 16499
15087 19139 16380
17081 16352 18332
15074 18749 17268
16995 15612 18923
17241 17598 16342
15326 15994 19609
14569 19847 15142
17927 17378 15705
15842 18563 16737
17157 17909 16093
18062 15899 17661
18052 17263 15941
18111 17257 15846
14600 19679 15663
17825 17247 16136
14529 19824 15320
17287 16465 18135
16884 16768 18007
17884 17503 15841
17259 16622 17762
16114 19126 15427
17559 16802 17026
17797 17317 16151
19417 15792 14915
18252 17366 15223
15946 19353 15239
17263 16552 17918
16974 16394 18343
15209 19065 16832
18911 15781 16400
15462 18922 16534
15510 16104 19575
17409 18501 15171
18286 16113 17101
15163 19085 16705
17646 16703 16955
18268 17507 15147
18355 17516 14986
16569 15171 19433
17391 16765 17138
17234 16654 17656
17096 17768 16458
18382 16164 16755
14641 19778 15394
15332 16166 19518
14814 19375 16244
15872 19439 15243
19217 16230 14955
17136 16465 18164
16905 15156 19243
17994 17496 15487
15013 18786 17293
15549 15889 19556
15832 19253 15478
18431 16330 16587
16140 19179 15411
18188 17183 15848
15817 18805 16370
15986 17369 17907
18046 16644 16511
15273 16527 19349
15391 18266 17595
19482 15530 15155
16183 18616 16511
16983 18762 15270
18014 17880 15321
15298 16629 19341
14888 19330 16241
14724 19706 15615
19400 15716 15182
16234 15402 19544
16929 16394 18420
16292 15600 19345
14741 19576 15780
19144 15651 16039
15381 18957 16572
16120 19328 15261
15358 19192 16252
15322 19138 16293
16428 19012 15366
16059 17320 17916
14398 19885 15406
17708 18304 15004
14550 19710 15677
15553 15856 19599
15062 15167 20186
16834 16434 18210
14370 19821 15538
16352 18430 16460
15960 19147 15660
18602 16342 16022
16735 16486 18466
16138 18760 15976
19402 15485 15864
17571 16122 18042
15468 19046 16334
15841 19444 15238
18793 16074 16224
16982 18095 16096
16208 19167 15354
17891 17378 15852
19437 15388 15729
14822 19628 15632
15553 18848 16407
14906 19318 16372
17138 15555 18976
15420 15708 19842
16743 18723 15479
17966 17161 16174
16360 17308 17530
17618 16138 17905
14538 19761 15559
15833 18696 16644
19461 15260 15645
16170 18745 16131
15096 18887 17205
14440 19739 15631
15087 19225 16286
19262 16112 14839
18312 17590 14955
15090 17991 18177
15070 19424 15736
18941 16729 15238
14443 19855 15446
15429 16474 19289
15635 18763 16779
14978 15337 20133
18082 16929 16050
15014 18791 17227
18163 15831 17644
15644 17413 18356
15575 17899 17900
17914 16989 16602
14619 19825 15282
15045 18763 17291
15870 19079 15868
18302 17578 15086
14497 19864 15371
15090 19288 15943
14871 15272 20141
14630 19813 15509
14533 19736 15598
14774 19542 15776
17660 16704 16925
15489 15896 19633
15420 18757 16785
15613 18893 16368
15280 16964 19163
17653 18268 15198
18254 17748 14931
15202 19545 15579
15047 18895 17122
16340 15206 19666
15716 18776 16462
16020 18639 16475
16191 18703 16183
18189 16250 17114
18442 17299 15197
18557 16955 15338
14431 19904 15394
14534 19836 15299
15873 18915 15846
17025 18362 15946
17389 15477 18787
15533 16545 19111
14482 19852 15385
14937 19144 16820
18857 16683 15383
19155 16342 14917
15039 15406 20113
15447 18887 16752
14963 18994 16953
15499 17748 18003
15912 15925 19411
18175 17772 14952
15079 19637 15275
16972 17567 16982
15536 17774 17961
14595 14643 20330
15284 19365 15561
18450 17228 15285
17542 15464 18657
18126 15882 17626
18491 17402 14865
14791 19297 16407
15148 15791 19940
16107 19323 15347
15174 15322 20120
14895 15135 20212
15713 18876 16302
18629 17057 15289
14958 18923 17019
14578 19824 15316
15227 15291 20049
17000 18364 15865
15155 15645 19995
16759 19013 15131
17171 16455 18138
17947 17185 16171
18912 16822 15307
16086 18348 16926
19024 16561 15206
14917 19281 16374
14434 19881 15295
16721 15629 19301
18523 16629 16139
14447 19859 15415
14401 19905 15224
14975 18796 17332
16247 15739 19377
16364 18282 16588
14568 14713 20324
15342 16130 19533
15171 19068 16665
17504 16452 17840
16377 19053 15352
14440 19879 15255
15142 15872 19864
18927 16325 15624
18164 17701 15106
18831 17032 15034
14820 19020 16996
14465 19876 15249
15999 15245 19757
18761 15928 16511
14678 15078 20270
14970 15257 20135
18415 15428 17692
18478 17399 15013
17684 18229 15045
14392 19777 15564
14809 19179 16759
17526 16762 17117
15124 15800 19880
14466 19881 15248
15823 15944 19485
16005 15994 19352
16206 18754 16054
15309 19346 15643
18324 17100 15705
16780 18667 15909
14440 19906 15213
15061 18918 17063
15663 16082 19543
16147 18794 15967
15706 15745 19605
17612 18104 15303
18956 16383 15348
14520 19856 15281
18120 17264 15761
15617 18765 16644
15767 15794 19505
16625 16105 18750
15856 18788 16225
16798 15968 18828
15282 15775 19851
18441 17401 15108
18752 15671 17111
18166 15551 17993
18313 15339 17793
14660 14592 20324
16360 19104 15373
18050 15613 18089
17711 15673 18470
18387 17073 15397
15494 18916 16489
17855 17950 15307
16461 18977 15413
14634 19586 15902
15988 19103 15607
18014 15562 18168
18808 16856 15377
17735 18271 14958
17653 18322 14965
14751 19426 16242
16642 18467 16247
17993 17370 15810
18149 15751 17650
16997 18448 15527
14469 19902 15136
16083 17398 17888
15741 19185 15581
17590 16075 17964
17527 18122 15333
19261 15520 16218
14435 19866 15267
15792 18999 15870
18252 17136 15808
17128 18072 16207
17460 17996 15767
19376 15297 15877
16738 18925 15247
17213 18672 15126
14620 19508 15968
14719 14815 20322
14722 15069 20267
14957 19165 16416
14795 19647 15632
16394 16627 18448
17639 15250 18619
15323 19641 15226
15375 15361 19944
18975 16689 15062
14548 19492 16130
18668 15807 17154
15811 19473 15339
18124 17857 14965
18801 16139 16006
19217 15988 15174
14864 19305 16380
18021 17353 15859
18412 16904 16029
14614 19528 15991
14456 19917 15171
14612 14649 20324
15390 19216 16014
15893 16138 19314
15798 19426 15356
17721 17539 15803
19163 15613 16302
19217 16034 15034
15513 19339 15574
15092 19133 16621
16489 18610 16033
15938 19115 15681
17651 18286 15174
17524 16701 17445
18926 16783 15111
15268 18323 17779
17353 16548 17775
17988 16070 17666
17057 18585 15404
18948 16671 15251
17623 18098 15282
18905 15556 16851
14928 18844 17382
15747 19379 15439
17143 18736 15086
17484 17946 15773
18440 15594 17595
18668 16967 15271
19570 15206 15256
14857 19117 16836
15645 19478 15381
18209 17228 15796
15058 19091 16793
14624 19503 16084
16307 16444 18853
18625 16563 15845
17189 17614 16373
17848 17540 15651
15481 17722 18050
18230 15571 17899
15425 17766 18042
18997 16692 14983
18170 17535 15150
15932 19295 15443
16091 19348 15278
16282 16285 19025
15573 18803 16550
17650 15739 18540
17673 18321 14936
18160 17030 15874
14618 14632 20339
17814 17533 15823
15504 19500 15273
14686 15079 20253
15120 18940 16982
15680 19406 15391
17047 15407 19094
17788 17920 15435
16369 16202 18925
18013 16066 17539
18416 17405 15051
19002 15983 15871
15432 18996 16411
16683 17226 17535
15412 18838 16865
16162 19198 15303
17377 15402 18864
18931 16656 15334
19377 15889 15028
16199 18428 16477
14870 19325 16282
15209 15789 19887
14990 19129 16820
15361 19420 15450
15874 19386 15230
17693 17377 16076
17454 15555 18750
18533 17397 15028
18852 15762 16773
19350 15624 15976
17151 15550 18927
18369 15627 17687
18070 15601 18092
18545 17372 15003
19063 15482 16551
18162 17795 15015
14590 14684 20327
14682 19589 15839
15373 15362 19992
18582 16274 16210
17446 15473 18822
18575 16757 15719
19504 15601 15031
16812 16597 18161
15546 19418 15392
17375 15400 18874
19008 15653 16509
19160 16294 14915
15958 19287 15448
15477 17146 18717
18789 15511 17085
19183 16184 14998
15510 18942 16249
16988 18523 15686
18621 17279 14961
14643 14832 20293
15503 18643 16950
15848 18535 16911
14733 19747 15454
17586 16728 17057
18888 15628 16825
14612 19115 16949
16034 16853 18749
15540 15158 19981
15592 18052 17698
16375 18185 16774
14722 19457 16170
16292 19110 15311
17227 16329 18136
18719 15984 16485
15363 16420 19446
14932 18872 17236
15455 15315 19902
17347 18043 15677
17476 16000 18255
18817 15796 16673
18285 17610 15023
18999 16669 14914
16743 16557 18439
14722 19444 16188
14960 14942 20191
15440 15555 19847
16908 16356 18500
17906 15754 18195
15736 16973 18773
18771 16726 15457
17000 18660 15450
18643 16330 15993
19137 15633 16316
18854 16490 15484
19152 15931 15456
15244 15893 19850
15311 16481 19332
14519 19898 15237
16218 16308 18972
15940 17476 17954
16580 17215 17747
18372 15663 17562
14523 19451 16275
14748 15003 20268
18352 15812 17552
16729 16229 18621
17052 18673 15229
18750 15814 16966
14436 19881 15252
14525 19866 15187
14621 19386 16395
15114 15852 19869
15337 17344 18672
17812 17658 15668
17250 15532 18931
18263 17103 15766
18990 16649 15260
15015 15258 20127
14785 19870 14847
16931 18775 15374
15165 19571 15311
16343 17560 17307
17278 15501 18930
17520 18231 15361
18329 17535 14915
15563 15253 19976
16077 16544 18881
16448 15321 19619
18380 17024 15464
18461 15480 17585
18388 17482 15091
18867 16766 15311
15733 17373 18288
18029 15711 18033
19354 16006 14996
18446 15367 17628
16018 18976 15822
14557 19239 16684
14905 19387 16115
17935 15711 18158
14789 14983 20276
15316 19004 16608
17808 17449 15884
18725 16329 15818
18683 15813 16974
19493 15576 15058
16342 17239 17960
15228 15309 20039
16933 16405 18296
16977 15215 19240
17835 17122 16443
17517 15522 18643
18190 15754 17597
19114 15699 16263
15295 16073 19661
14814 19802 15057
17680 15724 18519
16677 18969 15304
15576 16140 19519
17119 15606 18866
16486 19048 15299
18762 15868 16668
18212 17417 15297
18884 16261 15664
18966 16679 15127
14700 19507 16058
14949 15591 20091
17354 15623 18750
17666 17387 16029
16615 18485 15990
17668 15339 18606
19199 15560 16228
16527 17476 17442
14883 19754 15087
19057 16198 15633
17258 17305 17066
16348 18262 16708
16472 15469 19478
15414 15201 20075
16997 15260 19200
18515 15735 17347
18476 17471 15030
19247 15609 16172
19398 15471 15876
17768 18288 14922
14557 19860 15187
14830 18920 17353
15538 18918 16413
16196 18382 16599
17960 15608 18289
18489 16367 16482
18092 17219 15895
14817 18703 17674
15238 15558 19893
17326 16482 17929
15653 16850 18986
15398 16379 19400
17091 18626 15402
17000 16375 18220
18609 15749 17262
18843 16972 14951
15239 16605 19345
14797 17474 18934
15257 15272 20054
16652 16365 18572
16579 18814 15688
18510 17392 15036
18832 15580 17042
18845 16862 15142
18945 16389 15567
16312 18941 15541
14802 19121 16853
15094 14904 20182
16778 16213 18699
17487 17911 15741
19071 15505 16444
18585 17330 14944
16668 15012 19409
17541 17879 15841
18833 17063 15008
19240 16142 14926
17769 18184 14959
16634 18225 16479
18952 15865 16373
18134 17593 15314
14507 19917 15126
18337 16743 16179
17830 16471 17404
19031 15532 16574
16563 15994 18856
16513 16198 18895
17325 18581 15289
18862 16661 15371
18691 17235 15093
18788 15648 17078
14683 14581 20333
15073 19255 16368
16027 18539 16587
14663 19836 15176
17296 16383 18060
18526 17377 15108
14933 18876 17225
16421 19058 15305
14917 19626 15562
15773 15392 19878
17738 18314 14896
19021 15919 15933
19630 15118 14975
17251 17585 16308
17457 15400 18845
15323 19083 16258
15322 19227 15802
16882 15853 18726
17857 18067 15134
18138 17088 15886
19452 15385 15643
19626 15163 14959
14901 19088 16993
17743 18351 14780
18037 17148 15996
18824 15721 16947
19225 15841 15491
17615 16940 17007
15699 19575 15045
15546 17048 18825
17444 15756 18632
16431 18640 16020
16301 19091 15435
17574 18287 15139
15309 19651 15195
16234 18750 15722
16251 15197 19722
18357 16590 16409
18709 15787 17034
18990 16678 15088
14619 19532 15928
15461 14936 20010
16180 18981 15503
15864 18656 16535
15718 19509 15089
15844 19104 15799
16250 18740 16031
19266 15676 15857
14653 19592 15804
17696 17489 15959
15788 19475 15130
15832 15734 19520
16423 19106 15229
18147 17719 15030
18912 16083 16100
19040 16321 15299
18991 16711 15018
15297 15994 19733
15123 19267 16110
15718 16555 19081
17387 16544 17630
16784 18915 15312
14929 18806 17555
15412 15901 19577
14764 19280 16596
15077 16801 19403
16283 17255 17916
19135 15979 15878
15410 16180 19354
16624 17488 17369
18315 15714 17646
18991 16643 15023
17750 18206 14996
18786 16868 15394
18977 15778 16349
18325 17585 15030
14424 19921 15012
14722 19523 15913
15369 15404 20015
16195 15199 19753
17400 15574 18769
18591 15796 17198
18799 16708 15441
19282 16022 14980
15642 15460 19808
15163 19339 15700
15888 19379 15362
15877 15016 19865
18710 16966 15254
15848 15225 19883
17172 16339 18196
16471 19009 15342
19400 15854 14961
17404 15785 18696
14490 19682 15743
16965 15483 19152
18478 16375 16162
18006 17424 15500
17939 18074 15080
19033 16663 15009
19562 15192 15274
16548 16595 18315
17146 17632 16472
16688 16972 17771
18641 17211 15184
19570 15426 15251
14861 15436 20120
17326 16054 18503
17472 17953 15705
19208 16105 14999
16022 16088 19283
15799 15375 19774
16514 17490 17416
17753 17172 16282
17853 16032 17936
18964 16771 15010
14871 18607 17746
14756 15131 20240
17591 16152 17863
18127 16111 17483
18562 17260 15103
18227 15530 17923
18159 17345 15650
16539 16004 18804
19310 15963 15033
14753 17549 18891
15531 15148 20003
14848 19459 15828
16334 16644 18446
16085 15935 19284
15017 18603 17852
14599 19878 15067
16428 17350 17506
17124 15813 18730
17557 17874 15621
18273 16872 16045
18856 16066 16126
15660 19245 15509
15003 18726 17435
15197 15729 19908
14941 19191 16546
14919 19049 16896
16438 16259 18649
15048 17967 18322
14905 17552 18861
18491 17332 15120
15680 17641 18079
15934 15462 19731
16636 16507 18556
16021 16525 18916
16458 15403 19518
17567 15469 18637
14649 14622 20330
18338 16386 16841
19418 15484 15387
15154 18375 17783
14807 18992 17242
15298 16394 19479
15571 16235 19319
15707 18209 17339
17724 15617 18480
16596 18676 15687
17109 15384 19031
15096 17547 18845
18005 17940 14975
17661 18387 14888
17419 15360 18963
15437 17759 18148
19301 16072 14967
14922 18850 17317
15146 19529 15659
18395 16001 17210
18574 17367 14958
19526 15330 15322
14537 19463 16234
15420 19168 16211
14774 19786 15142
16900 18480 16016
18841 16878 15334
18693 17099 15126
19080 15587 16372
14827 14743 20265
17037 18700 15283
19078 15465 16603
15176 15764 19924
14798 14831 20276
14735 18794 17599
15020 18031 18307
15085 16948 19319
18310 17377 15209
15311 17263 18828
18991 16587 15282
19361 15928 15063
19332 15599 15998
14882 18936 17223
16569 15059 19482
15528 15463 19821
17650 18083 15432
17043 18693 15153
18306 16625 16323
17698 17869 15553
17669 17394 15961
17874 16211 17541
15045 19396 15957
17143 16411 18212
18928 16775 15196
15340 17571 18451
14967 15809 19949
18320 17435 15152
15028 19144 16450
15031 19299 16357
18428 16757 16079
19525 15281 15485
16507 17338 17464
15563 16941 18927
18277 17244 15608
18490 17434 14919
19007 15701 16541
17718 18185 15158
18964 16016 15793
16324 18608 16195
17345 15515 18816
15441 17138 18787
16771 18321 16226
18323 17392 15158
19153 16048 15415
15023 15239 20144
15704 15632 19786
16566 17507 17219
17686 16845 16882
15157 15095 20176
17248 17089 17159
17520 16242 18055
17452 15421 18862
15190 15505 19960
19367 15512 15822
14775 19755 15123
18559 16328 16502
14490 19919 14959
14938 14859 20204
18500 17091 15321
19103 16635 15135
14567 19474 16132
15657 17860 17699
14607 19857 15085
15685 17685 17916
15638 18973 16245
16122 18413 16902
17173 18570 15343
19359 15632 15837
19257 15674 15981
14758 14760 20315
16312 15561 19475
16671 17766 17005
16850 15268 19301
17929 15695 18203
19077 15750 16206
18582 16720 16071
19482 15345 15633
14788 19012 17245
15486 16508 19142
15319 19612 15263
16635 18759 15597
16843 18466 16045
15078 19230 16128
14622 19866 14966
18486 17436 14933
19288 15775 15401
16415 17392 17445
15024 17943 18473
15000 18796 17329
15824 16613 18975
15592 19063 16214
15760 19329 15447
16137 15162 19808
17858 18004 15163
15726 15206 19929
15980 15235 19775
15414 19579 15211
17288 18315 15716
17979 18053 15047
19129 15701 16210
19045 16255 15610
19283 16011 15059
14818 14953 20255
15537 15414 19873
17223 17654 16288
17494 18042 15642
16207 19264 15280
17109 18399 15605
18607 17316 15006
17281 16038 18614
19140 15543 16335
14732 18613 17730
15322 19478 15540
15587 15380 19879
17615 15545 18584
17885 15835 18261
18098 16809 16379
19183 15818 15532
17565 18040 15582
14593 19298 16509
16257 15252 19660
17273 17516 16903
16246 18222 16902
17654 18375 14920
15574 19536 15193
16299 19278 15194
17992 15735 18132
18167 17765 15020
15346 19359 15516
16633 16271 18630
15719 18854 16301
16760 18931 15215
16989 18737 15160
18339 17254 15372
18278 17703 15033
18953 16207 15736
18924 16849 15102
14587 19853 15131
16713 15129 19367
17385 16162 18143
17402 17012 17091
17497 15590 18689
18626 16546 15828
14904 17525 18930
14649 19567 15924
19545 15422 15285
15142 16443 19593
16894 18356 16033
16792 16076 18589
16523 18285 16414
15495 18261 17364
18188 16573 17016
18002 16519 17054
18473 15547 17466
18258 17613 15038
18678 17273 15085
14896 18986 17105
14941 19009 16974
18747 16942 15701
14724 19830 15097
15854 19355 15402
17125 18779 15069
17941 16074 17880
17971 17118 16275
19376 15909 14878
19379 15520 15752
16884 18077 16654
15200 18972 16918
16865 19014 15093
17385 17125 17083
17664 17744 15855
17369 18533 15244
15104 18603 17813
15785 19557 15039
15943 16864 18775
17556 17654 15905
18946 16421 15295
18331 16830 16087
14617 19861 15084
14731 19650 15576
14485 19759 15615
18069 16277 17527
17784 17406 15931
18462 17193 15274
15031 16003 19911
14610 19443 16262
15304 18900 16622
15723 18712 16859
17338 16277 18289
18615 16137 16628
18752 15842 16674
18624 15855 17061
17993 15783 17867
15967 19364 15196
15246 19068 16380
18231 15554 17792
17049 18648 15300
18028 15879 17809
18774 16219 15793
18831 17086 14930
14769 15362 20163
14781 14662 20291
15029 18910 17065
15674 19409 15380
15842 19301 15435
18028 17017 16084
16791 15537 19216
18547 15473 17554
19489 15642 14921
19592 15158 15163
14892 15642 20043
14957 18720 17583
16242 17128 18074
18154 17853 14979
15121 19109 16372
14651 19467 16160
16556 19021 15213
17008 17701 16836
16804 19009 15180
15064 16068 19881
15952 16393 19101
17380 17995 15908
17762 16001 18121
18407 17278 15254
18843 15902 16484
14631 19160 16903
14675 19836 15097
14911 15014 20211
15161 18407 17768
14729 15059 20255
16637 19128 15123
17123 18762 15137
18022 15769 18112
16649 19089 15101
17213 17533 16771
16501 18922 15430
15367 19348 15518
15607 19581 14972
16114 19323 15279
15937 19413 15113
16666 17994 16727
17991 17506 15545
17776 16629 17158
17647 18400 14852
19091 16081 15608
18967 15678 16775
18927 16194 15969
18746 16201 15928
15174 18388 17763
14628 18451 17940
16656 19102 15034
16360 18172 16804
17354 17878 16024
18700 16956 15312
19192 15580 16226
19235 16140 14987
14953 18660 17598
14815 19832 15052
17387 16058 18249
17396 15371 18876
17109 17439 17071
17384 17987 15857
17938 16360 17338
18545 16571 16109
18652 16521 15900
19434 15267 15773
19014 16107 15745
14823 14748 20262
15954 16448 18980
15122 18714 17197
15627 19599 14918
15772 18816 16325
17186 16660 17718
17544 17660 15959
18588 17321 14966
18696 17120 14864
18835 16996 15056
19419 15514 15324
14876 18641 17619
14817 19059 17029
15106 18484 17883
16704 16814 18099
15483 17594 18411
18722 16777 15705
14955 19004 17043
18232 16542 16895
15431 18693 17021
15254 15236 20139
15356 15877 19663
16844 18563 15679
17039 16046 18539
18557 15817 17209
18802 16599 15655
19307 16030 14976
14936 15735 20009
15847 19482 15070
15355 18033 17920
17400 15861 18592
16562 15339 19455
17386 15928 18455
18114 17938 14961
19105 15539 16350
19365 15542 15711
14742 19262 16640
14940 17928 18486
18525 17273 15272
15547 17395 18442
15513 16272 19324
16413 18129 16869
17456 16792 17078
18101 15818 17727
19263 15620 16013
16000 18905 16020
15028 19714 15553
15657 16839 18964
17254 17018 17242
16669 19077 15117
17188 16362 18168
17043 15119 19128
18770 15686 17078
19329 15923 15398
19320 16017 14891
15001 18789 17449
15655 17664 17982
14440 19452 16260
16155 18299 16838
15636 19283 15555
16389 16018 18934
15928 17316 18245
16437 18256 16768
16103 15515 19631
15619 17926 17747
16020 19302 15371
17718 18355 14726
19093 15680 16297
17490 17835 16158
18133 17844 15024
15977 19503 14987
16373 15969 19123
14940 18845 17313
17174 17385 17045
18708 16365 15811
14637 19136 16924
16898 18245 16097
15353 17373 18671
15600 19101 15996
15895 16979 18718
18819 15610 16957
17470 15379 18823
19093 16089 15435
18969 16661 15274
15597 15295 19898
14915 14753 20207
14999 19726 15196
15409 16767 19283
15661 15252 19920
17561 18430 14713
17905 17277 16040
18834 17049 14953
19471 15670 14860
19252 15609 16122
14926 15404 20122
15019 18340 17901
15790 19526 15003
15607 15331 19885
17199 15293 19029
16110 19181 15512
16886 15289 19161
17557 18461 14854
16009 18898 16001
18015 17741 15313
17978 17269 15924
14531 14608 20347
14644 19653 15825
14937 17963 18511
16330 15951 19249
16158 18898 15824
16629 15163 19458
15922 19211 15576
14847 19566 15591
15541 15312 19912
16838 18936 15095
17843 16307 17702
18370 17494 15069
19346 16002 14998
14503 14660 20335
16385 15262 19625
16856 18336 16097
15618 19129 15986
16147 18976 15579
17064 18447 15628
17645 17770 15728
14784 19128 16866
19150 15801 15952
19317 15659 15464
19488 15314 15521
15452 16584 19156
14921 19191 16690
15515 16691 19119
16329 15335 19548
16209 17811 17517
14902 19258 16572
16199 17222 18065
16068 17957 17562
17488 15979 18297
18092 17267 15778
18243 15721 17606
14928 18746 17588
15155 19607 15348
15670 16826 18832
15390 17196 18721
17377 15884 18542
17193 15328 19009
16813 16544 18300
16999 16139 18435
16168 19289 15229
18039 16991 16333
18361 17510 15045
18673 15582 17123
17980 17775 15576
17560 18426 14889
19493 15423 15277
14854 19524 15806
15077 17997 18195
15379 16433 19337
15624 15565 19813
15293 17900 18364
17908 15972 18162
19446 15399 15635
14871 18993 17205
14851 19080 16995
15494 19541 15296
15222 15285 20077
16094 19423 15111
17791 16455 17648
18710 16306 16149
19070 15569 16483
14881 18214 18355
15591 19645 15099
15482 16344 19345
15196 17269 18978
15864 18824 16208
17159 15332 19093
16985 15383 19139
17447 16756 17227
16254 17819 17266
17353 18032 15898
18049 16584 16836
14882 19192 16604
16780 15590 19072
14902 17303 19092
15702 17829 17900
15750 16797 18958
17347 16273 18072
16711 17205 17455
15935 19426 15040
17977 16810 16454
18221 17249 15566
19286 16017 15007
17016 15940 18683
14754 19035 17078
15485 15264 19954
15912 17673 17828
19549 15312 15326
15392 19181 16067
15383 19499 15334
16202 16994 18261
17762 16430 17683
17608 15261 18690
15152 17477 18742
14874 18988 17104
15111 17392 18900
16387 17523 17473
16648 17003 17909
15924 15234 19851
17458 15538 18745
16319 18916 15584
17678 18326 14845
18384 17032 15461
15826 16543 18948
15409 15336 19881
15552 19002 16228
18069 15599 18153
15088 18147 18174
18328 17042 15712
16487 18684 15805
14666 18373 17985
15685 15181 19969
14537 19862 15158
15027 18310 18303
17169 18035 15950
17506 16712 17475
17104 17660 16464
18408 16477 16613
19633 15065 14916
15675 16811 18971
16120 15464 19645
16523 15919 19135
16452 18049 17080
18096 16643 16621
17459 16756 17162
16790 17877 16857
15881 19299 15395
16892 17074 17695
17086 18691 15150
16934 18309 15997
17551 16650 17209
16862 15900 18743
14716 19636 15794
15921 18551 16606
15971 17157 18267
16172 19404 15107
16393 19258 14997
16409 15330 19557
19255 15524 16042
19237 15995 15075
19626 15154 14969
19008 16615 15237
19376 15684 15314
14862 18688 17663
14802 14691 20287
15126 17935 18379
16362 19315 15109
18009 15687 18171
17521 16281 17848
18443 17335 15187
18463 16224 16607
14877 15439 20093
15099 19737 14966
15398 19670 14611
15356 19652 14626
17202 16381 18138
17136 17025 17508
17976 17825 15636
18271 17601 15048
19052 15563 16523
14646 18342 18006
15043 17429 18887
15479 16589 19138
16204 17601 17522
15456 17072 18833
16432 16957 17982
16038 19213 15423
18351 17425 15119
18702 16025 16605
17187 17598 16685
16269 18346 16664
18151 16275 17154
18674 16495 15932
19169 16144 15319
14797 18916 17466
15067 18184 18280
15076 19388 15944
14935 18946 17181
16384 15997 18992
16587 17164 17848
16669 19048 15147
16713 16880 17777
18900 16223 15790
15236 18111 17916
16284 16009 18989
17781 15795 18326
16461 19258 14973
16220 19384 15146
16559 15351 19524
18244 17775 14892
19246 16194 14919
15077 17364 18919
15656 17905 17826
15069 17661 18628
16548 18370 16306
17537 16271 17996
17524 17736 15952
18805 16606 15472
18030 18131 14816
19212 16058 15017
19450 15588 15264
19205 15719 15734
17259 17937 16048
16448 18727 15975
17309 15911 18574
15790 19478 15104
19047 15981 15679
15933 18369 17141
16443 16004 18959
14933 19744 15071
17200 15290 19116
17542 17152 16987
17959 15671 18219
16953 17049 17380
18239 15657 17687
18750 17112 14971
19476 15454 15207
14820 15638 20058
14678 18320 18108
14769 19124 16883
16446 15690 19191
18288 17153 15751
18535 16120 17083
14957 17913 18628
19080 15688 16343
15434 16567 19266
15100 19123 16329
15215 18942 16667
16756 15106 19350
16328 15741 19296
17796 16254 17714
14801 19009 17037
18007 17378 15335
18449 15404 17609
18931 16204 15792
19202 16341 14898
15387 16967 18948
16974 16290 18437
14591 18653 17696
17063 18767 15111
17013 15286 19141
16408 17090 18173
16342 15772 19148
17000 18767 15140
18281 17707 14835
18782 15447 17152
18743 15375 17188
14943 17511 18904
14766 19038 17049
15038 17452 18962
14986 17457 18948
15024 19782 14769
15260 17038 19184
16157 17788 17811
16157 18411 16813
15708 16387 19307
15383 17159 18964
16157 18827 15852
18854 16752 15440
17473 15328 18848
18868 15442 16988
14877 17565 18867
14976 18348 17978
14557 19477 16101
15784 16730 18971
15409 18762 17011
15959 15608 19644
15792 19504 14930
17255 15531 18895
18145 16215 17404
19060 15774 16471
16191 15170 19786
19211 16041 15117
15069 18513 17843
16463 18952 15509
16713 18927 15218
17504 15725 18656
18093 17106 15972
17549 18321 15325
18563 15622 17440
17625 18371 15065
18671 15680 17264
19168 15383 16354
14777 19015 17217
18414 16380 16396
15962 16017 19322
15181 19127 16304
15697 19217 15826
17832 15873 18174
16803 16000 18700
17785 18100 15252
18361 16223 16830
19202 15761 15511
19134 15506 16421
14901 19799 14832
15961 15789 19487
15778 19481 15145
15378 19302 15592
18909 16899 14995
17241 16594 18035
14841 18966 17281
14550 19232 16792
16347 17525 17441
17217 17831 16359
15895 15312 19810
16961 15466 19154
16642 17172 17621
17096 17085 17193
18209 17639 15134
17769 16303 17761
18305 17618 14957
15025 18766 17347
19057 15489 16632
19390 15666 15239
15257 16603 19347
14884 15230 20159
15935 19371 15201
15616 15786 19655
17326 17935 15950
16704 19079 15079
17490 15441 18710
17389 16834 17369
18338 16573 16521
17186 17665 16404
19330 15845 15145
18725 17090 15021
19023 15637 16695
15028 17944 18408
15875 15482 19692
16787 15170 19345
16379 16638 18583
16786 16470 18522
16946 18932 15132
17720 18313 14992
15114 19270 15986
15585 18227 17348
16159 16198 19059
16069 16213 19217
16188 16418 18952
16995 16254 18423
17592 15717 18597
16758 15513 19347
19149 15494 16472
18760 16801 15459
16229 15177 19752
17591 18160 15278
15939 17617 18240
17340 15399 18880
18724 16115 16295
16774 19017 14996
18347 16218 17082
19180 16268 14958
18336 17517 14986
19422 15701 15206
19153 16146 15347
15393 15897 19624
14912 19815 14777
15723 19566 14936
16940 15241 19218
16578 16777 18272
16936 17919 16426
16139 18168 17513
15455 16886 19073
17689 15622 18507
18436 16657 16088
14979 15692 20040
14793 19009 17218
15045 18633 17707
14677 19413 16394
15847 17230 18247
16235 18222 17157
16543 16712 18407
17724 18135 15182
19253 16036 15014
14725 15444 20114
16598 16993 17959
14813 19164 16837
15707 18194 17502
18850 15992 16443
18359 17515 14953
15115 16803 19393
16914 18663 15422
15881 18126 17655
16853 17796 16977
19022 16304 15523
15153 18357 17834
14845 18959 17290
14905 19790 15077
15392 15683 19889
14905 19774 15084
16501 19158 15119
15264 16050 19734
17304 17494 16755
16039 19080 15745
18403 15631 17493
18111 17088 15981
17862 17828 15435
18514 17021 16007
18649 16751 15710
19185 15860 15502
14726 19427 16327
15016 19141 16478
15421 19080 16213
17047 18837 15067
16516 15361 19504
14990 19247 16414
16534 15912 18939
18498 15541 17511
18285 17699 14917
14789 19294 16583
15961 15210 19782
16001 16428 18997
14978 17459 18889
15875 19426 15180
16295 18678 16122
16540 16122 18708
17190 18066 15768
17805 17645 15785
17224 17021 17430
17603 17281 16667
18462 17399 15058
18846 16389 15585
19175 16238 15163
16189 15459 19641
14512 19901 15034
17608 17431 16036
15908 19454 15015
18225 17779 14823
18843 15474 16958
19219 16192 14920
14890 18909 17256
14852 15420 20158
14937 17562 18837
15194 19388 15641
15457 17327 18562
14969 19355 16091
16108 15295 19748
15720 15405 19852
17122 15605 19021
17533 15796 18450
16736 15334 19355
16742 16843 17965
16111 18171 17292
18718 17114 14761
18923 15780 16684
14978 18788 17528
14998 18126 18383
14599 19548 16066
14864 15833 19948
15817 16465 19078
17513 15856 18620
17109 16507 18144
18361 15700 17470
17144 17861 16104
16235 19273 15199
18890 15433 16889
18992 16343 15411
18226 16418 16954
15962 15236 19771
14499 19675 15728
14982 18752 17473
16702 17406 17395
15288 19682 14533
15528 18238 17411
15293 19226 15876
18403 15935 17407
17599 17547 16578
15036 18724 17531
14426 19833 15489
15993 19024 15843
17341 16298 18200
16912 17426 17326
16142 16730 18531
17105 16248 18296
17853 17840 15568
18204 17840 14910
16646 19008 15186
18556 15728 17437
17598 18250 15208
16616 15796 18899
15516 19159 15898
17023 18538 15420
16688 15381 19397
17947 15819 17972
18119 15788 17795
17022 18678 15294
18367 17115 15348
19310 16054 14880
17390 17874 16099
15925 17624 17889
15305 19655 14713
17804 16202 17730
17514 15362 18706
17921 16785 16871
18193 17916 14877
19217 16243 14903
15710 16992 18820
14760 19856 14876
15535 15269 19918
18102 17683 15284
17381 16640 17700
18395 15750 17410
17457 15879 18563
17969 18101 14948
19425 15755 15134
15050 17428 18932
14845 18880 17330
14822 17432 19043
15375 18612 17600
16974 17802 16548
16012 16392 19008
16571 18551 15933
16972 18791 15147
17992 17937 15108
14984 16179 19828
14594 14911 20303
15494 15419 19828
16463 18974 15397
18580 15955 17099
15434 19049 16310
15468 17127 18830
16050 19371 15153
17516 18526 15062
14597 18508 17901
14862 18094 18398
18607 15682 17414
15302 18978 16659
14848 19782 15080
16447 15443 19533
17770 15925 18194
15381 18341 17642
17044 17733 16597
18768 15572 17095
14780 15180 20237
15113 15659 19965
14839 18807 17567
15251 17504 18715
15154 18535 17764
15079 19745 14935
15343 17694 18403
18465 15597 17489
19127 16562 15185
14574 18932 17374
16609 16435 18627
14799 17916 18689
15821 17852 17708
18780 16489 15772
16633 17449 17283
18674 15848 16769
18451 16528 16271
17681 18194 15154
19233 15939 15146
18952 15637 16777
15764 18028 17659
16872 18740 15411
14691 19795 15178
17006 17719 16774
17798 17197 16145
18198 17808 14911
18164 16794 16430
16830 18486 15826
18066 15848 17823
19186 16244 14981
15418 18519 17479
15928 15208 19813
15395 14743 20123
15355 16902 19110
16876 18415 16040
18629 15515 17393
17553 18408 15165
19622 15301 15028
17013 15243 19164
14686 19644 15798
14785 17208 19161
15284 16854 19135
17074 17676 16484
18301 17542 15129
14825 18725 17592
15613 18538 17006
16422 15623 19329
16340 16565 18766
17356 15383 18979
16672 15436 19362
18344 17416 15147
18748 16619 15726
19223 16219 14806
15228 17844 18540
15323 18646 17089
16623 16973 17976
17250 15229 19016
18719 16166 16379
16345 16949 18177
15085 18218 18150
15257 19728 15050
15877 18173 17435
15359 18002 17975
15683 19115 15859
18221 17712 15010
17309 17368 16897
17579 18415 14836
17811 16326 17590
18681 16551 15738
18275 16783 16237
19418 15399 15851
18993 15694 16735
19134 15986 15461
16760 16615 18160
15943 18911 15924
16157 17262 18198
15704 18719 16501
17676 17012 16779
17511 18470 15498
18575 17555 14852
15151 18410 17880
16698 18090 16628
14616 18390 17977
15938 15693 19685
17224 18372 15527
17217 18018 16049
17589 18329 15120
18927 16791 14828
18498 17562 14796
19282 15958 15085
16777 17880 16818
14781 19646 15665
18117 17809 15150
16446 19255 15203
18028 15678 18096
18978 16660 15107
17849 16492 17153
18443 17053 15326
17337 16193 18332
17664 16992 16856
17316 18644 15272
18420 16318 16628
18566 17292 15058
14795 18998 17136
15636 16628 18994
15420 15289 20017
15475 17432 18546
17221 17517 16833
14607 18498 17897
14847 17017 19308
14933 16645 19666
16039 18507 16856
16010 19244 15565
16755 16849 17823
15538 18207 17682
17234 18692 15098
18338 17364 15552
18410 16649 16109
15039 15852 19916
15707 15814 19501
16655 16495 18461
17626 15488 18573
16064 18183 17363
15290 17986 18171
17715 18142 15268
17962 18254 14939
18471 16573 16167
19150 15449 16331
17482 15488 18761
19081 15501 16450
18792 17070 15217
14925 15425 20092
19274 15712 15769
17179 15335 19073
16638 19019 15224
18219 16192 17379
17808 18260 14920
19357 15984 15006
18870 16463 15343
17957 18137 15030
15467 18632 17041
15439 16989 18845
16179 15418 19717
16895 16286 18577
16536 19214 15023
17295 18537 15400
18095 18062 14807
18444 17481 15038
18893 16965 15123
18162 17712 15253
15042 16793 19527
14994 17301 19082
14945 16585 19719
15332 17393 18792
15455 15288 19958
16754 16772 18241
17856 18066 15160
16698 17697 17116
18044 16667 16888
18259 16729 16489
17541 18362 15226
18594 16609 15913
19485 15388 15339
15163 18287 18147
14578 19393 16453
16707 19050 15104
17592 15357 18602
18700 15687 17044
18880 15731 16904
18339 17656 14911
19152 16583 15091
19493 15358 15401
17665 17340 16102
14837 18008 18472
14994 18476 17920
14925 18341 18089
15453 19592 15199
15442 19240 15739
16497 18962 15464
15641 19279 15593
18098 17377 15557
14478 14670 20339
18725 15962 16687
15657 19308 15462
15861 15797 19455
15937 15370 19798
16890 16413 18402
15585 19494 15215
16947 16912 17717
16707 16341 18541
17723 15490 18516
17584 15849 18296
18025 16688 17042
18912 16428 15430
17942 17472 15690
15210 18193 18082
15258 18817 16946
15195 16636 19522
17288 16603 17751
18036 15752 18016
18003 17969 14963
17887 18182 15050
17326 15482 18872
14609 19538 16090
15014 18228 18319
15080 18541 17837
15945 18262 17073
16596 18890 15413
16384 18903 15558
16749 16839 17990
17832 18317 14876
15043 17991 18294
15243 16373 19774
14851 19230 16731
14569 19243 16673
15098 18311 18039
14586 19387 16428
14952 18075 18390
16098 18193 17348
16385 19284 15117
15395 16268 19405
17682 16537 17798
16182 18240 17142
18944 16782 14923
19475 15612 15257
15320 19645 15115
14740 15134 20249
15274 17359 18976
15182 17949 18235
17026 17202 17199
17460 17318 16977
17147 18667 15181
18241 17619 15078
17554 18260 15286
17491 15359 18844
17659 17016 16797
19406 15411 15788
14870 15649 20042
15220 16749 19480
14909 18874 17312
18550 17233 15123
15296 17254 18854
15265 15048 20079
14862 19747 15184
16589 19149 15184
17328 16970 17643
18364 16658 16180
17757 18291 14916
18771 15954 16480
17413 18588 15109
18259 17736 14971
18051 18082 14829
18323 15647 17791
19520 15436 15143
19308 15647 15988
19501 15329 15430
17104 15356 19080
17148 18425 15565
17108 18815 14961
17181 17287 17097
16760 15233 19304
17289 17452 16789
18726 16170 16241
19497 15283 15618
15141 16491 19652
14907 15832 20031
14946 17914 18693
15047 16785 19457
17178 17602 16804
16722 15313 19364
16888 18605 15462
17311 18720 14923
17973 15793 18104
14798 19031 17103
15262 16579 19528
15028 17321 19081
14832 19492 16018
15219 16390 19759
15673 17007 18801
16249 17419 17879
16932 17655 17121
15898 18590 16688
16011 18677 16492
16235 18029 17457
18970 16681 15083
17443 18648 14965
18445 17496 14944
18734 15970 16677
19075 15471 16495
18772 16893 15262
15187 17934 18223
19430 15372 15810
15974 15029 19810
15497 18163 17884
14990 18053 18469
15375 18515 17685
16540 15923 18881
16121 17139 18656
16964 15744 19014
17042 18891 14813
15326 16997 19056
16132 18305 16972
17081 18672 15163
17980 18058 15018
16671 18976 15361
18749 16664 15617
19613 15149 15153
16572 15737 19096
15046 15753 19999
15086 17556 18750
14700 19174 16885
15768 15430 19789
17677 15577 18534
17431 16581 17611
15686 18961 16102
16384 17111 18019
16148 18618 16197
17006 17461 17183
16953 18497 15749
16842 15475 19279
17441 16155 18185
19154 16362 14961
19197 16085 15046
14536 14650 20328
15258 18188 17855
15365 17189 18931
17220 16312 18283
15758 17371 18409
16192 16143 19279
16305 17287 17673
17085 17339 17131
18320 16002 17193
18539 17160 15243
18515 17566 14758
15010 17826 18709
15062 17742 18665
15444 19667 14582
18487 15825 17237
16246 15328 19683
15871 19529 14800
15415 16960 19067
15662 19074 16045
15394 18635 17207
16208 18810 15917
16965 15271 19189
17721 15472 18521
18174 17864 14912
17577 15764 18629
18039 17028 16014
16872 15323 19175
14843 15356 20236
15291 16477 19571
15469 19074 16197
15225 18272 18008
16456 18579 16124
16928 15103 19256
17678 17296 16455
17329 17426 16801
18217 17745 15018
18585 17199 15236
19550 15148 15318
14750 17585 18842
15313 16342 19503
14965 17868 18576
15662 15209 19892
15745 17652 17963
15638 16942 18905
16930 17861 16753
18312 16620 16377
17667 17055 16688
17876 16852 16823
18432 17148 15325
17440 18527 15019
18260 17730 14729
19556 15556 15116
19227 15519 16309
19261 16021 15058
14831 18911 17339
14665 19340 16498
14625 19364 16416
14971 17431 19047
15065 16708 19517
16791 18326 16215
17623 15304 18654
16446 17966 17238
16642 18092 17011
16934 18274 16078
18054 16307 17515
16957 17263 17255
18350 16313 16805
17616 18410 15109
18835 15660 16914
18614 16658 15885
15024 16169 19798
14592 19237 16673
16733 15860 18878
15646 16314 19315
15865 19534 14835
16436 16434 18826
15649 18635 16990
17361 17883 15918
17486 18196 15671
17598 15316 18694
17641 17786 15812
18005 15633 18188
17029 17712 16640
15231 16791 19351
14974 17864 18758
15352 16796 19298
16962 17588 17050
15408 19198 15957
17462 15474 18777
16846 15611 19051
17511 15882 18306
17696 17663 15877
18088 15842 17726
16325 19261 15268
18243 15301 17985
18305 15845 17488
17447 18475 15073
19353 15979 15031
19635 15058 14974
14838 18871 17448
14955 18420 17972
15936 18100 17627
15617 15736 19727
14776 19443 16204
15990 18343 16941
16684 18767 15482
16579 17456 17432
18190 17892 14907
19397 15840 15228
19423 15461 15735
15065 16021 19904
18202 16602 16665
16535 19094 15246
16082 16971 18706
17004 16501 18179
15322 17229 18813
17489 15287 18898
16905 17606 17200
18090 18034 14877
19076 16090 15452
19580 15317 14997
15065 16753 19464
15043 17605 18801
15128 19733 14949
17903 15551 18423
15013 17421 19041
14926 17974 18586
16196 18901 15699
16650 17836 16895
17056 17493 16912
17241 15208 19037
17928 15719 18405
19448 15387 15679
14748 19112 17238
15068 16657 19546
15103 16380 19788
15155 19348 15761
15111 17852 18616
15191 16090 19842
17368 16144 18424
18816 17088 14860
18823 16375 15650
19442 15791 15128
15640 16222 19328
15370 18046 17898
14589 19662 16056
14923 19782 14775
17553 15870 18430
15830 18508 17337
15797 17149 18484
15769 16481 19262
17338 18541 15210
17629 17019 16918
18237 15490 17911
18559 17318 14972
17438 18514 15157
19590 15179 15067
14461 19734 15778
15222 16793 19440
14953 19371 15987
14902 15096 20251
15578 15773 19788
15269 18903 16755
15197 15475 19972
17444 16442 18006
17207 17373 17032
18330 17065 15611
17254 18651 15164
17286 18679 15024
17324 15442 18973
18099 17939 15107
18186 17754 14937
17780 16359 17681
14795 18734 17590
14889 18969 17161
16107 15656 19475
15296 14736 20150
15256 17092 19043
15802 16108 19385
15918 18202 17370
15163 16642 19535
16090 16213 19074
16075 15950 19397
16348 15322 19569
16653 16923 18131
17123 15399 19025
16593 18760 15508
17745 18243 14979
16298 17517 17670
18268 17708 14831
18305 17624 14923
17830 15746 18309
15129 15569 20091
14810 19277 16536
15534 15836 19766
14784 19841 14983
16846 18270 16415
16664 17301 17484
16415 18257 16472
15208 19092 16416
16261 17751 17291
17744 18075 15423
17774 16940 16700
16266 18248 16792
14748 19210 16861
14847 18330 18107
15060 16720 19598
15207 16887 19389
15053 16877 19423
15639 15827 19571
15109 18496 17771
15685 15717 19719
15299 17185 18976
18020 16045 17786
16406 18152 17184
16330 18825 15623
18285 15269 17948
17812 17440 15908
16737 19022 14997
16791 18950 15205
19571 15193 15050
15532 16656 19053
16962 18889 15369
15344 18123 17899
16462 16841 18135
16999 17542 16922
16666 15589 19428
17783 17694 15738
17831 16412 17167
18142 17929 14805
18745 15456 17125
18599 17360 14872
19192 15624 16213
15054 15834 19947
14981 17713 18814
15064 16968 19316
15540 18751 16892
16015 15732 19553
15617 17846 17856
15740 15936 19491
16991 16732 18132
17401 18634 15141
17785 15602 18506
18021 18201 14929
18022 18121 14861
19108 15711 16135
18862 16468 15407
19366 15271 16013
15991 18787 16241
15410 18571 17126
16691 16944 17923
15618 19498 15182
14843 19721 15344
17883 15694 18459
17746 16864 16707
18704 15508 17314
19165 16352 14862
15108 16524 19536
15544 19380 15399
14838 19561 15722
17026 17282 17195
16713 18391 16071
17417 17563 16412
16543 15295 19575
17008 18807 15096
15123 17049 19130
19626 15039 15021
16268 16503 18943
15015 17679 18803
15028 18358 17891
14756 19179 16817
15120 17205 19270
14995 19778 15007
15744 15188 19892
17150 15360 19032
16144 15625 19394
16516 17684 17301
16360 17717 17282
16059 16346 19139
18278 15377 17837
16736 17964 16818
14789 18433 17927
15414 16494 19276
15215 15944 19812
15758 17361 18560
15423 17192 18712
17190 18725 15147
16470 17284 17604
16359 15176 19656
16969 18716 15357
16888 15262 19207
17758 18247 14952
15291 18737 17069
18097 15641 18083
17404 16460 18051
15517 17695 18050
18218 15704 17987
19010 16323 15480
18285 17620 14986
19339 15500 16096
15201 16033 19858
15105 16036 19886
17934 15685 18338
14466 17668 18838
17225 15808 18822
14813 19397 16381
16126 18502 16719
16359 19261 15167
16117 19207 15379
17320 15651 18799
16147 16801 18489
17293 18697 15019
16319 16938 18481
17697 18397 14801
18404 15618 17721
17513 18551 15016
18433 15612 17539
18685 16487 15931
17932 17333 15983
19014 15886 16338
18165 17852 14922
19451 15245 15769
16069 18783 15983
19595 15196 15033
14717 14992 20291
17077 18817 15012
17180 18121 15869
14987 16800 19424
14810 18663 17689
15290 18698 17545
17344 18485 15454
14928 15169 20161
16819 16543 18425
16189 16516 18807
17148 18213 16079
18285 15655 17770
18196 16927 16106
18434 15555 17664
19583 15189 15096
15333 17641 18678
15162 17262 19089
15149 17237 19128
15184 19316 15701
16339 17286 17811
15056 17560 18694
15146 18794 17046
15104 19615 15248
15562 16730 19031
16412 16884 18433
16122 19184 15316
17016 18087 16098
18146 15744 18029
17203 18701 15047
17885 17480 15708
18827 15869 16565
18421 17704 14878
18507 17309 15127
15155 16933 19355
14653 19212 16742
16277 17536 17414
14962 19554 15768
15302 16513 19419
15082 16701 19496
16188 16683 18853
15453 18841 16740
15482 15849 19758
17770 18127 15095
16133 18231 17152
16028 18018 17658
17571 15296 18783
18220 15598 17835
